Ticker,Date,Open,High,Low,Close,Adj Close,Volume,is_gap,log_return,Volatility,Volatility_Norm,AdaptiveWindow,AdaptivePatch,dynamic_patch_len
WMT,1972-08-25,0.0634770020842552,0.0646969974040985,0.0634770020842552,0.0644529983401298,0.0356014445424079,2508800,False,,,,50,48,16
WMT,1972-08-28,0.0644529983401298,0.0649409964680671,0.0642089992761612,0.0642089992761612,0.0354666486382484,972800,True,-0.0037934341494476943,,,50,48,16
WMT,1972-08-29,0.0639650002121925,0.0639650002121925,0.0634770020842552,0.0634770020842552,0.0350623503327369,1945600,False,-0.011464865230480478,,,50,48,16
WMT,1972-08-30,0.0634770020842552,0.0634770020842552,0.0629879981279373,0.0634770020842552,0.0350623503327369,409600,False,0.0,,,50,48,16
WMT,1972-08-31,0.0629879981279373,0.0629879981279373,0.0625,0.0625,0.0345226600766181,870400,False,-0.015511992444218936,,,50,48,16
WMT,1972-09-01,0.0627439990639686,0.0629879981279373,0.0627439990639686,0.0629879981279373,0.0347922220826149,256000,False,0.007777936182150636,0.009236094881615012,0.09234510245458515,46,48,16
WMT,1972-09-05,0.0629879981279373,0.0629879981279373,0.0625,0.0625,0.0345226600766181,563200,True,-0.007777936182150549,0.009320775944759151,0.0931917677987854,46,48,16
WMT,1972-09-06,0.0629879981279373,0.0629879981279373,0.0629879981279373,0.0629879981279373,0.0347922220826149,256000,False,0.007777936182150636,0.010126051279958055,0.10124313954044188,45,48,16
WMT,1972-09-07,0.0629879981279373,0.0629879981279373,0.0627439990639686,0.0627439990639686,0.0346574708819389,1177600,False,-0.0038805461628808,0.010126569310169297,0.10124831895377022,45,48,16
WMT,1972-09-08,0.0625,0.0625,0.0622560009360313,0.0622560009360313,0.0343878827989101,665600,False,-0.00780905415475523,0.007976036230691331,0.0797466778270994,46,48,16
WMT,1972-09-11,0.0627439990639686,0.0627439990639686,0.0627439990639686,0.0627439990639686,0.0346574708819389,921600,True,0.007809054154755179,0.007984393322426144,0.07983023440619105,46,48,16
WMT,1972-09-12,0.0627439990639686,0.0627439990639686,0.0627439990639686,0.0627439990639686,0.0346574708819389,614400,False,0.0,0.0069727981034731525,0.06971601780987476,47,48,16
WMT,1972-09-13,0.0627439990639686,0.0627439990639686,0.0627439990639686,0.0627439990639686,0.0346574708819389,153600,False,0.0,0.005788125007323141,0.05787131939118181,47,48,16
WMT,1972-09-14,0.0627439990639686,0.0632319971919059,0.0625,0.0632319971919059,0.0349269844591617,1280000,False,0.007746411856587363,0.0065185920816020725,0.06517473687211979,47,48,16
WMT,1972-09-15,0.0629879981279373,0.0629879981279373,0.0627439990639686,0.0627439990639686,0.0346574708819389,512000,False,-0.007746411856587309,0.006496130670200393,0.06495016129513093,47,48,16
WMT,1972-09-18,0.0629879981279373,0.0632319971919059,0.0629879981279373,0.0629879981279373,0.0347922220826149,1075200,True,0.0038805461628807904,0.005745883398607056,0.057448975777919645,47,48,16
WMT,1972-09-19,0.0627439990639686,0.0627439990639686,0.0622560009360313,0.0625,0.0345226600766181,3123200,False,-0.007777936182150549,0.006937773297087988,0.06936582983805907,47,48,16
WMT,1972-09-20,0.0620119981467723,0.0620119981467723,0.0620119981467723,0.0620119981467723,0.0342531204223632,51200,False,-0.00783825446403532,0.00757399970020585,0.07572700229604035,46,48,16
WMT,1972-09-21,0.061523001641035,0.061523001641035,0.0600589998066425,0.0600589998066425,0.0331743471324443,1433600,False,-0.03200076726019592,0.013142991854448198,0.13140736912249784,44,48,16
WMT,1972-09-22,0.0598139986395835,0.0598139986395835,0.0578610002994537,0.0578610002994537,0.0319602712988853,870400,False,-0.03728329095722371,0.0175943713124275,0.1759135264736506,42,40,13
WMT,1972-09-25,0.057617001235485,0.057617001235485,0.0561520010232925,0.0561520010232925,0.0310162883251905,972800,True,-0.029981113223012897,0.014100967105615278,0.14098547803669645,44,48,16
WMT,1972-09-26,0.0561520010232925,0.0561520010232925,0.0556639991700649,0.0559079982340335,0.0308814998716115,716800,False,-0.004355201391155005,0.015072830958457342,0.15070244913898068,43,40,13
WMT,1972-09-27,0.0554200001060962,0.0554200001060962,0.0546879991888999,0.0546879991888999,0.0302076302468776,665600,False,-0.022062745299167994,0.012839814179077251,0.12837611253051515,44,48,16
WMT,1972-09-28,0.0556639991700649,0.0566410012543201,0.0556639991700649,0.0561520010232925,0.0310162883251905,1433600,False,0.026417946690323036,0.025434481208459415,0.2543011741628737,39,40,13
WMT,1972-09-29,0.0566410012543201,0.0568850003182888,0.0566410012543201,0.0568850003182888,0.0314211510121822,256000,False,0.01296876892216053,0.023520270844271732,0.2351623547303874,40,40,13
WMT,1972-10-02,0.0573729984462261,0.0595699995756149,0.0573729984462261,0.0595699995756149,0.0329042635858058,1638400,True,0.04612097638647091,0.026460603955202187,0.26456064111221844,39,40,13
WMT,1972-10-03,0.0600589998066425,0.0605470016598701,0.0600589998066425,0.0605470016598701,0.0334438905119895,512000,False,0.016266882862353338,0.024868767517185662,0.24864500784472285,40,40,13
WMT,1972-10-04,0.0607910007238388,0.0622560009360313,0.0607910007238388,0.0617679990828037,0.0341183394193649,1536000,False,0.01996592809349602,0.013156187596384206,0.13153930390193266,44,48,16
WMT,1972-10-05,0.0614009983837604,0.0614009983837604,0.0600589998066425,0.0600589998066425,0.0331743471324443,1382400,False,-0.028058152084244146,0.02665024895440993,0.26645676573050264,39,40,13
WMT,1972-10-06,0.0598139986395835,0.0598139986395835,0.057617001235485,0.057617001235485,0.0318254828453063,9779200,False,-0.04150958430485308,0.036290505277834666,0.3628427891836804,35,32,10
WMT,1972-10-09,0.0581049993634223,0.05859399959445,0.0581049993634223,0.05859399959445,0.0323651358485221,1280000,True,0.016814473163044852,0.029162033062463268,0.2915702973447887,38,40,13
WMT,1972-10-10,0.05859399959445,0.05859399959445,0.05859399959445,0.05859399959445,0.0323651358485221,0,False,0.0,0.027279426363611352,0.27274746034327346,39,40,13
WMT,1972-10-11,0.05859399959445,0.0588379986584186,0.0581049993634223,0.0588379986584186,0.0324999243021011,460800,False,0.004155970788356996,0.024176252408271093,0.24172104490326787,40,40,13
WMT,1972-10-12,0.05859399959445,0.05859399959445,0.0583500005304813,0.0583500005304813,0.0322303846478462,358400,False,-0.008328129944510102,0.021941616164196247,0.21937851642636927,41,40,13
WMT,1972-10-13,0.0583500005304813,0.0583500005304813,0.0583500005304813,0.0583500005304813,0.0322303846478462,51200,False,0.0,0.009184099420020846,0.09182523704722079,46,48,16
WMT,1972-10-16,0.0581049993634223,0.0581049993634223,0.0568850003182888,0.0568850003182888,0.0314211510121822,665600,True,-0.02542836496011467,0.011810941754571907,0.11808915352116489,45,48,16
WMT,1972-10-17,0.0568850003182888,0.0581049993634223,0.0563960000872612,0.0578610002994537,0.0319602712988853,2457600,False,0.01701234430085241,0.01573975055797272,0.1573705009006414,43,40,13
WMT,1972-10-18,0.0583500005304813,0.0625,0.0583500005304813,0.0620119981467723,0.0342531204223632,7782400,False,0.06928405821741963,0.03624076329284765,0.3623454546760993,35,32,10
WMT,1972-10-19,0.0620119981467723,0.0625,0.0620119981467723,0.0622560009360313,0.0343878827989101,10598400,False,0.003926590328549856,0.03504301527138902,0.3503700294369604,35,32,10
WMT,1972-10-20,0.0617679990828037,0.0617679990828037,0.0617679990828037,0.0617679990828037,0.0341183394193649,51200,False,-0.0078692055045015,0.03593585984233631,0.3592969432936239,35,32,10
WMT,1972-10-23,0.0617679990828037,0.0617679990828037,0.061523001641035,0.061523001641035,0.0339830219745636,460800,True,-0.003974006396273711,0.03144104722800057,0.3143565288971429,37,40,13
WMT,1972-10-24,0.0617679990828037,0.0617679990828037,0.0617679990828037,0.0617679990828037,0.0341183394193649,102400,False,0.003974006396273648,0.03184064952180664,0.318351866237826,37,40,13
WMT,1972-10-25,0.0612789988517761,0.0612789988517761,0.0605470016598701,0.0605470016598701,0.0334438905119895,1228800,False,-0.019965928093495972,0.009915172173704637,0.09913471028304364,46,48,16
WMT,1972-10-26,0.0610349997878074,0.0610349997878074,0.0610349997878074,0.0610349997878074,0.0337134599685668,51200,False,0.008028038701528302,0.010933130125079286,0.10931254328704092,45,48,16
WMT,1972-10-27,0.0612789988517761,0.0612789988517761,0.0612789988517761,0.0612789988517761,0.0338482372462749,204800,False,0.003989759347327953,0.011157472486090045,0.11155558199311574,45,48,16
WMT,1972-10-30,0.0612789988517761,0.061523001641035,0.0607910007238388,0.0610349997878074,0.0337134599685668,1331200,True,-0.003989759347328073,0.011158316289777691,0.1115640185822788,45,48,16
WMT,1972-10-31,0.0612789988517761,0.0629879981279373,0.0612789988517761,0.0629879981279373,0.0347922220826149,716800,False,0.03149669521410523,0.01877802227139279,0.18774800527417637,42,40,13
WMT,1972-11-01,0.0637210011482238,0.0659179985523223,0.0637210011482238,0.0659179985523223,0.0364106409251689,2252800,False,0.04546720660404055,0.020681322853103524,0.2067777455997994,41,40,13
WMT,1972-11-02,0.0664059966802597,0.0671389997005462,0.0664059966802597,0.0664059966802597,0.0366801880300045,716800,False,0.007375708571341312,0.020753988447303313,0.20750427686948786,41,40,13
WMT,1972-11-03,0.066161997616291,0.066161997616291,0.0659179985523223,0.066161997616291,0.0365454256534576,1433600,False,-0.003680748358767239,0.022178512064546685,0.22174706898774216,41,40,13
WMT,1972-11-06,0.066161997616291,0.066161997616291,0.066161997616291,0.066161997616291,0.0365454256534576,153600,True,0.0,0.021366371161105797,0.2136270533429165,41,40,13
WMT,1972-11-08,0.0664059966802597,0.0671389997005462,0.0664059966802597,0.0668950006365776,0.0369503125548362,716800,True,0.011018080974023455,0.019572183867073014,0.19568825868848125,42,40,13
WMT,1972-11-09,0.0668950006365776,0.0668950006365776,0.0664059966802597,0.0668950006365776,0.0369503125548362,819200,False,0.0,0.006042606589220415,0.06041569859628147,47,48,16
WMT,1972-11-10,0.0668950006365776,0.0668950006365776,0.0668950006365776,0.0668950006365776,0.0369503125548362,0,False,0.0,0.005571775454227419,0.055708195051002364,47,48,16
WMT,1972-11-13,0.0666500031948089,0.0666500031948089,0.066161997616291,0.0666500031948089,0.0368150062859058,409600,True,-0.003668564653603575,0.005568963030470379,0.05568007563870545,47,48,16
WMT,1972-11-14,0.0664059966802597,0.0664059966802597,0.0659179985523223,0.0659179985523223,0.0364106409251689,153600,False,-0.01104447653299388,0.007970357436482355,0.0796898996281129,46,48,16
WMT,1972-11-15,0.0659179985523223,0.066161997616291,0.065430000424385,0.0656739994883537,0.0362758748233318,563200,False,-0.0037081501258664344,0.004508911952661241,0.04508138358951103,48,48,16
WMT,1972-11-16,0.0656739994883537,0.0659179985523223,0.065430000424385,0.0659179985523223,0.0364106409251689,614400,False,0.0037081501258663025,0.005469114805563684,0.054681764699168536,47,48,16
WMT,1972-11-17,0.0659179985523223,0.0664059966802597,0.0656739994883537,0.0656739994883537,0.0362758748233318,1382400,False,-0.0037081501258664344,0.005215886854105689,0.05214991964760879,47,48,16
WMT,1972-11-20,0.0656739994883537,0.0659179985523223,0.065430000424385,0.065430000424385,0.0361410975456237,153600,True,-0.0037222609262239875,0.005215901794089233,0.052150069021811706,47,48,16
WMT,1972-11-21,0.065430000424385,0.0668950006365776,0.0649409964680671,0.0668950006365776,0.0369503125548362,563200,False,0.022143452238687855,0.011204286225883948,0.11202363907275396,45,48,16
WMT,1972-11-22,0.0668950006365776,0.0676269978284835,0.0668950006365776,0.0668950006365776,0.0369503125548362,460800,False,0.0,0.010768244985695112,0.10766397478651814,45,48,16
WMT,1972-11-24,0.0668950006365776,0.0671389997005462,0.0666500031948089,0.0666500031948089,0.0368150062859058,358400,True,-0.003668564653603575,0.01125833419123369,0.11256402599619482,45,48,16
WMT,1972-11-27,0.0666500031948089,0.0683590024709701,0.0664059966802597,0.0683590024709701,0.0377589650452137,6246400,True,0.025317390577715697,0.014469753621471255,0.14467271046848745,44,48,16
WMT,1972-11-28,0.0678709968924522,0.0678709968924522,0.0664059966802597,0.0664059966802597,0.0366801880300045,3481600,False,-0.028986158539368256,0.022029039133255702,0.2202525961254366,41,40,13
WMT,1972-11-29,0.0659179985523223,0.0659179985523223,0.0634770020842552,0.0634770020842552,0.0350623503327369,3584000,False,-0.04510885891331357,0.027291548922892837,0.2728686651374218,39,40,13
WMT,1972-11-30,0.0629879981279373,0.0629879981279373,0.0627439990639686,0.0629879981279373,0.0347922220826149,204800,False,-0.007734056262068392,0.0267624660347716,0.26757874400335263,39,40,13
WMT,1972-12-01,0.0632319971919059,0.0639650002121925,0.0632319971919059,0.0639650002121925,0.0353319011628627,1484800,False,0.015392413069248437,0.029472698965198836,0.2946764233628711,38,40,13
WMT,1972-12-04,0.0644529983401298,0.0664059966802597,0.0644529983401298,0.0664059966802597,0.0366801880300045,972800,True,0.03745050210613351,0.03318979201621133,0.3318409764590335,36,32,10
WMT,1972-12-05,0.0673829987645149,0.0673829987645149,0.0673829987645149,0.0673829987645149,0.0372198447585105,1331200,False,0.014605306687440098,0.031243972432972146,0.3123861190679474,37,40,13
WMT,1972-12-06,0.0673829987645149,0.0673829987645149,0.0671389997005462,0.0673829987645149,0.0372198447585105,409600,False,0.0,0.017316471805163252,0.17313500819299946,43,40,13
WMT,1972-12-07,0.0673829987645149,0.0673829987645149,0.0668950006365776,0.0668950006365776,0.0369503125548362,665600,False,-0.007267974072183871,0.01718482232826017,0.17181873929488461,43,40,13
WMT,1972-12-08,0.0668950006365776,0.0668950006365776,0.0659179985523223,0.0659179985523223,0.0364106409251689,9779200,False,-0.014713041186597553,0.02064130251629042,0.20637761089453238,41,40,13
WMT,1972-12-11,0.0664059966802597,0.0666500031948089,0.0664059966802597,0.0666500031948089,0.0368150062859058,358400,True,0.011044476532993983,0.012266830292736576,0.1226472567351637,45,48,16
WMT,1972-12-12,0.066161997616291,0.066161997616291,0.0659179985523223,0.0659179985523223,0.0364106409251689,204800,False,-0.01104447653299388,0.010205696270794104,0.10203945280194698,45,48,16
WMT,1972-12-13,0.066161997616291,0.0664059966802597,0.066161997616291,0.0664059966802597,0.0366801880300045,102400,False,0.007375708571341312,0.011456395943867777,0.11454430370812443,45,48,16
WMT,1972-12-14,0.0666500031948089,0.0668950006365776,0.0666500031948089,0.0666500031948089,0.0368150062859058,1638400,False,0.003668767961652543,0.011463024979215712,0.11461058268817247,45,48,16
WMT,1972-12-15,0.0668950006365776,0.0673829987645149,0.0668950006365776,0.0671389997005462,0.0370851010084152,1536000,False,0.00730975732110418,0.008629583290645669,0.08628102713640654,46,48,16
WMT,1972-12-18,0.0671389997005462,0.0671389997005462,0.0666500031948089,0.0668950006365776,0.0369503125548362,1536000,True,-0.003641192667500445,0.00796618729357743,0.07964820535377494,46,48,16
WMT,1972-12-19,0.0668950006365776,0.0671389997005462,0.0666500031948089,0.0671389997005462,0.0370851010084152,153600,False,0.003641192667500548,0.004484263467638112,0.044834941028668356,48,48,16
WMT,1972-12-20,0.0671389997005462,0.0673829987645149,0.0629879981279373,0.0673829987645149,0.0372198447585105,204800,False,0.003626781404683255,0.003996858929338189,0.03996173188529651,48,48,16
WMT,1972-12-21,0.0671389997005462,0.0671389997005462,0.0666500031948089,0.0668950006365776,0.0369503125548362,9062400,False,-0.007267974072183871,0.005984029522924177,0.059830028433950994,47,48,16
WMT,1972-12-22,0.0668950006365776,0.0673829987645149,0.0666500031948089,0.0673829987645149,0.0372198447585105,1228800,False,0.007267974072183912,0.005972568480090383,0.05971543766931628,47,48,16
WMT,1972-12-26,0.0673829987645149,0.0681150034070015,0.0664059966802597,0.0664059966802597,0.0366801880300045,614400,True,-0.014605306687439994,0.009146125068572592,0.09144555868530661,46,48,16
WMT,1972-12-27,0.0664059966802597,0.0668950006365776,0.0659179985523223,0.0668950006365776,0.0369503125548362,768000,False,0.007337332615256232,0.009789027200364953,0.09787347697648982,46,48,16
WMT,1972-12-29,0.0668950006365776,0.0673829987645149,0.0664059966802597,0.0673829987645149,0.0372198447585105,307200,True,0.007267974072183912,0.010315301433827476,0.10313531638277872,45,48,16
WMT,1973-01-02,0.0676269978284835,0.0681150034070015,0.0676269978284835,0.0676269978284835,0.0373546294867992,460800,True,0.0036147723847147536,0.009515488333149589,0.09513855761478042,46,48,16
WMT,1973-01-03,0.0673829987645149,0.0673829987645149,0.0671389997005462,0.0673829987645149,0.0372198447585105,768000,False,-0.0036147723847146894,0.009301989561937953,0.09300393620235735,46,48,16
WMT,1973-01-04,0.0673829987645149,0.0681150034070015,0.0671389997005462,0.0671389997005462,0.0370851010084152,1740800,False,-0.003626781404683391,0.0055190804417031844,0.05518133533455636,47,48,16
WMT,1973-01-05,0.0671389997005462,0.0671389997005462,0.0666500031948089,0.0668950006365776,0.0369503125548362,1587200,False,-0.003641192667500445,0.005132456363666049,0.05131575788484681,47,48,16
WMT,1973-01-08,0.0668950006365776,0.0668950006365776,0.0664059966802597,0.0666500031948089,0.0368150062859058,665600,True,-0.003668564653603575,0.003243523429210391,0.03242966938121218,48,48,16
WMT,1973-01-09,0.0664059966802597,0.0664059966802597,0.0649409964680671,0.065430000424385,0.0361410975456237,3584000,False,-0.01847488758508425,0.006635365186551709,0.06634226757408121,47,48,16
WMT,1973-01-10,0.065430000424385,0.065430000424385,0.0637210011482238,0.0637210011482238,0.0351971238851547,1280000,False,-0.02646628252096113,0.010691025522824025,0.10689191264318601,45,48,16
WMT,1973-01-11,0.0644529983401298,0.065430000424385,0.0644529983401298,0.0651860013604164,0.0360063388943672,1331200,False,0.02273063189718335,0.018780936406568638,0.1877771416261552,42,40,13
WMT,1973-01-12,0.0651860013604164,0.0659179985523223,0.0649409964680671,0.0649409964680671,0.0358709990978241,1945600,False,-0.003765858899877172,0.018777263621860482,0.1877404200804678,42,40,13
WMT,1973-01-15,0.0644529983401298,0.0644529983401298,0.0642089992761612,0.0642089992761612,0.0354666486382484,358400,True,-0.011336364535746414,0.01885943812815982,0.18856202415671786,42,40,13
WMT,1973-01-16,0.0642089992761612,0.065430000424385,0.0639650002121925,0.065430000424385,0.0361410975456237,3481600,False,0.01883787405940131,0.020704504885070047,0.2070095261460685,41,40,13
WMT,1973-01-17,0.065430000424385,0.066161997616291,0.0651860013604164,0.0656739994883537,0.0362758748233318,665600,False,0.0037222609262238635,0.01454155747310621,0.1453906257910187,44,48,16
WMT,1973-01-18,0.0656739994883537,0.0656739994883537,0.0656739994883537,0.0656739994883537,0.0362758748233318,0,False,0.0,0.01118359837758335,0.11181679608387492,45,48,16
WMT,1973-01-19,0.0651860013604164,0.0651860013604164,0.0644529983401298,0.0644529983401298,0.0356014445424079,614400,False,-0.018766700836177704,0.014474492969359647,0.1447200958160755,44,48,16
WMT,1973-01-22,0.0642089992761612,0.0642089992761612,0.0637210011482238,0.0637210011482238,0.0351971238851547,307200,True,-0.011421842611007363,0.0144890454417699,0.14486559557251122,44,48,16
WMT,1973-01-23,0.0637210011482238,0.0639650002121925,0.061523001641035,0.061523001641035,0.0339830219745636,1536000,False,-0.03510332524940051,0.01557708973680633,0.15574417176603525,43,40,13
WMT,1973-01-24,0.0620119981467723,0.0632319971919059,0.0620119981467723,0.0625,0.0345226600766181,1587200,False,0.0157548760362608,0.019185439681061154,0.1918214803650936,42,40,13
WMT,1973-01-26,0.0620119981467723,0.0620119981467723,0.0610349997878074,0.0620119981467723,0.0342531204223632,1126400,True,-0.00783825446403532,0.018480811318196025,0.18477640566683445,42,40,13
WMT,1973-01-29,0.061523001641035,0.061523001641035,0.0598139986395835,0.0598139986395835,0.0330390259623527,972800,True,-0.03608820012062185,0.021556864842147982,0.21553166332346227,41,40,13
WMT,1973-01-30,0.0593260005116462,0.0593260005116462,0.05859399959445,0.0588379986584186,0.0324999243021011,1280000,False,-0.016451707493025394,0.021468862064188774,0.21465178653017514,41,40,13
WMT,1973-01-31,0.05859399959445,0.05859399959445,0.0578610002994537,0.0578610002994537,0.0319602712988853,512000,False,-0.016744150603772347,0.018773953650632953,0.18770732604710783,42,40,13
WMT,1973-02-01,0.0583500005304813,0.0598139986395835,0.0583500005304813,0.0590820014476776,0.0326346941292285,3123200,False,0.020882350003643607,0.020726236640676278,0.20722680641697283,41,40,13
WMT,1973-02-02,0.0590820014476776,0.0598139986395835,0.0588379986584186,0.0590820014476776,0.0326346941292285,2560000,False,0.0,0.021336066395286516,0.21332405767858933,41,40,13
WMT,1973-02-05,0.0590820014476776,0.0590820014476776,0.0590820014476776,0.0590820014476776,0.0326346941292285,102400,True,0.0,0.015465876181456029,0.1546322270215518,43,40,13
WMT,1973-02-06,0.0590820014476776,0.0593260005116462,0.0588379986584186,0.0588379986584186,0.0324999243021011,1177600,False,-0.0041381993998713396,0.013542191619062055,0.1353986818618779,44,48,16
WMT,1973-02-07,0.0590820014476776,0.0595699995756149,0.0590820014476776,0.0595699995756149,0.0329042635858058,3328000,False,0.012364481481846214,0.010447668949142525,0.10445876443307524,45,48,16
WMT,1973-02-08,0.0595699995756149,0.0595699995756149,0.05859399959445,0.05859399959445,0.0323651358485221,870400,False,-0.016520452270203115,0.010358230881499656,0.103564537205477,45,48,16
WMT,1973-02-09,0.05859399959445,0.05859399959445,0.0581049993634223,0.05859399959445,0.0323651358485221,1024000,False,0.0,0.010358230881499656,0.103564537205477,45,48,16
WMT,1973-02-12,0.05859399959445,0.0605470016598701,0.05859399959445,0.0605470016598701,0.0334438905119895,2252800,True,0.03278733513255646,0.01869462997157626,0.1869142253521219,42,40,13
WMT,1973-02-13,0.0605470016598701,0.0607910007238388,0.0603029988706111,0.0605470016598701,0.0334438905119895,819200,False,0.0,0.018281576010969948,0.18278439442245173,42,40,13
WMT,1973-02-14,0.0605470016598701,0.0605470016598701,0.0600589998066425,0.0605470016598701,0.0334438905119895,1024000,False,0.0,0.017993140308844954,0.17990053227013533,42,40,13
WMT,1973-02-15,0.0610349997878074,0.061523001641035,0.0610349997878074,0.061523001641035,0.0339830219745636,972800,False,0.015991921697222213,0.014619060548574554,0.14616552357372944,44,48,16
WMT,1973-02-16,0.0625,0.0634770020842552,0.0625,0.0629879981279373,0.0347922220826149,1331200,False,0.02353281221841138,0.014480479011117252,0.14477994596340388,44,48,16
WMT,1973-02-20,0.0634770020842552,0.0639650002121925,0.0634770020842552,0.0639650002121925,0.0353319011628627,5836800,True,0.015392413069248437,0.010527138547340883,0.10525332406912445,45,48,16
WMT,1973-02-21,0.0639650002121925,0.0639650002121925,0.0637210011482238,0.0637210011482238,0.0351971238851547,1331200,False,-0.003821900038259131,0.01160736036278962,0.11605368888779431,45,48,16
WMT,1973-02-22,0.0637210011482238,0.0637210011482238,0.0620119981467723,0.0620119981467723,0.0342531204223632,13619200,False,-0.02718670367717503,0.020529620546000254,0.20526098280430946,41,40,13
WMT,1973-02-23,0.0620119981467723,0.0625,0.0617679990828037,0.0622560009360313,0.0343878827989101,2150400,False,0.003926590328549856,0.019569166983530978,0.19565809502912587,42,40,13
WMT,1973-02-26,0.0620119981467723,0.0620119981467723,0.0617679990828037,0.0617679990828037,0.0341183394193649,819200,True,-0.0078692055045015,0.015743913797639855,0.15741212615444533,43,40,13
WMT,1973-02-27,0.0617679990828037,0.0617679990828037,0.0612789988517761,0.0612789988517761,0.0338482372462749,1433600,False,-0.007948130044639595,0.011469178555947595,0.11467210789780397,45,48,16
WMT,1973-02-28,0.0605470016598701,0.0605470016598701,0.0603029988706111,0.0605470016598701,0.0334438905119895,2560000,False,-0.012017798048856415,0.01120172701811183,0.11199805138586377,45,48,16
WMT,1973-03-01,0.0600589998066425,0.0600589998066425,0.0600589998066425,0.0600589998066425,0.0331743471324443,102400,False,-0.008092223990748158,0.006033593790149684,0.06032558606882726,47,48,16
WMT,1973-03-02,0.0598139986395835,0.0598139986395835,0.0593260005116462,0.0595699995756149,0.0329042635858058,2611200,False,-0.008174658871605215,0.0017913822897008603,0.017910749423660013,49,48,16
WMT,1973-03-05,0.0595699995756149,0.0595699995756149,0.0581049993634223,0.0581049993634223,0.0320950299501419,8345600,True,-0.024901053713818167,0.007288723689744364,0.07287473163927823,47,48,16
WMT,1973-03-06,0.0581049993634223,0.0583500005304813,0.0551760010421276,0.0554200001060962,0.0306119322776794,5990400,False,-0.04731131126983085,0.016697514861029893,0.16694650069566447,43,40,13
WMT,1973-03-07,0.0546879991888999,0.0546879991888999,0.0512700006365776,0.0539549998939037,0.0298027265816926,5120000,False,-0.026789991309251138,0.016209842088808078,0.16207060967328243,43,40,13
WMT,1973-03-08,0.0551760010421276,0.0581049993634223,0.0551760010421276,0.0566410012543201,0.0312863774597644,3276800,False,0.04858289252478921,0.03645749078254612,0.36451235773388063,35,32,10
WMT,1973-03-09,0.0566410012543201,0.0566410012543201,0.0551760010421276,0.0559079982340335,0.0308814998716115,2560000,False,-0.013025482931675441,0.03640410239179737,0.36397856542481805,35,32,10
WMT,1973-03-12,0.0561520010232925,0.0566410012543201,0.0561520010232925,0.0561520010232925,0.0310162883251905,563200,True,0.004355201391155094,0.036301580243371045,0.3629535198377335,35,32,10
WMT,1973-03-13,0.0556639991700649,0.0556639991700649,0.0544430017471313,0.0544430017471313,0.0300722848623991,1484800,False,-0.03090851744418857,0.03224399511495313,0.3223846301495372,37,40,13
WMT,1973-03-14,0.0544430017471313,0.0561520010232925,0.0544430017471313,0.0556639991700649,0.0307467281818389,1792000,False,0.02217960910509216,0.030829025606382673,0.30823736272603447,37,40,13
WMT,1973-03-15,0.0556639991700649,0.0568850003182888,0.0546879991888999,0.0546879991888999,0.0302076302468776,716800,False,-0.01768903835122656,0.020631091955641213,0.2062755228062921,41,40,13
WMT,1973-03-16,0.0541989989578723,0.0541989989578723,0.0529789999127388,0.0541989989578723,0.0299374740570783,1126400,False,-0.00898354104840213,0.020414890387743575,0.20411387806419543,41,40,13
WMT,1973-03-19,0.053711000829935,0.053711000829935,0.0529789999127388,0.0529789999127388,0.0292636472731828,512000,True,-0.022764970292880417,0.02050886456303167,0.2050534585856492,41,40,13
WMT,1973-03-20,0.0527339987456798,0.0527339987456798,0.0517579987645149,0.0517579987645149,0.0285892151296138,153600,False,-0.023316484970392494,0.018946562929222536,0.18943312268738444,42,40,13
WMT,1973-03-21,0.0517579987645149,0.0517579987645149,0.05078100040555,0.05078100040555,0.0280495434999465,2201600,False,-0.019057196013513165,0.005762480707205136,0.057614920387909635,47,48,16
WMT,1973-03-22,0.0493160001933574,0.0493160001933574,0.0422360002994537,0.0422360002994537,0.0233295988291502,4300800,False,-0.18424946693198743,0.07433449111404537,0.7432173755057466,20,16,8
WMT,1973-03-23,0.0422360002994537,0.04296899959445,0.041992001235485,0.0427250005304813,0.0235997010022401,5529600,False,0.011511152162125643,0.07776303999558089,0.7774969819621702,18,16,8
WMT,1973-03-26,0.0427250005304813,0.0432129986584186,0.0427250005304813,0.04296899959445,0.0237344708293676,1382400,True,0.005694414250290809,0.08100692801420444,0.8099302966119881,17,16,8
WMT,1973-03-27,0.04296899959445,0.0446779988706111,0.0427250005304813,0.0446779988706111,0.0246784705668687,4864000,False,0.0390027697636717,0.08897978459169578,0.8896451833624165,14,16,8
WMT,1973-03-28,0.0444339998066425,0.0444339998066425,0.0439449995756149,0.0439449995756149,0.0242735892534255,870400,False,-0.016542329283921537,0.08906007574445667,0.8904479571345504,14,16,8
WMT,1973-03-29,0.0441889986395835,0.0441889986395835,0.0441889986395835,0.0441889986395835,0.0244083553552627,51200,False,0.005536608990488764,0.01988590221561359,0.1988249039275346,42,40,13
WMT,1973-03-30,0.0444339998066425,0.0446779988706111,0.0444339998066425,0.0444339998066425,0.0245436858385801,1382400,False,0.005529118900222154,0.01988004926888826,0.1987663845021779,42,40,13
WMT,1973-04-02,0.0444339998066425,0.0446779988706111,0.0439449995756149,0.0446779988706111,0.0246784705668687,1536000,True,0.005476601393210518,0.019886175193300423,0.1988276332360553,42,40,13
WMT,1973-04-03,0.0446779988706111,0.0446779988706111,0.0446779988706111,0.0446779988706111,0.0246784705668687,153600,False,0.0,0.009550746252049614,0.09549107631179375,46,48,16
WMT,1973-04-04,0.0446779988706111,0.0446779988706111,0.0441889986395835,0.0446779988706111,0.0246784705668687,512000,False,0.0,0.0030202908021800872,0.03019772611097209,48,48,16
WMT,1973-04-05,0.0437010005116462,0.0437010005116462,0.0424799993634223,0.0424799993634223,0.0234643630683422,1433600,False,-0.05044842159257276,0.023950272559306256,0.2394616341270892,40,40,13
WMT,1973-04-06,0.0424799993634223,0.0424799993634223,0.0424799993634223,0.0424799993634223,0.0234643630683422,153600,False,0.0,0.023294545936727997,0.23290549293101695,40,40,13
WMT,1973-04-09,0.0424799993634223,0.0424799993634223,0.0424799993634223,0.0424799993634223,0.0234643630683422,51200,True,0.0,0.022561220007712178,0.22557349180764516,40,40,13
WMT,1973-04-10,0.0424799993634223,0.04296899959445,0.0424799993634223,0.0427250005304813,0.0235997010022401,1331200,False,0.005751237578610393,0.023337482314465603,0.2333347830424796,40,40,13
WMT,1973-04-11,0.0427250005304813,0.04296899959445,0.0422360002994537,0.0424799993634223,0.0234643630683422,460800,False,-0.0057512375786104375,0.02292481221469878,0.22920879006261452,40,40,13
WMT,1973-04-12,0.0424799993634223,0.0424799993634223,0.0424799993634223,0.0424799993634223,0.0234643630683422,153600,False,0.0,0.004066739092050355,0.040660413619071606,48,48,16
WMT,1973-04-13,0.0424799993634223,0.0424799993634223,0.0422360002994537,0.0424799993634223,0.0234643630683422,307200,False,0.0,0.004066739092050355,0.040660413619071606,48,48,16
WMT,1973-04-16,0.041992001235485,0.041992001235485,0.0415039993822574,0.0417479984462261,0.0230600405484437,921600,True,-0.017381531748011585,0.008772792943198722,0.08771287795723577,46,48,16
WMT,1973-04-17,0.0417479984462261,0.0417479984462261,0.0417479984462261,0.0417479984462261,0.0230600405484437,0,False,0.0,0.007552638218679201,0.07551342413065285,46,48,16
WMT,1973-04-18,0.0415039993822574,0.0415039993822574,0.0412600003182888,0.0415039993822574,0.022925266996026,768000,False,-0.00586160865278161,0.007556907217362509,0.07555610679316785,46,48,16
WMT,1973-04-19,0.0415039993822574,0.0427250005304813,0.0415039993822574,0.0427250005304813,0.0235997010022401,716800,False,0.028994377979403494,0.017106539024455636,0.17103604056744917,43,40,13
WMT,1973-04-23,0.04296899959445,0.0439449995756149,0.04296899959445,0.0439449995756149,0.0242735892534255,2867200,True,0.028154854730040903,0.020856181829730785,0.2085260353606474,41,40,13
WMT,1973-04-24,0.0446779988706111,0.0451660007238388,0.0446779988706111,0.0451660007238388,0.0249480195343494,716800,False,0.027405544381449296,0.01717752285952753,0.17174575713125165,43,40,13
WMT,1973-04-25,0.0451660007238388,0.0454099997878074,0.0451660007238388,0.0451660007238388,0.0249480195343494,1433600,False,0.0,0.01717752285952753,0.17174575713125165,43,40,13
WMT,1973-04-26,0.0451660007238388,0.0451660007238388,0.0449220016598701,0.0449220016598701,0.0248132403939962,2867200,False,-0.005417044107450701,0.017038352859329867,0.17035429590314757,43,40,13
WMT,1973-04-27,0.0449220016598701,0.0451660007238388,0.0439449995756149,0.0439449995756149,0.0242735892534255,1126400,False,-0.021988500273998585,0.02178335976095662,0.21779622391437398,41,40,13
WMT,1973-04-30,0.0437010005116462,0.0437010005116462,0.0437010005116462,0.0437010005116462,0.024138806387782,512000,True,-0.005568128248674407,0.01794927307553316,0.1794619351999991,42,40,13
WMT,1973-05-01,0.0434570014476776,0.0434570014476776,0.0434570014476776,0.0434570014476776,0.0240040142089128,256000,False,-0.005599693969599464,0.008330939528967142,0.08329510190251548,46,48,16
WMT,1973-05-02,0.0432129986584186,0.0432129986584186,0.0432129986584186,0.0432129986584186,0.0238692536950111,51200,False,-0.005629900599931309,0.007350325680690171,0.07349064585824328,47,48,16
WMT,1973-05-03,0.0432129986584186,0.0432129986584186,0.04296899959445,0.0432129986584186,0.0238692536950111,204800,False,0.0,0.008316795197970746,0.08315368285997037,46,48,16
WMT,1973-05-04,0.0437010005116462,0.0439449995756149,0.0437010005116462,0.0439449995756149,0.0242735892534255,1177600,False,0.016797722818205144,0.009698194385930971,0.09696530467394657,46,48,16
WMT,1973-05-07,0.0434570014476776,0.0434570014476776,0.0434570014476776,0.0434570014476776,0.0240040142089128,51200,True,-0.011167822218273891,0.010766438405803751,0.10764591208715239,45,48,16
WMT,1973-05-08,0.0434570014476776,0.0434570014476776,0.0434570014476776,0.0434570014476776,0.0240040142089128,0,False,0.0,0.010471145182611708,0.10469348648960963,45,48,16
WMT,1973-05-09,0.0437010005116462,0.0441889986395835,0.0437010005116462,0.0439449995756149,0.0242735892534255,460800,False,0.011167822218273893,0.01089921212404531,0.10897342146979194,45,48,16
WMT,1973-05-10,0.0439449995756149,0.0439449995756149,0.0439449995756149,0.0439449995756149,0.0242735892534255,409600,False,0.0,0.01089921212404531,0.10897342146979194,45,48,16
WMT,1973-05-11,0.0434570014476776,0.0434570014476776,0.0434570014476776,0.0434570014476776,0.0240040142089128,102400,False,-0.011167822218273891,0.009343670433468882,0.09342067340582436,46,48,16
WMT,1973-05-14,0.0427250005304813,0.0427250005304813,0.0415039993822574,0.0417479984462261,0.0230600405484437,3072000,True,-0.040119801838388945,0.019603056559113565,0.1959969326406305,42,40,13
WMT,1973-05-15,0.0415039993822574,0.0415039993822574,0.0415039993822574,0.0415039993822574,0.022925266996026,768000,False,-0.00586160865278161,0.019173806609515488,0.1917051696084897,42,40,13
WMT,1973-05-16,0.0415039993822574,0.0415039993822574,0.0415039993822574,0.0415039993822574,0.022925266996026,0,False,0.0,0.01669932819601799,0.16696463093440786,43,40,13
WMT,1973-05-17,0.041992001235485,0.0422360002994537,0.041992001235485,0.041992001235485,0.0231948420405387,1843200,False,0.011690263540064564,0.01931344023404796,0.19310126628450194,42,40,13
WMT,1973-05-18,0.0422360002994537,0.0422360002994537,0.0422360002994537,0.0422360002994537,0.0233295988291502,204800,False,0.005792962277213163,0.02032085334816109,0.203173669007654,41,40,13
WMT,1973-05-21,0.041992001235485,0.041992001235485,0.0417479984462261,0.0417479984462261,0.0230600405484437,1228800,True,-0.011621617164496355,0.009214677355961237,0.09213096394408127,46,48,16
WMT,1973-05-22,0.0417479984462261,0.041992001235485,0.0410160012543201,0.0417479984462261,0.0230600405484437,1996800,False,0.0,0.008637287883065822,0.0863580598418442,46,48,16
WMT,1973-05-23,0.0412600003182888,0.0412600003182888,0.0410160012543201,0.0410160012543201,0.0226557329297065,512000,False,-0.017688343846520578,0.012146870317736902,0.12144786280041264,45,48,16
WMT,1973-05-24,0.0410160012543201,0.0412600003182888,0.0402829982340335,0.0405270010232925,0.0223856158554554,1792000,False,-0.011994326096766572,0.009658557420329303,0.09656900302304419,46,48,16
WMT,1973-05-25,0.0410160012543201,0.041992001235485,0.0410160012543201,0.041992001235485,0.0231948420405387,3635200,False,0.03551132483057018,0.021483399759463482,0.21479713854060853,41,40,13
WMT,1973-05-29,0.0424799993634223,0.0441889986395835,0.0424799993634223,0.0441889986395835,0.0244083553552627,614400,True,0.0509955781598685,0.030300766728543562,0.3029556802810327,37,40,13
WMT,1973-05-30,0.0437010005116462,0.0437010005116462,0.04296899959445,0.04296899959445,0.0237344708293676,153600,False,-0.02799704947023896,0.035128257948813274,0.35122230996040055,35,32,10
WMT,1973-05-31,0.04296899959445,0.04296899959445,0.0424799993634223,0.04296899959445,0.0237344708293676,204800,False,0.0,0.033002132364212775,0.3299647019065824,36,32,10
WMT,1973-06-01,0.04296899959445,0.04296899959445,0.04296899959445,0.04296899959445,0.0237344708293676,0,False,0.0,0.03146727415240114,0.3146187531436326,37,40,13
WMT,1973-06-04,0.04296899959445,0.04296899959445,0.04296899959445,0.04296899959445,0.0237344708293676,0,True,0.0,0.028629518449149315,0.28624606484660087,38,40,13
WMT,1973-06-05,0.0424799993634223,0.0424799993634223,0.0424799993634223,0.0424799993634223,0.0234643630683422,51200,False,-0.011445651828901124,0.012285076186910666,0.12282968437243667,45,48,16
WMT,1973-06-06,0.041992001235485,0.041992001235485,0.0373539999127388,0.0390629991888999,0.0215769447386264,3942400,False,-0.08385743354617095,0.03656000714694011,0.36553734549056544,35,32,10
WMT,1973-06-07,0.0390629991888999,0.0390629991888999,0.0385739989578723,0.0388180017471313,0.0214416142553091,1484800,False,-0.00629174630278059,0.035841164230348374,0.35835014964294015,35,32,10
WMT,1973-06-08,0.0388180017471313,0.0388180017471313,0.0388180017471313,0.0388180017471313,0.0214416142553091,51200,False,0.0,0.035841164230348374,0.35835014964294015,35,32,10
WMT,1973-06-11,0.0388180017471313,0.0388180017471313,0.0383299998939037,0.0383299998939037,0.0211720671504735,102400,True,-0.01265089947227213,0.034468413143520525,0.3446249940027466,36,32,10
WMT,1973-06-12,0.038086000829935,0.038086000829935,0.0366210006177425,0.0366210006177425,0.0202280823141336,1228800,False,-0.045610873128937836,0.035024598770356415,0.35018589602381234,35,32,10
WMT,1973-06-13,0.0361329987645149,0.0361329987645149,0.034180000424385,0.034180000424385,0.0188797637820243,49971200,False,-0.06898120343216756,0.029462200739469837,0.2945714591173797,38,40,13
WMT,1973-06-14,0.0336910001933574,0.0336910001933574,0.029296999797225,0.0300290007144212,0.0165868941694498,2457600,False,-0.12947777342120453,0.051434882623565895,0.514260579443313,29,32,10
WMT,1973-06-15,0.0300290007144212,0.0302729997783899,0.029296999797225,0.029296999797225,0.016182567924261,1433600,False,-0.024678266854003206,0.046193161888784924,0.46185236531212254,31,32,10
WMT,1973-06-18,0.0295410007238388,0.0295410007238388,0.0295410007238388,0.0295410007238388,0.0163173470646142,1126400,True,0.008294170188228155,0.05175376902642675,0.5174488963587419,29,32,10
WMT,1973-06-19,0.0295410007238388,0.0305179990828037,0.029296999797225,0.0305179990828037,0.0168570168316364,921600,False,0.03253822028625721,0.06444461619878623,0.6443355944046693,24,24,8
WMT,1973-06-20,0.0310059990733861,0.034180000424385,0.0310059990733861,0.0336910001933574,0.0186096522957086,1587200,False,0.09891338745248769,0.0840288146838265,0.8401439786593514,16,16,8
WMT,1973-06-21,0.0336910001933574,0.034180000424385,0.0332029983401298,0.034180000424385,0.0188797637820243,1433600,False,0.014410262348234434,0.045757952887104894,0.4575010219831038,31,32,10
WMT,1973-06-22,0.034180000424385,0.0346679985523223,0.0334470011293888,0.0334470011293888,0.0184748824685812,614400,False,-0.021678543926215807,0.04494147520876635,0.4493376460299032,32,32,10
WMT,1973-06-25,0.0332029983401298,0.0332029983401298,0.0322269983589649,0.0322269983589649,0.0178009942173957,256000,True,-0.037157794519462814,0.053353120776785834,0.5334396698556471,28,32,10
WMT,1973-06-26,0.0317380018532276,0.0317380018532276,0.0288089998066425,0.0288089998066425,0.0159130245447158,17305600,False,-0.11211638298951553,0.07705198925683861,0.7703876945240054,19,16,8
WMT,1973-06-27,0.0288089998066425,0.0295410007238388,0.0288089998066425,0.0295410007238388,0.0163173470646142,1740800,False,0.02509085134821474,0.05431861039705037,0.5430929095684224,28,32,10
WMT,1973-06-28,0.0295410007238388,0.0302729997783899,0.029296999797225,0.029296999797225,0.016182567924261,768000,False,-0.008294170188228287,0.05090744401555245,0.5089870982892316,29,32,10
WMT,1973-06-29,0.029296999797225,0.0295410007238388,0.029296999797225,0.0295410007238388,0.0163173470646142,1177600,False,0.008294170188228155,0.05392963625997541,0.5392038355603292,28,32,10
WMT,1973-07-02,0.0295410007238388,0.0305179990828037,0.0295410007238388,0.0305179990828037,0.0168570168316364,1331200,True,0.03253822028625721,0.05874134624331747,0.5873126799462778,26,24,8
WMT,1973-07-03,0.0310059990733861,0.0314939990639686,0.0310059990733861,0.0314939990639686,0.0173961110413074,614400,False,0.031479678573705025,0.017526903672418388,0.17523896582774254,42,40,13
WMT,1973-07-05,0.0314939990639686,0.0314939990639686,0.0314939990639686,0.0314939990639686,0.0173961110413074,0,True,0.0,0.01849076922301035,0.18487596763020733,42,40,13
WMT,1973-07-06,0.0314939990639686,0.0314939990639686,0.0310059990733861,0.0314939990639686,0.0173961110413074,512000,False,0.0,0.016375989554879032,0.1637317992749,43,40,13
WMT,1973-07-09,0.0314939990639686,0.0314939990639686,0.0305179990828037,0.0305179990828037,0.0168570168316364,921600,True,-0.03147967857370502,0.02659383833581178,0.2658927563281802,39,40,13
WMT,1973-07-10,0.0302729997783899,0.0302729997783899,0.0300290007144212,0.0302729997783899,0.0167216826230287,153600,False,-0.00806076135127429,0.022549506785389594,0.22545637968078672,40,40,13
WMT,1973-07-11,0.0300290007144212,0.0300290007144212,0.0295410007238388,0.0297849997878074,0.0164521317929029,409600,False,-0.016251176853004864,0.013205168355925388,0.1320290274610894,44,48,16
WMT,1973-07-12,0.029296999797225,0.029296999797225,0.0288089998066425,0.029296999797225,0.016182567924261,1945600,False,-0.01652045227020639,0.011695779826284917,0.11693773182153526,45,48,16
WMT,1973-07-13,0.029296999797225,0.029296999797225,0.029296999797225,0.029296999797225,0.016182567924261,972800,False,0.0,0.011695779826284917,0.11693773182153526,45,48,16
WMT,1973-07-16,0.0297849997878074,0.0327150002121925,0.0297849997878074,0.0327150002121925,0.0180705487728118,870400,True,0.11034886460014061,0.0543423542217523,0.5433303070781781,28,32,10
WMT,1973-07-17,0.0329589992761611,0.0332029983401298,0.0329589992761611,0.0332029983401298,0.0183400940150022,307200,False,0.014806119623431766,0.05297684005592317,0.5296775082315915,28,32,10
WMT,1973-07-18,0.0334470011293888,0.03515600040555,0.0334470011293888,0.03515600040555,0.019418865442276,870400,False,0.05715544598650436,0.05108448905712816,0.5107572449489339,29,32,10
WMT,1973-07-19,0.0356450006365776,0.0371089987456798,0.0356450006365776,0.0371089987456798,0.0204976294189691,409600,False,0.054064202330063225,0.043044113112737425,0.43036728037244254,32,32,10
WMT,1973-07-20,0.0378420017659664,0.0395510010421276,0.0378420017659664,0.0395510010421276,0.0218465086072683,1433600,False,0.06373187827422166,0.034039480085893914,0.3403363993466292,36,32,10
WMT,1973-07-23,0.0395510010421276,0.0417479984462261,0.0393069982528686,0.0417479984462261,0.0230600405484437,1638400,True,0.05406015359516375,0.01938899669993697,0.19385670131121607,42,40,13
WMT,1973-07-24,0.041992001235485,0.0485839992761611,0.041992001235485,0.046875,0.0258920136839151,2816000,False,0.1158332959547785,0.02649375602119353,0.2648921048931553,39,40,13
WMT,1973-07-25,0.0471189990639686,0.0502929985523223,0.0471189990639686,0.0502929985523223,0.0277800038456916,2713600,False,0.07038190657715342,0.025666734079769334,0.25662330439988307,39,40,13
WMT,1973-07-26,0.0502929985523223,0.0515139997005462,0.0483400002121925,0.0483400002121925,0.0267012119293212,1587200,False,-0.03960752077264897,0.05688262416732991,0.5687286481945752,27,24,8
WMT,1973-07-27,0.0476070009171962,0.0476070009171962,0.0432129986584186,0.0437010005116462,0.024138806387782,1945600,False,-0.10088818595129467,0.08810427275565413,0.8808915671170482,14,16,8
WMT,1973-07-30,0.0441889986395835,0.0454099997878074,0.0441889986395835,0.0454099997878074,0.0250827949494123,256000,True,0.038361381883651714,0.08685594944047492,0.8684104757126998,15,16,8
WMT,1973-07-31,0.0454099997878074,0.046875,0.0454099997878074,0.046875,0.0258920136839151,1228800,False,0.03175241826313844,0.06924703283411252,0.6923515212550508,22,24,8
WMT,1973-08-01,0.046875,0.046875,0.0444339998066425,0.0444339998066425,0.0245436858385801,1228800,False,-0.053479944007404794,0.0592003932775542,0.5919023627019677,26,24,8
WMT,1973-08-02,0.0437010005116462,0.0437010005116462,0.04296899959445,0.0437010005116462,0.024138806387782,1126400,False,-0.016633856139385318,0.05865011107899961,0.5864004848352071,26,24,8
WMT,1973-08-03,0.0432129986584186,0.0432129986584186,0.0432129986584186,0.0432129986584186,0.0238692536950111,563200,False,-0.011229594569530765,0.037807024155698865,0.3780053760719383,34,32,10
WMT,1973-08-06,0.0432129986584186,0.0437010005116462,0.04296899959445,0.04296899959445,0.0237344708293676,665600,True,-0.005662717661544948,0.030383308203287523,0.30378095341212147,37,40,13
WMT,1973-08-07,0.04296899959445,0.04296899959445,0.041992001235485,0.0424799993634223,0.0234643630683422,409600,False,-0.011445651828901124,0.01928349499776155,0.1928018652986589,42,40,13
WMT,1973-08-08,0.041992001235485,0.041992001235485,0.0405270010232925,0.0405270010232925,0.0223856158554554,563200,False,-0.04706420169129868,0.01648310875648307,0.1648028075066007,43,40,13
WMT,1973-08-09,0.0405270010232925,0.0415039993822574,0.0405270010232925,0.0410160012543201,0.0226557329297065,614400,False,0.011994326096766539,0.02147070809686572,0.2146702436897076,41,40,13
WMT,1973-08-10,0.0415039993822574,0.0424799993634223,0.0415039993822574,0.0422360002994537,0.0233295988291502,1331200,False,0.02930996101101678,0.028620160672275474,0.28615250313299373,38,40,13
WMT,1973-08-13,0.0422360002994537,0.0422360002994537,0.0422360002994537,0.0422360002994537,0.0233295988291502,0,True,0.0,0.028678273119629026,0.28673352790304374,38,40,13
WMT,1973-08-14,0.0417479984462261,0.0417479984462261,0.0405270010232925,0.0405270010232925,0.0223856158554554,921600,False,-0.04130428710778351,0.03347018475873898,0.3346444228146767,36,32,10
WMT,1973-08-15,0.0405270010232925,0.0405270010232925,0.0405270010232925,0.0405270010232925,0.0223856158554554,0,False,0.0,0.026023939971039668,0.2601947504546872,39,40,13
WMT,1973-08-16,0.0410160012543201,0.0410160012543201,0.0410160012543201,0.0410160012543201,0.0226557329297065,460800,False,0.011994326096766539,0.026023939971039668,0.2601947504546872,39,40,13
WMT,1973-08-17,0.0415039993822574,0.0424799993634223,0.0415039993822574,0.041992001235485,0.0231948420405387,665600,False,0.02351699873380366,0.024475730525637333,0.2447153122625326,40,40,13
WMT,1973-08-20,0.0415039993822574,0.0415039993822574,0.0400389991700649,0.0400389991700649,0.0221160594373941,512000,True,-0.047625912114163296,0.032017454216025566,0.32011960983632437,37,40,13
WMT,1973-08-21,0.0393069982528686,0.0393069982528686,0.038086000829935,0.0388180017471313,0.0214416142553091,2048000,False,-0.030970390874059808,0.02980370209802072,0.2979858867892452,38,40,13
WMT,1973-08-22,0.0388180017471313,0.0388180017471313,0.0385739989578723,0.0388180017471313,0.0214416142553091,358400,False,0.0,0.02980370209802072,0.2979858867892452,38,40,13
WMT,1973-08-23,0.0390629991888999,0.0390629991888999,0.0390629991888999,0.0390629991888999,0.0215769447386264,409600,False,0.006291746302780517,0.028913590033085725,0.289086293304546,38,40,13
WMT,1973-08-24,0.0400389991700649,0.0417479984462261,0.0400389991700649,0.0410160012543201,0.0226557329297065,2457600,False,0.04878755795163898,0.037204148465366016,0.37197765352201245,35,32,10
WMT,1973-08-27,0.0415039993822574,0.0417479984462261,0.0415039993822574,0.0417479984462261,0.0230600405484437,102400,True,0.01768834384652051,0.028906973029919045,0.2890201346256669,38,40,13
WMT,1973-08-28,0.041992001235485,0.0422360002994537,0.041992001235485,0.041992001235485,0.0231948420405387,512000,False,0.005828654887283075,0.0195651912817608,0.19561834483253288,42,40,13
WMT,1973-08-29,0.041992001235485,0.0424799993634223,0.041992001235485,0.041992001235485,0.0231948420405387,716800,False,0.0,0.0195651912817608,0.19561834483253288,42,40,13
WMT,1973-08-30,0.0417479984462261,0.0417479984462261,0.0407710000872612,0.0407710000872612,0.0225203968584537,358400,False,-0.02950850251008374,0.028423264267602534,0.2841838769012889,38,40,13
WMT,1973-08-31,0.0407710000872612,0.0412600003182888,0.0407710000872612,0.0412600003182888,0.0227904934436082,512000,False,0.011922069177822108,0.018389561295064815,0.18386406199312358,42,40,13
WMT,1973-09-04,0.0417479984462261,0.0424799993634223,0.0417479984462261,0.0424799993634223,0.0234643630683422,409600,True,0.02913931019299029,0.02142158106329524,0.21417905764122014,41,40,13
WMT,1973-09-05,0.0424799993634223,0.0424799993634223,0.0424799993634223,0.0424799993634223,0.0234643630683422,0,False,0.0,0.02142016024473127,0.21416485189327786,41,40,13
WMT,1973-09-06,0.0424799993634223,0.0424799993634223,0.0424799993634223,0.0424799993634223,0.0234643630683422,614400,False,0.0,0.02142016024473127,0.21416485189327786,41,40,13
WMT,1973-09-07,0.041992001235485,0.041992001235485,0.041992001235485,0.041992001235485,0.0231948420405387,2611200,False,-0.011552876860728482,0.015415525872360857,0.15412881031659037,43,40,13
WMT,1973-09-10,0.041992001235485,0.041992001235485,0.041992001235485,0.041992001235485,0.0231948420405387,0,True,0.0,0.015171616878339298,0.15169013885086619,43,40,13
WMT,1973-09-11,0.041992001235485,0.0424799993634223,0.0405270010232925,0.0410160012543201,0.0226557329297065,3123200,False,-0.023516998733803623,0.010494509973811041,0.10492709431464695,45,48,16
WMT,1973-09-12,0.0405270010232925,0.0405270010232925,0.038086000829935,0.0383299998939037,0.0211720671504735,1228800,False,-0.06773020372669167,0.02810839477973638,0.2810357222439887,38,40,13
WMT,1973-09-13,0.0378420017659664,0.0378420017659664,0.0378420017659664,0.0378420017659664,0.0209025237709283,51200,False,-0.0128128193844794,0.02629067591949796,0.26286165230058883,39,40,13
WMT,1973-09-14,0.0383299998939037,0.0383299998939037,0.0383299998939037,0.0383299998939037,0.0211720671504735,460800,False,0.012812819384479436,0.03083648819211638,0.3083119757798184,37,40,13
WMT,1973-09-17,0.0385739989578723,0.0390629991888999,0.0385739989578723,0.0390629991888999,0.0215769447386264,1228800,True,0.01894264577505272,0.03457600487667315,0.34570072673921115,36,32,10
WMT,1973-09-18,0.0390629991888999,0.0410160012543201,0.0390629991888999,0.0410160012543201,0.0226557329297065,1331200,False,0.04878755795163898,0.043745762131495065,0.43738256674128545,32,32,10
WMT,1973-09-19,0.0410160012543201,0.0434570014476776,0.0410160012543201,0.0434570014476776,0.0240040142089128,3788800,False,0.057808145684909454,0.028535909806470586,0.28531013902409674,38,40,13
WMT,1973-09-20,0.0439449995756149,0.0449220016598701,0.0439449995756149,0.0449220016598701,0.0248132403939962,2713600,False,0.03315632249227247,0.01911398372630189,0.19110704341443288,42,40,13
WMT,1973-09-21,0.0449220016598701,0.0449220016598701,0.0449220016598701,0.0449220016598701,0.0248132403939962,0,False,0.0,0.023148289842055948,0.23144318291577637,40,40,13
WMT,1973-09-24,0.0449220016598701,0.0449220016598701,0.0437010005116462,0.0437010005116462,0.024138806387782,563200,True,-0.02755662852267297,0.03557792702772354,0.3557182292525773,35,32,10
WMT,1973-09-25,0.0439449995756149,0.0439449995756149,0.0439449995756149,0.0439449995756149,0.0242735892534255,256000,False,0.005568128248674318,0.03271069560110794,0.32705083429338583,36,32,10
WMT,1973-09-26,0.0439449995756149,0.0444339998066425,0.0432129986584186,0.0444339998066425,0.0245436858385801,1280000,False,0.011065727890710897,0.02187062946398294,0.2186687712160684,41,40,13
WMT,1973-09-27,0.0444339998066425,0.0446779988706111,0.0434570014476776,0.0439449995756149,0.0242735892534255,2406400,False,-0.01106572789071098,0.015318074833124896,0.15315446712091102,43,40,13
WMT,1973-09-28,0.0439449995756149,0.0439449995756149,0.0439449995756149,0.0439449995756149,0.0242735892534255,0,False,0.0,0.015318074833124896,0.15315446712091102,43,40,13
WMT,1973-10-01,0.0437010005116462,0.0437010005116462,0.0432129986584186,0.0437010005116462,0.024138806387782,307200,True,-0.005568128248674407,0.008759405971438348,0.08757903120765018,46,48,16
WMT,1973-10-02,0.0434570014476776,0.0434570014476776,0.04296899959445,0.0432129986584186,0.0238692536950111,358400,False,-0.011229594569530765,0.009294834795691338,0.09293240081531867,46,48,16
WMT,1973-10-03,0.0432129986584186,0.0434570014476776,0.04296899959445,0.0434570014476776,0.0240040142089128,460800,False,0.005629900599931386,0.007286765585915532,0.07285515396050728,47,48,16
WMT,1973-10-04,0.0439449995756149,0.0439449995756149,0.0439449995756149,0.0439449995756149,0.0242735892534255,256000,False,0.011167822218273893,0.008853302777124943,0.0885178381658319,46,48,16
WMT,1973-10-05,0.0441889986395835,0.0446779988706111,0.0441889986395835,0.0446779988706111,0.0246784705668687,819200,False,0.016542329283921436,0.011537361123367213,0.11535381659121664,45,48,16
WMT,1973-10-08,0.0446779988706111,0.0446779988706111,0.0444339998066425,0.0444339998066425,0.0245436858385801,307200,True,-0.005476601393210563,0.011519815699532202,0.115178392455538,45,48,16
WMT,1973-10-09,0.0444339998066425,0.0444339998066425,0.0444339998066425,0.0444339998066425,0.0245436858385801,102400,False,0.0,0.008729024540867006,0.08727526902733605,46,48,16
WMT,1973-10-10,0.0444339998066425,0.0444339998066425,0.0441889986395835,0.0441889986395835,0.0244083553552627,921600,False,-0.005529118900222116,0.010038994290613754,0.10037271901061494,45,48,16
WMT,1973-10-11,0.0441889986395835,0.0441889986395835,0.0439449995756149,0.0439449995756149,0.0242735892534255,563200,False,-0.005536608990488822,0.00955074625204947,0.09549107631179231,46,48,16
WMT,1973-10-12,0.0444339998066425,0.045898001641035,0.0444339998066425,0.045898001641035,0.0253523495048284,1331200,False,0.0434825110939089,0.02142890833423007,0.2142523177791748,41,40,13
WMT,1973-10-15,0.045898001641035,0.045898001641035,0.045898001641035,0.045898001641035,0.0253523495048284,102400,True,0.0,0.020867345298993062,0.2086376509001137,41,40,13
WMT,1973-10-16,0.0451660007238388,0.0451660007238388,0.0449220016598701,0.0449220016598701,0.0248132403939962,256000,False,-0.02149401081991049,0.024444248177113496,0.2444005427915377,40,40,13
WMT,1973-10-17,0.0449220016598701,0.0449220016598701,0.0449220016598701,0.0449220016598701,0.0248132403939962,0,False,0.0,0.024131112520514936,0.24126972347218034,40,40,13
WMT,1973-10-18,0.0449220016598701,0.0454099997878074,0.0449220016598701,0.0449220016598701,0.0248132403939962,614400,False,0.0,0.02374880230294997,0.23744727722590508,40,40,13
WMT,1973-10-19,0.0449220016598701,0.0454099997878074,0.0449220016598701,0.0449220016598701,0.0248132403939962,460800,False,0.0,0.009612413860487053,0.09610764659309523,46,48,16
WMT,1973-10-22,0.0444339998066425,0.0444339998066425,0.0444339998066425,0.0444339998066425,0.0245436858385801,307200,True,-0.010922772383287536,0.009632365895963729,0.09630713271616859,46,48,16
WMT,1973-10-23,0.0454099997878074,0.0454099997878074,0.0454099997878074,0.0454099997878074,0.0250827949494123,1792000,False,0.021727525744266344,0.011916834651728426,0.11914790081236007,45,48,16
WMT,1973-10-24,0.0454099997878074,0.0454099997878074,0.0454099997878074,0.0454099997878074,0.0250827949494123,0,False,0.0,0.011916834651728426,0.11914790081236007,45,48,16
WMT,1973-10-25,0.0454099997878074,0.0454099997878074,0.0449220016598701,0.0449220016598701,0.0248132403939962,358400,False,-0.010804753360978801,0.013305403288668484,0.13303120481551595,44,48,16
WMT,1973-10-26,0.0449220016598701,0.0454099997878074,0.0449220016598701,0.0449220016598701,0.0248132403939962,1843200,False,0.0,0.013305403288668484,0.13303120481551595,44,48,16
WMT,1973-10-29,0.0454099997878074,0.045898001641035,0.0454099997878074,0.045898001641035,0.0253523495048284,614400,True,0.021494010819910345,0.014496991107098131,0.14494503859342106,44,48,16
WMT,1973-10-30,0.0466310009360313,0.046875,0.0466310009360313,0.046875,0.0258920136839151,972800,False,0.02106316080420681,0.0143243562357128,0.14321898606909653,44,48,16
WMT,1973-10-31,0.0463869981467723,0.0463869981467723,0.045898001641035,0.045898001641035,0.0253523495048284,512000,False,-0.021063160804206747,0.018994713984692414,0.18991455062935084,42,40,13
WMT,1973-11-01,0.0451660007238388,0.0451660007238388,0.0449220016598701,0.0449220016598701,0.0248132403939962,204800,False,-0.02149401081991049,0.021279676268570143,0.21276025315992678,41,40,13
WMT,1973-11-02,0.0444339998066425,0.0444339998066425,0.0444339998066425,0.0444339998066425,0.0245436858385801,51200,False,-0.010922772383287536,0.021833140255184753,0.21829394344829597,41,40,13
WMT,1973-11-05,0.0439449995756149,0.0439449995756149,0.0422360002994537,0.0422360002994537,0.0233295988291502,563200,True,-0.050731734782877354,0.025785590206621904,0.2578116617470346,39,40,13
WMT,1973-11-06,0.0422360002994537,0.0424799993634223,0.0415039993822574,0.0415039993822574,0.022925266996026,1689600,False,-0.01748322581727793,0.01534925355104369,0.1534662008067943,43,40,13
WMT,1973-11-07,0.0410160012543201,0.0410160012543201,0.0405270010232925,0.0407710000872612,0.0225203968584537,256000,False,-0.017818238970019124,0.015589110886384198,0.15586436263713596,43,40,13
WMT,1973-11-08,0.0407710000872612,0.0407710000872612,0.0405270010232925,0.0407710000872612,0.0225203968584537,1484800,False,0.0,0.01894780063819972,0.18944549765361984,42,40,13
WMT,1973-11-09,0.0407710000872612,0.0412600003182888,0.0397950001060962,0.0397950001060962,0.0219812802970409,563200,False,-0.024230230053151457,0.01838723065757765,0.18384075961692503,42,40,13
WMT,1973-11-12,0.0397950001060962,0.0397950001060962,0.0385739989578723,0.0385739989578723,0.0213068611919879,1484800,True,-0.03116205301722752,0.011578635946792586,0.11576649401028452,45,48,16
WMT,1973-11-13,0.038086000829935,0.038086000829935,0.0358889997005462,0.0361329987645149,0.0199585165828466,972800,False,-0.06537319391007555,0.02402203391339846,0.24017912454710594,40,40,13
WMT,1973-11-14,0.0361329987645149,0.0361329987645149,0.0356450006365776,0.0361329987645149,0.0199585165828466,665600,False,0.0,0.026995240287030833,0.2699060871553222,39,40,13
WMT,1973-11-15,0.0361329987645149,0.0368649996817112,0.0356450006365776,0.0363770015537738,0.0200932975858449,2099200,False,0.006730357391693261,0.028619609052958656,0.28614698788623844,38,40,13
WMT,1973-11-16,0.0363770015537738,0.0366210006177425,0.0358889997005462,0.0363770015537738,0.0200932975858449,870400,False,0.0,0.030319309457720708,0.3031410757590566,37,40,13
WMT,1973-11-19,0.0358889997005462,0.0358889997005462,0.0344239994883537,0.0344239994883537,0.0190145391970872,614400,True,-0.05518239858298669,0.03454277231498462,0.3453684581394088,36,32,10
WMT,1973-11-20,0.0339360013604164,0.0339360013604164,0.03125,0.03125,0.017261330038309,1587200,False,-0.09673516574893679,0.04536579687563292,0.45358013469018016,31,32,10
WMT,1973-11-21,0.0310059990733861,0.0310059990733861,0.0305179990828037,0.0305179990828037,0.0168570168316364,6144000,False,-0.023701742391554415,0.04273512685011761,0.4272779478737603,32,32,10
WMT,1973-11-23,0.0305179990828037,0.0305179990828037,0.0305179990828037,0.0305179990828037,0.0168570168316364,4044800,True,0.0,0.04121933350818058,0.41212261509997256,33,32,10
WMT,1973-11-26,0.0305179990828037,0.0305179990828037,0.0278319995850324,0.0278319995850324,0.0153733640909194,2150400,True,-0.09213059185201034,0.042174062869868065,0.42166827068834556,33,32,10
WMT,1973-11-27,0.0278319995850324,0.029296999797225,0.0273439995944499,0.029296999797225,0.016182567924261,11878400,False,0.051298201377524805,0.06292348323417768,0.6291268745653532,24,24,8
WMT,1973-11-28,0.0302729997783899,0.0314939990639686,0.0302729997783899,0.0302729997783899,0.0167216826230287,3174400,False,0.03277162912321115,0.05602127354530835,0.5601166197930229,27,24,8
WMT,1973-11-29,0.0302729997783899,0.0307620000094175,0.0302729997783899,0.0305179990828037,0.0168570168316364,460800,False,0.008060761351274356,0.05535907100133251,0.5534957304937086,27,24,8
WMT,1973-11-30,0.0302729997783899,0.0302729997783899,0.0302729997783899,0.0302729997783899,0.0167216826230287,102400,False,-0.00806076135127429,0.05547631852279866,0.5546680045468791,27,24,8
WMT,1973-12-03,0.0300290007144212,0.0300290007144212,0.0290530007332563,0.0290530007332563,0.0160477869212627,716800,True,-0.04113528439864963,0.03591264909416366,0.35906487563456185,35,32,10
WMT,1973-12-04,0.0290530007332563,0.029296999797225,0.0285640005022287,0.0288089998066425,0.0159130245447158,1484800,False,-0.008433025884548077,0.026975605975783423,0.2697097777294223,39,40,13
WMT,1973-12-05,0.0288089998066425,0.0288089998066425,0.0283199995756149,0.0283199995756149,0.0156429186463356,563200,False,-0.01711959573583801,0.01800558588028595,0.18002496663168702,42,40,13
WMT,1973-12-06,0.0288089998066425,0.0290530007332563,0.0288089998066425,0.0290530007332563,0.0160477869212627,153600,False,0.025552621620386018,0.023927861730819452,0.23923756429246404,40,40,13
WMT,1973-12-07,0.0290530007332563,0.0297849997878074,0.0290530007332563,0.0297849997878074,0.0164521317929029,3840000,False,0.024884107545644775,0.028616617709305157,0.28611707958194965,38,40,13
WMT,1973-12-10,0.0297849997878074,0.0297849997878074,0.029296999797225,0.0295410007238388,0.0163173470646142,2150400,True,-0.008226282081978115,0.020301027380421485,0.20297544334565698,41,40,13
WMT,1973-12-11,0.0295410007238388,0.0297849997878074,0.0290530007332563,0.0290530007332563,0.0160477869212627,870400,False,-0.016657825463666627,0.021772502836908285,0.21768767330110766,41,40,13
WMT,1973-12-12,0.0288089998066425,0.0288089998066425,0.0283199995756149,0.0283199995756149,0.0156429186463356,563200,False,-0.025552621620386105,0.02382355251511993,0.23819465109871765,40,40,13
WMT,1973-12-13,0.0283199995756149,0.0283199995756149,0.0261230003088712,0.0261230003088712,0.0144293783232569,2099200,False,-0.0807520423063953,0.03833427372542994,0.38327696716752896,34,32,10
WMT,1973-12-14,0.0261230003088712,0.0261230003088712,0.0253909993916749,0.0261230003088712,0.0144293783232569,1228800,False,0.0,0.03192524440904811,0.3191976699708515,37,40,13
WMT,1973-12-17,0.0261230003088712,0.0261230003088712,0.0251460000872612,0.0251460000872612,0.0138897197321057,563200,True,-0.038117310727829284,0.030474993574238454,0.3046976498171036,37,40,13
WMT,1973-12-18,0.0251460000872612,0.0258789993822574,0.0244139991700649,0.0258789993822574,0.0142946075648069,4864000,False,0.028733393889625803,0.04115700598313565,0.41149944678481465,33,32,10
WMT,1973-12-19,0.0258789993822574,0.0268549993634223,0.0256350003182888,0.0263669993728399,0.0145641546696424,3123200,False,0.01868097747608282,0.04507561889925763,0.45067885278457953,31,32,10
WMT,1973-12-20,0.0263669993728399,0.0268549993634223,0.0256350003182888,0.0263669993728399,0.0145641546696424,2150400,False,0.0,0.025545200888323943,0.2554081809998412,39,40,13
WMT,1973-12-21,0.0263669993728399,0.0268549993634223,0.0258789993822574,0.0263669993728399,0.0145641546696424,716800,False,0.0,0.025545200888323943,0.2554081809998412,39,40,13
WMT,1973-12-24,0.0263669993728399,0.0266110002994537,0.0261230003088712,0.0263669993728399,0.0145641546696424,3020800,True,0.0,0.013462562176989504,0.13460252406133077,44,48,16
WMT,1973-12-26,0.0263669993728399,0.0275880005210638,0.0263669993728399,0.0263669993728399,0.0145641546696424,3430400,True,0.0,0.008354387104532707,0.08352953742918204,46,48,16
WMT,1973-12-27,0.0263669993728399,0.0268549993634223,0.0261230003088712,0.0261230003088712,0.0144293783232569,2048000,False,-0.009297060637879492,0.004157771915447127,0.04157058566808754,48,48,16
WMT,1973-12-28,0.0261230003088712,0.0261230003088712,0.0244139991700649,0.0253909993916749,0.0140250409021973,3020800,False,-0.02842192183412256,0.012346018077752199,0.12343899872289225,45,48,16
WMT,1973-12-31,0.0253909993916749,0.0261230003088712,0.0244139991700649,0.0261230003088712,0.0144293783232569,2918400,True,0.028421921834122545,0.020522911286495565,0.20519390172033444,41,40,13
WMT,1974-01-02,0.0266110002994537,0.0266110002994537,0.0266110002994537,0.0266110002994537,0.014698932878673,51200,True,0.018508608245785277,0.02251468784662447,0.22510825003196452,40,40,13
WMT,1974-01-03,0.0273439995944499,0.0307620000094175,0.0273439995944499,0.0307620000094175,0.0169917773455381,1331200,False,0.1449546436239221,0.06764432903345051,0.6763272330062269,22,24,8
WMT,1974-01-04,0.0307620000094175,0.03125,0.0297849997878074,0.0297849997878074,0.0164521317929029,2713600,False,-0.032274480397281424,0.07171048023415019,0.7169817687204366,21,24,8
WMT,1974-01-07,0.0297849997878074,0.0297849997878074,0.0297849997878074,0.0297849997878074,0.0164521317929029,256000,True,0.0,0.06728437844223999,0.6727283446611007,23,24,8
WMT,1974-01-08,0.0297849997878074,0.0307620000094175,0.0297849997878074,0.0307620000094175,0.0169917773455381,870400,False,0.03227448039728151,0.06725632779671989,0.6724478863323727,23,24,8
WMT,1974-01-09,0.0302729997783899,0.0302729997783899,0.0297849997878074,0.0297849997878074,0.0164521317929029,512000,False,-0.032274480397281424,0.07348028838730374,0.7346768137933545,20,16,8
WMT,1974-01-10,0.0297849997878074,0.0297849997878074,0.0297849997878074,0.0297849997878074,0.0164521317929029,51200,False,0.0,0.02700276762556296,0.269981347625994,39,40,13
WMT,1974-01-11,0.0297849997878074,0.0297849997878074,0.0297849997878074,0.0297849997878074,0.0164521317929029,102400,False,0.0,0.022821503948189978,0.2281758846434475,40,40,13
WMT,1974-01-14,0.0302729997783899,0.0302729997783899,0.0302729997783899,0.0302729997783899,0.0167216826230287,51200,True,0.01625117685300473,0.023950807758377966,0.23946698519956564,40,40,13
WMT,1974-01-15,0.0302729997783899,0.0302729997783899,0.0297849997878074,0.0302729997783899,0.0167216826230287,204800,False,0.0,0.0177087095995708,0.17705671317496385,42,40,13
WMT,1974-01-16,0.0302729997783899,0.0302729997783899,0.0297849997878074,0.0302729997783899,0.0167216826230287,409600,False,0.0,0.0072677472315378095,0.07266500304650744,47,48,16
WMT,1974-01-17,0.0302729997783899,0.0302729997783899,0.0302729997783899,0.0302729997783899,0.0167216826230287,0,False,0.0,0.0072677472315378095,0.07266500304650744,47,48,16
WMT,1974-01-18,0.0307620000094175,0.03125,0.0307620000094175,0.03125,0.017261330038309,358400,False,0.03176250374282874,0.01424688288932967,0.14244438552623173,44,48,16
WMT,1974-01-21,0.0307620000094175,0.0307620000094175,0.0305179990828037,0.0305179990828037,0.0168570168316364,307200,True,-0.023701742391554415,0.019733436482885905,0.19730050818560935,42,40,13
WMT,1974-01-22,0.0310059990733861,0.0327150002121925,0.0310059990733861,0.0327150002121925,0.0180705487728118,1280000,False,0.06951647412565512,0.036053862200959484,0.36047676442329096,35,32,10
WMT,1974-01-23,0.0329589992761611,0.0344239994883537,0.0329589992761611,0.0344239994883537,0.0190145391970872,1228800,False,0.050920434014836015,0.03772840375157676,0.37721930691968997,34,32,10
WMT,1974-01-24,0.0344239994883537,0.0344239994883537,0.0336910001933574,0.0344239994883537,0.0190145391970872,563200,False,0.0,0.03772840375157676,0.37721930691968997,34,32,10
WMT,1974-01-25,0.03515600040555,0.03515600040555,0.03515600040555,0.03515600040555,0.019418865442276,204800,False,0.021041131595100036,0.037602132064238986,0.37595680669055836,34,32,10
WMT,1974-01-28,0.03515600040555,0.0353999994695186,0.03515600040555,0.03515600040555,0.019418865442276,153600,True,0.0,0.03108437247412018,0.31079039330496616,37,40,13
WMT,1974-01-29,0.03515600040555,0.0356450006365776,0.03515600040555,0.03515600040555,0.019418865442276,716800,False,0.0,0.02236026852508124,0.2235643217536548,41,40,13
WMT,1974-01-30,0.0356450006365776,0.0366210006177425,0.0356450006365776,0.0361329987645149,0.0199585165828466,1177600,False,0.027410909596193377,0.013458892270283972,0.13456583129073182,44,48,16
WMT,1974-01-31,0.0363770015537738,0.0371089987456798,0.0363770015537738,0.0371089987456798,0.0204976294189691,256000,False,0.026653292733869658,0.013931286376787842,0.13928896186953055,44,48,16
WMT,1974-02-01,0.0366210006177425,0.0366210006177425,0.03515600040555,0.03515600040555,0.019418865442276,665600,False,-0.05406420233006314,0.03310851080928449,0.3310283038438753,36,32,10
WMT,1974-02-04,0.0336910001933574,0.0336910001933574,0.0329589992761611,0.0336910001933574,0.0186096522957086,2304000,True,-0.0425646522831034,0.03819061943468326,0.38184067072762884,34,32,10
WMT,1974-02-05,0.0336910001933574,0.0346679985523223,0.0334470011293888,0.0346679985523223,0.0191493183374404,716800,False,0.028586732291461865,0.04175694070948174,0.41749776474068273,33,32,10
WMT,1974-02-06,0.0346679985523223,0.0346679985523223,0.0346679985523223,0.0346679985523223,0.0191493183374404,0,False,0.0,0.03846972781063827,0.3846312756211325,34,32,10
WMT,1974-02-07,0.0346679985523223,0.0346679985523223,0.0346679985523223,0.0346679985523223,0.0191493183374404,51200,False,0.0,0.03400714181853142,0.34001307215574705,36,32,10
WMT,1974-02-08,0.0319820009171962,0.0319820009171962,0.03125,0.03125,0.017261330038309,1280000,False,-0.10379837735239533,0.051548042603141705,0.5153919850905729,29,32,10
WMT,1974-02-11,0.0329589992761611,0.0336910001933574,0.0329589992761611,0.0329589992761611,0.0182053204625844,716800,True,0.053245142786191066,0.05985366360962914,0.5984339452072627,26,24,8
WMT,1974-02-12,0.0324710011482238,0.0324710011482238,0.0283199995756149,0.0285640005022287,0.0157776903361082,3072000,False,-0.14311694629875016,0.0815321729410216,0.8151818447178041,17,16,8
WMT,1974-02-13,0.0285640005022287,0.03125,0.0285640005022287,0.03125,0.017261330038309,1484800,False,0.08987180351255898,0.10001715993717454,1.0,10,8,8
WMT,1974-02-14,0.03125,0.03125,0.03125,0.03125,0.017261330038309,0,False,0.0,0.10001715993717454,1.0,10,8,8
WMT,1974-02-15,0.03125,0.0317380018532276,0.03125,0.0317380018532276,0.0175308920443058,460800,False,0.015495842679807952,0.08886301751444059,0.8884777129270578,14,16,8
WMT,1974-02-19,0.03125,0.03125,0.0307620000094175,0.0310059990733861,0.0171265602111816,460800,True,-0.02333409714384051,0.08455437057070017,0.8453986358322185,16,16,8
WMT,1974-02-20,0.0310059990733861,0.0310059990733861,0.0310059990733861,0.0310059990733861,0.0171265602111816,0,False,0.0,0.04334640026166001,0.43338963322781726,32,32,10
WMT,1974-02-21,0.0314939990639686,0.0317380018532276,0.0314939990639686,0.0317380018532276,0.0175308920443058,204800,False,0.02333409714384064,0.017895928945728567,0.17892858542443954,42,40,13
WMT,1974-02-22,0.0317380018532276,0.0317380018532276,0.0314939990639686,0.0314939990639686,0.0173961110413074,409600,False,-0.007717906497657516,0.018550930851641896,0.1854774806972584,42,40,13
WMT,1974-02-25,0.0319820009171962,0.0332029983401298,0.0319820009171962,0.0332029983401298,0.0183400940150022,614400,True,0.05284291517538196,0.029722241934040883,0.2971714249105935,38,40,13
WMT,1974-02-26,0.0327150002121925,0.0327150002121925,0.0327150002121925,0.0327150002121925,0.0180705487728118,153600,False,-0.014806119623431731,0.027567700516933507,0.27562970728473063,38,40,13
WMT,1974-02-27,0.0327150002121925,0.0327150002121925,0.0327150002121925,0.0327150002121925,0.0180705487728118,0,False,0.0,0.027567700516933507,0.27562970728473063,38,40,13
WMT,1974-02-28,0.0327150002121925,0.0327150002121925,0.03125,0.0327150002121925,0.0180705487728118,10854400,False,0.0,0.026866865915776562,0.26862256369459897,39,40,13
WMT,1974-03-01,0.0305179990828037,0.0305179990828037,0.0302729997783899,0.0302729997783899,0.0167216826230287,358400,False,-0.07757723547692946,0.04668279407042482,0.46674784706692796,31,32,10
WMT,1974-03-04,0.0302729997783899,0.0302729997783899,0.0302729997783899,0.0302729997783899,0.0167216826230287,51200,True,0.0,0.03365453826241878,0.3364876415562966,36,32,10
WMT,1974-03-05,0.0305179990828037,0.0305179990828037,0.0305179990828037,0.0305179990828037,0.0168570168316364,307200,False,0.008060761351274356,0.03576553963954892,0.3575940334840034,35,32,10
WMT,1974-03-06,0.0305179990828037,0.0307620000094175,0.0302729997783899,0.0307620000094175,0.0169917773455381,921600,False,0.007962542193002343,0.036704318917215206,0.3669802155977125,35,32,10
WMT,1974-03-07,0.0307620000094175,0.0310059990733861,0.0305179990828037,0.0307620000094175,0.0169917773455381,614400,False,0.0,0.036704318917215206,0.3669802155977125,35,32,10
WMT,1974-03-08,0.0307620000094175,0.0314939990639686,0.0297849997878074,0.0314939990639686,0.0173961110413074,3532800,False,0.023517136380702713,0.009601358984460646,0.09599711679967426,46,48,16
WMT,1974-03-11,0.0319820009171962,0.0327150002121925,0.0319820009171962,0.0327150002121925,0.0180705487728118,921600,True,0.03803679555195025,0.01520350270742223,0.15200894243520074,43,40,13
WMT,1974-03-12,0.0327150002121925,0.0332029983401298,0.0327150002121925,0.0327150002121925,0.0180705487728118,614400,False,0.0,0.016558589633572353,0.1655574867750052,43,40,13
WMT,1974-03-13,0.0322269983589649,0.0322269983589649,0.0314939990639686,0.0314939990639686,0.0174483824521303,819200,False,-0.035036525219803605,0.02777938555445582,0.27774619447208215,38,40,13
WMT,1974-03-14,0.0314939990639686,0.0324710011482238,0.03125,0.03125,0.0173131991177797,716800,False,-0.007777782812251792,0.028362258476603893,0.28357392365889567,38,40,13
WMT,1974-03-15,0.0314939990639686,0.0314939990639686,0.0314939990639686,0.0314939990639686,0.0174483824521303,153600,False,0.00777778281225176,0.026426990946164877,0.26422456869166155,39,40,13
WMT,1974-03-18,0.03125,0.03125,0.0307620000094175,0.0307620000094175,0.0170428268611431,1075200,True,-0.02351754494988643,0.0174349147130806,0.17431923405975822,43,40,13
WMT,1974-03-19,0.0305179990828037,0.0305179990828037,0.0300290007144212,0.0300290007144212,0.0166367311030626,870400,False,-0.024116435287661303,0.0167058431945692,0.16702976974214145,43,40,13
WMT,1974-03-20,0.0297849997878074,0.0297849997878074,0.0297849997878074,0.0297849997878074,0.0165015552192926,102400,False,-0.008158335781896097,0.013225610758774663,0.1322334164165658,44,48,16
WMT,1974-03-21,0.0297849997878074,0.03125,0.0297849997878074,0.0305179990828037,0.0169076640158891,1280000,False,0.02431237901757513,0.020859428746415602,0.20855849895676287,41,40,13
WMT,1974-03-22,0.0310059990733861,0.0310059990733861,0.0310059990733861,0.0310059990733861,0.0171780139207839,204800,False,0.015863294531121758,0.022333807314515168,0.22329975504747462,41,40,13
WMT,1974-03-25,0.0310059990733861,0.0310059990733861,0.0310059990733861,0.0310059990733861,0.0171780139207839,0,True,0.0,0.01922506130414472,0.19221762861713812,42,40,13
WMT,1974-03-26,0.0310059990733861,0.0310059990733861,0.0310059990733861,0.0310059990733861,0.0171780139207839,0,False,0.0,0.013269065020479311,0.1326678844791657,44,48,16
WMT,1974-03-27,0.0310059990733861,0.0310059990733861,0.0310059990733861,0.0310059990733861,0.0171780139207839,0,False,0.0,0.011400865513822338,0.11398909468119027,45,48,16
WMT,1974-03-28,0.0305179990828037,0.0305179990828037,0.0305179990828037,0.0305179990828037,0.0169076640158891,51200,False,-0.015863294531121737,0.011217043134915644,0.11215118627605097,45,48,16
WMT,1974-03-29,0.0305179990828037,0.0305179990828037,0.0305179990828037,0.0305179990828037,0.0169076640158891,153600,False,0.0,0.007094280983737721,0.07093063818442727,47,48,16
WMT,1974-04-01,0.0305179990828037,0.0305179990828037,0.0305179990828037,0.0305179990828037,0.0169076640158891,0,True,0.0,0.007094280983737721,0.07093063818442727,47,48,16
WMT,1974-04-02,0.0305179990828037,0.0307620000094175,0.0305179990828037,0.0307620000094175,0.0170428268611431,512000,False,0.007962392051982192,0.008697110850357277,0.08695618687653538,46,48,16
WMT,1974-04-03,0.0305179990828037,0.0305179990828037,0.0305179990828037,0.0305179990828037,0.0169076640158891,102400,False,-0.00796239205198218,0.00905696782985107,0.09055413926510388,46,48,16
WMT,1974-04-04,0.0305179990828037,0.0305179990828037,0.0305179990828037,0.0305179990828037,0.0169076640158891,0,False,0.0,0.005630261414422436,0.0562929543086313,47,48,16
WMT,1974-04-05,0.0305179990828037,0.0310059990733861,0.0305179990828037,0.0310059990733861,0.0171780139207839,358400,False,0.015863294531121758,0.009056967829851109,0.09055413926510425,46,48,16
WMT,1974-04-08,0.03125,0.0322269983589649,0.03125,0.0319820009171962,0.0177187528461217,512000,True,0.030993255827548326,0.014999317753226299,0.14996744321322533,44,48,16
WMT,1974-04-09,0.0319820009171962,0.0322269983589649,0.0314939990639686,0.0319820009171962,0.0177187528461217,460800,False,0.0,0.015597071818816715,0.15594395830289487,43,40,13
WMT,1974-04-10,0.0317380018532276,0.0317380018532276,0.0314939990639686,0.0317380018532276,0.017583567649126,204800,False,-0.007658751939772248,0.015520865160085572,0.15518202246329482,43,40,13
WMT,1974-04-11,0.0317380018532276,0.0317380018532276,0.0317380018532276,0.0317380018532276,0.017583567649126,0,False,0.0,0.015520865160085572,0.15518202246329482,43,40,13
WMT,1974-04-15,0.0317380018532276,0.0322269983589649,0.0314939990639686,0.0322269983589649,0.0178544782102108,204800,True,0.015289547268426549,0.01544866643271259,0.15446015906087135,43,40,13
WMT,1974-04-16,0.0322269983589649,0.0322269983589649,0.0314939990639686,0.0317380018532276,0.017583567649126,665600,False,-0.015289547268426457,0.011340918132660896,0.11338972372125601,45,48,16
WMT,1974-04-17,0.0317380018532276,0.0322269983589649,0.0317380018532276,0.0322269983589649,0.0178544782102108,256000,False,0.015289547268426549,0.013677732275726008,0.13675385588150704,44,48,16
WMT,1974-04-18,0.0322269983589649,0.0322269983589649,0.0319820009171962,0.0319820009171962,0.0177187528461217,307200,False,-0.007630795328654331,0.013673043809930957,0.13670697926755404,44,48,16
WMT,1974-04-19,0.0317380018532276,0.0317380018532276,0.0317380018532276,0.0317380018532276,0.017583567649126,256000,False,-0.007658751939772248,0.014302065284803475,0.14299611480457225,44,48,16
WMT,1974-04-22,0.0317380018532276,0.0317380018532276,0.0317380018532276,0.0317380018532276,0.017583567649126,307200,True,0.0,0.011593877466522818,0.11591888305772204,45,48,16
WMT,1974-04-23,0.0317380018532276,0.0317380018532276,0.03125,0.03125,0.0173131991177797,768000,False,-0.015495644229281067,0.011648473788018174,0.11646475260180479,45,48,16
WMT,1974-04-24,0.03125,0.03125,0.0310059990733861,0.0310059990733861,0.0171780139207839,460800,False,-0.00783885965849515,0.0054791596961900465,0.054782196371420296,47,48,16
WMT,1974-04-25,0.0307620000094175,0.0307620000094175,0.0307620000094175,0.0307620000094175,0.0170428268611431,51200,False,-0.00790090247913947,0.005479332578168776,0.0547839248945941,47,48,16
WMT,1974-04-26,0.0310059990733861,0.0317380018532276,0.0310059990733861,0.03125,0.0173131991177797,1638400,False,0.015739762137634502,0.011871226610423682,0.11869189864899739,45,48,16
WMT,1974-04-29,0.0310059990733861,0.0310059990733861,0.0310059990733861,0.0310059990733861,0.0171780139207839,51200,True,-0.00783885965849515,0.011877236519578838,0.11875198742935199,45,48,16
WMT,1974-04-30,0.0310059990733861,0.0310059990733861,0.0305179990828037,0.0307620000094175,0.0170428268611431,153600,False,-0.00790090247913947,0.010558598997740608,0.10556787459644883,45,48,16
WMT,1974-05-01,0.0307620000094175,0.0307620000094175,0.0302729997783899,0.0302729997783899,0.0167719218879938,256000,False,-0.016023231237655942,0.012003202253359383,0.1200114286478356,45,48,16
WMT,1974-05-02,0.0302729997783899,0.0302729997783899,0.0302729997783899,0.0302729997783899,0.0167719218879938,0,False,0.0,0.012010487545433768,0.1200842690692089,45,48,16
WMT,1974-05-03,0.0302729997783899,0.0302729997783899,0.029296999797225,0.0297849997878074,0.0165015552192926,1433600,False,-0.016251539831901342,0.006775865020659945,0.0677470248596959,47,48,16
WMT,1974-05-06,0.0297849997878074,0.0297849997878074,0.0297849997878074,0.0297849997878074,0.0165015552192926,0,True,0.0,0.008069445414181918,0.08068060939993411,46,48,16
WMT,1974-05-07,0.0305179990828037,0.0317380018532276,0.0305179990828037,0.03125,0.0173131991177797,460800,False,0.04801453320719208,0.026347219316646853,0.26342698926061064,39,40,13
WMT,1974-05-08,0.0327150002121925,0.0327150002121925,0.0327150002121925,0.0327150002121925,0.0181248467415571,665600,False,0.04581457968012135,0.029431393481472553,0.294263439393398,38,40,13
WMT,1974-05-09,0.0324710011482238,0.0324710011482238,0.0322269983589649,0.0322269983589649,0.0178544782102108,102400,False,-0.015029388182413702,0.03206209241547929,0.32056591524513384,37,40,13
WMT,1974-05-10,0.0319820009171962,0.0319820009171962,0.03125,0.0317380018532276,0.017583567649126,665600,False,-0.015289547268426457,0.0318485295876411,0.3184306533763472,37,40,13
WMT,1974-05-13,0.0317380018532276,0.0317380018532276,0.0314939990639686,0.0317380018532276,0.017583567649126,307200,True,0.0,0.0318485295876411,0.3184306533763472,37,40,13
WMT,1974-05-14,0.0314939990639686,0.0314939990639686,0.0314939990639686,0.0314939990639686,0.0174483824521303,51200,False,-0.00771786141702928,0.02552496366224087,0.25520584346000524,39,40,13
WMT,1974-05-15,0.0314939990639686,0.0314939990639686,0.0314939990639686,0.0314939990639686,0.0174483824521303,0,False,0.0,0.007580543622822753,0.07579243029480588,46,48,16
WMT,1974-05-16,0.0314939990639686,0.0319820009171962,0.0314939990639686,0.0319820009171962,0.0177187528461217,512000,False,0.015376613356801494,0.01138123533915494,0.1137928266139933,45,48,16
WMT,1974-05-17,0.0317380018532276,0.0317380018532276,0.0317380018532276,0.0317380018532276,0.017583567649126,512000,False,-0.007658751939772248,0.009416237364945701,0.09414621821755867,46,48,16
WMT,1974-05-20,0.0314939990639686,0.0314939990639686,0.0314939990639686,0.0314939990639686,0.0174483824521303,153600,True,-0.00771786141702928,0.010028888427113606,0.10027167771423644,45,48,16
WMT,1974-05-21,0.03125,0.03125,0.0310059990733861,0.03125,0.0173131991177797,1843200,False,-0.007777782812251792,0.010038142617432334,0.10036420374001583,45,48,16
WMT,1974-05-22,0.03125,0.03125,0.0310059990733861,0.03125,0.0173131991177797,409600,False,0.0,0.010038142617432334,0.10036420374001583,45,48,16
WMT,1974-05-23,0.03125,0.03125,0.0302729997783899,0.03125,0.0173131991177797,1228800,False,0.0,0.00422760449933811,0.042268791695281756,48,48,16
WMT,1974-05-24,0.0314939990639686,0.0336910001933574,0.0314939990639686,0.0336910001933574,0.0186655633151531,1945600,False,0.07521112681664864,0.035579436178882165,0.35573331817491394,35,32,10
WMT,1974-05-28,0.0344239994883537,0.0344239994883537,0.0344239994883537,0.0344239994883537,0.0190716721117496,1075200,True,0.021523806404641924,0.03390356479365335,0.3389774796139959,36,32,10
WMT,1974-05-29,0.034180000424385,0.034180000424385,0.0339360013604164,0.0339360013604164,0.0188013017177581,1280000,False,-0.014277990862743752,0.03522789872255712,0.3522185467442328,35,32,10
WMT,1974-05-30,0.0336910001933574,0.0336910001933574,0.0327150002121925,0.0332029983401298,0.0183952096849679,1433600,False,-0.021835820233688446,0.03894119867824328,0.3893451753949429,34,32,10
WMT,1974-05-31,0.0332029983401298,0.0332029983401298,0.0332029983401298,0.0332029983401298,0.0183952096849679,256000,False,0.0,0.03894119867824328,0.3893451753949429,34,32,10
WMT,1974-06-03,0.0332029983401298,0.0336910001933574,0.0332029983401298,0.0334470011293888,0.0185303892940282,1433600,True,0.0073217614171225244,0.01722629551505754,0.17223340000734058,43,40,13
WMT,1974-06-04,0.0334470011293888,0.0334470011293888,0.0334470011293888,0.0334470011293888,0.0185303892940282,102400,False,0.0,0.011921365627064742,0.119193202791932,45,48,16
WMT,1974-06-05,0.0339360013604164,0.0344239994883537,0.0339360013604164,0.034180000424385,0.0189364831894636,614400,False,0.02167833993383062,0.01573289764338165,0.15730198351227148,43,40,13
WMT,1974-06-06,0.0349120013415813,0.0356450006365776,0.0349120013415813,0.0353999994695186,0.0196123924106359,2150400,False,0.03507124342695123,0.015268622103178081,0.15266002466745723,43,40,13
WMT,1974-06-07,0.0353999994695186,0.0371089987456798,0.0353999994695186,0.0371089987456798,0.020559225231409,4505600,False,0.04714812429030174,0.019381320209027723,0.1937799495726737,42,40,13
WMT,1974-06-10,0.038086000829935,0.0385739989578723,0.038086000829935,0.0385739989578723,0.0213708654046058,1382400,True,0.038718808169390106,0.01839932166546284,0.18396164895124312,42,40,13
WMT,1974-06-11,0.0385739989578723,0.0385739989578723,0.0371089987456798,0.0371089987456798,0.020559225231409,5734400,False,-0.03871880816939007,0.03450446943143374,0.34498549502013065,36,32,10
WMT,1974-06-12,0.0371089987456798,0.0373539999127388,0.0371089987456798,0.0373539999127388,0.0206949654966592,819200,False,0.0065807013888317285,0.035062248672333325,0.3505623304476708,35,32,10
WMT,1974-06-13,0.038086000829935,0.0385739989578723,0.038086000829935,0.038086000829935,0.0211004987359046,2304000,False,0.019406219006871474,0.03380605659817722,0.33800256495397774,36,32,10
WMT,1974-06-14,0.038086000829935,0.0385739989578723,0.038086000829935,0.0385739989578723,0.0213708654046058,1280000,False,0.012731887773686999,0.028637697725628374,0.2863278435782125,38,40,13
WMT,1974-06-17,0.0385739989578723,0.0390629991888999,0.0385739989578723,0.0390629991888999,0.021641781553626,4915200,True,0.01259721271787262,0.02349524342212101,0.23491212344841098,40,40,13
WMT,1974-06-18,0.0390629991888999,0.0390629991888999,0.0390629991888999,0.0390629991888999,0.021641781553626,614400,False,0.0,0.007314897496074819,0.07313642479620146,47,48,16
WMT,1974-06-19,0.0390629991888999,0.0390629991888999,0.0385739989578723,0.0390629991888999,0.021641781553626,3020800,False,0.0,0.008618908117598353,0.08617429372132035,46,48,16
WMT,1974-06-20,0.0390629991888999,0.0390629991888999,0.0388180017471313,0.0390629991888999,0.021641781553626,1996800,False,0.0,0.006936823267872446,0.06935633117586812,47,48,16
WMT,1974-06-21,0.0388180017471313,0.0388180017471313,0.0388180017471313,0.0388180017471313,0.0215060319751501,51200,False,-0.006292324698374437,0.006898057621197064,0.06896874121930734,47,48,16
WMT,1974-06-24,0.038086000829935,0.038086000829935,0.038086000829935,0.038086000829935,0.0211004987359046,3891200,True,-0.01903677579318521,0.008271630981364317,0.0827021181821211,46,48,16
WMT,1974-06-25,0.038086000829935,0.0390629991888999,0.038086000829935,0.0390629991888999,0.021641781553626,1382400,False,0.02532910049155961,0.016152054934444854,0.16149283727503075,43,40,13
WMT,1974-06-26,0.0390629991888999,0.0395510010421276,0.0390629991888999,0.0390629991888999,0.021641781553626,870400,False,0.0,0.016152054934444854,0.16149283727503075,43,40,13
WMT,1974-06-27,0.0385739989578723,0.0385739989578723,0.038086000829935,0.038086000829935,0.0211004987359046,1638400,False,-0.025329100491559644,0.019728191628926077,0.19724806864460337,42,40,13
WMT,1974-06-28,0.038086000829935,0.038086000829935,0.038086000829935,0.038086000829935,0.0211004987359046,563200,False,0.0,0.0198308202648242,0.19827417892370536,42,40,13
WMT,1974-07-01,0.0378420017659664,0.0378420017659664,0.0378420017659664,0.0378420017659664,0.0209653209894895,870400,True,-0.006426985738216791,0.018139539547397845,0.18136427347859246,42,40,13
WMT,1974-07-02,0.0375979989767074,0.0375979989767074,0.0375979989767074,0.0375979989767074,0.0208301395177841,614400,False,-0.006468738061435225,0.010398156219727384,0.10396372208787925,45,48,16
WMT,1974-07-03,0.0375979989767074,0.0388180017471313,0.0375979989767074,0.038086000829935,0.0211004987359046,921600,False,0.012895723799652087,0.013808521603278464,0.1380615247618733,44,48,16
WMT,1974-07-05,0.038086000829935,0.038086000829935,0.038086000829935,0.038086000829935,0.0211004987359046,51200,True,0.0,0.00789699959009136,0.078956447024209,46,48,16
WMT,1974-07-08,0.0375979989767074,0.0375979989767074,0.0375979989767074,0.0375979989767074,0.0208301395177841,307200,True,-0.012895723799651974,0.009778677875320618,0.09777000148237626,46,48,16
WMT,1974-07-09,0.0375979989767074,0.0375979989767074,0.0375979989767074,0.0375979989767074,0.0208301395177841,921600,False,0.0,0.00956654381581703,0.09564902484559874,46,48,16
WMT,1974-07-10,0.0375979989767074,0.0375979989767074,0.0373539999127388,0.0373539999127388,0.0206949654966592,563200,False,-0.006510495207219355,0.009572207463647044,0.09570565160678222,46,48,16
WMT,1974-07-11,0.0373539999127388,0.0378420017659664,0.0373539999127388,0.0378420017659664,0.0209653209894895,204800,False,0.012979233268654583,0.009603196177138552,0.09601548557438312,46,48,16
WMT,1974-07-12,0.0378420017659664,0.0378420017659664,0.0378420017659664,0.0378420017659664,0.0209653209894895,0,False,0.0,0.009603196177138552,0.09601548557438312,46,48,16
WMT,1974-07-15,0.038086000829935,0.0383299998939037,0.038086000829935,0.038086000829935,0.0211004987359046,409600,True,0.0064269857382168,0.007397520721519366,0.0739625152940365,47,48,16
WMT,1974-07-16,0.038086000829935,0.038086000829935,0.038086000829935,0.038086000829935,0.0211004987359046,0,False,0.0,0.007397520721519366,0.0739625152940365,47,48,16
WMT,1974-07-17,0.038086000829935,0.038086000829935,0.038086000829935,0.038086000829935,0.0211004987359046,0,False,0.0,0.005797550661547927,0.057965559761841264,47,48,16
WMT,1974-07-18,0.038086000829935,0.0390629991888999,0.0375979989767074,0.0390629991888999,0.021641781553626,1689600,False,0.02532910049155961,0.010967904025657865,0.10966022263126966,45,48,16
WMT,1974-07-19,0.0390629991888999,0.0400389991700649,0.0390629991888999,0.0400389991700649,0.0221825074404478,460800,False,0.024678247680047057,0.012795688504135164,0.12793493148748408,44,48,16
WMT,1974-07-22,0.0395510010421276,0.0395510010421276,0.0385739989578723,0.0385739989578723,0.0213708654046058,819200,True,-0.03727546039791978,0.025532425437518685,0.2552804484106207,39,40,13
WMT,1974-07-23,0.0385739989578723,0.0385739989578723,0.0385739989578723,0.0385739989578723,0.0213708654046058,204800,False,0.0,0.025532425437518685,0.2552804484106207,39,40,13
WMT,1974-07-24,0.0385739989578723,0.0385739989578723,0.0385739989578723,0.0385739989578723,0.0213708654046058,256000,False,0.0,0.025532425437518685,0.2552804484106207,39,40,13
WMT,1974-07-25,0.0383299998939037,0.0383299998939037,0.038086000829935,0.038086000829935,0.0211004987359046,460800,False,-0.012731887773687032,0.022540320297048146,0.2253645305586239,40,40,13
WMT,1974-07-26,0.038086000829935,0.038086000829935,0.038086000829935,0.038086000829935,0.0211004987359046,358400,False,0.0,0.016212756859394526,0.16209975237827706,43,40,13
WMT,1974-07-29,0.038086000829935,0.038086000829935,0.038086000829935,0.038086000829935,0.0211004987359046,409600,True,0.0,0.005693873308772425,0.0569289641132483,47,48,16
WMT,1974-07-30,0.0378420017659664,0.0378420017659664,0.0375979989767074,0.0375979989767074,0.0208301395177841,153600,False,-0.012895723799651974,0.0070186495069898885,0.07017445317782099,47,48,16
WMT,1974-07-31,0.038086000829935,0.0385739989578723,0.038086000829935,0.038086000829935,0.0211004987359046,512000,False,0.012895723799652087,0.010750350664736806,0.1074850622782091,45,48,16
WMT,1974-08-01,0.038086000829935,0.038086000829935,0.038086000829935,0.038086000829935,0.0211004987359046,0,False,0.0,0.00911865374704265,0.09117089260253444,46,48,16
WMT,1974-08-02,0.038086000829935,0.038086000829935,0.038086000829935,0.038086000829935,0.0211004987359046,0,False,0.0,0.00911865374704265,0.09117089260253444,46,48,16
WMT,1974-08-05,0.0375979989767074,0.0375979989767074,0.0375979989767074,0.0375979989767074,0.0208301395177841,716800,True,-0.012895723799651974,0.010789336616392914,0.10787485490660004,45,48,16
WMT,1974-08-06,0.0375979989767074,0.0375979989767074,0.0371089987456798,0.0375979989767074,0.0208301395177841,460800,False,0.0,0.00911865374704265,0.09117089260253444,46,48,16
WMT,1974-08-07,0.0375979989767074,0.038086000829935,0.0375979989767074,0.038086000829935,0.0211004987359046,256000,False,0.012895723799652087,0.00911865374704265,0.09117089260253444,46,48,16
WMT,1974-08-08,0.0383299998939037,0.0383299998939037,0.0383299998939037,0.0383299998939037,0.0212356820702552,51200,False,0.006386206370772265,0.009555447269514574,0.09553807842091094,46,48,16
WMT,1974-08-09,0.0383299998939037,0.0383299998939037,0.0383299998939037,0.0383299998939037,0.0212356820702552,0,False,0.0,0.009555447269514574,0.09553807842091094,46,48,16
WMT,1974-08-12,0.0375979989767074,0.0375979989767074,0.0363770015537738,0.0363770015537738,0.020153684541583,512000,True,-0.05229575600785831,0.026095722260916457,0.2609124501966303,39,40,13
WMT,1974-08-13,0.0361329987645149,0.0361329987645149,0.0356450006365776,0.0356450006365776,0.019748130813241,460800,False,-0.020328282837605325,0.026391724044225417,0.26387196017966613,39,40,13
WMT,1974-08-14,0.0353999994695186,0.0353999994695186,0.0332029983401298,0.0332029983401298,0.0183952096849679,1280000,False,-0.0709685569892176,0.03339268718805307,0.33386958007034573,36,32,10
WMT,1974-08-15,0.0329589992761611,0.0329589992761611,0.0305179990828037,0.0305179990828037,0.0169076640158891,1228800,False,-0.08432327631447535,0.035021090908180424,0.35015082342048914,35,32,10
WMT,1974-08-16,0.0297849997878074,0.0297849997878074,0.0297849997878074,0.0297849997878074,0.0165015552192926,102400,False,-0.024312379017575183,0.028117209255485026,0.28112385187848526,38,40,13
WMT,1974-08-19,0.0300290007144212,0.0300290007144212,0.0300290007144212,0.0300290007144212,0.0166367311030626,256000,True,0.008158335781896129,0.038283072851914526,0.38276504627767793,34,32,10
WMT,1974-08-20,0.0300290007144212,0.0300290007144212,0.0288089998066425,0.0288089998066425,0.0159608405083417,256000,False,-0.041474713896419255,0.03693818333462069,0.36931845853074907,35,32,10
WMT,1974-08-21,0.029296999797225,0.0302729997783899,0.029296999797225,0.0300290007144212,0.0166367311030626,614400,False,0.04147471389641916,0.04793023727620861,0.4792201388873253,30,32,10
WMT,1974-08-22,0.0305179990828037,0.0305179990828037,0.0305179990828037,0.0305179990828037,0.0169076640158891,204800,False,0.016154043235679094,0.033011009961315355,0.330053462646321,36,32,10
WMT,1974-08-23,0.0305179990828037,0.0305179990828037,0.0305179990828037,0.0305179990828037,0.0169076640158891,1894400,False,0.0,0.03020594720610154,0.30200764773840116,37,40,13
WMT,1974-08-26,0.0310059990733861,0.0322269983589649,0.0310059990733861,0.0322269983589649,0.0178544782102108,819200,True,0.05448734568732449,0.03765662814397901,0.37650167398907247,34,32,10
WMT,1974-08-27,0.0324710011482238,0.0329589992761611,0.0324710011482238,0.0329589992761611,0.0182600226253271,512000,False,0.022459757346718928,0.02140259398929335,0.2139892194773109,41,40,13
WMT,1974-08-28,0.0329589992761611,0.0334470011293888,0.0329589992761611,0.0329589992761611,0.0182600226253271,204800,False,0.0,0.022364592359556006,0.22360755268000265,41,40,13
WMT,1974-08-29,0.0327150002121925,0.0327150002121925,0.0322269983589649,0.0322269983589649,0.0178544782102108,307200,False,-0.02245975734671904,0.029085984907627784,0.2908099462722002,38,40,13
WMT,1974-08-30,0.0322269983589649,0.0322269983589649,0.0322269983589649,0.0322269983589649,0.0178544782102108,0,False,0.0,0.029085984907627784,0.2908099462722002,38,40,13
WMT,1974-09-03,0.0322269983589649,0.0327150002121925,0.03125,0.0324710011482238,0.0179896671324968,1024000,True,0.00754318798844811,0.016235771833903154,0.16232986263658758,43,40,13
WMT,1974-09-04,0.0322269983589649,0.0322269983589649,0.0322269983589649,0.0322269983589649,0.0178544782102108,102400,False,-0.007543187988448041,0.011372685809835487,0.11370734598922029,45,48,16
WMT,1974-09-05,0.0327150002121925,0.0327150002121925,0.0327150002121925,0.0327150002121925,0.0181248467415571,0,False,0.015029388182413615,0.01443156698080407,0.14429090957860843,44,48,16
WMT,1974-09-06,0.0324710011482238,0.0324710011482238,0.0319820009171962,0.0319820009171962,0.0177187528461217,204800,False,-0.022660183511067956,0.01450448196663296,0.14501993433670687,44,48,16
WMT,1974-09-09,0.0319820009171962,0.0319820009171962,0.0319820009171962,0.0319820009171962,0.0177187528461217,0,True,0.0,0.01450448196663296,0.14501993433670687,44,48,16
WMT,1974-09-10,0.03125,0.03125,0.03125,0.03125,0.0173664130270481,102400,False,-0.020085506539573986,0.015419527869577189,0.15416882342252985,43,40,13
WMT,1974-09-11,0.03125,0.03125,0.03125,0.03125,0.0173664130270481,0,False,0.0,0.015725419875110377,0.1572272186591606,43,40,13
WMT,1974-09-12,0.0307620000094175,0.0307620000094175,0.0295410007238388,0.0295410007238388,0.0164166782051324,512000,False,-0.05624027321567263,0.02302300825439631,0.23019058198471282,40,40,13
WMT,1974-09-13,0.0290530007332563,0.0290530007332563,0.0285640005022287,0.0285640005022287,0.0158737376332283,512000,False,-0.03363175935022837,0.02387131678442782,0.23867221184267293,40,40,13
WMT,1974-09-16,0.0283199995756149,0.0283199995756149,0.0280760005116462,0.0283199995756149,0.0157381370663642,358400,True,-0.008579143113424585,0.022141046901536617,0.22137248163659562,41,40,13
WMT,1974-09-17,0.0283199995756149,0.0283199995756149,0.0283199995756149,0.0283199995756149,0.0157381370663642,512000,False,0.0,0.024643145428280357,0.2463891740553308,40,40,13
WMT,1974-09-18,0.0288089998066425,0.0290530007332563,0.0288089998066425,0.0290530007332563,0.0161454956978559,256000,False,0.025554227273345526,0.031455884898865756,0.31450488014881317,37,40,13
WMT,1974-09-19,0.0285640005022287,0.0285640005022287,0.0285640005022287,0.0285640005022287,0.0158737376332283,51200,False,-0.016975084159920936,0.02190690473302967,0.2190314616690818,41,40,13
WMT,1974-09-20,0.0283199995756149,0.0283199995756149,0.0283199995756149,0.0283199995756149,0.0157381370663642,3276800,False,-0.008579143113424585,0.016383338087698363,0.16380527199522066,43,40,13
WMT,1974-09-23,0.0283199995756149,0.0283199995756149,0.0283199995756149,0.0283199995756149,0.0157381370663642,0,True,0.0,0.015927756514453127,0.15925023790375667,43,40,13
WMT,1974-09-24,0.0283199995756149,0.0288089998066425,0.0283199995756149,0.0288089998066425,0.0160098914057016,153600,False,0.017119864744491686,0.017672333783562442,0.17669301742484253,42,40,13
WMT,1974-09-25,0.0288089998066425,0.0288089998066425,0.0288089998066425,0.0288089998066425,0.0160098914057016,0,False,0.0,0.01265520894150983,0.12653037688191865,44,48,16
WMT,1974-09-26,0.0288089998066425,0.0288089998066425,0.0288089998066425,0.0288089998066425,0.0160098914057016,0,False,0.0,0.009382199638603358,0.09380589935263865,46,48,16
WMT,1974-09-27,0.0283199995756149,0.0283199995756149,0.0283199995756149,0.0283199995756149,0.0157381370663642,358400,False,-0.017119864744491606,0.01210557245382655,0.12103495501602551,45,48,16
WMT,1974-09-30,0.0278319995850324,0.0278319995850324,0.0275880005210638,0.0275880005210638,0.015331351198256,256000,True,-0.026187049550809176,0.016843313132224032,0.16840423326161336,43,40,13
WMT,1974-10-01,0.0273439995944499,0.0273439995944499,0.0251460000872612,0.0251460000872612,0.0139742633327841,665600,False,-0.09268252535180703,0.038308864181569265,0.38302291532405897,34,32,10
WMT,1974-10-02,0.0246580000966787,0.0246580000966787,0.0241700001060962,0.0241700001060962,0.0134318796917796,614400,False,-0.03958634153499371,0.035251274045127366,0.3524522598649106,35,32,10
WMT,1974-10-03,0.0234379991888999,0.0234379991888999,0.0234379991888999,0.0234379991888999,0.013025083579123,307200,False,-0.03075395845707712,0.029863832404871834,0.29858708669223066,38,40,13
WMT,1974-10-04,0.0227049998939037,0.0227049998939037,0.022461000829935,0.022461000829935,0.0124821467325091,204800,False,-0.04257764247066094,0.0267229370754357,0.26718352222980163,39,40,13
WMT,1974-10-07,0.0217289999127388,0.0217289999127388,0.021484000608325,0.0217289999127388,0.0120753562077879,1331200,True,-0.033132663258149384,0.0255678623523585,0.2556347567599287,39,40,13
WMT,1974-10-08,0.021484000608325,0.021484000608325,0.021484000608325,0.021484000608325,0.011939201503992,460800,False,-0.01133946869768243,0.012224666202924011,0.12222568817793762,45,48,16
WMT,1974-10-09,0.021484000608325,0.0222169999033212,0.021484000608325,0.0222169999033212,0.0123465536162257,307200,False,0.03354973469912633,0.03037620771439223,0.30370996070547246,37,40,13
WMT,1974-10-10,0.0234379991888999,0.0253909993916749,0.0234379991888999,0.0249019991606473,0.0138386636972427,2508800,False,0.11408942714574395,0.06412288958430136,0.6411188802459493,24,24,8
WMT,1974-10-11,0.0251460000872612,0.0253909993916749,0.0251460000872612,0.0253909993916749,0.0141104143112897,204800,False,0.019446736527777304,0.05643511191702099,0.5642542934879428,27,24,8
WMT,1974-10-14,0.0253909993916749,0.0263669993728399,0.0253909993916749,0.0263669993728399,0.0146527951583266,1996800,True,0.037717984665825495,0.04632950366871725,0.4632155491899488,31,32,10
WMT,1974-10-15,0.0263669993728399,0.0263669993728399,0.0253909993916749,0.0258789993822574,0.0143816163763403,2304000,False,-0.01868036260380419,0.04838224619855079,0.4837394525993534,30,32,10
WMT,1974-10-16,0.0258789993822574,0.0258789993822574,0.0258789993822574,0.0258789993822574,0.0143816163763403,204800,False,0.0,0.05126017763222938,0.51251382927118,29,32,10
WMT,1974-10-17,0.0258789993822574,0.0258789993822574,0.0258789993822574,0.0258789993822574,0.0143816163763403,0,False,0.0,0.021526545848255654,0.21522852540281573,41,40,13
WMT,1974-10-18,0.0258789993822574,0.0258789993822574,0.0258789993822574,0.0258789993822574,0.0143816163763403,0,False,0.0,0.02061016802154818,0.20606631936454098,41,40,13
WMT,1974-10-21,0.0258789993822574,0.0258789993822574,0.0258789993822574,0.0258789993822574,0.0143816163763403,51200,True,0.0,0.008354112125290263,0.0835267881085393,46,48,16
WMT,1974-10-22,0.0253909993916749,0.0253909993916749,0.0246580000966787,0.0246580000966787,0.013703079894185,409600,False,-0.04833013308761219,0.02161389258910252,0.21610184295054186,41,40,13
WMT,1974-10-23,0.0239259991794824,0.0239259991794824,0.0239259991794824,0.0239259991794824,0.0132962809875607,102400,False,-0.03013624623275611,0.02243100847341701,0.22427159986853232,41,40,13
WMT,1974-10-24,0.0234379991888999,0.0234379991888999,0.0229490008205175,0.0229490008205175,0.0127533478662371,153600,False,-0.04169055624889452,0.022883180223313822,0.2287925415767436,40,40,13
WMT,1974-10-25,0.0227049998939037,0.0227049998939037,0.0227049998939037,0.0227049998939037,0.0126177445054054,153600,False,-0.010689697559863312,0.02044626454444405,0.20442756580258134,41,40,13
WMT,1974-10-28,0.0227049998939037,0.0227049998939037,0.0227049998939037,0.0227049998939037,0.0126177445054054,0,True,0.0,0.02044626454444405,0.20442756580258134,41,40,13
WMT,1974-10-29,0.0227049998939037,0.0227049998939037,0.022461000829935,0.0227049998939037,0.0126177445054054,819200,False,0.0,0.01870007283037055,0.18696864460175577,42,40,13
WMT,1974-10-30,0.0231929998844862,0.0239259991794824,0.0231929998844862,0.0239259991794824,0.0132962809875607,460800,False,0.05238025380875777,0.03389713521572831,0.3389131948659679,36,32,10
WMT,1974-10-31,0.0241700001060962,0.0241700001060962,0.0241700001060962,0.0241700001060962,0.0134318796917796,102400,False,0.010146591769269435,0.024614507737267685,0.24610284627887064,40,40,13
WMT,1974-11-01,0.0246580000966787,0.0249019991606473,0.0246580000966787,0.0249019991606473,0.0138386636972427,870400,False,0.029835428961300134,0.022531307015413463,0.2252744132063581,40,40,13
WMT,1974-11-04,0.0249019991606473,0.0249019991606473,0.0244139991700649,0.0249019991606473,0.0138386636972427,2406400,True,0.0,0.022531307015413463,0.2252744132063581,40,40,13
WMT,1974-11-05,0.0251460000872612,0.0251460000872612,0.0251460000872612,0.0251460000872612,0.0139742633327841,256000,False,0.00975091257369341,0.020895315470524433,0.2089173046270236,41,40,13
WMT,1974-11-06,0.0244139991700649,0.0244139991700649,0.0239259991794824,0.0239259991794824,0.0132962809875607,153600,False,-0.04973293330426319,0.029839366183378884,0.2983424664539804,38,40,13
WMT,1974-11-07,0.0236820001155138,0.0236820001155138,0.0234379991888999,0.0234379991888999,0.013025083579123,4403200,False,-0.02060736668780771,0.030389554710544584,0.30384340776756397,37,40,13
WMT,1974-11-08,0.0229490008205175,0.0229490008205175,0.01953100040555,0.02050800062716,0.0113968234509229,75315200,False,-0.13354233252617714,0.05763947898723088,0.5762958978582968,26,24,8
WMT,1974-11-11,0.02050800062716,0.02050800062716,0.0202639997005462,0.0202639997005462,0.0112612191587686,1331200,True,-0.011969781640253209,0.05584436625752134,0.5583478504348633,27,24,8
WMT,1974-11-12,0.0202639997005462,0.02050800062716,0.0202639997005462,0.0202639997005462,0.0112612191587686,512000,False,0.0,0.05375036168782685,0.5374113974201024,28,32,10
WMT,1974-11-13,0.0202639997005462,0.0202639997005462,0.0200200006365776,0.0200200006365776,0.0111256157979369,1126400,False,-0.012114711131729761,0.05521497667771003,0.5520550344800147,27,24,8
WMT,1974-11-14,0.0200200006365776,0.02050800062716,0.01953100040555,0.02050800062716,0.0113968234509229,2099200,False,0.02408449277198299,0.061516153064926665,0.6150559874282358,25,24,8
WMT,1974-11-15,0.02050800062716,0.02050800062716,0.02050800062716,0.02050800062716,0.0113968234509229,204800,False,0.0,0.014748768511339416,0.14746238066151657,44,48,16
WMT,1974-11-18,0.02050800062716,0.02050800062716,0.02050800062716,0.02050800062716,0.0113968234509229,51200,True,0.0,0.013211490106966537,0.13209223412527704,44,48,16
WMT,1974-11-19,0.0200200006365776,0.0200200006365776,0.01953100040555,0.01953100040555,0.0108538726344704,716800,False,-0.0488127307759949,0.026636587260265483,0.2663201722284173,39,40,13
WMT,1974-11-20,0.01953100040555,0.01953100040555,0.01953100040555,0.01953100040555,0.0108538726344704,307200,False,0.0,0.026647928282217608,0.2664335629901551,39,40,13
WMT,1974-11-21,0.01953100040555,0.01953100040555,0.01953100040555,0.01953100040555,0.0108538726344704,204800,False,0.0,0.021829716836504132,0.21825971513504683,41,40,13
WMT,1974-11-22,0.01953100040555,0.01953100040555,0.01953100040555,0.01953100040555,0.0108538726344704,1075200,False,0.0,0.021829716836504132,0.21825971513504683,41,40,13
WMT,1974-11-25,0.01953100040555,0.01953100040555,0.0192869994789361,0.0192869994789361,0.0107182748615741,256000,True,-0.012571725539399855,0.021137175032513424,0.2113354852886312,41,40,13
WMT,1974-11-26,0.0192869994789361,0.01953100040555,0.0192869994789361,0.0192869994789361,0.0107182748615741,19507200,False,0.0,0.005622246580113781,0.0562128197165904,47,48,16
WMT,1974-11-27,0.01953100040555,0.01953100040555,0.01953100040555,0.01953100040555,0.0108538726344704,3942400,False,0.012571725539399793,0.008889552380125823,0.08888027200242206,46,48,16
WMT,1974-11-29,0.01953100040555,0.01953100040555,0.01953100040555,0.01953100040555,0.0108538726344704,358400,True,0.0,0.008889552380125823,0.08888027200242206,46,48,16
WMT,1974-12-02,0.01953100040555,0.01953100040555,0.0187989994883537,0.0187989994883537,0.0104470830410718,204800,True,-0.038199136520155476,0.01925769840079791,0.19254394358822596,42,40,13
WMT,1974-12-03,0.018555000424385,0.018555000424385,0.0180660001933574,0.0180660001933574,0.0100397374480962,1843200,False,-0.039771841286155456,0.024205418989352336,0.24201266067299743,40,40,13
WMT,1974-12-04,0.0180660001933574,0.0183109994977712,0.0178219992667436,0.0183109994977712,0.0101758921518921,1996800,False,0.013470444926937908,0.02665123990264744,0.26646667351270853,39,40,13
WMT,1974-12-05,0.0183109994977712,0.0183109994977712,0.0183109994977712,0.0183109994977712,0.0101758921518921,512000,False,0.0,0.02444566693895702,0.24441472797580424,40,40,13
WMT,1974-12-06,0.0178219992667436,0.0178219992667436,0.017578000202775,0.017578000202775,0.0097685456275939,2150400,False,-0.04085381433141081,0.0258435326865813,0.258390987134756,39,40,13
WMT,1974-12-09,0.0170900002121925,0.0170900002121925,0.0163570009171962,0.0163570009171962,0.0090900007635355,512000,True,-0.07199260174246118,0.034433988862430515,0.3442808102535616,36,32,10
WMT,1974-12-10,0.0163570009171962,0.01660200022161,0.015625,0.015625,0.008683206513524,2560000,False,-0.045784117730521316,0.03505466050821115,0.35048646182545695,35,32,10
WMT,1974-12-11,0.015625,0.015625,0.0144039997830986,0.015625,0.008683206513524,1792000,False,0.0,0.03128667862055223,0.31281310767277193,37,40,13
WMT,1974-12-12,0.015625,0.0170900002121925,0.0148930000141263,0.0170900002121925,0.0094973435625433,1689600,False,0.08962126005252716,0.06330021439159378,0.6328935397821295,24,24,8
WMT,1974-12-13,0.0170900002121925,0.0170900002121925,0.0161129999905824,0.0170900002121925,0.0094973435625433,2304000,False,0.0,0.06154783590098473,0.6153727614305966,25,24,8
WMT,1974-12-16,0.0170900002121925,0.0170900002121925,0.0161129999905824,0.01660200022161,0.0092261508107185,1536000,True,-0.028970203233252587,0.05225711240962124,0.5224814666047944,29,32,10
WMT,1974-12-17,0.01660200022161,0.017578000202775,0.0163570009171962,0.017578000202775,0.0097685456275939,409600,False,0.05712566265370776,0.04837435563508931,0.48366056050257283,30,32,10
WMT,1974-12-18,0.0180660001933574,0.01953100040555,0.0180660001933574,0.01953100040555,0.0108538726344704,1177600,False,0.10535434721078395,0.05761212579554599,0.5760224128713,26,24,8
WMT,1974-12-19,0.0200200006365776,0.0207519996911287,0.0200200006365776,0.0202639997005462,0.0112612191587686,1228800,False,0.036842949135741675,0.051854467278021364,0.5184557061067679,29,32,10
WMT,1974-12-20,0.0202639997005462,0.0202639997005462,0.0200200006365776,0.0202639997005462,0.0112612191587686,256000,False,0.0,0.051854467278021364,0.5184557061067679,29,32,10
WMT,1974-12-23,0.0200200006365776,0.0200200006365776,0.01953100040555,0.01953100040555,0.0108538726344704,409600,True,-0.03684294913574174,0.054308689200624954,0.542993714625958,28,32,10
WMT,1974-12-24,0.01953100040555,0.0200200006365776,0.01953100040555,0.01953100040555,0.0108538726344704,307200,False,0.0,0.05383873276509687,0.5382949565746068,28,32,10
WMT,1974-12-26,0.01953100040555,0.01953100040555,0.01953100040555,0.01953100040555,0.0108538726344704,409600,True,0.0,0.026051899172794043,0.2604742945026479,39,40,13
WMT,1974-12-27,0.01953100040555,0.01953100040555,0.0192869994789361,0.01953100040555,0.0108538726344704,204800,False,0.0,0.01647666775181714,0.16473840851076862,43,40,13
WMT,1974-12-30,0.0190430004149675,0.0190430004149675,0.0180660001933574,0.0180660001933574,0.0100397374480962,768000,True,-0.07797097780631099,0.03464256311649039,0.3463661949434577,36,32,10
WMT,1974-12-31,0.0180660001933574,0.0190430004149675,0.0180660001933574,0.018555000424385,0.0103114834055304,1228800,False,0.026707204610303587,0.03958267698662675,0.39575885789489007,34,32,10
WMT,1975-01-02,0.018555000424385,0.01953100040555,0.018555000424385,0.01953100040555,0.0108538726344704,870400,True,0.05126377319600726,0.04853020348314166,0.48521877159505183,30,32,10
WMT,1975-01-03,0.0192869994789361,0.0192869994789361,0.0190430004149675,0.0192869994789361,0.0107182748615741,256000,False,-0.012571725539399855,0.048854787961086624,0.4884640594851384,30,32,10
WMT,1975-01-06,0.0197749994695186,0.0200200006365776,0.0197749994695186,0.0200200006365776,0.0111256157979369,256000,True,0.03729996354341187,0.05207629262169539,0.5206735789579203,29,32,10
WMT,1975-01-07,0.0202639997005462,0.0202639997005462,0.0202639997005462,0.0202639997005462,0.0112612191587686,1740800,False,0.012114711131729763,0.02449950737055965,0.24495303991783945,40,40,13
WMT,1975-01-08,0.02050800062716,0.0219730008393526,0.02050800062716,0.0219730008393526,0.0122109502553939,358400,False,0.08096822081323872,0.03592583239550626,0.3591966860294069,35,32,10
WMT,1975-01-09,0.022461000829935,0.0234379991888999,0.022461000829935,0.0231929998844862,0.0128889344632625,665600,False,0.054036038617759866,0.03628207347268209,0.3627584855985969,35,32,10
WMT,1975-01-10,0.0236820001155138,0.0261230003088712,0.0236820001155138,0.0256350003182888,0.0142460186034441,2406400,False,0.10010832172004479,0.03480058897962325,0.34794618244992287,36,32,10
WMT,1975-01-13,0.0256350003182888,0.0263669993728399,0.0253909993916749,0.0253909993916749,0.0141104143112897,1280000,True,-0.009564343038458527,0.04593182372720161,0.4592394320739915,31,32,10
WMT,1975-01-14,0.0253909993916749,0.0263669993728399,0.0246580000966787,0.0263669993728399,0.0146527951583266,1075200,False,0.037717984665825495,0.04227802189841636,0.4227076826113955,33,32,10
WMT,1975-01-15,0.0263669993728399,0.0263669993728399,0.0249019991606473,0.0249019991606473,0.0138386636972427,665600,False,-0.05716472119360288,0.060398324335042414,0.6038796179873677,25,24,8
WMT,1975-01-16,0.0256350003182888,0.0263669993728399,0.0256350003182888,0.0263669993728399,0.0146527951583266,921600,False,0.05716472119360278,0.06078894544354037,0.607785158883983,25,24,8
WMT,1975-01-17,0.0258789993822574,0.0258789993822574,0.0241700001060962,0.0244139991700649,0.0135674700140953,1638400,False,-0.07695609622859405,0.058085365099603846,0.5807539939755336,26,24,8
WMT,1975-01-20,0.0244139991700649,0.0249019991606473,0.0236820001155138,0.0236820001155138,0.0131606832146644,358400,True,-0.030441176267976988,0.0588135239429224,0.5880343331070981,26,24,8
WMT,1975-01-21,0.0239259991794824,0.0249019991606473,0.0239259991794824,0.0239259991794824,0.0132962809875607,1843200,False,0.010250530572398388,0.05385650411353921,0.53847263956874,28,32,10
WMT,1975-01-22,0.0239259991794824,0.0239259991794824,0.0227049998939037,0.0239259991794824,0.0132962809875607,1433600,False,0.0,0.04975457840526021,0.4974604201570349,30,32,10
WMT,1975-01-23,0.0244139991700649,0.0261230003088712,0.0244139991700649,0.0261230003088712,0.0145172020420432,409600,False,0.0878499228693364,0.0605274774701107,0.6051709277501065,25,24,8
WMT,1975-01-24,0.0263669993728399,0.0273439995944499,0.0263669993728399,0.0263669993728399,0.0146527951583266,5785600,False,0.009296819054835996,0.043735941263826524,0.43728437491425587,32,32,10
WMT,1975-01-27,0.0268549993634223,0.0273439995944499,0.0268549993634223,0.0273439995944499,0.0151957552880048,2457600,True,0.03638501843043993,0.035701237020031806,0.3569511176127919,35,32,10
WMT,1975-01-28,0.0285640005022287,0.0297849997878074,0.0285640005022287,0.0285640005022287,0.0158737376332283,2560000,False,0.043649890965691475,0.03447664001635386,0.34470724861623997,36,32,10
WMT,1975-01-29,0.0285640005022287,0.0288089998066425,0.0275880005210638,0.0288089998066425,0.0160098914057016,4864000,False,0.008540721631067054,0.03243303217103171,0.3242746763795774,37,40,13
WMT,1975-01-30,0.0288089998066425,0.0300290007144212,0.0288089998066425,0.029296999797225,0.016281085088849,3481600,False,0.0167972659211886,0.01613131044578465,0.1612854279797335,43,40,13
WMT,1975-01-31,0.029296999797225,0.029296999797225,0.0290530007332563,0.029296999797225,0.016281085088849,307200,False,0.0,0.01846337681497921,0.18460209054703133,42,40,13
WMT,1975-02-03,0.029296999797225,0.0297849997878074,0.029296999797225,0.0297849997878074,0.0165522787719964,2764800,True,0.016519772493019936,0.016363039575990626,0.1636023217042857,43,40,13
WMT,1975-02-04,0.0297849997878074,0.0300290007144212,0.0295410007238388,0.0300290007144212,0.0166878681629896,1024000,False,0.008158215623232264,0.006968354708398674,0.06967159148265982,47,48,16
WMT,1975-02-05,0.0302729997783899,0.0317380018532276,0.0302729997783899,0.0317380018532276,0.0176376122981309,1894400,False,0.055351686049485434,0.021273959381158874,0.21270309409427385,41,40,13
WMT,1975-02-06,0.0319820009171962,0.0324710011482238,0.0319820009171962,0.0319820009171962,0.0177732110023498,614400,False,0.007658639611967132,0.021932140798196473,0.21928377902325039,41,40,13
WMT,1975-02-07,0.0314939990639686,0.0314939990639686,0.0302729997783899,0.0302729997783899,0.016823474317789,6144000,False,-0.054917131838641456,0.03956963662598249,0.3956284766617852,34,32,10
WMT,1975-02-10,0.0302729997783899,0.0307620000094175,0.0302729997783899,0.0302729997783899,0.016823474317789,1024000,True,0.0,0.03921763027953146,0.3921090171343186,34,32,10
WMT,1975-02-11,0.0297849997878074,0.0297849997878074,0.0290530007332563,0.029296999797225,0.016281085088849,409600,False,-0.032771181939063455,0.04210256828508073,0.4209534475036816,33,32,10
WMT,1975-02-12,0.029296999797225,0.029296999797225,0.0290530007332563,0.029296999797225,0.016281085088849,1177600,False,0.0,0.02677473971095276,0.26770145970722653,39,40,13
WMT,1975-02-13,0.029296999797225,0.0302729997783899,0.029296999797225,0.029296999797225,0.016281085088849,6553600,False,0.0,0.02525863050736557,0.2525429688588608,39,40,13
WMT,1975-02-14,0.029296999797225,0.0295410007238388,0.029296999797225,0.0295410007238388,0.0164166782051324,563200,False,0.00829377179797262,0.015991468779297704,0.15988725124111397,43,40,13
WMT,1975-02-18,0.0295410007238388,0.0295410007238388,0.0288089998066425,0.0295410007238388,0.0164166782051324,256000,True,0.0,0.015991468779297704,0.15988725124111397,43,40,13
WMT,1975-02-19,0.0295410007238388,0.0295410007238388,0.0290530007332563,0.0290530007332563,0.0161454956978559,1075200,False,-0.016656675190307446,0.009113778694953452,0.09112215044576594,46,48,16
WMT,1975-02-20,0.0290530007332563,0.0290530007332563,0.0290530007332563,0.0290530007332563,0.0161454956978559,0,False,0.0,0.009113778694953452,0.09112215044576594,46,48,16
WMT,1975-02-21,0.0290530007332563,0.0290530007332563,0.0285640005022287,0.0290530007332563,0.0161454956978559,1075200,False,0.0,0.009113778694953452,0.09112215044576594,46,48,16
WMT,1975-02-24,0.0290530007332563,0.0290530007332563,0.0290530007332563,0.0290530007332563,0.0161454956978559,153600,True,0.0,0.0074490916009324094,0.07447813560804499,47,48,16
WMT,1975-02-25,0.0285640005022287,0.0285640005022287,0.0283199995756149,0.0283199995756149,0.0157381370663642,870400,False,-0.025554227273345526,0.011980309914334394,0.11978254453395586,45,48,16
WMT,1975-02-26,0.0283199995756149,0.0283199995756149,0.0280760005116462,0.0283199995756149,0.0157381370663642,409600,False,0.0,0.011428197859135972,0.11426237124024075,45,48,16
WMT,1975-02-27,0.0283199995756149,0.0288089998066425,0.0283199995756149,0.0283199995756149,0.0157381370663642,2457600,False,0.0,0.011428197859135972,0.11426237124024075,45,48,16
WMT,1975-02-28,0.0283199995756149,0.0285640005022287,0.0275880005210638,0.0275880005210638,0.015331351198256,1894400,False,-0.026187049550809176,0.014171698471209877,0.1416926703388877,44,48,16
WMT,1975-03-03,0.0275880005210638,0.0278319995850324,0.0273439995944499,0.0273439995944499,0.0151957552880048,460800,True,-0.008883698301457837,0.013063524308445894,0.13061283000488821,44,48,16
WMT,1975-03-04,0.0280760005116462,0.0285640005022287,0.0280760005116462,0.0285640005022287,0.0158737376332283,563200,False,0.043649890965691475,0.02576467689343541,0.25760256449612656,39,40,13
WMT,1975-03-05,0.0285640005022287,0.029296999797225,0.0280760005116462,0.029296999797225,0.016281085088849,614400,False,0.025337987552255792,0.02775758411535633,0.27752821748580114,38,40,13
WMT,1975-03-06,0.029296999797225,0.029296999797225,0.0288089998066425,0.029296999797225,0.016281085088849,1638400,False,0.0,0.02775758411535633,0.27752821748580114,38,40,13
WMT,1975-03-07,0.0297849997878074,0.0327150002121925,0.0297849997878074,0.0324710011482238,0.0180449653416872,3020800,False,0.10286270743026243,0.044427868438786065,0.4442024595248784,32,32,10
WMT,1975-03-10,0.0329589992761611,0.0361329987645149,0.0329589992761611,0.0361329987645149,0.0200800113379955,1638400,True,0.10685814203184375,0.047463182263846986,0.4745503900896689,31,32,10
WMT,1975-03-11,0.0373539999127388,0.0402829982340335,0.0373539999127388,0.0402829982340335,0.0224228985607624,6348800,False,0.11035783442425665,0.05233958575696911,0.5233060585788084,29,32,10
WMT,1975-03-12,0.0400389991700649,0.0400389991700649,0.0395510010421276,0.0397950001060962,0.0221512671560049,5120000,False,-0.012187991087958263,0.0619827841048968,0.6197214972293863,25,24,8
WMT,1975-03-13,0.0393069982528686,0.0393069982528686,0.0378420017659664,0.0388180017471313,0.021607432514429,1792000,False,-0.02485734940862857,0.06878064947624617,0.68768848784999,22,24,8
WMT,1975-03-14,0.0390629991888999,0.0395510010421276,0.0390629991888999,0.0390629991888999,0.0217438042163848,1996800,False,0.00629149994660588,0.06604904698391922,0.660377149535217,23,24,8
WMT,1975-03-17,0.0390629991888999,0.0395510010421276,0.0383299998939037,0.0390629991888999,0.0217438042163848,2969600,True,0.0,0.05412372485478402,0.5411443885107482,28,32,10
WMT,1975-03-18,0.0390629991888999,0.0397950001060962,0.0385739989578723,0.0390629991888999,0.0217438042163848,1280000,False,0.0,0.012418314864004501,0.12416184254586939,45,48,16
WMT,1975-03-19,0.0390629991888999,0.0395510010421276,0.0385739989578723,0.0390629991888999,0.0217438042163848,4198400,False,0.0,0.012129845814678608,0.12127764697875776,45,48,16
WMT,1975-03-20,0.0390629991888999,0.0395510010421276,0.0390629991888999,0.0395510010421276,0.022015431895852,1075200,False,0.012414803929981259,0.005561590762843683,0.05560636561103293,47,48,16
WMT,1975-03-21,0.0390629991888999,0.0390629991888999,0.0385739989578723,0.0385739989578723,0.0214716028422117,3584000,False,-0.025012393194419957,0.013674861232175789,0.1367251503718523,44,48,16
WMT,1975-03-24,0.0375979989767074,0.0375979989767074,0.0366210006177425,0.0366210006177425,0.02038449421525,1996800,True,-0.05195673972494438,0.025718659055848272,0.2571424650730271,39,40,13
WMT,1975-03-25,0.0361329987645149,0.0361329987645149,0.0358889997005462,0.0361329987645149,0.0201128739863634,819200,False,-0.013414417480995913,0.024715235604277408,0.24710995213023648,40,40,13
WMT,1975-03-26,0.0366210006177425,0.0371089987456798,0.0366210006177425,0.0371089987456798,0.0206561386585235,1792000,False,0.02665243996131971,0.03099546927486993,0.3099015138436208,37,40,13
WMT,1975-03-27,0.0375979989767074,0.0375979989767074,0.0375979989767074,0.0375979989767074,0.0209283251315355,768000,False,0.013090964043709536,0.03112037203589344,0.3111503271582757,37,40,13
WMT,1975-03-31,0.0378420017659664,0.0390629991888999,0.0378420017659664,0.0390629991888999,0.0217438042163848,3328000,True,0.038225342465349546,0.036022951885650904,0.36016771430301164,35,32,10
WMT,1975-04-01,0.0388180017471313,0.0388180017471313,0.0385739989578723,0.0385739989578723,0.0214716028422117,4454400,False,-0.012597589264438628,0.023138971418040336,0.23135001466323385,40,40,13
WMT,1975-04-02,0.0383299998939037,0.0383299998939037,0.0371089987456798,0.0371089987456798,0.0206561386585235,1280000,False,-0.03871871724462048,0.031059098953626862,0.3105377014617945,37,40,13
WMT,1975-04-03,0.0366210006177425,0.0366210006177425,0.0361329987645149,0.0361329987645149,0.0201128739863634,921600,False,-0.026652439961319743,0.031059098953626844,0.3105377014617943,37,40,13
WMT,1975-04-04,0.0356450006365776,0.0356450006365776,0.0356450006365776,0.0356450006365776,0.019841231405735,51200,False,-0.013597940116494142,0.029347963556706082,0.29342928328639717,38,40,13
WMT,1975-04-07,0.0353999994695186,0.0353999994695186,0.034180000424385,0.0346679985523223,0.0192973855882883,1126400,True,-0.027792541763633164,0.010910948066569745,0.10909076075968785,45,48,16
WMT,1975-04-08,0.0349120013415813,0.03515600040555,0.0349120013415813,0.03515600040555,0.0195690263062715,716800,False,0.013978400775687431,0.020251362917278356,0.20247888392351057,41,40,13
WMT,1975-04-09,0.03515600040555,0.03515600040555,0.0346679985523223,0.03515600040555,0.0195690263062715,716800,False,0.0,0.017877941084046587,0.1787487376693815,42,40,13
WMT,1975-04-10,0.03515600040555,0.0361329987645149,0.0349120013415813,0.0353999994695186,0.0197048429399728,1024000,False,0.006916414283939239,0.01670738875620971,0.16704522270682753,43,40,13
WMT,1975-04-11,0.0356450006365776,0.0361329987645149,0.0356450006365776,0.0361329987645149,0.0201128739863634,563200,False,0.0204956668205006,0.01869992924993798,0.1869672090437709,42,40,13
WMT,1975-04-14,0.0371089987456798,0.0373539999127388,0.0371089987456798,0.0371089987456798,0.0206561386585235,716800,True,0.02665243996131971,0.010579337722150977,0.10577522625913748,45,48,16
WMT,1975-04-15,0.0371089987456798,0.0378420017659664,0.0371089987456798,0.0375979989767074,0.0209283251315355,614400,False,0.013090964043709536,0.010579026472127422,0.10577211429291337,45,48,16
WMT,1975-04-16,0.038086000829935,0.0385739989578723,0.038086000829935,0.0385739989578723,0.0214716028422117,614400,False,0.025627753200911055,0.008436096732259629,0.0843464935172998,46,48,16
WMT,1975-04-17,0.0388180017471313,0.0390629991888999,0.0388180017471313,0.0388180017471313,0.021607432514429,1740800,False,0.006306089317832815,0.00864837498665982,0.08646891185564827,46,48,16
WMT,1975-04-18,0.0383299998939037,0.0383299998939037,0.0383299998939037,0.0383299998939037,0.0213357787579298,102400,False,-0.012651935992161177,0.01613651464672482,0.16133746106029126,43,40,13
WMT,1975-04-21,0.0383299998939037,0.0385739989578723,0.038086000829935,0.0385739989578723,0.0214716028422117,102400,True,0.006345846674328449,0.01386033258579188,0.13857954569494077,44,48,16
WMT,1975-04-22,0.0385739989578723,0.0390629991888999,0.0385739989578723,0.0385739989578723,0.0214716028422117,563200,False,0.0,0.013834137162737821,0.13831763640786932,44,48,16
WMT,1975-04-23,0.0385739989578723,0.0390629991888999,0.0363770015537738,0.0363770015537738,0.0202486868947744,870400,False,-0.05864131732687544,0.02734570942174186,0.2734101772027818,39,40,13
WMT,1975-04-24,0.0358889997005462,0.0358889997005462,0.0346679985523223,0.0349120013415813,0.0194332133978605,563200,False,-0.041106313714929364,0.027746153152289798,0.2774139274672312,38,40,13
WMT,1975-04-25,0.0349120013415813,0.0349120013415813,0.0344239994883537,0.0344239994883537,0.0191615801304578,563200,False,-0.014076393615967705,0.027643425998684842,0.27638683218008764,38,40,13
WMT,1975-04-28,0.0339360013604164,0.0339360013604164,0.0339360013604164,0.0339360013604164,0.01888994500041,409600,True,-0.014277469479195202,0.023709310180801257,0.23705242376102445,40,40,13
WMT,1975-04-29,0.0336910001933574,0.0336910001933574,0.0336910001933574,0.0336910001933574,0.0187535658478736,51200,False,-0.0072458570494185965,0.02190459693060403,0.21900838760432043,41,40,13
WMT,1975-04-30,0.0334470011293888,0.0334470011293888,0.0332029983401298,0.0334470011293888,0.0186177492141723,153600,False,-0.0072685283579151504,0.014024162614394809,0.14021756489790393,44,48,16
WMT,1975-05-01,0.0334470011293888,0.0334470011293888,0.0334470011293888,0.0334470011293888,0.0186177492141723,0,False,0.0,0.005911590202667117,0.05910575951547178,47,48,16
WMT,1975-05-02,0.0334470011293888,0.0339360013604164,0.0334470011293888,0.0334470011293888,0.0186177492141723,972800,False,0.0,0.005987192623391983,0.05986165401169978,47,48,16
WMT,1975-05-05,0.0334470011293888,0.034180000424385,0.0332029983401298,0.0339360013604164,0.01888994500041,768000,True,0.014514385407333722,0.008888213158771847,0.08886688208658344,46,48,16
WMT,1975-05-06,0.0339360013604164,0.03515600040555,0.0336910001933574,0.0336910001933574,0.0187535658478736,972800,False,-0.0072458570494185965,0.008888213158771847,0.08886688208658344,46,48,16
WMT,1975-05-07,0.0336910001933574,0.0349120013415813,0.0336910001933574,0.0349120013415813,0.0194332133978605,870400,False,0.03559972014458154,0.01705119172207188,0.17048266250293984,43,40,13
WMT,1975-05-08,0.03515600040555,0.03515600040555,0.03515600040555,0.03515600040555,0.0195690263062715,307200,False,0.006964392731424566,0.016449576302701163,0.16446754050038925,43,40,13
WMT,1975-05-09,0.03515600040555,0.0356450006365776,0.03515600040555,0.03515600040555,0.0195690263062715,204800,False,0.0,0.016449576302701163,0.16446754050038925,43,40,13
WMT,1975-05-12,0.0353999994695186,0.0363770015537738,0.0353999994695186,0.0363770015537738,0.0202486868947744,1331200,True,0.03414192098350478,0.01980576191930456,0.19802363846109494,42,40,13
WMT,1975-05-13,0.0363770015537738,0.0366210006177425,0.0353999994695186,0.0353999994695186,0.0197048429399728,512000,False,-0.02722550669956536,0.026139420949864215,0.26134936211229765,39,40,13
WMT,1975-05-14,0.0358889997005462,0.0371089987456798,0.0358889997005462,0.0368649996817112,0.0205203257501125,1536000,False,0.04055145489040853,0.0274191904334474,0.2741448612485165,39,40,13
WMT,1975-05-15,0.0375979989767074,0.0385739989578723,0.0375979989767074,0.0383299998939037,0.0213357787579298,1996800,False,0.038969522461704015,0.02989840557431629,0.29893275906951244,38,40,13
WMT,1975-05-16,0.0383299998939037,0.0390629991888999,0.0371089987456798,0.0378420017659664,0.0210641492158174,3532800,False,-0.012812911305163982,0.03221025082729646,0.32204724516802147,37,40,13
WMT,1975-05-19,0.038086000829935,0.0385739989578723,0.038086000829935,0.0383299998939037,0.0213357787579298,1894400,True,0.012812911305164019,0.030354779408455188,0.3034957144106316,37,40,13
WMT,1975-05-20,0.0383299998939037,0.0390629991888999,0.0378420017659664,0.0378420017659664,0.0210641492158174,2560000,False,-0.012812911305163982,0.026294310448361717,0.2628979913534678,39,40,13
WMT,1975-05-21,0.038086000829935,0.0400389991700649,0.038086000829935,0.0400389991700649,0.0222870782017707,1536000,False,0.05643455158807866,0.030950502215154618,0.3094519203964207,37,40,13
WMT,1975-05-22,0.0400389991700649,0.0412600003182888,0.0397950001060962,0.0397950001060962,0.0221512671560049,3737600,False,-0.006112354882125004,0.02929736457959565,0.2929233803279227,38,40,13
WMT,1975-05-23,0.0397950001060962,0.0412600003182888,0.0397950001060962,0.0412600003182888,0.022966718301177,3737600,False,0.036151434785122984,0.028991159582503173,0.28986185571269846,38,40,13
WMT,1975-05-27,0.0412600003182888,0.0422360002994537,0.0412600003182888,0.0415039993822574,0.0231025572866201,2457600,True,0.005897178862884636,0.02942023660092954,0.29415188972982004,38,40,13
WMT,1975-05-28,0.0415039993822574,0.0415039993822574,0.0405270010232925,0.0405270010232925,0.022558718919754,1075200,False,-0.023821676903280294,0.032371275854655636,0.32365721917108575,37,40,13
WMT,1975-05-29,0.0407710000872612,0.0407710000872612,0.0407710000872612,0.0407710000872612,0.0226945374161005,1280000,False,0.0060026135201753945,0.02189132786983367,0.21887571976233514,41,40,13
WMT,1975-05-30,0.0410160012543201,0.0410160012543201,0.0410160012543201,0.0410160012543201,0.0228308998048305,512000,False,0.0059906199638273235,0.0212040232322846,0.2120038525949331,41,40,13
WMT,1975-06-02,0.0410160012543201,0.0410160012543201,0.0410160012543201,0.0410160012543201,0.0228308998048305,1536000,True,0.0,0.012914448553859705,0.12912232822819478,44,48,16
WMT,1975-06-03,0.0410160012543201,0.0417479984462261,0.0397950001060962,0.0417479984462261,0.0232383552938699,9625600,False,0.017689285962227606,0.015373940043940434,0.15371302338116305,43,40,13
WMT,1975-06-04,0.0427250005304813,0.0473630018532276,0.0427250005304813,0.045898001641035,0.0255484171211719,9728000,False,0.09477120353413857,0.03958745041377167,0.39580658397657364,34,32,10
WMT,1975-06-05,0.0456539988517761,0.0456539988517761,0.0444339998066425,0.0444339998066425,0.0247334875166416,1075200,False,-0.032417267213699426,0.04717227521537167,0.47164181871393657,31,32,10
WMT,1975-06-06,0.0444339998066425,0.0446779988706111,0.0441889986395835,0.0444339998066425,0.0247334875166416,1075200,False,0.0,0.04760248833855356,0.4759432118293992,30,32,10
WMT,1975-06-09,0.0439449995756149,0.0439449995756149,0.0434570014476776,0.0434570014476776,0.0241896510124206,1126400,True,-0.02223319773030716,0.050426397760332434,0.504177461067757,29,32,10
WMT,1975-06-10,0.0434570014476776,0.0437010005116462,0.0422360002994537,0.0424799993634223,0.023645831272006,12441600,False,-0.022738065749435772,0.05240077166711571,0.5239178127036509,29,32,10
WMT,1975-06-11,0.0424799993634223,0.0424799993634223,0.0410160012543201,0.0410160012543201,0.0228308998048305,1331200,False,-0.03507195880292379,0.01380927119426036,0.13806901938561952,44,48,16
WMT,1975-06-12,0.0415039993822574,0.0437010005116462,0.0415039993822574,0.0437010005116462,0.0243254713714122,2048000,False,0.06340913291893059,0.03939148563253563,0.3938472723808521,34,32,10
WMT,1975-06-13,0.0441889986395835,0.0449220016598701,0.0441889986395835,0.0449220016598701,0.0250051151961088,3840000,False,0.027556405834684067,0.04182580319089133,0.4181862714074672,33,32,10
WMT,1975-06-16,0.0449220016598701,0.0449220016598701,0.0444339998066425,0.0449220016598701,0.0250051151961088,563200,True,0.0,0.03970918641815188,0.3970237351579977,34,32,10
WMT,1975-06-17,0.046875,0.0485839992761611,0.046875,0.0471189990639686,0.0262280460447073,8755200,False,0.04774888617201967,0.03918456299424389,0.3917784010149613,34,32,10
WMT,1975-06-18,0.0471189990639686,0.0471189990639686,0.0466310009360313,0.0466310009360313,0.0259564109146595,1536000,False,-0.01041067012038785,0.031128929967377227,0.31123589179027644,37,40,13
WMT,1975-06-19,0.0471189990639686,0.0476070009171962,0.0471189990639686,0.0471189990639686,0.0262280460447073,1024000,False,0.010410670120387832,0.023032033871666687,0.23028082267217131,40,40,13
WMT,1975-06-20,0.0471189990639686,0.0485839992761611,0.0471189990639686,0.0485839992761611,0.0270435009151697,1228800,False,0.030617416553637738,0.023483456683486115,0.2347942762845613,40,40,13
WMT,1975-06-23,0.0485839992761611,0.0485839992761611,0.0480960011482238,0.0485839992761611,0.0270763840526342,563200,True,0.0012151962824980683,0.023286155419725996,0.23282160215660114,40,40,13
WMT,1975-06-24,0.0485839992761611,0.0488279983401298,0.0478519983589649,0.0485839992761611,0.0270763840526342,1075200,False,0.0,0.015435381070287734,0.15432732823030987,43,40,13
WMT,1975-06-25,0.0485839992761611,0.0493160001933574,0.0480960011482238,0.0483400002121925,0.0269404184073209,665600,False,-0.005034208848812193,0.014104300499513807,0.14101880625658014,44,48,16
WMT,1975-06-26,0.0483400002121925,0.0483400002121925,0.0478519983589649,0.0478519983589649,0.0266684312373399,1433600,False,-0.010147186725778232,0.015904079259320615,0.15901350597548172,43,40,13
WMT,1975-06-27,0.0476070009171962,0.0476070009171962,0.0463869981467723,0.0473630018532276,0.0263959299772977,1433600,False,-0.010270684476154127,0.005426486244244215,0.05425555222376685,47,48,16
WMT,1975-06-30,0.0473630018532276,0.0478519983589649,0.0473630018532276,0.0476070009171962,0.0265318974852561,819200,True,0.005137857100048648,0.00666445161945813,0.06663308199957271,47,48,16
WMT,1975-07-01,0.0478519983589649,0.0488279983401298,0.0478519983589649,0.0488279983401298,0.0272123683243989,4147200,False,0.025323899917239358,0.014970585549061227,0.14968017046739732,44,48,16
WMT,1975-07-02,0.049805000424385,0.0502929985523223,0.049805000424385,0.0502929985523223,0.0280288346111774,3379200,False,0.029562200071302752,0.018949571933548206,0.1894632075680945,42,40,13
WMT,1975-07-03,0.05078100040555,0.0515139997005462,0.05078100040555,0.0515139997005462,0.0287093296647071,409600,False,0.023988357536117354,0.016844760380832897,0.16841870326465858,43,40,13
WMT,1975-07-07,0.0515139997005462,0.0515139997005462,0.05078100040555,0.0510249994695186,0.0284367948770523,2252800,True,-0.009538244493813613,0.01657379812072892,0.16570954555338002,43,40,13
WMT,1975-07-08,0.0510249994695186,0.0510249994695186,0.0502929985523223,0.0505370013415813,0.0281648151576519,1024000,False,-0.009610391384948309,0.01975201162979889,0.19748622778537256,42,40,13
WMT,1975-07-09,0.0505370013415813,0.05078100040555,0.0502929985523223,0.0505370013415813,0.0281648151576519,1689600,False,0.0,0.018681570177631293,0.1867836498193516,42,40,13
WMT,1975-07-10,0.0505370013415813,0.0505370013415813,0.0502929985523223,0.0502929985523223,0.0280288346111774,819200,False,-0.004839721657355436,0.013983936620252322,0.13981537397218924,44,48,16
WMT,1975-07-11,0.0502929985523223,0.05078100040555,0.0500489994883537,0.0500489994883537,0.0278928484767675,512000,False,-0.004863458856864842,0.0039977620781469865,0.03997076182385271,48,48,16
WMT,1975-07-14,0.0500489994883537,0.0502929985523223,0.0495610013604164,0.0495610013604164,0.0276208780705928,1740800,True,-0.009798390381666855,0.004060263071783971,0.04059566452731123,48,48,16
WMT,1975-07-15,0.0495610013604164,0.0500489994883537,0.0495610013604164,0.0495610013604164,0.0276208780705928,358400,False,0.0,0.004093358595431673,0.040926562981821346,48,48,16
WMT,1975-07-16,0.0495610013604164,0.049805000424385,0.0495610013604164,0.049805000424385,0.0277568735182285,512000,False,0.004911565281146566,0.005581989174747037,0.05581031473252535,47,48,16
WMT,1975-07-17,0.049805000424385,0.0500489994883537,0.0495610013604164,0.0495610013604164,0.0276208780705928,972800,False,-0.004911565281146419,0.0055882615482636165,0.05587302770618427,47,48,16
WMT,1975-07-18,0.0495610013604164,0.0500489994883537,0.0493160001933574,0.049805000424385,0.0277568735182285,460800,False,0.004911565281146566,0.006395362825747767,0.0639426557379253,47,48,16
WMT,1975-07-21,0.049805000424385,0.0502929985523223,0.0488279983401298,0.0488279983401298,0.0272123683243989,2201600,True,-0.019811916113917378,0.010252784373645376,0.1025102530414344,45,48,16
WMT,1975-07-22,0.0485839992761611,0.0485839992761611,0.0476070009171962,0.0478519983589649,0.0266684312373399,2150400,False,-0.020191072541134034,0.012512795971702396,0.12510649152167758,44,48,16
WMT,1975-07-23,0.0478519983589649,0.0478519983589649,0.0476070009171962,0.0478519983589649,0.0266684312373399,563200,False,0.0,0.011493373712937108,0.11491401795608508,45,48,16
WMT,1975-07-24,0.0478519983589649,0.0488279983401298,0.0476070009171962,0.0478519983589649,0.0266684312373399,972800,False,0.0,0.012021161602522836,0.12019099132662725,45,48,16
WMT,1975-07-25,0.0476070009171962,0.0476070009171962,0.046875,0.046875,0.0261239670217037,460800,False,-0.020627345552625458,0.011073293658468744,0.11071393814245874,45,48,16
WMT,1975-07-28,0.046875,0.0478519983589649,0.0456539988517761,0.0463869981467723,0.0258519798517227,1792000,True,-0.010465981633973895,0.010206439577353206,0.10204688459224746,45,48,16
WMT,1975-07-29,0.0466310009360313,0.0478519983589649,0.0466310009360313,0.046875,0.0261239670217037,1126400,False,0.010465981633973954,0.011826489871928391,0.1182446080188356,45,48,16
WMT,1975-07-30,0.0476070009171962,0.0478519983589649,0.0476070009171962,0.0476070009171962,0.0265318974852561,1228800,False,0.015494518176520049,0.014827102193455694,0.1482455830856354,44,48,16
WMT,1975-07-31,0.0478519983589649,0.0488279983401298,0.0478519983589649,0.0478519983589649,0.0266684312373399,870400,False,0.00513282737610546,0.015091280082121862,0.15088690872247723,43,40,13
WMT,1975-08-01,0.0478519983589649,0.0488279983401298,0.0463869981467723,0.0463869981467723,0.0258519798517227,1689600,False,-0.03109332718659937,0.0189102300008564,0.189069855740103,42,40,13
WMT,1975-08-04,0.0463869981467723,0.0463869981467723,0.0463869981467723,0.0463869981467723,0.0258519798517227,102400,True,0.0,0.01832182972229449,0.1831868624724326,42,40,13
WMT,1975-08-05,0.0461429990828037,0.0461429990828037,0.0449220016598701,0.0449220016598701,0.0250355172902345,358400,False,-0.032091679780124664,0.0217994610485614,0.21795720916545383,41,40,13
WMT,1975-08-06,0.0451660007238388,0.0456539988517761,0.0451660007238388,0.0456539988517761,0.0254434719681739,307200,False,0.016163697646150804,0.02198495486230108,0.21981182905124338,41,40,13
WMT,1975-08-07,0.0456539988517761,0.0471189990639686,0.0456539988517761,0.046875,0.0261239670217037,5785600,False,0.026393963767947885,0.02678376315379073,0.2677916786540916,39,40,13
WMT,1975-08-08,0.046875,0.0485839992761611,0.046875,0.046875,0.0261239670217037,1075200,False,0.0,0.02216909448859753,0.22165290938597912,41,40,13
WMT,1975-08-11,0.046875,0.0478519983589649,0.045898001641035,0.045898001641035,0.0255794785916805,1843200,True,-0.0210627571582513,0.024540597817163487,0.24536387388502717,40,40,13
WMT,1975-08-12,0.045898001641035,0.046875,0.0456539988517761,0.0463869981467723,0.0258519798517227,1228800,False,0.010596775524277494,0.018082191884401872,0.18079089523997824,42,40,13
WMT,1975-08-13,0.0463869981467723,0.0463869981467723,0.0463869981467723,0.0463869981467723,0.0258519798517227,0,False,0.0,0.017333728616710748,0.17330754670097487,43,40,13
WMT,1975-08-14,0.045898001641035,0.045898001641035,0.045898001641035,0.045898001641035,0.0255794785916805,1075200,False,-0.010596775524277426,0.012036352170714254,0.12034287094609415,45,48,16
WMT,1975-08-15,0.0463869981467723,0.0463869981467723,0.0463869981467723,0.0463869981467723,0.0258519798517227,102400,False,0.010596775524277494,0.013771413683158278,0.13769050922670417,44,48,16
WMT,1975-08-18,0.0463869981467723,0.0473630018532276,0.0463869981467723,0.0473630018532276,0.0263959299772977,1843200,True,0.02082264271044517,0.0119689330721347,0.11966879563119916,45,48,16
WMT,1975-08-19,0.046875,0.046875,0.046875,0.046875,0.0261239670217037,51200,False,-0.010356661076471374,0.013633770817450664,0.136314316723397,44,48,16
WMT,1975-08-20,0.046875,0.046875,0.0463869981467723,0.0463869981467723,0.0258519798517227,1075200,False,-0.010465981633973895,0.014789886347486675,0.14787348847714626,44,48,16
WMT,1975-08-21,0.0456539988517761,0.0456539988517761,0.0449220016598701,0.0449220016598701,0.0250355172902345,665600,False,-0.032091679780124664,0.02061638323330997,0.20612846081872435,41,40,13
WMT,1975-08-22,0.0449220016598701,0.0449220016598701,0.0449220016598701,0.0449220016598701,0.0250355172902345,358400,False,0.0,0.019198179461543254,0.19194885631228212,42,40,13
WMT,1975-08-25,0.0449220016598701,0.0449220016598701,0.0444339998066425,0.0449220016598701,0.0250355172902345,640000,True,0.0,0.013102366259558174,0.1310011828749025,44,48,16
WMT,1975-08-26,0.0449220016598701,0.0449220016598701,0.0449220016598701,0.0449220016598701,0.0250355172902345,742400,False,0.0,0.013938990042909619,0.1393659853135737,44,48,16
WMT,1975-08-27,0.0449220016598701,0.0449220016598701,0.0444339998066425,0.0449220016598701,0.0250355172902345,1024000,False,0.0,0.01435183550010289,0.14349373156684261,44,48,16
WMT,1975-08-28,0.0449220016598701,0.0449220016598701,0.0444339998066425,0.0449220016598701,0.0250355172902345,1152000,False,0.0,0.0,0.0,50,48,16
WMT,1975-08-29,0.0454099997878074,0.045898001641035,0.0454099997878074,0.045898001641035,0.0255794785916805,4633600,False,0.021494904255847287,0.009612813417184939,0.09611164147455493,46,48,16
WMT,1975-09-02,0.045898001641035,0.045898001641035,0.045898001641035,0.045898001641035,0.0255794785916805,0,True,0.0,0.00961281341718494,0.09611164147455495,46,48,16
WMT,1975-09-03,0.0463869981467723,0.0483400002121925,0.0463869981467723,0.0483400002121925,0.0269404184073209,665600,False,0.05183728943665494,0.022768472493541712,0.22764566108299472,40,40,13
WMT,1975-09-04,0.0483400002121925,0.0488279983401298,0.0478519983589649,0.0488279983401298,0.0272123683243989,1459200,False,0.010043885815355686,0.021562125362306995,0.21558425949958163,41,40,13
WMT,1975-09-05,0.0488279983401298,0.05078100040555,0.0488279983401298,0.0502929985523223,0.0280288346111774,3404800,False,0.029562200071302752,0.019830076913460917,0.19826674668543995,42,40,13
WMT,1975-09-08,0.0502929985523223,0.05078100040555,0.0493160001933574,0.049805000424385,0.0277894809842109,3814400,True,-0.008576220600030444,0.024300547241065756,0.24296377997865634,40,40,13
WMT,1975-09-09,0.0493160001933574,0.0493160001933574,0.0488279983401298,0.0488279983401298,0.0272443499416112,2355200,False,-0.019811409210429915,0.02886497002299823,0.2886001766209885,38,40,13
WMT,1975-09-10,0.0478519983589649,0.0478519983589649,0.0454099997878074,0.0463869981467723,0.0258823484182357,665600,False,-0.05128494991267276,0.030618328301390146,0.30613075116932886,37,40,13
WMT,1975-09-11,0.0463869981467723,0.0463869981467723,0.0463869981467723,0.0463869981467723,0.0258823484182357,102400,False,0.0,0.029444452896574887,0.2943940111383919,38,40,13
WMT,1975-09-12,0.0463869981467723,0.0478519983589649,0.045898001641035,0.046875,0.0261546429246664,1766400,False,0.010465516345194199,0.023705448162399115,0.23701381020306533,40,40,13
WMT,1975-09-15,0.045898001641035,0.045898001641035,0.0449220016598701,0.0454099997878074,0.0253372248262166,614400,True,-0.0317520730689301,0.024664947653106083,0.2466071588975261,40,40,13
WMT,1975-09-16,0.0454099997878074,0.045898001641035,0.0449220016598701,0.045898001641035,0.0256095062941312,665600,False,0.010688970788170575,0.02782189655649049,0.2781712315563322,38,40,13
WMT,1975-09-17,0.045898001641035,0.046875,0.0454099997878074,0.045898001641035,0.0256095062941312,486400,False,0.0,0.017389030360576728,0.17386046925847115,43,40,13
WMT,1975-09-18,0.045898001641035,0.045898001641035,0.0454099997878074,0.0454099997878074,0.0253372248262166,435200,False,-0.010688970788170583,0.01771726467415592,0.17714224924287955,42,40,13
WMT,1975-09-19,0.045898001641035,0.0473630018532276,0.045898001641035,0.0473630018532276,0.0264269206672906,4377600,False,0.04210856145221901,0.027333047371469937,0.27328357842433343,39,40,13
WMT,1975-09-22,0.0473630018532276,0.0493160001933574,0.0473630018532276,0.0483400002121925,0.0269720647484064,3788800,True,0.020418478613494717,0.020227625055910015,0.2022415460368594,41,40,13
WMT,1975-09-23,0.0483400002121925,0.0488279983401298,0.0483400002121925,0.0488279983401298,0.0272443499416112,793600,False,0.010044466570694851,0.020244140961421027,0.20240667675564192,41,40,13
WMT,1975-09-24,0.0488279983401298,0.0488279983401298,0.0488279983401298,0.0488279983401298,0.0272443499416112,230400,False,0.0,0.020244140961421027,0.20240667675564192,41,40,13
WMT,1975-09-25,0.0478519983589649,0.0478519983589649,0.0478519983589649,0.0478519983589649,0.0266997665166854,204800,False,-0.02019133734422583,0.02318345423943361,0.2317947665580209,40,40,13
WMT,1975-09-26,0.0478519983589649,0.0483400002121925,0.0473630018532276,0.0473630018532276,0.0264269206672906,588800,False,-0.010271607839963861,0.01605460688514275,0.16051852397356015,43,40,13
WMT,1975-09-29,0.0473630018532276,0.0483400002121925,0.046875,0.0478519983589649,0.0266997665166854,537600,True,0.010271607839963769,0.013219317970069479,0.13217049932604716,44,48,16
WMT,1975-09-30,0.0478519983589649,0.0483400002121925,0.0478519983589649,0.0478519983589649,0.0266997665166854,588800,False,0.0,0.011588398705544714,0.11586410484784741,45,48,16
WMT,1975-10-01,0.046875,0.046875,0.0463869981467723,0.0463869981467723,0.0258823484182357,614400,False,-0.0310936125684469,0.01627486930847643,0.1627207703028104,43,40,13
WMT,1975-10-02,0.0463869981467723,0.0473630018532276,0.0463869981467723,0.046875,0.0261546429246664,588800,False,0.010465516345194199,0.017336723734641086,0.1733374927415565,43,40,13
WMT,1975-10-03,0.046875,0.0478519983589649,0.046875,0.0473630018532276,0.0264269206672906,10265600,False,0.010356488383289003,0.01795203716977143,0.1794895714000272,42,40,13
WMT,1975-10-06,0.0478519983589649,0.0502929985523223,0.0478519983589649,0.0493160001933574,0.0275166276842355,2201600,True,0.04040725217809455,0.02566471918417714,0.2566031589009161,39,40,13
WMT,1975-10-07,0.05078100040555,0.053711000829935,0.05078100040555,0.0527339987456798,0.0294237621128559,2048000,False,0.06701211801699139,0.03680838583172071,0.3680207061952347,35,32,10
WMT,1975-10-08,0.0527339987456798,0.0527339987456798,0.0502929985523223,0.0512700006365776,0.0286068860441446,640000,False,-0.028155123410197932,0.0358099612522688,0.35803817339707217,35,32,10
WMT,1975-10-09,0.0512700006365776,0.0527339987456798,0.05078100040555,0.0517579987645149,0.028879189863801,896000,False,0.009473802204259028,0.035878772541636655,0.3587261682312694,35,32,10
WMT,1975-10-10,0.0522460006177425,0.0566410012543201,0.0522460006177425,0.0561520010232925,0.0313309133052825,3456000,False,0.0814839938576089,0.04430114663572071,0.44293545891073427,32,32,10
WMT,1975-10-13,0.0561520010232925,0.0566410012543201,0.0551760010421276,0.0551760010421276,0.0307863075286149,332800,True,-0.017535225307488918,0.04949462871263049,0.4948613692262446,30,32,10
WMT,1975-10-14,0.0561520010232925,0.0581049993634223,0.0561520010232925,0.0571289993822574,0.0318759977817535,1638400,False,0.03478327557179396,0.044039306010794144,0.4403175019012467,32,32,10
WMT,1975-10-15,0.0571289993822574,0.05859399959445,0.0566410012543201,0.05859399959445,0.0326934345066547,3430400,False,0.025320972185641312,0.03647610159175687,0.3646984338954357,35,32,10
WMT,1975-10-16,0.05859399959445,0.0590820014476776,0.0566410012543201,0.0566410012543201,0.0316037163138389,2304000,False,-0.03389955958500082,0.04561196186789318,0.4560413622676768,31,32,10
WMT,1975-10-17,0.0566410012543201,0.0566410012543201,0.0546879991888999,0.0561520010232925,0.0313309133052825,5120000,False,-0.008669462864945411,0.029081143998033673,0.29076154548180433,38,40,13
WMT,1975-10-20,0.0551760010421276,0.0551760010421276,0.0522460006177425,0.0532229989767074,0.0296966060996055,1100800,True,-0.05357248914285899,0.03770159921796027,0.3769513075720447,34,32,10
WMT,1975-10-21,0.053711000829935,0.0551760010421276,0.053711000829935,0.0551760010421276,0.0307863075286149,358400,False,0.03603726383537009,0.03805329185711424,0.380467630564768,34,32,10
WMT,1975-10-22,0.0551760010421276,0.0551760010421276,0.0546879991888999,0.0546879991888999,0.0305140148848295,2508800,False,-0.008883947879662967,0.03361579244418304,0.33610024985011266,36,32,10
WMT,1975-10-23,0.0546879991888999,0.0546879991888999,0.0522460006177425,0.0541989989578723,0.030241185799241,896000,False,-0.008981319013789582,0.0316820611597583,0.3167662547072851,37,40,13
WMT,1975-10-24,0.0546879991888999,0.0566410012543201,0.0546879991888999,0.0556639991700649,0.0310586132109165,3686400,False,0.02667140452851024,0.03544153292417913,0.35435452222840175,35,32,10
WMT,1975-10-27,0.0566410012543201,0.0581049993634223,0.0566410012543201,0.0581049993634223,0.0324205979704856,1920000,True,0.04291779262222862,0.024855423509117652,0.2485115906583481,40,40,13
WMT,1975-10-28,0.0581049993634223,0.05859399959445,0.057617001235485,0.05859399959445,0.0326934345066547,3046400,False,0.008380317500148953,0.022696998512743764,0.22693104390287439,40,40,13
WMT,1975-10-29,0.0581049993634223,0.0581049993634223,0.0556639991700649,0.0556639991700649,0.0310586132109165,1356800,False,-0.05129811012237751,0.03630806670955772,0.3630183733707747,35,32,10
WMT,1975-10-30,0.0556639991700649,0.0571289993822574,0.0551760010421276,0.0551760010421276,0.0307863075286149,1228800,False,-0.008806137635057713,0.036293047111091624,0.36286820315522844,35,32,10
WMT,1975-10-31,0.0551760010421276,0.0561520010232925,0.0551760010421276,0.0551760010421276,0.0307863075286149,384000,False,0.0,0.03393265829232057,0.3392683646849726,36,32,10
WMT,1975-11-03,0.0551760010421276,0.0571289993822574,0.0551760010421276,0.0571289993822574,0.0318759977817535,972800,True,0.03478327557179396,0.03135184598571192,0.3134646695167657,37,40,13
WMT,1975-11-04,0.057617001235485,0.0581049993634223,0.057617001235485,0.0581049993634223,0.0324205979704856,537600,False,0.01694065468549224,0.03237228852958556,0.3236673441829393,37,40,13
WMT,1975-11-05,0.0581049993634223,0.05859399959445,0.057617001235485,0.0581049993634223,0.0324205979704856,3456000,False,0.0,0.017363918883788302,0.17360939757433017,43,40,13
WMT,1975-11-06,0.0581049993634223,0.05859399959445,0.0566410012543201,0.0566410012543201,0.0316037163138389,3251200,False,-0.025519242084851852,0.022420730478838274,0.22416883755669312,41,40,13
WMT,1975-11-07,0.057617001235485,0.0581049993634223,0.057617001235485,0.0581049993634223,0.0324205979704856,1484800,False,0.025519242084851772,0.023792081043883525,0.2378799903819349,40,40,13
WMT,1975-11-10,0.0581049993634223,0.0590820014476776,0.0581049993634223,0.05859399959445,0.0326934345066547,3891200,True,0.008380317500148953,0.019566863630010728,0.1956350654457854,42,40,13
WMT,1975-11-11,0.05859399959445,0.0590820014476776,0.05859399959445,0.05859399959445,0.0326934345066547,819200,False,0.0,0.01842991596761361,0.18426753948212787,42,40,13
WMT,1975-11-12,0.05859399959445,0.0595699995756149,0.05859399959445,0.0595699995756149,0.0332380235195159,27059200,False,0.01652022918304405,0.019503869371292615,0.19500523093781016,42,40,13
WMT,1975-11-13,0.0595699995756149,0.0605470016598701,0.0595699995756149,0.0605470016598701,0.0337831564247608,3404800,False,0.01626784033829989,0.009612154601807905,0.09610505445111368,46,48,16
WMT,1975-11-14,0.0605470016598701,0.0605470016598701,0.0595699995756149,0.0605470016598701,0.0337831564247608,947200,False,0.0,0.008197912919544649,0.08196506404195182,46,48,16
WMT,1975-11-17,0.0605470016598701,0.061523001641035,0.0600589998066425,0.061523001641035,0.034327708184719,17228800,True,0.015990499205755456,0.008907678049990427,0.08906149760286891,46,48,16
WMT,1975-11-18,0.061523001641035,0.061523001641035,0.0605470016598701,0.0605470016598701,0.0337831564247608,1587200,False,-0.015990499205755366,0.01443902031513877,0.14436543013427489,44,48,16
WMT,1975-11-19,0.0600589998066425,0.0600589998066425,0.05859399959445,0.05859399959445,0.0326934345066547,409600,False,-0.03278806952134394,0.02119262057565898,0.21188984559220694,41,40,13
WMT,1975-11-20,0.05859399959445,0.0605470016598701,0.05859399959445,0.0600589998066425,0.0335108526051044,2227200,False,0.024695066597889864,0.023362344743440403,0.23358336467577548,40,40,13
WMT,1975-11-21,0.0600589998066425,0.0605470016598701,0.0600589998066425,0.0605470016598701,0.0337831564247608,665600,False,0.00809300292345423,0.023779153912767144,0.23775074124984097,40,40,13
WMT,1975-11-24,0.0600589998066425,0.0600589998066425,0.0595699995756149,0.0595699995756149,0.0332380235195159,153600,True,-0.016267840338299998,0.022708033345181594,0.22704137329479834,40,40,13
WMT,1975-11-25,0.0595699995756149,0.0605470016598701,0.0595699995756149,0.0595699995756149,0.0332380235195159,870400,False,0.0,0.022147881484171815,0.22144081573685892,41,40,13
WMT,1975-11-26,0.0595699995756149,0.0605470016598701,0.05859399959445,0.05859399959445,0.0326934345066547,2278400,False,-0.016520229183044004,0.01741338287155875,0.17410395258670525,43,40,13
WMT,1975-11-28,0.05859399959445,0.05859399959445,0.05859399959445,0.05859399959445,0.0326934345066547,25600,True,0.0,0.010966859566404167,0.1096497798307107,45,48,16
WMT,1975-12-01,0.0590820014476776,0.0595699995756149,0.0590820014476776,0.0595699995756149,0.0332380235195159,1126400,True,0.01652022918304405,0.013761813542721605,0.13759452429329172,44,48,16
WMT,1975-12-02,0.0590820014476776,0.0590820014476776,0.05859399959445,0.05859399959445,0.0326934345066547,153600,False,-0.016520229183044004,0.013821815386634689,0.13819443978730067,44,48,16
WMT,1975-12-03,0.057617001235485,0.057617001235485,0.0556639991700649,0.0556639991700649,0.0310586132109165,486400,False,-0.05129811012237751,0.02515146412079929,0.2514714888584929,39,40,13
WMT,1975-12-04,0.0546879991888999,0.0546879991888999,0.0532229989767074,0.053711000829935,0.0299688857048749,614400,False,-0.03571646772272153,0.027104846253595594,0.2710019587700892,39,40,13
WMT,1975-12-05,0.053711000829935,0.0541989989578723,0.0522460006177425,0.053711000829935,0.0300124716013669,435200,False,0.0014533150339042322,0.027344854630509938,0.2734016307570273,39,40,13
WMT,1975-12-08,0.053711000829935,0.0541989989578723,0.053711000829935,0.0541989989578723,0.0302851535379886,972800,True,0.009044594870114447,0.02516358537962829,0.25159268065034757,39,40,13
WMT,1975-12-09,0.053711000829935,0.053711000829935,0.053711000829935,0.053711000829935,0.0300124716013669,716800,False,-0.00904459487011449,0.02553790196581976,0.25533520429755563,39,40,13
WMT,1975-12-10,0.053711000829935,0.0566410012543201,0.053711000829935,0.0566410012543201,0.031649675220251,793600,False,0.05311487161400879,0.03237089630049942,0.32365342428072436,37,40,13
WMT,1975-12-11,0.0566410012543201,0.0566410012543201,0.0546879991888999,0.0546879991888999,0.0305583905428648,691200,False,-0.0350885895048189,0.032180076430750056,0.32174555297274854,37,40,13
WMT,1975-12-12,0.0546879991888999,0.0546879991888999,0.053711000829935,0.053711000829935,0.0300124716013669,588800,False,-0.01802628210918993,0.03369330400620959,0.33687523248384504,36,32,10
WMT,1975-12-15,0.053711000829935,0.0551760010421276,0.053711000829935,0.0551760010421276,0.0308310706168413,230400,True,0.026909952437606122,0.03577520643911889,0.3576906848943818,35,32,10
WMT,1975-12-16,0.0546879991888999,0.0546879991888999,0.0532229989767074,0.053711000829935,0.0300124716013669,460800,False,-0.026909952437606174,0.038162929090541794,0.38156381479451845,34,32,10
WMT,1975-12-17,0.0541989989578723,0.0546879991888999,0.0541989989578723,0.0546879991888999,0.0305583905428648,332800,False,0.018026282109189985,0.02776306928501786,0.27758305977151465,38,40,13
WMT,1975-12-18,0.0546879991888999,0.0551760010421276,0.0541989989578723,0.0546879991888999,0.0305583905428648,486400,False,0.0,0.022902973462787878,0.22899044001223698,40,40,13
WMT,1975-12-19,0.0546879991888999,0.0546879991888999,0.053711000829935,0.053711000829935,0.0300124716013669,460800,False,-0.01802628210918993,0.022902973462787878,0.22899044001223698,40,40,13
WMT,1975-12-22,0.0527339987456798,0.0527339987456798,0.0517579987645149,0.0517579987645149,0.0289211831986904,1024000,True,-0.03703870604863733,0.0219546054102195,0.21950838660096142,41,40,13
WMT,1975-12-23,0.0517579987645149,0.0522460006177425,0.0493160001933574,0.0493160001933574,0.0275566596537828,1075200,False,-0.048330073164558354,0.026925776304216664,0.26921156650648753,39,40,13
WMT,1975-12-24,0.049805000424385,0.0512700006365776,0.049805000424385,0.05078100040555,0.0283752419054508,3430400,False,0.029272764960571247,0.030784250719223905,0.3077896906746896,37,40,13
WMT,1975-12-26,0.05078100040555,0.0512700006365776,0.05078100040555,0.0512700006365776,0.0286485012620687,537600,True,0.009584128755293452,0.032203741402834093,0.3219821620916128,37,40,13
WMT,1975-12-29,0.0512700006365776,0.0517579987645149,0.0512700006365776,0.0517579987645149,0.0289211831986904,844800,True,0.009473179448693518,0.033435684492767216,0.3342994793470414,36,32,10
WMT,1975-12-30,0.0517579987645149,0.0517579987645149,0.0512700006365776,0.0517579987645149,0.0289211831986904,486400,False,0.0,0.029044308364090943,0.2903932523412486,38,40,13
WMT,1975-12-31,0.0517579987645149,0.0517579987645149,0.0512700006365776,0.0512700006365776,0.0286485012620687,204800,False,-0.009473179448693532,0.014372377259173244,0.14369911391406442,44,48,16
WMT,1976-01-02,0.0512700006365776,0.0512700006365776,0.05078100040555,0.05078100040555,0.0283752419054508,716800,True,-0.009584128755293487,0.009528815583932685,0.09527180725705649,46,48,16
WMT,1976-01-05,0.05078100040555,0.05078100040555,0.0493160001933574,0.0502929985523223,0.0281025506556034,691200,True,-0.009656658185121974,0.008522723341446376,0.08521261098395412,46,48,16
WMT,1976-01-06,0.05078100040555,0.0541989989578723,0.05078100040555,0.0541989989578723,0.0302851535379886,8448000,False,0.07479726730786088,0.0368942569114064,0.36887926966313994,35,32,10
WMT,1976-01-07,0.0541989989578723,0.0556639991700649,0.0532229989767074,0.053711000829935,0.0300124716013669,4275200,False,-0.00904459487011449,0.037672637431251446,0.3766617393946738,34,32,10
WMT,1976-01-08,0.053711000829935,0.0546879991888999,0.053711000829935,0.0541989989578723,0.0302851535379886,1536000,False,0.009044594870114447,0.03648987071295015,0.3648361014836969,35,32,10
WMT,1976-01-09,0.0541989989578723,0.0546879991888999,0.0541989989578723,0.0546879991888999,0.0305583905428648,1996800,False,0.008981687239075336,0.03476111109712886,0.3475514713571545,36,32,10
WMT,1976-01-12,0.0546879991888999,0.0556639991700649,0.053711000829935,0.053711000829935,0.0300124716013669,2662400,True,-0.01802628210918993,0.036397717494549606,0.3639147274069041,35,32,10
WMT,1976-01-13,0.0541989989578723,0.0561520010232925,0.0541989989578723,0.0541989989578723,0.0302851535379886,6195200,False,0.009044594870114447,0.012757660849801003,0.12755472018816258,44,48,16
WMT,1976-01-14,0.0541989989578723,0.0541989989578723,0.0532229989767074,0.0532229989767074,0.0297397933900356,1638400,False,-0.01817161639026805,0.014855757157907394,0.14853208356684983,44,48,16
WMT,1976-01-15,0.0541989989578723,0.0551760010421276,0.0541989989578723,0.0546879991888999,0.0305583905428648,2508800,False,0.02715330362934345,0.019613755681889694,0.19610390551191428,42,40,13
WMT,1976-01-16,0.0556639991700649,0.0566410012543201,0.0556639991700649,0.0561520010232925,0.0313764512538909,2483200,False,0.026418354057034268,0.022542208344199795,0.2253834077908192,40,40,13
WMT,1976-01-19,0.0561520010232925,0.0566410012543201,0.0561520010232925,0.0561520010232925,0.0313764512538909,256000,True,0.0,0.019053730152388145,0.19050461105231029,42,40,13
WMT,1976-01-20,0.0561520010232925,0.0566410012543201,0.0556639991700649,0.0566410012543201,0.031649675220251,6297600,False,0.008670235447784561,0.01905370105496923,0.19050432012804355,42,40,13
WMT,1976-01-21,0.0566410012543201,0.0571289993822574,0.0556639991700649,0.0561520010232925,0.0313764512538909,2867200,False,-0.008670235447784592,0.015902773288462176,0.15900044850755063,43,40,13
WMT,1976-01-22,0.0561520010232925,0.0566410012543201,0.0546879991888999,0.0556639991700649,0.0311037693172693,768000,False,-0.008728639733037396,0.014678890877201058,0.14676372420914127,44,48,16
WMT,1976-01-23,0.0556639991700649,0.0566410012543201,0.0551760010421276,0.0566410012543201,0.031649675220251,1203200,False,0.017398875180822008,0.011338224927684113,0.11336279629221808,45,48,16
WMT,1976-01-26,0.0566410012543201,0.0571289993822574,0.0556639991700649,0.0566410012543201,0.031649675220251,1740800,True,0.0,0.011338224927684113,0.11336279629221808,45,48,16
WMT,1976-01-27,0.0566410012543201,0.0566410012543201,0.0556639991700649,0.0556639991700649,0.0311037693172693,691200,False,-0.017398875180822,0.013193366495262593,0.13191102910290559,44,48,16
WMT,1976-01-28,0.0556639991700649,0.0561520010232925,0.053711000829935,0.0541989989578723,0.0302851535379886,2662400,False,-0.02667140156307234,0.01689942264761,0.16896523214841652,43,40,13
WMT,1976-01-29,0.0541989989578723,0.0546879991888999,0.0522460006177425,0.0522460006177425,0.0291938427835702,1484800,False,-0.03669978672717289,0.02156674651640078,0.21563046311200862,41,40,13
WMT,1976-01-30,0.0527339987456798,0.0532229989767074,0.0527339987456798,0.0532229989767074,0.0297397933900356,1024000,False,0.01852817033690485,0.021962703092771405,0.21958934953329215,41,40,13
WMT,1976-02-02,0.0532229989767074,0.0541989989578723,0.0532229989767074,0.053711000829935,0.0300124716013669,1894400,True,0.009127021520153532,0.02357602895561845,0.23571984017970174,40,40,13
WMT,1976-02-03,0.053711000829935,0.0546879991888999,0.0532229989767074,0.0541989989578723,0.0302851535379886,3865600,False,0.009044594870114447,0.024618923560536285,0.24614699693533174,40,40,13
WMT,1976-02-04,0.0541989989578723,0.0541989989578723,0.0532229989767074,0.053711000829935,0.0300124716013669,998400,False,-0.00904459487011449,0.02191300080510878,0.21909241193084628,41,40,13
WMT,1976-02-05,0.053711000829935,0.0541989989578723,0.0532229989767074,0.0532229989767074,0.0297397933900356,3379200,False,-0.009127021520153595,0.012296838142530738,0.1229472837486583,45,48,16
WMT,1976-02-06,0.0532229989767074,0.0532229989767074,0.0517579987645149,0.0522460006177425,0.0291938427835702,41446400,False,-0.018528170336904824,0.012296838142530674,0.12294728374865767,45,48,16
WMT,1976-02-09,0.0517579987645149,0.0517579987645149,0.05078100040555,0.05078100040555,0.0283752419054508,6016000,True,-0.028440822395565946,0.013872029647114634,0.13869649623952834,44,48,16
WMT,1976-02-10,0.05078100040555,0.0517579987645149,0.05078100040555,0.0512700006365776,0.0286485012620687,11929600,False,0.009584128755293452,0.014069752259703352,0.14067338313286662,44,48,16
WMT,1976-02-11,0.0522460006177425,0.0546879991888999,0.0522460006177425,0.053711000829935,0.0300124716013669,5683200,False,0.046511885497330846,0.02954101814813472,0.2953594979770553,38,40,13
WMT,1976-02-12,0.0532229989767074,0.0532229989767074,0.0527339987456798,0.0532229989767074,0.0297397933900356,2329600,False,-0.009127021520153595,0.02954101814813472,0.2953594979770553,38,40,13
WMT,1976-02-13,0.0532229989767074,0.0532229989767074,0.0522460006177425,0.0527339987456798,0.0294665433466434,409600,False,-0.00923049790186049,0.02835183709151276,0.28346972768794754,38,40,13
WMT,1976-02-17,0.0527339987456798,0.0532229989767074,0.0517579987645149,0.0517579987645149,0.0289211831986904,819200,True,-0.018681186626623277,0.025981080445407027,0.2597662287324191,39,40,13
WMT,1976-02-18,0.0517579987645149,0.0517579987645149,0.05078100040555,0.0512700006365776,0.0286485012620687,4172800,False,-0.009473179448693532,0.026318187477998464,0.2631367206840321,39,40,13
WMT,1976-02-19,0.0512700006365776,0.053711000829935,0.0512700006365776,0.053711000829935,0.0300124716013669,19763200,False,0.046511885497330846,0.02631818747799846,0.2631367206840321,39,40,13
WMT,1976-02-20,0.0546879991888999,0.0566410012543201,0.0546879991888999,0.0561520010232925,0.0313764512538909,11801600,False,0.04444463616622435,0.031971184796523125,0.3196569950257108,37,40,13
WMT,1976-02-23,0.0561520010232925,0.0571289993822574,0.0556639991700649,0.0561520010232925,0.0313764512538909,2585600,True,0.0,0.030775748934042634,0.3077046874093838,37,40,13
WMT,1976-02-24,0.0561520010232925,0.057617001235485,0.0556639991700649,0.057617001235485,0.0321950726211071,8217600,False,0.02575576516544022,0.025454550252580393,0.2545018301716384,39,40,13
WMT,1976-02-25,0.057617001235485,0.061523001641035,0.057617001235485,0.061523001641035,0.0343776419758796,7577600,False,0.06559299386173803,0.024786278391091633,0.24782025811031883,40,40,13
WMT,1976-02-26,0.061523001641035,0.0639650002121925,0.061523001641035,0.061523001641035,0.0343776419758796,6988800,False,0.0,0.028518225450232096,0.2851333258027495,38,40,13
WMT,1976-02-27,0.0600589998066425,0.0600589998066425,0.05859399959445,0.0590820014476776,0.0330136530101299,1740800,False,-0.04048520702896658,0.03901099872730333,0.39004305612964774,34,32,10
WMT,1976-03-01,0.0590820014476776,0.0600589998066425,0.0581049993634223,0.0595699995756149,0.0332863368093967,1484800,True,0.008225803279208315,0.038646493144105606,0.38639862567964617,34,32,10
WMT,1976-03-02,0.0600589998066425,0.0620119981467723,0.0600589998066425,0.0610349997878074,0.0341049470007419,2201600,False,0.02429544033916601,0.03852013779388222,0.3851352889651988,34,32,10
WMT,1976-03-03,0.061523001641035,0.0634770020842552,0.061523001641035,0.0625,0.0349235422909259,6860800,False,0.02371871889922955,0.026504336490279393,0.2649978914311105,39,40,13
WMT,1976-03-04,0.061523001641035,0.061523001641035,0.0595699995756149,0.0600589998066425,0.0335595719516277,3174400,False,-0.03983903920353758,0.03290402853569077,0.32898383193803277,36,32,10
WMT,1976-03-05,0.0600589998066425,0.061523001641035,0.0600589998066425,0.0605470016598701,0.0338322706520557,5017600,False,0.008092973223019698,0.026235305190804012,0.2623080400131701,39,40,13
WMT,1976-03-08,0.0605470016598701,0.0605470016598701,0.0595699995756149,0.0600589998066425,0.0335595719516277,870400,True,-0.008092973223019646,0.026728360433329126,0.26723774650388454,39,40,13
WMT,1976-03-09,0.0600589998066425,0.0620119981467723,0.0600589998066425,0.0605470016598701,0.0338322706520557,4480000,False,0.008092973223019698,0.024152265201293887,0.24148121398833017,40,40,13
WMT,1976-03-10,0.0610349997878074,0.0625,0.0610349997878074,0.0625,0.0349235422909259,3302400,False,0.03174606598051786,0.02641708915014079,0.26412556771992524,39,40,13
WMT,1976-03-11,0.0625,0.0634770020842552,0.0605470016598701,0.061523001641035,0.0343776419758796,6092800,False,-0.01575475548863715,0.018279107801666097,0.1827597165641182,42,40,13
WMT,1976-03-12,0.061523001641035,0.0634770020842552,0.061523001641035,0.0625,0.0349235422909259,2329600,False,0.015754755488637227,0.01893189924691945,0.1892865110228231,42,40,13
WMT,1976-03-15,0.0620119981467723,0.0620119981467723,0.0610349997878074,0.0610349997878074,0.0341049470007419,1075200,True,-0.023718718899229472,0.0228053625421707,0.2280144982770538,40,40,13
WMT,1976-03-16,0.0605470016598701,0.0605470016598701,0.0595699995756149,0.0595699995756149,0.0333289355039596,1433600,False,-0.02301649336829442,0.025256875490466152,0.2525254217009479,39,40,13
WMT,1976-03-17,0.0600589998066425,0.0605470016598701,0.0600589998066425,0.0600589998066425,0.0336025357246398,1024000,False,0.0081755783822272,0.018427101257503943,0.1842393972102274,42,40,13
WMT,1976-03-18,0.0595699995756149,0.0595699995756149,0.0590820014476776,0.0595699995756149,0.0333289355039596,614400,False,-0.008175578382227204,0.017904408235280653,0.1790133637720492,42,40,13
WMT,1976-03-19,0.0595699995756149,0.0595699995756149,0.05859399959445,0.0590820014476776,0.0330559201538562,3660800,False,-0.008225276281403751,0.01312955508156455,0.13127302444712324,44,48,16
WMT,1976-03-22,0.0590820014476776,0.061523001641035,0.05859399959445,0.061523001641035,0.0344216413795948,2124800,True,0.04048479899144219,0.02425400241063866,0.24249841153131854,40,40,13
WMT,1976-03-23,0.061523001641035,0.0620119981467723,0.0610349997878074,0.0620119981467723,0.0346951931715011,1075200,False,0.007915675595688159,0.019875882945205703,0.198724728413511,42,40,13
WMT,1976-03-24,0.0629879981279373,0.0649409964680671,0.0629879981279373,0.0634770020842552,0.0355148762464523,5299200,False,0.023350505860291814,0.021027903844524357,0.21024296088524178,41,40,13
WMT,1976-03-25,0.0634770020842552,0.0649409964680671,0.0629879981279373,0.0629879981279373,0.0352412648499012,793600,False,-0.007733965027800209,0.020927546124596456,0.20923955586963305,41,40,13
WMT,1976-03-26,0.0629879981279373,0.0634770020842552,0.0625,0.0634770020842552,0.0355148762464523,384000,False,0.007733965027800271,0.01828189531007651,0.18278758686569607,42,40,13
WMT,1976-03-29,0.0634770020842552,0.0644529983401298,0.0629879981279373,0.0629879981279373,0.0352412648499012,1996800,True,-0.007733965027800209,0.013005706893676292,0.1300347550544905,44,48,16
WMT,1976-03-30,0.0629879981279373,0.0634770020842552,0.0620119981467723,0.0620119981467723,0.0346951931715011,5734400,False,-0.015616540832491541,0.01556088940788825,0.1555821962717475,43,40,13
WMT,1976-03-31,0.0625,0.0639650002121925,0.0625,0.0639650002121925,0.0357879288494586,2841600,False,0.031009501531352242,0.018528195642126526,0.18525016760888785,42,40,13
WMT,1976-04-01,0.0639650002121925,0.0639650002121925,0.0634770020842552,0.0639650002121925,0.0357879288494586,1408000,False,0.0,0.01787250202883581,0.178694356449057,42,40,13
WMT,1976-04-02,0.0639650002121925,0.0644529983401298,0.0634770020842552,0.0634770020842552,0.0355148762464523,2227200,False,-0.007658995671060419,0.018192992899303137,0.1818987152877667,42,40,13
WMT,1976-04-05,0.0634770020842552,0.0644529983401298,0.0634770020842552,0.0644529983401298,0.0360609292984008,768000,True,0.015258330435469656,0.018649485683451584,0.1864628599248989,42,40,13
WMT,1976-04-06,0.0644529983401298,0.065430000424385,0.0639650002121925,0.0649409964680671,0.0363339707255363,2048000,False,0.007543147975741977,0.014865766029158827,0.14863215510715072,44,48,16
WMT,1976-04-07,0.0649409964680671,0.0678709968924522,0.0634770020842552,0.0664059966802597,0.037153635174036,4172800,False,0.02230848131747028,0.011890430402997634,0.11888390362680334,45,48,16
WMT,1976-04-08,0.065430000424385,0.065430000424385,0.0644529983401298,0.0644529983401298,0.0360609292984008,1408000,False,-0.0298516292932121,0.020770255632335248,0.20766692081020915,41,40,13
WMT,1976-04-09,0.0644529983401298,0.0659179985523223,0.0644529983401298,0.0644529983401298,0.0360609292984008,4428800,False,0.0,0.02019864172214069,0.20195176242585175,41,40,13
WMT,1976-04-12,0.0629879981279373,0.0629879981279373,0.0625,0.0629879981279373,0.0352412648499012,1612800,True,-0.02299229546326996,0.021613674560746653,0.2160996630410543,41,40,13
WMT,1976-04-13,0.0629879981279373,0.0629879981279373,0.0625,0.0629879981279373,0.0352412648499012,332800,False,0.0,0.020802350225504383,0.20798781167722932,41,40,13
WMT,1976-04-14,0.0625,0.0625,0.0620119981467723,0.0620119981467723,0.0346951931715011,1536000,False,-0.015616540832491541,0.013474742112288543,0.13472430251721462,44,48,16
WMT,1976-04-15,0.0620119981467723,0.0620119981467723,0.0605470016598701,0.0605470016598701,0.0338755585253238,1945600,False,-0.023907385143945366,0.011857797793481992,0.11855763351939237,45,48,16
WMT,1976-04-19,0.0595699995756149,0.0595699995756149,0.0590820014476776,0.0595699995756149,0.0333289355039596,128000,True,-0.01626781316178133,0.00958308387359002,0.09581439704556302,46,48,16
WMT,1976-04-20,0.0595699995756149,0.0605470016598701,0.0590820014476776,0.0605470016598701,0.0338755585253238,614400,False,0.01626781316178145,0.016064672088225932,0.16061915873553004,43,40,13
WMT,1976-04-21,0.0605470016598701,0.0610349997878074,0.0595699995756149,0.0610349997878074,0.0341486223042011,1561600,False,0.008028475823509832,0.017398179862478817,0.173951948579698,43,40,13
WMT,1976-04-22,0.0605470016598701,0.0605470016598701,0.0571289993822574,0.0571289993822574,0.0319631807506084,5273600,False,-0.06613760391379855,0.03238110537582496,0.32375549751827637,37,40,13
WMT,1976-04-23,0.0566410012543201,0.0566410012543201,0.0551760010421276,0.0551760010421276,0.0308705233037471,2406400,False,-0.03478284858124602,0.033361599388658424,0.33355875541371505,36,32,10
WMT,1976-04-26,0.0551760010421276,0.0556639991700649,0.0532229989767074,0.0556639991700649,0.0311435628682374,2560000,True,0.008805784158882465,0.03560478442252109,0.35598675712133915,35,32,10
WMT,1976-04-27,0.0556639991700649,0.05859399959445,0.0556639991700649,0.0561520010232925,0.0314166285097599,1177600,False,0.00872974873209487,0.03415595575686964,0.3415009562191587,36,32,10
WMT,1976-04-28,0.0561520010232925,0.0581049993634223,0.0556639991700649,0.0581049993634223,0.0325092785060405,998400,False,0.03418821796819696,0.04007040900694023,0.4006353412965368,33,32,10
WMT,1976-04-29,0.057617001235485,0.057617001235485,0.0566410012543201,0.0566410012543201,0.0316901914775371,972800,False,-0.025518325192529244,0.028146499048308234,0.28141669955424015,38,40,13
WMT,1976-04-30,0.0566410012543201,0.057617001235485,0.0561520010232925,0.0561520010232925,0.0314166285097599,819200,False,-0.008669892775667607,0.022290343055000453,0.2228651870239273,41,40,13
WMT,1976-05-03,0.0561520010232925,0.0571289993822574,0.0561520010232925,0.0561520010232925,0.0314166285097599,947200,True,0.0,0.02211420934351152,0.2211041521015243,41,40,13
WMT,1976-05-04,0.0561520010232925,0.0566410012543201,0.0556639991700649,0.0556639991700649,0.0311435628682374,844800,False,-0.008729748732094873,0.022114209343511514,0.2211041521015242,41,40,13
WMT,1976-05-05,0.0561520010232925,0.0571289993822574,0.0561520010232925,0.0571289993822574,0.0319631807506084,460800,False,0.02597706442236364,0.01884124144200915,0.18838008851525292,42,40,13
WMT,1976-05-06,0.0571289993822574,0.0571289993822574,0.0561520010232925,0.0571289993822574,0.0319631807506084,281600,False,0.0,0.014243147412874897,0.14240703717063835,44,48,16
WMT,1976-05-07,0.0571289993822574,0.057617001235485,0.0566410012543201,0.0566410012543201,0.0316901914775371,179200,False,-0.00857742291460119,0.014226341453767744,0.14223900641353918,44,48,16
WMT,1976-05-10,0.0566410012543201,0.057617001235485,0.0561520010232925,0.057617001235485,0.0322362370789051,1356800,True,0.017083979020251692,0.015682781397549906,0.15680090703836216,43,40,13
WMT,1976-05-11,0.0581049993634223,0.05859399959445,0.0581049993634223,0.05859399959445,0.0327828824520111,972800,False,0.01681530779036247,0.014112768737793855,0.14110347411043012,44,48,16
WMT,1976-05-12,0.05859399959445,0.0590820014476776,0.05859399959445,0.0590820014476776,0.0330559201538562,947200,False,0.008294174751090408,0.01107897584438514,0.11077075025270026,45,48,16
WMT,1976-05-13,0.0590820014476776,0.0590820014476776,0.0581049993634223,0.0590820014476776,0.0330559201538562,1715200,False,0.0,0.01107897584438514,0.11077075025270026,45,48,16
WMT,1976-05-14,0.05859399959445,0.05859399959445,0.0581049993634223,0.05859399959445,0.0327828824520111,844800,False,-0.008294174751090509,0.01098147594359058,0.10979591852526666,45,48,16
WMT,1976-05-17,0.05859399959445,0.05859399959445,0.0581049993634223,0.0581049993634223,0.0325092785060405,1433600,True,-0.008380961618085023,0.010912769174926893,0.109108968718785,45,48,16
WMT,1976-05-18,0.0581049993634223,0.0590820014476776,0.0581049993634223,0.0581049993634223,0.0325092785060405,819200,False,0.0,0.00696022779293735,0.06959033627138977,47,48,16
WMT,1976-05-19,0.057617001235485,0.057617001235485,0.057617001235485,0.057617001235485,0.0322362370789051,307200,False,-0.008434346172277568,0.004584616262549988,0.04583829680256669,48,48,16
WMT,1976-05-20,0.0581049993634223,0.05859399959445,0.0581049993634223,0.05859399959445,0.0327828824520111,7731200,False,0.01681530779036247,0.010944952682898633,0.10943074858128014,45,48,16
WMT,1976-05-21,0.057617001235485,0.057617001235485,0.057617001235485,0.057617001235485,0.0322362370789051,307200,False,-0.016815307790362527,0.012750852421994753,0.12748664759131495,44,48,16
WMT,1976-05-24,0.057617001235485,0.0581049993634223,0.0571289993822574,0.0571289993822574,0.0319631807506084,1228800,True,-0.008506556105650483,0.01276332646984699,0.12761136666812206,44,48,16
WMT,1976-05-25,0.0561520010232925,0.0561520010232925,0.0556639991700649,0.0556639991700649,0.0311435628682374,2099200,False,-0.025977064422363624,0.01593287754274009,0.15930143940048164,43,40,13
WMT,1976-05-26,0.0556639991700649,0.0556639991700649,0.0556639991700649,0.0556639991700649,0.0311435628682374,921600,False,0.0,0.016392486907173723,0.16389674449335107,43,40,13
WMT,1976-05-27,0.0556639991700649,0.0556639991700649,0.0551760010421276,0.0551760010421276,0.0308705233037471,281600,False,-0.008805784158882375,0.00981007761341449,0.09808394499080617,46,48,16
WMT,1976-05-28,0.0551760010421276,0.0551760010421276,0.0532229989767074,0.053711000829935,0.0300508793443441,3276800,False,-0.026909866964813973,0.011866598074141659,0.11864562122735363,45,48,16
WMT,1976-06-01,0.0527339987456798,0.0527339987456798,0.0493160001933574,0.0512700006365776,0.0286851674318313,3532800,True,-0.04651174831086178,0.01801521705351208,0.1801212618397511,42,40,13
WMT,1976-06-02,0.0512700006365776,0.0546879991888999,0.0502929985523223,0.0546879991888999,0.030597498640418,3840000,False,0.06453808689077245,0.042034532855487756,0.42027320993609113,33,32,10
WMT,1976-06-03,0.0546879991888999,0.0551760010421276,0.053711000829935,0.053711000829935,0.0300508793443441,256000,False,-0.018026338579910615,0.042426458433182705,0.4241917932865995,33,32,10
WMT,1976-06-04,0.0532229989767074,0.0532229989767074,0.0512700006365776,0.0522460006177425,0.0292312297970056,2944000,False,-0.027654271911914007,0.04343646773686172,0.43429015345112976,32,32,10
WMT,1976-06-07,0.0522460006177425,0.0527339987456798,0.0512700006365776,0.0512700006365776,0.0286851674318313,614400,True,-0.018857476398947887,0.04284025822161844,0.4283290812149476,32,32,10
WMT,1976-06-08,0.0512700006365776,0.0512700006365776,0.049805000424385,0.0512700006365776,0.0286851674318313,1408000,False,0.0,0.037451557755430645,0.37445132194271186,35,32,10
WMT,1976-06-09,0.0512700006365776,0.0522460006177425,0.0512700006365776,0.0517579987645149,0.0289581939578056,563200,False,0.009473027288231493,0.015236618242820712,0.1523400409728845,43,40,13
WMT,1976-06-10,0.0517579987645149,0.0517579987645149,0.0512700006365776,0.0517579987645149,0.0289581939578056,844800,False,0.0,0.015294836106674094,0.1529221197270698,43,40,13
WMT,1976-06-11,0.0517579987645149,0.0532229989767074,0.05078100040555,0.0532229989767074,0.0297778602689504,3558400,False,0.027911971159346485,0.016998286542238318,0.16995370147398445,43,40,13
WMT,1976-06-14,0.0546879991888999,0.0571289993822574,0.0546879991888999,0.0571289993822574,0.0319631807506084,5171200,True,0.07081946540934382,0.02975975412010429,0.29754648241159604,38,40,13
WMT,1976-06-15,0.0571289993822574,0.057617001235485,0.0551760010421276,0.0551760010421276,0.0308705233037471,1408000,False,-0.03478284858124602,0.03878115811304844,0.3877450443244809,34,32,10
WMT,1976-06-16,0.0556639991700649,0.0566410012543201,0.0556639991700649,0.0566410012543201,0.0316901914775371,896000,False,0.026205425666644966,0.038940648649814044,0.38933967605433395,34,32,10
WMT,1976-06-17,0.0566410012543201,0.0581049993634223,0.0566410012543201,0.0566410012543201,0.0316901914775371,1689600,False,0.0,0.038940648649814044,0.38933967605433395,34,32,10
WMT,1976-06-18,0.0556639991700649,0.0556639991700649,0.0546879991888999,0.0546879991888999,0.030597498640418,1382400,False,-0.03508895405154821,0.0447094627139828,0.4470179191457437,32,32,10
WMT,1976-06-21,0.0546879991888999,0.0546879991888999,0.0546879991888999,0.0546879991888999,0.0306412018835544,179200,True,0.0014273082277007014,0.02632971234853409,0.263251949616176,39,40,13
WMT,1976-06-22,0.0541989989578723,0.0541989989578723,0.0532229989767074,0.0541989989578723,0.0303672049194574,1356800,False,-0.008982329507583167,0.02206033374603079,0.2205654885610421,41,40,13
WMT,1976-06-23,0.053711000829935,0.053711000829935,0.0517579987645149,0.0517579987645149,0.028999550268054,4889600,False,-0.04608291869197254,0.021581804831583413,0.21578102042829406,41,40,13
WMT,1976-06-24,0.0517579987645149,0.0522460006177425,0.0502929985523223,0.0522460006177425,0.0292729809880256,5401600,False,0.009384618133191113,0.02380452295562961,0.2380043881528164,40,40,13
WMT,1976-06-25,0.0522460006177425,0.0522460006177425,0.0517579987645149,0.0517579987645149,0.028999550268054,1868800,False,-0.009384618133191065,0.02125494790312006,0.2125130119318654,41,40,13
WMT,1976-06-28,0.0502929985523223,0.0502929985523223,0.045898001641035,0.0478519983589649,0.0268110390752553,9241600,True,-0.07846661336806951,0.03525378545729666,0.35247736967777543,35,32,10
WMT,1976-06-29,0.0478519983589649,0.05078100040555,0.0478519983589649,0.05078100040555,0.0284521486610174,8140800,False,0.05940997333361106,0.052767649731919664,0.5275859638992498,28,32,10
WMT,1976-06-30,0.0512700006365776,0.0541989989578723,0.0512700006365776,0.053711000829935,0.0300937965512275,19942400,False,0.05609537403717863,0.05642475938148132,0.564150785894384,27,24,8
WMT,1976-07-01,0.0541989989578723,0.0566410012543201,0.0541989989578723,0.0546879991888999,0.0306412018835544,1612800,False,0.018026514196835867,0.05663242801670258,0.5662271159496637,27,24,8
WMT,1976-07-02,0.0546879991888999,0.0546879991888999,0.053711000829935,0.0546879991888999,0.0306412018835544,1510400,False,0.0,0.05601732820199134,0.5600771731288755,27,24,8
WMT,1976-07-06,0.0546879991888999,0.0556639991700649,0.0546879991888999,0.0546879991888999,0.0306412018835544,2201600,True,0.0,0.029304605112580005,0.29299577323518883,38,40,13
WMT,1976-07-07,0.0546879991888999,0.0546879991888999,0.0527339987456798,0.0527339987456798,0.0295463986694812,6604800,False,-0.03638370607976778,0.03358044889551517,0.3357468750023358,36,32,10
WMT,1976-07-08,0.0532229989767074,0.053711000829935,0.0532229989767074,0.053711000829935,0.0300937965512275,409600,False,0.018357191882932125,0.022280685447346852,0.222768627516942,41,40,13
WMT,1976-07-09,0.0541989989578723,0.0541989989578723,0.0541989989578723,0.0541989989578723,0.0303672049194574,460800,False,0.009044184689252634,0.020775113657586098,0.2077154927278071,41,40,13
WMT,1976-07-12,0.0546879991888999,0.0551760010421276,0.0546879991888999,0.0551760010421276,0.0309146307408809,2816000,True,0.017866318044056098,0.02261624476237805,0.2261236449483706,40,40,13
WMT,1976-07-13,0.0546879991888999,0.0546879991888999,0.0527339987456798,0.0527339987456798,0.0295463986694812,435200,False,-0.04526769461624072,0.031008758929211625,0.310034387585987,37,40,13
WMT,1976-07-14,0.0527339987456798,0.0532229989767074,0.0517579987645149,0.0517579987645149,0.028999550268054,1766400,False,-0.018681542119787977,0.027687331397317046,0.27682581083794777,38,40,13
WMT,1976-07-15,0.0517579987645149,0.0527339987456798,0.0517579987645149,0.0517579987645149,0.028999550268054,1024000,False,0.0,0.025123660291060668,0.251193498264118,39,40,13
WMT,1976-07-16,0.0517579987645149,0.0522460006177425,0.0512700006365776,0.0512700006365776,0.028726128861308,4326400,False,-0.009473199991331952,0.023397727270715298,0.23393712924274698,40,40,13
WMT,1976-07-19,0.0512700006365776,0.0517579987645149,0.05078100040555,0.0512700006365776,0.028726128861308,332800,True,0.0,0.018773218070710192,0.1876999715099142,42,40,13
WMT,1976-07-20,0.05078100040555,0.05078100040555,0.049805000424385,0.049805000424385,0.027905324473977,256000,False,-0.028989609896147347,0.012510431874179016,0.12508285460252425,44,48,16
WMT,1976-07-21,0.0502929985523223,0.0502929985523223,0.0502929985523223,0.0502929985523223,0.0281787011772394,281600,False,0.009748903194929544,0.014665285762652218,0.14662769640593845,44,48,16
WMT,1976-07-22,0.0502929985523223,0.05078100040555,0.0488279983401298,0.0493160001933574,0.0276313126087188,6630400,False,-0.01961677071936541,0.015352743493818283,0.15350109424684785,43,40,13
WMT,1976-07-23,0.0493160001933574,0.049805000424385,0.0478519983589649,0.0478519983589649,0.0268110390752553,2611200,False,-0.030135935956154537,0.01786345926024569,0.17860394427782758,42,40,13
WMT,1976-07-26,0.0478519983589649,0.0488279983401298,0.0449220016598701,0.0463869981467723,0.025990217924118,8371200,True,-0.03109347495995461,0.01726092455914173,0.1725796310351556,43,40,13
WMT,1976-07-27,0.0463869981467723,0.0473630018532276,0.0463869981467723,0.0473630018532276,0.0265370830893516,8857600,False,0.020822883120087295,0.02388999332599488,0.2388589452150141,40,40,13
WMT,1976-07-28,0.0473630018532276,0.0473630018532276,0.0463869981467723,0.046875,0.0262636542320251,3200000,False,-0.01035710163946517,0.021271920371151987,0.21268270749253304,41,40,13
WMT,1976-07-29,0.046875,0.046875,0.045898001641035,0.0463869981467723,0.025990217924118,2508800,False,-0.010465781480622096,0.021068728406189986,0.210651136459226,41,40,13
WMT,1976-07-30,0.0463869981467723,0.0473630018532276,0.045898001641035,0.046875,0.0262636542320251,7398400,False,0.010465781480622216,0.020258523004115882,0.20255047250732983,41,40,13
WMT,1976-08-02,0.0473630018532276,0.0488279983401298,0.0473630018532276,0.0488279983401298,0.027357904240489,9011200,True,0.040819475402450345,0.02179519004976793,0.21791450650526878,41,40,13
WMT,1976-08-03,0.049805000424385,0.0502929985523223,0.049805000424385,0.0502929985523223,0.0281787011772394,8960000,False,0.029560924752402153,0.02316167788495398,0.23157704037490082,40,40,13
WMT,1976-08-04,0.05078100040555,0.0522460006177425,0.05078100040555,0.0522460006177425,0.0292729809880256,8499200,False,0.038098524825740755,0.021547071548456795,0.21543374718889757,41,40,13
WMT,1976-08-05,0.0522460006177425,0.0522460006177425,0.0512700006365776,0.0522460006177425,0.0292729809880256,691200,False,0.0,0.017829325430433654,0.17826266454309528,42,40,13
WMT,1976-08-06,0.0522460006177425,0.0522460006177425,0.0517579987645149,0.0517579987645149,0.028999550268054,384000,False,-0.009384618133191065,0.02299842476039629,0.22994478922259617,40,40,13
WMT,1976-08-09,0.0517579987645149,0.0527339987456798,0.0517579987645149,0.0527339987456798,0.0295463986694812,1280000,True,0.018681542119788053,0.019861773920944605,0.19858366237774314,42,40,13
WMT,1976-08-10,0.0527339987456798,0.0527339987456798,0.0522460006177425,0.0522460006177425,0.0292729809880256,1638400,False,-0.009296923986596917,0.020522560416587135,0.2051903936232374,41,40,13
WMT,1976-08-11,0.0522460006177425,0.0527339987456798,0.0522460006177425,0.0522460006177425,0.0292729809880256,1664000,False,0.0,0.011440103464259024,0.11438140686503284,45,48,16
WMT,1976-08-12,0.0527339987456798,0.0532229989767074,0.0527339987456798,0.0527339987456798,0.0295463986694812,793600,False,0.009296923986596936,0.012172203021452766,0.12170114637426914,45,48,16
WMT,1976-08-13,0.0527339987456798,0.053711000829935,0.0522460006177425,0.0522460006177425,0.0292729809880256,665600,False,-0.009296923986596917,0.012151997688754168,0.12149912771355842,45,48,16
WMT,1976-08-16,0.0522460006177425,0.0527339987456798,0.0517579987645149,0.0517579987645149,0.028999550268054,6374400,True,-0.009384618133191065,0.008330207697723213,0.08328778484567854,46,48,16
WMT,1976-08-17,0.0522460006177425,0.0527339987456798,0.0522460006177425,0.0527339987456798,0.0295463986694812,1459200,False,0.018681542119788053,0.012172203021452766,0.12170114637426914,45,48,16
WMT,1976-08-18,0.0527339987456798,0.053711000829935,0.0522460006177425,0.0522460006177425,0.0292729809880256,2355200,False,-0.009296923986596917,0.013194406583065114,0.13192142819645286,44,48,16
WMT,1976-08-19,0.0522460006177425,0.0541989989578723,0.0522460006177425,0.0532229989767074,0.0298203825950622,4044800,False,0.01852719940264766,0.015298318417056539,0.15295693685629674,43,40,13
WMT,1976-08-20,0.0532229989767074,0.053711000829935,0.0527339987456798,0.053711000829935,0.0300937965512275,358400,False,0.009126916466881452,0.0141165821472979,0.14114160166280654,44,48,16
WMT,1976-08-23,0.053711000829935,0.0546879991888999,0.0532229989767074,0.0546879991888999,0.0306412018835544,819200,True,0.018026514196835867,0.012046881709781526,0.12044814827124402,45,48,16
WMT,1976-08-24,0.0546879991888999,0.0546879991888999,0.0527339987456798,0.053711000829935,0.0300937965512275,17689600,False,-0.01802651419683576,0.016549196709535186,0.16546357365006675,43,40,13
WMT,1976-08-25,0.053711000829935,0.057617001235485,0.053711000829935,0.057617001235485,0.032282281666994,3481600,False,0.07019946864493107,0.03197408617787733,0.3196860038613549,37,40,13
WMT,1976-08-26,0.057617001235485,0.05859399959445,0.0571289993822574,0.0571289993822574,0.0320088379085063,4198400,False,-0.008506475207145599,0.03438911391367299,0.3438321377579048,36,32,10
WMT,1976-08-27,0.0566410012543201,0.0566410012543201,0.0561520010232925,0.0561520010232925,0.0314614810049533,793600,False,-0.01724807697742204,0.0372580930344108,0.3725170066598007,35,32,10
WMT,1976-08-30,0.0566410012543201,0.057617001235485,0.0566410012543201,0.057617001235485,0.032282281666994,1536000,True,0.025754552184567635,0.037886905439238734,0.3788040518550744,34,32,10
WMT,1976-08-31,0.057617001235485,0.0581049993634223,0.0571289993822574,0.057617001235485,0.032282281666994,921600,False,0.0,0.03526870268567099,0.3526265163680404,35,32,10
WMT,1976-09-01,0.057617001235485,0.0581049993634223,0.0571289993822574,0.0581049993634223,0.0325557254254817,10982400,False,0.008434724999058644,0.01650809579224906,0.16505263499402067,43,40,13
WMT,1976-09-02,0.05859399959445,0.05859399959445,0.05859399959445,0.05859399959445,0.0328296944499015,2611200,False,0.008380174916147077,0.01560393081457607,0.15601253649251418,43,40,13
WMT,1976-09-03,0.05859399959445,0.05859399959445,0.0581049993634223,0.0581049993634223,0.0325991101562976,3430400,False,-0.007048432249910493,0.012267851305437578,0.12265746511042294,45,48,16
WMT,1976-09-07,0.0581049993634223,0.0590820014476776,0.057617001235485,0.057617001235485,0.0323253087699413,896000,True,-0.008434515521050156,0.008090712999922794,0.08089324876856081,46,48,16
WMT,1976-09-08,0.057617001235485,0.0581049993634223,0.0561520010232925,0.0566410012543201,0.0317777581512928,1075200,False,-0.017083860793199766,0.011229727746875855,0.11227801063267316,45,48,16
WMT,1976-09-09,0.0566410012543201,0.0571289993822574,0.0566410012543201,0.0566410012543201,0.0317777581512928,256000,False,0.0,0.009564366563427353,0.09562725605721237,46,48,16
WMT,1976-09-10,0.0566410012543201,0.057617001235485,0.0566410012543201,0.057617001235485,0.0323253087699413,7577600,False,0.017083860793199686,0.012812042324739028,0.1280984416352841,44,48,16
WMT,1976-09-13,0.057617001235485,0.05859399959445,0.0561520010232925,0.0571289993822574,0.0320515111088752,2457600,True,-0.008506145921912272,0.012940391876770457,0.12938171694636125,44,48,16
WMT,1976-09-14,0.0566410012543201,0.0566410012543201,0.0556639991700649,0.0561520010232925,0.0315034054219722,2201600,False,-0.01724868211576157,0.014325902405505629,0.14323444511426237,44,48,16
WMT,1976-09-15,0.0566410012543201,0.0571289993822574,0.0566410012543201,0.0566410012543201,0.0317777581512928,768000,False,0.008670967244474252,0.013573094025789025,0.13570765290990985,44,48,16
WMT,1976-09-16,0.0566410012543201,0.057617001235485,0.0566410012543201,0.057617001235485,0.0323253087699413,1536000,False,0.017083860793199686,0.015575639356161118,0.15572967044800018,43,40,13
WMT,1976-09-17,0.057617001235485,0.057617001235485,0.0571289993822574,0.057617001235485,0.0323253087699413,3430400,False,0.0,0.013573094025789025,0.13570765290990985,44,48,16
WMT,1976-09-20,0.057617001235485,0.05859399959445,0.0571289993822574,0.057617001235485,0.0323253087699413,1817600,True,0.0,0.012748432291833001,0.12746245044191304,44,48,16
WMT,1976-09-21,0.05859399959445,0.0605470016598701,0.05859399959445,0.0605470016598701,0.0339691638946533,4403200,False,0.049602692158479726,0.020565261193954933,0.20561732813522135,41,40,13
WMT,1976-09-22,0.0605470016598701,0.061523001641035,0.0605470016598701,0.0610349997878074,0.0342429913580417,2278400,False,0.008028743067818048,0.020617171195166182,0.20613633908538087,41,40,13
WMT,1976-09-23,0.0610349997878074,0.061523001641035,0.0610349997878074,0.0610349997878074,0.0342429913580417,1920000,False,0.0,0.021567402018841816,0.2156370170117739,41,40,13
WMT,1976-09-24,0.0610349997878074,0.061523001641035,0.0605470016598701,0.0605470016598701,0.0339691638946533,614400,False,-0.008028743067818004,0.02289794251670449,0.22894013918299377,40,40,13
WMT,1976-09-27,0.0605470016598701,0.0625,0.0605470016598701,0.0625,0.0350648611783981,4915200,True,0.03174635418348188,0.023841382277778857,0.23837291813479553,40,40,13
WMT,1976-09-28,0.0620119981467723,0.0620119981467723,0.0595699995756149,0.0595699995756149,0.0334210358560085,1049600,False,-0.04801400522202087,0.02910828850103983,0.29103294394006096,38,40,13
WMT,1976-09-29,0.0600589998066425,0.0605470016598701,0.0600589998066425,0.0605470016598701,0.0339691638946533,384000,False,0.016267651038539017,0.030122171003740098,0.3011700294495589,37,40,13
WMT,1976-09-30,0.0605470016598701,0.0610349997878074,0.0600589998066425,0.0605470016598701,0.0339691638946533,204800,False,0.0,0.030122171003740098,0.3011700294495589,37,40,13
WMT,1976-10-01,0.0605470016598701,0.0605470016598701,0.0595699995756149,0.0595699995756149,0.0334210358560085,4940800,False,-0.016267651038538965,0.030779544132281896,0.3077426328803574,37,40,13
WMT,1976-10-04,0.0595699995756149,0.0595699995756149,0.05859399959445,0.0590820014476776,0.0331472568213939,1049600,True,-0.008225555057916981,0.02382068306114605,0.238165961482099,40,40,13
WMT,1976-10-05,0.05859399959445,0.05859399959445,0.05859399959445,0.05859399959445,0.0328734740614891,3225600,False,-0.008293889681910511,0.012360652205561899,0.12358531489322636,45,48,16
WMT,1976-10-06,0.0581049993634223,0.0581049993634223,0.057617001235485,0.057617001235485,0.0323253087699413,6912000,False,-0.016815596380113217,0.006923938549035959,0.06922750609380639,47,48,16
WMT,1976-10-07,0.0571289993822574,0.0571289993822574,0.0556639991700649,0.0571289993822574,0.0320515111088752,8396800,False,-0.008506145921912272,0.004496560347401859,0.04495788872855777,48,48,16
WMT,1976-10-08,0.0571289993822574,0.057617001235485,0.0561520010232925,0.0571289993822574,0.0320515111088752,2764800,False,0.0,0.0059462209746192485,0.05945200781900174,47,48,16
WMT,1976-10-11,0.0571289993822574,0.057617001235485,0.0566410012543201,0.0566410012543201,0.0317777581512928,204800,True,-0.008577714871287364,0.00594619405089331,0.05945173862793537,47,48,16
WMT,1976-10-12,0.0566410012543201,0.057617001235485,0.0566410012543201,0.057617001235485,0.0323253087699413,3532800,False,0.017083860793199686,0.012884112656237769,0.12881902129925388,44,48,16
WMT,1976-10-13,0.057617001235485,0.05859399959445,0.057617001235485,0.05859399959445,0.0328734740614891,614400,False,0.0168155963801133,0.01288411265623782,0.1288190212992544,44,48,16
WMT,1976-10-14,0.05859399959445,0.05859399959445,0.0571289993822574,0.0571289993822574,0.0320515111088752,1715200,False,-0.025321742302025625,0.017954041375436994,0.1795096100180686,42,40,13
WMT,1976-10-15,0.0566410012543201,0.0566410012543201,0.0566410012543201,0.0566410012543201,0.0317777581512928,2227200,False,-0.008577714871287364,0.01835927667947526,0.18356126779652193,42,40,13
WMT,1976-10-18,0.0566410012543201,0.0581049993634223,0.0566410012543201,0.0581049993634223,0.0325991101562976,2739200,True,0.025518376314249844,0.021274047749641763,0.212703977627489,41,40,13
WMT,1976-10-19,0.0581049993634223,0.05859399959445,0.057617001235485,0.057617001235485,0.0323253087699413,358400,False,-0.008434515521050156,0.02073560156489734,0.20732043959178947,41,40,13
WMT,1976-10-20,0.057617001235485,0.057617001235485,0.0566410012543201,0.0566410012543201,0.0317777581512928,1536000,False,-0.017083860793199766,0.019359235959137043,0.19355914496369908,42,40,13
WMT,1976-10-21,0.057617001235485,0.05859399959445,0.057617001235485,0.057617001235485,0.0323253087699413,2457600,False,0.017083860793199686,0.01847397811597099,0.18470808536830438,42,40,13
WMT,1976-10-22,0.0566410012543201,0.0566410012543201,0.0566410012543201,0.0566410012543201,0.0317777581512928,1740800,False,-0.017083860793199766,0.019986892458526386,0.19983463308777302,42,40,13
WMT,1976-10-25,0.0566410012543201,0.057617001235485,0.0561520010232925,0.0561520010232925,0.0315034054219722,1203200,True,-0.008670967244474168,0.014036732002487024,0.14034323721353567,44,48,16
WMT,1976-10-26,0.0561520010232925,0.0566410012543201,0.0561520010232925,0.0566410012543201,0.0317777581512928,128000,False,0.008670967244474252,0.01555293046979808,0.15550262054599034,43,40,13
WMT,1976-10-27,0.0566410012543201,0.057617001235485,0.0556639991700649,0.0556639991700649,0.0312296114861965,1996800,False,-0.01739988505274792,0.015622841810882422,0.1562016140099945,43,40,13
WMT,1976-10-28,0.0556639991700649,0.0556639991700649,0.0546879991888999,0.0551760010421276,0.0309558399021625,2662400,False,-0.008805061206167315,0.010579822600179426,0.10578007420751707,45,48,16
WMT,1976-10-29,0.0551760010421276,0.0556639991700649,0.0541989989578723,0.0556639991700649,0.0312296114861965,1817600,False,0.008805061206167373,0.011700794326425852,0.1169878682195702,45,48,16
WMT,1976-11-01,0.0556639991700649,0.0561520010232925,0.0556639991700649,0.0556639991700649,0.0312296114861965,512000,True,0.0,0.011377181958547363,0.11375229976229982,45,48,16
WMT,1976-11-03,0.0546879991888999,0.0546879991888999,0.0541989989578723,0.0541989989578723,0.0304076876491308,1587200,True,-0.02667127117633193,0.013970661664944463,0.13968264719494225,44,48,16
WMT,1976-11-04,0.0541989989578723,0.057617001235485,0.0541989989578723,0.0571289993822574,0.0320515111088752,17049600,False,0.05264887110036718,0.029594557778545135,0.2958948024232528,38,40,13
WMT,1976-11-05,0.0581049993634223,0.05859399959445,0.0581049993634223,0.0581049993634223,0.0325991101562976,1510400,False,0.01694066144296244,0.028778095088419338,0.28773157632646446,38,40,13
WMT,1976-11-08,0.0581049993634223,0.05859399959445,0.057617001235485,0.05859399959445,0.0328734740614891,2406400,True,0.008381080859063032,0.028784389685341853,0.287794511496054,38,40,13
WMT,1976-11-09,0.05859399959445,0.0600589998066425,0.0581049993634223,0.0600589998066425,0.0336953923106193,3558400,False,0.0246950282824204,0.028702371038248922,0.2869744657444605,38,40,13
WMT,1976-11-10,0.0600589998066425,0.0600589998066425,0.05859399959445,0.0590820014476776,0.0331472568213939,2380800,False,-0.01640113860050986,0.025098112605436353,0.2509380652400213,39,40,13
WMT,1976-11-11,0.0595699995756149,0.0610349997878074,0.0595699995756149,0.0610349997878074,0.0342429913580417,1792000,False,0.03252194916427392,0.018834221149083452,0.18830989763070766,42,40,13
WMT,1976-11-12,0.0605470016598701,0.0605470016598701,0.05859399959445,0.0590820014476776,0.0331472568213939,4198400,False,-0.032521949164274026,0.027426391085994244,0.2742168554198304,39,40,13
WMT,1976-11-15,0.0590820014476776,0.0595699995756149,0.0581049993634223,0.0595699995756149,0.0334210358560085,1510400,True,0.008225555057917007,0.027419324705662947,0.27414620374030124,39,40,13
WMT,1976-11-16,0.0605470016598701,0.061523001641035,0.0605470016598701,0.0610349997878074,0.0342429913580417,614400,False,0.024296394106357012,0.027342046915950165,0.2733735584286235,39,40,13
WMT,1976-11-17,0.0610349997878074,0.0610349997878074,0.0605470016598701,0.0610349997878074,0.0342429913580417,1280000,False,0.0,0.025307081232240004,0.2530273929807302,39,40,13
WMT,1976-11-18,0.0610349997878074,0.0634770020842552,0.0610349997878074,0.0634770020842552,0.035613015294075,2662400,False,0.03922925730516049,0.027142215288169985,0.2713755850018065,39,40,13
WMT,1976-11-19,0.0634770020842552,0.065430000424385,0.0634770020842552,0.0634770020842552,0.035613015294075,8678400,False,0.0,0.017082608300058182,0.17079677438140184,43,40,13
WMT,1976-11-22,0.0634770020842552,0.0639650002121925,0.061523001641035,0.0620119981467723,0.0347910672426223,10342400,True,-0.023350503791519265,0.024247097379614065,0.24242937306802953,40,40,13
WMT,1976-11-23,0.061523001641035,0.061523001641035,0.0610349997878074,0.061523001641035,0.0345167554914951,716800,False,-0.007915792840223956,0.023098477675943918,0.23094514671735483,40,40,13
WMT,1976-11-24,0.061523001641035,0.061523001641035,0.0600589998066425,0.0610349997878074,0.0342429913580417,2329600,False,-0.007962960673417273,0.023506643608818257,0.23502610575609106,40,40,13
WMT,1976-11-26,0.0610349997878074,0.0610349997878074,0.0590820014476776,0.0595699995756149,0.0334210358560085,2867200,True,-0.024296394106356964,0.010659826867887922,0.10657997962133556,45,48,16
WMT,1976-11-29,0.0595699995756149,0.0595699995756149,0.0590820014476776,0.0595699995756149,0.0334210358560085,409600,True,0.0,0.01065982686788792,0.10657997962133554,45,48,16
WMT,1976-11-30,0.0595699995756149,0.0600589998066425,0.0590820014476776,0.0600589998066425,0.0336953923106193,435200,False,0.008175583542592865,0.01202527579289012,0.12023212617158655,45,48,16
WMT,1976-12-01,0.0600589998066425,0.0600589998066425,0.0590820014476776,0.0590820014476776,0.0331472568213939,1894400,False,-0.01640113860050986,0.012862303817742617,0.1286009703317114,44,48,16
WMT,1976-12-02,0.0590820014476776,0.0600589998066425,0.0590820014476776,0.0600589998066425,0.0336953923106193,768000,False,0.016401138600509787,0.016905424580390266,0.16902524117870726,43,40,13
WMT,1976-12-03,0.0595699995756149,0.0595699995756149,0.05859399959445,0.05859399959445,0.0328734740614891,691200,False,-0.02469502828242043,0.01703012677591752,0.17027204918250968,43,40,13
WMT,1976-12-06,0.05859399959445,0.05859399959445,0.05859399959445,0.05859399959445,0.0328734740614891,1715200,True,0.0,0.01703012677591752,0.17027204918250968,43,40,13
WMT,1976-12-07,0.05859399959445,0.0600589998066425,0.0581049993634223,0.0595699995756149,0.0334210358560085,1382400,False,0.016519444739827607,0.018757419451484098,0.18754201242333327,42,40,13
WMT,1976-12-08,0.0595699995756149,0.0600589998066425,0.0595699995756149,0.0600589998066425,0.0337508991360664,793600,False,0.00982154025238314,0.01719779743801716,0.17194846813106773,43,40,13
WMT,1976-12-09,0.0600589998066425,0.0605470016598701,0.0590820014476776,0.0605470016598701,0.0340251512825489,2483200,False,0.008092936712794204,0.016013475145396742,0.16010727714579734,43,40,13
WMT,1976-12-10,0.061523001641035,0.0620119981467723,0.061523001641035,0.061523001641035,0.0345736406743526,1689600,False,0.015991566757443156,0.006746009229558846,0.06744851817224494,47,48,16
WMT,1976-12-13,0.061523001641035,0.061523001641035,0.0600589998066425,0.0600589998066425,0.0337508991360664,5068800,True,-0.024084503470237214,0.016821670166576503,0.16818784073795917,43,40,13
WMT,1976-12-14,0.0600589998066425,0.0605470016598701,0.05859399959445,0.05859399959445,0.0329276621341705,3251200,False,-0.024693959178859654,0.019769330055128178,0.19765938232545516,42,40,13
WMT,1976-12-15,0.0581049993634223,0.0581049993634223,0.0566410012543201,0.0566410012543201,0.0318301171064376,5913600,False,-0.03390017844470478,0.022212880639074596,0.22209069576688187,41,40,13
WMT,1976-12-16,0.0566410012543201,0.0581049993634223,0.0561520010232925,0.057617001235485,0.0323785953223705,691200,False,0.01708464587352841,0.024467387355505917,0.24463189487558962,40,40,13
WMT,1976-12-17,0.05859399959445,0.0600589998066425,0.05859399959445,0.0600589998066425,0.0337508991360664,1561600,False,0.0415094917500362,0.03254991318884934,0.3254432860250727,36,32,10
WMT,1976-12-20,0.0600589998066425,0.0600589998066425,0.0590820014476776,0.0600589998066425,0.0337508991360664,1075200,True,0.0,0.030716187704857758,0.3071091773066945,37,40,13
WMT,1976-12-21,0.05859399959445,0.05859399959445,0.0581049993634223,0.0581049993634223,0.0326528362929821,486400,False,-0.033075336466209186,0.032573277060572975,0.3256768846569306,36,32,10
WMT,1976-12-22,0.0581049993634223,0.0600589998066425,0.0581049993634223,0.05859399959445,0.0329276621341705,2073600,False,0.008381377287349433,0.027153747337335814,0.27149088570793606,39,40,13
WMT,1976-12-23,0.05859399959445,0.0595699995756149,0.0581049993634223,0.0595699995756149,0.0334761142730712,384000,False,0.016519078893359948,0.027101217574672324,0.2709656782065784,39,40,13
WMT,1976-12-27,0.0595699995756149,0.0600589998066425,0.05859399959445,0.05859399959445,0.0329276621341705,1971200,True,-0.016519078893359997,0.01992502809640751,0.19921609560722733,42,40,13
WMT,1976-12-28,0.0590820014476776,0.0600589998066425,0.0590820014476776,0.0600589998066425,0.0337508991360664,1305600,False,0.02469395917885977,0.024082031281035813,0.24077899528603755,40,40,13
WMT,1976-12-29,0.0600589998066425,0.0605470016598701,0.0600589998066425,0.0605470016598701,0.0340251512825489,3532800,False,0.008092936712794204,0.015429916732271193,0.1542726942253054,43,40,13
WMT,1976-12-30,0.0605470016598701,0.0605470016598701,0.0600589998066425,0.0605470016598701,0.0340251512825489,1664000,False,0.0,0.015859154068648892,0.1585643311468829,43,40,13
WMT,1976-12-31,0.0605470016598701,0.0605470016598701,0.0600589998066425,0.0605470016598701,0.0340251512825489,1766400,False,0.0,0.01496027103758111,0.14957704304919633,44,48,16
WMT,1977-01-03,0.0600589998066425,0.0600589998066425,0.0590820014476776,0.0590820014476776,0.0332018993794918,460800,True,-0.024492910233443146,0.017758320983754905,0.17755274189858758,42,40,13
WMT,1977-01-04,0.05859399959445,0.05859399959445,0.057617001235485,0.057617001235485,0.0323785953223705,1817600,False,-0.02510951822938709,0.015421402343686696,0.154187564947591,43,40,13
WMT,1977-01-05,0.057617001235485,0.057617001235485,0.0546879991888999,0.0556639991700649,0.0312810614705085,4787200,False,-0.03448471670174898,0.015854468195350385,0.15851748045344738,43,40,13
WMT,1977-01-06,0.0556639991700649,0.0581049993634223,0.0556639991700649,0.057617001235485,0.0323785953223705,1817600,False,0.03448471670174895,0.027913714136303863,0.27908924982310807,38,40,13
WMT,1977-01-07,0.057617001235485,0.0581049993634223,0.0566410012543201,0.0566410012543201,0.0318301171064376,2892800,False,-0.017084645873528367,0.027437355363311086,0.2743264793815959,39,40,13
WMT,1977-01-10,0.0566410012543201,0.0581049993634223,0.0566410012543201,0.0581049993634223,0.0326528362929821,665600,True,0.02551880115735525,0.031210415204587443,0.3120506043582138,37,40,13
WMT,1977-01-11,0.057617001235485,0.057617001235485,0.0571289993822574,0.0571289993822574,0.0321043469011783,332800,False,-0.016940283116056234,0.029974939779108725,0.29969796980775487,38,40,13
WMT,1977-01-12,0.0571289993822574,0.0571289993822574,0.0561520010232925,0.0561520010232925,0.0315553173422813,1049600,False,-0.017249326665760182,0.025988278520720883,0.25983819713582484,39,40,13
WMT,1977-01-13,0.0561520010232925,0.0561520010232925,0.0551760010421276,0.0556639991700649,0.0312810614705085,1766400,False,-0.008729262203759516,0.018479500000194566,0.18476329473664724,42,40,13
WMT,1977-01-14,0.0561520010232925,0.0566410012543201,0.0561520010232925,0.0561520010232925,0.0315553173422813,230400,False,0.008729262203759528,0.018527581654026345,0.185244028781305,42,40,13
WMT,1977-01-17,0.0556639991700649,0.0556639991700649,0.0541989989578723,0.0546879991888999,0.0307326037436723,1408000,True,-0.026418009531528435,0.013230334685485836,0.13228064757883976,44,48,16
WMT,1977-01-18,0.0546879991888999,0.0546879991888999,0.0541989989578723,0.0541989989578723,0.0304578058421611,793600,False,-0.008981791452504348,0.01298207403030663,0.12979846696768113,44,48,16
WMT,1977-01-19,0.0546879991888999,0.0551760010421276,0.0546879991888999,0.0551760010421276,0.0310068484395742,3148800,False,0.017865786691861306,0.01723863281431897,0.17235675183285912,43,40,13
WMT,1977-01-20,0.0551760010421276,0.0556639991700649,0.0546879991888999,0.0551760010421276,0.0310068484395742,2201600,False,0.0,0.017018118478386583,0.17015198680982802,43,40,13
WMT,1977-01-21,0.0546879991888999,0.0546879991888999,0.0541989989578723,0.0541989989578723,0.0304578058421611,2918400,False,-0.01786578669186132,0.01707576712479241,0.17072837436614377,43,40,13
WMT,1977-01-24,0.0546879991888999,0.0551760010421276,0.0546879991888999,0.0551760010421276,0.0310068484395742,2406400,True,0.017865786691861306,0.015987858719751804,0.15985115683943163,43,40,13
WMT,1977-01-25,0.0551760010421276,0.0551760010421276,0.0546879991888999,0.0551760010421276,0.0310068484395742,819200,False,0.0,0.01494758956766493,0.14945025010762364,44,48,16
WMT,1977-01-26,0.0551760010421276,0.0556639991700649,0.0551760010421276,0.0556639991700649,0.0312810614705085,230400,False,0.008804752088412051,0.013232456269613238,0.13230185978011336,44,48,16
WMT,1977-01-27,0.0556639991700649,0.0556639991700649,0.0541989989578723,0.0546879991888999,0.0307326037436723,3660800,False,-0.017688747327768917,0.01591385430465898,0.1591112396578269,43,40,13
WMT,1977-01-28,0.0546879991888999,0.0546879991888999,0.0541989989578723,0.0546879991888999,0.0307326037436723,563200,False,0.0,0.013166883267727908,0.1316462422648138,44,48,16
WMT,1977-01-31,0.0541989989578723,0.0541989989578723,0.053711000829935,0.0541989989578723,0.0304578058421611,6553600,True,-0.008981791452504348,0.010090227354184345,0.10088496174578931,45,48,16
WMT,1977-02-01,0.0541989989578723,0.0551760010421276,0.0541989989578723,0.0546879991888999,0.0307326037436723,2124800,False,0.008981791452504443,0.01157557258274982,0.11573586562566843,45,48,16
WMT,1977-02-02,0.0546879991888999,0.0546879991888999,0.053711000829935,0.053711000829935,0.0301835797727108,1715200,False,-0.018026041874550855,0.01166261001585896,0.11660609062669637,45,48,16
WMT,1977-02-03,0.053711000829935,0.053711000829935,0.0527339987456798,0.0527339987456798,0.0296345315873622,1587200,False,-0.018357771324993794,0.011816669755990081,0.11814642370781858,45,48,16
WMT,1977-02-04,0.0527339987456798,0.0532229989767074,0.0522460006177425,0.0532229989767074,0.0299093350768089,819200,False,0.009230352542775294,0.0137933718866397,0.13791005358784394,44,48,16
WMT,1977-02-07,0.0532229989767074,0.0532229989767074,0.0527339987456798,0.0527339987456798,0.0296345315873622,716800,True,-0.009230352542775232,0.013809808003217294,0.1380743865541861,44,48,16
WMT,1977-02-08,0.0527339987456798,0.0527339987456798,0.0512700006365776,0.0512700006365776,0.028811814263463,2944000,False,-0.028154768546140668,0.014071158933697637,0.14068744745937986,44,48,16
WMT,1977-02-09,0.0512700006365776,0.0517579987645149,0.0512700006365776,0.0512700006365776,0.028811814263463,512000,False,0.0,0.014725949060948356,0.14723422530892114,44,48,16
WMT,1977-02-10,0.0512700006365776,0.0522460006177425,0.0512700006365776,0.0522460006177425,0.029360294342041,512000,False,0.018857708462871572,0.018037571283621254,0.1803447657877058,42,40,13
WMT,1977-02-11,0.0522460006177425,0.0522460006177425,0.0512700006365776,0.0517579987645149,0.0290860496461391,921600,False,-0.009384563341809777,0.017071598614744325,0.1706866964175727,43,40,13
WMT,1977-02-14,0.0517579987645149,0.053711000829935,0.0517579987645149,0.053711000829935,0.0301835797727108,896000,True,0.037039394750072736,0.02520361779249869,0.25199293609546863,39,40,13
WMT,1977-02-15,0.0532229989767074,0.0532229989767074,0.0522460006177425,0.0522460006177425,0.029360294342041,3276800,False,-0.027654831408263057,0.025046292278320108,0.25041995087695806,39,40,13
WMT,1977-02-16,0.0522460006177425,0.053711000829935,0.0522460006177425,0.053711000829935,0.0301835797727108,1331200,False,0.02765483140826291,0.026983773311126058,0.26979143707015707,39,40,13
WMT,1977-02-17,0.053711000829935,0.053711000829935,0.0532229989767074,0.0532229989767074,0.0299093350768089,256000,False,-0.009127418782218538,0.027405396197236056,0.27400694255316455,39,40,13
WMT,1977-02-18,0.0532229989767074,0.0532229989767074,0.0522460006177425,0.0532229989767074,0.0299093350768089,1177600,False,0.0,0.026594126499241387,0.2658956374680745,39,40,13
WMT,1977-02-22,0.0532229989767074,0.053711000829935,0.0532229989767074,0.053711000829935,0.0301835797727108,460800,True,0.009127418782218445,0.020592467965805474,0.20588934917508722,41,40,13
WMT,1977-02-23,0.053711000829935,0.053711000829935,0.0527339987456798,0.0527339987456798,0.0296345315873622,2278400,False,-0.018357771324993794,0.017685657679697896,0.17682623352639773,42,40,13
WMT,1977-02-24,0.0527339987456798,0.0527339987456798,0.0522460006177425,0.0522460006177425,0.029360294342041,332800,False,-0.009297060083269233,0.01045352454223919,0.10451731031760488,45,48,16
WMT,1977-02-25,0.0527339987456798,0.0527339987456798,0.0527339987456798,0.0527339987456798,0.0296345315873622,1510400,False,0.00929706008326927,0.012001544821582567,0.11999485717372198,45,48,16
WMT,1977-02-28,0.0527339987456798,0.0532229989767074,0.0527339987456798,0.0532229989767074,0.0299093350768089,742400,True,0.009230352542775294,0.013022937476761193,0.1302070313228401,44,48,16
WMT,1977-03-01,0.0532229989767074,0.053711000829935,0.0527339987456798,0.053711000829935,0.0301835797727108,460800,False,0.009127418782218445,0.013022937476761193,0.1302070313228401,44,48,16
WMT,1977-03-02,0.053711000829935,0.053711000829935,0.0532229989767074,0.0532229989767074,0.0299093350768089,281600,False,-0.009127418782218538,0.010095168721806658,0.10093436694411145,45,48,16
WMT,1977-03-03,0.0532229989767074,0.0532229989767074,0.0527339987456798,0.0532229989767074,0.0299093350768089,921600,False,0.0,0.008209769755978211,0.08208361206352141,46,48,16
WMT,1977-03-04,0.0532229989767074,0.053711000829935,0.0532229989767074,0.0532229989767074,0.0299093350768089,665600,False,0.0,0.007661251100556898,0.07659936660238391,46,48,16
WMT,1977-03-07,0.0532229989767074,0.0541989989578723,0.0527339987456798,0.0532229989767074,0.0299093350768089,2329600,True,0.0,0.0064540597156363694,0.06452952393059817,47,48,16
WMT,1977-03-08,0.0532229989767074,0.0541989989578723,0.0532229989767074,0.0532229989767074,0.0299093350768089,6937600,False,0.0,0.0040819057712301,0.04081205438940814,48,48,16
WMT,1977-03-09,0.0532229989767074,0.053711000829935,0.0527339987456798,0.0527339987456798,0.0296345315873622,947200,False,-0.009230352542775232,0.0041279391483869865,0.04127230918154383,48,48,16
WMT,1977-03-10,0.0527339987456798,0.0532229989767074,0.0527339987456798,0.0527339987456798,0.0296345315873622,563200,False,0.0,0.0041279391483869865,0.04127230918154383,48,48,16
WMT,1977-03-11,0.0527339987456798,0.0532229989767074,0.0527339987456798,0.0527339987456798,0.0296345315873622,870400,False,0.0,0.0041279391483869865,0.04127230918154383,48,48,16
WMT,1977-03-14,0.0532229989767074,0.053711000829935,0.0532229989767074,0.053711000829935,0.0301835797727108,256000,True,0.01835777132499385,0.010069076687555524,0.10067349136768514,45,48,16
WMT,1977-03-15,0.053711000829935,0.0541989989578723,0.0532229989767074,0.0541989989578723,0.0304578058421611,947200,False,0.009044250422046585,0.010463791490749648,0.10461996218771304,45,48,16
WMT,1977-03-16,0.0541989989578723,0.0556639991700649,0.0541989989578723,0.0556639991700649,0.0312810614705085,1433600,False,0.026670538780273343,0.011676424026125643,0.1167442070286754,45,48,16
WMT,1977-03-17,0.0556639991700649,0.0566410012543201,0.0546879991888999,0.0561520010232925,0.0315553173422813,2739200,False,0.008729262203759528,0.01021653198865072,0.10214779138967954,45,48,16
WMT,1977-03-18,0.0561520010232925,0.0571289993822574,0.0551760010421276,0.0566410012543201,0.0318301171064376,7270400,False,0.008670808624461039,0.008059767471750221,0.08058384658005624,46,48,16
WMT,1977-03-21,0.0566410012543201,0.0566410012543201,0.0561520010232925,0.0561520010232925,0.0316100120544433,947200,True,-0.006939012832243369,0.011897554071538455,0.11895512809013839,45,48,16
WMT,1977-03-22,0.0561520010232925,0.0566410012543201,0.0556639991700649,0.0561520010232925,0.0316100120544433,1638400,False,0.0,0.012600589102392385,0.1259842722019642,44,48,16
WMT,1977-03-23,0.0561520010232925,0.0566410012543201,0.0556639991700649,0.0561520010232925,0.0316100120544433,384000,False,0.0,0.006664197120265557,0.06663053744429108,47,48,16
WMT,1977-03-24,0.0561520010232925,0.0561520010232925,0.0551760010421276,0.0551760010421276,0.0310606006532907,640000,False,-0.017533751559662466,0.009757367778104703,0.09755693707193608,46,48,16
WMT,1977-03-25,0.0551760010421276,0.0551760010421276,0.0532229989767074,0.053711000829935,0.0302358884364366,768000,False,-0.026910578353052404,0.011744275071376363,0.11742260106919145,45,48,16
WMT,1977-03-28,0.053711000829935,0.0541989989578723,0.053711000829935,0.0541989989578723,0.0305106062442064,230400,True,0.009044791211741624,0.014686681475638069,0.14684161682718708,44,48,16
WMT,1977-03-29,0.0541989989578723,0.0541989989578723,0.0527339987456798,0.0527339987456798,0.0296858921647071,2124800,False,-0.02740244720979581,0.016397378947061152,0.16394565649895593,43,40,13
WMT,1977-03-30,0.0532229989767074,0.0541989989578723,0.0532229989767074,0.053711000829935,0.0302358884364366,332800,False,0.018357655998054338,0.021250046315633302,0.21246400446664804,41,40,13
WMT,1977-03-31,0.053711000829935,0.0546879991888999,0.0532229989767074,0.0541989989578723,0.0305106062442064,1971200,False,0.009044791211741624,0.02186238836573328,0.21858637437281833,41,40,13
WMT,1977-04-01,0.053711000829935,0.053711000829935,0.0527339987456798,0.0527339987456798,0.0296858921647071,2662400,False,-0.02740244720979581,0.021994360352676882,0.2199058678180081,41,40,13
WMT,1977-04-04,0.0527339987456798,0.0527339987456798,0.0512700006365776,0.0512700006365776,0.0288617499172687,665600,True,-0.0281547354642178,0.02289087715501274,0.22886949768811243,40,40,13
WMT,1977-04-05,0.0512700006365776,0.0522460006177425,0.0512700006365776,0.0512700006365776,0.0288617499172687,1715200,False,0.0,0.02123592003034375,0.21232276585021037,41,40,13
WMT,1977-04-06,0.0512700006365776,0.0517579987645149,0.05078100040555,0.05078100040555,0.0285864826291799,1203200,False,-0.009583215446353953,0.01649155909557637,0.16488729639929278,43,40,13
WMT,1977-04-07,0.05078100040555,0.0512700006365776,0.0502929985523223,0.05078100040555,0.0285864826291799,921600,False,0.0,0.014024683302850106,0.14022277088911209,44,48,16
WMT,1977-04-11,0.05078100040555,0.0512700006365776,0.05078100040555,0.0512700006365776,0.0288617499172687,512000,True,0.00958321544635392,0.014298840336112456,0.14296387085070428,44,48,16
WMT,1977-04-12,0.0512700006365776,0.0522460006177425,0.05078100040555,0.0517579987645149,0.029136462137103,1996800,False,0.009473198035730745,0.007991702281144859,0.0799033114534028,46,48,16
WMT,1977-04-13,0.0522460006177425,0.0522460006177425,0.0522460006177425,0.0522460006177425,0.029411194846034,102400,False,0.009384994706187482,0.00852011379829459,0.08518652002962764,46,48,16
WMT,1977-04-14,0.0522460006177425,0.0532229989767074,0.0522460006177425,0.0532229989767074,0.0299611780792474,1561600,False,0.018527100669739633,0.006551773029269146,0.06550648942026169,47,48,16
WMT,1977-04-15,0.0532229989767074,0.0541989989578723,0.0532229989767074,0.0532229989767074,0.0299611780792474,1331200,False,0.0,0.006551773029269146,0.06550648942026169,47,48,16
WMT,1977-04-18,0.0532229989767074,0.0532229989767074,0.0517579987645149,0.0517579987645149,0.029136462137103,1305600,True,-0.027912095375927117,0.017903978873116698,0.17900907088706602,42,40,13
WMT,1977-04-19,0.0517579987645149,0.0517579987645149,0.0502929985523223,0.0502929985523223,0.0283117573708295,3148800,False,-0.02871321106587084,0.02162160635167569,0.21617896734177647,41,40,13
WMT,1977-04-20,0.0502929985523223,0.0517579987645149,0.0502929985523223,0.0517579987645149,0.029136462137103,768000,False,0.028713211065870967,0.02623747263838972,0.26232971077033884,39,40,13
WMT,1977-04-21,0.0517579987645149,0.0522460006177425,0.0512700006365776,0.0512700006365776,0.0288617499172687,896000,False,-0.00947319803573064,0.02365476429828875,0.23650705852023207,40,40,13
WMT,1977-04-22,0.0512700006365776,0.0512700006365776,0.049805000424385,0.049805000424385,0.0280370619148015,1203200,False,-0.02898991145089813,0.02488475904317335,0.2488048956679497,40,40,13
WMT,1977-04-25,0.049805000424385,0.05078100040555,0.0493160001933574,0.0493160001933574,0.0277617834508419,1408000,True,-0.009866895828322607,0.023501336009469326,0.23497303886884627,40,40,13
WMT,1977-04-26,0.0493160001933574,0.0493160001933574,0.0493160001933574,0.0493160001933574,0.0277617834508419,128000,False,0.0,0.02106535572114299,0.21061741539526943,41,40,13
WMT,1977-04-27,0.0493160001933574,0.049805000424385,0.0493160001933574,0.0493160001933574,0.0277617834508419,1484800,False,0.0,0.011835900868685632,0.11833870183996742,45,48,16
WMT,1977-04-28,0.0493160001933574,0.049805000424385,0.0488279983401298,0.0488279983401298,0.0274870563298463,2252800,False,-0.009945163968535443,0.011835860826800678,0.11833830148981771,45,48,16
WMT,1977-04-29,0.0478519983589649,0.0478519983589649,0.046875,0.046875,0.02638765797019,10291200,False,-0.04081881524337471,0.016787026209933095,0.1678414606101374,43,40,13
WMT,1977-05-02,0.046875,0.0473630018532276,0.046875,0.046875,0.02638765797019,1766400,True,0.0,0.017675446579566025,0.1767241400442564,42,40,13
WMT,1977-05-03,0.046875,0.0473630018532276,0.046875,0.046875,0.02638765797019,2073600,False,0.0,0.017675446579566025,0.1767241400442564,42,40,13
WMT,1977-05-04,0.046875,0.046875,0.0463869981467723,0.046875,0.02638765797019,1894400,False,0.0,0.017675446579566025,0.1767241400442564,42,40,13
WMT,1977-05-05,0.046875,0.0502929985523223,0.0454099997878074,0.0502929985523223,0.0283117573708295,7398400,False,0.07038077346099064,0.040139902454129246,0.40133015653856796,33,32,10
WMT,1977-05-06,0.0502929985523223,0.0502929985523223,0.049805000424385,0.0502929985523223,0.0283117573708295,1920000,False,0.0,0.031475238753557726,0.3146983854903378,37,40,13
WMT,1977-05-09,0.0502929985523223,0.0502929985523223,0.0493160001933574,0.049805000424385,0.0280370619148015,665600,True,-0.00974989842075788,0.032837833327404295,0.3283219934262408,36,32,10
WMT,1977-05-10,0.049805000424385,0.0502929985523223,0.049805000424385,0.0502929985523223,0.0283117573708295,307200,False,0.00974989842075798,0.03222143563221556,0.32215907402745037,37,40,13
WMT,1977-05-11,0.049805000424385,0.049805000424385,0.0493160001933574,0.049805000424385,0.0280370619148015,409600,False,-0.00974989842075788,0.033553741330080204,0.3354798451701376,36,32,10
WMT,1977-05-12,0.049805000424385,0.0502929985523223,0.0493160001933574,0.0502929985523223,0.0283117573708295,2432000,False,0.00974989842075798,0.009749898420758069,0.09748225631364095,46,48,16
WMT,1977-05-13,0.0502929985523223,0.05078100040555,0.0502929985523223,0.0502929985523223,0.0283117573708295,256000,False,0.0,0.009749898420758069,0.09748225631364095,46,48,16
WMT,1977-05-16,0.0502929985523223,0.0502929985523223,0.0488279983401298,0.0502929985523223,0.0283117573708295,2969600,True,0.0,0.008157350271416062,0.08155950715397313,46,48,16
WMT,1977-05-17,0.0502929985523223,0.0502929985523223,0.049805000424385,0.049805000424385,0.0280370619148015,1408000,False,-0.00974989842075788,0.008157350271416008,0.0815595071539726,46,48,16
WMT,1977-05-18,0.05078100040555,0.0512700006365776,0.05078100040555,0.0512700006365776,0.0288617499172687,1510400,False,0.028989911450898076,0.014683775154698287,0.14681255860416206,44,48,16
WMT,1977-05-19,0.0517579987645149,0.0532229989767074,0.0517579987645149,0.0532229989767074,0.0299611780792474,3123200,False,0.03738529341165783,0.020566055666414666,0.20562527149674284,41,40,13
WMT,1977-05-20,0.0527339987456798,0.0527339987456798,0.0517579987645149,0.0527339987456798,0.0296858921647071,1356800,False,-0.0092305579474401,0.022187194570709775,0.22183387915280328,41,40,13
WMT,1977-05-23,0.0527339987456798,0.0532229989767074,0.0512700006365776,0.0517579987645149,0.029136462137103,2073600,True,-0.01868153742848712,0.0255071019100178,0.2550272565831704,39,40,13
WMT,1977-05-24,0.0517579987645149,0.053711000829935,0.0512700006365776,0.053711000829935,0.0302358884364366,793600,False,0.0370391934265413,0.02694466770425096,0.2694004480948686,39,40,13
WMT,1977-05-25,0.053711000829935,0.053711000829935,0.0527339987456798,0.0527339987456798,0.0296858921647071,128000,False,-0.01835765599805432,0.029078474692667434,0.2907348570078673,38,40,13
WMT,1977-05-26,0.0527339987456798,0.0527339987456798,0.0527339987456798,0.0527339987456798,0.0296858921647071,716800,False,0.0,0.023054651288516893,0.230506958035987,40,40,13
WMT,1977-05-27,0.0527339987456798,0.0527339987456798,0.0522460006177425,0.0527339987456798,0.0296858921647071,691200,False,0.0,0.02268207014429909,0.226781785831019,40,40,13
WMT,1977-05-31,0.0522460006177425,0.0522460006177425,0.0512700006365776,0.0517579987645149,0.029136462137103,1100800,True,-0.01868153742848712,0.02268207014429909,0.226781785831019,40,40,13
WMT,1977-06-01,0.0517579987645149,0.0517579987645149,0.0517579987645149,0.0517579987645149,0.029136462137103,435200,False,0.0,0.010144247193571352,0.10142506745785852,45,48,16
WMT,1977-06-02,0.0517579987645149,0.053711000829935,0.0512700006365776,0.053711000829935,0.0302358884364366,4326400,False,0.0370391934265413,0.020331631658773358,0.20328143362143664,41,40,13
WMT,1977-06-03,0.053711000829935,0.0541989989578723,0.053711000829935,0.0541989989578723,0.0305106062442064,2406400,False,0.009044791211741624,0.020325667983042955,0.2032218070960069,41,40,13
WMT,1977-06-06,0.0541989989578723,0.0546879991888999,0.053711000829935,0.0541989989578723,0.0305106062442064,3353600,True,0.0,0.020325667983042955,0.2032218070960069,41,40,13
WMT,1977-06-07,0.0541989989578723,0.0546879991888999,0.0541989989578723,0.0546879991888999,0.0307858698070049,1356800,False,0.008981443335862399,0.015231022212518335,0.15228409027096604,43,40,13
WMT,1977-06-08,0.0551760010421276,0.0556639991700649,0.0551760010421276,0.0551760010421276,0.0310606006532907,2688000,False,0.008884343805448532,0.014101359197512221,0.1409893982829541,44,48,16
WMT,1977-06-09,0.0551760010421276,0.0556639991700649,0.0551760010421276,0.0556639991700649,0.0313352867960929,486400,False,0.008804680197873659,0.003994139207252942,0.03993453933066934,48,48,16
WMT,1977-06-10,0.0556639991700649,0.0561520010232925,0.0546879991888999,0.0551760010421276,0.0310606006532907,896000,False,-0.008804680197873749,0.007918418497191625,0.07917059934680763,46,48,16
WMT,1977-06-13,0.0556639991700649,0.0561520010232925,0.0556639991700649,0.0561520010232925,0.0316100120544433,1049600,True,0.017533751559662518,0.009636514563497782,0.09634861227364312,46,48,16
WMT,1977-06-14,0.0566410012543201,0.0581049993634223,0.0566410012543201,0.0581049993634223,0.0327094383537769,1536000,False,0.03418976335181267,0.015617988072939288,0.15615308495811794,43,40,13
WMT,1977-06-15,0.0581049993634223,0.0581049993634223,0.057617001235485,0.057617001235485,0.0324347205460071,921600,False,-0.008434200116437338,0.018219220106126477,0.1821609423579996,42,40,13
WMT,1977-06-16,0.057617001235485,0.057617001235485,0.0571289993822574,0.0571289993822574,0.0321599841117858,1971200,False,-0.00850652053774109,0.01976372242545676,0.1976033156497473,42,40,13
WMT,1977-06-17,0.0571289993822574,0.0571289993822574,0.0566410012543201,0.0571289993822574,0.0321599841117858,1049600,False,0.0,0.018560040610158778,0.18556856265282085,42,40,13
WMT,1977-06-20,0.0571289993822574,0.057617001235485,0.0566410012543201,0.0566410012543201,0.0319838151335716,665600,True,-0.005492952498662737,0.018131243318615677,0.18128132542460473,42,40,13
WMT,1977-06-21,0.0566410012543201,0.0566410012543201,0.0566410012543201,0.0566410012543201,0.0319838151335716,3097600,False,0.0,0.004272446962514419,0.042717139390861955,48,48,16
WMT,1977-06-22,0.0566410012543201,0.0566410012543201,0.0556639991700649,0.0556639991700649,0.0314321294426918,3174400,False,-0.017399397345944055,0.007212742795846314,0.07211505306066454,47,48,16
WMT,1977-06-23,0.0556639991700649,0.0561520010232925,0.0556639991700649,0.0556639991700649,0.0314321294426918,665600,False,0.0,0.007551483610408034,0.07550188002890179,46,48,16
WMT,1977-06-24,0.0556639991700649,0.0566410012543201,0.0556639991700649,0.0566410012543201,0.0319838151335716,947200,False,0.017399397345944118,0.012546075857874397,0.12543923328512002,44,48,16
WMT,1977-06-27,0.0566410012543201,0.0566410012543201,0.0561520010232925,0.0566410012543201,0.0319838151335716,1408000,True,0.0,0.012303231851876397,0.12301120987243222,45,48,16
WMT,1977-06-28,0.0566410012543201,0.0566410012543201,0.0556639991700649,0.0556639991700649,0.0314321294426918,1843200,False,-0.017399397345944055,0.014557380245134576,0.14554882636418337,44,48,16
WMT,1977-06-29,0.0556639991700649,0.0566410012543201,0.0556639991700649,0.0561520010232925,0.0317076742649078,4300800,False,0.008728141530203341,0.012907579359247736,0.12905364806754752,44,48,16
WMT,1977-06-30,0.0561520010232925,0.0566410012543201,0.0556639991700649,0.0566410012543201,0.0319838151335716,1254400,False,0.008671255815740771,0.013193761616735526,0.13191497963972526,44,48,16
WMT,1977-07-01,0.0566410012543201,0.0566410012543201,0.0556639991700649,0.0556639991700649,0.0314321294426918,947200,False,-0.017399397345944055,0.013193761616735472,0.13191497963972473,44,48,16
WMT,1977-07-05,0.0556639991700649,0.0556639991700649,0.0556639991700649,0.0556639991700649,0.0314321294426918,1664000,True,0.0,0.013193761616735472,0.13191497963972473,44,48,16
WMT,1977-07-06,0.0556639991700649,0.0561520010232925,0.0556639991700649,0.0556639991700649,0.0314321294426918,435200,False,0.0,0.010654930314123772,0.10653102248470794,45,48,16
WMT,1977-07-07,0.0556639991700649,0.0561520010232925,0.0546879991888999,0.0546879991888999,0.0308810211718082,4787200,False,-0.017688806784478997,0.011739384132382989,0.11737370007063833,45,48,16
WMT,1977-07-08,0.0546879991888999,0.0556639991700649,0.0546879991888999,0.0556639991700649,0.0314321294426918,460800,False,0.017688806784478935,0.014730741608273687,0.1472821425596043,44,48,16
WMT,1977-07-11,0.0556639991700649,0.0556639991700649,0.0551760010421276,0.0556639991700649,0.0314321294426918,384000,True,0.0,0.012507875228403798,0.12505729253120743,44,48,16
WMT,1977-07-12,0.0551760010421276,0.0551760010421276,0.0551760010421276,0.0551760010421276,0.0311565697193145,281600,False,-0.008805471516591308,0.013113131146115224,0.13110881327116464,44,48,16
WMT,1977-07-13,0.0546879991888999,0.0546879991888999,0.0546879991888999,0.0546879991888999,0.0308810211718082,972800,False,-0.008883335267887576,0.013413230110013932,0.13410928803056804,44,48,16
WMT,1977-07-15,0.0546879991888999,0.0556639991700649,0.0546879991888999,0.0556639991700649,0.0314321294426918,1433600,True,0.017688806784478935,0.013413230110013953,0.13410928803056826,44,48,16
WMT,1977-07-18,0.0556639991700649,0.057617001235485,0.0556639991700649,0.0571289993822574,0.0322593860328197,5580800,True,0.025978440245750647,0.015884326753528678,0.1588160148069228,43,40,13
WMT,1977-07-19,0.0571289993822574,0.05859399959445,0.0571289993822574,0.05859399959445,0.033086635172367,2713600,False,0.025320388942606846,0.017741415798615885,0.17738371905141176,42,40,13
WMT,1977-07-20,0.05859399959445,0.0610349997878074,0.05859399959445,0.0590820014476776,0.0333621948957443,2355200,False,0.008293939945256788,0.01449943584897448,0.14496948181774263,44,48,16
WMT,1977-07-21,0.0590820014476776,0.0590820014476776,0.05859399959445,0.05859399959445,0.033086635172367,1305600,False,-0.008293939945256762,0.01427073434929423,0.14268285920394405,44,48,16
WMT,1977-07-22,0.05859399959445,0.05859399959445,0.057617001235485,0.0581049993634223,0.0328105092048645,2176000,False,-0.008380562958400185,0.016995724857303107,0.1699280890197134,43,40,13
WMT,1977-07-25,0.057617001235485,0.057617001235485,0.057617001235485,0.057617001235485,0.0325349420309066,307200,True,-0.008434215459731947,0.015046608585309436,0.15044027039720897,43,40,13
WMT,1977-07-26,0.0581049993634223,0.05859399959445,0.0581049993634223,0.0581049993634223,0.0328105092048645,3481600,False,0.008434215459731983,0.009165668672731856,0.09164096119595119,46,48,16
WMT,1977-07-27,0.0581049993634223,0.05859399959445,0.0571289993822574,0.0571289993822574,0.0322593860328197,1100800,False,-0.016939825984206628,0.009250247823930384,0.09248660759554558,46,48,16
WMT,1977-07-28,0.0571289993822574,0.057617001235485,0.0571289993822574,0.057617001235485,0.0325349420309066,1433600,False,0.00850561052447456,0.011349686961114375,0.11347739696111792,45,48,16
WMT,1977-07-29,0.057617001235485,0.0581049993634223,0.0571289993822574,0.0571289993822574,0.0322593860328197,8140800,False,-0.008505610524474615,0.011363636798255205,0.11361687139880033,45,48,16
WMT,1977-08-01,0.0571289993822574,0.057617001235485,0.0566410012543201,0.057617001235485,0.0325349420309066,128000,True,0.00850561052447456,0.011990933303735714,0.11988876020142725,45,48,16
WMT,1977-08-02,0.0581049993634223,0.0590820014476776,0.0581049993634223,0.0590820014476776,0.0333621948957443,1484800,False,0.02510871836338884,0.016422803232034888,0.16419985572826523,43,40,13
WMT,1977-08-03,0.0590820014476776,0.0590820014476776,0.05859399959445,0.05859399959445,0.033086635172367,460800,False,-0.008293939945256762,0.014036105136474856,0.14033696962892758,44,48,16
WMT,1977-08-04,0.05859399959445,0.0595699995756149,0.0581049993634223,0.0595699995756149,0.0336377620697021,1689600,False,0.016519877402995993,0.01495488625937215,0.14952320450576695,44,48,16
WMT,1977-08-05,0.0600589998066425,0.061523001641035,0.0600589998066425,0.061523001641035,0.0347405672073364,2150400,False,0.0322587808705484,0.015708151713818688,0.15705456667321602,43,40,13
WMT,1977-08-08,0.0610349997878074,0.0610349997878074,0.0605470016598701,0.0610349997878074,0.0344650149345397,998400,True,-0.007963338229092448,0.018787905526701884,0.18784682087057308,42,40,13
WMT,1977-08-09,0.0610349997878074,0.0610349997878074,0.0600589998066425,0.0605470016598701,0.0341894254088401,307200,False,-0.008028351977436319,0.01864277499723079,0.1863957645762106,42,40,13
WMT,1977-08-10,0.0605470016598701,0.0610349997878074,0.0600589998066425,0.0610349997878074,0.0344650149345397,640000,False,0.008028351977436279,0.01712221400181663,0.17119276344751136,43,40,13
WMT,1977-08-11,0.061523001641035,0.0629879981279373,0.061523001641035,0.061523001641035,0.0347405672073364,5401600,False,0.007963338229092476,0.016494253067753054,0.16491423149901344,43,40,13
WMT,1977-08-12,0.061523001641035,0.0625,0.061523001641035,0.061523001641035,0.0347405672073364,896000,False,0.0,0.007995911180864132,0.07994539322938922,46,48,16
WMT,1977-08-15,0.0610349997878074,0.0610349997878074,0.0595699995756149,0.0605470016598701,0.0341894254088401,2099200,True,-0.015991690206528804,0.010430327119331081,0.10428537588832613,45,48,16
WMT,1977-08-16,0.0605470016598701,0.0605470016598701,0.0595699995756149,0.0605470016598701,0.0341894254088401,640000,False,0.0,0.00979289725880613,0.09791217092104501,46,48,16
WMT,1977-08-17,0.0605470016598701,0.0610349997878074,0.0605470016598701,0.0610349997878074,0.0344650149345397,7705600,False,0.008028351977436279,0.00979289725880613,0.09791217092104501,46,48,16
WMT,1977-08-18,0.0610349997878074,0.0620119981467723,0.0610349997878074,0.0620119981467723,0.0350167043507099,896000,False,0.015880465134471455,0.011830485876911335,0.11828456121272207,45,48,16
WMT,1977-08-19,0.0620119981467723,0.0620119981467723,0.061523001641035,0.0620119981467723,0.0350167043507099,460800,False,0.0,0.011830485876911335,0.11828456121272207,45,48,16
WMT,1977-08-22,0.0620119981467723,0.0620119981467723,0.0605470016598701,0.0605470016598701,0.0341894254088401,1945600,True,-0.0239088171119078,0.014901972554425758,0.14899415824030982,44,48,16
WMT,1977-08-23,0.0605470016598701,0.0620119981467723,0.0600589998066425,0.0620119981467723,0.0350167043507099,1740800,False,0.023908817111907746,0.018341076662807723,0.1833792988556025,42,40,13
WMT,1977-08-24,0.0620119981467723,0.0620119981467723,0.0610349997878074,0.061523001641035,0.0347405672073364,537600,False,-0.007917126905378916,0.019009538339700496,0.19006276874529607,42,40,13
WMT,1977-08-25,0.0610349997878074,0.0610349997878074,0.0600589998066425,0.0600589998066425,0.0339138656854629,281600,False,-0.024084139859492378,0.01988198649329014,0.19878575342250215,42,40,13
WMT,1977-08-26,0.0600589998066425,0.0605470016598701,0.0600589998066425,0.0600589998066425,0.0339138656854629,281600,False,0.0,0.01988198649329014,0.19878575342250215,42,40,13
WMT,1977-08-29,0.0605470016598701,0.0620119981467723,0.0605470016598701,0.0620119981467723,0.0350167043507099,1228800,True,0.03200126676487128,0.023044050177412692,0.23040096511326394,40,40,13
WMT,1977-08-30,0.0620119981467723,0.0620119981467723,0.0620119981467723,0.0620119981467723,0.0350167043507099,358400,False,0.0,0.020413278556885038,0.20409776252102713,41,40,13
WMT,1977-08-31,0.061523001641035,0.061523001641035,0.0605470016598701,0.0605470016598701,0.0341894254088401,1024000,False,-0.0239088171119078,0.023046754499746757,0.23042800369680064,40,40,13
WMT,1977-09-01,0.0605470016598701,0.0625,0.0605470016598701,0.0625,0.0352922454476356,2278400,False,0.03174686641773704,0.02390680821751688,0.23902706528093645,40,40,13
WMT,1977-09-02,0.0620119981467723,0.0620119981467723,0.0610349997878074,0.061523001641035,0.0348386652767658,793600,False,-0.012935422933532226,0.025622926310605514,0.25618530186920396,39,40,13
WMT,1977-09-06,0.061523001641035,0.061523001641035,0.0605470016598701,0.061523001641035,0.0348386652767658,870400,True,0.0,0.020866381969124256,0.20862801925421004,41,40,13
WMT,1977-09-07,0.061523001641035,0.0620119981467723,0.0610349997878074,0.061523001641035,0.0348386652767658,665600,False,0.0,0.020866381969124256,0.20862801925421004,41,40,13
WMT,1977-09-08,0.0605470016598701,0.0605470016598701,0.0595699995756149,0.0605470016598701,0.0342860147356987,2124800,False,-0.01599030379627569,0.018902954421759238,0.1889971124318374,42,40,13
WMT,1977-09-09,0.0605470016598701,0.0605470016598701,0.0600589998066425,0.0605470016598701,0.0342860147356987,947200,False,0.0,0.007994927276045748,0.07993555586929019,46,48,16
WMT,1977-09-12,0.0605470016598701,0.0610349997878074,0.0600589998066425,0.0605470016598701,0.0342860147356987,1894400,True,0.0,0.007151081253869212,0.07149854343355821,47,48,16
WMT,1977-09-13,0.0605470016598701,0.0610349997878074,0.0595699995756149,0.0595699995756149,0.0337327532470226,1126400,False,-0.01626826556993682,0.008834919646497033,0.08833403839947725,46,48,16
WMT,1977-09-14,0.0595699995756149,0.061523001641035,0.0595699995756149,0.061523001641035,0.0348386652767658,665600,False,0.03225856936621258,0.0197545031429921,0.1975111386426172,42,40,13
WMT,1977-09-15,0.061523001641035,0.0620119981467723,0.0610349997878074,0.061523001641035,0.0348386652767658,1612800,False,0.0,0.017706875776865003,0.17703837809419423,42,40,13
WMT,1977-09-16,0.0620119981467723,0.0629879981279373,0.0620119981467723,0.0625,0.0353919342160224,2816000,False,0.015756106004536384,0.01838450251969524,0.1838134829187652,42,40,13
WMT,1977-09-19,0.0625,0.0625,0.0625,0.0625,0.0353919342160224,1612800,True,0.0,0.01838450251969524,0.1838134829187652,42,40,13
WMT,1977-09-20,0.0625,0.0625,0.0620119981467723,0.0625,0.0353919342160224,2022400,False,0.0,0.014385655735743087,0.14383187589788982,44,48,16
WMT,1977-09-21,0.0625,0.0625,0.061523001641035,0.0620119981467723,0.0351155921816825,691200,False,-0.007838693638712544,0.008619206904838913,0.08617728108109689,46,48,16
WMT,1977-09-22,0.0620119981467723,0.0620119981467723,0.0610349997878074,0.0610349997878074,0.0345623232424259,3686400,False,-0.01588108840864344,0.011717774278931368,0.11715763861213266,45,48,16
WMT,1977-09-23,0.0610349997878074,0.0620119981467723,0.0610349997878074,0.061523001641035,0.0348386652767658,256000,False,0.007963676042819683,0.009047420182495292,0.09045867917243801,46,48,16
WMT,1977-09-26,0.061523001641035,0.0639650002121925,0.061523001641035,0.0639650002121925,0.0362215191125869,15795200,True,0.03892555167078689,0.021124086687349157,0.21120462429265321,41,40,13
WMT,1977-09-27,0.0639650002121925,0.0644529983401298,0.0639650002121925,0.0644529983401298,0.0364978574216365,2201600,False,0.007600165248515343,0.02098023782414275,0.2097663824619837,41,40,13
WMT,1977-09-28,0.0644529983401298,0.0644529983401298,0.0639650002121925,0.0644529983401298,0.0364978574216365,1126400,False,0.0,0.019940348252595514,0.19936927088432604,42,40,13
WMT,1977-09-29,0.0644529983401298,0.0649409964680671,0.0639650002121925,0.0649409964680671,0.0367741733789444,1612800,False,0.007542230347537457,0.015196068581411605,0.1519346139298193,43,40,13
WMT,1977-09-30,0.0649409964680671,0.0664059966802597,0.0649409964680671,0.0664059966802597,0.0376037657260894,9548800,False,0.02230840923461173,0.015498724781306416,0.15496065666173575,43,40,13
WMT,1977-10-03,0.0664059966802597,0.0673829987645149,0.0664059966802597,0.0673829987645149,0.0381570160388946,7500800,True,0.014605449806321665,0.008421123851330882,0.08419679039697371,46,48,16
WMT,1977-10-04,0.0668950006365776,0.0668950006365776,0.0664059966802597,0.0664059966802597,0.0376037657260894,4377600,False,-0.014605449806321702,0.0141684204535256,0.14165989578613758,44,48,16
WMT,1977-10-05,0.0664059966802597,0.0668950006365776,0.0664059966802597,0.0664059966802597,0.0376037657260894,2048000,False,0.0,0.0141684204535256,0.14165989578613758,44,48,16
WMT,1977-10-06,0.0664059966802597,0.0688479989767074,0.0659179985523223,0.0683590024709701,0.038709707558155,2867200,False,0.028986212205758217,0.01759457523616276,0.1759155653611314,42,40,13
WMT,1977-10-07,0.0683590024709701,0.0683590024709701,0.0673829987645149,0.0683590024709701,0.038709707558155,1612800,False,0.0,0.016574066538720792,0.16571222927277418,43,40,13
WMT,1977-10-10,0.0683590024709701,0.0698240026831626,0.0683590024709701,0.0693359971046447,0.0392629355192184,998400,True,0.014190547425329795,0.016519892170442734,0.16517057853691958,43,40,13
WMT,1977-10-11,0.0693359971046447,0.0722659975290298,0.0693359971046447,0.0703129991889,0.0398161932826042,16844800,False,0.013992738638150901,0.01207992717685105,0.12077854624585439,45,48,16
WMT,1977-10-12,0.0698240026831626,0.0698240026831626,0.0688479989767074,0.0693359971046447,0.0392629355192184,2304000,False,-0.013992738638150948,0.01628127059699927,0.16278477220535253,43,40,13
WMT,1977-10-13,0.0688479989767074,0.0688479989767074,0.0673829987645149,0.0678709968924522,0.0384333543479442,1740800,False,-0.021355271914033698,0.016114792028942365,0.16112027215194694,43,40,13
WMT,1977-10-14,0.0678709968924522,0.0683590024709701,0.0664059966802597,0.0673829987645149,0.0381570160388946,6809600,False,-0.007216037910732664,0.016276691015339885,0.16273898424594377,43,40,13
WMT,1977-10-17,0.0664059966802597,0.0664059966802597,0.0659179985523223,0.0659179985523223,0.0373274348676204,665600,True,-0.02198107194966675,0.014762885679004915,0.1476035281173568,44,48,16
WMT,1977-10-18,0.0659179985523223,0.0659179985523223,0.0649409964680671,0.065430000424385,0.0370510965585708,665600,False,-0.007430627500529588,0.007179757444104361,0.07178525613619005,47,48,16
WMT,1977-10-19,0.065430000424385,0.0659179985523223,0.065430000424385,0.0659179985523223,0.0373274348676204,691200,False,0.0074306275005294456,0.012151194953558264,0.1214911017388516,45,48,16
WMT,1977-10-20,0.0659179985523223,0.0664059966802597,0.065430000424385,0.0664059966802597,0.0376037657260894,1945600,False,0.007375622143344985,0.012296661275048453,0.12294551537728687,45,48,16
WMT,1977-10-21,0.0664059966802597,0.0664059966802597,0.065430000424385,0.0664059966802597,0.0376037657260894,281600,False,0.0,0.012301747267686102,0.12299636657762933,45,48,16
WMT,1977-10-24,0.0659179985523223,0.0659179985523223,0.0644529983401298,0.0659179985523223,0.0373274348676204,6016000,True,-0.007375622143345026,0.007403175908116472,0.07401905745740785,47,48,16
WMT,1977-10-25,0.0659179985523223,0.0659179985523223,0.0644529983401298,0.0644529983401298,0.0364978574216365,1331200,False,-0.022475017438804274,0.012488729961509487,0.12486587270978543,45,48,16
WMT,1977-10-26,0.0644529983401298,0.0659179985523223,0.0644529983401298,0.0649409964680671,0.0367741733789444,1049600,False,0.007542230347537457,0.012512130368467048,0.1250998366312991,44,48,16
WMT,1977-10-27,0.0649409964680671,0.0664059966802597,0.0644529983401298,0.0659179985523223,0.0373274348676204,2227200,False,0.014932787091266784,0.014392008367529064,0.14389539131654366,44,48,16
WMT,1977-10-28,0.0659179985523223,0.0664059966802597,0.065430000424385,0.0664059966802597,0.0376037657260894,384000,False,0.007375622143344985,0.014948238874578072,0.14945674206273965,44,48,16
WMT,1977-10-31,0.0664059966802597,0.0668950006365776,0.065430000424385,0.0659179985523223,0.0373274348676204,1177600,True,-0.007375622143345026,0.014948238874578072,0.14945674206273965,44,48,16
WMT,1977-11-01,0.065430000424385,0.065430000424385,0.0639650002121925,0.0644529983401298,0.0364978574216365,1740800,False,-0.022475017438804274,0.014948238874578072,0.14945674206273965,44,48,16
WMT,1977-11-02,0.0644529983401298,0.0649409964680671,0.0639650002121925,0.0644529983401298,0.0364978574216365,3558400,False,0.0,0.014366080671736892,0.14363615884275158,44,48,16
WMT,1977-11-03,0.0644529983401298,0.065430000424385,0.0639650002121925,0.0644529983401298,0.0364978574216365,1152000,False,0.0,0.011323655892670606,0.11321713093816625,45,48,16
WMT,1977-11-04,0.0644529983401298,0.0659179985523223,0.0644529983401298,0.0659179985523223,0.0373274348676204,3251200,False,0.022475017438804156,0.01623093234652771,0.16228147606593826,43,40,13
WMT,1977-11-07,0.0659179985523223,0.0664059966802597,0.065430000424385,0.0664059966802597,0.0376037657260894,1587200,True,0.007375622143344985,0.016230932346527727,0.16228147606593843,43,40,13
WMT,1977-11-08,0.0664059966802597,0.0668950006365776,0.0659179985523223,0.0668950006365776,0.0378806814551353,2534400,False,0.007337060325404493,0.009175696979136509,0.09174122705443939,46,48,16
WMT,1977-11-09,0.0668950006365776,0.0668950006365776,0.0664059966802597,0.0664059966802597,0.0376037657260894,1792000,False,-0.007337060325404404,0.011056434581506597,0.11054537629794388,45,48,16
WMT,1977-11-10,0.0664059966802597,0.0673829987645149,0.0664059966802597,0.0673829987645149,0.0381570160388946,4326400,False,0.014605449806321665,0.011014098994187578,0.11012209305989142,45,48,16
WMT,1977-11-11,0.0678709968924522,0.0703129991889,0.0678709968924522,0.0698240026831626,0.0395392701029777,2048000,False,0.03558471038296333,0.015643621930434448,0.15640937955307807,43,40,13
WMT,1977-11-14,0.0698240026831626,0.0703129991889,0.0688479989767074,0.0703129991889,0.0398161932826042,2841600,True,0.006979338079954114,0.015670805173032872,0.1566811653407919,43,40,13
WMT,1977-11-15,0.0703129991889,0.0703129991889,0.0698240026831626,0.0703129991889,0.0398161932826042,1049600,False,0.0,0.01647331187900653,0.16470485554033118,43,40,13
WMT,1977-11-16,0.0703129991889,0.0722659975290298,0.0698240026831626,0.0722659975290298,0.040922112762928,8524800,False,0.027396875358374526,0.014565339052146705,0.14562840077938502,44,48,16
WMT,1977-11-17,0.0722659975290298,0.0722659975290298,0.0712890028953552,0.0712890028953552,0.0403688736259937,4480000,False,-0.013611538086036845,0.020098475483202205,0.20095027189161338,41,40,13
WMT,1977-11-18,0.0717770010232925,0.0717770010232925,0.0717770010232925,0.0717770010232925,0.0406452268362045,6835200,False,0.006822374883722932,0.014823205114055346,0.14820661897784834,44,48,16
WMT,1977-11-21,0.0717770010232925,0.0722659975290298,0.0712890028953552,0.0722659975290298,0.040922112762928,6016000,True,0.006789163202313913,0.014818759467573526,0.14816217014042274,44,48,16
WMT,1977-11-22,0.0727540031075477,0.0751949995756149,0.0727540031075477,0.0747070014476776,0.0423044003546237,3276800,False,0.033220536639668355,0.018689637581231475,0.1868643100141147,42,40,13
WMT,1977-11-23,0.0747070014476776,0.078125,0.0742190033197403,0.078125,0.0443443655967712,3481600,False,0.0470945487057383,0.02402763768416526,0.24023515264038836,40,40,13
WMT,1977-11-25,0.0776370018720626,0.0776370018720626,0.0766599997878074,0.0766599997878074,0.0435128137469291,2355200,True,-0.018930193030913676,0.0257274046596707,0.257229906106425,39,40,13
WMT,1977-11-28,0.0766599997878074,0.0766599997878074,0.0751949995756149,0.0756840035319328,0.0429588444530963,6988800,True,-0.012812911979208827,0.028623176746427337,0.28618265869983606,38,40,13
WMT,1977-11-29,0.073242001235485,0.073242001235485,0.0717770010232925,0.0717770010232925,0.0407412126660347,5120000,False,-0.05300237529755767,0.040771772101780554,0.407647768916766,33,32,10
WMT,1977-11-30,0.0717770010232925,0.0727540031075477,0.0703129991889,0.0722659975290298,0.0410187542438507,2073600,False,0.006789206365234558,0.036760288807038285,0.36753981846844225,35,32,10
WMT,1977-12-01,0.0727540031075477,0.0786129981279373,0.0727540031075477,0.0771479979157447,0.0437898114323616,9369600,False,0.06537179192253592,0.04364534732777639,0.43637859098570764,32,32,10
WMT,1977-12-02,0.0776370018720626,0.0786129981279373,0.0776370018720626,0.0786129981279373,0.0446213670074939,2636800,False,0.01881165056525848,0.043359793102299336,0.43352353865612314,32,32,10
WMT,1977-12-05,0.078125,0.078125,0.0776370018720626,0.078125,0.0443443655967712,2304000,True,-0.0062271685453488485,0.04277834490534048,0.4277100542768017,32,32,10
WMT,1977-12-06,0.078125,0.078125,0.0761720016598701,0.0761720016598701,0.0432358533143997,2995200,False,-0.025315567768153382,0.03408341017946807,0.3407756249115397,36,32,10
WMT,1977-12-07,0.0751949995756149,0.0751949995756149,0.073242001235485,0.073242001235485,0.0415727123618125,10188800,False,-0.039226089680440744,0.04126045534210523,0.41253376288651716,33,32,10
WMT,1977-12-08,0.0742190033197403,0.0756840035319328,0.0742190033197403,0.0756840035319328,0.0429588444530963,2688000,False,0.03279855243847164,0.029893788582272714,0.29888659707044674,38,40,13
WMT,1977-12-09,0.0756840035319328,0.0786129981279373,0.0747070014476776,0.078125,0.0443443655967712,17024000,False,0.03174310501012246,0.03276414176832095,0.32758520426796406,36,32,10
WMT,1977-12-12,0.078125,0.0800779983401298,0.078125,0.0800779983401298,0.0454528927803039,3225600,True,0.024690809485933614,0.03446245311654891,0.34456540395864466,36,32,10
WMT,1977-12-13,0.0791020020842552,0.0791020020842552,0.078125,0.078125,0.0443443655967712,2099200,False,-0.024690809485933513,0.03432620144007113,0.3432031209607734,36,32,10
WMT,1977-12-14,0.0791020020842552,0.0800779983401298,0.0791020020842552,0.0791020020842552,0.0448989123106002,14054400,False,0.012427913102974437,0.023833967199150312,0.23829878007055533,40,40,13
WMT,1977-12-15,0.0791020020842552,0.0795900002121925,0.0771479979157447,0.0771479979157447,0.0437898114323616,8780800,False,-0.025012395122884046,0.027081170712910194,0.2707652439833439,39,40,13
WMT,1977-12-16,0.0771479979157447,0.078125,0.0771479979157447,0.0776370018720626,0.0440674275159835,7321600,False,0.006319729846276967,0.022535719654529645,0.22531853202675806,40,40,13
WMT,1977-12-19,0.0776370018720626,0.0786129981279373,0.0776370018720626,0.0776370018720626,0.0440674275159835,3200000,True,0.0,0.017592602371075662,0.17589584009510367,42,40,13
WMT,1977-12-20,0.0776370018720626,0.078125,0.0776370018720626,0.078125,0.0443443655967712,2918400,False,0.006264752173632671,0.014656560297400307,0.146540456723694,44,48,16
WMT,1977-12-21,0.078125,0.078125,0.0771479979157447,0.0776370018720626,0.0440674275159835,16972800,False,-0.006264752173632617,0.012982391802732442,0.1298016441467373,44,48,16
WMT,1977-12-22,0.0776370018720626,0.0786129981279373,0.0776370018720626,0.078125,0.0443443655967712,1459200,False,0.006264752173632671,0.005612631004688271,0.056116680459771376,47,48,16
WMT,1977-12-23,0.078125,0.0791020020842552,0.078125,0.0791020020842552,0.0448989123106002,640000,False,0.012427913102974437,0.007111807724790232,0.07110587552433494,47,48,16
WMT,1977-12-27,0.0791020020842552,0.0791020020842552,0.078125,0.0791020020842552,0.0448989123106002,1766400,True,0.0,0.007111807724790232,0.07110587552433494,47,48,16
WMT,1977-12-28,0.0791020020842552,0.0795900002121925,0.078125,0.0795900002121925,0.0451759286224842,486400,False,0.006150822635226795,0.007101865924762282,0.07100647458119483,47,48,16
WMT,1977-12-29,0.0795900002121925,0.0800779983401298,0.0791020020842552,0.0800779983401298,0.0454528927803039,8038400,False,0.006112073747732166,0.004394338657523639,0.0439358472114578,48,48,16
WMT,1977-12-30,0.0800779983401298,0.0800779983401298,0.0791020020842552,0.0791020020842552,0.0448989123106002,460800,False,-0.012262896382959125,0.009342525241643772,0.09340922345237807,46,48,16
WMT,1978-01-03,0.0786129981279373,0.0786129981279373,0.078125,0.0786129981279373,0.0446213670074939,1356800,True,-0.006200744557625507,0.00800512458900658,0.08003751150337576,46,48,16
WMT,1978-01-04,0.078125,0.078125,0.0766599997878074,0.0771479979157447,0.0437898114323616,1152000,False,-0.018811650565258426,0.011099235788879629,0.11097331493767248,45,48,16
WMT,1978-01-05,0.0771479979157447,0.0786129981279373,0.0771479979157447,0.0771479979157447,0.0437898114323616,2585600,False,0.0,0.009821332331299734,0.09819647285994697,46,48,16
WMT,1978-01-06,0.0766599997878074,0.0766599997878074,0.0722659975290298,0.0722659975290298,0.0410187542438507,3635200,False,-0.06537179192253594,0.026023510954761225,0.2601904610279657,39,40,13
WMT,1978-01-09,0.0712890028953552,0.0712890028953552,0.0703129991889,0.0708009973168373,0.0401872061192989,1433600,True,-0.020480693469092728,0.025627392902405923,0.2562299601238796,39,40,13
WMT,1978-01-10,0.0708009973168373,0.0717770010232925,0.0678709968924522,0.0688479989767074,0.0390786491334438,5913600,False,-0.027972429352855006,0.02403525168161869,0.2403112795515925,40,40,13
WMT,1978-01-11,0.0688479989767074,0.0703129991889,0.0678709968924522,0.0703129991889,0.0399102233350276,2918400,False,0.021056255132418097,0.03239424264817884,0.3238868477022061,37,40,13
WMT,1978-01-12,0.0703129991889,0.0708009973168373,0.0693359971046447,0.0698240026831626,0.039632648229599,1382400,False,-0.006979286181184771,0.03153384121005736,0.3152843095111403,37,40,13
WMT,1978-01-13,0.0698240026831626,0.0698240026831626,0.0683590024709701,0.0693359971046447,0.0393556766211986,2892800,False,-0.007013004620522909,0.01871203937549757,0.1870882895220328,42,40,13
WMT,1978-01-16,0.0683590024709701,0.0683590024709701,0.0673829987645149,0.0673829987645149,0.038247138261795,1715200,True,-0.028571483421353277,0.020312508208064333,0.20309023192443748,41,40,13
WMT,1978-01-17,0.0673829987645149,0.0688479989767074,0.0664059966802597,0.0688479989767074,0.0390786491334438,1075200,False,0.021507519090642715,0.021331675930051,0.21328016055895233,41,40,13
WMT,1978-01-18,0.0688479989767074,0.0708009973168373,0.0688479989767074,0.0708009973168373,0.0401872061192989,2278400,False,0.027972429352855013,0.02318235224512584,0.23178374850563405,40,40,13
WMT,1978-01-19,0.0708009973168373,0.0708009973168373,0.0698240026831626,0.0703129991889,0.0399102233350276,4454400,False,-0.0069161742204367745,0.023176677171062688,0.23172700750172315,40,40,13
WMT,1978-01-20,0.0703129991889,0.0703129991889,0.0703129991889,0.0703129991889,0.0399102233350276,51200,False,0.0,0.02274882673734529,0.22744923722724072,40,40,13
WMT,1978-01-23,0.0703129991889,0.0703129991889,0.0693359971046447,0.0703129991889,0.0399102233350276,307200,True,0.0,0.015252284025351183,0.15249667192041702,43,40,13
WMT,1978-01-24,0.0703129991889,0.0703129991889,0.0688479989767074,0.0698240026831626,0.039632648229599,588800,False,-0.006979286181184771,0.014485928468482668,0.1448344311874278,44,48,16
WMT,1978-01-25,0.0703129991889,0.0708009973168373,0.0703129991889,0.0703129991889,0.0399102233350276,819200,False,0.0069792861811847065,0.005824251966469721,0.058232526999648926,47,48,16
WMT,1978-01-26,0.0703129991889,0.0722659975290298,0.0703129991889,0.0712890028953552,0.040464200079441,3660800,False,0.013785119532120952,0.00789690584358285,0.07895550971996472,46,48,16
WMT,1978-01-27,0.0712890028953552,0.0727540031075477,0.0708009973168373,0.0717770010232925,0.0407412126660347,1024000,False,0.006822541792173846,0.007890854313178281,0.07889500479852553,46,48,16
WMT,1978-01-30,0.0722659975290298,0.0727540031075477,0.0722659975290298,0.0727540031075477,0.0412957370281219,3558400,True,0.013519098645511353,0.008423721671540152,0.0842227641419881,46,48,16
WMT,1978-01-31,0.073242001235485,0.0747070014476776,0.073242001235485,0.0742190033197403,0.0421273112297058,3558400,False,0.01993697817311763,0.005483748621048574,0.05482807774679038,47,48,16
WMT,1978-02-01,0.0742190033197403,0.0761720016598701,0.073242001235485,0.0761720016598701,0.0432358533143997,5120000,False,0.025973835720897974,0.007250227926384911,0.07248984005283812,47,48,16
WMT,1978-02-02,0.0761720016598701,0.078125,0.0756840035319328,0.078125,0.0443443655967712,11238400,False,0.025315567768153302,0.008145148595831429,0.08143751133253312,46,48,16
WMT,1978-02-03,0.078125,0.0786129981279373,0.0771479979157447,0.078125,0.0443443655967712,1587200,False,0.0,0.010716901999023885,0.10715063300893239,45,48,16
WMT,1978-02-06,0.0776370018720626,0.0776370018720626,0.0766599997878074,0.0766599997878074,0.0435128137469291,1100800,True,-0.018930193030913676,0.019521623595848966,0.19518274272246294,42,40,13
WMT,1978-02-07,0.0766599997878074,0.0766599997878074,0.0761720016598701,0.0761720016598701,0.0432358533143997,1510400,False,-0.0063853747372396895,0.01987281625607932,0.19869406678376356,42,40,13
WMT,1978-02-08,0.0761720016598701,0.078125,0.0761720016598701,0.0771479979157447,0.0437898114323616,2892800,False,0.012731085748243703,0.017100201940400517,0.1709726805994287,43,40,13
WMT,1978-02-09,0.0771479979157447,0.0776370018720626,0.0766599997878074,0.0766599997878074,0.0435128137469291,13644800,False,-0.006345711011004118,0.011508728965978581,0.11506754414150284,45,48,16
WMT,1978-02-10,0.0766599997878074,0.0776370018720626,0.0751949995756149,0.0776370018720626,0.0440674275159835,4377600,False,0.012665440857281008,0.013729874174922604,0.13727518541365283,44,48,16
WMT,1978-02-13,0.0776370018720626,0.0776370018720626,0.0756840035319328,0.0766599997878074,0.0435128137469291,1792000,True,-0.012665440857280968,0.01187379875311461,0.11871761566288323,45,48,16
WMT,1978-02-14,0.0761720016598701,0.0761720016598701,0.0747070014476776,0.0747070014476776,0.0424042902886867,1587200,False,-0.02580592043978127,0.01668599253453553,0.16683129719956838,43,40,13
WMT,1978-02-15,0.0747070014476776,0.0747070014476776,0.0727540031075477,0.0727540031075477,0.0412957370281219,3558400,False,-0.026490268191473994,0.016132267295111677,0.16129499483133802,43,40,13
WMT,1978-02-16,0.0727540031075477,0.0737299993634224,0.0727540031075477,0.0727540031075477,0.0412957370281219,51200,False,0.0,0.01689325570862481,0.16890357333917755,43,40,13
WMT,1978-02-17,0.073242001235485,0.073242001235485,0.073242001235485,0.073242001235485,0.0415727123618125,1536000,False,0.006684724213574762,0.014946063284657994,0.14943498989619697,44,48,16
WMT,1978-02-21,0.073242001235485,0.0737299993634224,0.0727540031075477,0.0727540031075477,0.0412957370281219,768000,True,-0.006684724213574769,0.015083705157822449,0.15081117247577547,43,40,13
WMT,1978-02-22,0.0727540031075477,0.073242001235485,0.0722659975290298,0.073242001235485,0.0415727123618125,2662400,False,0.006684724213574762,0.013759896509774166,0.13757535725286943,44,48,16
WMT,1978-02-23,0.073242001235485,0.0742190033197403,0.0717770010232925,0.0742190033197403,0.0421273112297058,1305600,False,0.01325225395954278,0.007585878800571039,0.07584577291872799,46,48,16
WMT,1978-02-24,0.0742190033197403,0.0756840035319328,0.0742190033197403,0.0747070014476776,0.0424042902886867,3353600,False,0.006553290018356279,0.007284874685544228,0.0728362482010107,47,48,16
WMT,1978-02-27,0.0747070014476776,0.0771479979157447,0.0747070014476776,0.0761720016598701,0.0432358533143997,2688000,True,0.019420545702541626,0.009712868960262674,0.09711202524010662,46,48,16
WMT,1978-02-28,0.0761720016598701,0.0761720016598701,0.0756840035319328,0.0756840035319328,0.0429588444530963,3097600,False,-0.0064275372419691015,0.00961689121064433,0.09615241241288146,46,48,16
WMT,1978-03-01,0.0756840035319328,0.0766599997878074,0.0756840035319328,0.0766599997878074,0.0435128137469291,1945600,False,0.012812911979208733,0.00981234237550104,0.09810658872602093,46,48,16
WMT,1978-03-02,0.0771479979157447,0.0795900002121925,0.0771479979157447,0.0786129981279373,0.0446213670074939,2380800,False,0.025157361576262534,0.012215244406009705,0.12213148637376497,45,48,16
WMT,1978-03-03,0.0786129981279373,0.0791020020842552,0.0786129981279373,0.0786129981279373,0.0446213670074939,7168000,False,0.0,0.013191694001130223,0.1318943070310789,44,48,16
WMT,1978-03-06,0.078125,0.078125,0.078125,0.078125,0.0443443655967712,8601600,True,-0.0062271685453488485,0.013683738740472766,0.13681391022368725,44,48,16
WMT,1978-03-07,0.078125,0.078125,0.0761720016598701,0.0761720016598701,0.0432358533143997,2892800,False,-0.025315567768153382,0.0191602225155564,0.1915693519751194,42,40,13
WMT,1978-03-08,0.0761720016598701,0.078125,0.0756840035319328,0.078125,0.0443443655967712,2227200,False,0.025315567768153302,0.02168960563715602,0.21685884353025298,41,40,13
WMT,1978-03-09,0.0776370018720626,0.0776370018720626,0.0751949995756149,0.0761720016598701,0.0432358533143997,5836800,False,-0.025315567768153382,0.02099060920706836,0.20987007849706535,41,40,13
WMT,1978-03-10,0.0761720016598701,0.078125,0.0727540031075477,0.0727540031075477,0.0412957370281219,10803200,False,-0.04591081389401556,0.026783408515465814,0.2677881328792952,39,40,13
WMT,1978-03-13,0.0727540031075477,0.0742190033197403,0.0712890028953552,0.0722659975290298,0.0410187542438507,7091200,True,-0.0067298922802766425,0.026740849217017318,0.26736261291376895,39,40,13
WMT,1978-03-14,0.0722659975290298,0.0727540031075477,0.0717770010232925,0.0722659975290298,0.0410187542438507,6988800,False,0.0,0.026835803677444394,0.26831199460473804,39,40,13
WMT,1978-03-15,0.0712890028953552,0.0712890028953552,0.0708009973168373,0.0708009973168373,0.0401872061192989,665600,False,-0.020480693469092728,0.017856817663555735,0.17853753970591085,42,40,13
WMT,1978-03-16,0.0708009973168373,0.0717770010232925,0.0673829987645149,0.0688479989767074,0.0390786491334438,1740800,False,-0.027972429352855006,0.018103987400337064,0.18100881300477864,42,40,13
WMT,1978-03-17,0.0703129991889,0.0742190033197403,0.0703129991889,0.0742190033197403,0.0422592833638191,12364800,False,0.07824779437552357,0.04261316573263642,0.4260585459475528,32,32,10
WMT,1978-03-20,0.0742190033197403,0.0751949995756149,0.073242001235485,0.0742190033197403,0.0422592833638191,6912000,True,0.0,0.042270227237715854,0.42262974937768444,33,32,10
WMT,1978-03-21,0.0742190033197403,0.0751949995756149,0.0737299993634224,0.0742190033197403,0.0422592833638191,9958400,False,0.0,0.042270227237715854,0.42262974937768444,33,32,10
WMT,1978-03-22,0.0742190033197403,0.0742190033197403,0.0722659975290298,0.073242001235485,0.0417029447853565,3251200,False,-0.013252309589435381,0.04125123183392978,0.41244154362952923,33,32,10
WMT,1978-03-23,0.073242001235485,0.0742190033197403,0.0727540031075477,0.0727540031075477,0.0414251163601875,4428800,False,-0.006684372420257767,0.03762640264386525,0.3761994708458044,34,32,10
WMT,1978-03-27,0.0722659975290298,0.0722659975290298,0.0712890028953552,0.0717770010232925,0.0408688336610794,3763200,True,-0.013519612852415253,0.0066936489041118504,0.06692500475234894,47,48,16
WMT,1978-03-28,0.0717770010232925,0.0727540031075477,0.0708009973168373,0.0727540031075477,0.0414251163601875,1408000,False,0.013519612852415274,0.011251334915846756,0.11249404525097739,45,48,16
WMT,1978-03-29,0.073242001235485,0.0747070014476776,0.073242001235485,0.0737299993634224,0.0419808514416217,8396800,False,0.01332622401949254,0.01373602037632256,0.1373366368826189,44,48,16
WMT,1978-03-30,0.0737299993634224,0.0742190033197403,0.0727540031075477,0.0742190033197403,0.0422592833638191,281600,False,0.006610457990200563,0.012210675222711439,0.12208580238012692,45,48,16
WMT,1978-03-31,0.0742190033197403,0.0742190033197403,0.073242001235485,0.073242001235485,0.0417029447853565,3635200,False,-0.013252309589435381,0.013725285127639434,0.13722930281424636,44,48,16
WMT,1978-04-03,0.0722659975290298,0.0722659975290298,0.0703129991889,0.0703129991889,0.0400352627038955,6451200,True,-0.04081111130643818,0.02323954668223724,0.23235559474829204,40,40,13
WMT,1978-04-04,0.0703129991889,0.0712890028953552,0.0703129991889,0.0703129991889,0.0400352627038955,358400,False,0.0,0.02138650307774467,0.21382833796898984,41,40,13
WMT,1978-04-05,0.0712890028953552,0.0727540031075477,0.0712890028953552,0.0722659975290298,0.0411472469568252,1049600,False,0.027396388897374054,0.025273392939942914,0.25269056785673893,39,40,13
WMT,1978-04-06,0.0722659975290298,0.0756840035319328,0.0722659975290298,0.0747070014476776,0.0425371304154396,819200,False,0.03322032909204136,0.03035923979845832,0.3035403106579749,37,40,13
WMT,1978-04-07,0.0747070014476776,0.0747070014476776,0.0727540031075477,0.0742190033197403,0.0422592833638191,1228800,False,-0.006553297093541813,0.029696465095073024,0.2969137007462196,38,40,13
WMT,1978-04-10,0.0751949995756149,0.0756840035319328,0.0751949995756149,0.0756840035319328,0.0430934056639671,716800,True,0.019545930313144548,0.017287814835309,0.1728484876612002,43,40,13
WMT,1978-04-11,0.0756840035319328,0.0756840035319328,0.0751949995756149,0.0751949995756149,0.0428149886429309,2304000,False,-0.006481741348846873,0.018840987593593084,0.18837755046661983,42,40,13
WMT,1978-04-12,0.0751949995756149,0.0756840035319328,0.0751949995756149,0.0751949995756149,0.0428149886429309,947200,False,0.0,0.017712131059393295,0.17709092190299258,42,40,13
WMT,1978-04-13,0.0751949995756149,0.0761720016598701,0.0751949995756149,0.0751949995756149,0.0428149886429309,1152000,False,0.0,0.010706583522830153,0.1070474659503975,45,48,16
WMT,1978-04-14,0.0761720016598701,0.0791020020842552,0.0761720016598701,0.0791020020842552,0.0450395606458187,4249600,False,0.0506529858094965,0.023333482712112868,0.23329479388106722,40,40,13
WMT,1978-04-17,0.0791020020842552,0.0834959968924522,0.0791020020842552,0.081055000424385,0.0461516082286834,8140800,True,0.02439057917198429,0.02378283815437499,0.23778757734486866,40,40,13
WMT,1978-04-18,0.081055000424385,0.0825200006365776,0.0800779983401298,0.081055000424385,0.0461516082286834,8499200,False,0.0,0.022551707223267832,0.22547838028427936,40,40,13
WMT,1978-04-19,0.081055000424385,0.0820309966802597,0.0800779983401298,0.081055000424385,0.0461516082286834,5632000,False,0.0,0.022551707223267832,0.22547838028427936,40,40,13
WMT,1978-04-20,0.0815429985523223,0.0834959968924522,0.0815429985523223,0.0820309966802597,0.0467073060572147,3993600,False,0.011968790859171073,0.021152111387544994,0.21148482321265297,41,40,13
WMT,1978-04-21,0.0820309966802597,0.0825200006365776,0.0815429985523223,0.0820309966802597,0.0467073060572147,4096000,False,0.0,0.010882917223370417,0.10881050042019276,45,48,16
WMT,1978-04-24,0.0820309966802597,0.0854490026831626,0.0820309966802597,0.0854490026831626,0.0486534796655178,6195200,True,0.040822731485681066,0.01769433803710389,0.1769130222075745,42,40,13
WMT,1978-04-25,0.0859379991889,0.088867001235485,0.0859379991889,0.0864259973168373,0.0492097809910774,5606400,False,0.011369073826353986,0.016700948925456163,0.1669808354481052,43,40,13
WMT,1978-04-26,0.0864259973168373,0.088867001235485,0.0859379991889,0.0878909975290298,0.0500438921153545,11059200,False,0.016808058285330236,0.0150858329458002,0.1508324467049086,43,40,13
WMT,1978-04-27,0.0878909975290298,0.0893549993634224,0.0864259973168373,0.0883790031075477,0.0503217615187168,10470400,False,0.0055371554562571,0.015793738613853643,0.1579102888321807,43,40,13
WMT,1978-04-28,0.0883790031075477,0.0908199995756149,0.0869140028953552,0.0908199995756149,0.0517116375267505,6860800,False,0.02724523529974263,0.013957968564395996,0.13955573796700135,44,48,16
WMT,1978-05-01,0.0908199995756149,0.0952150002121925,0.0908199995756149,0.0932620018720626,0.0531020946800708,12646400,True,0.02653352189243612,0.00945715083699075,0.09455528274279364,46,48,16
WMT,1978-05-02,0.0927729979157447,0.0927729979157447,0.0903320014476776,0.0922849997878074,0.0525458306074142,7065600,False,-0.010530622568554002,0.015889446860683103,0.15886720709390276,43,40,13
WMT,1978-05-03,0.0922849997878074,0.0952150002121925,0.0922849997878074,0.0952150002121925,0.0542140714824199,18124800,False,0.03125474345974422,0.01791272123179765,0.17909647947461685,42,40,13
WMT,1978-05-04,0.09375,0.09375,0.0917970016598701,0.0917970016598701,0.0522679388523101,10368000,False,-0.03655733695812319,0.02992720208348386,0.2992206747550374,38,40,13
WMT,1978-05-05,0.0917970016598701,0.09375,0.0908199995756149,0.0908199995756149,0.0517116375267505,6476800,False,-0.010700305825503022,0.028472426199137,0.2846754118695418,38,40,13
WMT,1978-05-08,0.0908199995756149,0.0932620018720626,0.0908199995756149,0.0917970016598701,0.0522679388523101,4147200,True,0.010700305825503152,0.025510031503311027,0.25505654748980144,39,40,13
WMT,1978-05-09,0.0917970016598701,0.0927729979157447,0.0913090035319328,0.0922849997878074,0.0525458306074142,1945600,False,0.005302593498379022,0.025349597933359,0.25345248704604556,39,40,13
WMT,1978-05-10,0.0922849997878074,0.0922849997878074,0.0908199995756149,0.0908199995756149,0.0517116375267505,2201600,False,-0.016002899323882065,0.018728222681789287,0.1872500948192626,42,40,13
WMT,1978-05-11,0.0908199995756149,0.0917970016598701,0.0908199995756149,0.0917970016598701,0.0522679388523101,1971200,False,0.010700305825503152,0.012526970093135577,0.1252482084174791,44,48,16
WMT,1978-05-12,0.0927729979157447,0.0957029983401298,0.0927729979157447,0.0947270020842552,0.05393623188138,5580800,False,0.03141929843891204,0.01692308686242846,0.1692018336959242,43,40,13
WMT,1978-05-15,0.0947270020842552,0.0957029983401298,0.0942379981279373,0.0957029983401298,0.0544919371604919,2073600,True,0.010250291037941797,0.01690914451310807,0.16906243412359934,43,40,13
WMT,1978-05-16,0.0961909964680671,0.1000979989767074,0.0961909964680671,0.0986329987645149,0.0561602488160133,20761600,False,0.030156441476931556,0.019281905563639665,0.19278597368443107,42,40,13
WMT,1978-05-17,0.0986329987645149,0.1010740026831626,0.0986329987645149,0.1000979989767074,0.056994404643774,3916800,False,0.014743908679511024,0.01050274965061037,0.10500947694583249,45,48,16
WMT,1978-05-18,0.1000979989767074,0.1000979989767074,0.0986329987645149,0.0986329987645149,0.0561602488160133,947200,False,-0.014743908679510984,0.018739141423049766,0.1873592634985906,42,40,13
WMT,1978-05-19,0.0986329987645149,0.0986329987645149,0.09375,0.09375,0.0533799491822719,1740800,False,-0.0507739982157859,0.031645489293134654,0.31640059878737475,37,40,13
WMT,1978-05-22,0.0927729979157447,0.0927729979157447,0.0898440033197403,0.0908199995756149,0.0517116375267505,4121600,True,-0.031752338563502555,0.033097829842465024,0.33092151250100804,36,32,10
WMT,1978-05-23,0.0908199995756149,0.0908199995756149,0.0898440033197403,0.0908199995756149,0.0517116375267505,1792000,False,0.0,0.02578204963208767,0.25777626207625354,39,40,13
WMT,1978-05-24,0.0898440033197403,0.0898440033197403,0.0859379991889,0.0898440033197403,0.0511559098958969,15692800,False,-0.010804827202929567,0.019901587668671283,0.19898173154659063,42,40,13
WMT,1978-05-25,0.0898440033197403,0.09375,0.0883790031075477,0.0922849997878074,0.0525458306074142,3097600,False,0.0268077265268116,0.029734386008932183,0.29729284482392565,38,40,13
WMT,1978-05-26,0.0922849997878074,0.0957029983401298,0.0913090035319328,0.0922849997878074,0.0525458306074142,2201600,False,0.0,0.02117782170928045,0.2117418823188264,41,40,13
WMT,1978-05-30,0.0922849997878074,0.0942379981279373,0.0917970016598701,0.09375,0.0533799491822719,1075200,True,0.01574943923962067,0.014847568217840758,0.14845020821594224,44,48,16
WMT,1978-05-31,0.09375,0.0947270020842552,0.0917970016598701,0.09375,0.0533799491822719,1126400,False,0.0,0.014847568217840758,0.14845020821594224,44,48,16
WMT,1978-06-01,0.09375,0.09375,0.0913090035319328,0.0913090035319328,0.0519900359213352,3200000,False,-0.02638310865335847,0.020065190227196668,0.2006174764390486,41,40,13
WMT,1978-06-02,0.0913090035319328,0.0932620018720626,0.0913090035319328,0.0927729979157447,0.0528236664831638,7065600,False,0.015907235812308622,0.017259716895518567,0.17256755647091163,43,40,13
WMT,1978-06-05,0.0927729979157447,0.0947270020842552,0.0927729979157447,0.0942379981279373,0.0536578074097633,3814400,True,0.01566766423260912,0.018404633140882972,0.18401475459254976,42,40,13
WMT,1978-06-06,0.0952150002121925,0.096680000424385,0.0952150002121925,0.096680000424385,0.055048257112503,8294400,False,0.02558321921772686,0.02036949389314225,0.20365999100491639,41,40,13
WMT,1978-06-07,0.096680000424385,0.096680000424385,0.09375,0.09375,0.0533799491822719,13875200,False,-0.03077501060928612,0.0264394906316907,0.264349544101218,39,40,13
WMT,1978-06-08,0.09375,0.09375,0.0898440033197403,0.0898440033197403,0.0511559098958969,3174400,False,-0.04255716576643212,0.031060065078048003,0.31054736104842695,37,40,13
WMT,1978-06-09,0.0898440033197403,0.0908199995756149,0.0898440033197403,0.0903320014476776,0.0514337830245494,6604800,False,0.005417187639007395,0.029771385019398005,0.29766277144940734,38,40,13
WMT,1978-06-12,0.0903320014476776,0.0908199995756149,0.0898440033197403,0.0908199995756149,0.0517116375267505,4480000,True,0.005387639563922144,0.028275933123308148,0.28271081823428684,38,40,13
WMT,1978-06-13,0.0908199995756149,0.0917970016598701,0.0908199995756149,0.0917970016598701,0.0522679388523101,409600,False,0.010700305825503152,0.024463617263168695,0.2445942004205622,40,40,13
WMT,1978-06-14,0.0922849997878074,0.0947270020842552,0.0922849997878074,0.0947270020842552,0.05393623188138,1152000,False,0.03141929843891204,0.02715537589312933,0.27150716847175915,39,40,13
WMT,1978-06-15,0.0947270020842552,0.0957029983401298,0.0947270020842552,0.0947270020842552,0.05393623188138,665600,False,0.0,0.012245839619145694,0.12243738601293898,45,48,16
WMT,1978-06-16,0.09375,0.09375,0.0922849997878074,0.0927729979157447,0.0528236664831638,1254400,False,-0.020843138541962482,0.01886091886254706,0.18857682896009528,42,40,13
WMT,1978-06-19,0.0927729979157447,0.0927729979157447,0.0922849997878074,0.0922849997878074,0.0526678711175918,972800,True,-0.00295370571675112,0.019220333985443844,0.19217036354078676,42,40,13
WMT,1978-06-20,0.0922849997878074,0.0932620018720626,0.0922849997878074,0.0927729979157447,0.0529463477432727,460800,False,0.0052734806741830745,0.018873802527586567,0.18870564350599522,42,40,13
WMT,1978-06-21,0.0927729979157447,0.0927729979157447,0.0917970016598701,0.0917970016598701,0.0523893721401691,6784000,False,-0.010575345089519433,0.010166874576591524,0.10165130246627492,45,48,16
WMT,1978-06-22,0.0917970016598701,0.0927729979157447,0.0913090035319328,0.0927729979157447,0.0529463477432727,1024000,False,0.010575345089519498,0.012510228295174139,0.12508081916175584,44,48,16
WMT,1978-06-23,0.0927729979157447,0.0927729979157447,0.0922849997878074,0.0922849997878074,0.0526678711175918,1689600,False,-0.00527348067418307,0.008459824855393783,0.08458373403831697,46,48,16
WMT,1978-06-26,0.0922849997878074,0.0927729979157447,0.0917970016598701,0.0917970016598701,0.0523893721401691,2201600,True,-0.00530186441533625,0.008685949248494747,0.08684459000786264,46,48,16
WMT,1978-06-27,0.0917970016598701,0.0917970016598701,0.0913090035319328,0.0913090035319328,0.0521108023822307,2304000,False,-0.005331482345680051,0.008022070873784705,0.080206945276428,46,48,16
WMT,1978-06-28,0.0913090035319328,0.0913090035319328,0.0913090035319328,0.0913090035319328,0.0521108023822307,563200,False,0.0,0.006901033467239911,0.06899849457407882,47,48,16
WMT,1978-06-29,0.0917970016598701,0.0922849997878074,0.0917970016598701,0.0917970016598701,0.0523893721401691,179200,False,0.005331482345679954,0.004753976965439252,0.04753161325941916,48,48,16
WMT,1978-06-30,0.0917970016598701,0.0927729979157447,0.0913090035319328,0.0913090035319328,0.0521108023822307,665600,False,-0.005331482345680051,0.00476367152565919,0.047628542228668316,48,48,16
WMT,1978-07-03,0.0913090035319328,0.0922849997878074,0.0913090035319328,0.0922849997878074,0.0526678711175918,128000,True,0.010633346761016231,0.0069411854551509255,0.06939994556445123,47,48,16
WMT,1978-07-05,0.0898440033197403,0.0898440033197403,0.0883790031075477,0.0898440033197403,0.051274724304676,1100800,True,-0.026807686272859964,0.014458973536525862,0.14456492811441776,44,48,16
WMT,1978-07-06,0.0883790031075477,0.0883790031075477,0.0878909975290298,0.0883790031075477,0.0504386499524116,460800,False,-0.01644018182344913,0.015379431821841696,0.15376793173793615,43,40,13
WMT,1978-07-07,0.0883790031075477,0.088867001235485,0.0878909975290298,0.0878909975290298,0.0501601360738277,332800,False,-0.0055371362058187525,0.013990421504670574,0.13988021169026008,44,48,16
WMT,1978-07-10,0.0878909975290298,0.0893549993634224,0.0878909975290298,0.0893549993634224,0.0509956590831279,2867200,True,0.016519903968058212,0.018110633871973966,0.1810752663178009,42,40,13
WMT,1978-07-11,0.0893549993634224,0.0898440033197403,0.088867001235485,0.088867001235485,0.0507171675562858,256000,False,-0.005476049225508856,0.016105953614054567,0.16103190316713123,43,40,13
WMT,1978-07-12,0.088867001235485,0.0898440033197403,0.088867001235485,0.0898440033197403,0.051274724304676,716800,False,0.010933463286718298,0.013447810392643316,0.13445503152749505,44,48,16
WMT,1978-07-13,0.0898440033197403,0.0898440033197403,0.0893549993634224,0.0898440033197403,0.051274724304676,409600,False,0.0,0.00998797931716253,0.09986265680245716,46,48,16
WMT,1978-07-14,0.0898440033197403,0.0903320014476776,0.0898440033197403,0.0898440033197403,0.051274724304676,332800,False,0.0,0.009025442650144303,0.09023894155576509,46,48,16
WMT,1978-07-17,0.0898440033197403,0.0908199995756149,0.0898440033197403,0.0898440033197403,0.051274724304676,665600,True,0.0,0.005991057104450026,0.05990029219199275,47,48,16
WMT,1978-07-18,0.0898440033197403,0.0908199995756149,0.0898440033197403,0.0908199995756149,0.0518317595124244,5427200,False,0.010805152239996813,0.005953537884482398,0.05952516436401607,47,48,16
WMT,1978-07-19,0.0908199995756149,0.0917970016598701,0.0908199995756149,0.0908199995756149,0.0518317595124244,21401600,False,0.0,0.004832210983173648,0.0483138192107133,48,48,16
WMT,1978-07-20,0.0908199995756149,0.0908199995756149,0.0903320014476776,0.0908199995756149,0.0518317595124244,1996800,False,0.0,0.004832210983173648,0.0483138192107133,48,48,16
WMT,1978-07-21,0.0908199995756149,0.0927729979157447,0.0908199995756149,0.0927729979157447,0.0529463477432727,281600,False,0.02127601470704638,0.009533885123693851,0.0953224939568623,46,48,16
WMT,1978-07-24,0.0917970016598701,0.0917970016598701,0.0908199995756149,0.0913090035319328,0.0521108023822307,537600,True,-0.01590682743519943,0.01387556687191831,0.138731862418751,44,48,16
WMT,1978-07-25,0.0913090035319328,0.0922849997878074,0.0913090035319328,0.0913090035319328,0.0521108023822307,281600,False,0.0,0.013228098186017171,0.13225828642131368,44,48,16
WMT,1978-07-26,0.0917970016598701,0.0922849997878074,0.0917970016598701,0.0917970016598701,0.0523893721401691,409600,False,0.005331482345679954,0.013334352241647146,0.1333206446776041,44,48,16
WMT,1978-07-27,0.0917970016598701,0.096680000424385,0.0917970016598701,0.096680000424385,0.0551760904490947,2201600,False,0.05182596640754941,0.02568139120269747,0.25676985048194884,39,40,13
WMT,1978-07-28,0.096680000424385,0.0976559966802597,0.0961909964680671,0.0976559966802597,0.055733136832714,4659200,False,0.010045170836525702,0.025209306097720534,0.25204980938826577,39,40,13
WMT,1978-07-31,0.096680000424385,0.096680000424385,0.0957029983401298,0.0957029983401298,0.0546185187995433,6937600,True,-0.020201888849665384,0.026370265121380045,0.2636574077682714,39,40,13
WMT,1978-08-01,0.0957029983401298,0.0957029983401298,0.0957029983401298,0.0957029983401298,0.0546185187995433,2969600,False,0.0,0.026370265121380045,0.2636574077682714,39,40,13
WMT,1978-08-02,0.0957029983401298,0.0976559966802597,0.0947270020842552,0.0971679985523223,0.0554546378552913,6246400,False,0.015192353212761162,0.026358640959751933,0.2635411860955563,39,40,13
WMT,1978-08-03,0.0971679985523223,0.0996090024709701,0.096680000424385,0.0996090024709701,0.0568477325141429,7936000,False,0.024810983375292365,0.017155539443196508,0.17152596068487352,43,40,13
WMT,1978-08-04,0.1010740026831626,0.1025390028953552,0.1010740026831626,0.1010740026831626,0.0576837994158268,1587200,False,0.014600027414864233,0.017542643096576098,0.17539633306520055,42,40,13
WMT,1978-08-07,0.1010740026831626,0.1010740026831626,0.1000979989767074,0.1005859971046447,0.0574052892625331,1024000,True,-0.004839914889615236,0.012121240605992045,0.12119160965584269,45,48,16
WMT,1978-08-08,0.1005859971046447,0.1020509973168373,0.0991209968924522,0.1020509973168373,0.0582413785159587,4198400,False,0.014459626670680174,0.01080668982237695,0.10804835719355697,45,48,16
WMT,1978-08-09,0.1020509973168373,0.1025390028953552,0.1015629991889,0.1020509973168373,0.0582413785159587,4864000,False,0.0,0.01204625382626051,0.12044187051329318,45,48,16
WMT,1978-08-10,0.1020509973168373,0.1020509973168373,0.1000979989767074,0.1000979989767074,0.0571268051862716,3148800,False,-0.019322623831746696,0.014267391352960467,0.14264943497618293,44,48,16
WMT,1978-08-11,0.1000979989767074,0.1000979989767074,0.0986329987645149,0.0991209968924522,0.0565692223608493,2048000,False,-0.009808386583187218,0.012509353139017616,0.1250720691016954,44,48,16
WMT,1978-08-14,0.0996090024709701,0.1000979989767074,0.0996090024709701,0.1000979989767074,0.0571268051862716,3840000,True,0.009808386583187254,0.013875551715620407,0.13873171088177558,44,48,16
WMT,1978-08-15,0.0996090024709701,0.0996090024709701,0.0991209968924522,0.0996090024709701,0.0568477325141429,332800,False,-0.00489711536418235,0.01086778809164993,0.10865923506002867,45,48,16
WMT,1978-08-16,0.0996090024709701,0.1005859971046447,0.0986329987645149,0.1000979989767074,0.0571268051862716,844800,False,0.00489711536418228,0.011608869517585139,0.11606877784649368,45,48,16
WMT,1978-08-17,0.1000979989767074,0.1020509973168373,0.1000979989767074,0.1020509973168373,0.0582413785159587,3609600,False,0.019322623831746686,0.011608869517585206,0.11606877784649434,45,48,16
WMT,1978-08-18,0.1020509973168373,0.1020509973168373,0.1015629991889,0.1015629991889,0.0579628832638263,870400,False,-0.004793211213877928,0.010271816984342735,0.10270054649417104,45,48,16
WMT,1978-08-21,0.1020509973168373,0.1030270010232925,0.1020509973168373,0.1025390028953552,0.0585199035704135,947200,True,0.009564066377018796,0.010242977629977381,0.10241220243017773,45,48,16
WMT,1978-08-22,0.1025390028953552,0.1025390028953552,0.1015629991889,0.1025390028953552,0.0585199035704135,1638400,False,0.0,0.009269585451622807,0.09267995069491543,46,48,16
WMT,1978-08-23,0.1025390028953552,0.1035159975290298,0.1015629991889,0.1035159975290298,0.0590774975717067,4915200,False,0.009483171815011253,0.009384325800225525,0.09382715732100631,46,48,16
WMT,1978-08-24,0.1035159975290298,0.1064449995756149,0.1035159975290298,0.1064449995756149,0.0607490800321102,2636800,False,0.027901838441705445,0.012524635500140402,0.12522486649298692,44,48,16
WMT,1978-08-25,0.1074220016598701,0.1108400002121925,0.1074220016598701,0.1108400002121925,0.0632573664188385,4454400,False,0.04045964734443529,0.016346563549426523,0.163437589706552,43,40,13
WMT,1978-08-28,0.112305000424385,0.1142579987645149,0.112305000424385,0.1127929985523223,0.0643719434738159,32588800,True,0.01746629189222428,0.01576120342117587,0.1575849927260104,43,40,13
WMT,1978-08-29,0.1127929985523223,0.1137700006365776,0.112305000424385,0.1132809966802597,0.0646504536271095,1536000,False,0.004317244015581558,0.014525673472501494,0.1452318130371403,44,48,16
WMT,1978-08-30,0.1127929985523223,0.1127929985523223,0.1054690033197403,0.1054690033197403,0.0601920746266841,8140800,False,-0.07145442892535085,0.044088188218210124,0.4408062401082372,32,32,10
WMT,1978-08-31,0.1054690033197403,0.1064449995756149,0.1054690033197403,0.1064449995756149,0.0607490800321102,435200,False,0.009211245673109552,0.04228260715556968,0.42275352731600624,33,32,10
WMT,1978-09-01,0.1059570014476776,0.1059570014476776,0.1059570014476776,0.1059570014476776,0.0605929531157016,1843200,False,-0.0025733375074621324,0.03588365546153093,0.3587749890525899,35,32,10
WMT,1978-09-05,0.1064449995756149,0.1083979979157447,0.1064449995756149,0.1083979979157447,0.0619888566434383,1971200,True,0.022776036239819945,0.03691199796029841,0.3690566497137548,35,32,10
WMT,1978-09-06,0.109375,0.1103520020842552,0.109375,0.1103520020842552,0.0631062984466552,588800,False,0.017865944136001823,0.03846512261757285,0.38458523159160485,34,32,10
WMT,1978-09-07,0.112305000424385,0.1147459968924522,0.112305000424385,0.1132809966802597,0.0647812932729721,4147200,False,0.026196296151897752,0.011574809805189257,0.11572823915875972,45,48,16
WMT,1978-09-08,0.1132809966802597,0.1137700006365776,0.1108400002121925,0.1118159964680671,0.0639435425400734,1817600,False,-0.013016331394930452,0.01713876243307332,0.17135821936794624,43,40,13
WMT,1978-09-11,0.1118159964680671,0.1132809966802597,0.1118159964680671,0.112305000424385,0.0642231851816177,2892800,True,0.0043637391742228394,0.016089888514642752,0.16087127973589296,43,40,13
WMT,1978-09-12,0.1113279983401298,0.1113279983401298,0.1079099997878074,0.1079099997878074,0.0617098771035671,947200,False,-0.03992028458587693,0.026379276655969192,0.26374750765307925,39,40,13
WMT,1978-09-13,0.1079099997878074,0.1083979979157447,0.1049799993634224,0.1049799993634224,0.0600342452526092,486400,False,-0.02752884720128821,0.02611546112168483,0.2611098049383643,39,40,13
WMT,1978-09-14,0.1049799993634224,0.1054690033197403,0.1000979989767074,0.1000979989767074,0.0572424307465553,1715200,False,-0.04761973395468495,0.020893616740833523,0.20890032024462385,41,40,13
WMT,1978-09-15,0.0996090024709701,0.0996090024709701,0.0996090024709701,0.0996090024709701,0.0569628030061721,256000,False,-0.004896943686122003,0.022301121940495425,0.22297295738555067,41,40,13
WMT,1978-09-18,0.1010740026831626,0.1015629991889,0.1010740026831626,0.1015629991889,0.0580802299082279,7424000,True,0.019426853010491654,0.027380978504325495,0.27376280751747767,39,40,13
WMT,1978-09-19,0.1015629991889,0.1035159975290298,0.1015629991889,0.1035159975290298,0.0591970346868038,2636800,False,0.019046121901786495,0.029342624897354688,0.29337590585241735,38,40,13
WMT,1978-09-20,0.1035159975290298,0.1035159975290298,0.1035159975290298,0.1035159975290298,0.0591970346868038,4070400,False,0.0,0.02735110317475118,0.2734641054788167,39,40,13
WMT,1978-09-21,0.1035159975290298,0.1035159975290298,0.1025390028953552,0.1035159975290298,0.0591970346868038,1715200,False,0.0,0.01160460533876599,0.11602614337435081,45,48,16
WMT,1978-09-22,0.104492001235485,0.1054690033197403,0.104492001235485,0.1054690033197403,0.0603138953447341,486400,False,0.01869106319557553,0.01043992062003765,0.10438129443582933,45,48,16
WMT,1978-09-25,0.1049799993634224,0.1049799993634224,0.104492001235485,0.1049799993634224,0.0600342452526092,204800,True,-0.004647360467046682,0.011343734651520082,0.11341788407754842,45,48,16
WMT,1978-09-26,0.1054690033197403,0.1064449995756149,0.1054690033197403,0.1064449995756149,0.0608719959855079,1126400,False,0.013858079310467605,0.01009081608043373,0.10089084799820594,45,48,16
WMT,1978-09-27,0.1069340035319328,0.109375,0.1069340035319328,0.1069340035319328,0.0611516796052455,6860800,False,0.004584095801974295,0.00965592625501144,0.09654269588415407,46,48,16
WMT,1978-09-28,0.1069340035319328,0.1069340035319328,0.1059570014476776,0.1069340035319328,0.0611516796052455,409600,False,0.0,0.00965592625501144,0.09654269588415407,46,48,16
WMT,1978-09-29,0.1069340035319328,0.1088870018720626,0.1059570014476776,0.1083979979157447,0.0619888566434383,5708800,False,0.013597308607531198,0.008207913466821402,0.08206505235678734,46,48,16
WMT,1978-10-02,0.1083979979157447,0.1103520020842552,0.1069340035319328,0.1103520020842552,0.0631062984466552,947200,True,0.017865944136001823,0.00739980931913966,0.0739853973436941,47,48,16
WMT,1978-10-03,0.1098629981279373,0.1098629981279373,0.1074220016598701,0.109375,0.0625475719571113,1024000,False,-0.008893162942611763,0.010685399893469326,0.1068356660015274,45,48,16
WMT,1978-10-04,0.109375,0.109375,0.1069340035319328,0.1069340035319328,0.0611516796052455,947200,False,-0.022570089800921306,0.01652706917442326,0.16524233626314408,43,40,13
WMT,1978-10-05,0.1059570014476776,0.1059570014476776,0.1054690033197403,0.1059570014476776,0.0605929531157016,384000,False,-0.009178727632288768,0.017029205022129464,0.17026283322608143,43,40,13
WMT,1978-10-06,0.1059570014476776,0.1064449995756149,0.1054690033197403,0.1059570014476776,0.0605929531157016,614400,False,0.0,0.014901247734707173,0.14898691128669664,44,48,16
WMT,1978-10-09,0.1059570014476776,0.1064449995756149,0.1054690033197403,0.1054690033197403,0.0603138953447341,204800,True,-0.004616087013106605,0.008432023307748468,0.08430576626095979,46,48,16
WMT,1978-10-10,0.1064449995756149,0.1088870018720626,0.1064449995756149,0.1079099997878074,0.0617098771035671,1484800,False,0.022881486734241542,0.016599459165975747,0.16596611197921082,43,40,13
WMT,1978-10-11,0.1083979979157447,0.1113279983401298,0.1083979979157447,0.1113279983401298,0.0636644810438156,1152000,False,0.031182808819224556,0.017868695271093638,0.17865629540288688,42,40,13
WMT,1978-10-12,0.1113279983401298,0.1142579987645149,0.1113279983401298,0.1137700006365776,0.0650609210133552,5862400,False,0.021697267679288944,0.015617889804490066,0.15615210244222485,43,40,13
WMT,1978-10-13,0.1137700006365776,0.1137700006365776,0.1103520020842552,0.1113279983401298,0.0636644810438156,2304000,False,-0.021697267679288937,0.022190966879912125,0.2218715957726785,41,40,13
WMT,1978-10-16,0.1103520020842552,0.1103520020842552,0.1074220016598701,0.1083979979157447,0.0619888566434383,486400,True,-0.026672172300539664,0.027380704622452658,0.27376006916864826,39,40,13
WMT,1978-10-17,0.1074220016598701,0.1074220016598701,0.1015629991889,0.1020509973168373,0.0583592802286148,14720000,False,-0.06033624705541567,0.037558215282917216,0.3755177142253318,34,32,10
WMT,1978-10-18,0.1020509973168373,0.1025390028953552,0.1015629991889,0.1015629991889,0.0580802299082279,1100800,False,-0.0047930612948728964,0.03012839773409296,0.3012322860698906,37,40,13
WMT,1978-10-19,0.1015629991889,0.1020509973168373,0.1015629991889,0.1020509973168373,0.0583592802286148,665600,False,0.004793061294872908,0.025025989006932692,0.25021695299739255,39,40,13
WMT,1978-10-20,0.1015629991889,0.1015629991889,0.0961909964680671,0.096680000424385,0.0552877932786941,2969600,False,-0.05406624248695837,0.02889879275573086,0.2889383459186758,38,40,13
WMT,1978-10-23,0.096680000424385,0.096680000424385,0.0957029983401298,0.0957029983401298,0.0547290667891502,11673600,True,-0.010157193956933168,0.030040446888040757,0.30035292850657397,37,40,13
WMT,1978-10-24,0.0957029983401298,0.0976559966802597,0.0957029983401298,0.0971679985523223,0.055566843599081,3891200,False,0.015191731395512234,0.02656238469007114,0.265578273835772,39,40,13
WMT,1978-10-25,0.0961909964680671,0.0961909964680671,0.09375,0.09375,0.0536122471094131,870400,False,-0.03580915240624027,0.028639373103971806,0.28634459448720134,38,40,13
WMT,1978-10-26,0.0927729979157447,0.0927729979157447,0.0864259973168373,0.088867001235485,0.0508198142051696,3814400,False,-0.053491210877827614,0.029889666608770172,0.29884538440748837,38,40,13
WMT,1978-10-27,0.0878909975290298,0.0878909975290298,0.0859379991889,0.0859379991889,0.0491448044776916,2969600,False,-0.03351518841359578,0.026581745237666383,0.26577184609484633,39,40,13
WMT,1978-10-30,0.0859379991889,0.0917970016598701,0.0761720016598701,0.0917970016598701,0.0524953640997409,14438400,True,0.0659537293040384,0.048734681456776646,0.4872632005086845,30,32,10
WMT,1978-10-31,0.0908199995756149,0.0908199995756149,0.088867001235485,0.088867001235485,0.0508198142051696,486400,False,-0.03243854089044263,0.047629075309380035,0.4762090359224166,30,32,10
WMT,1978-11-01,0.0893549993634224,0.0947270020842552,0.0893549993634224,0.09375,0.0536122471094131,6656000,False,0.05349121087782755,0.05533543277359129,0.5532593887723873,27,24,8
WMT,1978-11-02,0.0927729979157447,0.0927729979157447,0.0869140028953552,0.0869140028953552,0.049702975898981,896000,False,-0.0757127242708668,0.06127884693107246,0.6126833332356625,25,24,8
WMT,1978-11-03,0.0869140028953552,0.0869140028953552,0.0859379991889,0.0869140028953552,0.049702975898981,691200,False,0.0,0.059098160256495794,0.5908802078925068,26,24,8
WMT,1978-11-06,0.0869140028953552,0.088867001235485,0.0859379991889,0.0859379991889,0.0491448044776916,640000,True,-0.011293675020556587,0.047179321228800294,0.47171226675938244,31,32,10
WMT,1978-11-07,0.0844729989767074,0.0844729989767074,0.0825200006365776,0.0825200006365776,0.0471902042627334,3737600,False,-0.04058479928626349,0.048141036680894436,0.4813277712657915,30,32,10
WMT,1978-11-08,0.0825200006365776,0.0839840024709701,0.0820309966802597,0.0825200006365776,0.0471902042627334,6348800,False,0.0,0.03260056308637316,0.32594969810031693,36,32,10
WMT,1978-11-09,0.0834959968924522,0.0854490026831626,0.0834959968924522,0.0844729989767074,0.0483070723712444,2380800,False,0.023391641598711,0.023235436286579782,0.23231449784392047,40,40,13
WMT,1978-11-10,0.0839840024709701,0.0839840024709701,0.0820309966802597,0.0830079987645149,0.0474692769348621,332800,False,-0.017495275441957937,0.023479010488433462,0.23474982196236854,40,40,13
WMT,1978-11-13,0.0830079987645149,0.0830079987645149,0.0820309966802597,0.0820309966802597,0.0469105690717697,1203200,True,-0.011839696996402888,0.02349246974533898,0.234884391439386,40,40,13
WMT,1978-11-14,0.0815429985523223,0.0815429985523223,0.0791020020842552,0.0800779983401298,0.0457937009632587,870400,False,-0.024096455298391405,0.018665431900592916,0.18662229473739853,42,40,13
WMT,1978-11-15,0.0805659964680671,0.0839840024709701,0.0805659964680671,0.0830079987645149,0.0474692769348621,768000,False,0.035936152294794334,0.02673258665641194,0.26728000148378467,39,40,13
WMT,1978-11-16,0.0844729989767074,0.0844729989767074,0.0844729989767074,0.0844729989767074,0.0483070723712444,25600,False,0.017495275441957885,0.02561441952420854,0.25610024860032177,39,40,13
WMT,1978-11-17,0.0849609971046447,0.0908199995756149,0.0849609971046447,0.0898440033197403,0.0513785444200038,13414400,False,0.061642685735263804,0.03487680680716651,0.3487082299584818,36,32,10
WMT,1978-11-20,0.0898440033197403,0.0908199995756149,0.0898440033197403,0.0898440033197403,0.0513785444200038,7782400,True,0.0,0.032873107207096915,0.32867467170379616,36,32,10
WMT,1978-11-21,0.088867001235485,0.088867001235485,0.0869140028953552,0.0869140028953552,0.049702975898981,435200,False,-0.03315585302715453,0.0358974327783234,0.3589127385827818,35,32,10
WMT,1978-11-22,0.0869140028953552,0.0878909975290298,0.0869140028953552,0.0874020010232925,0.0499820262193679,128000,False,0.005598656635566703,0.03429448153257883,0.3428859763076736,36,32,10
WMT,1978-11-24,0.0874020010232925,0.0908199995756149,0.0869140028953552,0.0908199995756149,0.0519366897642612,3660800,True,0.03836200709856084,0.036580021498142316,0.36573745466397906,35,32,10
WMT,1978-11-27,0.0908199995756149,0.0917970016598701,0.0898440033197403,0.0898440033197403,0.0513785444200038,5504000,True,-0.010804810706973,0.02607222213930379,0.2606774892996459,39,40,13
WMT,1978-11-28,0.0893549993634224,0.0893549993634224,0.0893549993634224,0.0893549993634224,0.0510988719761371,25600,False,-0.005458239445215934,0.026186241480011307,0.2618174870838175,39,40,13
WMT,1978-11-29,0.0893549993634224,0.0893549993634224,0.0883790031075477,0.088867001235485,0.0508198142051696,409600,False,-0.00547610018889948,0.019879344800516657,0.1987593410271178,42,40,13
WMT,1978-11-30,0.088867001235485,0.0898440033197403,0.0878909975290298,0.0898440033197403,0.0513785444200038,1766400,False,0.010934339634115331,0.020098803091260324,0.20095354741011764,41,40,13
WMT,1978-12-01,0.0898440033197403,0.0908199995756149,0.0898440033197403,0.0908199995756149,0.0519366897642612,2636800,False,0.010804810706972992,0.010159080952298434,0.1015733795948598,45,48,16
WMT,1978-12-04,0.0898440033197403,0.0898440033197403,0.0893549993634224,0.0898440033197403,0.0513785444200038,1408000,True,-0.010804810706973,0.010159080952298434,0.1015733795948598,45,48,16
WMT,1978-12-05,0.0898440033197403,0.0898440033197403,0.088867001235485,0.088867001235485,0.0508198142051696,460800,False,-0.01093433963411543,0.011142234671717717,0.11140322999289998,45,48,16
WMT,1978-12-06,0.0883790031075477,0.0883790031075477,0.0859379991889,0.0869140028953552,0.049702975898981,19379200,False,-0.022221513393039117,0.01472789836735907,0.14725371502860463,44,48,16
WMT,1978-12-07,0.0869140028953552,0.0874020010232925,0.0869140028953552,0.0869140028953552,0.049702975898981,2816000,False,0.0,0.012519796239821501,0.12517648219251348,44,48,16
WMT,1978-12-08,0.0869140028953552,0.0883790031075477,0.0864259973168373,0.0869140028953552,0.0498262420296669,3379200,False,0.0024769850758547297,0.009900198371575299,0.09898499795229215,46,48,16
WMT,1978-12-11,0.0874020010232925,0.0898440033197403,0.0874020010232925,0.0898440033197403,0.0515059307217597,2892800,True,0.03315516705620113,0.020721544264668372,0.2071798907076,41,40,13
WMT,1978-12-12,0.0898440033197403,0.0908199995756149,0.0893549993634224,0.0898440033197403,0.0515059307217597,1715200,False,0.0,0.019768833860334054,0.19765442122883498,42,40,13
WMT,1978-12-13,0.0898440033197403,0.0898440033197403,0.088867001235485,0.0898440033197403,0.0515059307217597,2304000,False,0.0,0.014589983760085514,0.14587480557586485,44,48,16
WMT,1978-12-14,0.0898440033197403,0.0908199995756149,0.0883790031075477,0.088867001235485,0.050945833325386,3558400,False,-0.010933984038943875,0.016605365572032627,0.16602516590616284,43,40,13
WMT,1978-12-15,0.088867001235485,0.0908199995756149,0.088867001235485,0.088867001235485,0.050945833325386,2227200,False,0.0,0.016733655567084053,0.16730784574962182,43,40,13
WMT,1978-12-18,0.0869140028953552,0.0869140028953552,0.0830079987645149,0.0844729989767074,0.0484268739819526,998400,True,-0.05070806945550271,0.021971070542110185,0.21967300967065295,41,40,13
WMT,1978-12-19,0.0854490026831626,0.0878909975290298,0.0854490026831626,0.0878909975290298,0.05038633197546,486400,False,0.03966504014460848,0.032278390222351495,0.32272852221185905,37,40,13
WMT,1978-12-20,0.0878909975290298,0.0917970016598701,0.0859379991889,0.0917970016598701,0.0526255518198013,1996800,False,0.04348183049922071,0.03893055957720962,0.3892388026381045,34,32,10
WMT,1978-12-21,0.0908199995756149,0.0908199995756149,0.0903320014476776,0.0903320014476776,0.0517857037484645,281600,False,-0.016087656073060952,0.03949884172273114,0.3949206490920379,34,32,10
WMT,1978-12-22,0.0908199995756149,0.0917970016598701,0.0908199995756149,0.0917970016598701,0.0526255518198013,1382400,False,0.016087656073060938,0.03981979247963098,0.3981296060060459,34,32,10
WMT,1978-12-26,0.0917970016598701,0.0917970016598701,0.0908199995756149,0.0908199995756149,0.0520654842257499,8089600,True,-0.01069953948777707,0.027596953346384727,0.2759221853901837,38,40,13
WMT,1978-12-27,0.0898440033197403,0.0898440033197403,0.0883790031075477,0.0893549993634224,0.0512256063520908,358400,False,-0.016262707257374734,0.026137479806406332,0.26132995400813724,39,40,13
WMT,1978-12-28,0.0893549993634224,0.0893549993634224,0.088867001235485,0.0893549993634224,0.0512256063520908,2713600,False,0.0,0.013703910012570113,0.1370155883368232,44,48,16
WMT,1978-12-29,0.0893549993634224,0.0893549993634224,0.088867001235485,0.088867001235485,0.050945833325386,358400,False,-0.005476554443174747,0.01239242843198657,0.12390302263902349,45,48,16
WMT,1979-01-02,0.088867001235485,0.0898440033197403,0.0883790031075477,0.0883790031075477,0.0506660714745521,6323200,True,-0.005506491749822855,0.006150220348026292,0.0614916515514891,47,48,16
WMT,1979-01-03,0.088867001235485,0.0908199995756149,0.088867001235485,0.0908199995756149,0.0520654842257499,10931200,False,0.027245753450372306,0.016333407699998494,0.16330605378375343,43,40,13
WMT,1979-01-04,0.0913090035319328,0.0922849997878074,0.0913090035319328,0.0917970016598701,0.0526255518198013,6732800,False,0.010699539487776978,0.013890039384210054,0.13887656271118914,44,48,16
WMT,1979-01-05,0.0917970016598701,0.0927729979157447,0.0917970016598701,0.0917970016598701,0.0526255518198013,12288000,False,0.0,0.013890039384210054,0.13887656271118914,44,48,16
WMT,1979-01-08,0.0913090035319328,0.0913090035319328,0.0908199995756149,0.0913090035319328,0.0523457825183868,153600,True,-0.0053304069269456715,0.01386157375481402,0.13859195525568938,44,48,16
WMT,1979-01-09,0.0917970016598701,0.0952150002121925,0.0917970016598701,0.0947270020842552,0.054305262863636,4864000,False,0.036749773317920884,0.017842919537489493,0.17839858229025365,42,40,13
WMT,1979-01-10,0.0947270020842552,0.0952150002121925,0.09375,0.09375,0.0537452176213264,358400,False,-0.01036645566314775,0.018703335305855454,0.18700126375917786,42,40,13
WMT,1979-01-11,0.0927729979157447,0.0927729979157447,0.0927729979157447,0.0927729979157447,0.0531850904226303,1561600,False,-0.010476586707305714,0.01983563474545057,0.198322315469768,42,40,13
WMT,1979-01-12,0.0932620018720626,0.096680000424385,0.0932620018720626,0.0952150002121925,0.0545850545167923,5350400,False,0.02598201662711419,0.022382717008928122,0.2237887680772755,41,40,13
WMT,1979-01-15,0.0952150002121925,0.0957029983401298,0.0952150002121925,0.0957029983401298,0.0548647716641426,281600,True,0.005111342175624061,0.021372631041315232,0.21368964140493873,41,40,13
WMT,1979-01-16,0.0957029983401298,0.0957029983401298,0.0947270020842552,0.0947270020842552,0.054305262863636,179200,False,-0.010250316432284792,0.015995954690652524,0.1599321026581872,43,40,13
WMT,1979-01-17,0.0947270020842552,0.0947270020842552,0.0947270020842552,0.0947270020842552,0.054305262863636,230400,False,0.0,0.014954315282238985,0.14951749571406037,44,48,16
WMT,1979-01-18,0.0947270020842552,0.0947270020842552,0.0942379981279373,0.0942379981279373,0.0540249496698379,204800,False,-0.005175173441727531,0.013999517764983446,0.1399711586869413,44,48,16
WMT,1979-01-19,0.0942379981279373,0.0957029983401298,0.0942379981279373,0.0957029983401298,0.0548647716641426,921600,False,0.015425489874012358,0.009883038500838832,0.09881342868610578,46,48,16
WMT,1979-01-22,0.0957029983401298,0.0957029983401298,0.0942379981279373,0.0942379981279373,0.0540249496698379,409600,True,-0.015425489874012216,0.01183378357975377,0.11831753258327994,45,48,16
WMT,1979-01-23,0.0942379981279373,0.0942379981279373,0.0932620018720626,0.0932620018720626,0.0534654334187507,691200,False,-0.010410630019580059,0.011858242485252225,0.11856207967413734,45,48,16
WMT,1979-01-24,0.0932620018720626,0.0957029983401298,0.0932620018720626,0.0957029983401298,0.0548647716641426,3814400,False,0.025836119893592416,0.01773095039067813,0.17727908292752734,42,40,13
WMT,1979-01-25,0.0947270020842552,0.0947270020842552,0.0947270020842552,0.0947270020842552,0.054305262863636,4633600,False,-0.010250316432284792,0.01838131039397601,0.18378156713830077,42,40,13
WMT,1979-01-26,0.0947270020842552,0.0947270020842552,0.09375,0.0947270020842552,0.054305262863636,6118400,False,0.0,0.01656719073940647,0.16564348307643506,43,40,13
WMT,1979-01-29,0.09375,0.09375,0.0932620018720626,0.0932620018720626,0.0534654334187507,563200,True,-0.01558580346130759,0.016599671092948142,0.1659682308853318,43,40,13
WMT,1979-01-30,0.0932620018720626,0.0932620018720626,0.0922849997878074,0.0922849997878074,0.0529052801430225,230400,False,-0.01053219321327399,0.01661500092354764,0.16612150288994706,43,40,13
WMT,1979-01-31,0.0917970016598701,0.0917970016598701,0.0883790031075477,0.0883790031075477,0.0506660714745521,947200,False,-0.043246662654543064,0.016290168108679056,0.1628737320566958,43,40,13
WMT,1979-02-01,0.0883790031075477,0.0908199995756149,0.0883790031075477,0.0908199995756149,0.0520654842257499,2764800,False,0.027245753450372306,0.025552146821578088,0.2554776284152498,39,40,13
WMT,1979-02-02,0.0908199995756149,0.0908199995756149,0.088867001235485,0.0908199995756149,0.0520654842257499,1228800,False,0.0,0.025552146821578088,0.2554776284152498,39,40,13
WMT,1979-02-05,0.0908199995756149,0.0913090035319328,0.0908199995756149,0.0913090035319328,0.0523457825183868,435200,True,0.005369132560831502,0.025801050686713914,0.25796624002241975,39,40,13
WMT,1979-02-06,0.0893549993634224,0.0893549993634224,0.088867001235485,0.088867001235485,0.050945833325386,2201600,False,-0.027108394261380894,0.027800330194698603,0.27795560493980526,38,40,13
WMT,1979-02-07,0.088867001235485,0.0898440033197403,0.0878909975290298,0.0883790031075477,0.0506660714745521,3046400,False,-0.005506491749822855,0.01959811952940641,0.1959475708140174,42,40,13
WMT,1979-02-08,0.0898440033197403,0.0908199995756149,0.0898440033197403,0.0908199995756149,0.0520654842257499,1152000,False,0.027245753450372306,0.01959811952940641,0.1959475708140174,42,40,13
WMT,1979-02-09,0.0908199995756149,0.0913090035319328,0.0898440033197403,0.0913090035319328,0.0523457825183868,998400,False,0.005369132560831502,0.019744665253684533,0.19741277662840137,42,40,13
WMT,1979-02-12,0.0913090035319328,0.0917970016598701,0.088867001235485,0.0903320014476776,0.0517857037484645,1792000,True,-0.010757249146115342,0.020179939814757138,0.2017647754388657,41,40,13
WMT,1979-02-13,0.0903320014476776,0.0908199995756149,0.0898440033197403,0.0908199995756149,0.0520654842257499,358400,False,0.005388116585283944,0.014592046006269592,0.14589542449951126,44,48,16
WMT,1979-02-14,0.0908199995756149,0.0913090035319328,0.0908199995756149,0.0908199995756149,0.0520654842257499,332800,False,0.0,0.013851377718902075,0.13849001238990163,44,48,16
WMT,1979-02-15,0.0898440033197403,0.0898440033197403,0.0898440033197403,0.0898440033197403,0.0515059307217597,1510400,False,-0.010805277661605633,0.008169776836908067,0.08168375148864342,46,48,16
WMT,1979-02-16,0.0908199995756149,0.0913090035319328,0.0908199995756149,0.0908199995756149,0.0520654842257499,281600,False,0.010805277661605554,0.00965003553524354,0.09648379879317888,46,48,16
WMT,1979-02-20,0.0903320014476776,0.0903320014476776,0.0898440033197403,0.0898440033197403,0.0515059307217597,153600,True,-0.010805277661605633,0.009662100567998138,0.09660442842075655,46,48,16
WMT,1979-02-21,0.0898440033197403,0.0913090035319328,0.0898440033197403,0.0908199995756149,0.0520654842257499,204800,False,0.010805277661605554,0.010805277661605736,0.10803423800868807,45,48,16
WMT,1979-02-22,0.0908199995756149,0.0932620018720626,0.0908199995756149,0.0932620018720626,0.0534654334187507,640000,False,0.026533102417444585,0.016048524235060313,0.1604577079087343,43,40,13
WMT,1979-02-23,0.0922849997878074,0.0922849997878074,0.0908199995756149,0.0908199995756149,0.0520654842257499,2150400,False,-0.026533102417444686,0.020826199357741243,0.20822626208165831,41,40,13
WMT,1979-02-26,0.0908199995756149,0.0927729979157447,0.0908199995756149,0.0927729979157447,0.0531850904226303,1996800,True,0.021275863508298697,0.02238106896965056,0.22377229051203973,41,40,13
WMT,1979-02-27,0.0927729979157447,0.0927729979157447,0.0908199995756149,0.0908199995756149,0.0520654842257499,1280000,False,-0.021275863508298735,0.024529263157055163,0.2452505467308124,40,40,13
WMT,1979-02-28,0.0908199995756149,0.0908199995756149,0.0903320014476776,0.0903320014476776,0.0517857037484645,4889600,False,-0.00538811658528395,0.024168994725195066,0.24164848052450943,40,40,13
WMT,1979-03-01,0.0913090035319328,0.0922849997878074,0.0913090035319328,0.0922849997878074,0.0529052801430225,204800,False,0.02138902578945469,0.022768767345446903,0.2276486090961694,40,40,13
WMT,1979-03-02,0.0952150002121925,0.0952150002121925,0.0952150002121925,0.0952150002121925,0.0545850545167923,2304000,False,0.03125697093124238,0.021921357995252147,0.21917596949385462,41,40,13
WMT,1979-03-05,0.0952150002121925,0.0971679985523223,0.0947270020842552,0.0971679985523223,0.0557046309113502,2022400,True,0.02030316523479506,0.021794137577180378,0.21790398358511975,41,40,13
WMT,1979-03-06,0.0971679985523223,0.0976559966802597,0.0961909964680671,0.0971679985523223,0.0557046309113502,1024000,False,0.0,0.01551483165074189,0.1551216977215458,43,40,13
WMT,1979-03-07,0.0971679985523223,0.0971679985523223,0.0971679985523223,0.0971679985523223,0.0557046309113502,870400,False,0.0,0.013985627699250576,0.13983228186078872,44,48,16
WMT,1979-03-08,0.0961909964680671,0.0961909964680671,0.0947270020842552,0.0947270020842552,0.054305262863636,179200,False,-0.025442139491455892,0.021795006665472412,0.21791267297694591,41,40,13
WMT,1979-03-09,0.0947270020842552,0.0952150002121925,0.09375,0.0952150002121925,0.0545850545167923,435200,False,0.00513897425666064,0.016476726289411405,0.16473899378627835,43,40,13
WMT,1979-03-12,0.0942379981279373,0.0942379981279373,0.09375,0.09375,0.0537452176213264,332800,True,-0.015505429919808498,0.01282262432111849,0.1282042434435549,44,48,16
WMT,1979-03-13,0.09375,0.0942379981279373,0.0932620018720626,0.0942379981279373,0.0540249496698379,307200,False,0.0051912822214203415,0.013725845294226506,0.13723490351903966,44,48,16
WMT,1979-03-14,0.0952150002121925,0.0952150002121925,0.0952150002121925,0.0952150002121925,0.0545850545167923,230400,False,0.010314147698388279,0.015532363193086129,0.15529698306613318,43,40,13
WMT,1979-03-15,0.0952150002121925,0.0952150002121925,0.0952150002121925,0.0952150002121925,0.0545850545167923,0,False,0.0,0.00993575180815732,0.09934047131910595,46,48,16
WMT,1979-03-16,0.0952150002121925,0.0952150002121925,0.09375,0.0942379981279373,0.0540249496698379,9779200,False,-0.010314147698388221,0.010710447295048432,0.10708609704350898,45,48,16
WMT,1979-03-19,0.0942379981279373,0.0952150002121925,0.09375,0.0947270020842552,0.0544746406376361,4019200,True,0.008289313194235648,0.00824742564790361,0.08246010637658782,46,48,16
WMT,1979-03-20,0.0947270020842552,0.0952150002121925,0.0947270020842552,0.0952150002121925,0.0547553077340126,1408000,False,0.0051390249332149635,0.00824350536804058,0.08242091030397895,46,48,16
WMT,1979-03-21,0.0952150002121925,0.0952150002121925,0.0947270020842552,0.0947270020842552,0.0544746406376361,1484800,False,-0.005139024933214897,0.007534811204517286,0.07533518457482949,46,48,16
WMT,1979-03-22,0.0947270020842552,0.0957029983401298,0.0947270020842552,0.0957029983401298,0.0550359152257442,8217600,False,0.010250692244489129,0.0089366835974412,0.08935150331257904,46,48,16
WMT,1979-03-23,0.0957029983401298,0.096680000424385,0.0957029983401298,0.096680000424385,0.0555977299809455,1280000,False,0.010156396519725896,0.006423866679140589,0.06422764536781209,47,48,16
WMT,1979-03-26,0.0961909964680671,0.0961909964680671,0.0947270020842552,0.0947270020842552,0.0544746406376361,179200,True,-0.02040708876421484,0.013014391150915357,0.13012158272730703,44,48,16
WMT,1979-03-27,0.09375,0.09375,0.09375,0.09375,0.0539128147065639,128000,False,-0.010367084663075302,0.013327382416484004,0.13325095838409687,44,48,16
WMT,1979-03-28,0.0932620018720626,0.0932620018720626,0.0927729979157447,0.0927729979157447,0.0533509701490402,358400,False,-0.010476037120700794,0.013738768200012443,0.13736411040507854,44,48,16
WMT,1979-03-29,0.0927729979157447,0.0932620018720626,0.0922849997878074,0.0927729979157447,0.0533509701490402,2048000,False,0.0,0.011656118630329499,0.1165411879086674,45,48,16
WMT,1979-03-30,0.09375,0.0947270020842552,0.09375,0.0947270020842552,0.0544746406376361,1049600,False,0.020843121783776092,0.015690912507909143,0.15688220419141416,43,40,13
WMT,1979-04-02,0.0947270020842552,0.0957029983401298,0.0947270020842552,0.0947270020842552,0.0544746406376361,588800,True,0.0,0.01276381138080439,0.1276162149457347,44,48,16
WMT,1979-04-03,0.0952150002121925,0.096680000424385,0.0952150002121925,0.0961909964680671,0.0553165152668952,7091200,False,0.015336228551280248,0.012720563308927109,0.1271838084276487,44,48,16
WMT,1979-04-04,0.0957029983401298,0.0957029983401298,0.0952150002121925,0.0957029983401298,0.0550359152257442,102400,False,-0.00508553630679116,0.011204165042889921,0.11202242745072727,45,48,16
WMT,1979-04-05,0.0957029983401298,0.096680000424385,0.0942379981279373,0.096680000424385,0.0555977299809455,11264000,False,0.010156396519725896,0.010704376763890988,0.10702540214714064,45,48,16
WMT,1979-04-06,0.0971679985523223,0.0986329987645149,0.0971679985523223,0.0981450006365776,0.0564401969313621,7372800,False,0.015039243452494012,0.009207406340422872,0.09205826626357391,46,48,16
WMT,1979-04-09,0.0986329987645149,0.1005859971046447,0.0986329987645149,0.1000979989767074,0.0575633533298969,7552000,True,0.019704522117384198,0.0096220926091016,0.09620441747341843,46,48,16
WMT,1979-04-10,0.1005859971046447,0.1035159975290298,0.1005859971046447,0.1030270010232925,0.0592477098107337,6297600,False,0.028840987972691193,0.01257523391932936,0.1257307638732039,44,48,16
WMT,1979-04-11,0.1030270010232925,0.104492001235485,0.1025390028953552,0.104492001235485,0.0600901767611503,1075200,False,0.014119253663474376,0.007156556931360195,0.07155329081385198,47,48,16
WMT,1979-04-12,0.1035159975290298,0.1035159975290298,0.1030270010232925,0.1030270010232925,0.0592477098107337,588800,False,-0.01411925366347432,0.016096211465372965,0.16093449839491292,43,40,13
WMT,1979-04-16,0.1025390028953552,0.1025390028953552,0.1025390028953552,0.1025390028953552,0.05896707624197,2329600,True,-0.004747867932770958,0.017731842722498305,0.177288004714756,42,40,13
WMT,1979-04-17,0.1025390028953552,0.1035159975290298,0.1025390028953552,0.1030270010232925,0.0592477098107337,332800,False,0.004747867932770986,0.016652576509611723,0.16649719428218104,43,40,13
WMT,1979-04-18,0.1030270010232925,0.1035159975290298,0.1025390028953552,0.1030270010232925,0.0592477098107337,460800,False,0.0,0.010533175540181969,0.1053136836398709,45,48,16
WMT,1979-04-19,0.1030270010232925,0.1035159975290298,0.1030270010232925,0.1035159975290298,0.0595289058983325,1408000,False,0.0047348817150072945,0.007893726010403617,0.07892371684380996,46,48,16
WMT,1979-04-20,0.1035159975290298,0.1035159975290298,0.1030270010232925,0.1035159975290298,0.0595289058983325,1100800,False,0.0,0.0039692500456059805,0.039685690416517046,48,48,16
WMT,1979-04-23,0.1035159975290298,0.1040040031075477,0.1025390028953552,0.1035159975290298,0.0595289058983325,3481600,True,0.0,0.0025969620032680785,0.025965164426777883,48,48,16
WMT,1979-04-24,0.1035159975290298,0.104492001235485,0.1035159975290298,0.104492001235485,0.0600901767611503,3097600,False,0.009384371948466952,0.00420163292422105,0.04200912050352452,48,48,16
WMT,1979-04-25,0.104492001235485,0.1054690033197403,0.1035159975290298,0.1049799993634224,0.0603708364069461,1126400,False,0.004659767442671741,0.003926469393776949,0.03925795729696132,48,48,16
WMT,1979-04-26,0.104492001235485,0.104492001235485,0.1040040031075477,0.1040040031075477,0.0598095990717411,10368000,False,-0.00933997972191617,0.006938826756989766,0.06937636262965644,47,48,16
WMT,1979-04-27,0.1030270010232925,0.1030270010232925,0.1015629991889,0.1020509973168373,0.0586864501237869,2892800,False,-0.01895730012510729,0.01135521814140013,0.1135326992741333,45,48,16
WMT,1979-04-30,0.1010740026831626,0.1010740026831626,0.0991209968924522,0.0991209968924522,0.0570014975965023,2124800,True,-0.02913132643166802,0.016035788918627676,0.16033037659438146,43,40,13
WMT,1979-05-01,0.0991209968924522,0.1000979989767074,0.0991209968924522,0.0996090024709701,0.0572821497917175,230400,False,0.004911512115841783,0.014857828480560983,0.1485527932396189,44,48,16
WMT,1979-05-02,0.0996090024709701,0.0996090024709701,0.0996090024709701,0.0996090024709701,0.0572821497917175,153600,False,0.0,0.013854264183905073,0.13851887208762562,44,48,16
WMT,1979-05-03,0.1000979989767074,0.1015629991889,0.1000979989767074,0.1015629991889,0.0584058798849582,256000,False,0.01942751449951151,0.019343965332365768,0.19340646489579005,42,40,13
WMT,1979-05-04,0.1015629991889,0.1030270010232925,0.1010740026831626,0.1015629991889,0.0584058798849582,1868800,False,0.0,0.017646474315393096,0.17643446711022062,42,40,13
WMT,1979-05-07,0.1015629991889,0.1025390028953552,0.1005859971046447,0.1005859971046447,0.0578439757227897,435200,True,-0.009667255676591059,0.010629615829293724,0.10627792106845149,45,48,16
WMT,1979-05-08,0.1005859971046447,0.1015629991889,0.0986329987645149,0.1015629991889,0.0584058798849582,3148800,False,0.009667255676590967,0.011055025105536437,0.11053128395647922,45,48,16
WMT,1979-05-09,0.1030270010232925,0.1069340035319328,0.1030270010232925,0.1069340035319328,0.0614945515990257,3584000,False,0.051532011274613064,0.023520402370341358,0.2351636697654245,40,40,13
WMT,1979-05-10,0.1064449995756149,0.1064449995756149,0.1054690033197403,0.1054690033197403,0.0606520362198352,332800,False,-0.013795370889081325,0.026210500296112025,0.2620600336239908,39,40,13
WMT,1979-05-11,0.1054690033197403,0.1064449995756149,0.104492001235485,0.1059570014476776,0.0609326474368572,2432000,False,0.004615905668728181,0.025958288956970468,0.2595383529513944,39,40,13
WMT,1979-05-14,0.1054690033197403,0.1054690033197403,0.1054690033197403,0.1054690033197403,0.0606520362198352,537600,True,-0.004615905668728181,0.02516199303613611,0.25157675994740836,39,40,13
WMT,1979-05-15,0.1054690033197403,0.1054690033197403,0.1035159975290298,0.1035159975290298,0.0595289058983325,2995200,False,-0.01869120011333239,0.028130449769349693,0.2812562343003915,38,40,13
WMT,1979-05-16,0.1025390028953552,0.1025390028953552,0.1015629991889,0.1015629991889,0.0584058798849582,691200,False,-0.019045440272199385,0.01017233439149653,0.10170589124792434,45,48,16
WMT,1979-05-17,0.1015629991889,0.1025390028953552,0.1015629991889,0.1015629991889,0.0584058798849582,2944000,False,0.0,0.010838497608136963,0.10836638047856119,45,48,16
WMT,1979-05-18,0.1025390028953552,0.1040040031075477,0.1025390028953552,0.1040040031075477,0.0598095990717411,1280000,False,0.023749599941422134,0.017523027125352277,0.1752002070080705,42,40,13
WMT,1979-05-21,0.104492001235485,0.1064449995756149,0.104492001235485,0.104492001235485,0.0600901767611503,3097600,True,0.004680212279244297,0.017893533965492144,0.17890463973114124,42,40,13
WMT,1979-05-22,0.1035159975290298,0.1035159975290298,0.1025390028953552,0.1030270010232925,0.0592477098107337,6092800,False,-0.01411925366347432,0.016908179844093398,0.16905278908853458,43,40,13
WMT,1979-05-23,0.1020509973168373,0.1020509973168373,0.1005859971046447,0.1005859971046447,0.0578439757227897,793600,False,-0.023977814233783153,0.01831355793760752,0.18310415881745815,42,40,13
WMT,1979-05-24,0.1005859971046447,0.1005859971046447,0.1005859971046447,0.1005859971046447,0.0578439757227897,0,False,0.0,0.01831355793760752,0.18310415881745815,42,40,13
WMT,1979-05-25,0.1000979989767074,0.1000979989767074,0.0996090024709701,0.0996090024709701,0.0572821497917175,614400,False,-0.009760258822920509,0.011386431579114719,0.1138447800984058,45,48,16
WMT,1979-05-29,0.0996090024709701,0.0996090024709701,0.0996090024709701,0.0996090024709701,0.0572821497917175,102400,True,0.0,0.010142568801509044,0.10140828641685154,45,48,16
WMT,1979-05-30,0.0996090024709701,0.1005859971046447,0.0996090024709701,0.1005859971046447,0.0578439757227897,51200,False,0.009760258822920458,0.012752193585072479,0.12750005692105962,44,48,16
WMT,1979-05-31,0.1005859971046447,0.1005859971046447,0.0996090024709701,0.0996090024709701,0.0572821497917175,12825600,False,-0.009760258822920509,0.00816601840576428,0.08164617362554324,46,48,16
WMT,1979-06-01,0.1005859971046447,0.1010740026831626,0.1005859971046447,0.1005859971046447,0.0578439757227897,2073600,False,0.009760258822920458,0.009760258822920654,0.09758584255993201,46,48,16
WMT,1979-06-04,0.0996090024709701,0.0996090024709701,0.0996090024709701,0.0996090024709701,0.0572821497917175,307200,True,-0.009760258822920509,0.009760258822920656,0.09758584255993202,46,48,16
WMT,1979-06-05,0.0986329987645149,0.0986329987645149,0.0976559966802597,0.0976559966802597,0.056159034371376,435200,False,-0.01980148790024096,0.01317886326293271,0.13176602166279236,44,48,16
WMT,1979-06-06,0.0976559966802597,0.1000979989767074,0.0976559966802597,0.0996090024709701,0.0572821497917175,8934400,False,0.019801487900240954,0.0162090505007226,0.16206269515055483,43,40,13
WMT,1979-06-07,0.1005859971046447,0.1015629991889,0.1005859971046447,0.1010740026831626,0.0581246092915535,1510400,False,0.014600088791088572,0.016920795082336737,0.1691789198270125,43,40,13
WMT,1979-06-08,0.1010740026831626,0.1015629991889,0.1005859971046447,0.1005859971046447,0.0578439757227897,332800,False,-0.004839829968168092,0.016703645150427777,0.16700779307191005,43,40,13
WMT,1979-06-11,0.1005859971046447,0.1025390028953552,0.1005859971046447,0.1020509973168373,0.0586864501237869,460800,True,0.014459555492905734,0.016677404301247273,0.1667454296015117,43,40,13
WMT,1979-06-12,0.1030270010232925,0.104492001235485,0.1030270010232925,0.104492001235485,0.0600901767611503,409600,False,0.023637512404351732,0.01096532225292674,0.10963440933350409,45,48,16
WMT,1979-06-13,0.1054690033197403,0.1054690033197403,0.1054690033197403,0.1054690033197403,0.0606520362198352,1331200,False,0.0093068281648654,0.010457846507441911,0.1045605225544394,45,48,16
WMT,1979-06-14,0.1054690033197403,0.1054690033197403,0.104492001235485,0.104492001235485,0.0600901767611503,1971200,False,-0.009306828164865373,0.013631397744594554,0.13629059006631536,44,48,16
WMT,1979-06-15,0.104492001235485,0.104492001235485,0.104492001235485,0.104492001235485,0.0600901767611503,51200,False,0.0,0.012755072738182794,0.1275288435124018,44,48,16
WMT,1979-06-18,0.104492001235485,0.1054690033197403,0.104492001235485,0.104492001235485,0.0600901767611503,1740800,True,0.0,0.012452105194638637,0.12449968787816397,45,48,16
WMT,1979-06-19,0.1040040031075477,0.1040040031075477,0.1035159975290298,0.1040040031075477,0.0598095990717411,307200,False,-0.00468021227924437,0.006905751417545166,0.06904566598254731,47,48,16
WMT,1979-06-20,0.1040040031075477,0.1040040031075477,0.1005859971046447,0.1015629991889,0.0584058798849582,1152000,False,-0.023749599941422055,0.00984573675924425,0.09844047526873206,46,48,16
WMT,1979-06-21,0.1015629991889,0.1015629991889,0.1015629991889,0.1015629991889,0.0584058798849582,51200,False,0.0,0.010299235891267893,0.10297468852082307,45,48,16
WMT,1979-06-22,0.1015629991889,0.1025390028953552,0.1015629991889,0.1025390028953552,0.05896707624197,179200,False,0.009562690624421158,0.012310557266725242,0.1230844514527115,45,48,16
WMT,1979-06-25,0.1015629991889,0.1015629991889,0.1000979989767074,0.1000979989767074,0.0577283054590225,2406400,True,-0.02123164257639188,0.014200294056743043,0.14197857713279313,44,48,16
WMT,1979-06-26,0.1000979989767074,0.1010740026831626,0.1000979989767074,0.1000979989767074,0.0577283054590225,2995200,False,0.0,0.014623409590470517,0.1462090065310409,44,48,16
WMT,1979-06-27,0.1000979989767074,0.1010740026831626,0.1000979989767074,0.1000979989767074,0.0577283054590225,921600,False,0.0,0.011346748549018135,0.11344801788158711,45,48,16
WMT,1979-06-28,0.1000979989767074,0.1005859971046447,0.1000979989767074,0.1005859971046447,0.058009710162878,640000,False,0.004862797359534403,0.011796289125851485,0.11794265237346557,45,48,16
WMT,1979-06-29,0.0996090024709701,0.0996090024709701,0.0986329987645149,0.0986329987645149,0.0568833723664283,486400,False,-0.019607340255164266,0.012247653370236715,0.1224555204119977,45,48,16
WMT,1979-07-02,0.0976559966802597,0.0976559966802597,0.0957029983401298,0.0957029983401298,0.0551936067640781,8883200,True,-0.030155945795889066,0.015118406661573523,0.15115812797594033,43,40,13
WMT,1979-07-03,0.0957029983401298,0.0957029983401298,0.09375,0.09375,0.0540673248469829,5120000,False,-0.02061710064964104,0.014866317579248877,0.14863766966175712,44,48,16
WMT,1979-07-05,0.09375,0.0947270020842552,0.09375,0.0947270020842552,0.0546307526528835,1280000,True,0.010366933159657199,0.01761884519321888,0.17615822329174413,42,40,13
WMT,1979-07-06,0.0947270020842552,0.0957029983401298,0.0942379981279373,0.0957029983401298,0.0551936067640781,2278400,False,0.01025016748998392,0.018948324509792107,0.1894507354707376,42,40,13
WMT,1979-07-09,0.0961909964680671,0.0961909964680671,0.0961909964680671,0.0961909964680671,0.0554750263690948,2816000,True,0.0050858170673682875,0.01902070192646276,0.1901743854595607,42,40,13
WMT,1979-07-10,0.0971679985523223,0.0986329987645149,0.0971679985523223,0.0976559966802597,0.0563199594616889,665600,False,0.015116047912690694,0.014233248451372211,0.14230806453925288,44,48,16
WMT,1979-07-11,0.0976559966802597,0.1005859971046447,0.096680000424385,0.1005859971046447,0.058009710162878,3712000,False,0.029561421070994433,0.00935544661894633,0.0935384150562056,46,48,16
WMT,1979-07-12,0.1015629991889,0.1025390028953552,0.1015629991889,0.1015629991889,0.0585732385516166,204800,False,0.00966749913118242,0.009429706986972927,0.09428089132800978,46,48,16
WMT,1979-07-13,0.1015629991889,0.104492001235485,0.1010740026831626,0.104492001235485,0.0602623634040355,998400,False,0.02842984078014886,0.01102334480561335,0.1102145353111169,45,48,16
WMT,1979-07-16,0.104492001235485,0.1054690033197403,0.1035159975290298,0.1049799993634224,0.0605438128113746,614400,True,0.004659528599833509,0.011145037445108169,0.11143125291808814,45,48,16
WMT,1979-07-17,0.1049799993634224,0.1054690033197403,0.104492001235485,0.104492001235485,0.0602623634040355,460800,False,-0.004659528599833366,0.015028929003635937,0.15026350491331997,43,40,13
WMT,1979-07-18,0.1035159975290298,0.1035159975290298,0.1035159975290298,0.1035159975290298,0.0596995018422603,51200,False,-0.00938407703350672,0.014733545131212934,0.14731017297899443,44,48,16
WMT,1979-07-19,0.1035159975290298,0.104492001235485,0.1025390028953552,0.1025390028953552,0.0591360516846179,665600,False,-0.009482925998317918,0.015901065014883194,0.1589833687026446,43,40,13
WMT,1979-07-20,0.1015629991889,0.1015629991889,0.0986329987645149,0.1000979989767074,0.0577283054590225,1459200,False,-0.02409313423904096,0.010401606118766334,0.10399821515927937,45,48,16
WMT,1979-07-23,0.1000979989767074,0.1005859971046447,0.1000979989767074,0.1005859971046447,0.058009710162878,128000,True,0.004862797359534403,0.010466541318377036,0.10464745574610958,45,48,16
WMT,1979-07-24,0.1015629991889,0.1015629991889,0.1015629991889,0.1015629991889,0.0585732385516166,1382400,False,0.00966749913118242,0.013359660109591167,0.13357367993635286,44,48,16
WMT,1979-07-25,0.1010740026831626,0.1010740026831626,0.1005859971046447,0.1010740026831626,0.0582912042737007,230400,False,-0.004826700382838717,0.013198773318232708,0.13196508805612434,44,48,16
WMT,1979-07-26,0.1010740026831626,0.1010740026831626,0.1005859971046447,0.1010740026831626,0.0582912042737007,332800,False,0.0,0.013033339270231415,0.1303110314111925,44,48,16
WMT,1979-07-27,0.1010740026831626,0.1010740026831626,0.1000979989767074,0.1010740026831626,0.0582912042737007,665600,False,0.0,0.005512994166332251,0.05512048302306545,47,48,16
WMT,1979-07-30,0.1010740026831626,0.1030270010232925,0.1010740026831626,0.1020509973168373,0.0588546320796012,10419200,True,0.009619328659058894,0.006470510083456593,0.06469399938491578,47,48,16
WMT,1979-07-31,0.1020509973168373,0.1025390028953552,0.1005859971046447,0.1015629991889,0.0585732385516166,3225600,False,-0.00479262827622029,0.005890624038052508,0.058896133840959736,47,48,16
WMT,1979-08-01,0.1020509973168373,0.1025390028953552,0.1020509973168373,0.1025390028953552,0.0591360516846179,332800,False,0.009562837748324187,0.006433056698027993,0.06431952978937712,47,48,16
WMT,1979-08-02,0.1025390028953552,0.1054690033197403,0.1015629991889,0.1054690033197403,0.0608258508145809,1484800,False,0.028174126466343555,0.012633258969813871,0.12631091482451023,44,48,16
WMT,1979-08-03,0.1054690033197403,0.1054690033197403,0.1035159975290298,0.1054690033197403,0.0608258508145809,1408000,False,0.0,0.012633258969813871,0.12631091482451023,44,48,16
WMT,1979-08-06,0.1054690033197403,0.1064449995756149,0.104492001235485,0.1064449995756149,0.0613887421786785,742400,True,0.009211589722232747,0.012625643798291303,0.12623477617462905,44,48,16
WMT,1979-08-07,0.1064449995756149,0.1103520020842552,0.1059570014476776,0.1103520020842552,0.0636419653892517,691200,False,0.03604661971296919,0.014931524336534434,0.14928962535942455,44,48,16
WMT,1979-08-08,0.1103520020842552,0.1113279983401298,0.1098629981279373,0.1113279983401298,0.0642048642039299,691200,False,0.008805888325918259,0.015024248271335682,0.15021670562104658,43,40,13
WMT,1979-08-09,0.1113279983401298,0.1113279983401298,0.1103520020842552,0.1113279983401298,0.0642048642039299,1689600,False,0.0,0.01480853228552662,0.1480599158667228,44,48,16
WMT,1979-08-10,0.1113279983401298,0.1113279983401298,0.1108400002121925,0.1108400002121925,0.063923455774784,1971200,False,-0.004392610184452201,0.01571304820656598,0.15710352319977972,43,40,13
WMT,1979-08-13,0.1108400002121925,0.1147459968924522,0.1108400002121925,0.1132809966802597,0.065331183373928,1100800,True,0.021783098421337084,0.01655190884708646,0.165490690372367,43,40,13
WMT,1979-08-14,0.1132809966802597,0.1137700006365776,0.1132809966802597,0.1132809966802597,0.065331183373928,10291200,False,0.0,0.010417437800039136,0.10415650480960283,45,48,16
WMT,1979-08-15,0.1142579987645149,0.1171879991889,0.1142579987645149,0.1166990026831626,0.0673023983836174,7628800,False,0.029726410737520886,0.015276268053824192,0.15273647105576615,43,40,13
WMT,1979-08-16,0.1171879991889,0.125,0.1171879991889,0.1220699995756149,0.0703999400138855,10214400,False,0.04499653787159846,0.02064684762449022,0.2064330524627921,41,40,13
WMT,1979-08-17,0.1210940033197403,0.1210940033197403,0.1186520010232925,0.1186520010232925,0.0684286952018737,1612800,False,-0.028400153938528603,0.02855581158696937,0.2855091226836136,38,40,13
WMT,1979-08-20,0.1186520010232925,0.1191409975290298,0.1181640028953552,0.1186520010232925,0.0684286952018737,896000,True,0.0,0.028660758879866532,0.2865584155545878,38,40,13
WMT,1979-08-21,0.1186520010232925,0.1196290031075477,0.1186520010232925,0.1191409975290298,0.0687107220292091,844800,False,0.004113000195151697,0.028386086157462794,0.2838121595863492,38,40,13
WMT,1979-08-22,0.120117001235485,0.1210940033197403,0.120117001235485,0.1210940033197403,0.0698370635509491,2841600,False,0.016259607926776398,0.02664210722703651,0.2663753624255244,39,40,13
WMT,1979-08-23,0.1220699995756149,0.1230470016598701,0.1220699995756149,0.1230470016598701,0.0709633901715278,1177600,False,0.015999247399260466,0.018242304380122126,0.18239174549228324,42,40,13
WMT,1979-08-24,0.1240229979157447,0.1264649927616119,0.1240229979157447,0.1264649927616119,0.0729346275329589,3532800,False,0.02739941401891646,0.010893122402566971,0.10891253470313945,45,48,16
WMT,1979-08-27,0.1264649927616119,0.1269530057907104,0.1259769946336746,0.1269530057907104,0.0732160434126854,1382400,True,0.003851042567250411,0.009852290804254973,0.09850600447406883,46,48,16
WMT,1979-08-28,0.1269530057907104,0.1269530057907104,0.1269530057907104,0.1269530057907104,0.0732160434126854,742400,False,0.0,0.010945577243774207,0.10943699311847724,45,48,16
WMT,1979-08-29,0.1274410039186477,0.1289059966802597,0.1274410039186477,0.1289059966802597,0.0743423551321029,435200,False,0.015266275660531356,0.010873637444550069,0.10871771855329934,45,48,16
WMT,1979-08-30,0.1289059966802597,0.1342159956693649,0.1289059966802597,0.1337890028953552,0.0771585181355476,1638400,False,0.03718113784939062,0.015652379292212776,0.15649693814586185,43,40,13
WMT,1979-08-31,0.1337890028953552,0.1347659975290298,0.1333010047674179,0.1337890028953552,0.0773278549313545,1766400,False,0.0021922563170381293,0.0154183333539707,0.15415688031589456,43,40,13
WMT,1979-09-04,0.1337890028953552,0.1337890028953552,0.1308590024709701,0.1308590024709701,0.0756343454122543,998400,True,-0.022143754668542345,0.02179134657669362,0.21787607836876977,41,40,13
WMT,1979-09-05,0.1289059966802597,0.1289059966802597,0.1245120018720626,0.125,0.0722479149699211,3840000,False,-0.04580701638706746,0.03230129142155199,0.3229574949122925,37,40,13
WMT,1979-09-06,0.125,0.1254879981279373,0.1230470016598701,0.1230470016598701,0.0711191818118095,332800,False,-0.015746381222234193,0.030947136521868732,0.3094182692380795,37,40,13
WMT,1979-09-07,0.1230470016598701,0.1230470016598701,0.1230470016598701,0.1230470016598701,0.0711191818118095,1484800,False,0.0,0.019447194639232834,0.19443858085401072,42,40,13
WMT,1979-09-10,0.1240229979157447,0.1259769946336746,0.1240229979157447,0.1254879981279373,0.0725300014019012,179200,True,0.019643201897804604,0.02450434049123643,0.2450013628324255,40,40,13
WMT,1979-09-11,0.1264649927616119,0.1284179985523224,0.1264649927616119,0.1284179985523224,0.0742235332727432,921600,False,0.023080971194855797,0.028257343933909773,0.28252495823376245,38,40,13
WMT,1979-09-12,0.127930000424385,0.127930000424385,0.125,0.125,0.0722479149699211,5248000,False,-0.0269777918704261,0.0217619874316183,0.21758253728948135,41,40,13
WMT,1979-09-13,0.125,0.125,0.1235349997878074,0.125,0.0722479149699211,307200,False,0.0,0.019979978490857652,0.1997655052733752,42,40,13
WMT,1979-09-14,0.125,0.1269530057907104,0.1240229979157447,0.1269530057907104,0.0733767375349998,921600,False,0.015503490043994686,0.0205635306976501,0.20560002614118433,41,40,13
WMT,1979-09-17,0.1269530057907104,0.1269530057907104,0.1269530057907104,0.1269530057907104,0.0733767375349998,4172800,True,0.0,0.019196013481192306,0.1919272002249436,42,40,13
WMT,1979-09-18,0.1269530057907104,0.1269530057907104,0.125,0.125,0.0722479149699211,4940800,False,-0.015503490043994818,0.016301513813536776,0.16298716963945506,43,40,13
WMT,1979-09-19,0.1240229979157447,0.1240229979157447,0.1230470016598701,0.1240229979157447,0.0716832429170608,3456000,False,-0.007846458796555803,0.011510537993566383,0.11508563131363349,45,48,16
WMT,1979-09-20,0.1240229979157447,0.1269530057907104,0.1230470016598701,0.1269530057907104,0.0733767375349998,2355200,False,0.023349948840550652,0.01612011005609173,0.16117344329930508,43,40,13
WMT,1979-09-21,0.1259769946336746,0.1259769946336746,0.125,0.125,0.0722479149699211,435200,False,-0.015503490043994818,0.016120110056091718,0.16117344329930497,43,40,13
WMT,1979-09-24,0.125,0.1259769946336746,0.1235349997878074,0.1259769946336746,0.0728126168251037,512000,True,0.007785780195355276,0.016853851175471116,0.16850959561397075,43,40,13
WMT,1979-09-25,0.1259769946336746,0.1274410039186477,0.125,0.125,0.0722479149699211,256000,False,-0.007785780195355385,0.015559418181180626,0.1555674865288539,43,40,13
WMT,1979-09-26,0.1254879981279373,0.1259769946336746,0.1254879981279373,0.1259769946336746,0.0728126168251037,230400,False,0.007785780195355276,0.015153877845057626,0.15151277895289655,43,40,13
WMT,1979-09-27,0.1259769946336746,0.1269530057907104,0.1259769946336746,0.1269530057907104,0.0733767375349998,3200000,False,0.007717709848639484,0.01097470237185512,0.10972819442932438,45,48,16
WMT,1979-09-28,0.1254879981279373,0.1254879981279373,0.1240229979157447,0.1245120018720626,0.0719658881425857,1459200,False,-0.019414727120895238,0.01240252231547522,0.12400394415584111,45,48,16
WMT,1979-10-01,0.1245120018720626,0.125,0.1230470016598701,0.1235349997878074,0.0714011937379837,1280000,True,-0.00787764272626329,0.011652845286651264,0.11650846008795852,45,48,16
WMT,1979-10-02,0.1230470016598701,0.1230470016598701,0.1220699995756149,0.1230470016598701,0.0711191818118095,3942400,False,-0.003957501419070523,0.011459083905601035,0.11457117871372295,45,48,16
WMT,1979-10-03,0.1225590035319328,0.1225590035319328,0.1220699995756149,0.1220699995756149,0.0705544501543045,128000,False,-0.007972332476690278,0.009737366236605816,0.09735695597357805,46,48,16
WMT,1979-10-04,0.1220699995756149,0.1230470016598701,0.1210940033197403,0.1210940033197403,0.0699903666973114,23142400,False,-0.008027140360184199,0.00583403088416831,0.05833029939895252,47,48,16
WMT,1979-10-05,0.1210940033197403,0.1220699995756149,0.1210940033197403,0.1210940033197403,0.0699903666973114,230400,False,0.0,0.0035622661107905006,0.035616549330416164,48,48,16
WMT,1979-10-08,0.120117001235485,0.120117001235485,0.1191409975290298,0.120117001235485,0.0694256797432899,1126400,True,-0.008100789779413642,0.003599654687620194,0.03599037095115784,48,48,16
WMT,1979-10-09,0.1186520010232925,0.1186520010232925,0.1132809966802597,0.1147459968924522,0.0663212984800338,2585600,False,-0.04574573454305912,0.01810107336305343,0.18097967763155404,42,40,13
WMT,1979-10-10,0.1147459968924522,0.1147459968924522,0.104492001235485,0.1147459968924522,0.0663212984800338,3891200,False,0.0,0.019085727193664997,0.19082452656777732,42,40,13
WMT,1979-10-11,0.1152340024709701,0.1186520010232925,0.1152340024709701,0.1176759973168373,0.068014770746231,7321600,False,0.0252138087975399,0.02564207820334991,0.25637678793775887,39,40,13
WMT,1979-10-12,0.1176759973168373,0.1210940033197403,0.1171879991889,0.1171879991889,0.0677327439188957,18867200,False,-0.004155173430732338,0.025476889094917247,0.2547251802682707,39,40,13
WMT,1979-10-15,0.1171879991889,0.1171879991889,0.1166990026831626,0.1171879991889,0.0677327439188957,1740800,True,0.0,0.025611439221834023,0.25607045068987927,39,40,13
WMT,1979-10-16,0.1171879991889,0.1186520010232925,0.1137700006365776,0.1137700006365776,0.0657571777701377,6425600,False,-0.029600892307365435,0.01945906225247586,0.19455723662518518,42,40,13
WMT,1979-10-17,0.1137700006365776,0.1147459968924522,0.1132809966802597,0.1142579987645149,0.0660392343997955,2944000,False,0.004280193301494962,0.019646255769968635,0.19642885063232518,42,40,13
WMT,1979-10-18,0.1132809966802597,0.1132809966802597,0.112305000424385,0.112305000424385,0.0649104863405227,128000,False,-0.01723983845419963,0.01389729152973857,0.13894907172397325,44,48,16
WMT,1979-10-19,0.112305000424385,0.112305000424385,0.1113279983401298,0.112305000424385,0.0649104863405227,435200,False,0.0,0.014400217361547982,0.1439774671725675,44,48,16
WMT,1979-10-22,0.1132809966802597,0.1132809966802597,0.1132809966802597,0.1132809966802597,0.0654745623469352,2636800,True,0.008652518540527824,0.016098604269484743,0.16095842233069835,43,40,13
WMT,1979-10-23,0.1132809966802597,0.1142579987645149,0.1132809966802597,0.1132809966802597,0.0654745623469352,4940800,False,0.0,0.009832190673860418,0.09830503765590302,46,48,16
WMT,1979-10-24,0.1132809966802597,0.1132809966802597,0.1118159964680671,0.1132809966802597,0.0654745623469352,3507200,False,0.0,0.009451583126137435,0.09449961518677812,46,48,16
WMT,1979-10-25,0.1127929985523223,0.1127929985523223,0.112305000424385,0.112305000424385,0.0649104863405227,204800,False,-0.008652518540527857,0.00611825453434989,0.06117204825844937,47,48,16
WMT,1979-10-26,0.112305000424385,0.1132809966802597,0.112305000424385,0.1132809966802597,0.0654745623469352,3481600,False,0.008652518540527824,0.007239216391704901,0.07237974359852041,47,48,16
WMT,1979-10-29,0.1132809966802597,0.1132809966802597,0.1132809966802597,0.1132809966802597,0.0654745623469352,2176000,True,0.0,0.00611825453434989,0.06117204825844937,47,48,16
WMT,1979-10-30,0.1132809966802597,0.1142579987645149,0.1132809966802597,0.1142579987645149,0.0660392343997955,15436800,False,0.008587319913671747,0.00722367297204421,0.0722243360697478,47,48,16
WMT,1979-10-31,0.1142579987645149,0.1152340024709701,0.1132809966802597,0.1152340024709701,0.066603347659111,1664000,False,0.008505815427233396,0.007703701357363547,0.07702379633857433,46,48,16
WMT,1979-11-01,0.1162109971046447,0.1162109971046447,0.1162109971046447,0.1162109971046447,0.0671680271625518,128000,False,0.008442506600440778,0.0038231822722608827,0.03822526329144321,48,48,16
WMT,1979-11-02,0.1162109971046447,0.1166990026831626,0.1132809966802597,0.1132809966802597,0.0654745623469352,5324800,False,-0.025535641941345992,0.01474309911820642,0.14740569645716045,44,48,16
WMT,1979-11-05,0.1132809966802597,0.1132809966802597,0.112305000424385,0.112305000424385,0.0649104863405227,4352000,True,-0.008652518540527857,0.015242446884542328,0.15239831738990411,43,40,13
WMT,1979-11-06,0.112305000424385,0.1127929985523223,0.112305000424385,0.112305000424385,0.0649104863405227,102400,False,0.0,0.014240062273793673,0.1423761910729971,44,48,16
WMT,1979-11-07,0.1127929985523223,0.1132809966802597,0.1127929985523223,0.1132809966802597,0.0654745623469352,1561600,False,0.008652518540527824,0.01427096725950087,0.14268518790640658,44,48,16
WMT,1979-11-08,0.1132809966802597,0.1132809966802597,0.1132809966802597,0.1132809966802597,0.0654745623469352,204800,False,0.0,0.012955571790485265,0.12953349003934192,44,48,16
WMT,1979-11-09,0.1142579987645149,0.1176759973168373,0.1142579987645149,0.1176759973168373,0.068014770746231,1484800,False,0.03806319235027468,0.01808851461358551,0.18085411168391255,42,40,13
WMT,1979-11-12,0.1176759973168373,0.1181640028953552,0.1162109971046447,0.1162109971046447,0.0671680271625518,460800,True,-0.012527550408928664,0.019018715419354595,0.19015452379672787,42,40,13
WMT,1979-11-13,0.1162109971046447,0.1171879991889,0.1152340024709701,0.1171879991889,0.0677327439188957,3660800,False,0.00837237697819642,0.018630814761595126,0.18627618274002194,42,40,13
WMT,1979-11-14,0.1171879991889,0.1181640028953552,0.1166990026831626,0.1181640028953552,0.0682968497276306,1561600,False,0.00829391645304673,0.01863082934076604,0.1862763285067176,42,40,13
WMT,1979-11-15,0.1181640028953552,0.1191409975290298,0.1176759973168373,0.1191409975290298,0.0688615515828132,691200,False,0.008234348615334793,0.018053203497954303,0.18050106111085704,42,40,13
WMT,1979-11-16,0.1186520010232925,0.1186520010232925,0.1176759973168373,0.1186520010232925,0.0685789063572883,716800,False,-0.0041129901371503,0.009577324721325779,0.09575681540389414,46,48,16
WMT,1979-11-19,0.1186520010232925,0.1191409975290298,0.1176759973168373,0.1181640028953552,0.0682968497276306,1356800,True,-0.004121358478184463,0.006801460500156868,0.06800293574051876,47,48,16
WMT,1979-11-20,0.120117001235485,0.120117001235485,0.120117001235485,0.120117001235485,0.0694256797432899,409600,False,0.016393182723204808,0.008907043525656657,0.08905515344818417,46,48,16
WMT,1979-11-21,0.1206049993634224,0.1215820014476776,0.1206049993634224,0.1206049993634224,0.0697076991200447,230400,False,0.004053948309110028,0.008707190762405378,0.0870569687029183,46,48,16
WMT,1979-11-23,0.1220699995756149,0.1225590035319328,0.1220699995756149,0.1225590035319328,0.0708370953798294,51200,True,0.01607203703175134,0.010214908129345262,0.10213155558267925,45,48,16
WMT,1979-11-26,0.1230470016598701,0.1308590024709701,0.1230470016598701,0.1308590024709701,0.0756343454122543,3865600,True,0.06552767488472823,0.027094570400649224,0.27089921787089927,39,40,13
WMT,1979-11-27,0.1347659975290298,0.1376949995756149,0.1347659975290298,0.1376949995756149,0.0795854702591896,3865600,False,0.05092105734122069,0.026222489697579603,0.26217990706845884,39,40,13
WMT,1979-11-28,0.136230006814003,0.136230006814003,0.1337890028953552,0.1347659975290298,0.0778925195336341,844800,False,-0.021501620016626328,0.03526872281203999,0.3526267175971996,35,32,10
WMT,1979-11-29,0.1347659975290298,0.1357419937849044,0.1342770010232925,0.1352539956569671,0.0781746059656143,716800,False,0.003614941176947642,0.03532822227609004,0.353221610154511,35,32,10
WMT,1979-11-30,0.1352539956569671,0.1367190033197403,0.1337890028953552,0.1367190033197403,0.0790213719010353,5580800,False,0.01077348335619472,0.03566312431725649,0.3565700559749764,35,32,10
WMT,1979-12-03,0.1367190033197403,0.1376949995756149,0.1357419937849044,0.1376949995756149,0.0795854702591896,1254400,True,0.007113195483483978,0.026059625003359947,0.26055153955310484,39,40,13
WMT,1979-12-04,0.1376949995756149,0.1376949995756149,0.1367190033197403,0.1376949995756149,0.0795854702591896,716800,False,0.0,0.012669381956755574,0.1266720827177437,44,48,16
WMT,1979-12-05,0.1386719942092895,0.1396480053663253,0.1386719942092895,0.1396480053663253,0.0807142183184623,5888000,False,0.014083205341667755,0.005586009462594831,0.05585051071339823,47,48,16
WMT,1979-12-06,0.1396480053663253,0.140625,0.1396480053663253,0.1396480053663253,0.0807142183184623,3865600,False,0.0,0.00633615552591476,0.06335068432151839,47,48,16
WMT,1979-12-07,0.1396480053663253,0.140625,0.1386719942092895,0.140625,0.0812789499759674,332800,False,0.006972318045685895,0.005891775985371409,0.05890765133775353,47,48,16
WMT,1979-12-10,0.140625,0.143555000424385,0.140625,0.143555000424385,0.0831456556916236,742400,True,0.022706892486939093,0.00974067566198953,0.09739004454943635,46,48,16
WMT,1979-12-11,0.1430660039186477,0.1430660039186477,0.1386719942092895,0.1386719942092895,0.0803174898028373,1510400,False,-0.03460655463056553,0.022042008316023768,0.2203822657018994,41,40,13
WMT,1979-12-12,0.1386719942092895,0.140625,0.1376949995756149,0.1396480053663253,0.0808827579021453,870400,False,0.007013269821745727,0.021272902629339886,0.21269252838915234,41,40,13
WMT,1979-12-13,0.139160007238388,0.139160007238388,0.1352539956569671,0.1352539956569671,0.0783378034830093,665600,False,-0.031970383233675743,0.02576094430679312,0.2575652450337,39,40,13
WMT,1979-12-14,0.1342770010232925,0.1342770010232925,0.1337890028953552,0.1342770010232925,0.0777719840407371,230400,False,-0.007249025560614724,0.02473859323340272,0.24734348834682157,40,40,13
WMT,1979-12-17,0.1342770010232925,0.1376949995756149,0.1342770010232925,0.1376949995756149,0.0797516480088234,2099200,True,0.025136142111091688,0.025523969146926853,0.2551959000131543,39,40,13
WMT,1979-12-18,0.1376949995756149,0.140625,0.1376949995756149,0.140625,0.0814486593008041,1510400,False,0.021055468378413208,0.023237251534078757,0.23233264720449134,40,40,13
WMT,1979-12-19,0.1386719942092895,0.1386719942092895,0.1376949995756149,0.1376949995756149,0.0797516480088234,563200,False,-0.021055468378413145,0.025265971350267962,0.25261636469320564,39,40,13
WMT,1979-12-20,0.1376949995756149,0.1386719942092895,0.1376949995756149,0.1376949995756149,0.0797516480088234,870400,False,0.0,0.01941036914498347,0.19407038909299196,42,40,13
WMT,1979-12-21,0.1396480053663253,0.1411129981279373,0.1396480053663253,0.140625,0.0814486593008041,1100800,False,0.021055468378413208,0.019590118109708166,0.19586757034506516,42,40,13
WMT,1979-12-24,0.1401370018720626,0.1401370018720626,0.1386719942092895,0.1386719942092895,0.0803174898028373,332800,True,-0.013985471516960037,0.019465319727213562,0.19461980063661716,42,40,13
WMT,1979-12-26,0.1323239952325821,0.1323239952325821,0.1313479989767074,0.1323239952325821,0.0766407921910286,102400,True,-0.046857932869380566,0.025187004645986798,0.2518268331335136,39,40,13
WMT,1979-12-27,0.1313479989767074,0.1313479989767074,0.1289059966802597,0.1298830062150955,0.0752269849181175,3097600,False,-0.018619461547308896,0.024994957318697653,0.24990668935608806,40,40,13
WMT,1979-12-28,0.1298830062150955,0.1308590024709701,0.129394993185997,0.1298830062150955,0.0752269849181175,128000,False,0.0,0.024994957318697653,0.24990668935608806,40,40,13
WMT,1979-12-31,0.1298830062150955,0.1303710043430328,0.1298830062150955,0.1298830062150955,0.0752269849181175,256000,True,0.0,0.01920334750881315,0.19200052791816596,42,40,13
WMT,1980-01-02,0.1308590024709701,0.1347659975290298,0.1308590024709701,0.1308590024709701,0.0757922977209091,691200,True,0.007486665721091853,0.021942057001299954,0.21938292404106244,41,40,13
WMT,1980-01-03,0.1308590024709701,0.1313479989767074,0.129394993185997,0.129394993185997,0.0749443173408508,1536000,False,-0.011251271965441926,0.010357561665169079,0.10355784619034522,45,48,16
WMT,1980-01-04,0.1303710043430328,0.1323239952325821,0.1303710043430328,0.1323239952325821,0.0766407921910286,921600,False,0.022384067791659065,0.012393051538049203,0.12390925263058718,45,48,16
WMT,1980-01-07,0.1323239952325821,0.1323239952325821,0.1308590024709701,0.1318359971046447,0.0763581618666648,409600,True,-0.003694543503100503,0.012774846293912423,0.12772654514422227,44,48,16
WMT,1980-01-08,0.1318359971046447,0.1347659975290298,0.1308590024709701,0.1342770010232925,0.0777719840407371,1971200,False,0.01834633739993621,0.014252457992255368,0.1425001269902885,44,48,16
WMT,1980-01-09,0.1347659975290298,0.1357419937849044,0.1347659975290298,0.1347659975290298,0.0780551135540008,665600,False,0.0036338971744867203,0.0143002717966928,0.14297818300055182,44,48,16
WMT,1980-01-10,0.1347659975290298,0.1376949995756149,0.1337890028953552,0.1376949995756149,0.0797516480088234,5043200,False,0.021502244936604933,0.011766099324835234,0.11764080615992367,45,48,16
WMT,1980-01-11,0.1372070014476776,0.1372070014476776,0.1357419937849044,0.1367190033197403,0.0791863650083541,691200,False,-0.007113281124989924,0.012873049829939687,0.12870841201675645,44,48,16
WMT,1980-01-14,0.1376949995756149,0.140625,0.1376949995756149,0.1386719942092895,0.0803174898028373,4966400,True,0.01418327798644298,0.011755779549934417,0.11753762611654613,45,48,16
WMT,1980-01-15,0.1386719942092895,0.1401370018720626,0.1367190033197403,0.1367190033197403,0.0791863650083541,4582400,False,-0.01418327798644306,0.014692826137338426,0.14690305290179884,44,48,16
WMT,1980-01-16,0.1372070014476776,0.1376949995756149,0.1372070014476776,0.1372070014476776,0.0794689580798149,204800,False,0.0035623559904738493,0.014692825274890456,0.14690304427879883,44,48,16
WMT,1980-01-17,0.1367190033197403,0.1367190033197403,0.1337890028953552,0.1337890028953552,0.0774893313646316,2713600,False,-0.025226213932252238,0.015299975655451081,0.1529735063969194,43,40,13
WMT,1980-01-18,0.1337890028953552,0.1337890028953552,0.1289059966802597,0.1289059966802597,0.0746610909700393,2073600,False,-0.037181181181866696,0.02086429669690664,0.20860717010973398,41,40,13
WMT,1980-01-21,0.1289059966802597,0.1289059966802597,0.1269530057907104,0.1269530057907104,0.0735299587249755,1203200,True,-0.015266161018117128,0.015054322939963088,0.1505174007082326,43,40,13
WMT,1980-01-22,0.1274410039186477,0.1298830062150955,0.1274410039186477,0.129394993185997,0.0749443173408508,1152000,False,0.019052477467165468,0.022479170719767013,0.22475313970009977,41,40,13
WMT,1980-01-23,0.1289059966802597,0.1289059966802597,0.1269530057907104,0.1289059966802597,0.0746610909700393,2790400,False,-0.003786316449048422,0.021507291046113108,0.2150360104168409,41,40,13
WMT,1980-01-24,0.1298830062150955,0.1323239952325821,0.1298830062150955,0.1323239952325821,0.0766407921910286,1408000,False,0.026170384240707417,0.025755923967358714,0.2575150502527488,39,40,13
WMT,1980-01-25,0.1328130066394806,0.1347659975290298,0.1328130066394806,0.1347659975290298,0.0780551135540008,998400,False,0.018285691071322576,0.01756684195403818,0.17563828012185845,42,40,13
WMT,1980-01-28,0.1347659975290298,0.1347659975290298,0.1347659975290298,0.1347659975290298,0.0780551135540008,25600,True,0.0,0.013069425166170621,0.130671828458038,44,48,16
WMT,1980-01-29,0.136230006814003,0.1381839960813522,0.136230006814003,0.1376949995756149,0.0797516480088234,4352000,False,0.021502244936604933,0.013443089558738611,0.13440783128797942,44,48,16
WMT,1980-01-30,0.1376949995756149,0.1386719942092895,0.1367190033197403,0.1376949995756149,0.0797516480088234,512000,False,0.0,0.012364283689033476,0.12362162349740846,45,48,16
WMT,1980-01-31,0.1386719942092895,0.139160007238388,0.1386719942092895,0.139160007238388,0.0806000977754592,153600,False,0.010582456467991153,0.010015814152266095,0.1001409573972856,45,48,16
WMT,1980-02-01,0.1386719942092895,0.1386719942092895,0.1381839960813522,0.1386719942092895,0.0803174898028373,384000,False,-0.0035124596065380636,0.010288314906058771,0.10286549740585858,45,48,16
WMT,1980-02-04,0.1372070014476776,0.1372070014476776,0.1337890028953552,0.1337890028953552,0.0774893313646316,742400,True,-0.03584713592822144,0.021570260962918506,0.21566560154745243,41,40,13
WMT,1980-02-05,0.1342770010232925,0.1381839960813522,0.1342770010232925,0.1381839960813522,0.0800348594784736,2022400,False,0.032322016174065875,0.02475652646503694,0.24752278989513074,40,40,13
WMT,1980-02-06,0.1376949995756149,0.1376949995756149,0.1376949995756149,0.1376949995756149,0.0797516480088234,1408000,False,-0.003544877107297577,0.02483254817222403,0.24828287653661146,40,40,13
WMT,1980-02-07,0.1376949995756149,0.1376949995756149,0.1367190033197403,0.1376949995756149,0.0797516480088234,844800,False,0.0,0.02414661328751401,0.2414247045475159,40,40,13
WMT,1980-02-08,0.1376949995756149,0.1376949995756149,0.136230006814003,0.136230006814003,0.0789030864834785,307200,False,-0.010697060123428116,0.024462161954855136,0.24457964983429809,40,40,13
WMT,1980-02-11,0.1357419937849044,0.1357419937849044,0.1337890028953552,0.1357419937849044,0.0786204114556312,307200,True,-0.003588992562639448,0.01690109855351693,0.1689819883321352,43,40,13
WMT,1980-02-12,0.1357419937849044,0.1367190033197403,0.1337890028953552,0.1337890028953552,0.0774893313646316,972800,False,-0.014491086380700811,0.0059355529478386845,0.05934534585432223,47,48,16
WMT,1980-02-13,0.1337890028953552,0.1337890028953552,0.1308590024709701,0.1337890028953552,0.0774893313646316,819200,False,0.0,0.006551236540116588,0.06550112544919018,47,48,16
WMT,1980-02-14,0.1337890028953552,0.1352539956569671,0.1337890028953552,0.1337890028953552,0.0774893313646316,896000,False,0.0,0.006551236540116588,0.06550112544919018,47,48,16
WMT,1980-02-15,0.1337890028953552,0.1347659975290298,0.1333010047674179,0.1347659975290298,0.0780551135540008,512000,False,0.007274894130163377,0.007944276759770703,0.07942913760759529,46,48,16
WMT,1980-02-19,0.1337890028953552,0.1337890028953552,0.1333010047674179,0.1337890028953552,0.0774893313646316,1612800,True,-0.00727489413016337,0.008274077543819165,0.08272657960910408,46,48,16
WMT,1980-02-20,0.1328130066394806,0.1328130066394806,0.1308590024709701,0.1318359971046447,0.0763581618666648,332800,False,-0.014705340444259626,0.008349338286287221,0.08347905790898114,46,48,16
WMT,1980-02-21,0.1308590024709701,0.1308590024709701,0.1289059966802597,0.1308590024709701,0.0757922977209091,972800,False,-0.007438252323116712,0.008356959140211104,0.08355525337312618,46,48,16
WMT,1980-02-22,0.1289059966802597,0.1289059966802597,0.1284179985523224,0.1284179985523224,0.0743784382939338,1971200,False,-0.018830582345344165,0.00995285173512244,0.09951144125042435,46,48,16
WMT,1980-02-25,0.127930000424385,0.127930000424385,0.1274410039186477,0.127930000424385,0.0740958601236343,588800,True,-0.0038064299949362402,0.006156773919846751,0.06155717602573507,47,48,16
WMT,1980-02-26,0.1269530057907104,0.1269530057907104,0.1264649927616119,0.1269530057907104,0.0735299587249755,102400,False,-0.007666737092326955,0.006109183514380151,0.06108135362189464,47,48,16
WMT,1980-02-27,0.1269530057907104,0.1269530057907104,0.1259769946336746,0.1269530057907104,0.0735299587249755,614400,False,0.0,0.00704085322831232,0.07039645229613607,47,48,16
WMT,1980-02-28,0.1269530057907104,0.127930000424385,0.1269530057907104,0.127930000424385,0.0740958601236343,1484800,False,0.0076667370923269845,0.009799879980362932,0.09798198615636253,46,48,16
WMT,1980-02-29,0.1274410039186477,0.1274410039186477,0.125,0.125,0.0723987743258476,1484800,False,-0.023170291917087717,0.011438535167269143,0.11436572658586008,45,48,16
WMT,1980-03-03,0.1240229979157447,0.1240229979157447,0.1215820014476776,0.1215820014476776,0.0704191252589225,691200,True,-0.027724478168098768,0.015041702929666728,0.1503912222574119,43,40,13
WMT,1980-03-04,0.1215820014476776,0.1215820014476776,0.120117001235485,0.120117001235485,0.0695706233382225,1152000,False,-0.0121224921129034,0.014987550366804285,0.1498497895383019,44,48,16
WMT,1980-03-05,0.120117001235485,0.1206049993634224,0.1191409975290298,0.120117001235485,0.0695706233382225,9472000,False,0.0,0.014987550366804285,0.1498497895383019,44,48,16
WMT,1980-03-06,0.120117001235485,0.1206049993634224,0.1176759973168373,0.1176759973168373,0.0681568086147308,4710400,False,-0.02053134030846799,0.010930760162795311,0.10928884773034381,45,48,16
WMT,1980-03-07,0.1171879991889,0.1171879991889,0.1162109971046447,0.1171879991889,0.0678741782903671,1587200,False,-0.004155387496350571,0.011418023549430206,0.11416064559923918,45,48,16
WMT,1980-03-10,0.1162109971046447,0.1162109971046447,0.1118159964680671,0.1142579987645149,0.0661771446466445,8448000,True,-0.02532051565960277,0.010663790365307376,0.10661960779536034,45,48,16
WMT,1980-03-11,0.1142579987645149,0.120117001235485,0.1113279983401298,0.1181640028953552,0.0684394389390945,6374400,False,0.03361409483769103,0.023216868871322977,0.23212885554745386,40,40,13
WMT,1980-03-12,0.1171879991889,0.1171879991889,0.1157229989767074,0.1171879991889,0.0678741782903671,4198400,False,-0.008293579178088303,0.023220333841128423,0.23216349930066202,40,40,13
WMT,1980-03-13,0.1166990026831626,0.1166990026831626,0.1152340024709701,0.1166990026831626,0.0675909593701362,1075200,False,-0.004181434984400773,0.021567744797307824,0.21564044420832917,41,40,13
WMT,1980-03-14,0.1157229989767074,0.1157229989767074,0.1142579987645149,0.1142579987645149,0.0661771446466445,3968000,False,-0.021139080675201965,0.023323479416011976,0.23319477808270644,40,40,13
WMT,1980-03-17,0.1142579987645149,0.1152340024709701,0.1132809966802597,0.1132809966802597,0.0656112805008888,7372800,True,-0.008587516280120354,0.020748688551032898,0.20745128699981202,41,40,13
WMT,1980-03-18,0.1137700006365776,0.1171879991889,0.1137700006365776,0.1157229989767074,0.0670256465673446,7193600,False,0.02132769071304281,0.015609294525252589,0.15606616439676468,43,40,13
WMT,1980-03-19,0.1157229989767074,0.1162109971046447,0.1152340024709701,0.1157229989767074,0.0670256465673446,5990400,False,0.0,0.015502483351531812,0.1549982359154134,43,40,13
WMT,1980-03-20,0.1152340024709701,0.1152340024709701,0.1142579987645149,0.1142579987645149,0.0661771446466445,2278400,False,-0.012740174432922451,0.01618962983693578,0.16186852183270597,43,40,13
WMT,1980-03-21,0.1142579987645149,0.1152340024709701,0.1132809966802597,0.1152340024709701,0.0667423978447914,1228800,False,0.008505244526785681,0.013682097967437115,0.1367975053084039,44,48,16
WMT,1980-03-24,0.1152340024709701,0.1162109971046447,0.1152340024709701,0.1152340024709701,0.0667423978447914,2483200,True,0.0,0.012560743666205833,0.12558588620288583,44,48,16
WMT,1980-03-25,0.1152340024709701,0.1152340024709701,0.1152340024709701,0.1152340024709701,0.0667423978447914,614400,False,0.0,0.0076003997062612716,0.07599095706212253,46,48,16
WMT,1980-03-26,0.1152340024709701,0.1157229989767074,0.1152340024709701,0.1157229989767074,0.0670256465673446,384000,False,0.004234929906136745,0.007946475010210757,0.07945111634045908,46,48,16
WMT,1980-03-27,0.1152340024709701,0.1152340024709701,0.1132809966802597,0.1132809966802597,0.0656112805008888,6118400,False,-0.021327690713042774,0.011515154360116804,0.11513178705884082,45,48,16
WMT,1980-03-28,0.1132809966802597,0.1132809966802597,0.1113279983401298,0.1113279983401298,0.0647034719586372,1740800,False,-0.013932777533770849,0.010890483304253537,0.10888614824790425,45,48,16
WMT,1980-03-31,0.1113279983401298,0.1113279983401298,0.1083979979157447,0.1113279983401298,0.0647034719586372,1254400,True,0.0,0.010890483304253538,0.10888614824790427,45,48,16
WMT,1980-04-01,0.1113279983401298,0.1147459968924522,0.1113279983401298,0.1147459968924522,0.066689983010292,2585600,False,0.0302398993996718,0.01988250098868232,0.19879089749370457,42,40,13
WMT,1980-04-02,0.1147459968924522,0.1147459968924522,0.1137700006365776,0.1142579987645149,0.0664063543081283,3532800,False,-0.004262012572473351,0.01977609468692321,0.1977270170373314,42,40,13
WMT,1980-04-03,0.1132809966802597,0.1132809966802597,0.1118159964680671,0.1132809966802597,0.0658385306596756,1126400,False,-0.008587510029066305,0.01730673919778427,0.17303769881743736,43,40,13
WMT,1980-04-07,0.1127929985523223,0.1127929985523223,0.112305000424385,0.1127929985523223,0.0655548647046089,384000,True,-0.004317818182441972,0.015738700641047373,0.15736000353272966,43,40,13
WMT,1980-04-08,0.1127929985523223,0.1127929985523223,0.112305000424385,0.112305000424385,0.065271221101284,3558400,False,-0.004336200170091376,0.01603545282618528,0.16032701624659104,43,40,13
WMT,1980-04-09,0.112305000424385,0.1132809966802597,0.112305000424385,0.1132809966802597,0.0658385306596756,2918400,False,0.008654018352533346,0.006542672482775372,0.06541549956912525,47,48,16
WMT,1980-04-10,0.1132809966802597,0.1157229989767074,0.112305000424385,0.1152340024709701,0.0669735744595527,1305600,False,0.017092891252830044,0.01076780127679052,0.10765953845874328,45,48,16
WMT,1980-04-11,0.1162109971046447,0.1206049993634224,0.1162109971046447,0.1196290031075477,0.0695279687643051,2432000,False,0.03743096934257584,0.017399801305461884,0.17396816022762007,43,40,13
WMT,1980-04-14,0.1206049993634224,0.1210940033197403,0.1206049993634224,0.1210940033197403,0.0703793764114379,768000,True,0.012171171663384498,0.015219325682901056,0.15216714504252096,43,40,13
WMT,1980-04-15,0.1206049993634224,0.1206049993634224,0.1186520010232925,0.1186520010232925,0.0689601451158523,2944000,False,-0.0203715408435481,0.020777200310067558,0.2077363556725535,41,40,13
WMT,1980-04-16,0.1186520010232925,0.1191409975290298,0.1181640028953552,0.1181640028953552,0.068676471710205,358400,False,-0.004122068877561523,0.021892812361003666,0.21889056212709465,41,40,13
WMT,1980-04-17,0.1181640028953552,0.1191409975290298,0.1176759973168373,0.1191409975290298,0.069244310259819,1459200,False,0.00823431755498885,0.021369726750717223,0.213660603481848,41,40,13
WMT,1980-04-18,0.1206049993634224,0.1215820014476776,0.1206049993634224,0.1210940033197403,0.0703793764114379,384000,False,0.01625929216612061,0.01485487824957728,0.14852329599149108,44,48,16
WMT,1980-04-21,0.1210940033197403,0.1215820014476776,0.1210940033197403,0.1215820014476776,0.0706630498170852,716800,True,0.00402253131539025,0.013938295287247573,0.13935903894894505,44,48,16
WMT,1980-04-22,0.1220699995756149,0.1240229979157447,0.1220699995756149,0.1240229979157447,0.0720817074179649,563200,False,0.019877497977765467,0.009597673139055702,0.09596026466942723,46,48,16
WMT,1980-04-23,0.125,0.1298830062150955,0.125,0.1298830062150955,0.0754875242710113,1203200,False,0.04616710031941527,0.016481191693985365,0.16478364017072644,43,40,13
WMT,1980-04-24,0.1313479989767074,0.1342770010232925,0.1313479989767074,0.1342770010232925,0.0780413448810577,1100800,False,0.03327134767616128,0.016227435889246352,0.162246517491994,43,40,13
WMT,1980-04-25,0.1342770010232925,0.1342770010232925,0.1318359971046447,0.1333010047674179,0.0774740874767303,3814400,False,-0.007295223522514563,0.021552484657072525,0.21548786898778818,41,40,13
WMT,1980-04-28,0.1333010047674179,0.1342770010232925,0.1323239952325821,0.1323239952325821,0.076906219124794,3532800,True,-0.007356779185445134,0.024016892400585108,0.24012771824026238,40,40,13
WMT,1980-04-29,0.1313479989767074,0.1313479989767074,0.1289059966802597,0.1289059966802597,0.0749196708202362,844800,False,-0.02617026230969916,0.03054655023942755,0.3054130936992739,37,40,13
WMT,1980-04-30,0.127930000424385,0.127930000424385,0.1264649927616119,0.1269530057907104,0.0737846493721008,128000,False,-0.015265776933331887,0.022517389555770925,0.22513526248810856,40,40,13
WMT,1980-05-01,0.1274410039186477,0.1303710043430328,0.1274410039186477,0.1303710043430328,0.0757711753249168,921600,False,0.026567240685232498,0.019728100498503175,0.19724715749672675,42,40,13
WMT,1980-05-02,0.129394993185997,0.129394993185997,0.1289059966802597,0.1289059966802597,0.0749196708202362,972800,False,-0.01130146375190064,0.019879497183023086,0.19876086459073952,42,40,13
WMT,1980-05-05,0.129394993185997,0.1328130066394806,0.129394993185997,0.1328130066394806,0.0771904587745666,3328000,True,0.029859374573658642,0.025692062370361382,0.256876543850073,39,40,13
WMT,1980-05-06,0.1337890028953552,0.1337890028953552,0.1337890028953552,0.1337890028953552,0.0777577012777328,102400,False,0.0073217395679649674,0.02082839634015025,0.20824822813638721,41,40,13
WMT,1980-05-07,0.1337890028953552,0.1367190033197403,0.1337890028953552,0.1357419937849044,0.0788927748799324,3993600,False,0.014492052569676952,0.016527149128208775,0.1652431356638226,43,40,13
WMT,1980-05-08,0.1352539956569671,0.1352539956569671,0.1337890028953552,0.1342770010232925,0.0780413448810577,6144000,False,-0.010850901693641741,0.017509849492068623,0.17506845328409024,42,40,13
WMT,1980-05-09,0.1342770010232925,0.1342770010232925,0.1328130066394806,0.1337890028953552,0.0777577012777328,665600,False,-0.003641150876035231,0.015888067105677944,0.1588534119110959,43,40,13
WMT,1980-05-12,0.1337890028953552,0.1337890028953552,0.1313479989767074,0.1313479989767074,0.0763390064239502,5580800,True,-0.018413565868723458,0.013314289232954834,0.13312004901277102,44,48,16
WMT,1980-05-13,0.1313479989767074,0.1313479989767074,0.1308590024709701,0.1313479989767074,0.0763390064239502,256000,False,0.0,0.01237201642165576,0.12369893755658731,45,48,16
WMT,1980-05-14,0.1303710043430328,0.1303710043430328,0.1289059966802597,0.1289059966802597,0.0749196708202362,32614400,False,-0.01876754827290018,0.008489067850032513,0.08487611381251871,46,48,16
WMT,1980-05-15,0.1289059966802597,0.1303710043430328,0.1289059966802597,0.1303710043430328,0.0757711753249168,281600,False,0.01130146375190069,0.012825421994427407,0.12823221537667792,44,48,16
WMT,1980-05-16,0.1303710043430328,0.1318359971046447,0.1298830062150955,0.1318359971046447,0.0766226276755333,665600,False,0.011174486020348472,0.015005200141166866,0.1500262570002221,43,40,13
WMT,1980-05-19,0.1318359971046447,0.1318359971046447,0.1303710043430328,0.1318359971046447,0.0766226276755333,870400,True,0.0,0.012268482389787169,0.12266377487116788,45,48,16
WMT,1980-05-20,0.1308590024709701,0.1308590024709701,0.1308590024709701,0.1308590024709701,0.0760547891259193,102400,False,-0.007438443480869524,0.012819525027389414,0.12817325582372022,44,48,16
WMT,1980-05-21,0.1308590024709701,0.1318359971046447,0.1269530057907104,0.1289059966802597,0.0749196708202362,10726400,False,-0.015037506291379581,0.011554752892596599,0.11552770444446413,45,48,16
WMT,1980-05-22,0.1289059966802597,0.1313479989767074,0.1274410039186477,0.1313479989767074,0.0763390064239502,1203200,False,0.018767548272900166,0.013669295512763725,0.13666950272683256,44,48,16
WMT,1980-05-23,0.1323239952325821,0.1328130066394806,0.1323239952325821,0.1328130066394806,0.0771904587745666,614400,False,0.011091826300758594,0.013654701785315693,0.1365235904908003,44,48,16
WMT,1980-05-27,0.1337890028953552,0.1352539956569671,0.1337890028953552,0.1337890028953552,0.0777577012777328,358400,True,0.0073217395679649674,0.013847978320121935,0.13845602423444633,44,48,16
WMT,1980-05-28,0.1337890028953552,0.1347659975290298,0.1337890028953552,0.1347659975290298,0.0783255025744438,512000,False,0.007275655386567516,0.012597822193250018,0.1259566078577246,44,48,16
WMT,1980-05-29,0.1347659975290298,0.1347659975290298,0.1337890028953552,0.1337890028953552,0.0777577012777328,15795200,False,-0.007275655386567524,0.009463622747244497,0.09461999074147917,46,48,16
WMT,1980-05-30,0.1337890028953552,0.1337890028953552,0.1313479989767074,0.1337890028953552,0.0777577012777328,5888000,False,0.0,0.007326235765984106,0.07324978804223253,47,48,16
WMT,1980-06-02,0.1328130066394806,0.1328130066394806,0.129394993185997,0.1318359971046447,0.0766226276755333,13363200,True,-0.014705164369374616,0.009550092403741564,0.09548453895052034,46,48,16
WMT,1980-06-03,0.1318359971046447,0.1337890028953552,0.1298830062150955,0.1333010047674179,0.0774740874767303,3251200,False,0.011051091722895213,0.010506764019254615,0.10504961374482544,45,48,16
WMT,1980-06-04,0.1337890028953552,0.1347659975290298,0.1337890028953552,0.1347659975290298,0.0783255025744438,5785600,False,0.010929728033046851,0.011300028800612028,0.11298090055456589,45,48,16
WMT,1980-06-05,0.1347659975290298,0.1357419937849044,0.1347659975290298,0.1357419937849044,0.0788927748799324,6297600,False,0.007216397183109312,0.010815497134233956,0.1081364152014282,45,48,16
WMT,1980-06-06,0.1357419937849044,0.1376949995756149,0.1352539956569671,0.1376949995756149,0.0800278484821319,3609600,False,0.014285029598333129,0.01170834968711778,0.11706340886376239,45,48,16
WMT,1980-06-09,0.1376949995756149,0.1381839960813522,0.1372070014476776,0.1376949995756149,0.0800278484821319,4531200,True,0.0,0.00546769808251843,0.05466759989938673,47,48,16
WMT,1980-06-10,0.1386719942092895,0.143555000424385,0.1386719942092895,0.1420899927616119,0.0825821831822395,4889600,False,0.03141927716177533,0.01169821416353131,0.11696207101740848,45,48,16
WMT,1980-06-11,0.1425780057907104,0.1464840024709701,0.1425780057907104,0.1459960043430328,0.0848524197936058,2355200,False,0.027119552472940737,0.013205027765948044,0.13202762180252609,44,48,16
WMT,1980-06-12,0.1464840024709701,0.1513669937849044,0.1464840024709701,0.1479489952325821,0.0859874263405799,4070400,False,0.013287570461970025,0.01245217890856957,0.12450042489100237,45,48,16
WMT,1980-06-13,0.1479489952325821,0.1494140028953552,0.1474609971046447,0.1489260047674179,0.0865552574396133,1459200,False,0.006581944091232892,0.013350551794259048,0.13348261241016196,44,48,16
WMT,1980-06-16,0.1489260047674179,0.1494140028953552,0.1484380066394806,0.1484380066394806,0.0864987596869468,1433600,True,-0.0006529493578004157,0.01354408245627342,0.13541758698988346,44,48,16
WMT,1980-06-17,0.1499020010232925,0.1533199995756149,0.1499020010232925,0.1533199995756149,0.0893435701727867,5632000,False,0.03235920180825916,0.013823035720864126,0.13820664103586847,44,48,16
WMT,1980-06-18,0.1533199995756149,0.1533199995756149,0.1508789956569671,0.151855006814003,0.0884899497032165,691200,False,-0.009600293874427252,0.015868233793685134,0.15865511281916736,43,40,13
WMT,1980-06-19,0.1503909975290298,0.1503909975290298,0.1484380066394806,0.1484380066394806,0.0864987596869468,1715200,False,-0.022758907933832,0.020578928602200255,0.20575397876851176,41,40,13
WMT,1980-06-20,0.1474609971046447,0.1474609971046447,0.1474609971046447,0.1474609971046447,0.0859294533729553,5120000,False,-0.006603424957138892,0.02055937769530234,0.20555850324300998,41,40,13
WMT,1980-06-23,0.1474609971046447,0.1474609971046447,0.1469729989767074,0.1474609971046447,0.0859294533729553,512000,True,0.0,0.020567788234368556,0.2056425942037161,41,40,13
WMT,1980-06-24,0.1484380066394806,0.1503909975290298,0.1484380066394806,0.1503909975290298,0.0876367688179016,10368000,False,0.019673995243608643,0.01554344380783622,0.15540777020263108,43,40,13
WMT,1980-06-25,0.1503909975290298,0.151855006814003,0.1499020010232925,0.151855006814003,0.0884899497032165,1203200,False,0.009688337647362365,0.0161439081910179,0.16141138381812326,43,40,13
WMT,1980-06-26,0.151855006814003,0.1523440033197403,0.151855006814003,0.1523440033197403,0.0887748748064041,3276800,False,0.0032146857037049104,0.00999929856619261,0.09997582987233028,46,48,16
WMT,1980-06-27,0.1513669937849044,0.1513669937849044,0.1503909975290298,0.1513669937849044,0.0882055088877677,1766400,False,-0.006434248486094069,0.009949558371847895,0.09947851326809998,46,48,16
WMT,1980-06-30,0.1503909975290298,0.1503909975290298,0.1499020010232925,0.1499020010232925,0.0873518213629722,1177600,True,-0.009725532422617545,0.011972307371859867,0.11970253283916714,45,48,16
WMT,1980-07-01,0.1499020010232925,0.1499020010232925,0.1479489952325821,0.1484380066394806,0.0864987596869468,1792000,False,-0.009813812728825163,0.008693770525221675,0.08692278935617287,46,48,16
WMT,1980-07-02,0.1494140028953552,0.1513669937849044,0.1494140028953552,0.1494140028953552,0.087067499756813,2585600,False,0.006553602149274417,0.0076331181857585756,0.07631808572202305,46,48,16
WMT,1980-07-03,0.1484380066394806,0.1484380066394806,0.1484380066394806,0.1484380066394806,0.0864987596869468,1792000,False,-0.0065536021492743676,0.006768868881375696,0.06767707547012472,47,48,16
WMT,1980-07-07,0.1484380066394806,0.1523440033197403,0.1474609971046447,0.151855006814003,0.0884899497032165,1510400,True,0.022758907933832076,0.01407738502777148,0.14074969771801304,44,48,16
WMT,1980-07-08,0.1523440033197403,0.1538089960813522,0.1523440033197403,0.1528320014476776,0.0890592560172081,4684800,False,0.006412963243541207,0.012906949921094783,0.1290473547659446,44,48,16
WMT,1980-07-09,0.1528320014476776,0.1538089960813522,0.1528320014476776,0.1528320014476776,0.0890592560172081,793600,False,0.0,0.0108948815570406,0.10893012322969563,45,48,16
WMT,1980-07-10,0.1528320014476776,0.1542969942092895,0.1523440033197403,0.1523440033197403,0.0887748748064041,10496000,False,-0.0031982775398365073,0.011584962822292922,0.11582975191027199,45,48,16
WMT,1980-07-11,0.1523440033197403,0.15625,0.1503909975290298,0.15625,0.0910509601235389,2688000,False,0.025315682538834736,0.013077545444323112,0.13075301730760733,44,48,16
WMT,1980-07-14,0.1572269946336746,0.1621090024709701,0.1572269946336746,0.1616210043430328,0.0941807851195335,1254400,True,0.033796830020683226,0.016259832794114658,0.16257043095732993,43,40,13
WMT,1980-07-15,0.1616210043430328,0.1625979989767074,0.1601559966802597,0.1625979989767074,0.0947501584887504,6784000,False,0.006027335512768435,0.016296591840428285,0.162937958352996,43,40,13
WMT,1980-07-16,0.1640630066394806,0.1699219942092895,0.1640630066394806,0.1684570014476776,0.098164327442646,3123200,False,0.03539936836681597,0.017231735679196412,0.17228779231504346,43,40,13
WMT,1980-07-17,0.1684570014476776,0.1689449995756149,0.1679690033197403,0.1684570014476776,0.098164327442646,5734400,False,0.0,0.016209000181761118,0.16206219204727218,43,40,13
WMT,1980-07-18,0.1684570014476776,0.1699219942092895,0.1679690033197403,0.1699219942092895,0.0990180298686027,1638400,False,0.008659068405210007,0.016578533147856594,0.165756887700774,43,40,13
WMT,1980-07-21,0.1699219942092895,0.1699219942092895,0.1684570014476776,0.1694339960813522,0.0987336710095405,1459200,True,-0.0028759201947877603,0.015222848040805884,0.15220236257826225,43,40,13
WMT,1980-07-22,0.1679690033197403,0.1679690033197403,0.1635739952325821,0.1655270010232925,0.0964569523930549,3046400,False,-0.02332921361644855,0.021312377776906942,0.21308721213733967,41,40,13
WMT,1980-07-23,0.1650390028953552,0.1650390028953552,0.1630859971046447,0.1635739952325821,0.0953188836574554,819200,False,-0.011868878989262284,0.012199642292716672,0.12197549200936958,45,48,16
WMT,1980-07-24,0.1640630066394806,0.1655270010232925,0.1640630066394806,0.1650390028953552,0.0961725562810897,640000,False,0.008916098591720389,0.013818729656503664,0.13816358778017548,44,48,16
WMT,1980-07-25,0.1650390028953552,0.1665039956569671,0.1640630066394806,0.1640630066394806,0.0956038385629654,896000,False,-0.005931067645328176,0.01185137609509564,0.1184934275532323,45,48,16
WMT,1980-07-28,0.1640630066394806,0.1699219942092895,0.1630859971046447,0.1679690033197403,0.0978799909353256,2252800,True,0.023529174380842663,0.01829164386629481,0.18288505570228797,42,40,13
WMT,1980-07-29,0.1679690033197403,0.1699219942092895,0.1679690033197403,0.1699219942092895,0.0990180298686027,588800,False,0.011559807473263616,0.014190261222248314,0.141878266001173,44,48,16
WMT,1980-07-30,0.1699219942092895,0.1708980053663253,0.1689449995756149,0.1699219942092895,0.0990180298686027,1152000,False,0.0,0.011313702789397483,0.11311761698196739,45,48,16
WMT,1980-07-31,0.1699219942092895,0.1713870018720626,0.1699219942092895,0.1713870018720626,0.0998717471957206,281600,False,0.008584881364676675,0.011305145109441994,0.11303205486481804,45,48,16
WMT,1980-08-01,0.1713870018720626,0.1713870018720626,0.1679690033197403,0.1684570014476776,0.098164327442646,14412800,False,-0.017243949769886715,0.0151541836021589,0.15151583599932206,43,40,13
WMT,1980-08-04,0.1679690033197403,0.1679690033197403,0.1660159975290298,0.1660159975290298,0.0967418849468231,819200,True,-0.014596433159007504,0.013137552563571596,0.1313529855459194,44,48,16
WMT,1980-08-05,0.1655270010232925,0.1655270010232925,0.1650390028953552,0.1655270010232925,0.0964569523930549,2585600,False,-0.0029496322470187676,0.010670852536899648,0.10669021739472016,45,48,16
WMT,1980-08-06,0.1655270010232925,0.1679690033197403,0.1645510047674179,0.1679690033197403,0.0978799909353256,1996800,False,0.014645326337972626,0.013969340865373025,0.13966944146532276,44,48,16
WMT,1980-08-07,0.1679690033197403,0.1713870018720626,0.1669919937849044,0.1713870018720626,0.0998717471957206,640000,False,0.02014468883794019,0.01687752993589086,0.16874634259253538,43,40,13
WMT,1980-08-08,0.171875,0.1767580062150955,0.171875,0.1757809966802597,0.1024323180317878,3865600,False,0.025315433789228434,0.016738139274062355,0.1673526751267119,43,40,13
WMT,1980-08-11,0.1767580062150955,0.1796880066394806,0.1767580062150955,0.1796880066394806,0.1047088950872421,1689600,True,0.02198180352953471,0.011186070455830593,0.11184151262500443,45,48,16
WMT,1980-08-12,0.1816409975290298,0.1870120018720626,0.1816409975290298,0.1845699995756149,0.1075538098812103,1792000,False,0.026807207244257496,0.004779922440290947,0.04779102349330295,48,48,16
WMT,1980-08-13,0.1845699995756149,0.1845699995756149,0.1821289956569671,0.1835940033197403,0.1069850474596023,4147200,False,-0.005302198036660786,0.013174858299443731,0.13172597889921567,44,48,16
WMT,1980-08-14,0.1855469942092895,0.1875,0.1855469942092895,0.1865230053663253,0.1086918339133262,998400,False,0.015827584984051766,0.013123274255456369,0.13121022696205042,44,48,16
WMT,1980-08-15,0.1884769946336746,0.1962890028953552,0.1884769946336746,0.1928710043430328,0.1123910546302795,2406400,False,0.03346768283992242,0.014822573132887215,0.1482003002504567,44,48,16
WMT,1980-08-18,0.1914059966802597,0.1914059966802597,0.1879879981279373,0.1879879981279373,0.10954549908638,1280000,True,-0.025644369428701314,0.024326736271361588,0.24322562534911357,40,40,13
WMT,1980-08-19,0.1879879981279373,0.1879879981279373,0.1835940033197403,0.1835940033197403,0.1069850474596023,3020800,False,-0.023650898395272756,0.02554450803311858,0.2554012536365188,39,40,13
WMT,1980-08-20,0.1826169937849044,0.1826169937849044,0.1777340024709701,0.1782229989767074,0.1038551703095436,1510400,False,-0.029691745923828144,0.02869179647653835,0.28686873827012294,38,40,13
WMT,1980-08-21,0.1787109971046447,0.1840820014476776,0.1787109971046447,0.1835940033197403,0.1069850474596023,1049600,False,0.029691745923828058,0.03182051828497507,0.31815058840865934,37,40,13
WMT,1980-08-22,0.1884769946336746,0.1894530057907104,0.1884769946336746,0.1884769946336746,0.1098304688930511,844800,False,0.026248903724503517,0.029845335470583795,0.29840214908452756,38,40,13
WMT,1980-08-25,0.1909179985523224,0.1962890028953552,0.1909179985523224,0.1962890028953552,0.114382728934288,1459200,True,0.0406121116411324,0.03273946496159273,0.327338478538662,36,32,10
WMT,1980-08-26,0.1953130066394806,0.1953130066394806,0.1923830062150955,0.1948239952325821,0.1135290116071701,4249600,False,-0.007491683561504742,0.029379967331126872,0.29374926612175156,38,40,13
WMT,1980-08-27,0.1933590024709701,0.1933590024709701,0.1923830062150955,0.1928710043430328,0.1123910546302795,7219200,False,-0.010074063980157052,0.023074719685178022,0.2307076075712641,40,40,13
WMT,1980-08-28,0.191894993185997,0.191894993185997,0.1894530057907104,0.1909179985523224,0.1112529709935188,1561600,False,-0.01017772290318132,0.023945303431570843,0.23941195137526408,40,40,13
WMT,1980-08-29,0.1899410039186477,0.1899410039186477,0.1884769946336746,0.1884769946336746,0.1100559383630752,665600,False,-0.010817859141507727,0.0225095906121482,0.22505728643252346,40,40,13
WMT,1980-09-02,0.1875,0.1875,0.186035007238388,0.1875,0.1094853952527046,537600,True,-0.005197603434509281,0.0023595786275876327,0.023591737948465988,49,48,16
WMT,1980-09-03,0.1875,0.1909179985523224,0.1875,0.1899410039186477,0.1109107956290245,4480000,False,0.012935071562973762,0.010093957817671832,0.10092225998031057,45,48,16
WMT,1980-09-04,0.1909179985523224,0.1943359971046447,0.1909179985523224,0.1909179985523224,0.1114812269806861,3456000,False,0.005129973602047844,0.010344643225668254,0.10342868395949463,45,48,16
WMT,1980-09-05,0.1914059966802597,0.1914059966802597,0.1914059966802597,0.1914059966802597,0.1117662116885185,5888000,False,0.0025530851716030166,0.009218936993431747,0.09217355301052932,46,48,16
WMT,1980-09-08,0.1914059966802597,0.1928710043430328,0.1899410039186477,0.1923830062150955,0.1123367547988891,1305600,True,0.005091805360670602,0.00649887216584603,0.06497757154800511,47,48,16
WMT,1980-09-09,0.1923830062150955,0.1938479989767074,0.1914059966802597,0.1914059966802597,0.1117662116885185,5913600,False,-0.005091805360670532,0.006461084532350988,0.06459976004527121,47,48,16
WMT,1980-09-10,0.1914059966802597,0.1938479989767074,0.1899410039186477,0.1938479989767074,0.1131921634078025,1945600,False,0.012677641516367391,0.00637375101236761,0.06372657468349692,47,48,16
WMT,1980-09-11,0.1938479989767074,0.1972659975290298,0.1938479989767074,0.1972659975290298,0.1151879802346229,3993600,False,0.017478469050600357,0.008812099425688518,0.08810587534402907,46,48,16
WMT,1980-09-12,0.2006839960813522,0.2055660039186477,0.2006839960813522,0.2050780057907104,0.1197496652603149,5657600,False,0.03883803638909919,0.01638922699637,0.16386415097834053,43,40,13
WMT,1980-09-15,0.2070309966802597,0.2119140028953552,0.2070309966802597,0.2109380066394806,0.1231714114546775,3840000,True,0.028173533324659057,0.016573274108479828,0.16570430632993655,43,40,13
WMT,1980-09-16,0.2109380066394806,0.2158199995756149,0.2099609971046447,0.2158199995756149,0.1260221600532531,1664000,False,0.022880790635259027,0.010118844197441213,0.10117108108045991,45,48,16
WMT,1980-09-17,0.2158199995756149,0.2158199995756149,0.2138669937849044,0.214355006814003,0.1251665949821472,7552000,False,-0.006812155102697894,0.016993856043262145,0.16990940408562671,43,40,13
WMT,1980-09-18,0.2128909975290298,0.2128909975290298,0.2114260047674179,0.2124020010232925,0.1240262761712074,1664000,False,-0.009152162060438314,0.02157989831021161,0.2157619584855934,41,40,13
WMT,1980-09-19,0.2128909975290298,0.2148440033197403,0.2128909975290298,0.214355006814003,0.1251665949821472,793600,False,0.009152162060438392,0.01687997524403077,0.168770791478521,43,40,13
WMT,1980-09-22,0.2128909975290298,0.2128909975290298,0.2094729989767074,0.2119140028953552,0.1237412467598915,716800,True,-0.011452944129693499,0.014700078110433832,0.1469755601905477,44,48,16
WMT,1980-09-23,0.2109380066394806,0.2109380066394806,0.2080080062150955,0.2080080062150955,0.1214604824781417,614400,False,-0.018603702910871375,0.010238842400905423,0.1023708572342678,45,48,16
WMT,1980-09-24,0.203125,0.203125,0.1967770010232925,0.1977539956569671,0.1154729649424552,6784000,False,-0.050552529981858475,0.02179898068439859,0.21795240634798618,41,40,13
WMT,1980-09-25,0.1972659975290298,0.1972659975290298,0.1962890028953552,0.1972659975290298,0.1151879802346229,128000,False,-0.0024710282238959687,0.022525668224304,0.22521803496973347,40,40,13
WMT,1980-09-26,0.1958010047674179,0.1958010047674179,0.1953130066394806,0.1953130066394806,0.1140476688742637,153600,False,-0.009948895562224983,0.01875519769785592,0.18751979869891264,42,40,13
WMT,1980-09-29,0.1948239952325821,0.1948239952325821,0.190430000424385,0.1933590024709701,0.1129065304994583,358400,True,-0.01005619631277644,0.0188982275245503,0.18894985156968225,42,40,13
WMT,1980-09-30,0.1933590024709701,0.1958010047674179,0.1923830062150955,0.1953130066394806,0.1140476688742637,1612800,False,0.010056196312776388,0.022747488722978812,0.22743585937920627,40,40,13
WMT,1980-10-01,0.1967770010232925,0.2050780057907104,0.1967770010232925,0.2050780057907104,0.1197496652603149,1203200,False,0.04878693195132421,0.024611956162600722,0.24607733490993589,40,40,13
WMT,1980-10-02,0.2070309966802597,0.2109380066394806,0.2070309966802597,0.2109380066394806,0.1231714114546775,870400,False,0.028173533324659057,0.025382264012439485,0.2537790917916813,39,40,13
WMT,1980-10-03,0.2119140028953552,0.214355006814003,0.2119140028953552,0.2119140028953552,0.1237412467598915,640000,False,0.004615691402867507,0.02272959313983131,0.2272569342511708,40,40,13
WMT,1980-10-06,0.2119140028953552,0.2128909975290298,0.2109380066394806,0.2114260047674179,0.1234563812613487,921600,True,-0.0023047601784986584,0.020650499706721535,0.2064695670192303,41,40,13
WMT,1980-10-07,0.2094729989767074,0.2094729989767074,0.2084960043430328,0.2084960043430328,0.1217454373836517,409600,False,-0.01395561954298317,0.025209414951289928,0.2520508977371997,39,40,13
WMT,1980-10-08,0.2084960043430328,0.2109380066394806,0.2070309966802597,0.2109380066394806,0.1231714114546775,3430400,False,0.011644688318614285,0.01574780138201542,0.1574509953282752,43,40,13
WMT,1980-10-09,0.2109380066394806,0.2114260047674179,0.2104489952325821,0.2109380066394806,0.1231714114546775,947200,False,0.0,0.009446885855575411,0.09445265054026171,46,48,16
WMT,1980-10-10,0.2109380066394806,0.2128909975290298,0.2109380066394806,0.2128909975290298,0.1243117675185203,691200,False,0.009215690046752411,0.010202535810763443,0.10200785362403944,45,48,16
WMT,1980-10-13,0.2128909975290298,0.2128909975290298,0.2114260047674179,0.2128909975290298,0.1243117675185203,1484800,True,0.0,0.010071641959295179,0.10069913968384674,45,48,16
WMT,1980-10-14,0.2128909975290298,0.2128909975290298,0.2119140028953552,0.2124020010232925,0.1240262761712074,5990400,False,-0.0022992165746297225,0.006263201268683905,0.06262126691677823,47,48,16
WMT,1980-10-15,0.2128909975290298,0.214355006814003,0.2128909975290298,0.2128909975290298,0.1243117675185203,2483200,False,0.002299216574629682,0.0044304612667411345,0.04429701132809724,48,48,16
WMT,1980-10-16,0.2114260047674179,0.2114260047674179,0.2099609971046447,0.2099609971046447,0.1226008906960487,921600,False,-0.01385837580435397,0.008414948164989939,0.08413504412918504,46,48,16
WMT,1980-10-17,0.2099609971046447,0.2114260047674179,0.2041019946336746,0.2041019946336746,0.1191796958446502,2150400,False,-0.02830188528467751,0.012729164949995785,0.12726981008050586,44,48,16
WMT,1980-10-20,0.203125,0.203125,0.1997070014476776,0.201660007238388,0.1177537366747856,512000,True,-0.01203693688706593,0.01184319087331421,0.11841158937879734,45,48,16
WMT,1980-10-21,0.201660007238388,0.2041019946336746,0.2006839960813522,0.2006839960813522,0.1171839162707328,8294400,False,-0.004850831820767186,0.01143099455437897,0.11429033339438265,45,48,16
WMT,1980-10-22,0.2001949995756149,0.2001949995756149,0.1992190033197403,0.2001949995756149,0.1168982684612274,4505600,False,-0.0024405783090161327,0.010139728136161475,0.1013798846371034,45,48,16
WMT,1980-10-23,0.1997070014476776,0.1997070014476776,0.1997070014476776,0.1997070014476776,0.1166132986545562,435200,False,-0.002440735177783414,0.010953405674393183,0.10951526399343403,45,48,16
WMT,1980-10-24,0.2001949995756149,0.2050780057907104,0.2001949995756149,0.2050780057907104,0.1197496652603149,2227200,False,0.02654011991225273,0.014833723693355526,0.14831178672413095,44,48,16
WMT,1980-10-27,0.2041019946336746,0.2041019946336746,0.2006839960813522,0.2011719942092895,0.1174687668681144,665600,True,-0.019230956605104387,0.016646904131047816,0.16644048022863792,43,40,13
WMT,1980-10-28,0.2001949995756149,0.2001949995756149,0.1972659975290298,0.2001949995756149,0.1168982684612274,4812800,False,-0.0048684281293649165,0.016648059763445362,0.16645203456989568,43,40,13
WMT,1980-10-29,0.2001949995756149,0.2011719942092895,0.1992190033197403,0.2011719942092895,0.1174687668681144,128000,False,0.0048684281293649816,0.016754310725330335,0.167514361894044,43,40,13
WMT,1980-10-30,0.2011719942092895,0.2011719942092895,0.1997070014476776,0.2001949995756149,0.1168982684612274,2918400,False,-0.0048684281293649165,0.01691242883662,0.16909527172380706,43,40,13
WMT,1980-10-31,0.1992190033197403,0.1992190033197403,0.1967770010232925,0.1972659975290298,0.1151879802346229,4787200,False,-0.014738651654630019,0.00944038807179193,0.09438768385067,46,48,16
WMT,1980-11-03,0.1962890028953552,0.1962890028953552,0.1958010047674179,0.1962890028953552,0.1146175786852836,640000,True,-0.004964220390575857,0.00693228597905042,0.06931096607227114,47,48,16
WMT,1980-11-05,0.1982419937849044,0.2011719942092895,0.1982419937849044,0.2011719942092895,0.1174687668681144,3174400,True,0.024571300174570678,0.014902038412269641,0.14899481670575637,44,48,16
WMT,1980-11-06,0.2011719942092895,0.2011719942092895,0.2001949995756149,0.2001949995756149,0.1168982684612274,102400,False,-0.0048684281293649165,0.014902038412269622,0.1489948167057562,44,48,16
WMT,1980-11-07,0.2001949995756149,0.2021480053663253,0.1992190033197403,0.1992190033197403,0.1163284555077552,3020800,False,-0.004886353309208941,0.01490321173717546,0.14900654794174184,44,48,16
WMT,1980-11-10,0.1992190033197403,0.1992190033197403,0.1972659975290298,0.198730006814003,0.1160429194569587,2944000,True,-0.0024575849288930008,0.012952544960822383,0.12950322693584265,44,48,16
WMT,1980-11-11,0.1992190033197403,0.2006839960813522,0.1992190033197403,0.1997070014476776,0.1166132986545562,896000,False,0.004903203060318568,0.012468076069201717,0.1246593692225764,45,48,16
WMT,1980-11-12,0.1992190033197403,0.1992190033197403,0.198730006814003,0.1992190033197403,0.1163284555077552,1817600,False,-0.002445618131425558,0.004018988084970959,0.04018298547464729,48,48,16
WMT,1980-11-13,0.2021480053663253,0.2036129981279373,0.2021480053663253,0.203125,0.1186091303825378,4915200,False,0.01941576535367685,0.009933400752487633,0.09931696479611365,46,48,16
WMT,1980-11-14,0.2041019946336746,0.2109380066394806,0.2041019946336746,0.2109380066394806,0.1231714114546775,11929600,False,0.03774350601466038,0.017205884907889244,0.17202932895412212,43,40,13
WMT,1980-11-17,0.2109380066394806,0.2119140028953552,0.2109380066394806,0.2109380066394806,0.1231714114546775,3353600,True,0.0,0.016738673244094983,0.16735801391090616,43,40,13
WMT,1980-11-18,0.2109380066394806,0.21875,0.2109380066394806,0.21875,0.1277330666780471,13158400,False,0.03636569554202414,0.0191761537856834,0.19172863734312035,42,40,13
WMT,1980-11-19,0.2197269946336746,0.2226559966802597,0.2197269946336746,0.2207030057907104,0.1288733631372451,4992000,False,0.008887571257727227,0.01662326179528336,0.1662040974341324,43,40,13
WMT,1980-11-20,0.2207030057907104,0.2207030057907104,0.2177730053663253,0.2207030057907104,0.1288733631372451,1510400,False,0.0,0.019028479457603106,0.19025214742705937,42,40,13
WMT,1980-11-21,0.2207030057907104,0.2226559966802597,0.21875,0.221680000424385,0.1294438689947128,8985600,False,0.004417102028725608,0.015227724859094871,0.15225112239399838,43,40,13
WMT,1980-11-24,0.2202149927616119,0.2202149927616119,0.21875,0.21875,0.1277330666780471,2380800,True,-0.013304673286452818,0.01825845758995527,0.18255324987656382,42,40,13
WMT,1980-11-25,0.21875,0.21875,0.2167969942092895,0.21875,0.1277330666780471,1843200,False,0.0,0.008299307869524729,0.08297883957850745,46,48,16
WMT,1980-11-26,0.21875,0.21875,0.2182620018720626,0.21875,0.1277330666780471,332800,False,0.0,0.006721743394001367,0.06720590144954734,47,48,16
WMT,1980-11-28,0.21875,0.2197269946336746,0.21875,0.2197269946336746,0.12830351293087,11468800,True,0.004455982013051898,0.007287885506876775,0.07286635124867209,47,48,16
WMT,1980-12-01,0.2207030057907104,0.2221679985523224,0.2207030057907104,0.2221679985523224,0.1297288388013839,3174400,True,0.011047764809618518,0.00891566079106056,0.08914131131758694,46,48,16
WMT,1980-12-02,0.221680000424385,0.221680000424385,0.2207030057907104,0.2207030057907104,0.1288733631372451,1305600,False,-0.006616175564943051,0.0065169946586448105,0.06515876538324464,47,48,16
WMT,1980-12-03,0.221680000424385,0.221680000424385,0.221680000424385,0.221680000424385,0.1294438689947128,128000,False,0.004417102028725608,0.006515185841090371,0.06514068031108726,47,48,16
WMT,1980-12-04,0.221680000424385,0.221680000424385,0.2192379981279373,0.2192379981279373,0.1280179023742675,1433600,False,-0.011077226680530128,0.009040272391955734,0.09038721353050169,46,48,16
WMT,1980-12-05,0.2177730053663253,0.2177730053663253,0.2148440033197403,0.2148440033197403,0.1254521459341049,1740800,False,-0.020245737881006073,0.01241887613714781,0.12416745431432653,45,48,16
WMT,1980-12-08,0.2138669937849044,0.2138669937849044,0.2099609971046447,0.2114260047674179,0.1234563812613487,384000,True,-0.016036473042571976,0.009511028927941582,0.09509397121369878,46,48,16
WMT,1980-12-09,0.2114260047674179,0.2119140028953552,0.2080080062150955,0.2089840024709701,0.1220303475856781,1408000,False,-0.011618141012974578,0.009339247704488839,0.09337645370409696,46,48,16
WMT,1980-12-10,0.2089840024709701,0.2094729989767074,0.2084960043430328,0.2084960043430328,0.1217454373836517,1689600,False,-0.0023374785300084664,0.006676471388555465,0.06675325906823659,47,48,16
WMT,1980-12-11,0.2070309966802597,0.2070309966802597,0.2021480053663253,0.2026370018720626,0.1183242872357368,1152000,False,-0.02850323398221353,0.009745597439443573,0.09743925387968663,46,48,16
WMT,1980-12-12,0.2011719942092895,0.2011719942092895,0.1982419937849044,0.2001949995756149,0.1168982684612274,15641600,False,-0.012124995758300589,0.009481789897176544,0.09480163107143315,46,48,16
WMT,1980-12-15,0.2001949995756149,0.2011719942092895,0.1992190033197403,0.1992190033197403,0.1163284555077552,3891200,True,-0.004886353309208941,0.010203312273940215,0.10201561692362984,45,48,16
WMT,1980-12-16,0.1992190033197403,0.1992190033197403,0.1953130066394806,0.1953130066394806,0.1140476688742637,3046400,False,-0.01980119390764602,0.010787548478273647,0.1078569765933147,45,48,16
WMT,1980-12-17,0.1953130066394806,0.1953130066394806,0.1933590024709701,0.1943359971046447,0.1134770885109901,2099200,False,-0.005015555809815412,0.010139897986838018,0.10138158285245615,45,48,16
WMT,1980-12-18,0.1953130066394806,0.1972659975290298,0.1953130066394806,0.1972659975290298,0.1151879802346229,3110400,False,0.01496445137204044,0.012920320675700375,0.12918103937180614,44,48,16
WMT,1980-12-19,0.1972659975290298,0.1972659975290298,0.1953130066394806,0.1962890028953552,0.1146175786852836,6028800,False,-0.004964220390575857,0.012369894749940527,0.12367772447958568,45,48,16
WMT,1980-12-22,0.1972659975290298,0.2109380066394806,0.1972659975290298,0.2099609971046447,0.1226008906960487,2112000,True,0.0673331043467326,0.03408801093246716,0.3408216245480219,36,32,10
WMT,1980-12-23,0.21875,0.2412109971046447,0.21875,0.234375,0.137367695569992,2854400,False,0.11372695131189252,0.05200666330086343,0.5199774052125781,29,32,10
WMT,1980-12-24,0.234375,0.2353519946336746,0.2304690033197403,0.2314449995756149,0.1356504559516906,563200,False,-0.012579839509614405,0.053626819421644684,0.5361761867196609,28,32,10
WMT,1980-12-26,0.2314449995756149,0.2314449995756149,0.2314449995756149,0.2314449995756149,0.1356504559516906,243200,True,0.0,0.05545936816279321,0.5544985300285454,27,24,8
WMT,1980-12-29,0.2314449995756149,0.2333980053663253,0.2285159975290298,0.2294919937849044,0.1345058679580688,2739200,True,-0.008473574304237473,0.05607404732216673,0.5606442670176744,27,24,8
WMT,1980-12-30,0.2294919937849044,0.2294919937849044,0.2275390028953552,0.2285159975290298,0.1339337527751922,345600,False,-0.004262530602238038,0.05389513247349842,0.5388588568936817,28,32,10
WMT,1980-12-31,0.2285159975290298,0.2363280057907104,0.2265630066394806,0.2363280057907104,0.1385124325752258,3814400,False,0.03361479205576722,0.018468913484794357,0.18465744774592227,42,40,13
WMT,1981-01-02,0.2392580062150955,0.2480469942092895,0.2392580062150955,0.2470699995756149,0.1448083072900772,1856000,True,0.044450761609017224,0.024198180232125527,0.2419402855202601,40,40,13
WMT,1981-01-05,0.2480469942092895,0.2734380066394806,0.2480469942092895,0.2626950144767761,0.1539661139249801,5824000,True,0.0613216896594155,0.030610629409500805,0.3060537754594189,37,40,13
WMT,1981-01-06,0.2646479904651642,0.2714839875698089,0.2646479904651642,0.2685549855232239,0.1574007719755172,4608000,False,0.022062701763911327,0.02464512830645961,0.2464089994351006,40,40,13
WMT,1981-01-07,0.265625,0.265625,0.2480469942092895,0.265625,0.1556834727525711,5030400,False,-0.010970315335867205,0.027131443515214147,0.27126788575337146,39,40,13
WMT,1981-01-08,0.265625,0.265625,0.2578130066394806,0.2578130066394806,0.1511047780513763,4761600,False,-0.029851434619756777,0.03781590982595254,0.37809421752933675,34,32,10
WMT,1981-01-09,0.2539060115814209,0.2539060115814209,0.2402340024709701,0.2412109971046447,0.1413743495941162,2419200,False,-0.06656215670792462,0.0489231380802891,0.48914744340891114,30,32,10
WMT,1981-01-12,0.2431640028953552,0.2509770095348358,0.2431640028953552,0.2431640028953552,0.1425189673900604,1766400,True,0.008063761489160664,0.03464109271894096,0.3463514934907235,36,32,10
WMT,1981-01-13,0.2451169937849044,0.2558589875698089,0.2451169937849044,0.2509770095348358,0.1470981836318969,1369600,False,0.03162518434271199,0.03738526334901377,0.3737884916198101,35,32,10
WMT,1981-01-14,0.2509770095348358,0.2568359971046448,0.25,0.2568359971046448,0.1505321562290191,1331200,False,0.023076444332154635,0.040905034479992816,0.408980164060719,33,32,10
WMT,1981-01-15,0.2568359971046448,0.2568359971046448,0.2519530057907104,0.2519530057907104,0.1476703137159347,281600,False,-0.019194545094994138,0.03965769156770972,0.39650887500325516,34,32,10
WMT,1981-01-16,0.25,0.25,0.2353519946336746,0.2421880066394806,0.1419469267129898,3942400,False,-0.03952894672768845,0.029687537871316783,0.29682444382508877,38,40,13
WMT,1981-01-19,0.2421880066394806,0.25,0.2392580062150955,0.25,0.146525576710701,755200,True,0.03174676607997989,0.032854854536838,0.32849217631730065,36,32,10
WMT,1981-01-20,0.25,0.25,0.2460940033197403,0.2460940033197403,0.1442362368106842,2278400,False,-0.015747509496363617,0.030175008484629777,0.3016983136052265,37,40,13
WMT,1981-01-21,0.2431640028953552,0.2431640028953552,0.2402340024709701,0.2431640028953552,0.1425189673900604,2150400,False,-0.011977393435800246,0.02613337770102908,0.2612889399923441,39,40,13
WMT,1981-01-22,0.2431640028953552,0.2441409975290298,0.2421880066394806,0.2431640028953552,0.1425189673900604,332800,False,0.0,0.02602732313320851,0.26022857627188667,39,40,13
WMT,1981-01-23,0.2441409975290298,0.2490230053663253,0.2441409975290298,0.2490230053663253,0.1459529846906662,358400,False,0.023809451838493617,0.021279525038561727,0.21275874111930784,41,40,13
WMT,1981-01-26,0.2480469942092895,0.2480469942092895,0.2431640028953552,0.2451169937849044,0.1436636745929718,678400,True,-0.015809572461506455,0.01681115162822536,0.1680826734010967,43,40,13
WMT,1981-01-27,0.2451169937849044,0.2480469942092895,0.2431640028953552,0.2431640028953552,0.1425189673900604,576000,False,-0.007999879376987129,0.015776541217297005,0.15773834437217563,43,40,13
WMT,1981-01-28,0.2431640028953552,0.2441409975290298,0.2421880066394806,0.2421880066394806,0.1419469267129898,1164800,False,-0.004021863147816078,0.014948001161153072,0.1494543653363344,44,48,16
WMT,1981-01-29,0.2421880066394806,0.2421880066394806,0.2402340024709701,0.2421880066394806,0.1419469267129898,921600,False,0.0,0.014948001161153072,0.1494543653363344,44,48,16
WMT,1981-01-30,0.2402340024709701,0.2402340024709701,0.234375,0.234375,0.137367695569992,358400,False,-0.03279199234981747,0.012945981214629042,0.129437600735324,44,48,16
WMT,1981-02-02,0.234375,0.234375,0.2207030057907104,0.2207030057907104,0.1293545812368393,985600,True,-0.06010391447001842,0.025329953223974508,0.2532560736566149,39,40,13
WMT,1981-02-03,0.2207030057907104,0.2207030057907104,0.2109380066394806,0.2207030057907104,0.1293545812368393,9356800,False,0.0,0.02657705708392576,0.2657249726009022,39,40,13
WMT,1981-02-04,0.2236330062150955,0.237305000424385,0.2236330062150955,0.237305000424385,0.1390849649906158,5376000,False,0.07252767993825501,0.049661571463395705,0.49653051031033535,30,32,10
WMT,1981-02-05,0.2421880066394806,0.2490230053663253,0.2421880066394806,0.2470699995756149,0.1448083072900772,1510400,False,0.04032584378045812,0.05360637097459871,0.5359717373325875,28,32,10
WMT,1981-02-06,0.2470699995756149,0.2558589875698089,0.2451169937849044,0.2558589875698089,0.1499595493078231,1241600,False,0.03495473735343676,0.050453795073605645,0.5044513871949377,29,32,10
WMT,1981-02-09,0.2558589875698089,0.2578130066394806,0.2539060115814209,0.2558589875698089,0.1499595493078231,2572800,True,0.0,0.030572926295356035,0.3056768090051779,37,40,13
WMT,1981-02-10,0.2548829913139343,0.2548829913139343,0.2480469942092895,0.2480469942092895,0.1453809142112732,640000,False,-0.03100829398519958,0.039816264047652934,0.39809432773999376,34,32,10
WMT,1981-02-11,0.2480469942092895,0.2539060115814209,0.2480469942092895,0.2539060115814209,0.1488148719072342,102400,False,0.023345770555856,0.029326209664844664,0.2932117816909201,38,40,13
WMT,1981-02-12,0.2539060115814209,0.2578130066394806,0.2539060115814209,0.2568359971046448,0.1505321562290191,4800000,False,0.011473660999712296,0.02529554924873986,0.2529120929311448,39,40,13
WMT,1981-02-13,0.2539060115814209,0.2539060115814209,0.25,0.2519530057907104,0.1476703137159347,550400,False,-0.019194545094994138,0.022131905201798533,0.22128108032362265,41,40,13
WMT,1981-02-17,0.2519530057907104,0.2568359971046448,0.2451169937849044,0.2539060115814209,0.1488148719072342,537600,True,0.007720884095281746,0.022663207821329353,0.22659319496339603,40,40,13
WMT,1981-02-18,0.2539060115814209,0.2548829913139343,0.25,0.2519530057907104,0.1476703137159347,678400,False,-0.007720884095281859,0.016699529544504793,0.16696664407382242,43,40,13
WMT,1981-02-19,0.25,0.25,0.2480469942092895,0.2480469942092895,0.1453809142112732,1536000,False,-0.015624886460574179,0.013733459477696608,0.1373110322900914,44,48,16
WMT,1981-02-20,0.2480469942092895,0.2490230053663253,0.2451169937849044,0.2451169937849044,0.1436636745929718,204800,False,-0.011882317742311084,0.010449527957855262,0.10447735133070266,45,48,16
WMT,1981-02-23,0.2451169937849044,0.2451169937849044,0.2402340024709701,0.2451169937849044,0.1436636745929718,908800,True,0.0,0.009397092604215222,0.09395480345690656,46,48,16
WMT,1981-02-24,0.2451169937849044,0.25,0.2421880066394806,0.2421880066394806,0.1419469267129898,1612800,False,-0.012021742524803184,0.005978118303878175,0.05977092638536539,47,48,16
WMT,1981-02-25,0.2421880066394806,0.2431640028953552,0.237305000424385,0.237305000424385,0.1390849649906158,627200,False,-0.02036822688158097,0.007536232981262971,0.07534939990294498,46,48,16
WMT,1981-02-26,0.237305000424385,0.2412109971046447,0.2363280057907104,0.2382809966802597,0.13965705037117,1664000,False,0.004104771812560923,0.009934028998082071,0.09932324617417751,46,48,16
WMT,1981-02-27,0.2421880066394806,0.2480469942092895,0.2421880066394806,0.2470699995756149,0.1448083072900772,3558400,False,0.036221071967897214,0.02165413670267646,0.21650421503948358,41,40,13
WMT,1981-03-02,0.2480469942092895,0.25,0.2480469942092895,0.25,0.146525576710701,2432000,True,0.01178914918110285,0.022075840263356114,0.22072052712977436,41,40,13
WMT,1981-03-03,0.2519530057907104,0.2558589875698089,0.2519530057907104,0.2548829913139343,0.1493875235319137,1843200,False,0.01934376044072495,0.020825444765996258,0.208218717458861,41,40,13
WMT,1981-03-04,0.2548829913139343,0.2558589875698089,0.2509770095348358,0.2529299855232239,0.1482429057359695,1971200,False,-0.007691575365809111,0.01649158910778488,0.16488759646988596,43,40,13
WMT,1981-03-05,0.25,0.25,0.2460940033197403,0.2460940033197403,0.1442362368106842,10982400,False,-0.027399694571279463,0.024631576494802104,0.2462735045693594,40,40,13
WMT,1981-03-06,0.2460940033197403,0.2519530057907104,0.2460940033197403,0.2519530057907104,0.1476703137159347,5235200,False,0.023529690144072187,0.02121383763391371,0.21210197977266215,41,40,13
WMT,1981-03-09,0.2519530057907104,0.2539060115814209,0.25,0.2529299855232239,0.1482429057359695,665600,True,0.0038700044272074107,0.02076988945164445,0.20766325963155713,41,40,13
WMT,1981-03-10,0.2539060115814209,0.2568359971046448,0.2539060115814209,0.2539060115814209,0.1488148719072342,2022400,False,0.003850879668074423,0.01864407367154142,0.1864087490911823,42,40,13
WMT,1981-03-11,0.2548829913139343,0.2568359971046448,0.2548829913139343,0.2548829913139343,0.1493875235319137,1075200,False,0.003840695697734707,0.018283289272454976,0.18280152409786046,42,40,13
WMT,1981-03-12,0.2548829913139343,0.2587890028953552,0.2539060115814209,0.2578130066394806,0.1511047780513763,2508800,False,0.011429731845875047,0.008602347337991033,0.0860087143385652,46,48,16
WMT,1981-03-13,0.2626950144767761,0.2685549855232239,0.2626950144767761,0.265625,0.1556834727525711,4083200,False,0.02985143461975687,0.011267574100291734,0.11265640923386971,45,48,16
WMT,1981-03-16,0.265625,0.265625,0.2626950144767761,0.265625,0.1556834727525711,1203200,True,0.0,0.01195471923644634,0.11952668166098357,45,48,16
WMT,1981-03-17,0.2675780057907104,0.2705079913139343,0.2675780057907104,0.2705079913139343,0.1585453301668167,2291200,False,0.018215621990696648,0.01189516043485288,0.11893119583004343,45,48,16
WMT,1981-03-18,0.2705079913139343,0.2792969942092895,0.2666020095348358,0.275391012430191,0.1614072769880294,3328000,False,0.01789029431436638,0.01090718018253546,0.10905308838390103,45,48,16
WMT,1981-03-19,0.275391012430191,0.2763670086860657,0.2734380066394806,0.2734380066394806,0.1602626293897628,448000,False,-0.007116938246390829,0.015009927058363867,0.15007351806222358,43,40,13
WMT,1981-03-20,0.2705079913139343,0.2705079913139343,0.2666020095348358,0.2685549855232239,0.1574007719755172,793600,False,-0.01801866272280513,0.015836074069747297,0.158333570756205,43,40,13
WMT,1981-03-23,0.2685549855232239,0.2734380066394806,0.2646479904651642,0.2734380066394806,0.1602626293897628,3174400,True,0.01801866272280506,0.01720315790795934,0.17200206363353496,43,40,13
WMT,1981-03-24,0.275391012430191,0.2792969942092895,0.275391012430191,0.2792969942092895,0.1640012562274933,1318400,False,0.0230601844786677,0.01818576550698332,0.1818264537646005,42,40,13
WMT,1981-03-25,0.2792969942092895,0.2851560115814209,0.2792969942092895,0.2851560115814209,0.1674417108297348,3110400,False,0.020761207935833578,0.018663813213198776,0.18660611064063798,42,40,13
WMT,1981-03-26,0.2841799855232239,0.2841799855232239,0.2792969942092895,0.2832030057907104,0.1662949621677398,384000,False,-0.00687220355398223,0.018616678986723447,0.18613484924404428,42,40,13
WMT,1981-03-27,0.2832030057907104,0.2832030057907104,0.2802729904651642,0.28125,0.1651480495929718,281600,False,-0.006920750245762957,0.01517309498525721,0.1517049173840583,43,40,13
WMT,1981-03-30,0.2822270095348358,0.2832030057907104,0.2822270095348358,0.2822270095348358,0.1657219380140304,691200,True,0.003468969795125011,0.014539105080785854,0.14536610607538292,44,48,16
WMT,1981-03-31,0.2832030057907104,0.2861329913139343,0.2832030057907104,0.2851560115814209,0.1674417108297348,4416000,False,0.010323984004620116,0.01181698530487669,0.11814957865529767,45,48,16
WMT,1981-04-01,0.2851560115814209,0.291016012430191,0.2851560115814209,0.2890630066394806,0.1697359234094619,3699200,False,0.013608541922963104,0.009511786023586547,0.09510154087119996,46,48,16
WMT,1981-04-02,0.2890630066394806,0.291016012430191,0.2880859971046448,0.2890630066394806,0.1697359234094619,473600,False,0.0,0.008182533338492216,0.081811294618164,46,48,16
WMT,1981-04-03,0.2890630066394806,0.2890630066394806,0.2851560115814209,0.2851560115814209,0.1674417108297348,1024000,False,-0.01360854192296317,0.01061784004401161,0.10616018341933697,45,48,16
WMT,1981-04-06,0.2841799855232239,0.2841799855232239,0.28125,0.2822270095348358,0.1657219380140304,268800,True,-0.0103239840046202,0.012078432410638064,0.12076360114829388,45,48,16
WMT,1981-04-07,0.275391012430191,0.275391012430191,0.2705079913139343,0.2744140028953552,0.1611341387033462,1702400,False,-0.028074133902077678,0.01557436495384484,0.15571692861132858,43,40,13
WMT,1981-04-08,0.2734380066394806,0.2734380066394806,0.2675780057907104,0.2705079913139343,0.1588404178619384,537600,False,-0.014337140778385552,0.010064637142287903,0.10062910353193365,45,48,16
WMT,1981-04-09,0.2705079913139343,0.275391012430191,0.2685549855232239,0.275391012430191,0.1617077440023422,256000,False,0.01789061963791192,0.016852446267910576,0.16849554894876426,43,40,13
WMT,1981-04-10,0.2763670086860657,0.2861329913139343,0.2763670086860657,0.2861329913139343,0.1680153757333755,2841600,False,0.03826484083056604,0.026843192826803718,0.2683858734207728,39,40,13
WMT,1981-04-13,0.2861329913139343,0.2880859971046448,0.2851560115814209,0.2851560115814209,0.1674417108297348,486400,True,-0.003420201783394576,0.026307621357515607,0.2630310776074891,39,40,13
WMT,1981-04-14,0.2851560115814209,0.2851560115814209,0.2783200144767761,0.2783200144767761,0.1634275615215301,3712000,False,-0.024265452290224806,0.02525069022877968,0.2524635796961323,39,40,13
WMT,1981-04-15,0.2783200144767761,0.28125,0.2773439884185791,0.28125,0.1651480495929718,9254400,False,0.010472498490479546,0.02340488662962232,0.2340087105485101,40,40,13
WMT,1981-04-16,0.2832030057907104,0.2890630066394806,0.2832030057907104,0.2861329913139343,0.1680153757333755,6144000,False,0.017213155583139655,0.02333363634263659,0.23329632992272065,40,40,13
WMT,1981-04-20,0.2861329913139343,0.2929689884185791,0.2841799855232239,0.2861329913139343,0.1680153757333755,1728000,True,0.0,0.015862502205285837,0.15859780676885665,43,40,13
WMT,1981-04-21,0.2871089875698089,0.2929689884185791,0.2871089875698089,0.2929689884185791,0.172029510140419,1100800,False,0.02361053524290606,0.01874902230938435,0.18745805540930663,42,40,13
WMT,1981-04-22,0.2929689884185791,0.296875,0.2929689884185791,0.2929689884185791,0.172029510140419,6848000,False,0.0,0.0104542278115081,0.10452434180369538,45,48,16
WMT,1981-04-23,0.2929689884185791,0.3037109971046448,0.2919920086860657,0.3037109971046448,0.1783370971679687,2112000,False,0.036009530939219096,0.015570546110223708,0.1556787467271046,43,40,13
WMT,1981-04-24,0.3037109971046448,0.3046880066394806,0.2978520095348358,0.3046880066394806,0.1789107024669647,729600,False,0.003211248844672634,0.016392841291720747,0.16390028773080398,43,40,13
WMT,1981-04-27,0.3046880066394806,0.3046880066394806,0.2978520095348358,0.2978520095348358,0.1748967617750167,972800,True,-0.022690945334073273,0.022677549230470755,0.22673658444926437,40,40,13
WMT,1981-04-28,0.2978520095348358,0.3037109971046448,0.296875,0.2988280057907104,0.1754698604345321,2777600,False,0.0032714256113803653,0.020941356709197806,0.20937763802083614,41,40,13
WMT,1981-04-29,0.2988280057907104,0.2988280057907104,0.2958979904651642,0.2958979904651642,0.1737493574619293,1203200,False,-0.00985350636470892,0.021851085157537677,0.2184733616837687,41,40,13
WMT,1981-04-30,0.2958979904651642,0.3017579913139343,0.2929689884185791,0.3017579913139343,0.1771903336048126,691200,False,0.019610699542899887,0.015884278299395017,0.15881553034871893,43,40,13
WMT,1981-05-01,0.3017579913139343,0.3037109971046448,0.2988280057907104,0.3007810115814209,0.1766165345907211,563200,False,-0.0032435747790059036,0.01568805811340699,0.15685366514367527,43,40,13
WMT,1981-05-04,0.296875,0.296875,0.2929689884185791,0.2929689884185791,0.172029510140419,1369600,True,-0.026314878460383995,0.016887272353137445,0.16884375004994273,43,40,13
WMT,1981-05-05,0.2929689884185791,0.3027339875698089,0.2929689884185791,0.3027339875698089,0.1777632385492324,3072000,False,0.03278651170592539,0.023589704999005714,0.23585657714959626,40,40,13
WMT,1981-05-06,0.3027339875698089,0.3046880066394806,0.3027339875698089,0.3027339875698089,0.1777632385492324,512000,False,0.0,0.02268373160799259,0.22679839761738188,40,40,13
WMT,1981-05-07,0.3007810115814209,0.3007810115814209,0.2949219942092895,0.2949219942092895,0.1731762737035751,3776000,False,-0.026142545496665993,0.024271211843710155,0.24267047633582117,40,40,13
WMT,1981-05-08,0.2949219942092895,0.2988280057907104,0.291016012430191,0.2988280057907104,0.1754698604345321,691200,False,0.013157293851939448,0.02557092978290519,0.25566542580260715,39,40,13
WMT,1981-05-11,0.2988280057907104,0.2988280057907104,0.2949219942092895,0.2949219942092895,0.1731762737035751,345600,True,-0.013157293851939478,0.022889890456829737,0.2288596323991598,40,40,13
WMT,1981-05-12,0.2939450144767761,0.2939450144767761,0.2890630066394806,0.2900390028953552,0.1703088730573654,3622400,False,-0.01669631006915496,0.01534107809726338,0.15338446029561156,43,40,13
WMT,1981-05-13,0.2900390028953552,0.2939450144767761,0.2880859971046448,0.2919920086860657,0.1714556962251663,499200,False,0.0067112133633489305,0.01652594397129569,0.16523108616237864,43,40,13
WMT,1981-05-14,0.2919920086860657,0.2949219942092895,0.2890630066394806,0.2890630066394806,0.1697359234094619,384000,False,-0.010081064606790901,0.013144710108899286,0.13142454871900075,44,48,16
WMT,1981-05-15,0.2900390028953552,0.2929689884185791,0.2900390028953552,0.2929689884185791,0.172029510140419,2227200,False,0.013422195103337597,0.013231465727916919,0.13229195606262187,44,48,16
WMT,1981-05-18,0.2958979904651642,0.3007810115814209,0.2958979904651642,0.2998049855232239,0.1760434657335281,998400,True,0.023064896261776605,0.016459422761299303,0.1645659881928085,43,40,13
WMT,1981-05-19,0.2998049855232239,0.3007810115814209,0.2958979904651642,0.3007810115814209,0.1766165345907211,281600,False,0.0032499821986074306,0.012296955129279124,0.12294845341542808,45,48,16
WMT,1981-05-20,0.2988280057907104,0.2988280057907104,0.2978520095348358,0.2978520095348358,0.1748967617750167,384000,False,-0.00978504401056554,0.014500957257754745,0.14498469329526528,44,48,16
WMT,1981-05-21,0.2978520095348358,0.2998049855232239,0.2949219942092895,0.2998049855232239,0.1760434657335281,1164800,False,0.006535061811957914,0.012195282870514324,0.12193190526680374,45,48,16
WMT,1981-05-22,0.2998049855232239,0.3027339875698089,0.2978520095348358,0.3027339875698089,0.1777632385492324,1100800,False,0.009721615444148856,0.011837701211679298,0.11835670218105686,45,48,16
WMT,1981-05-26,0.3027339875698089,0.3046880066394806,0.2998049855232239,0.3027339875698089,0.1777632385492324,4428800,True,0.0,0.007493736533619709,0.07492450833763802,47,48,16
WMT,1981-05-27,0.3027339875698089,0.3085939884185791,0.3027339875698089,0.306641012430191,0.1800576150417328,13376000,False,0.012824338852916416,0.008985553477503147,0.08984011826717929,46,48,16
WMT,1981-05-28,0.306641012430191,0.3085939884185791,0.3037109971046448,0.3037109971046448,0.1783370971679687,4748800,False,-0.0096013196196225,0.008915914564961581,0.08914384862119745,46,48,16
WMT,1981-05-29,0.3037109971046448,0.3056640028953552,0.3017579913139343,0.3027339875698089,0.1777632385492324,1318400,False,-0.003223019233293739,0.009255332299624578,0.09253744362905611,46,48,16
WMT,1981-06-01,0.3017579913139343,0.3017579913139343,0.2978520095348358,0.2988280057907104,0.1754698604345321,691200,True,-0.012985251644726508,0.010024099294353847,0.1002237946033506,45,48,16
WMT,1981-06-02,0.2988280057907104,0.3046880066394806,0.296875,0.2988280057907104,0.1754698604345321,1036800,False,0.0,0.010024099294353847,0.1002237946033506,45,48,16
WMT,1981-06-03,0.296875,0.296875,0.2958979904651642,0.296875,0.1743229478597641,307200,False,-0.006557691625766288,0.005115297663396154,0.05114420032131799,47,48,16
WMT,1981-06-04,0.296875,0.296875,0.2929689884185791,0.2929689884185791,0.172029510140419,3507200,False,-0.013243568435432545,0.005875005828192363,0.05873997853851008,47,48,16
WMT,1981-06-05,0.2929689884185791,0.2939450144767761,0.2900390028953552,0.2900390028953552,0.1703088730573654,4070400,False,-0.010052343859895532,0.005500642973308591,0.054996992283762126,47,48,16
WMT,1981-06-08,0.2900390028953552,0.2958979904651642,0.2890630066394806,0.2958979904651642,0.1737493574619293,1344000,True,0.020000097556385467,0.01322904594225606,0.13226776235763785,44,48,16
WMT,1981-06-09,0.2958979904651642,0.296875,0.2929689884185791,0.2949219942092895,0.1731762737035751,3008000,False,-0.0033037874872305774,0.013188452137804892,0.13186189395988826,44,48,16
WMT,1981-06-10,0.2949219942092895,0.2988280057907104,0.2929689884185791,0.296875,0.1743229478597641,2022400,False,0.0065996022261733565,0.01351772341734184,0.13515404182475244,44,48,16
WMT,1981-06-11,0.2988280057907104,0.2998049855232239,0.2988280057907104,0.2998049855232239,0.1760434657335281,1600000,False,0.00982132782634393,0.01167886844910756,0.11676864706459976,45,48,16
WMT,1981-06-12,0.2998049855232239,0.3007810115814209,0.2978520095348358,0.3007810115814209,0.1766165345907211,2764800,False,0.0032499821986074306,0.008616547398388508,0.08615069057950621,46,48,16
WMT,1981-06-15,0.3007810115814209,0.3046880066394806,0.3007810115814209,0.3046880066394806,0.1789107024669647,998400,True,0.012905901323507695,0.00625841241006197,0.0625733865468003,47,48,16
WMT,1981-06-16,0.3046880066394806,0.3085939884185791,0.3046880066394806,0.3085939884185791,0.1815069764852523,1177600,False,0.014407278436834346,0.004560882442239411,0.045600999319559916,48,48,16
WMT,1981-06-17,0.3056640028953552,0.3056640028953552,0.3007810115814209,0.3056640028953552,0.1797835677862167,2214400,False,-0.009540364663231686,0.009771122920252706,0.0976944648937283,46,48,16
WMT,1981-06-18,0.3056640028953552,0.3076170086860657,0.3046880066394806,0.3046880066394806,0.1792095750570297,716800,False,-0.003197794886961813,0.010276096694416112,0.10274333625220922,45,48,16
WMT,1981-06-19,0.3017579913139343,0.3017579913139343,0.2890630066394806,0.2890630066394806,0.1700193434953689,7987200,False,-0.052643715507182685,0.027188656095201803,0.27183991339366437,39,40,13
WMT,1981-06-22,0.2890630066394806,0.2890630066394806,0.2871089875698089,0.2890630066394806,0.1700193434953689,1164800,True,0.0,0.025300657127230865,0.2529631629524713,39,40,13
WMT,1981-06-23,0.2890630066394806,0.2890630066394806,0.2871089875698089,0.2890630066394806,0.1700193434953689,870400,False,0.0,0.022459114604342925,0.2245526129561222,41,40,13
WMT,1981-06-24,0.2890630066394806,0.2919920086860657,0.2880859971046448,0.2919920086860657,0.1717421412467956,4774400,False,0.01008195727871633,0.024821589377220562,0.24817330738857377,40,40,13
WMT,1981-06-25,0.291016012430191,0.291016012430191,0.2890630066394806,0.291016012430191,0.1711680740118026,2995200,False,-0.0033482103813034327,0.024812658635152907,0.24808401529036517,40,40,13
WMT,1981-06-26,0.2929689884185791,0.2988280057907104,0.2929689884185791,0.2978520095348358,0.175188735127449,9856000,False,0.023217916475881274,0.010868619887581405,0.10866755159223171,45,48,16
WMT,1981-06-29,0.2978520095348358,0.2998049855232239,0.2958979904651642,0.296875,0.1746141165494918,4096000,True,-0.003285388281205276,0.01140727565535736,0.1140531850986651,45,48,16
WMT,1981-06-30,0.296875,0.3007810115814209,0.296875,0.296875,0.1746141165494918,1766400,False,0.0,0.01140727565535736,0.1140531850986651,45,48,16
WMT,1981-07-01,0.296875,0.3007810115814209,0.296875,0.3007810115814209,0.1769116073846817,5222400,False,0.013071723592403627,0.011790353405440669,0.1178833053532688,45,48,16
WMT,1981-07-02,0.3007810115814209,0.3007810115814209,0.2988280057907104,0.3007810115814209,0.1769116073846817,422400,False,0.0,0.011212484694644075,0.11210560969424808,45,48,16
WMT,1981-07-06,0.2988280057907104,0.2988280057907104,0.2871089875698089,0.2871089875698089,0.1688699275255203,2099200,True,-0.04652145555783345,0.022781657913478418,0.22777749266014596,40,40,13
WMT,1981-07-07,0.2871089875698089,0.2890630066394806,0.2841799855232239,0.2890630066394806,0.1700193434953689,4915200,False,0.006783456873340746,0.02365857680942983,0.23654517709052014,40,40,13
WMT,1981-07-08,0.2890630066394806,0.2929689884185791,0.2890630066394806,0.2890630066394806,0.1700193434953689,2316800,False,0.0,0.02365857680942983,0.23654517709052014,40,40,13
WMT,1981-07-09,0.2871089875698089,0.2871089875698089,0.28125,0.2851560115814209,0.1677212417125702,13785600,False,-0.013608890083535486,0.021367527322037217,0.2136386129686062,41,40,13
WMT,1981-07-10,0.2851560115814209,0.2880859971046448,0.2851560115814209,0.2851560115814209,0.1677212417125702,5107200,False,0.0,0.021367527322037217,0.2136386129686062,41,40,13
WMT,1981-07-13,0.2851560115814209,0.2851560115814209,0.2832030057907104,0.2841799855232239,0.1671473085880279,2649600,True,-0.003427814800757262,0.007448846753218057,0.0744756875509865,47,48,16
WMT,1981-07-14,0.28125,0.28125,0.2714839875698089,0.275391012430191,0.1619777530431747,3865600,False,-0.03141651205159298,0.013364188965428594,0.13361896072457233,44,48,16
WMT,1981-07-15,0.275391012430191,0.2792969942092895,0.2695310115814209,0.2695310115814209,0.1585310399532318,2790400,False,-0.02150858909708755,0.012919341869559467,0.12917125298973406,44,48,16
WMT,1981-07-16,0.2734380066394806,0.275391012430191,0.2734380066394806,0.275391012430191,0.1619777530431747,7142400,False,0.021508589097087565,0.02050097882377943,0.20497461472268413,41,40,13
WMT,1981-07-17,0.275391012430191,0.2773439884185791,0.2744140028953552,0.2763670086860657,0.1625518053770065,2790400,False,0.0035377543749711654,0.020859538367688318,0.20855959498141288,41,40,13
WMT,1981-07-20,0.2763670086860657,0.2792969942092895,0.2734380066394806,0.2773439884185791,0.1631265878677368,665600,True,0.003529758801503313,0.0213227354797228,0.21319077139479473,41,40,13
WMT,1981-07-21,0.2744140028953552,0.2744140028953552,0.2714839875698089,0.2714839875698089,0.1596798151731491,537600,False,-0.021355857004973326,0.018476031687389777,0.1847286175591812,42,40,13
WMT,1981-07-22,0.2714839875698089,0.2734380066394806,0.2714839875698089,0.2714839875698089,0.1596798151731491,716800,False,0.0,0.015274493021299749,0.15271872377594378,43,40,13
WMT,1981-07-23,0.2714839875698089,0.2773439884185791,0.2714839875698089,0.275391012430191,0.1619777530431747,3673600,False,0.014288343828499072,0.013088203667737476,0.13085958125544445,44,48,16
WMT,1981-07-24,0.275391012430191,0.2773439884185791,0.2705079913139343,0.2773439884185791,0.1631265878677368,2201600,False,0.007067513176474353,0.013417772710432981,0.13415470624102216,44,48,16
WMT,1981-07-27,0.2773439884185791,0.2792969942092895,0.275391012430191,0.2792969942092895,0.1642752885818481,1728000,True,0.007017097397444559,0.013689145928308558,0.13686797282493676,44,48,16
WMT,1981-07-28,0.2792969942092895,0.28125,0.2792969942092895,0.28125,0.1654239147901535,1331200,False,0.006967750262424405,0.0050522923070691625,0.0505142548562941,47,48,16
WMT,1981-07-29,0.2832030057907104,0.2832030057907104,0.2832030057907104,0.2832030057907104,0.166572630405426,3046400,False,0.0069200732114671135,0.0032629915482466085,0.032624317170136065,48,48,16
WMT,1981-07-30,0.2832030057907104,0.2832030057907104,0.2744140028953552,0.2832030057907104,0.166572630405426,2329600,False,0.0,0.003127896339580277,0.031273596866228305,48,48,16
WMT,1981-07-31,0.2832030057907104,0.2890630066394806,0.2832030057907104,0.2890630066394806,0.1700193434953689,2188800,False,0.020480782888075602,0.007459621059962716,0.07458341213296252,47,48,16
WMT,1981-08-03,0.2890630066394806,0.2949219942092895,0.2890630066394806,0.2949219942092895,0.1734655052423477,3648000,True,0.020066546729112136,0.009026745591600084,0.09025196873486716,46,48,16
WMT,1981-08-04,0.2949219942092895,0.296875,0.2919920086860657,0.2958979904651642,0.1740395426750183,2252800,False,0.0033037675754061437,0.009557571735865791,0.09555931943947768,46,48,16
WMT,1981-08-05,0.2949219942092895,0.2949219942092895,0.2929689884185791,0.2939450144767761,0.1728906780481338,1638400,False,-0.006623054192574822,0.012244621832134962,0.12242521023218798,45,48,16
WMT,1981-08-06,0.2939450144767761,0.2949219942092895,0.2929689884185791,0.2949219942092895,0.1734655052423477,2841600,False,0.0033192866171687487,0.011822742577339862,0.11820714150218103,45,48,16
WMT,1981-08-07,0.2949219942092895,0.296875,0.2890630066394806,0.291016012430191,0.1711680740118026,2060800,False,-0.013332799831699214,0.012621000061456436,0.12618834677353644,44,48,16
WMT,1981-08-10,0.291016012430191,0.2988280057907104,0.291016012430191,0.296875,0.1746141165494918,14796800,True,0.019932528194676002,0.01257134976213487,0.1256919289653048,44,48,16
WMT,1981-08-11,0.296875,0.3007810115814209,0.296875,0.3007810115814209,0.1769116073846817,2060800,False,0.013071723592403627,0.013667859025393634,0.13665514031771203,44,48,16
WMT,1981-08-12,0.3027339875698089,0.3027339875698089,0.3027339875698089,0.3027339875698089,0.1780602186918258,1625600,False,0.006471585807958761,0.012502325425657483,0.125001804025537,44,48,16
WMT,1981-08-13,0.3027339875698089,0.3027339875698089,0.3027339875698089,0.3027339875698089,0.1780602186918258,2764800,False,0.0,0.012758614025734033,0.1275642503121296,44,48,16
WMT,1981-08-14,0.3046880066394806,0.3115229904651642,0.3046880066394806,0.3095700144767761,0.1820809543132782,2854400,False,0.02232959176343159,0.009282853945071242,0.0928126128646548,46,48,16
WMT,1981-08-17,0.3076170086860657,0.3076170086860657,0.3027339875698089,0.3027339875698089,0.1780602186918258,4070400,True,-0.02232959176343159,0.01683437353100314,0.16831485258707204,43,40,13
WMT,1981-08-18,0.3027339875698089,0.3046880066394806,0.2988280057907104,0.3027339875698089,0.1780602186918258,4352000,False,0.0,0.016052464568866495,0.16049710448636811,43,40,13
WMT,1981-08-19,0.3027339875698089,0.3046880066394806,0.296875,0.3046880066394806,0.1792095750570297,1612800,False,0.0064341310147311755,0.016049453029424544,0.16046699425884475,43,40,13
WMT,1981-08-20,0.3046880066394806,0.3085939884185791,0.3046880066394806,0.3085939884185791,0.1815069764852523,1638400,False,0.012738159550193445,0.016788126326237027,0.16785245988570796,43,40,13
WMT,1981-08-21,0.3085939884185791,0.3095700144767761,0.3027339875698089,0.3027339875698089,0.1780602186918258,4838400,False,-0.01917229056492473,0.015573406907321454,0.15570734978981446,43,40,13
WMT,1981-08-24,0.3027339875698089,0.3037109971046448,0.2871089875698089,0.2871089875698089,0.1688699275255203,3443200,True,-0.05299304136579229,0.026541690897077717,0.265371371410164,39,40,13
WMT,1981-08-25,0.2871089875698089,0.2890630066394806,0.2822270095348358,0.2841799855232239,0.1671473085880279,2688000,False,-0.010253248010951987,0.025906603309446517,0.2590215851531844,39,40,13
WMT,1981-08-26,0.28125,0.28125,0.2744140028953552,0.2744140028953552,0.1614031940698623,678400,False,-0.03496996554366042,0.02487863941744485,0.2487437099101023,40,40,13
WMT,1981-08-27,0.2744140028953552,0.2802729904651642,0.2744140028953552,0.2792969942092895,0.1642752885818481,1420800,False,0.017638064065986333,0.02657506509361292,0.2657050561154302,39,40,13
WMT,1981-08-28,0.2792969942092895,0.2822270095348358,0.2773439884185791,0.2792969942092895,0.1642752885818481,524800,False,0.0,0.028057184257410283,0.28052370488258527,38,40,13
WMT,1981-08-31,0.2792969942092895,0.2802729904651642,0.2773439884185791,0.2783200144767761,0.1639989167451858,345600,True,-0.0016837868920160752,0.019174396338748487,0.19171106588902168,42,40,13
WMT,1981-09-01,0.2763670086860657,0.2763670086860657,0.2744140028953552,0.2763670086860657,0.1628479957580566,601600,False,-0.007042598232163566,0.01904354393326761,0.19040276633759395,42,40,13
WMT,1981-09-02,0.2763670086860657,0.2783200144767761,0.2734380066394806,0.2773439884185791,0.1634237915277481,3571200,False,0.003529550453872679,0.009287565891886082,0.09285972424851932,46,48,16
WMT,1981-09-03,0.275391012430191,0.275391012430191,0.2675780057907104,0.2695310115814209,0.1588199436664581,5017600,False,-0.028575644045362725,0.012780281916403895,0.12778089204324325,44,48,16
WMT,1981-09-04,0.2675780057907104,0.2675780057907104,0.2636719942092895,0.2636719942092895,0.1553675830364227,3404800,False,-0.02197731796283384,0.013627665116149875,0.13625327018593658,44,48,16
WMT,1981-09-08,0.2607420086860657,0.2607420086860657,0.2578130066394806,0.2578130066394806,0.1519151628017425,3008000,True,-0.022471587237369757,0.013181401054538255,0.13179139522476052,44,48,16
WMT,1981-09-09,0.2578130066394806,0.265625,0.2568359971046448,0.2626950144767761,0.1547919064760208,3251200,False,0.018759450475903484,0.02033530001252152,0.20331811086512627,41,40,13
WMT,1981-09-10,0.2626950144767761,0.2685549855232239,0.2607420086860657,0.2685549855232239,0.1582449376583099,652800,False,0.022062394949513023,0.024676940637030027,0.24672706816041137,40,40,13
WMT,1981-09-11,0.2685549855232239,0.275391012430191,0.2666020095348358,0.2705079913139343,0.1593956798315048,1280000,False,0.007245592308993078,0.021659413907354028,0.21655697803216287,41,40,13
WMT,1981-09-14,0.2705079913139343,0.2734380066394806,0.2675780057907104,0.2714839875698089,0.1599707007408142,5760000,True,0.003601014794679251,0.017596967159996573,0.17593948049564748,42,40,13
WMT,1981-09-15,0.2714839875698089,0.2792969942092895,0.2695310115814209,0.2792969942092895,0.1645746678113937,5337600,False,0.02837369679321694,0.010342264072875784,0.10340489651348073,45,48,16
WMT,1981-09-16,0.2792969942092895,0.28125,0.2744140028953552,0.275391012430191,0.1622728556394577,11020800,False,-0.01408516241801279,0.01665947303669399,0.16656614772063696,43,40,13
WMT,1981-09-17,0.275391012430191,0.275391012430191,0.2734380066394806,0.2734380066394806,0.1611220687627792,768000,False,-0.007116943694563209,0.016237642861477164,0.16234856970220699,43,40,13
WMT,1981-09-18,0.2734380066394806,0.2783200144767761,0.2734380066394806,0.2763670086860657,0.1628479957580566,601600,False,0.010654955581964169,0.016498308012029655,0.16495477398471436,43,40,13
WMT,1981-09-21,0.2763670086860657,0.2763670086860657,0.2685549855232239,0.2695310115814209,0.1588199436664581,2611200,True,-0.025046093591490078,0.02112178891291711,0.21118165049062274,41,40,13
WMT,1981-09-22,0.2695310115814209,0.2792969942092895,0.2695310115814209,0.2792969942092895,0.1645746678113937,1331200,False,0.035593244122101915,0.023752666153909165,0.23748590910629064,40,40,13
WMT,1981-09-23,0.2763670086860657,0.2763670086860657,0.2695310115814209,0.2734380066394806,0.1611220687627792,3443200,False,-0.021202106112575978,0.024988817116027434,0.24984529786412732,40,40,13
WMT,1981-09-24,0.2734380066394806,0.2763670086860657,0.2734380066394806,0.2744140028953552,0.1616973429918289,4441600,False,0.003564065957977494,0.024836491631841085,0.2483223043669911,40,40,13
WMT,1981-09-25,0.2734380066394806,0.2734380066394806,0.2636719942092895,0.2666020095348358,0.1570941060781479,2252800,False,-0.02888130718349064,0.027072808392771836,0.2706816351291872,39,40,13
WMT,1981-09-28,0.2666020095348358,0.2705079913139343,0.2646479904651642,0.2685549855232239,0.1582449376583099,755200,True,0.007299043441200126,0.025563087275205044,0.2555870141809907,39,40,13
WMT,1981-09-29,0.2685549855232239,0.2871089875698089,0.2685549855232239,0.2871089875698089,0.1691776812076568,5977600,False,0.06680545972370285,0.03761787837598899,0.3761142427921223,34,32,10
WMT,1981-09-30,0.2871089875698089,0.2949219942092895,0.2832030057907104,0.2949219942092895,0.1737815588712692,4083200,False,0.02684957102759472,0.035141824507780424,0.3513579522739363,35,32,10
WMT,1981-10-01,0.2949219942092895,0.296875,0.2929689884185791,0.296875,0.1749323457479477,1740800,False,0.006600201707149005,0.034917582656511445,0.34911591849283474,36,32,10
WMT,1981-10-02,0.296875,0.3037109971046448,0.2958979904651642,0.3037109971046448,0.178960382938385,1318400,False,0.022765153528230872,0.024506780127523692,0.24502575500961582,40,40,13
WMT,1981-10-05,0.3037109971046448,0.3125,0.3037109971046448,0.3085939884185791,0.183919608592987,1344000,True,0.02733429533701857,0.022201021673458343,0.22197212645713837,41,40,13
WMT,1981-10-06,0.3085939884185791,0.3115229904651642,0.306641012430191,0.3115229904651642,0.1856652349233627,3302400,False,0.009446487549790014,0.009867545118345504,0.09865852144315806,46,48,16
WMT,1981-10-07,0.3115229904651642,0.3115229904651642,0.3046880066394806,0.306641012430191,0.1827557533979416,18662400,False,-0.015794659389140334,0.01688661962499251,0.16883722388837863,43,40,13
WMT,1981-10-08,0.306641012430191,0.3105469942092895,0.3046880066394806,0.3105469942092895,0.1850837022066116,18854400,False,0.012657586640293315,0.01679245238579606,0.16789571305908094,43,40,13
WMT,1981-10-09,0.3105469942092895,0.3144530057907104,0.3085939884185791,0.3125,0.1862475723028183,2739200,False,0.0062686554426765245,0.015546561108374584,0.15543893785966434,43,40,13
WMT,1981-10-12,0.3125,0.3125,0.3105469942092895,0.3105469942092895,0.1850837022066116,1062400,True,-0.0062686554426766294,0.011932646719145849,0.11930599435778123,45,48,16
WMT,1981-10-13,0.3085939884185791,0.3085939884185791,0.3027339875698089,0.3046880066394806,0.1815916448831558,1830400,False,-0.019047710360190404,0.01371732660306114,0.1371497312228985,44,48,16
WMT,1981-10-14,0.3046880066394806,0.3076170086860657,0.3027339875698089,0.3076170086860657,0.1833373606204986,3840000,False,0.009567499581927102,0.013144768507059198,0.1314251326004062,44,48,16
WMT,1981-10-15,0.3056640028953552,0.3056640028953552,0.3027339875698089,0.3027339875698089,0.1804270446300506,2547200,False,-0.01600144514489039,0.012836741110398923,0.12834538711619367,44,48,16
WMT,1981-10-16,0.3027339875698089,0.3046880066394806,0.3027339875698089,0.3027339875698089,0.1804270446300506,1152000,False,0.0,0.011705534499056303,0.11703526181316383,45,48,16
WMT,1981-10-19,0.3027339875698089,0.3027339875698089,0.2978520095348358,0.3027339875698089,0.1804270446300506,1702400,True,0.0,0.012047153265643578,0.12045086336395633,45,48,16
WMT,1981-10-20,0.3027339875698089,0.3105469942092895,0.3017579913139343,0.3105469942092895,0.1850837022066116,7436800,False,0.025481655923153816,0.015201439319748523,0.15198831209861646,43,40,13
WMT,1981-10-21,0.3105469942092895,0.3115229904651642,0.3046880066394806,0.3046880066394806,0.1815916448831558,3686400,False,-0.019047710360190404,0.017676742457439793,0.17673709659965733,42,40,13
WMT,1981-10-22,0.3046880066394806,0.3076170086860657,0.3027339875698089,0.3027339875698089,0.1804270446300506,8358400,False,-0.006433945562963444,0.016229030424357575,0.16226246010736348,43,40,13
WMT,1981-10-23,0.3027339875698089,0.3046880066394806,0.2988280057907104,0.3007810115814209,0.1792632788419723,1152000,False,-0.006470954446202186,0.016485025896360864,0.1648219756161431,43,40,13
WMT,1981-10-26,0.3007810115814209,0.3027339875698089,0.2988280057907104,0.3017579913139343,0.1798453032970428,1715200,True,0.0032414984973607214,0.016611896346195764,0.16609046244294953,43,40,13
WMT,1981-10-27,0.3017579913139343,0.3085939884185791,0.3017579913139343,0.3085939884185791,0.183919608592987,1356800,False,0.02240169707105239,0.015414812503426984,0.15412167785117822,43,40,13
WMT,1981-10-28,0.3085939884185791,0.3085939884185791,0.3046880066394806,0.3085939884185791,0.183919608592987,2572800,False,0.0,0.011865490048588981,0.11863454287286553,45,48,16
WMT,1981-10-29,0.3085939884185791,0.3105469942092895,0.3085939884185791,0.3085939884185791,0.183919608592987,3264000,False,0.0,0.010962454443312298,0.10960573615765863,45,48,16
WMT,1981-10-30,0.3085939884185791,0.3115229904651642,0.3085939884185791,0.3105469942092895,0.1850837022066116,371200,False,0.006309414800942811,0.00932681882287296,0.0932521862121617,46,48,16
WMT,1981-11-02,0.3115229904651642,0.3398439884185791,0.3115229904651642,0.3349609971046448,0.1996341496706009,2419200,True,0.07567827266081976,0.031974274734116265,0.31968788910023843,37,40,13
WMT,1981-11-03,0.3339839875698089,0.3339839875698089,0.3291020095348358,0.3339839875698089,0.1990517675876617,1625600,False,-0.0029215102513486706,0.03363499968214205,0.3362922892758579,36,32,10
WMT,1981-11-04,0.3339839875698089,0.3427729904651642,0.3310549855232239,0.3369140028953552,0.2007980942726135,10688000,False,0.008734967572530486,0.032825433522112646,0.32819801664766163,36,32,10
WMT,1981-11-05,0.3369140028953552,0.3427729904651642,0.3300780057907104,0.3339839875698089,0.1990517675876617,1689600,False,-0.008734967572530568,0.03419741266330358,0.3419154541559126,36,32,10
WMT,1981-11-06,0.3339839875698089,0.3359380066394806,0.3320310115814209,0.3359380066394806,0.2002164870500564,1420800,False,0.005834286861919782,0.03423106699378503,0.3422519397200157,36,32,10
WMT,1981-11-09,0.3349609971046448,0.3349609971046448,0.3320310115814209,0.3320310115814209,0.1978878825902938,1254400,True,-0.011698595616945803,0.008896522615726139,0.08894996239959684,46,48,16
WMT,1981-11-10,0.3320310115814209,0.3320310115814209,0.3291020095348358,0.3291020095348358,0.1961423754692077,908800,False,-0.008859819789832699,0.009468787858135956,0.0946716329886166,46,48,16
WMT,1981-11-11,0.3300780057907104,0.3300780057907104,0.3300780057907104,0.3300780057907104,0.1967240422964096,2419200,False,0.0029611451929794667,0.00791244731785747,0.07911089779821431,46,48,16
WMT,1981-11-12,0.3300780057907104,0.3339839875698089,0.328125,0.3339839875698089,0.1990517675876617,5081600,False,0.011762983351879253,0.009956513037891492,0.09954804799642025,46,48,16
WMT,1981-11-13,0.3339839875698089,0.3339839875698089,0.328125,0.328125,0.1955600976943969,2432000,False,-0.017697192253184526,0.011884172416336951,0.11882133449701987,45,48,16
WMT,1981-11-16,0.3271479904651642,0.3271479904651642,0.3251950144767761,0.3251950144767761,0.1938137412071228,1510400,True,-0.008970136267973963,0.011540509054337608,0.11538529050001761,45,48,16
WMT,1981-11-17,0.3251950144767761,0.3261719942092895,0.3251950144767761,0.3261719942092895,0.19439597427845,806400,False,0.0029995823631159546,0.011551947364553405,0.1154996539774747,45,48,16
WMT,1981-11-18,0.3261719942092895,0.3261719942092895,0.3232420086860657,0.3242189884185791,0.1932320296764373,563200,False,-0.0060054902554106965,0.01132397578441227,0.11322032930674485,45,48,16
WMT,1981-11-19,0.3242189884185791,0.3242189884185791,0.3212890028953552,0.3232420086860657,0.1926498711109161,2867200,False,-0.0030172910727337666,0.007649955781338293,0.0764864327895692,46,48,16
WMT,1981-11-20,0.3232420086860657,0.328125,0.322266012430191,0.328125,0.1955600976943969,2355200,False,0.014993335233002668,0.00947933145129159,0.0947770508305375,46,48,16
WMT,1981-11-23,0.3300780057907104,0.3398439884185791,0.3300780057907104,0.3320310115814209,0.1978878825902938,972800,True,0.011832883498158557,0.009116352889049658,0.09114788797018497,46,48,16
WMT,1981-11-24,0.3320310115814209,0.3388670086860657,0.3300780057907104,0.3330079913139343,0.1984703093767166,1958400,False,0.002938893240674801,0.009118325357340574,0.09116760926893167,46,48,16
WMT,1981-11-25,0.3330079913139343,0.3369140028953552,0.3300780057907104,0.3369140028953552,0.2007980942726135,896000,False,0.011660383086881776,0.0074747053325690035,0.07473422897894937,47,48,16
WMT,1981-11-27,0.3369140028953552,0.3388670086860657,0.3339839875698089,0.3369140028953552,0.2007980942726135,691200,True,0.0,0.006446016838543879,0.06444910895883191,47,48,16
WMT,1981-11-30,0.3369140028953552,0.3427729904651642,0.3359380066394806,0.3427729904651642,0.2042900174856186,1894400,True,0.01724074149339813,0.007078090568972602,0.07076876181465942,47,48,16
WMT,1981-12-01,0.3427729904651642,0.3427729904651642,0.3388670086860657,0.3408200144767761,0.2031261324882507,4659200,False,-0.005713510196467355,0.009191981738039114,0.09190404670371592,46,48,16
WMT,1981-12-02,0.3408200144767761,0.3408200144767761,0.3349609971046448,0.3408200144767761,0.2031261324882507,1932800,False,0.0,0.009464655402835524,0.09463031552566296,46,48,16
WMT,1981-12-03,0.3388670086860657,0.3388670086860657,0.3369140028953552,0.3369140028953552,0.2007980942726135,3059200,False,-0.011527231296930736,0.010755980050421606,0.107541346476724,45,48,16
WMT,1981-12-04,0.3359380066394806,0.3359380066394806,0.3300780057907104,0.3320310115814209,0.1978878825902938,1497600,False,-0.014599276327556511,0.012582483089706002,0.12580324313957372,44,48,16
WMT,1981-12-07,0.3310549855232239,0.3310549855232239,0.328125,0.328125,0.1955600976943969,448000,True,-0.011832883498158524,0.0058568933612801405,0.05855888494493474,47,48,16
WMT,1981-12-08,0.328125,0.328125,0.3261719942092895,0.3261719942092895,0.19439597427845,8140800,False,-0.005970553904858117,0.005824786743933323,0.058237873856767625,47,48,16
WMT,1981-12-09,0.3261719942092895,0.3310549855232239,0.3261719942092895,0.3310549855232239,0.1973063051700592,409600,False,0.014860186423706189,0.011973883496633392,0.1197182913827462,45,48,16
WMT,1981-12-10,0.3310549855232239,0.3339839875698089,0.3300780057907104,0.3339839875698089,0.1990517675876617,2137600,False,0.008807559734336199,0.012960920418924183,0.129586967147093,44,48,16
WMT,1981-12-11,0.3339839875698089,0.3369140028953552,0.3339839875698089,0.3369140028953552,0.2007980942726135,1395200,False,0.008734967572530486,0.01126648547095009,0.11264552480821387,45,48,16
WMT,1981-12-14,0.3369140028953552,0.337891012430191,0.3320310115814209,0.3320310115814209,0.1978878825902938,2931200,True,-0.014599276327556511,0.012201238301473223,0.12199144935866398,45,48,16
WMT,1981-12-15,0.3320310115814209,0.3339839875698089,0.328125,0.3339839875698089,0.1990517675876617,972800,False,0.005864308755025847,0.0112937422090366,0.1129180454247124,45,48,16
WMT,1981-12-16,0.3339839875698089,0.3339839875698089,0.3300780057907104,0.3330079913139343,0.1984703093767166,2419200,False,-0.002925415514351136,0.010037926643938547,0.10036204437562353,45,48,16
WMT,1981-12-17,0.3300780057907104,0.3300780057907104,0.328125,0.328125,0.1955600976943969,256000,False,-0.0147717767388333,0.011044840041622412,0.11042945079184605,45,48,16
WMT,1981-12-18,0.3291020095348358,0.3320310115814209,0.3291020095348358,0.3310549855232239,0.1973063051700592,1190400,False,0.008889632518848143,0.01108794327043915,0.11086040912783372,45,48,16
WMT,1981-12-21,0.3310549855232239,0.3339839875698089,0.3300780057907104,0.3320310115814209,0.1978878825902938,1088000,True,0.002943250979310281,0.009338654262997473,0.09337052030735045,46,48,16
WMT,1981-12-22,0.3320310115814209,0.3339839875698089,0.3291020095348358,0.3339839875698089,0.1990517675876617,1446400,False,0.005864308755025847,0.009338654262997473,0.09337052030735045,46,48,16
WMT,1981-12-23,0.3330079913139343,0.3330079913139343,0.3291020095348358,0.3300780057907104,0.1967240422964096,588800,False,-0.011762983351879154,0.010759078191504134,0.10757232257207078,45,48,16
WMT,1981-12-24,0.3300780057907104,0.3320310115814209,0.3300780057907104,0.3320310115814209,0.1978878825902938,332800,False,0.0058986745968531715,0.008173694433694168,0.08172292073508634,46,48,16
WMT,1981-12-28,0.3339839875698089,0.3369140028953552,0.3339839875698089,0.3339839875698089,0.1990517675876617,768000,True,0.005864308755025847,0.007666330255036304,0.07665014943287617,46,48,16
WMT,1981-12-29,0.3339839875698089,0.3339839875698089,0.3300780057907104,0.3330079913139343,0.1984703093767166,601600,False,-0.002925415514351136,0.007886269886966482,0.07884916840190441,46,48,16
WMT,1981-12-30,0.3330079913139343,0.3349609971046448,0.328125,0.3349609971046448,0.1996341496706009,1574400,False,0.00584692576569986,0.00788336553956968,0.0788201299109232,46,48,16
WMT,1981-12-31,0.3320310115814209,0.3320310115814209,0.3271479904651642,0.3320310115814209,0.1978878825902938,844800,False,-0.008785819006374635,0.0067483483021388655,0.06747190488489994,47,48,16
WMT,1982-01-04,0.3330079913139343,0.3339839875698089,0.3320310115814209,0.3320310115814209,0.1978878825902938,4185600,True,0.0,0.006211387317424994,0.06210321630134926,47,48,16
WMT,1982-01-05,0.328125,0.3330079913139343,0.322266012430191,0.322266012430191,0.1920679062604904,2368000,False,-0.02985163283238598,0.013747086041398874,0.1374472745480282,44,48,16
WMT,1982-01-06,0.3125,0.3164060115814209,0.3085939884185791,0.3095700144767761,0.1845012605190277,2214400,False,-0.040192692399664935,0.01970177419604976,0.1969839396402114,42,40,13
WMT,1982-01-07,0.3154299855232239,0.3193359971046448,0.3105469942092895,0.3105469942092895,0.1850837022066116,4569600,False,0.0031518715776059684,0.019027987443257725,0.19024722812775421,42,40,13
WMT,1982-01-08,0.3164060115814209,0.3193359971046448,0.3134770095348358,0.3183589875698089,0.1897394657135009,3264000,False,0.02484373095694035,0.02636332088004992,0.2635879772692002,39,40,13
WMT,1982-01-11,0.3164060115814209,0.3183589875698089,0.3134770095348358,0.3134770095348358,0.1868298649787902,4864000,True,-0.015453508297306696,0.026034723794458765,0.26030257018707986,39,40,13
WMT,1982-01-12,0.3085939884185791,0.3105469942092895,0.3056640028953552,0.3085939884185791,0.183919608592987,2905600,False,-0.015699637460576475,0.02424891097560443,0.2424475059163478,40,40,13
WMT,1982-01-13,0.3056640028953552,0.3085939884185791,0.3027339875698089,0.3027339875698089,0.1804270446300506,4403200,False,-0.019172241122210866,0.01857609871081311,0.18572911610849205,42,40,13
WMT,1982-01-14,0.3017579913139343,0.3027339875698089,0.3007810115814209,0.3017579913139343,0.1798453032970428,857600,False,-0.003229455948841491,0.018135870046249267,0.18132758476286726,42,40,13
WMT,1982-01-15,0.3076170086860657,0.3105469942092895,0.3046880066394806,0.3046880066394806,0.1815916448831558,3840000,False,0.009663401511804929,0.011951813199902989,0.11949762628143493,45,48,16
WMT,1982-01-18,0.3056640028953552,0.3076170086860657,0.3027339875698089,0.3076170086860657,0.1833373606204986,1369600,True,0.009567499581927102,0.013584757608887969,0.13582426872969788,44,48,16
WMT,1982-01-19,0.3095700144767761,0.3115229904651642,0.3076170086860657,0.3095700144767761,0.1845012605190277,4121600,False,0.006328339200657401,0.012257410550350477,0.12255307547274817,45,48,16
WMT,1982-01-20,0.3125,0.3144530057907104,0.3095700144767761,0.3125,0.1862475723028183,1446400,False,0.009420527020282557,0.005534562195130444,0.055336126306795366,47,48,16
WMT,1982-01-21,0.3154299855232239,0.3183589875698089,0.3125,0.3154299855232239,0.1879938393831253,6105600,False,0.009332370495353987,0.0014223757424294127,0.014221317055222059,49,48,16
WMT,1982-01-22,0.3144530057907104,0.3173829913139343,0.3105469942092895,0.3125,0.1862475723028183,6924800,False,-0.009332370495353945,0.008159869135911952,0.08158469147731796,46,48,16
WMT,1982-01-25,0.3085939884185791,0.3095700144767761,0.306641012430191,0.306641012430191,0.1827557533979416,3187200,True,-0.018926242082969856,0.01283709449615671,0.12834892036746784,44,48,16
WMT,1982-01-26,0.3056640028953552,0.306641012430191,0.3046880066394806,0.306641012430191,0.1827557533979416,972800,False,0.0,0.012278675855701743,0.12276569204139123,45,48,16
WMT,1982-01-27,0.306641012430191,0.3076170086860657,0.3046880066394806,0.306641012430191,0.1827557533979416,486400,False,0.0,0.010732525211147434,0.10730683832543371,45,48,16
WMT,1982-01-28,0.3125,0.3164060115814209,0.3076170086860657,0.3164060115814209,0.1885755807161331,3686400,False,0.0313483047558733,0.01888188781585711,0.1887864825167772,42,40,13
WMT,1982-01-29,0.3261719942092895,0.3310549855232239,0.3203130066394806,0.3310549855232239,0.1973063051700592,3916800,False,0.045258484559554724,0.026095211099311857,0.2609073394575839,39,40,13
WMT,1982-02-01,0.337891012430191,0.3476560115814209,0.3271479904651642,0.34375,0.2048723548650741,3392000,True,0.037629756219469394,0.02143039617973702,0.2142671936815488,41,40,13
WMT,1982-02-02,0.3427729904651642,0.34375,0.3408200144767761,0.3417969942092895,0.2037082314491272,6092800,False,-0.005698393927792717,0.023040240945627184,0.23036287933090518,40,40,13
WMT,1982-02-03,0.3388670086860657,0.3417969942092895,0.3359380066394806,0.3369140028953552,0.2007980942726135,1945600,False,-0.01438883498480991,0.02698951968041788,0.26984889090403347,39,40,13
WMT,1982-02-04,0.3408200144767761,0.34375,0.337891012430191,0.3398439884185791,0.2025443166494369,9062400,False,0.00865881315617816,0.026256013454835726,0.262515087124333,39,40,13
WMT,1982-02-05,0.3408200144767761,0.34375,0.337891012430191,0.34375,0.2048723548650741,7436800,False,0.011428415756424424,0.019861349652409474,0.19857942042030904,42,40,13
WMT,1982-02-08,0.337891012430191,0.3417969942092895,0.3339839875698089,0.3339839875698089,0.1990517675876617,1216000,True,-0.028822196485133206,0.016655848865592203,0.16652991222760696,43,40,13
WMT,1982-02-09,0.3271479904651642,0.3320310115814209,0.322266012430191,0.3271479904651642,0.194977656006813,2380800,False,-0.02067996210778519,0.017939120570940083,0.17936042757271337,42,40,13
WMT,1982-02-10,0.3251950144767761,0.3271479904651642,0.322266012430191,0.3232420086860657,0.1926498711109161,1651200,False,-0.012010565378401866,0.017783439821356647,0.1778038871782328,42,40,13
WMT,1982-02-11,0.328125,0.3320310115814209,0.3232420086860657,0.3251950144767761,0.1938137412071228,4262400,False,0.006023198965028612,0.017184621515501822,0.17181673151183544,43,40,13
WMT,1982-02-12,0.328125,0.3291020095348358,0.3261719942092895,0.3291020095348358,0.1961423754692077,3200000,False,0.011943199976299808,0.017337070041089687,0.17334095521188475,43,40,13
WMT,1982-02-16,0.3271479904651642,0.328125,0.3251950144767761,0.3261719942092895,0.19439597427845,2214400,True,-0.008943617613183897,0.01340512326785044,0.13402823351783658,44,48,16
WMT,1982-02-17,0.328125,0.3310549855232239,0.3251950144767761,0.3310549855232239,0.1973063051700592,2752000,False,0.014860186423706189,0.012204459032356056,0.12202365114168656,45,48,16
WMT,1982-02-18,0.3291020095348358,0.3300780057907104,0.328125,0.3291020095348358,0.1961423754692077,1267200,False,-0.005916568810522423,0.01060872136864563,0.10606901231058215,45,48,16
WMT,1982-02-19,0.3300780057907104,0.3310549855232239,0.328125,0.3310549855232239,0.1973063051700592,1766400,False,0.005916568810522288,0.010602720959588644,0.10600901851490993,45,48,16
WMT,1982-02-22,0.3330079913139343,0.3359380066394806,0.3300780057907104,0.3339839875698089,0.1990517675876617,1702400,True,0.008807559734336199,0.01006277950829515,0.10061053037914747,45,48,16
WMT,1982-02-23,0.328125,0.3300780057907104,0.3261719942092895,0.328125,0.1955600976943969,3699200,False,-0.017697192253184526,0.012985289107876257,0.12983061222727105,44,48,16
WMT,1982-02-24,0.3261719942092895,0.328125,0.3242189884185791,0.3242189884185791,0.1932320296764373,3827200,False,-0.011976044160268805,0.0113701982851289,0.11368247500999881,45,48,16
WMT,1982-02-25,0.3251950144767761,0.3271479904651642,0.3232420086860657,0.3271479904651642,0.194977656006813,1254400,False,0.00899327430566804,0.01267852253211678,0.12676347278887698,44,48,16
WMT,1982-02-26,0.3251950144767761,0.3271479904651642,0.3232420086860657,0.3242189884185791,0.1932320296764373,665600,False,-0.008993274305668026,0.012337666196117479,0.12335549423586258,45,48,16
WMT,1982-03-01,0.322266012430191,0.3261719942092895,0.3173829913139343,0.3242189884185791,0.1932320296764373,4556800,True,0.0,0.010515155978385794,0.10513351893805879,45,48,16
WMT,1982-03-02,0.3261719942092895,0.3291020095348358,0.322266012430191,0.3291020095348358,0.1961423754692077,8908800,False,0.014949107868594715,0.011477059768368667,0.11475090650022401,45,48,16
WMT,1982-03-03,0.3242189884185791,0.328125,0.3203130066394806,0.328125,0.1955600976943969,5491200,False,-0.002973063708325869,0.009557559476781908,0.09555919686967175,46,48,16
WMT,1982-03-04,0.3242189884185791,0.3261719942092895,0.322266012430191,0.322266012430191,0.1920679062604904,7232000,False,-0.01801874933422751,0.012172233858304491,0.12170145468987963,45,48,16
WMT,1982-03-05,0.322266012430191,0.3232420086860657,0.3173829913139343,0.3203130066394806,0.1909040212631225,2278400,False,-0.006078192666219359,0.011880145776122194,0.11878107500337612,45,48,16
WMT,1982-03-08,0.3183589875698089,0.3232420086860657,0.3125,0.3144530057907104,0.1874115616083145,1766400,True,-0.018463732555953103,0.013672602021398784,0.1367025621402086,44,48,16
WMT,1982-03-09,0.3164060115814209,0.3183589875698089,0.3134770095348358,0.3183589875698089,0.1897394657135009,4953600,False,0.012344835357053694,0.012683282167076535,0.12681106097237213,44,48,16
WMT,1982-03-10,0.322266012430191,0.3242189884185791,0.3203130066394806,0.3212890028953552,0.1914857327938079,17548800,False,0.009161405389815564,0.014579074436126778,0.14576573105339702,44,48,16
WMT,1982-03-11,0.3232420086860657,0.3261719942092895,0.3203130066394806,0.3203130066394806,0.1909040212631225,25804800,False,-0.0030425081909162474,0.012410158395131557,0.12408029185118792,45,48,16
WMT,1982-03-12,0.3154299855232239,0.3203130066394806,0.3105469942092895,0.3134770095348358,0.1868298649787902,4019200,False,-0.02157240549620605,0.015482147200994608,0.15479490930076067,43,40,13
WMT,1982-03-15,0.3125,0.3134770095348358,0.3105469942092895,0.3115229904651642,0.1856652349233627,2726400,True,-0.006253149910786513,0.013532599363035998,0.1353027757590443,44,48,16
WMT,1982-03-16,0.3134770095348358,0.3144530057907104,0.3125,0.3144530057907104,0.1874115616083145,3878400,False,0.009361822851039517,0.012794759694925379,0.12792564498894357,44,48,16
WMT,1982-03-17,0.3173829913139343,0.3203130066394806,0.3134770095348358,0.3193359971046448,0.1903217285871505,3046400,False,0.015408885767484245,0.014416738179387286,0.14414264700620488,44,48,16
WMT,1982-03-18,0.3193359971046448,0.3203130066394806,0.3183589875698089,0.3203130066394806,0.1909040212631225,2432000,False,0.0030548467884687716,0.014481713808197608,0.14479229181566694,44,48,16
WMT,1982-03-19,0.3232420086860657,0.3242189884185791,0.3212890028953552,0.322266012430191,0.1920679062604904,1971200,False,0.006078192666219371,0.00802410073991358,0.08022724045507683,46,48,16
WMT,1982-03-22,0.3261719942092895,0.328125,0.3232420086860657,0.328125,0.1955600976943969,6323200,True,0.01801874933422748,0.00626179253175476,0.06260718196445575,47,48,16
WMT,1982-03-23,0.3359380066394806,0.3417969942092895,0.3300780057907104,0.3349609971046448,0.2000626623630523,8256000,False,0.022762892018814353,0.00826288669583364,0.08261469032937893,46,48,16
WMT,1982-03-24,0.3398439884185791,0.3427729904651642,0.3359380066394806,0.3369140028953552,0.2012293040752411,6950400,False,0.005814444825983803,0.00868564585211437,0.08684155656459581,46,48,16
WMT,1982-03-25,0.337891012430191,0.3388670086860657,0.3359380066394806,0.337891012430191,0.2018128186464309,1792000,False,0.0028955533230259974,0.008722954702343761,0.08721458105612134,46,48,16
WMT,1982-03-26,0.3369140028953552,0.3388670086860657,0.3349609971046448,0.3369140028953552,0.2012293040752411,1216000,False,-0.00289555332302597,0.010714030029786773,0.1071219182439969,45,48,16
WMT,1982-03-29,0.3388670086860657,0.3417969942092895,0.3359380066394806,0.3398439884185791,0.2029792964458465,870400,True,0.008658911771782615,0.009570718241751193,0.09569076194288069,46,48,16
WMT,1982-03-30,0.3457030057907104,0.3515630066394806,0.3388670086860657,0.3515630066394806,0.2099787890911102,8640000,False,0.03390253539897385,0.014202900240633401,0.14200463450026882,44,48,16
WMT,1982-03-31,0.3574219942092895,0.3642579913139343,0.3496089875698089,0.3574219942092895,0.2134781777858734,5977600,False,0.01652809438078972,0.014282771416544977,0.14280320922446363,44,48,16
WMT,1982-04-01,0.3613280057907104,0.3662109971046448,0.3564450144767761,0.3662109971046448,0.2187275141477584,7091200,False,0.02429211181789469,0.01414589188504733,0.14143464875360415,44,48,16
WMT,1982-04-02,0.3662109971046448,0.3701170086860657,0.3613280057907104,0.3681640028953552,0.2198939770460128,4416000,False,0.005318780185433062,0.011644519097842148,0.11642521248510371,45,48,16
WMT,1982-04-05,0.3632810115814209,0.3671880066394806,0.359375,0.359375,0.2146445363759994,5913600,True,-0.024162166966452178,0.02236216549857697,0.223583288233976,41,40,13
WMT,1982-04-06,0.353516012430191,0.3574219942092895,0.3496089875698089,0.3496089875698089,0.2088115960359573,4825600,False,-0.027550949668744537,0.023602038988441053,0.23597989588253254,40,40,13
WMT,1982-04-07,0.3544920086860657,0.3583979904651642,0.3505859971046448,0.3583979904651642,0.2140610963106155,1856000,False,0.024829080016916378,0.025378422556508108,0.2537406838231508,39,40,13
WMT,1982-04-08,0.3642579913139343,0.3681640028953552,0.359375,0.3681640028953552,0.2198939770460128,18956800,False,0.026884036618280486,0.026003515712652525,0.2599905429127017,39,40,13
WMT,1982-04-12,0.3730469942092895,0.3759770095348358,0.369141012430191,0.375,0.2239768952131271,7129600,True,0.018397392492860112,0.02717016295485261,0.2716550137188405,39,40,13
WMT,1982-04-13,0.3759770095348358,0.3759770095348358,0.375,0.3759770095348358,0.2245604991912841,1305600,False,0.002602254861117863,0.022558852771058353,0.22554982350257322,40,40,13
WMT,1982-04-14,0.3769530057907104,0.3789060115814209,0.375,0.3789060115814209,0.2263099402189254,4019200,False,0.0077603216106915535,0.010600819668624042,0.1059900088673075,45,48,16
WMT,1982-04-15,0.3828130066394806,0.3867189884185791,0.3779299855232239,0.3857420086860657,0.2303928434848785,3187200,False,0.017880390438848606,0.00957536941147189,0.09573726566007901,46,48,16
WMT,1982-04-16,0.3867189884185791,0.3876950144767761,0.384766012430191,0.3867189884185791,0.230976402759552,5376000,False,0.0025296856720369064,0.00787444248341585,0.07873091465866613,46,48,16
WMT,1982-04-19,0.3886719942092895,0.3896479904651642,0.3867189884185791,0.3876950144767761,0.2315593659877777,3878400,True,0.002520728455172282,0.006666449982313759,0.06665306219953923,47,48,16
WMT,1982-04-20,0.3896479904651642,0.3935549855232239,0.384766012430191,0.3876950144767761,0.2315593659877777,3468800,False,0.0,0.007146595169933124,0.07145369029096842,47,48,16
WMT,1982-04-21,0.390625,0.3916020095348358,0.3886719942092895,0.3886719942092895,0.2321428954601287,1894400,False,0.0025168295645407518,0.0072332523507357,0.07232011342132934,47,48,16
WMT,1982-04-22,0.3964839875698089,0.4023439884185791,0.390625,0.3984380066394806,0.2379757761955261,3699200,False,0.024815777032875033,0.010309929632350275,0.10308160758440277,45,48,16
WMT,1982-04-23,0.4033200144767761,0.40625,0.400391012430191,0.4042969942092895,0.2414752095937729,4812800,False,0.01459792823755083,0.010564419529225,0.10562606992501092,45,48,16
WMT,1982-04-26,0.4091799855232239,0.4140630066394806,0.4042969942092895,0.4140630066394806,0.2473081350326538,5158400,True,0.02386825334932136,0.011608769769814668,0.11606778053992615,45,48,16
WMT,1982-04-27,0.4140630066394806,0.4179689884185791,0.4091799855232239,0.4101560115814209,0.2449747174978256,9510400,False,-0.009480058053828672,0.014666815226736086,0.14664298842267667,44,48,16
WMT,1982-04-28,0.4013670086860657,0.40625,0.3955079913139343,0.3984380066394806,0.2379757761955261,2841600,False,-0.028986123533043598,0.023481472040468472,0.2347744332594355,40,40,13
WMT,1982-04-29,0.4052729904651642,0.4140630066394806,0.3955079913139343,0.4121089875698089,0.24614118039608,3328000,False,0.033736387561118755,0.02560944631133268,0.256050525004101,39,40,13
WMT,1982-04-30,0.4082030057907104,0.4101560115814209,0.40625,0.40625,0.2426417469978332,1753600,False,-0.014319212049015345,0.026637844444719276,0.26633274191600476,39,40,13
WMT,1982-05-03,0.4042969942092895,0.4052729904651642,0.4033200144767761,0.4052729904651642,0.2420581877231598,1574400,True,-0.0024079209210941125,0.023382518456619428,0.23378506719554007,40,40,13
WMT,1982-05-04,0.4052729904651642,0.40625,0.4042969942092895,0.4052729904651642,0.2420581877231598,2227200,False,0.0,0.023240525177386038,0.2323653780209766,40,40,13
WMT,1982-05-05,0.4082030057907104,0.4101560115814209,0.4052729904651642,0.4101560115814209,0.2449747174978256,1356800,False,0.011976868942034265,0.01819607155886282,0.18192949660130944,42,40,13
WMT,1982-05-06,0.4130859971046448,0.4150390028953552,0.4101560115814209,0.4121089875698089,0.24614118039608,9945600,False,0.004750264028075235,0.009706290677416513,0.09704625369800031,46,48,16
WMT,1982-05-07,0.4101560115814209,0.4130859971046448,0.40625,0.40625,0.2426417469978332,8704000,False,-0.014319212049015345,0.009706290677416513,0.09704625369800031,46,48,16
WMT,1982-05-10,0.4052729904651642,0.4052729904651642,0.4042969942092895,0.4052729904651642,0.2420581877231598,345600,True,-0.0024079209210941125,0.009706290677416515,0.09704625369800032,46,48,16
WMT,1982-05-11,0.3984380066394806,0.4033200144767761,0.3925780057907104,0.4033200144767761,0.2408917695283889,2598400,False,-0.004830398865286455,0.00994377339615373,0.09942067343643711,46,48,16
WMT,1982-05-12,0.4023439884185791,0.4033200144767761,0.4013670086860657,0.4013670086860657,0.2397252172231674,3635200,False,-0.0048544043519802,0.006827432018449936,0.06826260636413356,47,48,16
WMT,1982-05-13,0.400391012430191,0.4013670086860657,0.3984380066394806,0.3984380066394806,0.2379757761955261,678400,False,-0.007324451373742755,0.004575880529163736,0.04575095445659586,48,48,16
WMT,1982-05-14,0.390625,0.3984380066394806,0.3828130066394806,0.384766012430191,0.2298098057508468,5235200,False,-0.03491685249173818,0.013556298665234964,0.1355397281201577,44,48,16
WMT,1982-05-17,0.3857420086860657,0.3867189884185791,0.384766012430191,0.384766012430191,0.2298098057508468,1715200,True,0.0,0.0139684291467636,0.1396603258434635,44,48,16
WMT,1982-05-18,0.3818359971046448,0.384766012430191,0.3789060115814209,0.3798829913139343,0.2268934994935989,1062400,False,-0.012771293146138053,0.013626204310439932,0.1362386646351405,44,48,16
WMT,1982-05-19,0.3808589875698089,0.3837890028953552,0.3779299855232239,0.3798829913139343,0.2268934994935989,6579200,False,0.0,0.01441061187535216,0.1440813944767492,44,48,16
WMT,1982-05-20,0.3828130066394806,0.384766012430191,0.3798829913139343,0.384766012430191,0.2298098057508468,1472000,False,0.012771293146138132,0.01803857760185817,0.18035482724353546,42,40,13
WMT,1982-05-21,0.3867189884185791,0.3896479904651642,0.3837890028953552,0.3896479904651642,0.2327257990837097,1190400,False,0.012608897284341395,0.010646587362047731,0.10644760727794461,45,48,16
WMT,1982-05-24,0.3896479904651642,0.390625,0.3876950144767761,0.390625,0.2333093583583831,320000,True,0.0025043586105142693,0.010556820772344907,0.10555009539339189,45,48,16
WMT,1982-05-25,0.390625,0.390625,0.3896479904651642,0.390625,0.2333093583583831,1996800,False,0.0,0.006573667476337345,0.06572539632665607,47,48,16
WMT,1982-05-26,0.3867189884185791,0.390625,0.3828130066394806,0.3828130066394806,0.228643536567688,19353600,False,-0.020201109298305875,0.013459567220270615,0.13457257963258704,44,48,16
WMT,1982-05-27,0.3798829913139343,0.3837890028953552,0.375,0.3789060115814209,0.2263099402189254,2918400,False,-0.010258705268285066,0.012564618784783871,0.12562463074012795,44,48,16
WMT,1982-05-28,0.3798829913139343,0.3818359971046448,0.3769530057907104,0.3818359971046448,0.2280597537755966,1280000,False,0.007702195944225018,0.011145431540045988,0.11143519319131792,45,48,16
WMT,1982-06-01,0.3837890028953552,0.384766012430191,0.3818359971046448,0.3818359971046448,0.2280597537755966,7244800,True,0.0,0.010828986932703732,0.1082712900416881,45,48,16
WMT,1982-06-02,0.3798829913139343,0.3808589875698089,0.3789060115814209,0.3808589875698089,0.227476492524147,166400,False,-0.002560769093204444,0.010618416314032026,0.10616594513083505,45,48,16
WMT,1982-06-03,0.3867189884185791,0.3896479904651642,0.3828130066394806,0.3886719942092895,0.2321428954601287,947200,False,0.020306207279577992,0.011590122266156244,0.11588133749685096,45,48,16
WMT,1982-06-04,0.3857420086860657,0.3896479904651642,0.3808589875698089,0.3828130066394806,0.228643536567688,3584000,False,-0.015188928862313445,0.01311372151623307,0.1311147159594455,44,48,16
WMT,1982-06-07,0.3808589875698089,0.384766012430191,0.3759770095348358,0.3759770095348358,0.2245604991912841,2803200,True,-0.018019026878976597,0.015218989718870842,0.1521637859786321,43,40,13
WMT,1982-06-08,0.3798829913139343,0.3808589875698089,0.3779299855232239,0.3779299855232239,0.2257270812988281,704000,False,0.00518150963129037,0.015652449483656135,0.15649763993986804,43,40,13
WMT,1982-06-09,0.3798829913139343,0.3808589875698089,0.3789060115814209,0.3798829913139343,0.2268934994935989,1766400,False,0.005154077504998492,0.015967360958592712,0.15964621439583526,43,40,13
WMT,1982-06-10,0.384766012430191,0.3867189884185791,0.3818359971046448,0.3867189884185791,0.230976402759552,908800,False,0.017834810585288297,0.015180633362026704,0.15178028821816547,43,40,13
WMT,1982-06-11,0.3876950144767761,0.3876950144767761,0.3867189884185791,0.3876950144767761,0.2315593659877777,5734400,False,0.002520728455172282,0.012946196421027338,0.1294397524300775,44,48,16
WMT,1982-06-14,0.3867189884185791,0.3876950144767761,0.3857420086860657,0.3857420086860657,0.2303928434848785,7052800,True,-0.005050414127209206,0.008244157893917286,0.08242743444320783,46,48,16
WMT,1982-06-15,0.3857420086860657,0.3867189884185791,0.3828130066394806,0.3867189884185791,0.2313981354236602,1382400,False,0.004353889845199267,0.008251123947543886,0.08249708302782045,46,48,16
WMT,1982-06-16,0.3867189884185791,0.3886719942092895,0.3857420086860657,0.3867189884185791,0.2313981354236602,1420800,False,0.0,0.008538182007073994,0.08536717111780845,46,48,16
WMT,1982-06-17,0.3886719942092895,0.390625,0.3857420086860657,0.390625,0.2337353378534317,1574400,False,0.010049683519757303,0.005559123326650516,0.05558169548247982,47,48,16
WMT,1982-06-18,0.390625,0.3925780057907104,0.3886719942092895,0.3886719942092895,0.2325666546821594,3046400,False,-0.005012569695145515,0.00645788064927185,0.0645677267113798,47,48,16
WMT,1982-06-21,0.3896479904651642,0.3935549855232239,0.3857420086860657,0.390625,0.2337353378534317,5465600,True,0.005012569695145607,0.005672557192150416,0.056715839519074676,47,48,16
WMT,1982-06-22,0.390625,0.390625,0.3896479904651642,0.390625,0.2337353378534317,6348800,False,0.0,0.005723823481188531,0.057228414451919375,47,48,16
WMT,1982-06-23,0.390625,0.3925780057907104,0.3886719942092895,0.3886719942092895,0.2325666546821594,3404800,False,-0.005012569695145515,0.006544066024975388,0.06542943260022603,47,48,16
WMT,1982-06-24,0.400391012430191,0.4091799855232239,0.3916020095348358,0.4091799855232239,0.2448378354310989,2419200,False,0.05141922444954467,0.02391965032530756,0.23915546432564783,40,40,13
WMT,1982-06-25,0.4082030057907104,0.4111329913139343,0.4042969942092895,0.4111329913139343,0.2460064589977264,4659200,False,0.004761696480863594,0.022834200943694993,0.2283028328142713,40,40,13
WMT,1982-06-28,0.4199219942092895,0.4228520095348358,0.416016012430191,0.4228520095348358,0.2530186772346496,4121600,True,0.028105517388591753,0.0235838244867072,0.23579778211580196,40,40,13
WMT,1982-06-29,0.4189450144767761,0.421875,0.416016012430191,0.4169920086860657,0.2495123744010925,2137600,False,-0.013954798304929433,0.02656631591538048,0.2656175793440648,39,40,13
WMT,1982-06-30,0.4150390028953552,0.4169920086860657,0.4121089875698089,0.4130859971046448,0.2471750825643539,7820800,False,-0.009411588944541034,0.027375145578509834,0.27370448826686783,39,40,13
WMT,1982-07-01,0.4091799855232239,0.4121089875698089,0.40625,0.40625,0.2430848181247711,6643200,False,-0.016686493595925504,0.01846632455171859,0.18463156285699528,42,40,13
WMT,1982-07-02,0.4052729904651642,0.4072270095348358,0.4023439884185791,0.4023439884185791,0.2407476007938385,5158400,False,-0.009661343140609503,0.018382246118997216,0.1837909227830901,42,40,13
WMT,1982-07-06,0.4042969942092895,0.4042969942092895,0.4042969942092895,0.4042969942092895,0.241916075348854,3776000,True,0.004841784851321491,0.008304076465312699,0.08302651735491068,46,48,16
WMT,1982-07-07,0.4023439884185791,0.4042969942092895,0.3994140028953552,0.400391012430191,0.239578902721405,3136000,False,-0.009708059646369237,0.007873347780285108,0.07871996950554011,46,48,16
WMT,1982-07-08,0.3945310115814209,0.400391012430191,0.3876950144767761,0.390625,0.2337353378534317,5068800,False,-0.02469336984280126,0.010886954830430834,0.10885086956347731,45,48,16
WMT,1982-07-09,0.3925780057907104,0.3984380066394806,0.3867189884185791,0.3896479904651642,0.2331506460905075,39360000,False,-0.002504646053603825,0.010941445473911201,0.10939568250872185,45,48,16
WMT,1982-07-12,0.390625,0.3925780057907104,0.390625,0.3925780057907104,0.2349040061235427,6988800,True,0.007492151723806676,0.012933477910587635,0.12931258914681998,44,48,16
WMT,1982-07-13,0.3945310115814209,0.3984380066394806,0.390625,0.3964839875698089,0.2372411340475082,8979200,False,0.009900121018069252,0.014038066300412934,0.14035657790354075,44,48,16
WMT,1982-07-14,0.40625,0.4296880066394806,0.400391012430191,0.4257810115814209,0.2547713816165924,3174400,False,0.07128953321463018,0.035694280906053845,0.3568815684076122,35,32,10
WMT,1982-07-15,0.4238280057907104,0.4277339875698089,0.4199219942092895,0.421875,0.2524340450763702,2662400,False,-0.009216593367208994,0.032182974398104414,0.3217745276742516,37,40,13
WMT,1982-07-16,0.4296880066394806,0.4414060115814209,0.4179689884185791,0.4414060115814209,0.2641208171844482,4249600,False,0.045256632334435665,0.0326279899890404,0.3262239200706716,36,32,10
WMT,1982-07-19,0.4511719942092895,0.4589839875698089,0.4414060115814209,0.4511719942092895,0.2699643075466156,8025600,True,0.021883116677285243,0.03131179620689351,0.31306424044195935,37,40,13
WMT,1982-07-20,0.447266012430191,0.4511719942092895,0.4433589875698089,0.4433589875698089,0.2652894258499145,4243200,False,-0.01746835297042376,0.03708760149928648,0.3708123838207657,35,32,10
WMT,1982-07-21,0.4375,0.4433589875698089,0.431641012430191,0.4414060115814209,0.2641208171844482,2304000,False,-0.004414763706861578,0.02586907309606085,0.25864634740988873,39,40,13
WMT,1982-07-22,0.431641012430191,0.4414060115814209,0.421875,0.4335939884185791,0.2594465017318725,7980800,False,-0.017856116988006106,0.027478856988110395,0.27474142442528016,39,40,13
WMT,1982-07-23,0.4335939884185791,0.4375,0.4296880066394806,0.431641012430191,0.2582777738571167,1459200,False,-0.004514873708453632,0.016144945363354823,0.16142175376201662,43,40,13
WMT,1982-07-26,0.4277339875698089,0.431641012430191,0.421875,0.421875,0.2524340450763702,1209600,True,-0.02288564163797602,0.008456682362041616,0.08455231449636896,46,48,16
WMT,1982-07-27,0.4121089875698089,0.4179689884185791,0.40625,0.40625,0.2430848181247711,3366400,False,-0.03773957875723462,0.01395177257546084,0.1394937887081037,44,48,16
WMT,1982-07-28,0.40625,0.40625,0.3925780057907104,0.3964839875698089,0.2372411340475082,131833600,False,-0.024333361090186547,0.011994149046986771,0.11992091211668936,45,48,16
WMT,1982-07-29,0.4082030057907104,0.4179689884185791,0.3964839875698089,0.4179689884185791,0.2500969469547272,11097600,False,0.05277156338188605,0.0356228756340538,0.35616763819758723,35,32,10
WMT,1982-07-30,0.4238280057907104,0.4296880066394806,0.4179689884185791,0.4257810115814209,0.2547713816165924,4870400,False,0.018517969832744157,0.03751841345349613,0.37511976421909204,34,32,10
WMT,1982-08-02,0.4257810115814209,0.4277339875698089,0.421875,0.4257810115814209,0.2547713816165924,3398400,True,0.0,0.03580206787517473,0.35795925316879307,35,32,10
WMT,1982-08-03,0.4277339875698089,0.4296880066394806,0.4238280057907104,0.4257810115814209,0.2547713816165924,2297600,False,0.0,0.028630792646747425,0.28625880463644204,38,40,13
WMT,1982-08-04,0.416016012430191,0.4238280057907104,0.40625,0.40625,0.2430848181247711,7852800,False,-0.04695617212444359,0.03610475286124441,0.3609855837130698,35,32,10
WMT,1982-08-05,0.3984380066394806,0.40625,0.390625,0.390625,0.2337353378534317,4876800,False,-0.039220987778458664,0.028153729723763263,0.2814889939031256,38,40,13
WMT,1982-08-06,0.400391012430191,0.4140630066394806,0.3867189884185791,0.3984380066394806,0.2384102493524551,25625600,False,0.01980348607655205,0.02852303073062724,0.28518137036228475,38,40,13
WMT,1982-08-09,0.3984380066394806,0.4042969942092895,0.390625,0.390625,0.2337353378534317,2515200,True,-0.01980348607655199,0.027578177635046337,0.27573446049027467,38,40,13
WMT,1982-08-10,0.390625,0.3945310115814209,0.3867189884185791,0.390625,0.2337353378534317,2841600,False,0.0,0.027578177635046337,0.27573446049027467,38,40,13
WMT,1982-08-11,0.3886719942092895,0.3945310115814209,0.3828130066394806,0.390625,0.2337353378534317,4800000,False,0.0,0.02244429118630609,0.22440440420828187,41,40,13
WMT,1982-08-12,0.3984380066394806,0.400391012430191,0.3945310115814209,0.3945310115814209,0.2360726594924926,3296000,False,0.009950196405276742,0.01469320632444853,0.1469068541206131,44,48,16
WMT,1982-08-13,0.3945310115814209,0.3984380066394806,0.3886719942092895,0.390625,0.2337353378534317,2899200,False,-0.009950196405276605,0.011311004217514483,0.11309063589307529,45,48,16
WMT,1982-08-16,0.4023439884185791,0.4140630066394806,0.390625,0.4082030057907104,0.2442533373832702,1772800,True,0.04401651418930183,0.020904399262528357,0.2090081269620072,41,40,13
WMT,1982-08-17,0.4179689884185791,0.4238280057907104,0.4101560115814209,0.4238280057907104,0.2536027133464813,6675200,False,0.037562967191576334,0.02353402051363632,0.23529982783373513,40,40,13
WMT,1982-08-18,0.4414060115814209,0.4511719942092895,0.431641012430191,0.4355469942092895,0.2606149613857269,5075200,False,0.027275152524800644,0.02191181486848419,0.219080554599311,41,40,13
WMT,1982-08-19,0.453125,0.4570310115814209,0.447266012430191,0.447266012430191,0.2676272392272949,21222400,False,0.026551039561761053,0.02090761067290093,0.20904023555591839,41,40,13
WMT,1982-08-20,0.4570310115814209,0.4609380066394806,0.453125,0.4570310115814209,0.2734702229499817,13638400,False,0.021597627986367624,0.009134712281078199,0.09133145039127424,46,48,16
WMT,1982-08-23,0.4863280057907104,0.5078129768371582,0.4648439884185791,0.5078129768371582,0.3038561046123504,12403200,True,0.10536150735994385,0.03497205086212694,0.3496605070979272,36,32,10
WMT,1982-08-24,0.5039060115814209,0.5117189884185791,0.494141012430191,0.4980469942092895,0.2980126738548279,13708800,False,-0.01941823393925561,0.045237143067568056,0.45229381734078056,31,32,10
WMT,1982-08-25,0.5,0.5058590173721313,0.4921880066394806,0.4980469942092895,0.2980126738548279,9747200,False,0.0,0.04757467959001402,0.4756651720554543,30,32,10
WMT,1982-08-26,0.494141012430191,0.5019530057907104,0.484375,0.4921880066394806,0.2945067286491394,10784000,False,-0.011834164779535314,0.050627720040428426,0.5061903384602209,29,32,10
WMT,1982-08-27,0.484375,0.4921880066394806,0.4765630066394806,0.4765630066394806,0.2851574122905731,6604800,False,-0.03226049891513477,0.05547215756927448,0.5546264021505823,27,24,8
WMT,1982-08-30,0.4765630066394806,0.4882810115814209,0.4648439884185791,0.4726560115814209,0.2832373678684234,2489600,True,-0.006756049817521224,0.012409213004379548,0.12407083956567408,45,48,16
WMT,1982-08-31,0.4824219942092895,0.4902339875698089,0.4746089875698089,0.4902339875698089,0.2937709987163543,5164800,False,0.03651524609224484,0.025093293563056715,0.25088988308425264,39,40,13
WMT,1982-09-01,0.4960939884185791,0.5,0.4921880066394806,0.494141012430191,0.2961122095584869,10169600,False,0.007937920939941797,0.025566675190825297,0.2556228871814089,39,40,13
WMT,1982-09-02,0.5,0.5058590173721313,0.4921880066394806,0.5058590173721313,0.3031339943408966,5875200,False,0.023436464468758675,0.02676422365071848,0.26759631714728094,39,40,13
WMT,1982-09-03,0.5292969942092896,0.5429689884185791,0.515625,0.5234379768371582,0.3136683702468872,10451200,False,0.03416134877883693,0.018317060749381435,0.18313918092542558,42,40,13
WMT,1982-09-07,0.5175780057907104,0.5273439884185791,0.5078129768371582,0.515625,0.308986634016037,5024000,True,-0.015038261732156643,0.021357352839981757,0.2135368856044034,41,40,13
WMT,1982-09-08,0.5136719942092896,0.5175780057907104,0.5097659826278687,0.5117189884185791,0.306645780801773,4979200,False,-0.007604747376186842,0.020587013695957206,0.20583481583449154,41,40,13
WMT,1982-09-09,0.53125,0.5410159826278687,0.5195310115814209,0.5410159826278687,0.3242018520832062,5779200,False,0.05567304909056549,0.029398358604676655,0.2939331473033541,38,40,13
WMT,1982-09-10,0.53125,0.5390629768371582,0.5234379768371582,0.5332030057907104,0.3195200562477112,10073600,False,-0.014546276359398277,0.03243362540627256,0.3242806077141726,37,40,13
WMT,1982-09-13,0.53125,0.5351560115814209,0.5253909826278687,0.53125,0.318349689245224,7840000,True,-0.003669615384993012,0.029852296096851055,0.29847174340485855,38,40,13
WMT,1982-09-14,0.5371090173721313,0.5410159826278687,0.53125,0.5390629768371582,0.3230315446853637,1817600,False,0.014599549698018688,0.028285739863107826,0.28280886880686695,38,40,13
WMT,1982-09-15,0.5371090173721313,0.5429689884185791,0.53125,0.5429689884185791,0.3253723382949829,3648000,False,0.007220202839957778,0.026865760734579094,0.2686115137787829,39,40,13
WMT,1982-09-16,0.5429689884185791,0.546875,0.5390629768371582,0.546875,0.3277128636837005,2784000,False,0.007167626527034274,0.011385388614845577,0.11383435224512746,45,48,16
WMT,1982-09-17,0.5410159826278687,0.5449219942092896,0.5371090173721313,0.5429689884185791,0.3253723382949829,6393600,False,-0.007167626527034257,0.008882686837839512,0.08881162835876508,46,48,16
WMT,1982-09-20,0.5371090173721313,0.5429689884185791,0.5292969942092896,0.53125,0.318349689245224,2316800,True,-0.02181975253797659,0.014526953580462828,0.1452446119204733,44,48,16
WMT,1982-09-21,0.5332030057907104,0.5371090173721313,0.5273439884185791,0.5351560115814209,0.3206904530525207,4608000,False,0.007325906844363584,0.012981432942385018,0.1297920571883791,44,48,16
WMT,1982-09-22,0.5371090173721313,0.5488280057907104,0.5253909826278687,0.5332030057907104,0.3195200562477112,6464000,False,-0.003656291459370454,0.012041628040617775,0.12039562059332304,45,48,16
WMT,1982-09-23,0.5390629768371582,0.5449219942092896,0.53125,0.5449219942092896,0.326542317867279,2995200,False,0.021739505231648304,0.016313791329653774,0.16310992373609917,43,40,13
WMT,1982-09-24,0.546875,0.5507810115814209,0.5429689884185791,0.546875,0.3277128636837005,6195200,False,0.0035782584483694826,0.01595520311983435,0.15952465686744713,43,40,13
WMT,1982-09-27,0.5488280057907104,0.5527340173721313,0.5429689884185791,0.5527340173721313,0.3312238454818725,3513600,True,0.010656607761642478,0.009376587202328602,0.09374978461914411,46,48,16
WMT,1982-09-28,0.5625,0.5683590173721313,0.5546879768371582,0.5683590173721313,0.3405869901180267,6259200,False,0.02787615339940276,0.01289139790060288,0.1288918612436163,44,48,16
WMT,1982-09-29,0.5625,0.5664060115814209,0.5585939884185791,0.5625,0.3370760977268219,7180800,False,-0.010361856407019983,0.015093158852631247,0.15090569320416583,43,40,13
WMT,1982-09-30,0.5585939884185791,0.5625,0.5546879768371582,0.5546879768371582,0.3323948383331299,13952000,False,-0.013985179759317498,0.01690627583475152,0.1690337522618233,43,40,13
WMT,1982-10-01,0.5585939884185791,0.5625,0.5546879768371582,0.5585939884185791,0.3347356617450714,6348800,False,0.007017616547863379,0.016977390420286412,0.16974477610592728,43,40,13
WMT,1982-10-04,0.5683590173721313,0.5839840173721313,0.5527340173721313,0.5839840173721313,0.3499504029750824,11219200,True,0.04445028772853413,0.025000868963033225,0.24996579565683968,40,40,13
WMT,1982-10-05,0.5859379768371582,0.5898439884185791,0.5820310115814209,0.5859379768371582,0.3511212468147278,11724800,False,0.003340157681613395,0.023203502845175653,0.23199521821806238,40,40,13
WMT,1982-10-06,0.5917969942092896,0.59375,0.5898439884185791,0.59375,0.3558025360107422,4473600,False,0.01324430649791958,0.021345821624504196,0.21342159323372614,41,40,13
WMT,1982-10-07,0.6035159826278687,0.609375,0.5957030057907104,0.5976560115814209,0.3581430912017822,4211200,False,0.006556699801558288,0.01689179555397268,0.16888897429784258,43,40,13
WMT,1982-10-08,0.5957030057907104,0.6054689884185791,0.5839840173721313,0.5898439884185791,0.3534619212150574,3936000,False,-0.013156842438432207,0.02112974127287386,0.2112611604463318,41,40,13
WMT,1982-10-11,0.5996090173721313,0.6074219942092896,0.5917969942092896,0.6015629768371582,0.3604844808578491,7392000,True,0.019673146660940156,0.012387299329148952,0.12385174041064548,45,48,16
WMT,1982-10-12,0.6035159826278687,0.609375,0.59375,0.5996090173721313,0.3593133985996246,2400000,False,-0.003253922593917982,0.013064658521123837,0.13062417018569975,44,48,16
WMT,1982-10-13,0.5976560115814209,0.6035159826278687,0.5917969942092896,0.6035159826278687,0.3616547286510467,7212800,False,0.006494984157094812,0.012274654771433562,0.12272548809768091,45,48,16
WMT,1982-10-14,0.6015629768371582,0.6054689884185791,0.5976560115814209,0.6054689884185791,0.3628252446651459,3264000,False,0.0032313302664143157,0.012140925461065643,0.12138842443328651,45,48,16
WMT,1982-10-15,0.6171879768371582,0.6289060115814209,0.6054689884185791,0.6152340173721313,0.3686767816543579,3494400,False,0.015999031023307617,0.009367271108293012,0.09365663966240426,46,48,16
WMT,1982-10-18,0.6230469942092896,0.6367189884185791,0.609375,0.6152340173721313,0.3686767816543579,3449600,True,0.0,0.007385633883032385,0.0738436673034072,47,48,16
WMT,1982-10-19,0.6230469942092896,0.6367189884185791,0.609375,0.6152340173721313,0.3686767816543579,3449600,False,0.0,0.006637707219076476,0.06636568388110531,47,48,16
WMT,1982-10-20,0.6054689884185791,0.6132810115814209,0.5976560115814209,0.609375,0.3651657402515411,5952000,False,-0.00956899631427199,0.009210154515536053,0.0920857432996636,46,48,16
WMT,1982-10-21,0.6191409826278687,0.6230469942092896,0.6132810115814209,0.6230469942092896,0.3733584880828857,5670400,False,0.022187718745632218,0.013000330618143652,0.1299810015232363,44,48,16
WMT,1982-10-22,0.625,0.6289060115814209,0.6210939884185791,0.6269530057907104,0.3756994307041168,4723200,False,0.006250385140343152,0.011744352088237589,0.11742337110566593,45,48,16
WMT,1982-10-25,0.609375,0.6269530057907104,0.5898439884185791,0.6074219942092896,0.3639954328536987,3788800,True,-0.03164811683216676,0.01994912624331662,0.19945703573114454,42,40,13
WMT,1982-10-26,0.5839840173721313,0.6035159826278687,0.5625,0.6015629768371582,0.3604844808578491,6489600,False,-0.009692413592435263,0.02010895993868781,0.20105509845829644,41,40,13
WMT,1982-10-27,0.6191409826278687,0.6230469942092896,0.6152340173721313,0.6230469942092896,0.3733584880828857,3904000,False,0.03509014528425906,0.026266745521907383,0.26262238938204957,39,40,13
WMT,1982-10-28,0.6191409826278687,0.625,0.6113280057907104,0.6132810115814209,0.367506593465805,2246400,False,-0.015797792249128056,0.02532581678198962,0.25321471633365666,39,40,13
WMT,1982-10-29,0.6132810115814209,0.6152340173721313,0.609375,0.6132810115814209,0.367506593465805,6604800,False,0.0,0.024895834445981164,0.24891563069396694,40,40,13
WMT,1982-11-01,0.6171879768371582,0.6210939884185791,0.6113280057907104,0.6171879768371582,0.3698477447032928,3251200,True,0.006350160251172427,0.019775457115011004,0.19772064241209103,42,40,13
WMT,1982-11-02,0.6289060115814209,0.640625,0.6171879768371582,0.6328129768371582,0.3792108595371246,5772800,False,0.02500098784398004,0.02020711275183097,0.20203645818901478,41,40,13
WMT,1982-11-03,0.6523439884185791,0.6679689884185791,0.6367189884185791,0.6679689884185791,0.4002781510353088,4563200,False,0.054067275042633964,0.026780627092199992,0.2677603234187229,39,40,13
WMT,1982-11-04,0.6914060115814209,0.6972659826278687,0.6855469942092896,0.6914060115814209,0.4143225252628326,6707200,False,0.03448503402137763,0.021808793654383655,0.21805051921173105,41,40,13
WMT,1982-11-05,0.6875,0.6914060115814209,0.6835939884185791,0.6914060115814209,0.4143225252628326,3328000,False,0.0,0.021808793654383655,0.21805051921173105,41,40,13
WMT,1982-11-08,0.6894530057907104,0.6953129768371582,0.6835939884185791,0.6933590173721313,0.415492981672287,2368000,True,0.0028210058160811147,0.022566012065038235,0.2256214041591763,40,40,13
WMT,1982-11-09,0.6875,0.6953129768371582,0.6796879768371582,0.6835939884185791,0.4096411168575287,3814400,False,-0.01418427123052498,0.027973244959424666,0.27968445591732427,38,40,13
WMT,1982-11-10,0.6894530057907104,0.6953129768371582,0.6835939884185791,0.6875,0.4119819104671478,6080000,False,0.0056979901122482125,0.017781455145768812,0.17778404382746096,42,40,13
WMT,1982-11-11,0.6875,0.6914060115814209,0.6816409826278687,0.6914060115814209,0.4143225252628326,3654400,False,0.00566527530219573,0.008272152980397816,0.08270733727686272,46,48,16
WMT,1982-11-12,0.6972659826278687,0.7011719942092896,0.6914060115814209,0.6953129768371582,0.4166638553142547,6284800,False,0.005635077305024445,0.008647504505799633,0.0864602085405298,46,48,16
WMT,1982-11-15,0.6855469942092896,0.6972659826278687,0.6738280057907104,0.6757810115814209,0.4049594104290008,8147200,True,-0.02849295343858383,0.015632318143514772,0.1562963610777807,43,40,13
WMT,1982-11-16,0.6601560115814209,0.6699219942092896,0.6484379768371582,0.6542969942092896,0.3920852243900299,4352000,False,-0.03230761560234588,0.019800378451064363,0.1979698130151057,42,40,13
WMT,1982-11-17,0.6660159826278687,0.6757810115814209,0.65625,0.6757810115814209,0.4049594104290008,5350400,False,0.03230761560234588,0.026945058838705228,0.2694043587683422,39,40,13
WMT,1982-11-18,0.6855469942092896,0.6914060115814209,0.6777340173721313,0.6875,0.4119819104671478,2054400,False,0.01719260083136387,0.028373988960848813,0.2836912083753612,38,40,13
WMT,1982-11-19,0.6953129768371582,0.703125,0.6875,0.703125,0.4213449954986572,4121600,False,0.022472523093016623,0.030311090323144267,0.3030588985148557,37,40,13
WMT,1982-11-22,0.6914060115814209,0.7050780057907104,0.6777340173721313,0.6777340173721313,0.4061295986175537,4467200,True,-0.03677964776229749,0.032554727630226606,0.3254914221787117,36,32,10
WMT,1982-11-23,0.671875,0.6757810115814209,0.6679689884185791,0.671875,0.4026185870170593,6406400,False,-0.008682637488981827,0.027981921349003933,0.2797712049270414,38,40,13
WMT,1982-11-24,0.6777340173721313,0.6875,0.6660159826278687,0.6796879768371582,0.407300591468811,6822400,False,0.011561787229035652,0.02426808213666518,0.2426391846350076,40,40,13
WMT,1982-11-26,0.6933590173721313,0.7011719942092896,0.6855469942092896,0.6992189884185791,0.4190043807029724,2028800,True,0.02832990818260336,0.026515413109519128,0.2651086386193599,39,40,13
WMT,1982-11-29,0.7089840173721313,0.7167969942092896,0.6992189884185791,0.7167969942092896,0.4295379519462585,2886400,True,0.024828725602593003,0.026956816212620423,0.26952191233537587,39,40,13
WMT,1982-11-30,0.7304689884185791,0.7402340173721313,0.71875,0.7402340173721313,0.4435827136039734,4768000,False,0.03217418567740892,0.016635957684037837,0.16633103453934964,43,40,13
WMT,1982-12-01,0.765625,0.78125,0.7480469942092896,0.7714840173721313,0.4623089134693146,7571200,False,0.04134902522615244,0.010901651189223859,0.108997807936875,45,48,16
WMT,1982-12-02,0.7773439884185791,0.7890629768371582,0.7636719942092896,0.78125,0.4681612849235534,7776000,False,0.012579550940811429,0.01052933121302575,0.10527524696401812,45,48,16
WMT,1982-12-03,0.7871090173721313,0.7929689884185791,0.7792969942092896,0.78125,0.4681612849235534,3872000,False,0.0,0.01626708214953947,0.16264291207386397,43,40,13
WMT,1982-12-06,0.7949219942092896,0.8085939884185791,0.7792969942092896,0.8085939884185791,0.4845472872257232,7475200,True,0.03440216416852991,0.017192924953547937,0.1718997516460937,43,40,13
WMT,1982-12-07,0.8300780057907104,0.84375,0.8144530057907104,0.8359379768371582,0.5013683438301086,3769600,False,0.03412602154950752,0.01744240184886704,0.17439409257194893,43,40,13
WMT,1982-12-08,0.8359379768371582,0.8398439884185791,0.8320310115814209,0.8398439884185791,0.5037113428115845,4742400,False,0.004662323309907808,0.01625404541480146,0.1625125670936006,43,40,13
WMT,1982-12-09,0.8144530057907104,0.8339840173721313,0.7929689884185791,0.796875,0.4779401421546936,7014400,False,-0.052517872448475486,0.035505235004175906,0.35499143373475517,35,32,10
WMT,1982-12-10,0.7617189884185791,0.7949219942092896,0.7285159826278687,0.734375,0.440454751253128,10105600,False,-0.08167778026452707,0.05257112493843426,0.5256210531418473,28,32,10
WMT,1982-12-13,0.7324219942092896,0.75,0.7148439884185791,0.75,0.4498259425163269,9913600,True,0.02105299476420006,0.04988292577235416,0.498743673622486,30,32,10
WMT,1982-12-14,0.765625,0.7910159826278687,0.7382810115814209,0.7382810115814209,0.4427970647811889,4902400,False,-0.015749141488208822,0.041999391282776195,0.41992185450134734,33,32,10
WMT,1982-12-15,0.7382810115814209,0.7441409826278687,0.7304689884185791,0.7304689884185791,0.4381120502948761,10553600,False,-0.010636871793273939,0.039812509918681634,0.3980567928912372,34,32,10
WMT,1982-12-16,0.7265629768371582,0.7324219942092896,0.71875,0.7304689884185791,0.4381120502948761,4838400,False,0.0,0.03860534631276557,0.3859872279618357,34,32,10
WMT,1982-12-17,0.7519530057907104,0.7695310115814209,0.734375,0.7675780057907104,0.4603687822818756,4083200,False,0.04955316865516361,0.026780773307670574,0.26776178532256695,39,40,13
WMT,1982-12-20,0.7792969942092896,0.7890629768371582,0.7695310115814209,0.7792969942092896,0.4673972725868225,1875200,True,0.015151717895028418,0.026232624575054993,0.2622812384548105,39,40,13
WMT,1982-12-21,0.78125,0.7890629768371582,0.7714840173721313,0.7890629768371582,0.4732545614242553,8652800,False,0.012453841751049584,0.02273928767678881,0.2273538629878355,40,40,13
WMT,1982-12-22,0.8046879768371582,0.8144530057907104,0.7949219942092896,0.8125,0.48731130361557,6009600,False,0.029269717448931525,0.018917602912886466,0.18914357221070363,42,40,13
WMT,1982-12-23,0.8027340173721313,0.8144530057907104,0.7890629768371582,0.7910159826278687,0.4744260609149933,1990400,False,-0.026797365350856202,0.028048095342967948,0.28043283133200614,38,40,13
WMT,1982-12-27,0.7832030057907104,0.7910159826278687,0.7753909826278687,0.78125,0.4685686230659485,3379200,True,-0.012423215704089463,0.022646669229685872,0.2264278374222114,40,40,13
WMT,1982-12-28,0.7636719942092896,0.7773439884185791,0.75,0.7519530057907104,0.4509972333908081,7840000,False,-0.03822135985028474,0.027793710630980267,0.27788942065980277,38,40,13
WMT,1982-12-29,0.7597659826278687,0.7792969942092896,0.7382810115814209,0.7773439884185791,0.466225653886795,5913600,False,0.033208547634483596,0.032588529821451544,0.3258293860965651,36,32,10
WMT,1982-12-30,0.78125,0.7871090173721313,0.7753909826278687,0.78125,0.4685686230659485,4684800,False,0.005012812215800948,0.02807842834645353,0.28073610932454895,38,40,13
WMT,1982-12-31,0.7773439884185791,0.78125,0.7714840173721313,0.7792969942092896,0.4673972725868225,2905600,False,-0.002502978145035405,0.026004092017258285,0.2599963049699939,39,40,13
WMT,1983-01-03,0.7636719942092896,0.7871090173721313,0.7402340173721313,0.7539060115814209,0.452168732881546,10208000,True,-0.03312417379331789,0.029319043594327736,0.29314013328057303,38,40,13
WMT,1983-01-04,0.7324219942092896,0.7441409826278687,0.71875,0.7324219942092896,0.4392832517623901,8608000,False,-0.028910987581902227,0.027058927990168298,0.2705428549177489,39,40,13
WMT,1983-01-05,0.7246090173721313,0.7441409826278687,0.703125,0.7226560115814209,0.4334255158901214,14374400,False,-0.013424464290318898,0.01643419530349837,0.16431375689753097,43,40,13
WMT,1983-01-06,0.7324219942092896,0.7421879768371582,0.7226560115814209,0.7363280057907104,0.4416256248950958,6419200,False,0.018742559533497422,0.021032225527498928,0.21028617030027902,41,40,13
WMT,1983-01-07,0.7226560115814209,0.7382810115814209,0.7070310115814209,0.71875,0.4310831427574157,11200000,False,-0.024161542539227355,0.020857050016447765,0.20853471573826987,41,40,13
WMT,1983-01-10,0.7070310115814209,0.71875,0.6953129768371582,0.7070310115814209,0.4240546822547912,10150400,True,-0.01643856363098242,0.01868959124031885,0.18686384668449552,42,40,13
WMT,1983-01-11,0.7070310115814209,0.7148439884185791,0.6992189884185791,0.7050780057907104,0.4228830933570862,7315200,False,-0.0027666486931005817,0.016610392354538192,0.16607542510677126,43,40,13
WMT,1983-01-12,0.7265629768371582,0.7519530057907104,0.6992189884185791,0.734375,0.440454751253128,5644800,False,0.04071195296244246,0.02654545309402994,0.2654089869248875,39,40,13
WMT,1983-01-13,0.7265629768371582,0.734375,0.71875,0.7246090173721313,0.4345971047878265,11328000,False,-0.01338831275356052,0.025723989698120533,0.2571957623499705,39,40,13
WMT,1983-01-14,0.7265629768371582,0.7382810115814209,0.7148439884185791,0.7246090173721313,0.4345971047878265,4550400,False,0.0,0.0229205637876779,0.229166313081429,40,40,13
WMT,1983-01-17,0.7324219942092896,0.734375,0.7285159826278687,0.7324219942092896,0.4392832517623901,2297600,True,0.010725019411249783,0.020678650583119438,0.20675102748477028,41,40,13
WMT,1983-01-18,0.7304689884185791,0.7324219942092896,0.7265629768371582,0.7285159826278687,0.4369405210018158,4044800,False,-0.005347347140654985,0.021014608178845328,0.21011002703981585,41,40,13
WMT,1983-01-19,0.7226560115814209,0.7285159826278687,0.7148439884185791,0.7167969942092896,0.4299117624759674,8172800,False,-0.01621709419856685,0.010822021528889095,0.10820164795408022,45,48,16
WMT,1983-01-20,0.7167969942092896,0.7207030057907104,0.7128909826278687,0.7148439884185791,0.428740382194519,3788800,False,-0.00272841805704676,0.009711350521191138,0.09709684345457611,46,48,16
WMT,1983-01-21,0.7050780057907104,0.7148439884185791,0.6953129768371582,0.7089840173721313,0.4252257645130157,2950400,False,-0.008231327528308395,0.009833267312763329,0.09831580219774351,46,48,16
WMT,1983-01-24,0.6914060115814209,0.6992189884185791,0.6835939884185791,0.6953129768371582,0.4170263409614563,13062400,True,-0.019470850923784953,0.007162480840915207,0.0716125197457546,47,48,16
WMT,1983-01-25,0.7089840173721313,0.7207030057907104,0.6953129768371582,0.7207030057907104,0.4322546124458313,4249600,False,0.0358654077121106,0.02225074798153008,0.22246930422246358,41,40,13
WMT,1983-01-26,0.7285159826278687,0.734375,0.7207030057907104,0.7265629768371582,0.4357692301273346,2150400,False,0.008098019238362451,0.02103325307494428,0.2102964440117701,41,40,13
WMT,1983-01-27,0.7441409826278687,0.7597659826278687,0.7265629768371582,0.7539060115814209,0.452168732881546,1683200,False,0.0369425984797908,0.025482346292576247,0.2547797428819505,39,40,13
WMT,1983-01-28,0.7460939884185791,0.7714840173721313,0.71875,0.7246090173721313,0.4345971047878265,70860800,False,-0.03963600699315199,0.03380734873360561,0.3380154840913458,36,32,10
WMT,1983-01-31,0.7285159826278687,0.7382810115814209,0.71875,0.734375,0.440454751253128,3846400,True,0.01338831275356058,0.031102308207825866,0.3109697198696972,37,40,13
WMT,1983-02-01,0.7382810115814209,0.7441409826278687,0.7324219942092896,0.7382810115814209,0.4427970647811889,2284800,False,0.005303853275991232,0.02780554529385181,0.2780077469837953,38,40,13
WMT,1983-02-02,0.7402340173721313,0.7460939884185791,0.7324219942092896,0.7382810115814209,0.4427970647811889,3532800,False,0.0,0.02780267236412837,0.27797902261564444,38,40,13
WMT,1983-02-03,0.7363280057907104,0.7402340173721313,0.7304689884185791,0.7324219942092896,0.4392832517623901,2841600,False,-0.00796714661830197,0.02046153227990841,0.20458021696238182,41,40,13
WMT,1983-02-04,0.7167969942092896,0.7363280057907104,0.6953129768371582,0.7304689884185791,0.4381120502948761,20780800,False,-0.0026697251749719024,0.008139457639505273,0.08138061153324136,46,48,16
WMT,1983-02-07,0.7304689884185791,0.7480469942092896,0.7109379768371582,0.7265629768371582,0.4357692301273346,10425600,True,-0.005361885722916699,0.0051138864986637455,0.05113009109512825,47,48,16
WMT,1983-02-08,0.7246090173721313,0.7304689884185791,0.7167969942092896,0.7265629768371582,0.4357692301273346,4320000,False,0.0,0.003469892932089248,0.034692976028002094,48,48,16
WMT,1983-02-09,0.7402340173721313,0.7460939884185791,0.7324219942092896,0.7460939884185791,0.4474831521511078,5862400,False,0.026526073654283805,0.013971581717465329,0.13969184614161742,44,48,16
WMT,1983-02-10,0.7578129768371582,0.7636719942092896,0.75,0.7578129768371582,0.4545119702816009,3052800,False,0.015585362342126314,0.013694218288334366,0.13691868772255025,44,48,16
WMT,1983-02-11,0.7734379768371582,0.78125,0.765625,0.7792969942092896,0.4673972725868225,10368000,False,0.02795533627669863,0.015161153312018779,0.15158552113999446,43,40,13
WMT,1983-02-14,0.7832030057907104,0.7871090173721313,0.7792969942092896,0.78125,0.4685686230659485,2374400,True,0.002502978145035393,0.013048257485535746,0.13046018796906417,44,48,16
WMT,1983-02-15,0.7773439884185791,0.7832030057907104,0.7714840173721313,0.7714840173721313,0.4627111554145813,3046400,False,-0.012579559933739312,0.01712295656451601,0.17120018780049082,43,40,13
WMT,1983-02-16,0.765625,0.78125,0.75,0.7519530057907104,0.4509972333908081,15539200,False,-0.02564179991654531,0.021413656553591023,0.21409982614025377,41,40,13
WMT,1983-02-17,0.7519530057907104,0.7578129768371582,0.7441409826278687,0.7558590173721313,0.4533399939537048,5548800,False,0.0051811774035798305,0.020180586883266134,0.2017712450137807,41,40,13
WMT,1983-02-18,0.7539060115814209,0.7597659826278687,0.7460939884185791,0.75,0.4498259425163269,6720000,False,-0.007781668967039764,0.012407093658110364,0.12404964973914316,45,48,16
WMT,1983-02-22,0.7421879768371582,0.75,0.734375,0.7382810115814209,0.4427970647811889,6912000,True,-0.015749141488208822,0.011304050295355307,0.11302110860232295,45,48,16
WMT,1983-02-23,0.7460939884185791,0.75,0.7402340173721313,0.7421879768371582,0.4451404809951782,4556800,False,0.00527834793325684,0.01342624945857438,0.13423945917888525,44,48,16
WMT,1983-02-24,0.7421879768371582,0.7460939884185791,0.7382810115814209,0.7421879768371582,0.4451404809951782,4985600,False,0.0,0.009070883181790208,0.09069326890993559,46,48,16
WMT,1983-02-25,0.7578129768371582,0.765625,0.75,0.7578129768371582,0.4545119702816009,5004800,False,0.02083433054696253,0.013867109533651556,0.1386473035463328,44,48,16
WMT,1983-02-28,0.7636719942092896,0.7734379768371582,0.7519530057907104,0.7695310115814209,0.4615398347377777,9715200,True,0.015344115485452808,0.014258602181759904,0.1425615583437522,44,48,16
WMT,1983-03-01,0.7792969942092896,0.7851560115814209,0.7714840173721313,0.7734379768371582,0.4638830721378326,8550400,False,0.005064154756633503,0.008517307316135713,0.08515846002311836,46,48,16
WMT,1983-03-02,0.78125,0.7851560115814209,0.7753909826278687,0.7792969942092896,0.4673972725868225,2022400,False,0.0075470660346123744,0.008307056650044352,0.08305631408912634,46,48,16
WMT,1983-03-03,0.7910159826278687,0.8066409826278687,0.7753909826278687,0.8007810115814209,0.4802826046943664,4780800,False,0.027195103630166112,0.009178121700166507,0.0917654701046472,46,48,16
WMT,1983-03-04,0.8222659826278687,0.8476560115814209,0.796875,0.8320310115814209,0.4990257620811462,16601600,False,0.03828303140516981,0.013939576678491718,0.13937185066290445,44,48,16
WMT,1983-03-07,0.8359379768371582,0.8417969942092896,0.828125,0.8398439884185791,0.5037113428115845,5126400,True,0.009345649644757308,0.014544184018728748,0.14541688674088157,44,48,16
WMT,1983-03-08,0.8378909826278687,0.8417969942092896,0.8320310115814209,0.8417969942092896,0.5048827528953552,5715200,False,0.002322858353957626,0.015167846978140484,0.1516524463168932,43,40,13
WMT,1983-03-09,0.8378909826278687,0.8417969942092896,0.8320310115814209,0.8359379768371582,0.5013683438301086,8659200,False,-0.006985181663865474,0.01845377755228596,0.18450611438954717,42,40,13
WMT,1983-03-10,0.8300780057907104,0.8378909826278687,0.8203129768371582,0.8203129768371582,0.491997480392456,4428800,False,-0.01886745284519532,0.021488074763117163,0.21484388055624484,41,40,13
WMT,1983-03-11,0.8105469942092896,0.8242189884185791,0.796875,0.796875,0.4779401421546936,5568000,False,-0.02898809629337241,0.01553264256581145,0.1552997763140668,43,40,13
WMT,1983-03-14,0.796875,0.8027340173721313,0.7910159826278687,0.7910159826278687,0.4744260609149933,5062400,True,-0.007379718382492882,0.012118115605606083,0.12116036501354406,45,48,16
WMT,1983-03-15,0.8125,0.8300780057907104,0.7949219942092896,0.8300780057907104,0.4978541135787964,3276800,False,0.04820130883731993,0.029931598789052074,0.2992646342672948,38,40,13
WMT,1983-03-16,0.8457030057907104,0.8574219942092896,0.8339840173721313,0.8378909826278687,0.5025399327278137,10867200,False,0.00936801540375461,0.030252219212256334,0.30247028841110035,37,40,13
WMT,1983-03-17,0.8417969942092896,0.8457030057907104,0.8378909826278687,0.8457030057907104,0.507225513458252,2649600,False,0.00928059952667028,0.028311630070480806,0.283067726460786,38,40,13
WMT,1983-03-18,0.8496090173721313,0.859375,0.8398439884185791,0.8496090173721313,0.510228157043457,14220800,False,0.005902288014047633,0.02080769138063802,0.20804121406474954,41,40,13
WMT,1983-03-21,0.8671879768371582,0.8828129768371582,0.8515629768371582,0.875,0.5254766941070557,12064000,True,0.029447846962941088,0.018099017286017954,0.18095912038880924,42,40,13
WMT,1983-03-22,0.8789060115814209,0.8964840173721313,0.8789060115814209,0.8886719942092896,0.5336874127388,3020800,False,0.015504458767121521,0.009356160713444112,0.09354555477601198,46,48,16
WMT,1983-03-23,0.8886719942092896,0.90625,0.8886719942092896,0.90625,0.5442433953285217,4748800,False,0.019586266516078667,0.009233770488249858,0.09232186250889368,46,48,16
WMT,1983-03-24,0.9140629768371582,0.9335939884185792,0.9023439884185792,0.9296879768371582,0.558319091796875,5817600,False,0.025534083358545928,0.009162071609236811,0.09160499673248007,46,48,16
WMT,1983-03-25,0.9375,0.9433590173721312,0.9335939884185792,0.9394530057907104,0.5641833543777466,3884800,False,0.010448647043849388,0.0076066245672675665,0.07605319499219577,46,48,16
WMT,1983-03-28,0.9355469942092896,0.9375,0.9316409826278688,0.9355469942092896,0.5618376731872559,1702400,True,-0.004166324653174724,0.011260763076120945,0.11258831067783126,45,48,16
WMT,1983-03-29,0.9296879768371582,0.9335939884185792,0.9238280057907104,0.9277340173721312,0.557145893573761,8800000,False,-0.00838583737517958,0.014683122852895095,0.1468060367052839,44,48,16
WMT,1983-03-30,0.9277340173721312,0.9296879768371582,0.9199219942092896,0.9296879768371582,0.558319091796875,4531200,False,0.002103514984505007,0.013443130776576368,0.1344082433956396,44,48,16
WMT,1983-03-31,0.9296879768371582,0.9355469942092896,0.9042969942092896,0.9042969942092896,0.5430707931518555,1798400,False,-0.027690962471649972,0.01427157184773858,0.14269123275149206,44,48,16
WMT,1983-04-04,0.9023439884185792,0.9042969942092896,0.890625,0.8964840173721313,0.5383786559104919,5420800,True,-0.008677551573987,0.011133567423768533,0.11131657238379941,45,48,16
WMT,1983-04-05,0.8964840173721313,0.9042969942092896,0.875,0.8828129768371582,0.5301690101623535,3718400,False,-0.015366291179364189,0.01095173311573119,0.10949854127642183,45,48,16
WMT,1983-04-06,0.8769530057907104,0.8789060115814209,0.8691409826278687,0.8691409826278687,0.5219581723213196,3059200,False,-0.01560838779182121,0.01089742670693821,0.10895557036195982,45,48,16
WMT,1983-04-07,0.8691409826278687,0.9003909826278687,0.8691409826278687,0.890625,0.5348602533340454,6105600,False,0.02441804903421406,0.019682235006765393,0.1967885812707412,42,40,13
WMT,1983-04-08,0.890625,0.8964840173721313,0.8847659826278687,0.8964840173721313,0.5383786559104919,9062400,False,0.006556629936971504,0.01716985082850113,0.17166904998388594,43,40,13
WMT,1983-04-11,0.9042969942092896,0.9160159826278688,0.8925780057907104,0.9121090173721312,0.5477622151374817,2220800,True,0.017279144806776683,0.018424374243372614,0.18421213174765036,42,40,13
WMT,1983-04-12,0.90625,0.9355469942092896,0.90625,0.9277340173721312,0.557145893573761,5619200,False,0.016985854254355365,0.015630797964627748,0.1562811618970803,43,40,13
WMT,1983-04-13,0.9238280057907104,0.9316409826278688,0.921875,0.9277340173721312,0.557145893573761,4153600,False,0.0,0.009683432847128103,0.09681771461227973,46,48,16
WMT,1983-04-14,0.9238280057907104,0.9453129768371582,0.9238280057907104,0.9453129768371582,0.5677026510238647,3648000,False,0.018770646875977615,0.008248739320440077,0.08247324084808542,46,48,16
WMT,1983-04-15,0.9453129768371582,0.9863280057907104,0.9414060115814208,0.9863280057907104,0.5923338532447815,7564800,False,0.04247263729299684,0.015157372460756909,0.15154771911417964,43,40,13
WMT,1983-04-18,0.9824219942092896,0.9863280057907104,0.96875,0.984375,0.5911611914634705,7059200,True,-0.0019816934093954105,0.017930238997665278,0.1792716270780744,42,40,13
WMT,1983-04-19,0.96875,0.9824219942092896,0.9609379768371582,0.9609379768371582,0.5770862102508545,5004800,False,-0.024097057283987415,0.024967721654020312,0.2496343794375256,40,40,13
WMT,1983-04-20,0.9570310115814208,0.9824219942092896,0.953125,0.9804689884185792,0.588815450668335,7014400,False,0.020121141487890036,0.025171494516734023,0.25167175845170386,39,40,13
WMT,1983-04-21,0.984375,0.984375,0.9375,0.953125,0.572394073009491,8608000,False,-0.028285115017073953,0.02991605743415446,0.29910924738261047,38,40,13
WMT,1983-04-22,0.953125,0.9667969942092896,0.9492189884185792,0.9648439884185792,0.5794320702552795,2585600,False,0.012220741608320304,0.021458426821567716,0.21454745200770306,41,40,13
WMT,1983-04-25,0.9667969942092896,0.9707030057907104,0.9609379768371582,0.96875,0.5817775130271912,3654400,True,0.0040396600153069845,0.021794710296634556,0.21790970979704716,41,40,13
WMT,1983-04-26,0.9667969942092896,0.9726560115814208,0.9589840173721312,0.96875,0.5817775130271912,6886400,False,0.0,0.018421882471830242,0.18418721830735735,42,40,13
WMT,1983-04-27,0.96875,0.9785159826278688,0.9589840173721312,0.9667969942092896,0.5806046724319458,1939200,False,-0.002017995471594142,0.015250785892007549,0.15248169315732701,43,40,13
WMT,1983-04-28,0.9648439884185792,0.96875,0.9589840173721312,0.9609379768371582,0.5770862102508545,4428800,False,-0.006078432622849215,0.006952606248980672,0.06951413390810067,47,48,16
WMT,1983-04-29,0.9609379768371582,0.9667969942092896,0.9550780057907104,0.9628909826278688,0.5782589912414551,2790400,False,0.0020301835190058857,0.003893543952434024,0.038928759373688886,48,48,16
WMT,1983-05-02,0.9570310115814208,0.9628909826278688,0.9492189884185792,0.9511719942092896,0.5712214708328247,7276800,True,-0.012244850734390673,0.00565726128999553,0.05656290674069451,47,48,16
WMT,1983-05-03,0.9453129768371582,0.9511719942092896,0.9375,0.9511719942092896,0.5712214708328247,4761600,False,0.0,0.00565726128999553,0.05656290674069451,47,48,16
WMT,1983-05-04,0.9511719942092896,0.9589840173721312,0.9414060115814208,0.9511719942092896,0.5712214708328247,6937600,False,0.0,0.005871804179959156,0.05870796754924366,47,48,16
WMT,1983-05-05,0.96875,0.9863280057907104,0.9492189884185792,0.9824219942092896,0.5899885892868042,9977600,False,0.03232619720891744,0.016592596910122343,0.16589750119424437,43,40,13
WMT,1983-05-06,0.984375,1.03125,0.9824219942092896,1.0292969942092896,0.6181387901306152,4601600,False,0.04660981522198357,0.02488901394611075,0.2488474373971897,40,40,13
WMT,1983-05-09,1.0292969942092896,1.0566409826278689,1.0214840173721311,1.050781011581421,0.6310409307479858,3737600,True,0.020657715173189563,0.020374107229387768,0.20370611645227377,41,40,13
WMT,1983-05-10,1.042968988418579,1.0917969942092896,1.042968988418579,1.0839840173721311,0.6509810090065002,6758400,False,0.031109742833974458,0.01728681404625447,0.17283848148770797,43,40,13
WMT,1983-05-11,1.0859379768371582,1.1015629768371582,1.0800780057907104,1.0859379768371582,0.6521543860435486,11148800,False,0.001800852557021192,0.016611585895428937,0.16608735846792141,43,40,13
WMT,1983-05-12,1.0839840173721311,1.1015629768371582,1.0800780057907104,1.097656011581421,0.6591914296150208,8953600,False,0.010732655012887322,0.01750160610106011,0.17498603351718534,43,40,13
WMT,1983-05-13,1.109375,1.1484379768371582,1.109375,1.1386719942092896,0.68382328748703,11033600,False,0.0366855552969308,0.01431052704067468,0.14308071784545565,44,48,16
WMT,1983-05-16,1.136718988418579,1.152343988418579,1.1347659826278689,1.144531011581421,0.68734210729599,11878400,True,0.005132608432549872,0.015793131643099027,0.15790422016601383,43,40,13
WMT,1983-05-17,1.128906011581421,1.144531011581421,1.113281011581421,1.140625,0.6849958896636963,3334400,False,-0.003419303296152766,0.01568021845568096,0.1567752820169103,43,40,13
WMT,1983-05-18,1.1328129768371582,1.1386719942092896,1.1113280057907104,1.113281011581421,0.668574869632721,4179200,False,-0.024264451023585577,0.022159335280525334,0.22155533404912367,41,40,13
WMT,1983-05-19,1.1015629768371582,1.109375,1.0917969942092896,1.09375,0.65684574842453,13203200,False,-0.017699177508432692,0.023892196557812783,0.23888097375310988,40,40,13
WMT,1983-05-20,1.09375,1.09375,1.0625,1.0859379768371582,0.6521543860435486,5644800,False,-0.007167886914197022,0.011637665587666686,0.11635668914191173,45,48,16
WMT,1983-05-23,1.078125,1.0917969942092896,1.0703129768371582,1.0917969942092896,0.6556731462478638,5484800,True,0.005381089796988236,0.011715952452147495,0.11713942347000088,45,48,16
WMT,1983-05-24,1.0878909826278689,1.121093988418579,1.0878909826278689,1.1191409826278689,0.6720939874649048,8531200,False,0.024735780938254612,0.019505811403895665,0.19502464793189667,42,40,13
WMT,1983-05-25,1.1171879768371582,1.125,1.1113280057907104,1.1191409826278689,0.6720939874649048,4806400,False,0.0,0.015810932768612333,0.15808220087976824,43,40,13
WMT,1983-05-26,1.121093988418579,1.128906011581421,1.1191409826278689,1.125,0.6756129860877991,9920000,False,0.00522221326937531,0.01183999399464238,0.11837962607696155,45,48,16
WMT,1983-05-27,1.128906011581421,1.1328129768371582,1.113281011581421,1.125,0.6756129860877991,5440000,False,0.0,0.010226391418803767,0.10224636877539256,45,48,16
WMT,1983-05-31,1.1171879768371582,1.125,1.1171879768371582,1.1230469942092896,0.6744397878646851,4128000,True,-0.0017380039374290592,0.010987236431112305,0.10985351351721946,45,48,16
WMT,1983-06-01,1.109375,1.1171879768371582,1.109375,1.1171879768371582,0.6709213852882385,5164800,False,-0.005230432790624971,0.0037762328126416038,0.03775584924640564,48,48,16
WMT,1983-06-02,1.121093988418579,1.125,1.1015629768371582,1.113281011581421,0.668574869632721,8249600,False,-0.0035035828539344517,0.004012872906192171,0.040121844178667376,48,48,16
WMT,1983-06-03,1.113281011581421,1.1347659826278689,1.113281011581421,1.1328129768371582,0.6803047060966492,15296000,False,0.017392408275855063,0.00915929428746219,0.0915772282797829,46,48,16
WMT,1983-06-06,1.128906011581421,1.191406011581421,1.128906011581421,1.183593988418579,0.7108007073402405,10694400,True,0.04385129640704724,0.020931629405600744,0.20928038167399354,41,40,13
WMT,1983-06-07,1.1875,1.207031011581421,1.175781011581421,1.175781011581421,0.7061088681221008,5868800,False,-0.006622661668625807,0.021724412383397413,0.21720685127475658,41,40,13
WMT,1983-06-08,1.1640629768371582,1.1953129768371582,1.160156011581421,1.1855469942092896,0.7119736671447754,6873600,False,0.008271496636853275,0.02027667885358622,0.2027319998520549,41,40,13
WMT,1983-06-09,1.1894530057907104,1.2265629768371582,1.1875,1.2246090173721311,0.735432505607605,2931200,False,0.032417842770873465,0.019823042758584656,0.19819641720517195,42,40,13
WMT,1983-06-10,1.2324219942092896,1.2558590173721311,1.2324219942092896,1.2480469942092896,0.7495084404945374,7008000,False,0.018958809827939852,0.01980242564779588,0.19799028147004685,42,40,13
WMT,1983-06-13,1.253906011581421,1.2871090173721311,1.25,1.2753909826278689,0.7659297585487366,6758400,True,0.02167288753381631,0.014801815004514005,0.147992754581431,44,48,16
WMT,1983-06-14,1.2734379768371582,1.2792969942092896,1.2558590173721311,1.2792969942092896,0.7689345479011536,15923200,False,0.003915386107383917,0.01130005975733194,0.11298121006865258,45,48,16
WMT,1983-06-15,1.2792969942092896,1.28125,1.265625,1.269531011581421,0.7630645036697388,6067200,False,-0.007663285368692205,0.015760550113994434,0.15757846077507473,43,40,13
WMT,1983-06-16,1.269531011581421,1.285156011581421,1.2578129768371582,1.285156011581421,0.7724567651748657,6368000,False,0.012233472542356145,0.011941140131099849,0.11939091390518025,45,48,16
WMT,1983-06-17,1.2910159826278689,1.3515629768371582,1.2890629768371582,1.3125,0.7888917326927185,7321600,False,0.0210530507139564,0.012370683664020677,0.12368561226684784,45,48,16
WMT,1983-06-20,1.3125,1.3144530057907104,1.296875,1.296875,0.7794997692108154,3705600,True,-0.011976698084019154,0.013681210056826877,0.13678862772568914,44,48,16
WMT,1983-06-21,1.2890629768371582,1.2890629768371582,1.265625,1.2792969942092896,0.7689345479011536,4512000,False,-0.013646539803601247,0.01566272711773117,0.15660039864728875,43,40,13
WMT,1983-06-22,1.2734379768371582,1.28125,1.265625,1.265625,0.7607170343399048,6374400,False,-0.010744397888264501,0.01609426586960184,0.16091504577525897,43,40,13
WMT,1983-06-23,1.265625,1.2714840173721311,1.234375,1.246093988418579,0.7489772439002991,9107200,False,-0.015552853652451876,0.015327050255432144,0.1532442059448577,43,40,13
WMT,1983-06-24,1.2480469942092896,1.265625,1.2441409826278689,1.261718988418579,0.7583693861961365,4627200,False,0.012461982743399123,0.011520730795599277,0.11518754184617908,45,48,16
WMT,1983-06-27,1.2578129768371582,1.261718988418579,1.234375,1.25,0.7513253092765808,4870400,True,-0.009331857705028968,0.011345668425370126,0.11343721849827441,45,48,16
WMT,1983-06-28,1.25,1.2519530057907104,1.21875,1.21875,0.7325417399406433,2124800,False,-0.025318403996597533,0.01387957287006469,0.13877191552712653,44,48,16
WMT,1983-06-29,1.214843988418579,1.2285159826278689,1.1816409826278689,1.1816409826278689,0.7102373242378235,7705600,False,-0.03092114844888598,0.016870929680449565,0.1686803513621761,43,40,13
WMT,1983-06-30,1.191406011581421,1.230468988418579,1.191406011581421,1.222656011581421,0.7348901033401489,5312000,False,0.03412179509561768,0.027072654325188874,0.2706800947176912,39,40,13
WMT,1983-07-01,1.21875,1.2480469942092896,1.21875,1.246093988418579,0.7489772439002991,3859200,False,0.01898763231149569,0.028186829589031494,0.2818199357663921,38,40,13
WMT,1983-07-05,1.246093988418579,1.25,1.222656011581421,1.2421879768371582,0.7466295957565308,3084800,True,-0.0031393946720236015,0.027946200578539207,0.27941405850849516,38,40,13
WMT,1983-07-06,1.246093988418579,1.2480469942092896,1.2363280057907104,1.2421879768371582,0.7466295957565308,3884800,False,0.0,0.024587742388936528,0.2458352387168486,40,40,13
WMT,1983-07-07,1.246093988418579,1.285156011581421,1.2421879768371582,1.285156011581421,0.7724567651748657,8390400,False,0.03400683338640384,0.01789360771689016,0.17890537711858617,42,40,13
WMT,1983-07-08,1.2792969942092896,1.2910159826278689,1.2714840173721311,1.2753909826278689,0.7665868997573853,3545600,False,-0.007627975753004038,0.01752434874485718,0.1752134209356179,42,40,13
WMT,1983-07-11,1.28125,1.402343988418579,1.28125,1.375,0.8264577984809875,6176000,True,0.0752007913968895,0.035148146540963876,0.35142116175906285,35,32,10
WMT,1983-07-12,1.402343988418579,1.421875,1.375,1.394531011581421,0.8381975889205933,16704000,False,0.014105003551910956,0.03313673608838124,0.33131050820875113,36,32,10
WMT,1983-07-13,1.394531011581421,1.394531011581421,1.3359379768371582,1.3359379768371582,0.8029794692993164,6076800,False,-0.042924712868116055,0.044307138511609376,0.4429953673893636,32,32,10
WMT,1983-07-14,1.324218988418579,1.3515629768371582,1.296875,1.296875,0.7794997692108154,5273600,False,-0.029676753697742825,0.04641944855187437,0.4641148437031465,31,32,10
WMT,1983-07-15,1.296875,1.308593988418579,1.234375,1.25,0.7513253092765808,5952000,False,-0.036813666305947554,0.04962791495043376,0.4961940029251718,30,32,10
WMT,1983-07-18,1.25,1.296875,1.238281011581421,1.296875,0.7794997692108154,7587200,True,0.03681366630594747,0.03517213608379863,0.3516610160285684,35,32,10
WMT,1983-07-19,1.324218988418579,1.3671879768371582,1.324218988418579,1.328125,0.7982832193374634,3494400,False,0.02381105350966626,0.03716382019726788,0.3715744400322126,35,32,10
WMT,1983-07-20,1.3515629768371582,1.4140629768371582,1.347656011581421,1.390625,0.8358497619628906,5267200,False,0.045985440430023915,0.038571070937864244,0.3856445330190593,34,32,10
WMT,1983-07-21,1.40625,1.4140629768371582,1.359375,1.386718988418579,0.8335017561912537,6310400,False,-0.002813077167385418,0.0335509941477373,0.3354523780600474,36,32,10
WMT,1983-07-22,1.4160159826278689,1.457031011581421,1.375,1.410156011581421,0.8475884795188904,2963200,False,0.016759425220769012,0.01883408098301431,0.18830849621049903,42,40,13
WMT,1983-07-25,1.402343988418579,1.421875,1.394531011581421,1.402343988418579,0.8428929448127747,5968000,True,-0.0055552775846087095,0.02108684898864802,0.21083231119433563,41,40,13
WMT,1983-07-26,1.402343988418579,1.417968988418579,1.3671879768371582,1.402343988418579,0.8428929448127747,5283200,False,0.0,0.021464811843806882,0.2146112912753165,41,40,13
WMT,1983-07-27,1.40625,1.40625,1.34375,1.34375,0.8076746463775635,6256000,False,-0.04268064477757025,0.02182965473441879,0.2182590942207419,41,40,13
WMT,1983-07-28,1.347656011581421,1.359375,1.3125,1.316406011581421,0.7912392616271973,3884800,False,-0.02055891009225427,0.022441640673023903,0.22437790362294377,41,40,13
WMT,1983-07-29,1.300781011581421,1.3046879768371582,1.2578129768371582,1.28125,0.7701082825660706,8032000,False,-0.027069270293164107,0.017102101383576963,0.1709916717723198,43,40,13
WMT,1983-08-01,1.2734379768371582,1.28125,1.234375,1.253906011581421,0.7536731958389282,13289600,True,-0.02157228488802206,0.01532105197967501,0.1531842334785239,43,40,13
WMT,1983-08-02,1.25,1.25,1.214843988418579,1.222656011581421,0.7348901033401489,9753600,False,-0.02523787801326782,0.008930876235889748,0.0892934396607507,46,48,16
WMT,1983-08-03,1.222656011581421,1.261718988418579,1.222656011581421,1.2578129768371582,0.7560211420059204,13052800,False,0.028348372636185802,0.023386863445591682,0.23382850963056806,40,40,13
WMT,1983-08-04,1.269531011581421,1.296875,1.25,1.253906011581421,0.7536731958389282,13507200,False,-0.0031104946229179448,0.023319329889264225,0.2331532899345691,40,40,13
WMT,1983-08-05,1.261718988418579,1.296875,1.261718988418579,1.296875,0.7794997692108154,6886400,False,0.03369354564254554,0.02748403807363604,0.27479322639135173,39,40,13
WMT,1983-08-08,1.3046879768371582,1.3046879768371582,1.2734379768371582,1.300781011581421,0.7818476557731628,4604800,True,0.0030075155529463607,0.02410996932663082,0.24105832780870223,40,40,13
WMT,1983-08-09,1.292968988418579,1.324218988418579,1.28125,1.292968988418579,0.7771521210670471,9350400,False,-0.00602379676306088,0.018497236767858624,0.18494063198232788,42,40,13
WMT,1983-08-10,1.28125,1.421875,1.28125,1.390625,0.8358497619628906,15392000,False,0.07281277514980493,0.03345426388286515,0.33448524137137403,36,32,10
WMT,1983-08-11,1.386718988418579,1.390625,1.3203129768371582,1.3671879768371582,0.8217622637748718,3705600,False,-0.016997749958077863,0.03631468983406624,0.3630845932525698,35,32,10
WMT,1983-08-12,1.375,1.3828129768371582,1.316406011581421,1.3203129768371582,0.7935876250267029,4915200,False,-0.03488717402129166,0.04119740601482231,0.41190337778737496,33,32,10
WMT,1983-08-15,1.34375,1.386718988418579,1.34375,1.375,0.8264577984809875,10172800,True,0.040584893053627266,0.04437159466763718,0.44363981836225963,32,32,10
WMT,1983-08-16,1.3671879768371582,1.371093988418579,1.3515629768371582,1.355468988418579,0.8147185444831848,3520000,False,-0.014306146034961503,0.04531513382931757,0.45307359114958,31,32,10
WMT,1983-08-17,1.3515629768371582,1.363281011581421,1.3125,1.328125,0.7982832193374634,6790400,False,-0.020379263469320286,0.028940542525238498,0.28935577198370166,38,40,13
WMT,1983-08-18,1.316406011581421,1.3203129768371582,1.253906011581421,1.28125,0.7701082825660706,9721600,False,-0.03593231426418981,0.03135457883102716,0.31349199328117733,37,40,13
WMT,1983-08-19,1.28125,1.28125,1.238281011581421,1.246093988418579,0.7489772439002991,6380800,False,-0.02782253058979403,0.03026090542499703,0.3025571356355781,37,40,13
WMT,1983-08-22,1.25,1.2578129768371582,1.175781011581421,1.214843988418579,0.730194628238678,10208000,True,-0.02539748844728955,0.008109866236895897,0.08108474827709648,46,48,16
WMT,1983-08-23,1.214843988418579,1.234375,1.203125,1.2109379768371582,0.727846622467041,9257600,False,-0.0032207700573983426,0.012179135134344701,0.12177045560976722,45,48,16
WMT,1983-08-24,1.214843988418579,1.214843988418579,1.171875,1.1875,0.7137590050697327,6313600,False,-0.019544965124743793,0.012221958180965874,0.12219861260450765,45,48,16
WMT,1983-08-25,1.171875,1.171875,1.109375,1.167968988418579,0.7020198702812195,12604800,False,-0.016583668581549967,0.009652760038316112,0.09651103914947658,46,48,16
WMT,1983-08-26,1.167968988418579,1.1953129768371582,1.167968988418579,1.1953129768371582,0.7184553146362305,4160000,False,0.023141802142817563,0.019376376125609066,0.19373051722104762,42,40,13
WMT,1983-08-29,1.183593988418579,1.203125,1.1796879768371582,1.191406011581421,0.7167626619338989,2172800,True,-0.0023587406439193183,0.01687869912002019,0.16875803242786028,43,40,13
WMT,1983-08-30,1.2109379768371582,1.246093988418579,1.207031011581421,1.2265629768371582,0.7379133701324463,2409600,False,0.029081662697948284,0.02239496292739202,0.2239112062516007,41,40,13
WMT,1983-08-31,1.222656011581421,1.246093988418579,1.21875,1.230468988418579,0.740263819694519,5180800,False,0.003180202697247616,0.018748978974808875,0.18745762213790101,42,40,13
WMT,1983-09-01,1.230468988418579,1.25,1.2265629768371582,1.230468988418579,0.740263819694519,3817600,False,0.0,0.014441352122251849,0.14438874420472583,44,48,16
WMT,1983-09-02,1.222656011581421,1.230468988418579,1.2109379768371582,1.21875,0.7332130074501038,1468800,False,-0.009570379297501654,0.014750665275323666,0.1474813450470824,44,48,16
WMT,1983-09-06,1.2109379768371582,1.214843988418579,1.199218988418579,1.2109379768371582,0.728513777256012,4572800,True,-0.0064297191959552455,0.015296251426055483,0.1529362704926212,43,40,13
WMT,1983-09-07,1.21875,1.246093988418579,1.207031011581421,1.2421879768371582,0.7473135590553284,8012800,False,0.025478317560928422,0.01378536067222481,0.13782995518853006,44,48,16
WMT,1983-09-08,1.2421879768371582,1.265625,1.2421879768371582,1.253906011581421,0.7543636560440063,7129600,False,0.00938969935245353,0.01413369112618577,0.14131266209782203,44,48,16
WMT,1983-09-09,1.246093988418579,1.25,1.175781011581421,1.1796879768371582,0.709713339805603,6460800,False,-0.06101341242812269,0.03254855039624293,0.32542966043715094,36,32,10
WMT,1983-09-12,1.2265629768371582,1.230468988418579,1.1875,1.1875,0.7144131660461426,11446400,True,0.00660031715332081,0.03320359569995062,0.33197898961345584,36,32,10
WMT,1983-09-13,1.1640629768371582,1.1796879768371582,1.144531011581421,1.1640629768371582,0.7003129124641418,4732800,False,-0.019934205941717607,0.0338716754494918,0.338658640884906,36,32,10
WMT,1983-09-14,1.1640629768371582,1.191406011581421,1.1640629768371582,1.1796879768371582,0.709713339805603,2083200,False,0.01333388878839671,0.031211098759024915,0.3120574387298146,37,40,13
WMT,1983-09-15,1.1796879768371582,1.1875,1.15625,1.160156011581421,0.6979625225067139,2566400,False,-0.016695733117946362,0.029207751896724355,0.29202740724762744,38,40,13
WMT,1983-09-16,1.160156011581421,1.21875,1.160156011581421,1.214843988418579,0.7308634519577026,2742400,False,0.04606123743661956,0.026676993238710915,0.2667241626883625,39,40,13
WMT,1983-09-19,1.222656011581421,1.253906011581421,1.214843988418579,1.2265629768371582,0.7379133701324463,8518400,True,0.00959978699227684,0.026731104799179083,0.2672651854538775,39,40,13
WMT,1983-09-20,1.246093988418579,1.253906011581421,1.238281011581421,1.246093988418579,0.7496634125709534,7513600,False,0.015797889492315982,0.02231851660658618,0.22314687420244173,41,40,13
WMT,1983-09-21,1.261718988418579,1.2734379768371582,1.25,1.265625,0.7614138126373291,6528000,False,0.015552662330535493,0.02233347301524695,0.22329641262834946,41,40,13
WMT,1983-09-22,1.2578129768371582,1.2890629768371582,1.2578129768371582,1.28125,0.7708144187927246,5734400,False,0.01227065774617725,0.014869673554494324,0.14867122365636717,44,48,16
WMT,1983-09-23,1.285156011581421,1.300781011581421,1.234375,1.234375,0.7426137328147888,4208000,False,-0.037271608180185496,0.02276224806665039,0.22758342749332636,40,40,13
WMT,1983-09-26,1.25,1.253906011581421,1.2265629768371582,1.2265629768371582,0.7379133701324463,3955200,True,-0.00634960138884325,0.02275696527240281,0.227530608614537,40,40,13
WMT,1983-09-27,1.21875,1.2265629768371582,1.1953129768371582,1.2265629768371582,0.7379133701324463,3817600,False,0.0,0.021047742745622832,0.2104413158586377,41,40,13
WMT,1983-09-28,1.2265629768371582,1.246093988418579,1.2265629768371582,1.234375,0.7426137328147888,2848000,False,0.006349601388843285,0.019334988938028607,0.193316716353212,42,40,13
WMT,1983-09-29,1.2421879768371582,1.2578129768371582,1.2421879768371582,1.253906011581421,0.7543636560440063,2457600,False,0.01569851972832928,0.020144301579616154,0.2014084542319511,41,40,13
WMT,1983-09-30,1.261718988418579,1.2890629768371582,1.2578129768371582,1.277343988418579,0.768463671207428,2851200,False,0.018518735339065798,0.010438604395991974,0.10436813445361726,45,48,16
WMT,1983-10-03,1.277343988418579,1.3125,1.2734379768371582,1.296875,0.7802143692970276,9788800,True,0.015175424833996932,0.007722655829128305,0.07721330853604788,46,48,16
WMT,1983-10-04,1.3046879768371582,1.308593988418579,1.292968988418579,1.300781011581421,0.7825638055801392,5676800,False,0.00300674541133271,0.006684850918324234,0.06683703998917088,47,48,16
WMT,1983-10-05,1.300781011581421,1.3203129768371582,1.296875,1.308593988418579,0.7872641682624817,2876800,False,0.005988397209449675,0.006759335293539381,0.0675817559485316,47,48,16
WMT,1983-10-06,1.316406011581421,1.328125,1.285156011581421,1.308593988418579,0.7872641682624817,3529600,False,0.0,0.007963403511572037,0.07962037230985387,46,48,16
WMT,1983-10-07,1.308593988418579,1.3203129768371582,1.300781011581421,1.3125,0.789614737033844,4006400,False,0.0029812948914192438,0.005844619993105684,0.058436172320599424,47,48,16
WMT,1983-10-10,1.3203129768371582,1.328125,1.3125,1.324218988418579,0.7966647148132324,1705600,True,0.008888754360803195,0.0033811331696478124,0.03380553068865043,48,48,16
WMT,1983-10-11,1.324218988418579,1.3828129768371582,1.324218988418579,1.359375,0.8178147077560425,8380800,False,0.026201886078666914,0.010271747999012293,0.1026998567592247,45,48,16
WMT,1983-10-12,1.3515629768371582,1.371093988418579,1.3515629768371582,1.355468988418579,0.8154652714729309,6419200,False,-0.002876956717146065,0.011564779325863942,0.11562795157479298,45,48,16
WMT,1983-10-13,1.359375,1.359375,1.34375,1.34375,0.8084150552749634,3734400,False,-0.008683226688218804,0.013393446298796415,0.133911483861464,44,48,16
WMT,1983-10-14,1.347656011581421,1.347656011581421,1.328125,1.3359379768371582,0.8037146329879761,3852800,False,-0.005831336822121271,0.014322855962716163,0.14320398591314748,44,48,16
WMT,1983-10-17,1.34375,1.34375,1.3046879768371582,1.324218988418579,0.7966647148132324,2710400,True,-0.008810365851180777,0.014847905368396747,0.14845357914305315,44,48,16
WMT,1983-10-18,1.316406011581421,1.328125,1.28125,1.28125,0.7708144187927246,4976000,False,-0.032986263594211154,0.01207009232362153,0.12068021458721004,45,48,16
WMT,1983-10-19,1.28125,1.285156011581421,1.253906011581421,1.2578129768371582,0.7567142248153687,7459200,False,-0.018461970623878433,0.011155247735558956,0.11153333830480779,45,48,16
WMT,1983-10-20,1.2734379768371582,1.3203129768371582,1.2734379768371582,1.3046879768371582,0.7849140763282776,13068800,False,0.03658858287378671,0.026005881064318736,0.2600141923711316,39,40,13
WMT,1983-10-21,1.308593988418579,1.3125,1.2734379768371582,1.277343988418579,0.768463671207428,3913600,False,-0.02118096536269874,0.026886781393355343,0.2688216843014158,39,40,13
WMT,1983-10-24,1.25,1.2734379768371582,1.25,1.265625,0.7614138126373291,5113600,True,-0.009216304633386968,0.026886790998950142,0.26882178034088344,39,40,13
WMT,1983-10-25,1.269531011581421,1.296875,1.265625,1.285156011581421,0.7731635570526123,3241600,False,0.0153136287073257,0.024727502960023618,0.24723260464060487,40,40,13
WMT,1983-10-26,1.2890629768371582,1.328125,1.2890629768371582,1.316406011581421,0.7919642329216003,5856000,False,0.02402561674598578,0.023819262673975064,0.23815176004734645,40,40,13
WMT,1983-10-27,1.3125,1.316406011581421,1.292968988418579,1.296875,0.7802143692970276,2307200,False,-0.0149475159859277,0.019758074170723575,0.19754684279312215,42,40,13
WMT,1983-10-28,1.296875,1.300781011581421,1.265625,1.2734379768371582,0.766113817691803,5043200,False,-0.018237968588565735,0.019045036445512316,0.19041768889933883,42,40,13
WMT,1983-10-31,1.2734379768371582,1.292968988418579,1.222656011581421,1.2265629768371582,0.7379133701324463,5299200,True,-0.0375043127016695,0.025385976778051374,0.25381621307781077,39,40,13
WMT,1983-11-01,1.2265629768371582,1.2578129768371582,1.222656011581421,1.25,0.7520138025283813,4572800,False,0.01892824514146426,0.0261929260745849,0.26188432156079916,39,40,13
WMT,1983-11-02,1.265625,1.316406011581421,1.265625,1.2890629768371582,0.7755140066146851,9116800,False,0.030771365644741186,0.028194250413926498,0.28189413128343804,38,40,13
WMT,1983-11-03,1.2890629768371582,1.2890629768371582,1.2734379768371582,1.277343988418579,0.768463671207428,4224000,False,-0.009132754329967085,0.027756534704069812,0.27751772517341017,38,40,13
WMT,1983-11-04,1.277343988418579,1.28125,1.2578129768371582,1.265625,0.7614138126373291,7558400,False,-0.009216304633386968,0.02679786650630294,0.2679326879821016,39,40,13
WMT,1983-11-07,1.2578129768371582,1.2734379768371582,1.2421879768371582,1.25,0.7520138025283813,2732800,True,-0.012422306681387177,0.01972410258404692,0.19720718521138322,42,40,13
WMT,1983-11-08,1.2578129768371582,1.2578129768371582,1.234375,1.246093988418579,0.7496634125709534,4134400,False,-0.003130355649148221,0.01787020859466848,0.1786714260422271,42,40,13
WMT,1983-11-09,1.246093988418579,1.300781011581421,1.238281011581421,1.292968988418579,0.7778645157814026,4707200,False,0.03692804221539027,0.020580991720038598,0.20577460640720535,41,40,13
WMT,1983-11-10,1.3046879768371582,1.3125,1.296875,1.300781011581421,0.7825638055801392,4304000,False,0.006023094993861632,0.019892792746826007,0.19889379741757915,42,40,13
WMT,1983-11-11,1.296875,1.3203129768371582,1.2890629768371582,1.3125,0.789614737033844,2665600,False,0.008969692100868985,0.018574158577420972,0.18570971810325618,42,40,13
WMT,1983-11-14,1.324218988418579,1.347656011581421,1.3046879768371582,1.3359379768371582,0.8037146329879761,6841600,True,0.01769912021198391,0.01515996467378314,0.15157363679698388,43,40,13
WMT,1983-11-15,1.3203129768371582,1.332031011581421,1.3125,1.3203129768371582,0.7943147420883179,4700800,False,-0.011764488764216603,0.01776671421374298,0.17763665979820947,42,40,13
WMT,1983-11-16,1.328125,1.3515629768371582,1.328125,1.3515629768371582,0.813115656375885,5235200,False,0.02339357487873992,0.013442324537531237,0.13440018238845206,44,48,16
WMT,1983-11-17,1.347656011581421,1.3671879768371582,1.34375,1.3671879768371582,0.8225149512290955,4361600,False,0.011493302065529133,0.01337572462726614,0.1337342975512208,44,48,16
WMT,1983-11-18,1.3671879768371582,1.3671879768371582,1.347656011581421,1.363281011581421,0.8201643824577332,3520000,False,-0.002861873680984968,0.014586131577846342,0.14583629036265952,44,48,16
WMT,1983-11-21,1.3671879768371582,1.371093988418579,1.359375,1.363281011581421,0.8201643824577332,4272000,True,0.0,0.013636817492294822,0.13634477824466068,44,48,16
WMT,1983-11-22,1.371093988418579,1.390625,1.3671879768371582,1.378906011581421,0.829565167427063,11872000,False,0.011396882264232206,0.01049217036335269,0.10490370222413148,45,48,16
WMT,1983-11-23,1.3828129768371582,1.390625,1.363281011581421,1.3671879768371582,0.8225149512290955,4505600,False,-0.008535008583247258,0.008896662460192602,0.08895136060433043,46,48,16
WMT,1983-11-25,1.359375,1.359375,1.3203129768371582,1.3359379768371582,0.8037146329879761,3353600,True,-0.023122388180052418,0.012635678513103496,0.12633510610619775,44,48,16
WMT,1983-11-28,1.328125,1.34375,1.3203129768371582,1.34375,0.8084150552749634,1238400,True,0.005831336822121214,0.013506890717855496,0.13504573341554396,44,48,16
WMT,1983-11-29,1.3359379768371582,1.339843988418579,1.3203129768371582,1.324218988418579,0.7966647148132324,3843200,False,-0.014641702673302111,0.014289339220627294,0.1428688759969099,44,48,16
WMT,1983-11-30,1.3125,1.3203129768371582,1.308593988418579,1.316406011581421,0.7919642329216003,2432000,False,-0.005917675887076994,0.010730473660091673,0.10728632633472082,45,48,16
WMT,1983-12-01,1.308593988418579,1.324218988418579,1.292968988418579,1.296875,0.7802143692970276,7779200,False,-0.0149475159859277,0.010999446408434959,0.10997559234179641,45,48,16
WMT,1983-12-02,1.296875,1.3125,1.28125,1.292968988418579,0.7778645157814026,2396800,False,-0.0030163495825289697,0.008691623445800182,0.08690132224570062,46,48,16
WMT,1983-12-05,1.285156011581421,1.2890629768371582,1.25,1.253906011581421,0.7543636560440063,11804800,True,-0.030677810590533663,0.010785358267177452,0.1078350782400964,45,48,16
WMT,1983-12-06,1.246093988418579,1.2734379768371582,1.246093988418579,1.261718988418579,0.7597267627716064,4710400,False,0.007084291784521995,0.014213413297019115,0.14210974702688245,44,48,16
WMT,1983-12-07,1.246093988418579,1.25,1.234375,1.246093988418579,0.7503179311752319,8672000,False,-0.012461821027381567,0.014102516836894197,0.14100097269061276,44,48,16
WMT,1983-12-08,1.2421879768371582,1.277343988418579,1.2421879768371582,1.269531011581421,0.764430820941925,9020800,False,0.018634507049829847,0.01883759385654523,0.18834361891877358,42,40,13
WMT,1983-12-09,1.269531011581421,1.2734379768371582,1.238281011581421,1.2421879768371582,0.7479665875434875,6156800,False,-0.02177322407284052,0.020375816284133735,0.2037232040675094,41,40,13
WMT,1983-12-12,1.25,1.2578129768371582,1.2421879768371582,1.2421879768371582,0.7479665875434875,3286400,True,0.0,0.01590830775751178,0.15905578370256196,43,40,13
WMT,1983-12-13,1.2421879768371582,1.246093988418579,1.207031011581421,1.214843988418579,0.7315016388893127,7136000,False,-0.022258847009418933,0.017214853946534697,0.1721190039524033,43,40,13
WMT,1983-12-14,1.199218988418579,1.207031011581421,1.183593988418579,1.203125,0.7244454026222229,11676800,False,-0.009693060686215239,0.01706208843124651,0.17059161089920977,43,40,13
WMT,1983-12-15,1.1953129768371582,1.214843988418579,1.1796879768371582,1.191406011581421,0.7173888087272644,9020800,False,-0.00978843501198409,0.009387542398441834,0.09385931778445407,46,48,16
WMT,1983-12-16,1.1875,1.2109379768371582,1.1796879768371582,1.207031011581421,0.7267975807189941,3772800,False,0.013030042631796057,0.013135361629366033,0.13133107996284807,44,48,16
WMT,1983-12-19,1.203125,1.207031011581421,1.1640629768371582,1.183593988418579,0.712684690952301,4112000,True,-0.019608913917497865,0.013897548196201951,0.1389516379482446,44,48,16
WMT,1983-12-20,1.183593988418579,1.1875,1.1484379768371582,1.15625,0.6962197422981262,5222400,False,-0.023373761726432376,0.014156681482914955,0.14154252622057484,44,48,16
WMT,1983-12-21,1.1484379768371582,1.1484379768371582,1.109375,1.140625,0.686811089515686,13574400,False,-0.013606056659704817,0.014251134592190942,0.1424868952602008,44,48,16
WMT,1983-12-22,1.15625,1.207031011581421,1.1484379768371582,1.191406011581421,0.7173888087272644,8348800,False,0.04355868967183887,0.02820952178347309,0.28204681877782584,38,40,13
WMT,1983-12-23,1.183593988418579,1.207031011581421,1.183593988418579,1.199218988418579,0.722092866897583,1955200,False,0.006535789923632699,0.02760257212788741,0.275978363565071,38,40,13
WMT,1983-12-27,1.203125,1.25,1.203125,1.25,0.7526707053184509,3344000,True,0.04147406668448981,0.030804406647673335,0.30799121537767143,37,40,13
WMT,1983-12-28,1.261718988418579,1.265625,1.238281011581421,1.246093988418579,0.7503179311752319,3721600,False,-0.0031307968774934975,0.02614930411296212,0.2614481767867406,39,40,13
WMT,1983-12-29,1.2421879768371582,1.246093988418579,1.2265629768371582,1.234375,0.7432620525360107,2051200,False,-0.009448347201616072,0.025056846495138674,0.2505254749372813,39,40,13
WMT,1983-12-30,1.2265629768371582,1.230468988418579,1.1796879768371582,1.21875,0.733853280544281,4844800,False,-0.012739559371524628,0.02191578539468226,0.21912025304906269,41,40,13
WMT,1984-01-03,1.222656011581421,1.2265629768371582,1.1953129768371582,1.199218988418579,0.722092866897583,2838400,True,-0.01615536323385568,0.023677328267133233,0.23673265949569125,40,40,13
WMT,1984-01-04,1.203125,1.21875,1.171875,1.21875,0.733853280544281,6620800,False,0.016155363233855673,0.012797985197506866,0.1279578944807659,44,48,16
WMT,1984-01-05,1.2421879768371582,1.246093988418579,1.230468988418579,1.2421879768371582,0.7479665875434875,6304000,False,0.01904918955013013,0.016840876416217256,0.16837987028221757,43,40,13
WMT,1984-01-06,1.2421879768371582,1.265625,1.2421879768371582,1.246093988418579,0.7503179311752319,10003200,False,0.003138717023010701,0.016117977614414847,0.16115212254116498,43,40,13
WMT,1984-01-09,1.238281011581421,1.2421879768371582,1.2265629768371582,1.238281011581421,0.7456136345863342,2432000,True,-0.006289475005507507,0.014863715552358787,0.14861165385715194,44,48,16
WMT,1984-01-10,1.238281011581421,1.246093988418579,1.214843988418579,1.21875,0.733853280544281,3155200,False,-0.015898431567633254,0.014780370413129133,0.1477783454600528,44,48,16
WMT,1984-01-11,1.207031011581421,1.214843988418579,1.175781011581421,1.175781011581421,0.7079803347587585,6723200,False,-0.0358928008236457,0.02058928914506081,0.20585756642154113,41,40,13
WMT,1984-01-12,1.175781011581421,1.1796879768371582,1.1328129768371582,1.15625,0.6962197422981262,13260800,False,-0.016750985345976726,0.014517930932321125,0.14515440091920742,44,48,16
WMT,1984-01-13,1.152343988418579,1.1640629768371582,1.1484379768371582,1.15625,0.6962197422981262,4793600,False,0.0,0.013612951878938575,0.13610616305731443,44,48,16
WMT,1984-01-16,1.1484379768371582,1.152343988418579,1.140625,1.144531011581421,0.6891638040542603,3440000,True,-0.010186347706628972,0.013093634556223185,0.13091388082252994,44,48,16
WMT,1984-01-17,1.152343988418579,1.171875,1.1484379768371582,1.1640629768371582,0.7009244561195374,7622400,False,0.016921130858557457,0.0196051504619582,0.19601786807656918,42,40,13
WMT,1984-01-18,1.171875,1.1875,1.167968988418579,1.175781011581421,0.7079803347587585,7225600,False,0.010016202194048102,0.013883498888842502,0.13881116897903698,44,48,16
WMT,1984-01-19,1.167968988418579,1.1875,1.1640629768371582,1.1640629768371582,0.7009244561195374,9116800,False,-0.010016202194048144,0.0120588504955509,0.12056781559410033,45,48,16
WMT,1984-01-20,1.160156011581421,1.160156011581421,1.125,1.1328129768371582,0.6821075677871704,6668800,False,-0.027212745915008087,0.017659268886101025,0.17656239086566383,42,40,13
WMT,1984-01-23,1.1171879768371582,1.121093988418579,1.078125,1.09375,0.6585865616798401,14252800,True,-0.035091404073507644,0.022621835565065702,0.22617954338311083,40,40,13
WMT,1984-01-24,1.1015629768371582,1.109375,1.074218988418579,1.082031011581421,0.6515299677848816,7923200,False,-0.010772571719027561,0.017468511980176894,0.17465514908791335,43,40,13
WMT,1984-01-25,1.078125,1.082031011581421,1.042968988418579,1.0546879768371582,0.6350658535957336,18099200,False,-0.025594693676385435,0.010963593039593796,0.10961712016698476,45,48,16
WMT,1984-01-26,1.0703129768371582,1.09375,1.0703129768371582,1.0703129768371582,0.6444739699363708,3971200,False,0.014705733601779819,0.01968049976025046,0.1967712317827531,42,40,13
WMT,1984-01-27,1.074218988418579,1.09375,1.058593988418579,1.078125,0.6491782665252686,15321600,False,0.007272924194930602,0.02110712558459289,0.21103504236524276,41,40,13
WMT,1984-01-30,1.078125,1.0859379768371582,1.0546879768371582,1.0625,0.6397696733474731,5878400,True,-0.01459913157737973,0.016472458159355417,0.16469631980854624,43,40,13
WMT,1984-01-31,1.066406011581421,1.109375,1.0625,1.109375,0.6679947376251221,7628800,False,0.043172069514057734,0.02681713635151717,0.2681253533729839,39,40,13
WMT,1984-02-01,1.125,1.125,1.066406011581421,1.0859379768371582,0.6538825631141663,9744000,False,-0.021352527469537395,0.025649218155208754,0.2564481752063369,39,40,13
WMT,1984-02-02,1.078125,1.0859379768371582,1.046875,1.0546879768371582,0.6350658535957336,9868800,False,-0.029199068263850957,0.029133837508756765,0.29128839018281555,38,40,13
WMT,1984-02-03,1.0625,1.082031011581421,1.0,1.0234379768371582,0.6162489056587219,7283200,False,-0.030077750417548493,0.030611171934038596,0.3060591997739878,37,40,13
WMT,1984-02-06,1.003906011581421,1.0078129768371582,0.9726560115814208,0.984375,0.5927274823188782,10825600,True,-0.03891621382024039,0.03325997730870872,0.33254270896714994,36,32,10
WMT,1984-02-07,1.0,1.035156011581421,0.9609379768371582,1.015625,0.6115448474884033,13305600,False,0.03125355683845122,0.028041701253284482,0.2803689014055067,38,40,13
WMT,1984-02-08,1.0234379768371582,1.027343988418579,0.9609379768371582,0.9609379768371582,0.5786155462265015,4454400,False,-0.05535003169084377,0.032867896408248255,0.3286225726554735,36,32,10
WMT,1984-02-09,0.9609379768371582,0.9882810115814208,0.953125,0.984375,0.5927274823188782,9670400,False,0.02409647485239248,0.03901333192505366,0.3900663841040853,34,32,10
WMT,1984-02-10,0.9921879768371582,1.0390629768371582,0.9921879768371582,1.0390629768371582,0.6256576180458069,10476800,False,0.05406854971923217,0.047468442237312475,0.474602980799791,31,32,10
WMT,1984-02-13,1.0390629768371582,1.0390629768371582,1.0078129768371582,1.027343988418579,0.6186008453369141,3910400,True,-0.011343058664577728,0.042743509609590356,0.42736176108619317,32,32,10
WMT,1984-02-14,1.03125,1.042968988418579,1.0234379768371582,1.035156011581421,0.6233049035072327,4425600,False,0.007575584011309871,0.0408692030754377,0.4086219114910837,33,32,10
WMT,1984-02-15,1.0390629768371582,1.0390629768371582,1.0078129768371582,1.011718988418579,0.6091925501823425,5088000,False,-0.022901418701138265,0.03034883562218737,0.3034362867457034,37,40,13
WMT,1984-02-16,1.0078129768371582,1.046875,1.003906011581421,1.046875,0.6303614377975464,6460800,False,0.034158973573655875,0.03179182281606207,0.3178636829523254,37,40,13
WMT,1984-02-17,1.0,1.0,1.0,1.0,0.602135956287384,4528000,False,-0.04581010484669395,0.03034075541118968,0.3033554984989389,37,40,13
WMT,1984-02-21,1.0,1.0078129768371582,0.984375,0.9921879768371582,0.5974323749542236,2688000,True,-0.007842163412127076,0.03027495171839286,0.30269757447032064,37,40,13
WMT,1984-02-22,0.984375,0.9960939884185792,0.9804689884185792,0.984375,0.5927274823188782,6300800,False,-0.007906361679660953,0.029188382156388106,0.29183374307691495,38,40,13
WMT,1984-02-23,0.984375,0.9882810115814208,0.9453129768371582,0.9765629768371582,0.5880239009857178,5379200,False,-0.007967140720318708,0.028296309510729194,0.2829145471487436,38,40,13
WMT,1984-02-24,0.9765629768371582,1.0078129768371582,0.9765629768371582,1.0078129768371582,0.6068408489227295,5872000,False,0.03149896879498543,0.02733600474860979,0.273313147121762,39,40,13
WMT,1984-02-27,1.015625,1.03125,1.011718988418579,1.0234379768371582,0.6162489056587219,4729600,True,0.015384385745573817,0.01809006227851274,0.18086958567785724,42,40,13
WMT,1984-02-28,1.0078129768371582,1.0078129768371582,1.0,1.0,0.602135956287384,5401600,False,-0.023167688728452412,0.02167540162145228,0.21671682774303544,41,40,13
WMT,1984-02-29,1.0078129768371582,1.015625,1.0,1.003906011581421,0.6044880747795105,5008000,False,0.0038986816288431045,0.021018317393706566,0.21014711282453086,41,40,13
WMT,1984-03-01,1.0078129768371582,1.03125,1.0,1.03125,0.6209530830383301,4492800,False,0.026873585968103,0.021847245391151626,0.21843497060779274,41,40,13
WMT,1984-03-02,1.03125,1.09375,1.027343988418579,1.082031011581421,0.6515299677848816,13603200,False,0.04806786522544002,0.02651186300968926,0.26507314371196505,39,40,13
WMT,1984-03-05,1.046875,1.046875,1.035156011581421,1.046875,0.6303614377975464,17891200,True,-0.03303002797569234,0.0338123415194746,0.33806540338391644,36,32,10
WMT,1984-03-06,1.0546879768371582,1.0703129768371582,1.035156011581421,1.0390629768371582,0.6256576180458069,15507200,False,-0.00749008021924971,0.031230226547510884,0.31224868379714094,37,40,13
WMT,1984-03-07,1.0390629768371582,1.050781011581421,1.019531011581421,1.050781011581421,0.6327130198478699,2115200,False,0.011213668726906632,0.031181039299393472,0.3117568957064942,37,40,13
WMT,1984-03-08,1.050781011581421,1.066406011581421,1.046875,1.0625,0.6397696733474731,4201600,False,0.011091272010980611,0.029699030646744815,0.2969393518612223,38,40,13
WMT,1984-03-09,1.0625,1.0703129768371582,1.046875,1.0703129768371582,0.6444739699363708,6304000,False,0.007326207382449181,0.018879924226632715,0.1887668499934619,42,40,13
WMT,1984-03-12,1.066406011581421,1.078125,1.046875,1.078125,0.6491782665252686,3929600,True,0.007272924194930602,0.007720041087651712,0.07718716560739208,46,48,16
WMT,1984-03-13,1.074218988418579,1.089843988418579,1.066406011581421,1.0859379768371582,0.6538825631141663,6553600,False,0.007220410467140628,0.0021255442388502846,0.0212517955937305,49,48,16
WMT,1984-03-14,1.082031011581421,1.0859379768371582,1.0703129768371582,1.078125,0.6491782665252686,3440000,False,-0.007220410467140658,0.007103772643793871,0.07102553850015421,47,48,16
WMT,1984-03-15,1.078125,1.09375,1.078125,1.089843988418579,0.6562342643737793,11164800,False,0.010810477759021978,0.007045817476284434,0.07044608625870043,47,48,16
WMT,1984-03-16,1.109375,1.109375,1.0859379768371582,1.097656011581421,0.6609382033348083,10438400,False,0.007142510300102962,0.007031654036013394,0.07030447615619465,47,48,16
WMT,1984-03-19,1.0859379768371582,1.0859379768371582,1.0546879768371582,1.078125,0.6501407623291016,1481600,True,-0.016471448947464537,0.011651396656564825,0.11649397627250777,45,48,16
WMT,1984-03-20,1.089843988418579,1.1171879768371582,1.082031011581421,1.109375,0.6689851880073547,6009600,False,0.028573022512002062,0.01734548042122158,0.17342504458352034,43,40,13
WMT,1984-03-21,1.105468988418579,1.1171879768371582,1.097656011581421,1.109375,0.6689851880073547,4780800,False,0.0,0.016393236362808317,0.1639042377638565,43,40,13
WMT,1984-03-22,1.09375,1.09375,1.046875,1.046875,0.6312956809997559,5670400,False,-0.057987575474407915,0.03240790405234625,0.32402343830501856,37,40,13
WMT,1984-03-23,1.0625,1.0625,1.015625,1.015625,0.6124512553215027,6192000,False,-0.030304987808080358,0.032433254764624636,0.32427690193360303,37,40,13
WMT,1984-03-26,1.0078129768371582,1.011718988418579,0.984375,0.984375,0.5936066508293152,5340800,True,-0.031252460085721405,0.03323741898964431,0.33231716447979814,36,32,10
WMT,1984-03-27,0.9804689884185792,0.9960939884185792,0.96875,0.984375,0.5936066508293152,14627200,False,0.0,0.02449216678060814,0.24487964661256945,40,40,13
WMT,1984-03-28,0.9921879768371582,1.046875,0.9882810115814208,1.0390629768371582,0.6265853643417358,5334400,False,0.054068124968978996,0.04278897273165763,0.427816314305819,32,32,10
WMT,1984-03-29,1.0390629768371582,1.046875,1.027343988418579,1.03125,0.6218735575675964,5753600,False,-0.007548232565790737,0.03474989526947979,0.3474393323236515,36,32,10
WMT,1984-03-30,1.03125,1.046875,1.03125,1.0390629768371582,0.6265853643417358,3424000,False,0.007548232565790686,0.031264673019209155,0.3125930894143361,37,40,13
WMT,1984-04-02,1.046875,1.050781011581421,1.027343988418579,1.046875,0.6312956809997559,2707200,True,0.007489322924822696,0.024163711671783432,0.24159565905452415,40,40,13
WMT,1984-04-03,1.0390629768371582,1.042968988418579,1.0234379768371582,1.03125,0.6218735575675964,2470400,False,-0.015037555490613558,0.02686406392637008,0.26859454860790544,39,40,13
WMT,1984-04-04,1.0234379768371582,1.027343988418579,1.011718988418579,1.011718988418579,0.610095739364624,3078400,False,-0.01912089379077379,0.012445177599914562,0.12443042381659268,45,48,16
WMT,1984-04-05,1.0078129768371582,1.0234379768371582,1.0,1.019531011581421,0.6148066520690918,10387200,False,0.007691936866975739,0.013581643022138514,0.13579312820589767,44,48,16
WMT,1984-04-06,1.019531011581421,1.035156011581421,1.011718988418579,1.019531011581421,0.6148066520690918,6377600,False,0.0,0.01259926347990633,0.12597101825147322,44,48,16
WMT,1984-04-09,1.015625,1.015625,1.003906011581421,1.011718988418579,0.610095739364624,1577600,True,-0.007691936866975665,0.010916827704976838,0.10914954705606726,45,48,16
WMT,1984-04-10,1.011718988418579,1.0390629768371582,1.0078129768371582,1.0390629768371582,0.6265853643417358,6790400,False,0.026669126356564578,0.017203106569295114,0.1720015503349744,43,40,13
WMT,1984-04-11,1.042968988418579,1.0625,1.0390629768371582,1.0546879768371582,0.6360074281692505,9532800,False,0.014925221796651547,0.013288325441666412,0.13286045564594548,44,48,16
WMT,1984-04-12,1.058593988418579,1.0859379768371582,1.0234379768371582,1.0859379768371582,0.6548520922660828,4444800,False,0.029199154018039946,0.016197218323421733,0.1619443936780045,43,40,13
WMT,1984-04-13,1.09375,1.1328129768371582,1.074218988418579,1.078125,0.6501407623291016,12003200,False,-0.007220499927462827,0.017842070788653467,0.17839009625809119,42,40,13
WMT,1984-04-16,1.0703129768371582,1.074218988418579,1.0390629768371582,1.046875,0.6312956809997559,4444800,True,-0.029414552962405863,0.024852498643947916,0.24848234702483987,40,40,13
WMT,1984-04-17,1.046875,1.078125,1.0390629768371582,1.066406011581421,0.6430737376213074,9424000,False,0.018485051233764056,0.023449242433168153,0.23445219248274715,40,40,13
WMT,1984-04-18,1.074218988418579,1.074218988418579,1.0625,1.0625,0.6407183408737183,2281600,False,-0.0036694406048380927,0.022990280690400725,0.22986336249541575,40,40,13
WMT,1984-04-19,1.0625,1.0703129768371582,1.0546879768371582,1.0625,0.6407183408737183,5155200,False,0.0,0.0171558725115649,0.1715292907971123,43,40,13
WMT,1984-04-23,1.074218988418579,1.078125,1.0546879768371582,1.066406011581421,0.6430737376213074,3974400,True,0.0036694406048382215,0.017392180945691265,0.17389196970415985,43,40,13
WMT,1984-04-24,1.066406011581421,1.089843988418579,1.066406011581421,1.078125,0.6501407623291016,4630400,False,0.010929501728641822,0.008874648312194042,0.08873125689400323,46,48,16
WMT,1984-04-25,1.078125,1.0859379768371582,1.0625,1.0625,0.6407183408737183,2550400,False,-0.014598942333479945,0.009444836620173102,0.09443216170211037,46,48,16
WMT,1984-04-26,1.0703129768371582,1.0859379768371582,1.0703129768371582,1.078125,0.6501407623291016,4611200,False,0.014598942333479881,0.011363881527124902,0.11361931826761616,45,48,16
WMT,1984-04-27,1.082031011581421,1.121093988418579,1.078125,1.109375,0.6689851880073547,7708800,False,0.028573022512002062,0.01583375305043667,0.15831036454526995,43,40,13
WMT,1984-04-30,1.1171879768371582,1.125,1.1015629768371582,1.109375,0.6689851880073547,4844800,True,0.0,0.01620216014721333,0.1619938034372368,43,40,13
WMT,1984-05-01,1.105468988418579,1.113281011581421,1.089843988418579,1.09375,0.6595632433891296,8544000,False,-0.014184055860929643,0.018724681695510687,0.18721469103174432,42,40,13
WMT,1984-05-02,1.097656011581421,1.105468988418579,1.09375,1.097656011581421,0.6619184613227844,6604800,False,0.003564514618694243,0.016058548201592512,0.16055793037594387,43,40,13
WMT,1984-05-03,1.1015629768371582,1.105468988418579,1.09375,1.09375,0.6595632433891296,2569600,False,-0.0035645146186941627,0.01582409644192992,0.15821381502803894,43,40,13
WMT,1984-05-04,1.105468988418579,1.1171879768371582,1.1015629768371582,1.109375,0.6689851880073547,3724800,False,0.01418405586092958,0.010341499048321335,0.10339724758048834,45,48,16
WMT,1984-05-07,1.1015629768371582,1.1015629768371582,1.078125,1.09375,0.6595632433891296,7705600,True,-0.014184055860929643,0.012131945050140357,0.12129863573171844,45,48,16
WMT,1984-05-08,1.09375,1.097656011581421,1.0859379768371582,1.09375,0.6595632433891296,2336000,False,0.0,0.010341499048321335,0.10339724758048834,45,48,16
WMT,1984-05-09,1.113281011581421,1.125,1.113281011581421,1.113281011581421,0.6713405251502991,6937600,False,0.017698633764344773,0.01311838040802443,0.13116129688410166,44,48,16
WMT,1984-05-10,1.1171879768371582,1.1640629768371582,1.113281011581421,1.15625,0.6972523331642151,11193600,False,0.03787087545035776,0.01957182704144082,0.19568469104436478,42,40,13
WMT,1984-05-11,1.1484379768371582,1.171875,1.1328129768371582,1.144531011581421,0.6901858448982239,7187200,False,-0.010186470981778094,0.021550644862856783,0.21546947420216442,41,40,13
WMT,1984-05-14,1.144531011581421,1.144531011581421,1.121093988418579,1.121093988418579,0.6760522723197937,1456000,True,-0.020690502787567035,0.023223703838006815,0.23219719348754464,40,40,13
WMT,1984-05-15,1.125,1.144531011581421,1.113281011581421,1.125,0.678407609462738,3267200,False,0.0034779022232619165,0.023090512301333386,0.23086550663743718,40,40,13
WMT,1984-05-16,1.125,1.144531011581421,1.125,1.136718988418579,0.6854747533798218,2310400,False,0.01036336763358295,0.022353627345592184,0.22349792135303126,41,40,13
WMT,1984-05-17,1.140625,1.144531011581421,1.113281011581421,1.113281011581421,0.6713405251502991,4652800,False,-0.020835171537857307,0.014129932950875406,0.14127508679261716,44,48,16
WMT,1984-05-18,1.113281011581421,1.128906011581421,1.097656011581421,1.097656011581421,0.6619184613227844,5318400,False,-0.014134119145650477,0.014419708836920836,0.1441723484847853,44,48,16
WMT,1984-05-21,1.1015629768371582,1.125,1.09375,1.097656011581421,0.6619184613227844,7360000,True,0.0,0.012885012968642832,0.12882802287863915,44,48,16
WMT,1984-05-22,1.1015629768371582,1.1015629768371582,1.089843988418579,1.1015629768371582,0.6642743349075317,4102400,False,0.003552840988976808,0.012896252478764301,0.12894039869623414,44,48,16
WMT,1984-05-23,1.09375,1.105468988418579,1.0859379768371582,1.09375,0.6595632433891296,4617600,False,-0.007117355607671145,0.010002328438428559,0.10000612339634007,45,48,16
WMT,1984-05-24,1.1015629768371582,1.105468988418579,1.089843988418579,1.09375,0.6595632433891296,3360000,False,0.0,0.007078213519977569,0.07076999111376214,47,48,16
WMT,1984-05-25,1.09375,1.140625,1.09375,1.125,0.678407609462738,5385600,False,0.028170437668619114,0.013562473028109652,0.13560146115555446,44,48,16
WMT,1984-05-29,1.1484379768371582,1.1484379768371582,1.1015629768371582,1.113281011581421,0.6713405251502991,7008000,True,-0.010471803904274397,0.015219699410512828,0.15217088167743448,43,40,13
WMT,1984-05-30,1.109375,1.152343988418579,1.1015629768371582,1.140625,0.687829315662384,8544000,False,0.024264222165164828,0.018026367389478555,0.1802327460687922,42,40,13
WMT,1984-05-31,1.1484379768371582,1.171875,1.140625,1.160156011581421,0.6996075510978699,16003200,False,0.016978817082079063,0.016473014134921696,0.16470187861032215,43,40,13
WMT,1984-06-01,1.15625,1.1953129768371582,1.15625,1.171875,0.7066745162010193,18582400,False,0.010050650231332618,0.015242148626586153,0.15239533532206334,43,40,13
WMT,1984-06-04,1.1875,1.2109379768371582,1.1875,1.191406011581421,0.7184521555900574,12924800,True,0.016528927236958868,0.013257915026990287,0.13255640367431154,44,48,16
WMT,1984-06-05,1.1796879768371582,1.230468988418579,1.1796879768371582,1.222656011581421,0.7372973561286926,15574400,False,0.025892165101638585,0.006425843522582739,0.06424741041056467,47,48,16
WMT,1984-06-06,1.21875,1.2265629768371582,1.2109379768371582,1.222656011581421,0.7372973561286926,6697600,False,0.0,0.00959465217763316,0.09593006023826321,46,48,16
WMT,1984-06-07,1.222656011581421,1.222656011581421,1.2109379768371582,1.21875,0.734941303730011,5065600,False,-0.0032006419532715907,0.011930434370188097,0.11928387466392928,45,48,16
WMT,1984-06-08,1.21875,1.2265629768371582,1.2109379768371582,1.21875,0.734941303730011,4563200,False,0.0,0.012710281394236415,0.12708100692141566,44,48,16
WMT,1984-06-11,1.21875,1.222656011581421,1.191406011581421,1.203125,0.7255188822746277,8028800,True,-0.012903538600285641,0.014387396417263377,0.14384927972660666,44,48,16
WMT,1984-06-12,1.207031011581421,1.207031011581421,1.1796879768371582,1.1875,0.7160972952842712,2908800,False,-0.013071053555585986,0.006658809978337841,0.06657667526772958,47,48,16
WMT,1984-06-13,1.1875,1.2109379768371582,1.1875,1.199218988418579,0.7231635451316833,4329600,False,0.009819355082904501,0.00960582612329095,0.09604178052371032,46,48,16
WMT,1984-06-14,1.207031011581421,1.207031011581421,1.175781011581421,1.1796879768371582,0.7113860845565796,5088000,False,-0.01642010140300154,0.011081095144730702,0.11079193962007376,45,48,16
WMT,1984-06-15,1.183593988418579,1.183593988418579,1.160156011581421,1.1640629768371582,0.702931821346283,7171200,False,-0.011955394007400949,0.010603388993173282,0.10601569770461156,45,48,16
WMT,1984-06-18,1.140625,1.1875,1.140625,1.171875,0.7076493501663208,11270400,True,0.0066887982114412145,0.012249271988903231,0.12247170382159993,45,48,16
WMT,1984-06-19,1.1796879768371582,1.2265629768371582,1.175781011581421,1.2109379768371582,0.7312381267547607,7145600,False,0.03279045861639393,0.01963014102834411,0.1962677308641309,42,40,13
WMT,1984-06-20,1.203125,1.2421879768371582,1.1953129768371582,1.234375,0.745390772819519,11273600,False,0.01916944664005651,0.020716416395044405,0.2071286208092427,41,40,13
WMT,1984-06-21,1.238281011581421,1.28125,1.234375,1.25,0.75482577085495,15625600,False,0.012578347400932487,0.01647681924753607,0.16473992320803682,43,40,13
WMT,1984-06-22,1.261718988418579,1.2890629768371582,1.25,1.2890629768371582,0.7784144878387451,11017600,False,0.030772187491297943,0.011311446673635074,0.11309505969515954,45,48,16
WMT,1984-06-25,1.2890629768371582,1.2890629768371582,1.253906011581421,1.2578129768371582,0.7595437169075012,6201600,True,-0.024541262535449995,0.02317564709949247,0.23171670855331405,40,40,13
WMT,1984-06-26,1.253906011581421,1.2578129768371582,1.2421879768371582,1.25,0.75482577085495,8172800,False,-0.006230924955847996,0.021863917410711246,0.2186016621992166,41,40,13
WMT,1984-06-27,1.253906011581421,1.253906011581421,1.2421879768371582,1.2421879768371582,0.7501088976860046,8156800,False,-0.006268562633691425,0.021080634120610404,0.21077017317680424,41,40,13
WMT,1984-06-28,1.246093988418579,1.269531011581421,1.2421879768371582,1.261718988418579,0.7619023323059082,5484800,False,0.015599981739938316,0.02152478075910725,0.2152108775396939,41,40,13
WMT,1984-06-29,1.2890629768371582,1.3046879768371582,1.265625,1.2890629768371582,0.7784144878387451,12956800,False,0.021440768385051323,0.018597438327358704,0.18594247566158273,42,40,13
WMT,1984-07-02,1.292968988418579,1.296875,1.2578129768371582,1.296875,0.7831321954727173,7398400,True,0.006042370731665034,0.012556112075610493,0.1255395782433492,44,48,16
WMT,1984-07-03,1.2890629768371582,1.300781011581421,1.25,1.277343988418579,0.7713373303413391,5692800,False,-0.015175712743125076,0.015128825394763982,0.15126229743243164,43,40,13
WMT,1984-07-05,1.2734379768371582,1.3046879768371582,1.2734379768371582,1.277343988418579,0.7713373303413391,4848000,True,0.0,0.014266339711235969,0.1426389203632389,44,48,16
WMT,1984-07-06,1.2578129768371582,1.2734379768371582,1.2578129768371582,1.269531011581421,0.7666202187538147,6099200,False,-0.00613427383882882,0.013752516163855364,0.13750156645613576,44,48,16
WMT,1984-07-09,1.28125,1.292968988418579,1.28125,1.28125,0.7736964821815491,4067200,True,0.009188127618010702,0.009765647322912758,0.09763971831480736,46,48,16
WMT,1984-07-10,1.292968988418579,1.308593988418579,1.292968988418579,1.292968988418579,0.7807735204696655,7302400,False,0.009105466393216313,0.010409647632440504,0.10407861649920164,45,48,16
WMT,1984-07-11,1.296875,1.3046879768371582,1.2890629768371582,1.292968988418579,0.7807735204696655,4745600,False,0.0,0.006621757876153794,0.06620621781615506,47,48,16
WMT,1984-07-12,1.296875,1.3125,1.296875,1.3046879768371582,0.7878497838973999,7475200,False,0.009022320923020457,0.007011248352318319,0.07010045432926122,47,48,16
WMT,1984-07-13,1.296875,1.308593988418579,1.285156011581421,1.2890629768371582,0.7784144878387451,1891200,False,-0.012048299083958674,0.009317657622317855,0.09316058992447608,46,48,16
WMT,1984-07-16,1.296875,1.296875,1.285156011581421,1.292968988418579,0.7807735204696655,3100800,True,0.0030259781609380766,0.008689763288999515,0.08688272386916367,46,48,16
WMT,1984-07-17,1.285156011581421,1.296875,1.2734379768371582,1.28125,0.7736964821815491,3862400,False,-0.009105466393216376,0.008689763288999479,0.0868827238691633,46,48,16
WMT,1984-07-18,1.28125,1.28125,1.269531011581421,1.269531011581421,0.7666202187538147,2582400,False,-0.00918812761801063,0.009166793611703857,0.09165220865561419,46,48,16
WMT,1984-07-19,1.269531011581421,1.28125,1.269531011581421,1.277343988418579,0.7713373303413391,3785600,False,0.006134273838828737,0.008208931015067642,0.08207522609344292,46,48,16
WMT,1984-07-20,1.269531011581421,1.277343988418579,1.253906011581421,1.261718988418579,0.7619023323059082,4102400,False,-0.01230742637359117,0.008271162265306942,0.08269743182572316,46,48,16
WMT,1984-07-23,1.253906011581421,1.253906011581421,1.238281011581421,1.253906011581421,0.7571845650672913,7286400,True,-0.006211339739258219,0.007190010649599664,0.07188777059972555,47,48,16
WMT,1984-07-24,1.253906011581421,1.253906011581421,1.21875,1.21875,0.7359550595283508,2780800,False,-0.028437978464480828,0.012456033874225898,0.12453896793360375,45,48,16
WMT,1984-07-25,1.207031011581421,1.2265629768371582,1.1953129768371582,1.199218988418579,0.7241608500480652,4896000,False,-0.0161555201565674,0.012728943025791861,0.12726759121922185,44,48,16
WMT,1984-07-26,1.199218988418579,1.2578129768371582,1.199218988418579,1.25,0.75482577085495,8038400,False,0.04147341925405974,0.026861540880301106,0.26856932247600407,39,40,13
WMT,1984-07-27,1.2578129768371582,1.285156011581421,1.253906011581421,1.28125,0.7736964821815491,7065600,False,0.024692699259019752,0.029115632861767948,0.29110637494662756,38,40,13
WMT,1984-07-30,1.28125,1.285156011581421,1.2734379768371582,1.2734379768371582,0.7689791917800903,3372800,True,-0.006115744461664079,0.029108043058153836,0.29103048993230723,38,40,13
WMT,1984-07-31,1.28125,1.28125,1.261718988418579,1.2734379768371582,0.7689791917800903,4563200,False,0.0,0.02367923892083024,0.2367517627545541,40,40,13
WMT,1984-08-01,1.277343988418579,1.34375,1.2734379768371582,1.324218988418579,0.7996437549591064,10480000,False,0.039102411852490866,0.021965426548444557,0.21961657941739268,41,40,13
WMT,1984-08-02,1.328125,1.355468988418579,1.324218988418579,1.355468988418579,0.8185145258903503,13030400,False,0.02332482142958539,0.018760609912387316,0.1875739115584939,42,40,13
WMT,1984-08-03,1.40625,1.421875,1.390625,1.4140629768371582,0.8538966178894043,23785600,False,0.04231898650696759,0.022111935261528985,0.22108141518333982,41,40,13
WMT,1984-08-06,1.40625,1.46875,1.40625,1.4296879768371582,0.8633322715759277,14224000,True,0.0109895060648167,0.01806765149476715,0.18064551629056744,42,40,13
WMT,1984-08-07,1.40625,1.4609379768371582,1.40625,1.433593988418579,0.865691065788269,6499200,False,0.0027284717617350514,0.017214841741522404,0.1721188819232205,43,40,13
WMT,1984-08-08,1.441406011581421,1.441406011581421,1.3671879768371582,1.375,0.8303088545799255,8073600,False,-0.04173036242648453,0.03131036593198794,0.31304994014682525,37,40,13
WMT,1984-08-09,1.375,1.4296879768371582,1.359375,1.394531011581421,0.8421028256416321,13273600,False,0.014104381975591551,0.03040571639841562,0.30400499691767763,37,40,13
WMT,1984-08-10,1.417968988418579,1.425781011581421,1.359375,1.375,0.8303088545799255,10384000,False,-0.014104381975591496,0.02297044510659764,0.22966504068928223,40,40,13
WMT,1984-08-13,1.34375,1.3671879768371582,1.328125,1.363281011581421,0.8232319951057434,11225600,True,-0.008559695014057813,0.021021312878268972,0.21017706253080415,41,40,13
WMT,1984-08-14,1.3671879768371582,1.371093988418579,1.3125,1.328125,0.8020025491714478,7625600,False,-0.026126264131599596,0.02078009591987565,0.20776530680263866,41,40,13
WMT,1984-08-15,1.3203129768371582,1.328125,1.2734379768371582,1.28125,0.7736964821815491,8022400,False,-0.03593213158178933,0.019022699403920196,0.19019435680706434,42,40,13
WMT,1984-08-16,1.2890629768371582,1.308593988418579,1.2890629768371582,1.296875,0.7831321954727173,8476800,False,0.012121858963943279,0.018293929107871337,0.18290790419726585,42,40,13
WMT,1984-08-17,1.3125,1.332031011581421,1.3125,1.332031011581421,0.8043610453605652,4201600,False,0.02674671601318007,0.02601772505607597,0.2601326119679755,39,40,13
WMT,1984-08-20,1.328125,1.3671879768371582,1.328125,1.355468988418579,0.8185145258903503,3440000,True,0.017442913843289026,0.027989622609521158,0.27984820431916635,38,40,13
WMT,1984-08-21,1.3515629768371582,1.375,1.347656011581421,1.3671879768371582,0.825590968132019,8787200,False,0.008608311286784272,0.02430918367350741,0.24305012948555174,40,40,13
WMT,1984-08-22,1.363281011581421,1.363281011581421,1.3359379768371582,1.347656011581421,0.8137969374656677,3904000,False,-0.014388582596197737,0.015305514278233708,0.15302888312213442,43,40,13
WMT,1984-08-23,1.359375,1.375,1.339843988418579,1.34375,0.8114383816719055,8195200,False,-0.0029024196332719976,0.016256167219659102,0.1625337815017979,43,40,13
WMT,1984-08-24,1.355468988418579,1.355468988418579,1.328125,1.339843988418579,0.8090791702270508,7548800,False,-0.002911678566946318,0.01220092612593882,0.12198832813891929,45,48,16
WMT,1984-08-27,1.332031011581421,1.339843988418579,1.316406011581421,1.3359379768371582,0.8067207336425781,2368000,True,-0.0029192206951835268,0.008130640096006215,0.08129245122650404,46,48,16
WMT,1984-08-28,1.3359379768371582,1.355468988418579,1.3359379768371582,1.3515629768371582,0.8171502351760864,2844800,False,0.01284541092612742,0.009699721653122927,0.09698057472553485,46,48,16
WMT,1984-08-29,1.359375,1.3671879768371582,1.355468988418579,1.359375,0.8218728303909302,5321600,False,0.005762711194706316,0.007143788135479774,0.07142562476246198,47,48,16
WMT,1984-08-30,1.359375,1.378906011581421,1.359375,1.375,0.8313199877738953,3395200,False,0.011429108709895799,0.007560561685812508,0.07559264520769886,46,48,16
WMT,1984-08-31,1.3828129768371582,1.386718988418579,1.3671879768371582,1.378906011581421,0.833681583404541,1446400,False,0.002836750733696042,0.006441067701144696,0.06439962607607166,47,48,16
WMT,1984-09-04,1.378906011581421,1.378906011581421,1.363281011581421,1.371093988418579,0.8289585113525391,4390400,True,-0.005681427714163481,0.0074376865807488915,0.074364104973795,47,48,16
WMT,1984-09-05,1.3671879768371582,1.3671879768371582,1.34375,1.359375,0.8218728303909302,1254400,False,-0.008584431729428323,0.00823422494633086,0.08232812200929482,46,48,16
WMT,1984-09-06,1.3671879768371582,1.394531011581421,1.363281011581421,1.386718988418579,0.8384053707122803,6492800,False,0.019916043918963837,0.011852866888667839,0.1185083329312008,45,48,16
WMT,1984-09-07,1.386718988418579,1.390625,1.363281011581421,1.371093988418579,0.8289585113525391,3059200,False,-0.011331612189535508,0.012623926157153959,0.12621760271021132,44,48,16
WMT,1984-09-10,1.3671879768371582,1.3828129768371582,1.363281011581421,1.371093988418579,0.8289585113525391,2915200,True,0.0,0.012495695308889034,0.12493551423313924,45,48,16
WMT,1984-09-11,1.386718988418579,1.390625,1.378906011581421,1.3828129768371582,0.8360433578491211,6617600,False,0.008510367932178247,0.012812960217941382,0.1281076189924789,44,48,16
WMT,1984-09-12,1.378906011581421,1.386718988418579,1.378906011581421,1.3828129768371582,0.8360433578491211,1683200,False,0.0,0.011608554684402965,0.116065630054831,45,48,16
WMT,1984-09-13,1.378906011581421,1.390625,1.375,1.390625,0.8407664895057678,4316800,False,0.0056334880848576616,0.0075991157723820256,0.07597811992617452,46,48,16
WMT,1984-09-14,1.390625,1.3984379768371582,1.390625,1.394531011581421,0.8431281447410583,10947200,False,0.0028049935378564226,0.0036938407804018004,0.03693207028396002,48,48,16
WMT,1984-09-17,1.3828129768371582,1.3984379768371582,1.375,1.390625,0.8407664895057678,6256000,True,-0.0028049935378564365,0.004469026606320436,0.044682598557363964,48,48,16
WMT,1984-09-18,1.386718988418579,1.394531011581421,1.3828129768371582,1.386718988418579,0.8384053707122803,5257600,False,-0.002812243827500508,0.0036670491205620477,0.03666419965199465,48,48,16
WMT,1984-09-19,1.386718988418579,1.394531011581421,1.3828129768371582,1.386718988418579,0.8384053707122803,6374400,False,0.0,0.0036670491205620477,0.03666419965199465,48,48,16
WMT,1984-09-20,1.3828129768371582,1.390625,1.3828129768371582,1.386718988418579,0.8384053707122803,2598400,False,0.0,0.002348560717284989,0.023481577748860595,49,48,16
WMT,1984-09-21,1.3828129768371582,1.394531011581421,1.3828129768371582,1.390625,0.8407664895057678,5625600,False,0.002812243827500436,0.0023511604415997617,0.02350757053166312,49,48,16
WMT,1984-09-24,1.386718988418579,1.390625,1.3671879768371582,1.378906011581421,0.833681583404541,2393600,True,-0.008462428302872579,0.004275148679158639,0.04274415192197079,48,48,16
WMT,1984-09-25,1.375,1.378906011581421,1.363281011581421,1.371093988418579,0.8289585113525391,2748800,False,-0.005681427714163481,0.004640014602214167,0.046392185152315635,48,48,16
WMT,1984-09-26,1.371093988418579,1.3828129768371582,1.363281011581421,1.3671879768371582,0.8265964984893799,3817600,False,-0.0028534412348342262,0.0044637150376131704,0.044629491983346044,48,48,16
WMT,1984-09-27,1.363281011581421,1.3828129768371582,1.359375,1.363281011581421,0.8242343068122864,7206400,False,-0.0028618236123406846,0.004183688173301927,0.04182970378212996,48,48,16
WMT,1984-09-28,1.355468988418579,1.359375,1.328125,1.339843988418579,0.810064435005188,7497600,False,-0.01734104852465178,0.006003434815662739,0.06002404806768936,47,48,16
WMT,1984-10-01,1.339843988418579,1.339843988418579,1.285156011581421,1.2890629768371582,0.7793625593185425,6118400,True,-0.038637439966802224,0.015283091219410867,0.15280469100513244,43,40,13
WMT,1984-10-02,1.292968988418579,1.3203129768371582,1.2890629768371582,1.3125,0.7935327887535095,4464000,False,0.0180185068683696,0.02093476206760711,0.20931170291935117,41,40,13
WMT,1984-10-03,1.3046879768371582,1.3046879768371582,1.2734379768371582,1.277343988418579,0.7722770571708679,4358400,False,-0.02715149280569348,0.022020161599863933,0.22016383602269676,41,40,13
WMT,1984-10-04,1.269531011581421,1.300781011581421,1.265625,1.269531011581421,0.7675535082817078,4195200,False,-0.006135173325513745,0.021667125276296793,0.2166340784912002,41,40,13
WMT,1984-10-05,1.277343988418579,1.2890629768371582,1.2578129768371582,1.2734379768371582,0.7699155211448669,4940800,False,0.00307260136788542,0.022830924286528345,0.22827007186436324,40,40,13
WMT,1984-10-08,1.2734379768371582,1.2734379768371582,1.2578129768371582,1.265625,0.7651920318603516,1132800,True,-0.006153971664515758,0.016427733429174342,0.16424914924092396,43,40,13
WMT,1984-10-09,1.265625,1.277343988418579,1.230468988418579,1.238281011581421,0.7486598491668701,11446400,False,-0.021842083965141455,0.012465443919417653,0.1246330522407133,45,48,16
WMT,1984-10-10,1.2421879768371582,1.2578129768371582,1.234375,1.2578129768371582,0.7604691386222839,9808000,False,0.01565079009730799,0.013779479031647673,0.13777114887388534,44,48,16
WMT,1984-10-11,1.265625,1.2734379768371582,1.2578129768371582,1.261718988418579,0.7628301978111267,3571200,False,0.0030999305561317586,0.013886370570066553,0.13883988086433602,44,48,16
WMT,1984-10-12,1.265625,1.3046879768371582,1.265625,1.2890629768371582,0.7793625593185425,3456000,False,0.02144089287116955,0.017316685306012977,0.17313714283519346,43,40,13
WMT,1984-10-15,1.296875,1.3203129768371582,1.292968988418579,1.3046879768371582,0.7888096570968628,3520000,True,0.012048692058421798,0.016968396535830352,0.16965485269216798,43,40,13
WMT,1984-10-16,1.316406011581421,1.316406011581421,1.2890629768371582,1.292968988418579,0.7817239165306091,3814400,False,-0.00902341568893833,0.011909258833217203,0.1190721556250744,45,48,16
WMT,1984-10-17,1.285156011581421,1.324218988418579,1.285156011581421,1.3046879768371582,0.7888096570968628,4745600,False,0.009023415688938215,0.011286916868428512,0.11284980372886366,45,48,16
WMT,1984-10-18,1.3203129768371582,1.359375,1.3203129768371582,1.359375,0.8218728303909302,6777600,False,0.041060629550778965,0.018317719100060505,0.18314576330268448,42,40,13
WMT,1984-10-19,1.390625,1.394531011581421,1.375,1.3828129768371582,0.8360433578491211,11350400,False,0.017094799661606628,0.018031214515424207,0.1802812090120381,42,40,13
WMT,1984-10-22,1.3828129768371582,1.390625,1.375,1.386718988418579,0.8384053707122803,4572800,True,0.002821244257357269,0.018744199193617805,0.18740983252665758,42,40,13
WMT,1984-10-23,1.378906011581421,1.3984379768371582,1.378906011581421,1.378906011581421,0.833681583404541,4956800,False,-0.005650184475372086,0.017827867668957092,0.17824808942941,42,40,13
WMT,1984-10-24,1.371093988418579,1.394531011581421,1.371093988418579,1.386718988418579,0.8384053707122803,7260800,False,0.005650184475372165,0.018071974999019906,0.18068874391526174,42,40,13
WMT,1984-10-25,1.386718988418579,1.390625,1.359375,1.359375,0.8218728303909302,3952000,False,-0.019916043918963882,0.01379030066046169,0.13787934659536447,44,48,16
WMT,1984-10-26,1.359375,1.359375,1.316406011581421,1.324218988418579,0.8006176948547363,5020800,False,-0.02620212722796473,0.013964992744426362,0.13962596771592423,44,48,16
WMT,1984-10-29,1.324218988418579,1.328125,1.3203129768371582,1.328125,0.8029791712760925,1478400,True,0.002945226669192082,0.013990560916394716,0.1398816055683129,44,48,16
WMT,1984-10-30,1.328125,1.34375,1.324218988418579,1.339843988418579,0.810064435005188,4918400,False,0.008785018916374163,0.01609195626863919,0.16089195372821324,43,40,13
WMT,1984-10-31,1.332031011581421,1.339843988418579,1.316406011581421,1.316406011581421,0.7958942651748657,1542400,False,-0.017647449565273577,0.015321126079628227,0.15318497435092282,43,40,13
WMT,1984-11-01,1.328125,1.339843988418579,1.3203129768371582,1.3359379768371582,0.8077030777931213,8441600,False,0.014728168679259726,0.017608686143137597,0.1760566502208065,42,40,13
WMT,1984-11-02,1.3359379768371582,1.34375,1.3125,1.316406011581421,0.7958942651748657,7241600,False,-0.014728168679259787,0.014353733297950933,0.14351270628927262,44,48,16
WMT,1984-11-05,1.332031011581421,1.3359379768371582,1.332031011581421,1.332031011581421,0.8053408265113831,1904000,True,0.011799230459805335,0.01549148007476308,0.15488822202604036,43,40,13
WMT,1984-11-06,1.332031011581421,1.359375,1.328125,1.359375,0.8218728303909302,2544000,False,0.02032010074786666,0.017716599868774743,0.1771356023296739,42,40,13
WMT,1984-11-07,1.34375,1.347656011581421,1.3125,1.3359379768371582,0.8077030777931213,8601600,False,-0.01739116252841228,0.01764252662387977,0.17639499696813893,42,40,13
WMT,1984-11-08,1.328125,1.339843988418579,1.3203129768371582,1.324218988418579,0.8006176948547363,3001600,False,-0.008810964699552493,0.016834535186119992,0.168316468860889,43,40,13
WMT,1984-11-09,1.3203129768371582,1.324218988418579,1.28125,1.285156011581421,0.7770002484321594,6473600,False,-0.029942878206049083,0.020696275738219774,0.20692724879630728,41,40,13
WMT,1984-11-12,1.28125,1.292968988418579,1.277343988418579,1.285156011581421,0.7770002484321594,3152000,True,0.0,0.018926722666232083,0.1892347540974053,42,40,13
WMT,1984-11-13,1.28125,1.2890629768371582,1.2578129768371582,1.2578129768371582,0.7604691386222839,4518400,False,-0.021505139602488357,0.011545817562793577,0.11543836647677304,45,48,16
WMT,1984-11-14,1.25,1.28125,1.25,1.2734379768371582,0.7699155211448669,5545600,False,0.012345265532349206,0.016807296106895814,0.1680441248027165,43,40,13
WMT,1984-11-15,1.2734379768371582,1.292968988418579,1.269531011581421,1.285156011581421,0.7770002484321594,3926400,False,0.009159874070139159,0.018815157902455734,0.18811929787122944,42,40,13
WMT,1984-11-16,1.2890629768371582,1.292968988418579,1.2734379768371582,1.2734379768371582,0.7699155211448669,3961600,False,-0.009159874070139178,0.013837472111554441,0.13835098017426614,44,48,16
WMT,1984-11-19,1.2734379768371582,1.277343988418579,1.261718988418579,1.265625,0.7651920318603516,2169600,True,-0.006153971664515758,0.013907298347981264,0.13904912273770909,44,48,16
WMT,1984-11-20,1.265625,1.285156011581421,1.261718988418579,1.28125,0.7746388912200928,3843200,False,0.012270149588165098,0.010493749643164312,0.10491949231267841,45,48,16
WMT,1984-11-21,1.2734379768371582,1.28125,1.2578129768371582,1.261718988418579,0.7628301978111267,5427200,False,-0.01536151289986679,0.011990781447986591,0.11988724190447482,45,48,16
WMT,1984-11-23,1.269531011581421,1.296875,1.269531011581421,1.292968988418579,0.7817239165306091,3756800,True,0.02446616924065296,0.0165797594926322,0.16576914904449117,43,40,13
WMT,1984-11-26,1.285156011581421,1.300781011581421,1.28125,1.2890629768371582,0.7793625593185425,2435200,True,-0.003025276369483376,0.015830377638314574,0.15827661621524122,43,40,13
WMT,1984-11-27,1.2890629768371582,1.324218988418579,1.2890629768371582,1.308593988418579,0.7911711931228638,4499200,False,0.015038016624275258,0.015791411272194997,0.1578870194086127,43,40,13
WMT,1984-11-28,1.296875,1.296875,1.28125,1.285156011581421,0.7770002484321594,10883200,False,-0.01807370044908832,0.018672637652898273,0.18669433989754788,42,40,13
WMT,1984-11-29,1.28125,1.28125,1.2578129768371582,1.265625,0.7651920318603516,7097600,False,-0.015313845734654824,0.018662454903490146,0.18659252987400268,42,40,13
WMT,1984-11-30,1.25,1.265625,1.246093988418579,1.246093988418579,0.7533829808235168,4800000,False,-0.015553119190753915,0.013835027521154498,0.13832653846444876,44,48,16
WMT,1984-12-03,1.25,1.2578129768371582,1.234375,1.2421879768371582,0.7510225176811218,15049600,True,-0.0031380702633605788,0.013826229526077606,0.13823857360839387,44,48,16
WMT,1984-12-04,1.2421879768371582,1.25,1.234375,1.2421879768371582,0.7510225176811218,4812800,False,0.0,0.008223146896416846,0.08221736051675722,46,48,16
WMT,1984-12-05,1.234375,1.234375,1.1953129768371582,1.199218988418579,0.7250430583953857,11382400,False,-0.035204590930042974,0.013853064875460792,0.13850688106083547,44,48,16
WMT,1984-12-06,1.203125,1.2265629768371582,1.199218988418579,1.2109379768371582,0.7321287989616394,7228800,False,0.00972540936740442,0.017287925528409492,0.17284959440228903,43,40,13
WMT,1984-12-07,1.2109379768371582,1.214843988418579,1.203125,1.2109379768371582,0.7331128716468811,7897600,False,0.0013432225590364242,0.017297572136322596,0.1729460439307416,43,40,13
WMT,1984-12-10,1.214843988418579,1.21875,1.203125,1.214843988418579,0.7354772686958313,6419200,True,0.003219957736148671,0.017738541109522908,0.17735497709258408,42,40,13
WMT,1984-12-11,1.21875,1.21875,1.2109379768371582,1.21875,0.7378416657447815,3040000,False,0.003209622877234316,0.017984143685866046,0.17981058147584603,42,40,13
WMT,1984-12-12,1.2265629768371582,1.2421879768371582,1.21875,1.230468988418579,0.7449365854263306,4476800,False,0.009569838002396844,0.003940290865032804,0.039396148296031254,48,48,16
WMT,1984-12-13,1.2265629768371582,1.234375,1.21875,1.21875,0.7378416657447815,4025600,False,-0.009569838002396736,0.00695619074336968,0.06954997270207622,47,48,16
WMT,1984-12-14,1.214843988418579,1.238281011581421,1.214843988418579,1.2265629768371582,0.7425721287727356,3961600,False,0.006390752565913096,0.0072767254897720245,0.07275477022485818,47,48,16
WMT,1984-12-17,1.234375,1.238281011581421,1.222656011581421,1.238281011581421,0.7496660947799683,5507200,True,0.009507891349240552,0.00793224151964923,0.07930880585523366,46,48,16
WMT,1984-12-18,1.2578129768371582,1.296875,1.25,1.296875,0.7851395010948181,11363200,False,0.04623350995891243,0.020493058880793464,0.20489542888106516,41,40,13
WMT,1984-12-19,1.2890629768371582,1.3046879768371582,1.285156011581421,1.292968988418579,0.7827745676040649,11859200,False,-0.0030166644096450367,0.02167087277419751,0.2166715470406278,41,40,13
WMT,1984-12-20,1.285156011581421,1.2890629768371582,1.253906011581421,1.253906011581421,0.7591253519058228,4060800,False,-0.030677828200215983,0.027646285695348893,0.27641542424034854,38,40,13
WMT,1984-12-21,1.253906011581421,1.253906011581421,1.2421879768371582,1.25,0.7567604780197144,6713600,False,-0.0031201239011018657,0.027911724171388163,0.2790693535881325,38,40,13
WMT,1984-12-24,1.2578129768371582,1.2734379768371582,1.2578129768371582,1.2734379768371582,0.7709500789642334,1952000,True,0.01857682915772069,0.02866116060208439,0.28656243208753185,38,40,13
WMT,1984-12-26,1.269531011581421,1.269531011581421,1.246093988418579,1.25,0.7567604780197144,950400,True,-0.01857682915772076,0.018568108046736028,0.18564922317729804,42,40,13
WMT,1984-12-27,1.21875,1.21875,1.1953129768371582,1.21875,0.7378416657447815,15516800,False,-0.02531753736310342,0.019894163456646023,0.19890750216405342,42,40,13
WMT,1984-12-28,1.2109379768371582,1.2109379768371582,1.1640629768371582,1.1796879768371582,0.7141931653022766,19392000,False,-0.03257579113173863,0.020356595538085998,0.20353102958405267,41,40,13
WMT,1984-12-31,1.1796879768371582,1.191406011581421,1.175781011581421,1.183593988418579,0.7165576219558716,7001600,True,0.0033052000770000785,0.021256226286770236,0.2125257935750452,41,40,13
WMT,1985-01-02,1.1875,1.2109379768371582,1.183593988418579,1.199218988418579,0.7260174751281738,7184000,True,0.0131154194932117,0.019422973631740333,0.19419641233505142,42,40,13
WMT,1985-01-03,1.199218988418579,1.203125,1.183593988418579,1.199218988418579,0.7260174751281738,7033600,False,0.0,0.019628431705776335,0.1962506405711367,42,40,13
WMT,1985-01-04,1.199218988418579,1.2109379768371582,1.199218988418579,1.203125,0.7283821105957031,5913600,False,0.0032517027291441535,0.017474226828014874,0.17471228776133269,43,40,13
WMT,1985-01-07,1.2109379768371582,1.234375,1.207031011581421,1.230468988418579,0.7449365854263306,4416000,True,0.022473306834779307,0.00926432479647578,0.09262735316914754,46,48,16
WMT,1985-01-08,1.230468988418579,1.2421879768371582,1.230468988418579,1.234375,0.7473013997077942,6060800,False,0.003169489430907374,0.009283268984980917,0.09281676255166786,46,48,16
WMT,1985-01-09,1.238281011581421,1.238281011581421,1.2265629768371582,1.2265629768371582,0.7425721287727356,7776000,False,-0.006348574867391057,0.010773920106863672,0.1077207162614023,45,48,16
WMT,1985-01-10,1.234375,1.28125,1.230468988418579,1.253906011581421,0.7591253519058228,8332800,False,0.02204690869829207,0.012789988194819368,0.12787793817434287,44,48,16
WMT,1985-01-11,1.25,1.2734379768371582,1.25,1.261718988418579,0.7638552188873291,7225600,False,0.006211349348855923,0.012527958430967023,0.12525809010010303,44,48,16
WMT,1985-01-14,1.265625,1.277343988418579,1.2578129768371582,1.269531011581421,0.7685851454734802,11260800,True,0.006173084077405619,0.010219630220697745,0.10217876839451523,45,48,16
WMT,1985-01-15,1.265625,1.300781011581421,1.261718988418579,1.269531011581421,0.7685851454734802,10710400,False,0.0,0.010551422302158732,0.10549611995368169,45,48,16
WMT,1985-01-16,1.277343988418579,1.3203129768371582,1.2734379768371582,1.285156011581421,0.7780444622039795,14096000,False,0.012232320696287012,0.008319918794022071,0.08318491346133206,46,48,16
WMT,1985-01-17,1.3046879768371582,1.3203129768371582,1.292968988418579,1.316406011581421,0.7969638705253601,8972800,False,0.024025674017134537,0.009087537431695235,0.09085978283530088,46,48,16
WMT,1985-01-18,1.324218988418579,1.3359379768371582,1.3203129768371582,1.3359379768371582,0.8087886571884155,5888000,False,0.01472829743516065,0.00906164355747508,0.09060088851920133,46,48,16
WMT,1985-01-21,1.371093988418579,1.378906011581421,1.332031011581421,1.371093988418579,0.830072283744812,13955200,True,0.025975142487635237,0.010414904823533027,0.10413117939036778,45,48,16
WMT,1985-01-22,1.378906011581421,1.4140629768371582,1.378906011581421,1.402343988418579,0.8489908576011658,18249600,False,0.02253563197348835,0.006050101442191431,0.0604906342670776,47,48,16
WMT,1985-01-23,1.410156011581421,1.417968988418579,1.402343988418579,1.410156011581421,0.8537205457687378,10758400,False,0.005555492636938139,0.008433010354311531,0.08431563503311532,46,48,16
WMT,1985-01-24,1.425781011581421,1.449218988418579,1.417968988418579,1.449218988418579,0.8773693442344666,20652800,False,0.027324138336466613,0.009071886615186148,0.09070330152230502,46,48,16
WMT,1985-01-25,1.449218988418579,1.4921879768371582,1.4296879768371582,1.457031011581421,0.882099449634552,14739200,False,0.00537675554346575,0.010991317315327659,0.1098943153578028,45,48,16
WMT,1985-01-28,1.449218988418579,1.4609379768371582,1.441406011581421,1.449218988418579,0.8773693442344666,4864000,True,-0.005376755543465784,0.01349977286445671,0.13497456709365221,44,48,16
WMT,1985-01-29,1.453125,1.4609379768371582,1.4453129768371582,1.453125,0.8797343373298645,4886400,False,0.0026919237018992147,0.012139505626579825,0.12137422852443737,45,48,16
WMT,1985-01-30,1.464843988418579,1.464843988418579,1.4140629768371582,1.425781011581421,0.8631800413131714,11948800,False,-0.018996680560977156,0.016943011155802316,0.16940104244556647,43,40,13
WMT,1985-01-31,1.421875,1.433593988418579,1.3984379768371582,1.421875,0.860815167427063,7769600,False,-0.0027434825310721977,0.009498670137530387,0.09497040451355494,46,48,16
WMT,1985-02-01,1.421875,1.4375,1.40625,1.4375,0.8702747225761414,7833600,False,0.010929125474285113,0.011040545811520813,0.11038651585843766,45,48,16
WMT,1985-02-04,1.421875,1.449218988418579,1.4140629768371582,1.4296879768371582,0.8655449151992798,7587200,True,-0.0054496665203572795,0.0110450136969296,0.11043118704697764,45,48,16
WMT,1985-02-05,1.4375,1.4453129768371582,1.421875,1.421875,0.860815167427063,17248000,False,-0.0054794589539278035,0.01064240045436041,0.10640574538454602,45,48,16
WMT,1985-02-06,1.421875,1.4375,1.417968988418579,1.4296879768371582,0.8655449151992798,14912000,False,0.00547945895392778,0.0073352432248759555,0.07333984717706006,47,48,16
WMT,1985-02-07,1.4375,1.464843988418579,1.433593988418579,1.4609379768371582,0.8844645619392395,11632000,False,0.02162317879625348,0.01150917955723365,0.11507204928097442,45,48,16
WMT,1985-02-08,1.4609379768371582,1.46875,1.453125,1.4609379768371582,0.8844645619392395,8851200,False,0.0,0.011236026515473651,0.11234098751185823,45,48,16
WMT,1985-02-11,1.4609379768371582,1.464843988418579,1.449218988418579,1.4609379768371582,0.8844645619392395,4793600,True,0.0,0.010417514457145829,0.10415727124914922,45,48,16
WMT,1985-02-12,1.4609379768371582,1.4765629768371582,1.4453129768371582,1.4609379768371582,0.8844645619392395,10585600,False,0.0,0.009363169029220684,0.0936156259096152,46,48,16
WMT,1985-02-13,1.46875,1.496093988418579,1.4609379768371582,1.484375,0.8986536264419556,15712000,False,0.015915225468276097,0.010476520223998228,0.10474722768152005,45,48,16
WMT,1985-02-14,1.496093988418579,1.496093988418579,1.472656011581421,1.472656011581421,0.8915585875511169,8284800,False,-0.007926519530603518,0.00870861971071469,0.08707125573436579,46,48,16
WMT,1985-02-15,1.46875,1.472656011581421,1.449218988418579,1.453125,0.8797343373298645,3337600,False,-0.01335118059580467,0.011052453460488786,0.11050557191817234,45,48,16
WMT,1985-02-19,1.4609379768371582,1.4609379768371582,1.441406011581421,1.441406011581421,0.8726398348808289,2035200,True,-0.008097062057359668,0.01144234159949901,0.11440378437746562,45,48,16
WMT,1985-02-20,1.4375,1.457031011581421,1.3984379768371582,1.3984379768371582,0.8466266989707947,14451200,False,-0.030263046149002937,0.016533750803929763,0.16530914109454203,43,40,13
WMT,1985-02-21,1.4140629768371582,1.417968988418579,1.394531011581421,1.40625,0.8513555526733398,16060800,False,0.005569982753237761,0.012931133618517875,0.12928915024822266,44,48,16
WMT,1985-02-22,1.40625,1.40625,1.363281011581421,1.375,0.8324372172355652,13964800,False,-0.022472042764757526,0.013730690862861984,0.1372833508918557,44,48,16
WMT,1985-02-25,1.371093988418579,1.371093988418579,1.3359379768371582,1.363281011581421,0.8253419399261475,11900800,True,-0.008560031176333038,0.013928848630689735,0.13926458859098875,44,48,16
WMT,1985-02-26,1.3671879768371582,1.425781011581421,1.3671879768371582,1.4140629768371582,0.8560854196548462,10252800,False,0.03657238737715038,0.02640699463262286,0.2640246398639026,39,40,13
WMT,1985-02-27,1.4140629768371582,1.421875,1.375,1.390625,0.8418967723846436,7049600,False,-0.016712751870965964,0.023557746280491655,0.2355370447960068,40,40,13
WMT,1985-02-28,1.390625,1.425781011581421,1.390625,1.421875,0.860815167427063,5414400,False,0.022222400795981374,0.02580957766424472,0.2580514951679984,39,40,13
WMT,1985-03-01,1.4296879768371582,1.464843988418579,1.4296879768371582,1.4296879768371582,0.8655449151992798,9260800,False,0.00547945895392778,0.021850437380042744,0.2184668850202108,41,40,13
WMT,1985-03-04,1.425781011581421,1.453125,1.421875,1.425781011581421,0.8631800413131714,4755200,True,-0.00273597642285557,0.020894588416516376,0.20891003533434907,41,40,13
WMT,1985-03-05,1.421875,1.4296879768371582,1.402343988418579,1.417968988418579,0.8584508895874023,6169600,False,-0.0054938181412771386,0.014485514190282388,0.14483028911620183,44,48,16
WMT,1985-03-06,1.421875,1.433593988418579,1.4140629768371582,1.4140629768371582,0.8560854196548462,2563200,False,-0.002759313314810591,0.011327817169142405,0.1132587365633851,45,48,16
WMT,1985-03-07,1.410156011581421,1.410156011581421,1.386718988418579,1.386718988418579,0.8395319581031799,8236800,False,-0.019525616666037315,0.009099487440222227,0.09097926241794949,46,48,16
WMT,1985-03-08,1.40625,1.421875,1.375,1.40625,0.8513555526733398,11347200,False,0.013985303229977403,0.011910871856699038,0.11908828309242948,45,48,16
WMT,1985-03-11,1.40625,1.4140629768371582,1.386718988418579,1.402343988418579,0.8489908576011658,2620800,True,-0.002781429222179349,0.011910345487212069,0.11908302030065154,45,48,16
WMT,1985-03-12,1.40625,1.4140629768371582,1.3984379768371582,1.4140629768371582,0.8560854196548462,3107200,False,0.008321742658239348,0.012844426904175673,0.12842223186745014,44,48,16
WMT,1985-03-13,1.410156011581421,1.425781011581421,1.3984379768371582,1.402343988418579,0.8489908576011658,4320000,False,-0.008321742658239296,0.013315660730014318,0.1331337616302893,44,48,16
WMT,1985-03-14,1.3984379768371582,1.4140629768371582,1.3984379768371582,1.4140629768371582,0.8560854196548462,6828800,False,0.008321742658239348,0.009149170950480921,0.09147601227857244,46,48,16
WMT,1985-03-15,1.4140629768371582,1.425781011581421,1.410156011581421,1.417968988418579,0.8584508895874023,7081600,False,0.0027593133148105355,0.007234079075052041,0.07232837924608242,47,48,16
WMT,1985-03-18,1.402343988418579,1.402343988418579,1.3828129768371582,1.402343988418579,0.8503029942512512,6371200,True,-0.00953672400311071,0.008744142683019516,0.08742642451067519,46,48,16
WMT,1985-03-19,1.40625,1.4140629768371582,1.394531011581421,1.410156011581421,0.8550398945808411,8563200,False,0.005555378385441498,0.008179689371185099,0.08178285982448556,46,48,16
WMT,1985-03-20,1.4140629768371582,1.4140629768371582,1.394531011581421,1.4140629768371582,0.8574084043502808,4252800,False,0.0027662280738531904,0.006834859437012745,0.0683368678065448,47,48,16
WMT,1985-03-21,1.410156011581421,1.421875,1.40625,1.417968988418579,0.859777569770813,5488000,False,0.0027593597426082486,0.005936899645863341,0.05935881052403993,47,48,16
WMT,1985-03-22,1.425781011581421,1.425781011581421,1.390625,1.394531011581421,0.8455655574798584,4848000,False,-0.01666801372377296,0.009606695661497869,0.09605047441391341,46,48,16
WMT,1985-03-25,1.386718988418579,1.4140629768371582,1.378906011581421,1.3828129768371582,0.8384608626365662,2435200,True,-0.008437797543768395,0.009431438994310667,0.0942982084297834,46,48,16
WMT,1985-03-26,1.378906011581421,1.3828129768371582,1.359375,1.371093988418579,0.831355094909668,5923200,False,-0.008510890780602942,0.008350124474447615,0.0834869184417226,46,48,16
WMT,1985-03-27,1.3671879768371582,1.371093988418579,1.359375,1.3671879768371582,0.8289865255355835,4550400,False,-0.002853112819250487,0.00724447604677721,0.07243233112525696,47,48,16
WMT,1985-03-28,1.371093988418579,1.386718988418579,1.3671879768371582,1.386718988418579,0.8408293724060059,4694400,False,0.014184851706476456,0.011526932862239088,0.11524955187169575,45,48,16
WMT,1985-03-29,1.394531011581421,1.410156011581421,1.386718988418579,1.394531011581421,0.8455655574798584,4883200,False,0.005616949437145422,0.00980474478176937,0.09803062582389052,46,48,16
WMT,1985-04-01,1.3984379768371582,1.417968988418579,1.3984379768371582,1.417968988418579,0.859777569770813,10012800,True,0.016668013723773,0.01078306523174785,0.10781215181995968,45,48,16
WMT,1985-04-02,1.417968988418579,1.4296879768371582,1.417968988418579,1.425781011581421,0.8645139336585999,6550400,False,0.005493706592692167,0.007793893001661527,0.07792555803981273,46,48,16
WMT,1985-04-03,1.425781011581421,1.4296879768371582,1.417968988418579,1.421875,0.8621454834938049,4217600,False,-0.0027433918081574563,0.007756386355238168,0.07755055592570632,46,48,16
WMT,1985-04-04,1.425781011581421,1.425781011581421,1.390625,1.40625,0.8526712656021118,4230400,False,-0.011049943730315266,0.010368982050282388,0.10367203044753151,45,48,16
WMT,1985-04-08,1.3984379768371582,1.402343988418579,1.394531011581421,1.3984379768371582,0.8479351997375488,3270400,True,-0.005569869579087412,0.010806110058006855,0.10804256054455734,45,48,16
WMT,1985-04-09,1.402343988418579,1.40625,1.390625,1.3984379768371582,0.8479351997375488,3904000,False,0.0,0.0061716917543850535,0.061706328776599755,47,48,16
WMT,1985-04-10,1.40625,1.421875,1.402343988418579,1.410156011581421,0.8550398945808411,6153600,False,0.008343910708406716,0.007176119742573212,0.07174888536208056,47,48,16
WMT,1985-04-11,1.410156011581421,1.417968988418579,1.402343988418579,1.410156011581421,0.8550398945808411,3753600,False,0.0,0.007229236417299144,0.07227996097709799,47,48,16
WMT,1985-04-12,1.4453129768371582,1.449218988418579,1.410156011581421,1.4453129768371582,0.8763576149940491,5772800,False,0.024626115748533288,0.01179974735441288,0.11797722872579919,45,48,16
WMT,1985-04-15,1.4375,1.457031011581421,1.4375,1.4453129768371582,0.8763576149940491,3753600,True,0.0,0.010708196555160143,0.10706359350621895,45,48,16
WMT,1985-04-16,1.449218988418579,1.457031011581421,1.425781011581421,1.453125,0.8810940980911255,6214400,False,0.0053901845833437805,0.010134339573962562,0.10132600826026669,45,48,16
WMT,1985-04-17,1.488281011581421,1.4921879768371582,1.453125,1.488281011581421,0.902411162853241,6864000,False,0.02390582234185003,0.0125046885788361,0.1250254315028629,44,48,16
WMT,1985-04-18,1.5,1.5,1.4765629768371582,1.480468988418579,0.8976738452911377,4812800,False,-0.005263449756554159,0.013794551658811497,0.13792184928542764,44,48,16
WMT,1985-04-19,1.4765629768371582,1.480468988418579,1.464843988418579,1.46875,0.89056795835495,4131200,False,-0.007947386447263283,0.012645757618045029,0.12643587986289972,44,48,16
WMT,1985-04-22,1.4765629768371582,1.480468988418579,1.472656011581421,1.4765629768371582,0.8953059315681458,2393600,True,0.0053060682012787954,0.012530409266978668,0.12528259425532182,44,48,16
WMT,1985-04-23,1.4765629768371582,1.496093988418579,1.46875,1.4765629768371582,0.8953059315681458,7142400,False,0.0,0.012642199257691738,0.12640030236444322,44,48,16
WMT,1985-04-24,1.4765629768371582,1.480468988418579,1.46875,1.4765629768371582,0.8953059315681458,3417600,False,0.0,0.005160478248276845,0.05159592865382683,47,48,16
WMT,1985-04-25,1.480468988418579,1.496093988418579,1.480468988418579,1.488281011581421,0.902411162853241,4217600,False,0.007904768002538757,0.0060881008451894045,0.06087056310150804,47,48,16
WMT,1985-04-26,1.5078129768371582,1.515625,1.4765629768371582,1.511718988418579,0.9166220426559448,4624000,False,0.01562496921819526,0.006489966200468805,0.06488852717419148,47,48,16
WMT,1985-04-29,1.503906011581421,1.511718988418579,1.5,1.5,0.9095163345336914,1891200,True,-0.007782262366589396,0.008910556028239385,0.08909027244761321,46,48,16
WMT,1985-04-30,1.4921879768371582,1.4921879768371582,1.457031011581421,1.464843988418579,0.8881997466087341,8646400,False,-0.023716300130312735,0.015140600090490185,0.15138002418785643,43,40,13
WMT,1985-05-01,1.46875,1.46875,1.421875,1.421875,0.8621454834938049,3878400,False,-0.02977262679402414,0.019565130877404965,0.19561774089261022,42,40,13
WMT,1985-05-02,1.421875,1.457031011581421,1.421875,1.457031011581421,0.88346266746521,3056000,False,0.024425004815066823,0.02377019317082278,0.23766114920433606,40,40,13
WMT,1985-05-03,1.457031011581421,1.464843988418579,1.4453129768371582,1.457031011581421,0.88346266746521,3062400,False,0.0,0.021415464060813502,0.21411789811133966,41,40,13
WMT,1985-05-06,1.453125,1.472656011581421,1.449218988418579,1.449218988418579,0.8787250518798828,2422400,True,-0.005376983334735415,0.021430876175070376,0.2142719928113547,41,40,13
WMT,1985-05-07,1.4453129768371582,1.453125,1.4375,1.453125,0.8810940980911255,3760000,False,0.00269237625054962,0.01940520333147966,0.19401873982093648,42,40,13
WMT,1985-05-08,1.484375,1.488281011581421,1.449218988418579,1.484375,0.9000422358512878,6873600,False,0.021277262438298812,0.013373105281259784,0.13370810858516735,44,48,16
WMT,1985-05-09,1.496093988418579,1.519531011581421,1.4921879768371582,1.511718988418579,0.9166220426559448,4512000,False,0.018253529121746548,0.011731856202637307,0.11729843368884534,45,48,16
WMT,1985-05-10,1.527343988418579,1.546875,1.527343988418579,1.5390629768371582,0.9332021474838256,7744000,False,0.017926621280305546,0.011655747105722567,0.11653747330002259,45,48,16
WMT,1985-05-13,1.53125,1.5390629768371582,1.488281011581421,1.5078129768371582,0.9142537713050842,6435200,True,-0.02051365930184559,0.01747234617681587,0.1746934844759746,43,40,13
WMT,1985-05-14,1.515625,1.5390629768371582,1.5078129768371582,1.5234379768371582,0.9237270355224608,6380800,False,0.010308429849466907,0.017232216555928583,0.1722926002573253,43,40,13
WMT,1985-05-15,1.515625,1.546875,1.515625,1.519531011581421,0.9213585257530212,2979200,False,-0.0025673726141843775,0.01642131053055721,0.16418493127451533,43,40,13
WMT,1985-05-16,1.5546879768371582,1.5546879768371582,1.519531011581421,1.5546879768371582,0.9426759481430054,3910400,False,0.02287334499669035,0.017472209212073955,0.17469211506354576,43,40,13
WMT,1985-05-17,1.546875,1.582031011581421,1.546875,1.566406011581421,0.9497812390327454,8019200,False,0.007509099095897673,0.016211265522677227,0.16208484156978945,43,40,13
WMT,1985-05-20,1.574218988418579,1.609375,1.566406011581421,1.589843988418579,0.963992953300476,9961600,True,0.014852301354627392,0.009377304119905259,0.09375695256489569,46,48,16
WMT,1985-05-21,1.582031011581421,1.59375,1.558593988418579,1.589843988418579,0.963992953300476,8374400,False,0.0,0.010519717169959978,0.10517912302816741,45,48,16
WMT,1985-05-22,1.589843988418579,1.59375,1.574218988418579,1.59375,0.9663606882095336,6377600,False,0.0024531630324754524,0.009372273229168372,0.09370665228902256,46,48,16
WMT,1985-05-23,1.6015629768371582,1.640625,1.59375,1.640625,0.9947837591171264,7897600,False,0.02898823825704314,0.011665816472240713,0.11663814968919892,45,48,16
WMT,1985-05-24,1.628906011581421,1.6328129768371582,1.621093988418579,1.625,0.985308825969696,4112000,False,-0.009570265083651133,0.014906329378481523,0.14903771900586746,44,48,16
WMT,1985-05-28,1.640625,1.6484379768371582,1.605468988418579,1.6171879768371582,0.9805727005004884,2540800,True,-0.004818331693322821,0.015024834706583593,0.15022256896737915,43,40,13
WMT,1985-05-29,1.625,1.625,1.605468988418579,1.609375,0.9758349657058716,3036800,False,-0.004843309641229418,0.015449802227435945,0.1544715150594227,43,40,13
WMT,1985-05-30,1.609375,1.625,1.609375,1.6171879768371582,0.9805727005004884,11641600,False,0.004843309641229482,0.015487169218563508,0.15484512086017763,43,40,13
WMT,1985-05-31,1.6171879768371582,1.636718988418579,1.613281011581421,1.636718988418579,0.992414653301239,9968000,False,0.012004227985726538,0.008727629077628406,0.08726131678914537,46,48,16
WMT,1985-06-03,1.671875,1.675781011581421,1.660156011581421,1.667968988418579,1.011363863945007,10902400,True,0.01891404203250014,0.010437106115876548,0.10435315422306114,45,48,16
WMT,1985-06-04,1.671875,1.738281011581421,1.6640629768371582,1.691406011581421,1.02557373046875,7696000,False,0.013952412760522987,0.009229734006675367,0.0922815046185374,46,48,16
WMT,1985-06-05,1.7109379768371582,1.730468988418579,1.707031011581421,1.714843988418579,1.039785623550415,9401600,False,0.013762367665093648,0.0050873139150386555,0.05086441084944059,47,48,16
WMT,1985-06-06,1.703125,1.769531011581421,1.699218988418579,1.769531011581421,1.0729448795318604,8595200,False,0.031392531198283925,0.007913359055487937,0.07912001361025137,46,48,16
WMT,1985-06-07,1.769531011581421,1.769531011581421,1.714843988418579,1.730468988418579,1.0492593050003052,8060800,False,-0.02232260047033517,0.020032054669288226,0.20028617771061782,41,40,13
WMT,1985-06-10,1.6875,1.7265629768371582,1.6640629768371582,1.6875,1.0232064723968506,4835200,True,-0.025143194527303712,0.02486431851845431,0.24860052549055334,40,40,13
WMT,1985-06-11,1.6875,1.6953129768371582,1.675781011581421,1.683593988418579,1.020837903022766,4441600,False,-0.0023175332812652564,0.024012803825872606,0.24008683950790216,40,40,13
WMT,1985-06-12,1.6796879768371582,1.6953129768371582,1.675781011581421,1.6796879768371582,1.0184688568115234,4025600,False,-0.002323384910599724,0.02258828982388208,0.22584414352567944,40,40,13
WMT,1985-06-13,1.671875,1.675781011581421,1.65625,1.660156011581421,1.0066264867782593,7670400,False,-0.011695750586920664,0.010769023931532538,0.10767176290845556,45,48,16
WMT,1985-06-14,1.667968988418579,1.675781011581421,1.660156011581421,1.671875,1.013731837272644,4608000,False,0.007033781784154954,0.012164574288953055,0.12162487213788307,45,48,16
WMT,1985-06-17,1.660156011581421,1.667968988418579,1.65625,1.660156011581421,1.00794517993927,2409600,True,-0.005724626720438304,0.006794112586059113,0.06792946920635233,47,48,16
WMT,1985-06-18,1.6640629768371582,1.671875,1.65625,1.667968988418579,1.0126893520355225,4432000,False,0.004695733680246793,0.007642617697820527,0.07641306454433631,46,48,16
WMT,1985-06-19,1.671875,1.683593988418579,1.65625,1.65625,1.0055737495422363,3468800,False,-0.007051243190276028,0.008036381590236352,0.0803500278880582,46,48,16
WMT,1985-06-20,1.6640629768371582,1.675781011581421,1.6640629768371582,1.675781011581421,1.0174320936203003,3004800,False,0.011723623971447798,0.008195393900251624,0.08193987817090122,46,48,16
WMT,1985-06-21,1.699218988418579,1.699218988418579,1.675781011581421,1.699218988418579,1.031662106513977,8828800,False,0.01388929962757186,0.009662007723537445,0.0966035001354428,46,48,16
WMT,1985-06-24,1.6953129768371582,1.699218988418579,1.6875,1.699218988418579,1.031662106513977,4102400,True,0.0,0.008572404657843265,0.08570933890972303,46,48,16
WMT,1985-06-25,1.6953129768371582,1.71875,1.6953129768371582,1.7109379768371582,1.0387765169143677,3219200,False,0.006872397298722744,0.008630287025389219,0.08628806327644482,46,48,16
WMT,1985-06-26,1.71875,1.722656011581421,1.703125,1.707031011581421,1.0364048480987549,3257600,False,-0.0022857470563211364,0.007078270187070246,0.07077055768746522,47,48,16
WMT,1985-06-27,1.699218988418579,1.707031011581421,1.6953129768371582,1.6953129768371582,1.0292906761169434,3398400,False,-0.0068879464813096395,0.008154056821664014,0.0815265783070221,46,48,16
WMT,1985-06-28,1.703125,1.7109379768371582,1.691406011581421,1.707031011581421,1.0364048480987549,4662400,False,0.00688794648130973,0.005981944199140699,0.05980917877390478,47,48,16
WMT,1985-07-01,1.7421879768371582,1.7421879768371582,1.707031011581421,1.7265629768371582,1.0482635498046875,8252800,True,0.011377185583849316,0.00751354840683828,0.07512259307860662,46,48,16
WMT,1985-07-02,1.722656011581421,1.7265629768371582,1.625,1.675781011581421,1.0174320936203003,12492800,False,-0.02985313545382287,0.016082231572810753,0.16079472345458273,43,40,13
WMT,1985-07-03,1.65625,1.65625,1.621093988418579,1.6328129768371582,0.9913440346717834,14316800,False,-0.025975543445006764,0.018675381303801468,0.18672177169929988,42,40,13
WMT,1985-07-05,1.625,1.6328129768371582,1.613281011581421,1.621093988418579,0.9842293858528136,3459200,True,-0.007202647598837532,0.018667474466740847,0.18664271689444853,42,40,13
WMT,1985-07-08,1.613281011581421,1.621093988418579,1.609375,1.621093988418579,0.9842293858528136,4416000,True,0.0,0.01741857473518723,0.17415586231531321,43,40,13
WMT,1985-07-09,1.6171879768371582,1.6171879768371582,1.5546879768371582,1.574218988418579,0.9557693004608154,21798400,False,-0.02934241916904997,0.013894355608601734,0.13891971754976276,44,48,16
WMT,1985-07-10,1.578125,1.578125,1.527343988418579,1.5625,0.9486541748046876,22764800,False,-0.00747224433458217,0.012880402267044714,0.1287819237732355,44,48,16
WMT,1985-07-11,1.558593988418579,1.597656011581421,1.558593988418579,1.589843988418579,0.9652561545372008,19209600,False,0.017349189145478155,0.01678873691484827,0.1678585647242339,43,40,13
WMT,1985-07-12,1.5859379768371582,1.6015629768371582,1.578125,1.589843988418579,0.9652561545372008,11750400,False,0.0,0.016896933328979562,0.16894034323303436,43,40,13
WMT,1985-07-15,1.59375,1.59375,1.5625,1.5625,0.9486541748046876,7542400,True,-0.01734918914547814,0.017661659295787818,0.17658629086130753,42,40,13
WMT,1985-07-16,1.5625,1.621093988418579,1.5625,1.621093988418579,0.9842293858528136,17036800,False,0.0368146635036322,0.021453129723621248,0.21449449011646565,41,40,13
WMT,1985-07-17,1.625,1.636718988418579,1.6171879768371582,1.625,0.986599862575531,8809600,False,0.0024055639195717632,0.02034360874354902,0.20340118392011725,41,40,13
WMT,1985-07-18,1.6171879768371582,1.628906011581421,1.613281011581421,1.621093988418579,0.9842293858528136,3040000,False,-0.0024055639195717064,0.01995060368783335,0.1994718076414613,42,40,13
WMT,1985-07-19,1.621093988418579,1.621093988418579,1.605468988418579,1.621093988418579,0.9842293858528136,4870400,False,0.0,0.01995060368783335,0.1994718076414613,42,40,13
WMT,1985-07-22,1.6171879768371582,1.621093988418579,1.613281011581421,1.621093988418579,0.9842293858528136,4070400,True,0.0,0.016551654257587374,0.16548814491417516,43,40,13
WMT,1985-07-23,1.6171879768371582,1.621093988418579,1.59375,1.59375,0.9676275253295898,4780800,False,-0.017011760245020227,0.007795727433176775,0.07794389920763234,46,48,16
WMT,1985-07-24,1.59375,1.59375,1.546875,1.5625,0.9486541748046876,12268800,False,-0.019802903258611924,0.009742900672407283,0.09741229083616507,46,48,16
WMT,1985-07-25,1.5625,1.5703129768371582,1.5546879768371582,1.5546879768371582,0.9439111351966858,4812800,False,-0.005012296815257707,0.0094442993594634,0.09442679001679118,46,48,16
WMT,1985-07-26,1.558593988418579,1.5625,1.53125,1.535156011581421,0.9320531487464904,4032000,False,-0.012642185658531233,0.008263252522328748,0.08261834796668176,46,48,16
WMT,1985-07-29,1.535156011581421,1.535156011581421,1.503906011581421,1.503906011581421,0.9130795001983644,6246400,True,-0.02056688701528181,0.006391762936310608,0.06390666301988152,47,48,16
WMT,1985-07-30,1.484375,1.4921879768371582,1.46875,1.4921879768371582,0.9059648513793944,15024000,False,-0.007822442692948753,0.006966570522482636,0.06965375268462597,47,48,16
WMT,1985-07-31,1.5,1.546875,1.4921879768371582,1.546875,0.9391674995422364,12406400,False,0.03599333416602326,0.02204797672967903,0.22044193959844885,41,40,13
WMT,1985-08-01,1.5625,1.5859379768371582,1.5625,1.5703129768371582,0.9533977508544922,5702400,False,0.015038339619913466,0.023160761206390525,0.23156787516201102,40,40,13
WMT,1985-08-02,1.5703129768371582,1.578125,1.566406011581421,1.5703129768371582,0.9533977508544922,4790400,False,0.0,0.02181355120692226,0.21809808657458754,41,40,13
WMT,1985-08-05,1.574218988418579,1.574218988418579,1.546875,1.5625,0.9486541748046876,2640000,True,-0.004987861603917131,0.018135369577507762,0.18132258093410608,42,40,13
WMT,1985-08-06,1.5703129768371582,1.574218988418579,1.5625,1.5703129768371582,0.9533977508544922,3894400,False,0.004987861603917015,0.01620634863095097,0.1620356810884346,43,40,13
WMT,1985-08-07,1.5546879768371582,1.5703129768371582,1.542968988418579,1.542968988418579,0.9367969036102296,8102400,False,-0.017565676695028676,0.01207460865307395,0.12072537013307093,45,48,16
WMT,1985-08-08,1.542968988418579,1.542968988418579,1.515625,1.535156011581421,0.9320531487464904,6134400,False,-0.005076667382677365,0.008389694976005307,0.08388255556621751,46,48,16
WMT,1985-08-09,1.5390629768371582,1.558593988418579,1.53125,1.5546879768371582,0.9439111351966858,3836800,False,0.012642185658531212,0.01144451070132901,0.11442547167423914,45,48,16
WMT,1985-08-12,1.558593988418579,1.5703129768371582,1.5546879768371582,1.5625,0.9486541748046876,2633600,True,0.005012296815257731,0.011663536025124087,0.1166153491305942,45,48,16
WMT,1985-08-13,1.558593988418579,1.5625,1.5234379768371582,1.546875,0.9391674995422364,4646400,False,-0.010050478015996258,0.011990155375378696,0.1198809822525482,45,48,16
WMT,1985-08-14,1.53125,1.550781011581421,1.53125,1.546875,0.9391674995422364,5792000,False,0.0,0.008809868771938949,0.08808357263366445,46,48,16
WMT,1985-08-15,1.546875,1.546875,1.527343988418579,1.53125,0.9296815395355223,1792000,False,-0.010151747171871835,0.009845301645876941,0.09843612488158268,46,48,16
WMT,1985-08-16,1.5625,1.59375,1.53125,1.566406011581421,0.9510257244110109,9734400,False,0.022699015135810702,0.013538474892765766,0.13536152097569973,44,48,16
WMT,1985-08-19,1.5859379768371582,1.605468988418579,1.5859379768371582,1.597656011581421,0.969998836517334,6272000,True,0.019753759996643992,0.015894252157345384,0.15891525181608143,43,40,13
WMT,1985-08-20,1.6015629768371582,1.6015629768371582,1.5859379768371582,1.59375,0.9676275253295898,5408000,False,-0.0024476466859748003,0.01445908358417243,0.14456602840207478,44,48,16
WMT,1985-08-21,1.5859379768371582,1.609375,1.5703129768371582,1.597656011581421,0.969998836517334,11881600,False,0.0024476466859748264,0.014246271090350756,0.14243826858610567,44,48,16
WMT,1985-08-22,1.605468988418579,1.609375,1.582031011581421,1.5859379768371582,0.9628843665122986,3888000,False,-0.007361543752871423,0.013466177011478321,0.1346386662042499,44,48,16
WMT,1985-08-23,1.582031011581421,1.597656011581421,1.582031011581421,1.597656011581421,0.969998836517334,2668800,False,0.007361543752871426,0.010398743056899126,0.10396958945276054,45,48,16
WMT,1985-08-26,1.597656011581421,1.6015629768371582,1.5859379768371582,1.5859379768371582,0.9628843665122986,1481600,True,-0.007361543752871423,0.006397664858953803,0.0639656721203889,47,48,16
WMT,1985-08-27,1.59375,1.6015629768371582,1.578125,1.59375,0.9689639210700988,3440000,False,0.006294049762630509,0.007207670422845655,0.07206433803332479,47,48,16
WMT,1985-08-28,1.597656011581421,1.605468988418579,1.59375,1.6015629768371582,0.9737141132354736,3760000,False,0.0048903642790902825,0.0074696860212449725,0.07468404447733801,47,48,16
WMT,1985-08-29,1.6015629768371582,1.609375,1.59375,1.6015629768371582,0.9737141132354736,2809600,False,0.0,0.006060056818137851,0.06059017094611021,47,48,16
WMT,1985-08-30,1.6171879768371582,1.621093988418579,1.597656011581421,1.6171879768371582,0.983214259147644,4563200,False,0.009709318622361404,0.006621364896811671,0.0662022886969682,47,48,16
WMT,1985-09-03,1.613281011581421,1.6171879768371582,1.589843988418579,1.59375,0.9689639210700988,2352000,True,-0.014599682901451522,0.009526664180699071,0.09525029691588138,46,48,16
WMT,1985-09-04,1.597656011581421,1.6015629768371582,1.578125,1.5859379768371582,0.9642147421836852,2467200,False,-0.0049133466356048065,0.009362826120421249,0.09361219740994924,46,48,16
WMT,1985-09-05,1.5859379768371582,1.609375,1.582031011581421,1.59375,0.9689639210700988,4185600,False,0.004913346635604767,0.00936643511027885,0.09364828111658385,46,48,16
WMT,1985-09-06,1.589843988418579,1.605468988418579,1.589843988418579,1.59375,0.9689639210700988,2236800,False,0.0,0.00936643511027885,0.09364828111658385,46,48,16
WMT,1985-09-09,1.605468988418579,1.6171879768371582,1.597656011581421,1.6015629768371582,0.9737141132354736,3110400,True,0.0048903642790902825,0.008162324734814506,0.08160924325327419,46,48,16
WMT,1985-09-10,1.6015629768371582,1.605468988418579,1.578125,1.582031011581421,0.9618398547172546,2627200,False,-0.012269776698937104,0.007277600700347118,0.07276352082901094,47,48,16
WMT,1985-09-11,1.578125,1.582031011581421,1.5546879768371582,1.5546879768371582,0.9452152848243712,6713600,False,-0.017435249443060446,0.01028809398980255,0.10286328862232225,45,48,16
WMT,1985-09-12,1.5546879768371582,1.558593988418579,1.5390629768371582,1.5390629768371582,0.935716450214386,4790400,False,-0.010100223399372037,0.009174089550294945,0.0917251555238883,46,48,16
WMT,1985-09-13,1.535156011581421,1.5390629768371582,1.515625,1.5234379768371582,0.9262155294418336,6720000,False,-0.010205532037235681,0.008328385071391654,0.08326956170944168,46,48,16
WMT,1985-09-16,1.527343988418579,1.546875,1.5234379768371582,1.546875,0.9404649138450624,3232000,True,0.015267381451714124,0.01277081542209114,0.12768624334177342,44,48,16
WMT,1985-09-17,1.535156011581421,1.5546879768371582,1.527343988418579,1.542968988418579,0.9380905628204346,5132800,False,-0.002527848997239362,0.012496234955792284,0.12494090977629993,45,48,16
WMT,1985-09-18,1.542968988418579,1.546875,1.53125,1.542968988418579,0.9380905628204346,3436800,False,0.0,0.010418742819819877,0.10416955276838871,45,48,16
WMT,1985-09-19,1.542968988418579,1.574218988418579,1.542968988418579,1.558593988418579,0.9475899338722228,7033600,False,0.01007535627302317,0.010165498879887058,0.10163754785951214,45,48,16
WMT,1985-09-20,1.5625,1.5703129768371582,1.550781011581421,1.5546879768371582,0.9452152848243712,4422400,False,-0.002509133290890144,0.008136749505707693,0.08135353484160884,46,48,16
WMT,1985-09-23,1.5625,1.566406011581421,1.558593988418579,1.5625,0.9499651789665222,8694400,True,0.005012614026477272,0.005457114664136833,0.054561783873534324,47,48,16
WMT,1985-09-24,1.5546879768371582,1.558593988418579,1.542968988418579,1.546875,0.9404649138450624,4000000,False,-0.01005098801137105,0.007626913025143334,0.07625604476206038,46,48,16
WMT,1985-09-25,1.53125,1.535156011581421,1.5,1.5,0.9119662642478944,7676800,False,-0.03077134375810826,0.01597884390922251,0.15976102420084282,43,40,13
WMT,1985-09-26,1.5,1.503906011581421,1.484375,1.5,0.9119662642478944,4531200,False,0.0,0.014014752379392611,0.1401234786930156,44,48,16
WMT,1985-09-30,1.5,1.511718988418579,1.480468988418579,1.4921879768371582,0.9072168469429016,5446400,True,-0.005221495369490987,0.013816441112492443,0.13814070626651662,44,48,16
WMT,1985-10-01,1.4921879768371582,1.53125,1.488281011581421,1.527343988418579,0.9285909533500672,7440000,False,0.023286830227643482,0.019454191392503817,0.19450853638239582,42,40,13
WMT,1985-10-02,1.527343988418579,1.542968988418579,1.5234379768371582,1.527343988418579,0.9285909533500672,2908800,False,0.0,0.019262187961075657,0.192588831488268,42,40,13
WMT,1985-10-03,1.535156011581421,1.546875,1.527343988418579,1.5390629768371582,0.935716450214386,2304000,False,0.0076441594854774544,0.011133036763425195,0.11131126669081962,45,48,16
WMT,1985-10-04,1.535156011581421,1.558593988418579,1.496093988418579,1.5546879768371582,0.9452152848243712,4361600,False,0.010100223399372036,0.01088026867699812,0.10878401950057895,45,48,16
WMT,1985-10-07,1.5390629768371582,1.5703129768371582,1.53125,1.546875,0.9404649138450624,3270400,True,-0.005038373984893703,0.010828347839425339,0.10826490020539606,45,48,16
WMT,1985-10-08,1.5625,1.5859379768371582,1.5546879768371582,1.5625,0.9499651789665222,4817600,False,0.010050988011370927,0.006769030168506431,0.06767868806471185,47,48,16
WMT,1985-10-09,1.5625,1.59375,1.5625,1.5859379768371582,0.9642147421836852,3771200,False,0.014888701200825088,0.007501482612627759,0.07500195583777615,46,48,16
WMT,1985-10-10,1.5859379768371582,1.65625,1.578125,1.640625,0.9974634647369384,8771200,False,0.03390148985890538,0.013988272885785176,0.13985872918779002,44,48,16
WMT,1985-10-11,1.640625,1.6796879768371582,1.640625,1.671875,1.0164622068405151,6636800,False,0.018867931419591387,0.014117220492298235,0.14114798401760179,44,48,16
WMT,1985-10-14,1.671875,1.703125,1.6640629768371582,1.6953129768371582,1.0307122468948364,5113600,True,0.013921891403399545,0.009254412363638841,0.09252824584753228,46,48,16
WMT,1985-10-15,1.71875,1.734375,1.6640629768371582,1.703125,1.03546142578125,5696000,False,0.004597084275139326,0.010684534019485992,0.10682700874727344,45,48,16
WMT,1985-10-16,1.703125,1.7109379768371582,1.671875,1.7109379768371582,1.0402122735977173,5766400,False,0.004577652175304737,0.012145837888311882,0.1214375402775009,45,48,16
WMT,1985-10-17,1.703125,1.7109379768371582,1.6796879768371582,1.6875,1.025962233543396,4732800,False,-0.01379386489520102,0.012484581330284582,0.1248243935153401,45,48,16
WMT,1985-10-18,1.703125,1.703125,1.6328129768371582,1.6640629768371582,1.0117131471633911,5878400,False,-0.013985857393446701,0.012423725131765977,0.12421593594109151,45,48,16
WMT,1985-10-21,1.6640629768371582,1.6953129768371582,1.6640629768371582,1.6875,1.025962233543396,2721600,True,0.013985857393446799,0.012442868806666941,0.12440733984531144,45,48,16
WMT,1985-10-22,1.6875,1.71875,1.6875,1.6953129768371582,1.0307122468948364,6307200,False,0.004619128444756688,0.012445317724624523,0.12443182482328041,45,48,16
WMT,1985-10-23,1.6953129768371582,1.71875,1.6875,1.7109379768371582,1.0402122735977173,5553600,False,0.009174736450444212,0.013105259052485366,0.1310301058410116,44,48,16
WMT,1985-10-24,1.703125,1.7109379768371582,1.6796879768371582,1.6875,1.025962233543396,2110400,False,-0.01379386489520102,0.013105259052485366,0.1310301058410116,44,48,16
WMT,1985-10-25,1.6875,1.6875,1.6640629768371582,1.671875,1.0164622068405151,4651200,False,-0.009302762958642952,0.011974370299402104,0.11972315857522615,45,48,16
WMT,1985-10-28,1.671875,1.671875,1.640625,1.65625,1.0069626569747925,2430400,True,-0.009389644092859358,0.010007602658114402,0.10005885654422347,45,48,16
WMT,1985-10-29,1.65625,1.6875,1.65625,1.6875,1.025962233543396,2638400,False,0.018692407051502352,0.014091594342006424,0.1408917664814519,44,48,16
WMT,1985-10-30,1.6875,1.6875,1.65625,1.6640629768371582,1.0117131471633911,2625600,False,-0.013985857393446701,0.013744500881482918,0.1374214273842257,44,48,16
WMT,1985-10-31,1.6796879768371582,1.6875,1.640625,1.65625,1.0069626569747925,1960000,False,-0.0047065496580554825,0.012961360814668456,0.12959137034894905,44,48,16
WMT,1985-11-01,1.6484379768371582,1.65625,1.6328129768371582,1.640625,0.9974634647369384,5166400,False,-0.009478287326732015,0.012980422544358978,0.1297819549416579,44,48,16
WMT,1985-11-04,1.640625,1.6640629768371582,1.6328129768371582,1.6484379768371582,1.002213478088379,2704000,True,0.004750789673766471,0.012991343121992157,0.12989114198156224,44,48,16
WMT,1985-11-05,1.6328129768371582,1.65625,1.6328129768371582,1.640625,0.9974634647369384,5932800,False,-0.00475078967376643,0.006964483973346892,0.06963289077315943,47,48,16
WMT,1985-11-06,1.640625,1.65625,1.6328129768371582,1.6484379768371582,1.002213478088379,5347200,False,0.004750789673766471,0.006361982752484134,0.06360891227545747,47,48,16
WMT,1985-11-07,1.6484379768371582,1.7109379768371582,1.6484379768371582,1.7109379768371582,1.0402122735977173,4582400,False,0.03721376959966887,0.018243772999570352,0.18240642916705613,42,40,13
WMT,1985-11-08,1.71875,1.7421879768371582,1.6875,1.7109379768371582,1.0402122735977173,5225600,False,0.0,0.016585911253136052,0.1658306560949585,43,40,13
WMT,1985-11-11,1.7109379768371582,1.75,1.7109379768371582,1.75,1.0639612674713137,5712000,True,0.022574185949930572,0.017497704123740476,0.17494702043860877,43,40,13
WMT,1985-11-12,1.75,1.8125,1.734375,1.8125,1.1019597053527832,7792000,False,0.03509115754225132,0.017052817613824905,0.17049891863092873,43,40,13
WMT,1985-11-13,1.796875,1.8046879768371584,1.75,1.78125,1.0829601287841797,9076800,False,-0.01739199323251082,0.023598085391377446,0.2359403666950802,40,40,13
WMT,1985-11-14,1.7734379768371582,1.8046879768371584,1.765625,1.796875,1.092459797859192,3564800,False,0.008733697198239371,0.020244776883180406,0.2024130348821852,41,40,13
WMT,1985-11-15,1.7578129768371582,1.8125,1.7578129768371582,1.7578129768371582,1.0687108039855957,6915200,False,-0.021978783049370235,0.02478257247165379,0.2477832052741838,40,40,13
WMT,1985-11-18,1.7734379768371582,1.796875,1.7578129768371582,1.796875,1.092459797859192,3732800,True,0.021978783049370187,0.02468067466747978,0.24676440205843544,40,40,13
WMT,1985-11-19,1.796875,1.8203129768371584,1.796875,1.8046879768371584,1.0972098112106323,4262400,False,0.004338573072979122,0.018438979900132293,0.184358163256332,42,40,13
WMT,1985-11-20,1.796875,1.8046879768371584,1.78125,1.8046879768371584,1.0972098112106323,3220800,False,0.0,0.016023870020331687,0.16021120806066708,43,40,13
WMT,1985-11-21,1.8125,1.859375,1.8125,1.859375,1.1304582357406616,6224000,False,0.02985264679318007,0.02026283323195032,0.20259356739061932,41,40,13
WMT,1985-11-22,1.8671879768371584,1.8828129768371584,1.859375,1.8671879768371584,1.1352086067199707,7731200,False,0.00419335963369593,0.013056682183530729,0.13054442049476553,44,48,16
WMT,1985-11-25,1.84375,1.8671879768371584,1.8203129768371584,1.8359379768371584,1.1162090301513672,4776000,True,-0.016878279089047838,0.016732902583094195,0.16730031720161734,43,40,13
WMT,1985-11-26,1.8359379768371584,1.859375,1.8203129768371584,1.828125,1.1114585399627686,3160000,False,-0.004264996674869488,0.01716490020003143,0.17161955219297875,43,40,13
WMT,1985-11-27,1.8203129768371584,1.8515629768371584,1.8203129768371584,1.8359379768371584,1.1162090301513672,5460800,False,0.004264996674869453,0.0171104888260664,0.17107553180688492,43,40,13
WMT,1985-11-29,1.84375,1.8671879768371584,1.8203129768371584,1.8515629768371584,1.1257089376449585,2840000,True,0.00847485455706393,0.010088597446776669,0.10086866546814356,45,48,16
WMT,1985-12-02,1.84375,1.8828129768371584,1.84375,1.875,1.1399579048156738,4116800,True,0.012578332144168319,0.011702652764004494,0.11700644940683656,45,48,16
WMT,1985-12-03,1.875,1.8828129768371584,1.859375,1.8671879768371584,1.1352086067199707,2644800,False,-0.0041749076121844215,0.007531145084488039,0.07529852966449661,46,48,16
WMT,1985-12-04,1.859375,1.8671879768371584,1.84375,1.8671879768371584,1.1352086067199707,3580800,False,0.0,0.006637959541409046,0.06636820667152175,47,48,16
WMT,1985-12-05,1.8671879768371584,1.90625,1.859375,1.890625,1.1494576930999756,6870400,False,0.012473831420904488,0.007595305209505263,0.07594002083518699,46,48,16
WMT,1985-12-06,1.875,1.890625,1.859375,1.875,1.1412791013717651,4980800,False,-0.0071406077720890405,0.009280220122963935,0.09278627916242849,46,48,16
WMT,1985-12-09,1.8671879768371584,1.9296879768371584,1.8671879768371584,1.890625,1.1507891416549685,5332800,True,0.008298265014410161,0.008291417557581051,0.08289994999647339,46,48,16
WMT,1985-12-10,1.8984379768371584,1.9296879768371584,1.8984379768371584,1.9296879768371584,1.1745661497116089,3371200,False,0.020450927948973345,0.010739694845175583,0.10737852236477909,45,48,16
WMT,1985-12-11,1.9296879768371584,1.9765629768371584,1.9296879768371584,1.96875,1.1983431577682495,7219200,False,0.020041055762713127,0.011285613292994637,0.11283677021106837,45,48,16
WMT,1985-12-12,1.96875,2.023437976837158,1.96875,2.015625,1.2268744707107544,4755200,False,0.023529953748888267,0.012685785962648983,0.12683609463233628,44,48,16
WMT,1985-12-13,2.015625,2.054687976837158,1.96875,2.0,1.2173640727996826,10190400,False,-0.007781929411786907,0.01294145454640393,0.12939234181947443,44,48,16
WMT,1985-12-16,1.9921879768371584,2.046875,1.984375,2.039062976837158,1.241140842437744,9150400,True,0.019343065644678213,0.012900537794963262,0.12898324450590973,44,48,16
WMT,1985-12-17,2.046875,2.101562976837158,2.046875,2.085937976837158,1.269672989845276,6816000,False,0.022728388135028355,0.013173290528841645,0.13171030388301772,44,48,16
WMT,1985-12-18,2.078125,2.15625,2.0625,2.117187976837158,1.2886937856674194,5961600,False,0.014869757125064035,0.012935567802520883,0.12933348448052634,44,48,16
WMT,1985-12-19,2.0,2.007812976837158,1.9453129768371584,1.984375,1.2078533172607422,18848000,False,-0.06478447009773171,0.036471222148895595,0.3646496478384797,35,32,10
WMT,1985-12-20,1.984375,2.046875,1.984375,2.015625,1.2268744707107544,17120000,False,0.01562518860474773,0.037218630725797335,0.37212245127912147,35,32,10
WMT,1985-12-23,2.007812976837158,2.015625,1.90625,1.90625,1.1603004932403564,5384000,True,-0.055790837167429885,0.04296575158370873,0.42958379952697645,32,32,10
WMT,1985-12-24,1.90625,1.953125,1.90625,1.953125,1.1888320446014404,7600000,False,0.024292332567968703,0.04329955468618904,0.4329212578460288,32,32,10
WMT,1985-12-26,1.953125,1.9609379768371584,1.9296879768371584,1.9375,1.179321050643921,1110400,True,-0.008032457964230728,0.04072848364779214,0.4072149586468523,33,32,10
WMT,1985-12-27,1.953125,1.96875,1.921875,1.953125,1.1888320446014404,4292800,False,0.008032457964230674,0.03172353141648199,0.31718088612403134,37,40,13
WMT,1985-12-30,1.9609379768371584,1.984375,1.9296879768371584,1.953125,1.1888320446014404,4320000,True,0.0,0.030138615333693115,0.3013344445355636,37,40,13
WMT,1985-12-31,1.9609379768371584,2.0,1.9609379768371584,1.9921879768371584,1.2126091718673706,3601600,False,0.01980302839326044,0.013439102884597072,0.1343679713864981,44,48,16
WMT,1986-01-02,1.9921879768371584,1.9921879768371584,1.9140629768371584,1.921875,1.1698106527328491,3694400,True,-0.03593247798791137,0.020978035185313552,0.20974435985275763,41,40,13
WMT,1986-01-03,1.921875,1.9453129768371584,1.875,1.8984379768371584,1.155545353889465,7121600,False,-0.012269500034603725,0.02130378559900798,0.2130013050999437,41,40,13
WMT,1986-01-06,1.890625,1.9375,1.875,1.921875,1.1698106527328491,5552000,True,0.012269500034603717,0.02197926489471969,0.21975493913770291,41,40,13
WMT,1986-01-07,1.9375,1.984375,1.9375,1.96875,1.1983431577682495,5459200,False,0.024098000445223713,0.025260632588182938,0.2525629862320658,39,40,13
WMT,1986-01-08,1.984375,1.9921879768371584,1.8828129768371584,1.890625,1.1507891416549685,8817600,False,-0.04049198371168643,0.028569769413815716,0.28564867700464325,38,40,13
WMT,1986-01-09,1.859375,1.8671879768371584,1.8203129768371584,1.84375,1.1222574710845947,13686400,False,-0.025105661280316376,0.026491723997240833,0.2648717881399704,39,40,13
WMT,1986-01-10,1.8671879768371584,1.8828129768371584,1.8515629768371584,1.8515629768371584,1.1270129680633545,10043200,False,0.004228485807412319,0.026898014491836587,0.26893399601360896,39,40,13
WMT,1986-01-13,1.875,1.9140629768371584,1.859375,1.890625,1.1507891416549685,8238400,True,0.020877175472903995,0.028506984272144466,0.28502093330835465,38,40,13
WMT,1986-01-14,1.90625,1.9140629768371584,1.8671879768371584,1.8671879768371584,1.136523962020874,6099200,False,-0.01247346903891375,0.024073590893492074,0.24069460589176722,40,40,13
WMT,1986-01-15,1.875,1.8984379768371584,1.8671879768371584,1.875,1.1412791013717651,2772800,False,0.004175204024503622,0.017630075824659648,0.17627051033776528,42,40,13
WMT,1986-01-16,1.921875,1.921875,1.875,1.921875,1.1698106527328491,3092800,False,0.024692248280872783,0.014933346344032932,0.14930784230839253,44,48,16
WMT,1986-01-17,1.9375,1.9375,1.8984379768371584,1.9375,1.179321050643921,3984000,False,0.008096991630420162,0.014768977615847832,0.14766443703385418,44,48,16
WMT,1986-01-20,1.9375,1.9375,1.9140629768371584,1.921875,1.1698106527328491,2486400,True,-0.008096991630420143,0.014663704282455609,0.14661188431731684,44,48,16
WMT,1986-01-21,1.9140629768371584,1.921875,1.875,1.875,1.1412791013717651,2995200,False,-0.02469224828087281,0.018469452212854863,0.18466283410223197,42,40,13
WMT,1986-01-22,1.8984379768371584,1.921875,1.8828129768371584,1.8828129768371584,1.1460342407226562,3380800,False,0.004157844151754224,0.01846866895343946,0.18465500285191555,42,40,13
WMT,1986-01-23,1.8828129768371584,1.9140629768371584,1.8828129768371584,1.8984379768371584,1.155545353889465,1814400,False,0.008264904094514797,0.014109552203670757,0.14107131428780448,44,48,16
WMT,1986-01-24,1.890625,1.9140629768371584,1.890625,1.90625,1.1603004932403564,2252800,False,0.004106617061285821,0.013461540639645978,0.13459231044054643,44,48,16
WMT,1986-01-27,1.90625,1.9921879768371584,1.8984379768371584,1.984375,1.2078533172607422,4651200,True,0.040165648562682184,0.023025049728075873,0.23021099321895347,40,40,13
WMT,1986-01-28,2.007812976837158,2.015625,1.953125,2.007812976837158,1.2221193313598633,6112000,False,0.011741842454468574,0.015140096922862207,0.151374993374861,43,40,13
WMT,1986-01-29,2.007812976837158,2.078125,2.007812976837158,2.03125,1.236385464668274,5006400,False,0.011605666548493866,0.014311863393435941,0.14309407908028873,44,48,16
WMT,1986-01-30,2.023437976837158,2.054687976837158,1.9765629768371584,1.984375,1.2078533172607422,3217600,False,-0.02334750900296242,0.02267049549721467,0.22666605921878877,40,40,13
WMT,1986-01-31,1.96875,2.039062976837158,1.9609379768371584,2.007812976837158,1.2221193313598633,11718400,False,0.011741842454468574,0.022527434390378097,0.22523569360026452,40,40,13
WMT,1986-02-03,2.007812976837158,2.054687976837158,2.0,2.039062976837158,1.241140842437744,6852800,True,0.015444482383170506,0.016172910881918544,0.1617013609672331,43,40,13
WMT,1986-02-04,2.054687976837158,2.0625,2.0,2.03125,1.236385464668274,6518400,False,-0.0038388158346767476,0.016155484988027134,0.161527131925913,43,40,13
WMT,1986-02-05,2.039062976837158,2.046875,1.9921879768371584,2.015625,1.2268744707107544,2774400,False,-0.00772232039821465,0.015684012320128407,0.15681321415225416,43,40,13
WMT,1986-02-06,2.03125,2.09375,2.015625,2.03125,1.236385464668274,7292800,False,0.007722320398214533,0.0100173179626446,0.10015599292098423,45,48,16
WMT,1986-02-07,2.015625,2.03125,1.921875,1.9453129768371584,1.1840771436691284,20800000,False,-0.043228485568917764,0.022590033398516878,0.2258615762805776,40,40,13
WMT,1986-02-10,1.9453129768371584,1.96875,1.9375,1.9609379768371584,1.1935874223709106,7833600,True,0.007999723388691834,0.020984800333607813,0.20981199972874004,41,40,13
WMT,1986-02-11,1.9609379768371584,1.9609379768371584,1.9140629768371584,1.9140629768371584,1.165055274963379,9043200,False,-0.024194880641335938,0.021972280193203998,0.21968510410619355,41,40,13
WMT,1986-02-12,1.9140629768371584,1.9140629768371584,1.875,1.8984379768371584,1.155545353889465,13569600,False,-0.008196131805368372,0.021950851876485593,0.21947085770355756,41,40,13
WMT,1986-02-13,1.8984379768371584,1.921875,1.875,1.921875,1.1698106527328491,10494400,False,0.012269500034603717,0.023038426684059473,0.2303447398279554,40,40,13
WMT,1986-02-14,1.953125,2.0,1.9453129768371584,1.984375,1.2078533172607422,10384000,False,0.032002765589364233,0.02128515557107103,0.2128150367841002,41,40,13
WMT,1986-02-18,2.0,2.054687976837158,2.0,2.054687976837158,1.250651240348816,8915200,True,0.03481974189268544,0.025512273025227346,0.25507895886318704,39,40,13
WMT,1986-02-19,2.046875,2.0625,2.0,2.015625,1.2268744707107544,6208000,False,-0.019194553287937705,0.02391722269814191,0.2391311922190696,40,40,13
WMT,1986-02-20,2.023437976837158,2.03125,1.9765629768371584,2.0,1.2173640727996826,7001600,False,-0.007781929411786907,0.023837553239819523,0.23833463432467994,40,40,13
WMT,1986-02-21,2.0,2.023437976837158,1.9765629768371584,2.023437976837158,1.2316300868988037,13118400,False,0.011650640661267081,0.023827173823130397,0.2382308579657467,40,40,13
WMT,1986-02-24,2.023437976837158,2.046875,2.007812976837158,2.046875,1.2458959817886353,5577600,True,0.011516369284456611,0.020721007200845597,0.2071745209908123,41,40,13
WMT,1986-02-25,2.054687976837158,2.070312976837158,2.023437976837158,2.046875,1.2458959817886353,8486400,False,0.0,0.013176219811413823,0.13173959168297145,44,48,16
WMT,1986-02-26,2.03125,2.054687976837158,2.023437976837158,2.039062976837158,1.241140842437744,8172800,False,-0.0038239443010453437,0.008899623454146752,0.08898096546369665,46,48,16
WMT,1986-02-27,2.023437976837158,2.09375,2.023437976837158,2.09375,1.2744284868240356,6395200,False,0.026466841621220885,0.011871930382126096,0.11869893515856089,45,48,16
WMT,1986-02-28,2.125,2.140625,2.09375,2.125,1.2934492826461792,10468800,False,0.014814679989085764,0.01211949123419001,0.12117411893921834,45,48,16
WMT,1986-03-03,2.140625,2.171875,2.125,2.140625,1.3029600381851196,9363200,True,0.007326116110443174,0.012115559588820107,0.12113480923104053,45,48,16
WMT,1986-03-04,2.171875,2.242187976837158,2.171875,2.195312976837158,1.3362470865249634,12033600,False,0.02522637442834191,0.012692035126845443,0.12689857555261422,44,48,16
WMT,1986-03-05,2.1875,2.257812976837158,2.171875,2.257812976837158,1.3742904663085938,12675200,False,0.028072570411279335,0.008959482243884478,0.08957945066138999,46,48,16
WMT,1986-03-06,2.257812976837158,2.28125,2.226562976837158,2.25,1.369534611701965,6840000,False,-0.00346659078775375,0.012976674072008232,0.12974447664940184,44,48,16
WMT,1986-03-07,2.25,2.289062976837158,2.242187976837158,2.273437976837158,1.383800745010376,6624000,False,0.010362893821048127,0.013092851625603455,0.1309060528596062,44,48,16
WMT,1986-03-10,2.273437976837158,2.34375,2.273437976837158,2.304687976837158,1.40282142162323,8646400,True,0.01365163332298068,0.012644571129976795,0.12642401701787415,44,48,16
WMT,1986-03-11,2.328125,2.375,2.3125,2.359375,1.43610942363739,6097600,False,0.0234521582420209,0.012297896566178801,0.12295786616920222,45,48,16
WMT,1986-03-12,2.34375,2.40625,2.335937976837158,2.367187976837158,1.440864324569702,7995200,False,0.0033054908927958337,0.010236457211131918,0.10234700942880118,45,48,16
WMT,1986-03-13,2.351562976837158,2.46875,2.3125,2.460937976837158,1.4979286193847656,6865600,False,0.03884007442840883,0.01375833332223584,0.13755972805944594,44,48,16
WMT,1986-03-14,2.460937976837158,2.5625,2.4375,2.53125,1.5407267808914185,9912000,False,0.028171007393984274,0.013616416520277815,0.1361408035264241,44,48,16
WMT,1986-03-17,2.5,2.53125,2.398437976837158,2.492187976837158,1.5169495344161987,9745600,True,-0.015552807629603359,0.021687731141205556,0.21684010178681973,41,40,13
WMT,1986-03-18,2.453125,2.507812976837158,2.398437976837158,2.445312976837158,1.4899874925613403,11374400,False,-0.0179337074451095,0.025521071529075217,0.25516692880607883,39,40,13
WMT,1986-03-19,2.445312976837158,2.445312976837158,2.328125,2.40625,1.466185212135315,8673600,False,-0.016103791755659878,0.027678060606424505,0.27673311883491186,38,40,13
WMT,1986-03-20,2.390625,2.398437976837158,2.359375,2.367187976837158,1.4423835277557373,4892800,False,-0.016366961095720996,0.019992264584712264,0.19988834513267864,42,40,13
WMT,1986-03-21,2.367187976837158,2.382812976837158,2.265625,2.265625,1.3804991245269775,10252800,False,-0.04385185459971882,0.012268798700013595,0.1226669374307389,45,48,16
WMT,1986-03-24,2.3125,2.460937976837158,2.3125,2.460937976837158,1.4995081424713137,9036800,True,0.08269203109953213,0.04894649633630619,0.48938098589333845,30,32,10
WMT,1986-03-25,2.445312976837158,2.460937976837158,2.421875,2.4375,1.485226273536682,4745600,False,-0.009570015917345602,0.048419270776477175,0.4841096348555746,30,32,10
WMT,1986-03-26,2.453125,2.5,2.421875,2.476562976837158,1.509028673171997,5998400,False,0.01589904764546012,0.0479773009021653,0.4796906943998619,30,32,10
WMT,1986-03-27,2.476562976837158,2.492187976837158,2.445312976837158,2.476562976837158,1.509028673171997,5683200,False,0.0,0.04662957914646069,0.4662157891280947,31,32,10
WMT,1986-03-31,2.46875,2.476562976837158,2.445312976837158,2.460937976837158,1.4995081424713137,3608000,True,-0.0063290317281144825,0.03825832971131631,0.38251765732348486,34,32,10
WMT,1986-04-01,2.445312976837158,2.476562976837158,2.40625,2.421875,1.4757062196731567,4924800,False,-0.016000481110695134,0.012137070074005874,0.12134987717737372,45,48,16
WMT,1986-04-02,2.421875,2.460937976837158,2.382812976837158,2.460937976837158,1.4995081424713137,4315200,False,0.016000481110695082,0.01402275034777303,0.14020344465471102,44,48,16
WMT,1986-04-03,2.460937976837158,2.484375,2.351562976837158,2.375,1.4471447467803955,4923200,False,-0.035544674340757434,0.01913654786112785,0.19133264604942204,42,40,13
WMT,1986-04-04,2.375,2.375,2.25,2.3125,1.4090614318847656,8337600,False,-0.026668643375243866,0.01991931922886348,0.19915901672648711,42,40,13
WMT,1986-04-07,2.3125,2.335937976837158,2.296875,2.328125,1.418581247329712,9676800,True,0.006733418959252454,0.021888389060657595,0.21884633671268727,41,40,13
WMT,1986-04-08,2.351562976837158,2.429687976837158,2.34375,2.429687976837158,1.4804662466049194,9009600,False,0.04269981909414825,0.03200466799428089,0.31999176955618935,37,40,13
WMT,1986-04-09,2.46875,2.5,2.421875,2.453125,1.4947466850280762,8624000,False,0.009599681379199589,0.031358351323667336,0.31352971173511607,37,40,13
WMT,1986-04-10,2.492187976837158,2.546875,2.453125,2.539062976837158,1.547111988067627,5705600,False,0.03443320841464299,0.02722704978041488,0.27222378437377615,39,40,13
WMT,1986-04-11,2.539062976837158,2.5625,2.53125,2.546875,1.5518720149993896,4998400,False,0.0030719943507129667,0.017971703784362882,0.17968620380394476,42,40,13
WMT,1986-04-14,2.539062976837158,2.609375,2.53125,2.59375,1.5804332494735718,3969600,True,0.018237064179776347,0.01664705103605223,0.16644194902663725,43,40,13
WMT,1986-04-15,2.5625,2.59375,2.515625,2.570312976837158,1.566153049468994,4558400,False,-0.009076692446265902,0.016348225633503466,0.16345420769568494,43,40,13
WMT,1986-04-16,2.570312976837158,2.617187976837158,2.539062976837158,2.617187976837158,1.5947147607803345,6947200,False,0.018072561345753798,0.016571602772115855,0.16568759583380746,43,40,13
WMT,1986-04-17,2.617187976837158,2.625,2.578125,2.601562976837158,1.5851939916610718,4196800,False,-0.005988094822538185,0.01292891225645366,0.12926694043876985,44,48,16
WMT,1986-04-18,2.601562976837158,2.601562976837158,2.585937976837158,2.601562976837158,1.5851939916610718,3648000,False,0.0,0.01310708757075966,0.131048387886567,44,48,16
WMT,1986-04-21,2.601562976837158,2.671875,2.585937976837158,2.664062976837158,1.6232768297195437,4193600,True,0.023740048611205294,0.014708516268771414,0.14705992729658113,44,48,16
WMT,1986-04-22,2.664062976837158,2.679687976837158,2.59375,2.625,1.5994757413864136,5691200,False,-0.01477092674687849,0.016244954766214233,0.1624216762045478,43,40,13
WMT,1986-04-23,2.59375,2.671875,2.578125,2.609375,1.5899546146392822,3904000,False,-0.005970442346720486,0.01459011930785867,0.14587616082103716,44,48,16
WMT,1986-04-24,2.609375,2.648437976837158,2.609375,2.617187976837158,1.5947147607803345,2584000,False,0.0029894153049316906,0.014310673593372403,0.1430821831209925,44,48,16
WMT,1986-04-25,2.625,2.65625,2.601562976837158,2.640625,1.6089954376220703,3072000,False,0.008915145592258472,0.014674906104161693,0.14672388331541997,44,48,16
WMT,1986-04-28,2.648437976837158,2.65625,2.609375,2.625,1.5994757413864136,4441600,True,-0.0059341185504697596,0.009135378907746478,0.09133811551422613,46,48,16
WMT,1986-04-29,2.625,2.640625,2.601562976837158,2.625,1.5994757413864136,2344000,False,0.0,0.0063102371108992306,0.0630915446395697,47,48,16
WMT,1986-04-30,2.617187976837158,2.625,2.53125,2.53125,1.542351245880127,3070400,False,-0.036367878803097484,0.017758462544519814,0.17755415726336096,42,40,13
WMT,1986-05-01,2.507812976837158,2.515625,2.476562976837158,2.507812976837158,1.528070092201233,6219200,False,-0.009302473564651683,0.017024809159010362,0.17021888213686973,43,40,13
WMT,1986-05-02,2.492187976837158,2.53125,2.484375,2.5,1.5233098268508911,5742400,False,-0.003120076384022522,0.014621491435417468,0.14618982827148772,44,48,16
WMT,1986-05-05,2.507812976837158,2.507812976837158,2.4375,2.46875,1.5042688846588137,12310400,True,-0.012578495925846943,0.01435168175022591,0.1434921943318614,44,48,16
WMT,1986-05-06,2.476562976837158,2.484375,2.4375,2.46875,1.5042688846588137,6721600,False,0.0,0.01435168175022591,0.1434921943318614,44,48,16
WMT,1986-05-07,2.460937976837158,2.523437976837158,2.445312976837158,2.507812976837158,1.528070092201233,6617600,False,0.015698572309869475,0.010995765326976204,0.10993878784283775,45,48,16
WMT,1986-05-08,2.523437976837158,2.625,2.515625,2.570312976837158,1.566153049468994,5473600,False,0.02461676398020683,0.014993220668461009,0.14990648282633653,44,48,16
WMT,1986-05-09,2.578125,2.578125,2.515625,2.546875,1.5518720149993896,6001600,False,-0.009160371733510463,0.016012059315719293,0.16009312127816083,43,40,13
WMT,1986-05-12,2.554687976837158,2.570312976837158,2.539062976837158,2.5625,1.5613921880722046,5358400,True,0.006115897737137787,0.01319018026439941,0.13187917226088783,44,48,16
WMT,1986-05-13,2.578125,2.6875,2.578125,2.679687976837158,1.632797122001648,7758400,False,0.04471671836106251,0.020180058730779785,0.20176596439506805,41,40,13
WMT,1986-05-14,2.679687976837158,2.765625,2.679687976837158,2.757812976837158,1.6804019212722778,8436800,False,0.028738433758073747,0.020897016590936835,0.2089343129125365,41,40,13
WMT,1986-05-15,2.734375,2.765625,2.65625,2.679687976837158,1.632797122001648,8092800,False,-0.028738433758073775,0.029263379316417516,0.29258358600463374,38,40,13
WMT,1986-05-16,2.664062976837158,2.679687976837158,2.601562976837158,2.632812976837158,1.604235291481018,4849600,False,-0.017647380760745984,0.0307406991408882,0.30735424961274516,37,40,13
WMT,1986-05-19,2.640625,2.75,2.59375,2.710937976837158,1.6518388986587524,3328000,True,0.029241962235959353,0.032340802231820176,0.32335253522630464,37,40,13
WMT,1986-05-20,2.710937976837158,2.78125,2.6875,2.765625,1.685160994529724,5649600,False,0.0199719535832908,0.027467741332659626,0.2746302869418948,39,40,13
WMT,1986-05-21,2.804687976837158,2.804687976837158,2.726562976837158,2.742187976837158,1.670880675315857,19584000,False,-0.008510267038295835,0.024785409778198833,0.24781157347166935,40,40,13
WMT,1986-05-22,2.742187976837158,2.851562976837158,2.734375,2.828125,1.7232431173324585,10670400,False,0.030857210854764224,0.022409042811860697,0.22405198093943945,41,40,13
WMT,1986-05-23,2.851562976837158,2.9375,2.84375,2.898437976837158,1.7660869359970093,6076800,False,0.02455827982994188,0.016077116548240376,0.16074358198472308,43,40,13
WMT,1986-05-27,2.90625,2.953125,2.898437976837158,2.9375,1.789888620376587,5673600,True,0.013387066061909467,0.015143677991560682,0.15141079791780865,43,40,13
WMT,1986-05-28,2.96875,3.109375,2.960937976837158,3.078125,1.875575304031372,10913600,False,0.04676204651335773,0.020624485242635802,0.2062094670113709,41,40,13
WMT,1986-05-29,3.078125,3.085937976837158,3.007812976837158,3.039062976837158,1.851773381233216,9440000,False,-0.012771676784826397,0.022198072455933967,0.2219426393418651,41,40,13
WMT,1986-05-30,2.984375,3.046875,2.984375,2.992187976837158,1.823210835456848,8673600,False,-0.015544622361952327,0.02616185951229716,0.2615737092388011,39,40,13
WMT,1986-06-02,2.976562976837158,3.0,2.953125,2.984375,1.8184508085250848,3587200,True,-0.0026142075283114687,0.025528132711707813,0.25523752851753867,39,40,13
WMT,1986-06-03,2.96875,3.007812976837158,2.9375,3.0,1.8279709815979004,5366400,False,0.005221664004879827,0.025183786371185048,0.251794655907088,39,40,13
WMT,1986-06-04,3.0625,3.109375,3.03125,3.046875,1.8565324544906616,11408000,False,0.01550387752191278,0.012829583233016651,0.1282738206231362,44,48,16
WMT,1986-06-05,3.0625,3.101562976837158,3.046875,3.09375,1.88509464263916,5000000,False,0.015267551907742882,0.013091899294921341,0.1308965311866981,44,48,16
WMT,1986-06-06,3.09375,3.101562976837158,3.015625,3.078125,1.875575304031372,6651200,False,-0.005062586759445371,0.00965447358318915,0.0965281716582792,46,48,16
WMT,1986-06-09,3.0625,3.070312976837158,3.007812976837158,3.007812976837158,1.8327317237854004,5913600,True,-0.023107842122174663,0.016187166757563987,0.16184389526489157,43,40,13
WMT,1986-06-10,3.0,3.023437976837158,2.9375,3.015625,1.8374918699264529,6889600,False,0.002593928510648528,0.016081056551450305,0.1607829752569616,43,40,13
WMT,1986-06-11,3.023437976837158,3.078125,3.023437976837158,3.070312976837158,1.870814561843872,7974400,False,0.017972403026393035,0.01666351044939973,0.16660651492070822,43,40,13
WMT,1986-06-12,3.0625,3.0625,3.046875,3.054687976837158,1.861294388771057,5998400,False,-0.005101776956749687,0.014858315581400189,0.14855766341229237,44,48,16
WMT,1986-06-13,3.054687976837158,3.078125,3.054687976837158,3.0625,1.8660542964935305,8913600,False,0.0025540461662508346,0.01492547576783308,0.14922915004993614,44,48,16
WMT,1986-06-16,3.0625,3.085937976837158,3.046875,3.0625,1.8676544427871704,6328000,True,0.0008571350918574942,0.008540535923973289,0.0853907062481878,46,48,16
WMT,1986-06-17,3.046875,3.0625,3.007812976837158,3.039062976837158,1.8533614873886108,6681600,False,-0.00768232437697754,0.010006511848210917,0.10004795031669042,45,48,16
WMT,1986-06-18,3.054687976837158,3.078125,3.039062976837158,3.0625,1.8676544427871704,8232000,False,0.007682324376977524,0.00613902584707908,0.061379725748414465,47,48,16
WMT,1986-06-19,3.078125,3.09375,3.054687976837158,3.070312976837158,1.872419595718384,6654400,False,0.0025481610580691937,0.00558310891575732,0.05582151022148931,47,48,16
WMT,1986-06-20,3.054687976837158,3.140625,3.046875,3.125,1.905770182609558,7838400,False,0.01765472625536311,0.009330708325461148,0.0932910745648267,46,48,16
WMT,1986-06-23,3.109375,3.132812976837158,3.039062976837158,3.054687976837158,1.862890362739563,6820800,True,-0.022756982163269136,0.015433682780487306,0.1543103482460602,43,40,13
WMT,1986-06-24,3.046875,3.125,3.015625,3.101562976837158,1.891477942466736,8288000,False,0.015229263582349323,0.01615646769147126,0.16153695727433065,43,40,13
WMT,1986-06-25,3.140625,3.234375,3.140625,3.1875,1.9438846111297607,8942400,False,0.027329844236344495,0.01933153747005702,0.1932822075951773,42,40,13
WMT,1986-06-26,3.195312976837158,3.203125,3.148437976837158,3.1875,1.9438846111297607,4712000,False,0.0,0.019543651786202595,0.19540298683224835,42,40,13
WMT,1986-06-27,3.203125,3.242187976837158,3.195312976837158,3.234375,1.9724723100662231,3200000,False,0.014599387788264665,0.019191016067236725,0.19187723465944745,42,40,13
WMT,1986-06-30,3.234375,3.273437976837158,3.21875,3.242187976837158,1.9772359132766724,4320000,True,0.0024121303401589706,0.011046260189169375,0.11044364983076953,45,48,16
WMT,1986-07-01,3.296875,3.359375,3.242187976837158,3.296875,2.010587692260742,6691200,False,0.016727197554098513,0.011178173133991044,0.11176255295603851,45,48,16
WMT,1986-07-02,3.328125,3.546875,3.320312976837158,3.335937976837158,2.034409523010254,10820800,False,0.01177855256250459,0.0074687614996337024,0.07467480084742639,47,48,16
WMT,1986-07-03,3.351562976837158,3.359375,3.304687976837158,3.304687976837158,2.0153517723083496,3960000,False,-0.00941185911703024,0.010786066398720248,0.10784215834058357,45,48,16
WMT,1986-07-07,3.25,3.257812976837158,3.125,3.140625,1.9152995347976685,8392000,True,-0.050919731550850576,0.02707729997078837,0.2707265432031552,39,40,13
WMT,1986-07-08,3.03125,3.039062976837158,2.929687976837158,3.0,1.8295392990112305,21120000,False,-0.04580983945400385,0.03159516268575044,0.3158974190588579,37,40,13
WMT,1986-07-09,3.007812976837158,3.046875,2.984375,3.046875,1.8581254482269287,21312000,False,0.01550397001059062,0.031286200914502196,0.31280833143187153,37,40,13
WMT,1986-07-10,3.054687976837158,3.054687976837158,2.96875,3.03125,1.848597526550293,9260800,False,-0.005140898160332968,0.028337460548687573,0.28332598692552013,38,40,13
WMT,1986-07-11,3.023437976837158,3.046875,3.0,3.03125,1.848597526550293,4905600,False,0.0,0.02943776459223895,0.29432713957015166,38,40,13
WMT,1986-07-14,3.0,3.007812976837158,2.875,2.882812976837158,1.7580736875534058,9987200,True,-0.05020854389131177,0.02923557213827238,0.29230556193193863,38,40,13
WMT,1986-07-15,2.84375,2.875,2.695312976837158,2.773437976837158,1.6913723945617676,17920000,False,-0.038678446769579065,0.02761576035120782,0.2761102231712495,38,40,13
WMT,1986-07-16,2.820312976837158,2.96875,2.8125,2.9375,1.7914241552352903,11201600,False,0.05747065379239761,0.042068214600880435,0.42060996960227076,33,32,10
WMT,1986-07-17,2.945312976837158,3.039062976837158,2.945312976837158,2.992187976837158,1.824775576591492,6347200,False,0.01844608677536194,0.04366465622029757,0.4365716467826659,32,32,10
WMT,1986-07-18,2.992187976837158,3.054687976837158,2.890625,3.054687976837158,1.862890362739563,7708800,False,0.02067223230103736,0.0449319801788343,0.4492427120211989,32,32,10
WMT,1986-07-21,3.015625,3.03125,2.960937976837158,2.960937976837158,1.8057180643081665,4675200,True,-0.031170907806225927,0.03998475226145052,0.3997789208028584,34,32,10
WMT,1986-07-22,2.953125,3.0,2.945312976837158,2.953125,1.800952434539795,4440000,False,-0.002642676975003617,0.03263791781849521,0.32632318133204957,36,32,10
WMT,1986-07-23,2.953125,3.015625,2.953125,2.992187976837158,1.824775576591492,5875200,False,0.013141352480192136,0.021510765108629405,0.21507074508155724,41,40,13
WMT,1986-07-24,2.992187976837158,3.015625,2.953125,2.992187976837158,1.824775576591492,4297600,False,0.0,0.019866086481584413,0.19862678058508393,42,40,13
WMT,1986-07-25,2.992187976837158,3.0,2.914062976837158,2.96875,1.8104814291000368,5651200,False,-0.007864214903378552,0.016204046503138846,0.16201266376007242,43,40,13
WMT,1986-07-28,2.9375,2.945312976837158,2.851562976837158,2.851562976837158,1.739015817642212,5835200,True,-0.040273461681505744,0.01987547230888888,0.19872062275487123,42,40,13
WMT,1986-07-29,2.867187976837158,2.875,2.828125,2.867187976837158,1.748544216156006,4827200,False,0.005464234094650358,0.020687687902686148,0.20684138517511447,41,40,13
WMT,1986-07-30,2.875,3.0,2.84375,2.992187976837158,1.824775576591492,5643200,False,0.04267344249023384,0.029726579605071773,0.29721479417876323,38,40,13
WMT,1986-07-31,2.9375,2.984375,2.90625,2.90625,1.7723660469055176,4808000,False,-0.02914160414666742,0.032457913572268945,0.324523447702947,37,40,13
WMT,1986-08-01,2.890625,2.945312976837158,2.890625,2.898437976837158,1.7676019668579102,2750400,False,-0.0026915965936841263,0.032459234402838835,0.3245366537424978,37,40,13
WMT,1986-08-04,2.890625,2.890625,2.820312976837158,2.875,1.7533084154129028,6755200,True,-0.008119280762940032,0.02626728749355052,0.2626278081686206,39,40,13
WMT,1986-08-05,2.898437976837158,2.898437976837158,2.84375,2.875,1.7533084154129028,6507200,False,0.0,0.026181780271786595,0.26177288265566223,39,40,13
WMT,1986-08-06,2.867187976837158,2.867187976837158,2.726562976837158,2.804687976837158,1.7104291915893557,11580800,False,-0.02476019798324912,0.013209104166026818,0.13206837880943706,44,48,16
WMT,1986-08-07,2.8125,2.8125,2.742187976837158,2.796875,1.7056642770767212,13052800,False,-0.002789688072958155,0.009996343608060359,0.09994628536082738,46,48,16
WMT,1986-08-08,2.8125,2.851562976837158,2.75,2.757812976837158,1.681842803955078,6334400,False,-0.014064540814375585,0.009872885307059919,0.09871191416814415,46,48,16
WMT,1986-08-11,2.757812976837158,2.820312976837158,2.757812976837158,2.796875,1.7056642770767212,5592000,True,0.014064540814375644,0.014702662480062738,0.14700139945283558,44,48,16
WMT,1986-08-12,2.828125,2.84375,2.78125,2.84375,1.7342504262924194,5196800,False,0.016620648908559577,0.01781031095719751,0.17807255243385237,42,40,13
WMT,1986-08-13,2.851562976837158,2.953125,2.851562976837158,2.953125,1.800952434539795,10544000,False,0.03774036617074693,0.019824642690269435,0.19821241377701806,42,40,13
WMT,1986-08-14,2.953125,2.960937976837158,2.882812976837158,2.929687976837158,1.786660075187683,5836800,False,-0.007967658114759678,0.02079193766359856,0.20788370392299632,41,40,13
WMT,1986-08-15,2.929687976837158,2.9375,2.890625,2.90625,1.7723660469055176,3766400,False,-0.00803259355171562,0.01921403229088468,0.19210735740700807,42,40,13
WMT,1986-08-18,2.898437976837158,2.921875,2.851562976837158,2.882812976837158,1.7580736875534058,5129600,True,-0.008096689651513134,0.02068188153330865,0.2067833314433234,41,40,13
WMT,1986-08-19,2.898437976837158,2.976562976837158,2.875,2.929687976837158,1.786660075187683,6454400,False,0.01612928320322882,0.02062018855799032,0.20616650753673496,41,40,13
WMT,1986-08-20,2.929687976837158,2.929687976837158,2.890625,2.914062976837158,1.777131199836731,3233600,False,-0.005347618490366646,0.010569460727349718,0.10567647325707799,45,48,16
WMT,1986-08-21,2.929687976837158,2.9375,2.882812976837158,2.90625,1.7723660469055176,4411200,False,-0.0026849750613489472,0.010162852969209912,0.10161109329232779,45,48,16
WMT,1986-08-22,2.890625,2.898437976837158,2.867187976837158,2.890625,1.7628365755081177,2268800,False,-0.005391201295328986,0.009807756059452005,0.09806073343426984,46,48,16
WMT,1986-08-25,2.875,2.882812976837158,2.804687976837158,2.8125,1.7151933908462524,4982400,True,-0.02739836369780491,0.015441402603432184,0.15438753323061416,43,40,13
WMT,1986-08-26,2.890625,2.90625,2.804687976837158,2.890625,1.76448392868042,6057600,False,0.02833241734567526,0.019919015066812325,0.19915597562782617,42,40,13
WMT,1986-08-27,2.890625,2.9375,2.875,2.898437976837158,1.7692536115646362,6222400,False,0.002699513320631715,0.019956266966711433,0.1995284307137585,42,40,13
WMT,1986-08-28,2.898437976837158,2.921875,2.875,2.898437976837158,1.7692536115646362,5155200,False,0.0,0.01993195157188816,0.19928531848343178,42,40,13
WMT,1986-08-29,2.90625,2.9375,2.898437976837158,2.9375,1.7930978536605835,3771200,False,0.013386999247552815,0.0205058247342429,0.20502306551319363,41,40,13
WMT,1986-09-02,2.9375,2.9375,2.804687976837158,2.8125,1.7167956829071045,5212800,True,-0.04348519024113062,0.026832873448551002,0.26828269734319576,39,40,13
WMT,1986-09-03,2.8125,2.875,2.8125,2.875,1.7549463510513306,4814400,False,0.021978708974010688,0.02527176946394112,0.25267433588211763,39,40,13
WMT,1986-09-04,2.875,2.953125,2.875,2.921875,1.783560037612915,9348800,False,0.016173100806279844,0.02646617748137857,0.2646163668114873,39,40,13
WMT,1986-09-05,2.9375,2.9375,2.828125,2.859375,1.745408058166504,6078400,False,-0.021623015516755936,0.02848480055893872,0.2847991342368785,38,40,13
WMT,1986-09-08,2.84375,2.851562976837158,2.796875,2.835937976837158,1.7311030626296997,6907200,True,-0.0082295587583308,0.02703361224208033,0.2702897408710806,39,40,13
WMT,1986-09-09,2.859375,2.882812976837158,2.835937976837158,2.859375,1.745408058166504,4812800,False,0.008229558758330778,0.017979145590409834,0.1797606090965128,42,40,13
WMT,1986-09-10,2.851562976837158,2.875,2.804687976837158,2.8125,1.7167956829071045,8196800,False,-0.016528794263534582,0.016133533204284508,0.16130765175114686,43,40,13
WMT,1986-09-11,2.796875,2.796875,2.585937976837158,2.632812976837158,1.607112169265747,18560000,False,-0.06602069354133039,0.02767922054799138,0.27674471626046965,38,40,13
WMT,1986-09-12,2.625,2.664062976837158,2.53125,2.539062976837158,1.5498855113983154,17920000,False,-0.03625782014460532,0.028543731918744614,0.2853883467264444,38,40,13
WMT,1986-09-15,2.539062976837158,2.601562976837158,2.453125,2.5,1.5260405540466309,16160000,True,-0.015504556688991356,0.02772782844630934,0.2772307118471119,38,40,13
WMT,1986-09-16,2.5,2.539062976837158,2.445312976837158,2.539062976837158,1.5498855113983154,8699200,False,0.015504556688991275,0.030017952165859396,0.30012801987893956,37,40,13
WMT,1986-09-17,2.53125,2.585937976837158,2.507812976837158,2.515625,1.5355781316757202,7860800,False,-0.009274121444864824,0.030624154278975982,0.30618900094956153,37,40,13
WMT,1986-09-18,2.546875,2.609375,2.539062976837158,2.59375,1.5832667350769043,7113600,False,0.030583323292865755,0.026325220000492762,0.26320703384328115,39,40,13
WMT,1986-09-19,2.5625,2.648437976837158,2.5625,2.648437976837158,1.6166497468948364,9476800,False,0.020865683951154443,0.019885699112486964,0.19882287324473222,42,40,13
WMT,1986-09-22,2.648437976837158,2.679687976837158,2.5625,2.5625,1.564191818237305,5528000,True,-0.0329866698537668,0.025803540556716437,0.25799113445057675,39,40,13
WMT,1986-09-23,2.6875,2.703125,2.632812976837158,2.695312976837158,1.645262598991394,4828800,False,0.05053072558780294,0.03310940191192613,0.33103721334142755,36,32,10
WMT,1986-09-24,2.742187976837158,2.742187976837158,2.695312976837158,2.710937976837158,1.6548011302947998,7408000,False,0.005780832522706284,0.03133441391601439,0.31329037872798027,37,40,13
WMT,1986-09-25,2.710937976837158,2.726562976837158,2.59375,2.59375,1.5832667350769043,6329600,False,-0.04419057220789664,0.03893287839326046,0.3892619868202219,34,32,10
WMT,1986-09-26,2.59375,2.65625,2.585937976837158,2.609375,1.5928045511245728,3580800,False,0.00600606463740869,0.03748203058929374,0.3747559979991229,35,32,10
WMT,1986-09-29,2.601562976837158,2.617187976837158,2.523437976837158,2.578125,1.5737282037734983,5876800,True,-0.012048874659940582,0.03432724236572394,0.34321352843138603,36,32,10
WMT,1986-09-30,2.625,2.65625,2.609375,2.625,1.6023424863815308,5361600,False,0.01801915613746548,0.024250866059251076,0.24246705339847863,40,40,13
WMT,1986-10-01,2.671875,2.734375,2.625,2.6875,1.640493869781494,6440000,False,0.023530724061143177,0.027374071611205936,0.27369375043643385,39,40,13
WMT,1986-10-02,2.6875,2.765625,2.648437976837158,2.742187976837158,1.67387592792511,6224000,False,0.02014451557771759,0.014543167332344164,0.14540672162136384,44,48,16
WMT,1986-10-03,2.796875,2.796875,2.703125,2.75,1.6786439418792725,7049600,False,0.0028444378283161084,0.014886348777787686,0.1488379472796318,44,48,16
WMT,1986-10-06,2.71875,2.78125,2.71875,2.765625,1.6881814002990725,3089600,True,0.005665565012781746,0.0092011467632481,0.09199568123137841,46,48,16
WMT,1986-10-07,2.78125,2.78125,2.703125,2.734375,1.669105887413025,3905600,False,-0.011363768738033615,0.014102682656278304,0.14100263059995763,44,48,16
WMT,1986-10-08,2.710937976837158,2.765625,2.703125,2.75,1.6786439418792725,4928000,False,0.005698203725251937,0.011201532609638269,0.11199610763467464,45,48,16
WMT,1986-10-09,2.75,2.773437976837158,2.6875,2.71875,1.6595686674118042,3643200,False,-0.011428560323303591,0.00891163254349063,0.08910103575314919,46,48,16
WMT,1986-10-10,2.71875,2.734375,2.6875,2.726562976837158,1.6643378734588623,2526400,False,0.002869641045089349,0.00891486404115205,0.0891333451854851,46,48,16
WMT,1986-10-13,2.726562976837158,2.726562976837158,2.664062976837158,2.71875,1.6595686674118042,880000,True,-0.002869641045089242,0.007909560859231474,0.0790820381642494,46,48,16
WMT,1986-10-14,2.734375,2.773437976837158,2.734375,2.742187976837158,1.67387592792511,3672000,False,0.008584122494987537,0.007931102685995882,0.07929741947259629,46,48,16
WMT,1986-10-15,2.75,2.835937976837158,2.742187976837158,2.828125,1.7263331413269043,5046400,False,0.03085773536062306,0.01593753190888735,0.15934797507646145,43,40,13
WMT,1986-10-16,2.84375,2.859375,2.773437976837158,2.804687976837158,1.7120273113250732,6078400,False,-0.008321357082432793,0.015148469725266102,0.15145870703368866,43,40,13
WMT,1986-10-17,2.796875,2.804687976837158,2.734375,2.75,1.6786439418792725,4571200,False,-0.019691940449874108,0.019212550018512724,0.19209253722642222,42,40,13
WMT,1986-10-20,2.71875,2.726562976837158,2.679687976837158,2.71875,1.6595686674118042,3385600,True,-0.011428560323303591,0.020084300361434916,0.20080854499418704,41,40,13
WMT,1986-10-21,2.71875,2.734375,2.671875,2.71875,1.6595686674118042,3875200,False,0.0,0.0195262124669801,0.1952286235606513,42,40,13
WMT,1986-10-22,2.71875,2.773437976837158,2.710937976837158,2.742187976837158,1.67387592792511,1982400,False,0.008584122494987537,0.010849846613314857,0.10847985105885984,45,48,16
WMT,1986-10-23,2.78125,2.859375,2.765625,2.835937976837158,1.7311030626296997,4974400,False,0.03361696158934409,0.02060106738709241,0.20597532863393547,41,40,13
WMT,1986-10-24,2.828125,2.835937976837158,2.757812976837158,2.773437976837158,1.6929519176483154,3436800,False,-0.02228511171282489,0.02131090230357266,0.21307245993546542,41,40,13
WMT,1986-10-27,2.757812976837158,2.789062976837158,2.71875,2.734375,1.669105887413025,2768000,True,-0.01418561577345495,0.02176624546795685,0.21762511034735688,41,40,13
WMT,1986-10-28,2.742187976837158,2.789062976837158,2.734375,2.789062976837158,1.7024877071380615,4990400,False,0.019802452244579417,0.023256168073510934,0.23252178014371955,40,40,13
WMT,1986-10-29,2.78125,2.851562976837158,2.78125,2.851562976837158,1.7406405210494995,3908800,False,0.022162622495669446,0.024522122972540663,0.24517915713607702,40,40,13
WMT,1986-10-30,2.859375,2.882812976837158,2.796875,2.796875,1.7072577476501465,5225600,False,-0.0193647340978046,0.021895731605433594,0.2189197495628483,41,40,13
WMT,1986-10-31,2.8125,2.835937976837158,2.789062976837158,2.804687976837158,1.7120273113250732,3288000,False,0.002789803532681744,0.018988274571070003,0.1898501675412242,42,40,13
WMT,1986-11-03,2.804687976837158,2.851562976837158,2.796875,2.835937976837158,1.7311030626296997,4321600,True,0.011080583311154007,0.01675448757090007,0.1675161300463275,43,40,13
WMT,1986-11-04,2.835937976837158,2.835937976837158,2.796875,2.8125,1.7167956829071045,3684800,False,-0.008299235505203707,0.01621423940229119,0.16211457526364587,43,40,13
WMT,1986-11-05,2.796875,2.828125,2.78125,2.789062976837158,1.7024877071380615,4032000,False,-0.008369039736496808,0.011685857112872131,0.1168385217117999,45,48,16
WMT,1986-11-06,2.789062976837158,2.804687976837158,2.757812976837158,2.773437976837158,1.6929519176483154,3499200,False,-0.005616836471124337,0.008468586059187922,0.0846713310446671,46,48,16
WMT,1986-11-07,2.78125,2.84375,2.773437976837158,2.828125,1.7263331413269043,3873600,False,0.019525885484103805,0.012851629485597807,0.12849424532420753,44,48,16
WMT,1986-11-10,2.804687976837158,2.867187976837158,2.789062976837158,2.851562976837158,1.7406405210494995,3011200,True,0.008253573482690135,0.01238760566905809,0.12385480328414969,45,48,16
WMT,1986-11-11,2.859375,2.921875,2.859375,2.914062976837158,1.778791069984436,6483200,False,0.02168079836046752,0.013868507774900318,0.1386612835598589,44,48,16
WMT,1986-11-12,2.945312976837158,2.953125,2.859375,2.890625,1.76448392868042,8268800,False,-0.008075703446693998,0.013787119107029826,0.13784753651963486,44,48,16
WMT,1986-11-13,2.90625,2.90625,2.789062976837158,2.8125,1.7167956829071045,5745600,False,-0.027398677672946282,0.020592609562933815,0.20589076490343255,41,40,13
WMT,1986-11-14,2.789062976837158,2.84375,2.757812976837158,2.835937976837158,1.7311030626296997,5276800,False,0.0082992355052037,0.01885097916064944,0.18847744899465874,42,40,13
WMT,1986-11-17,2.796875,2.828125,2.789062976837158,2.796875,1.7072577476501465,3529600,True,-0.013870386843835575,0.019184811034806633,0.19181519498111635,42,40,13
WMT,1986-11-18,2.789062976837158,2.796875,2.710937976837158,2.734375,1.669105887413025,9374400,False,-0.022600340642444268,0.013944402372972557,0.13942009932827215,44,48,16
WMT,1986-11-19,2.734375,2.789062976837158,2.726562976837158,2.773437976837158,1.6929519176483154,6086400,False,0.014185615773455023,0.018583751716502152,0.18580563303512593,42,40,13
WMT,1986-11-20,2.804687976837158,2.890625,2.78125,2.84375,1.735870599746704,4488000,False,0.025035372076122126,0.019847062858237847,0.1984365769904356,42,40,13
WMT,1986-11-21,2.890625,2.953125,2.84375,2.929687976837158,1.788329005241394,10526400,False,0.02977259308618679,0.02348416848639996,0.23480139309246,40,40,13
WMT,1986-11-24,2.921875,2.960937976837158,2.914062976837158,2.953125,1.8026349544525144,8385600,True,0.007967790853303755,0.020601247509006115,0.20597712954403746,41,40,13
WMT,1986-11-25,2.953125,2.984375,2.929687976837158,2.984375,1.821710228919983,7152000,False,0.010526287996727161,0.00945884712915223,0.09457224275408115,46,48,16
WMT,1986-11-26,2.953125,2.984375,2.945312976837158,2.945312976837158,1.7978665828704834,4020800,False,-0.013175015858895005,0.016867088694456796,0.1686419480922254,43,40,13
WMT,1986-11-28,2.960937976837158,2.976562976837158,2.9375,2.976562976837158,1.8169432878494265,3660800,True,0.010554846735460689,0.015239430089667213,0.15236815461706582,43,40,13
WMT,1986-12-01,2.976562976837158,2.976562976837158,2.882812976837158,2.96875,1.8121732473373413,6475200,True,-0.0026287627926746522,0.010381448272316811,0.10379667127958728,45,48,16
WMT,1986-12-02,3.0,3.03125,2.976562976837158,3.03125,1.850324630737305,11977600,False,0.020834285606667485,0.013232562636547,0.1323029232669573,44,48,16
WMT,1986-12-03,3.023437976837158,3.054687976837158,2.992187976837158,3.054687976837158,1.8646305799484253,10718400,False,0.007701853248318978,0.013007915139515784,0.13005683372419957,44,48,16
WMT,1986-12-04,3.046875,3.09375,3.039062976837158,3.054687976837158,1.8646305799484253,5980800,False,0.0,0.009297882088911207,0.09296286851927851,46,48,16
WMT,1986-12-05,3.007812976837158,3.03125,2.976562976837158,3.007812976837158,1.837596654891968,4494400,False,-0.014604400995439724,0.01311519608490595,0.13112945911625784,44,48,16
WMT,1986-12-08,2.984375,3.039062976837158,2.960937976837158,3.015625,1.8423689603805544,5296000,True,0.0025936699756673805,0.012833392300489892,0.1283119047626542,44,48,16
WMT,1986-12-09,3.0,3.015625,2.953125,2.96875,1.813731670379639,5540800,False,-0.015665802758067334,0.010546966381859705,0.10545156839571078,45,48,16
WMT,1986-12-10,2.929687976837158,2.953125,2.914062976837158,2.929687976837158,1.7898662090301514,8828800,False,-0.013245545740156078,0.008745773150100665,0.08744272638409543,46,48,16
WMT,1986-12-11,2.9375,2.9375,2.851562976837158,2.90625,1.775547742843628,6547200,False,-0.00803191065906911,0.00751815250529601,0.07516862616393541,46,48,16
WMT,1986-12-12,2.890625,2.898437976837158,2.835937976837158,2.851562976837158,1.7421379089355469,3960000,False,-0.018995920532443342,0.00842313608953538,0.08421690932662301,46,48,16
WMT,1986-12-15,2.8125,2.90625,2.804687976837158,2.90625,1.775547742843628,5105600,True,0.018995920532443297,0.015281545742837478,0.15278923889097162,43,40,13
WMT,1986-12-16,2.921875,2.984375,2.921875,2.984375,1.8232769966125488,4964800,False,0.026526466793775818,0.02037025455828007,0.20366759635122192,41,40,13
WMT,1986-12-17,2.953125,2.992187976837158,2.90625,2.929687976837158,1.7898662090301514,3652800,False,-0.018494556134706797,0.021400371665967585,0.21396700005689184,41,40,13
WMT,1986-12-18,2.9375,2.9375,2.875,2.898437976837158,1.7707757949829102,4464000,False,-0.0107231206910538,0.021684838228579084,0.21681117762392318,41,40,13
WMT,1986-12-19,2.890625,3.046875,2.882812976837158,3.046875,1.86146092414856,18720000,False,0.04994386970713668,0.02800958588961084,0.2800478028690774,38,40,13
WMT,1986-12-22,3.0,3.0,2.953125,3.0,1.832823395729065,6545600,True,-0.01550400542083328,0.03038855154723836,0.30383337785562825,37,40,13
WMT,1986-12-23,2.992187976837158,3.0,2.953125,2.976562976837158,1.8185045719146729,7772800,False,-0.00784311754105311,0.028512886855125697,0.28507994901110945,38,40,13
WMT,1986-12-24,2.96875,2.976562976837158,2.929687976837158,2.929687976837158,1.7898662090301514,3139200,False,-0.015873626054196555,0.028121326958550654,0.28116502184440123,38,40,13
WMT,1986-12-26,2.921875,2.9375,2.890625,2.921875,1.785094141960144,920000,True,-0.002669719065865566,0.027579008079639374,0.27574276351141186,38,40,13
WMT,1986-12-29,2.929687976837158,2.9375,2.914062976837158,2.921875,1.785094141960144,2393600,True,0.0,0.007246133755772313,0.07244890537107782,47,48,16
WMT,1986-12-30,2.921875,2.921875,2.875,2.890625,1.766002535820007,4068800,False,-0.010752616342378228,0.006331872099204306,0.06330785740348607,47,48,16
WMT,1986-12-31,2.890625,2.914062976837158,2.875,2.90625,1.775547742843628,4262400,False,0.005390424749174773,0.00850705448542794,0.08505594930681513,46,48,16
WMT,1987-01-02,2.929687976837158,2.953125,2.914062976837158,2.921875,1.785094141960144,4356800,True,0.0053621915932033646,0.006691981316800779,0.06690833174031662,47,48,16
WMT,1987-01-05,2.953125,3.0,2.945312976837158,2.992187976837158,1.8280508518219,7753600,True,0.023779136493567797,0.012507861545533197,0.12505715572597711,44,48,16
WMT,1987-01-06,2.992187976837158,3.054687976837158,2.984375,3.046875,1.86146092414856,9422400,False,0.01811133158838069,0.01337847092275672,0.13376175579430932,44,48,16
WMT,1987-01-07,3.015625,3.03125,2.984375,3.015625,1.8423689603805544,5697600,False,-0.010309400517859542,0.013220561848517113,0.13218293597640213,44,48,16
WMT,1987-01-08,3.03125,3.03125,2.960937976837158,2.992187976837158,1.8280508518219,7872000,False,-0.007801931070521283,0.01516188667268095,0.1515928534883898,43,40,13
WMT,1987-01-09,2.953125,3.03125,2.945312976837158,3.03125,1.851915955543518,8216000,False,0.012970463889844958,0.015481826762372834,0.15479170546431925,43,40,13
WMT,1987-01-12,3.03125,3.039062976837158,3.0,3.007812976837158,1.837596654891968,3268800,True,-0.007762202794991075,0.013399941496075655,0.13397642469045096,44,48,16
WMT,1987-01-13,2.984375,3.0,2.953125,2.960937976837158,1.8089594841003416,3787200,False,-0.015706742709760222,0.010938876512928132,0.10936999730645575,45,48,16
WMT,1987-01-14,2.960937976837158,2.984375,2.9375,2.960937976837158,1.8089594841003416,7147200,False,0.0,0.010829076597715136,0.10827218653796394,45,48,16
WMT,1987-01-15,2.992187976837158,3.0,2.921875,2.9375,1.7946401834487915,12550400,False,-0.007947262370153323,0.010843158871455948,0.10841298511442479,45,48,16
WMT,1987-01-16,2.960937976837158,3.0,2.960937976837158,2.984375,1.8232769966125488,9100800,False,0.015830882692064237,0.011959817228538233,0.119577652835281,45,48,16
WMT,1987-01-19,2.984375,3.054687976837158,2.953125,3.054687976837158,1.866234302520752,5433600,True,0.02328722895913945,0.01623995771797383,0.16237171429557595,43,40,13
WMT,1987-01-20,3.054687976837158,3.125,3.054687976837158,3.070312976837158,1.8757805824279783,14240000,False,0.005102224822906826,0.01243941694512452,0.12437282715224368,45,48,16
WMT,1987-01-21,3.046875,3.078125,3.03125,3.039062976837158,1.856688499450684,7547200,False,-0.010230359085825775,0.014586973663603543,0.14584470977546557,44,48,16
WMT,1987-01-22,3.046875,3.148437976837158,3.046875,3.140625,1.9187376499176023,11219200,False,0.032872971476050325,0.016659128819299093,0.16656270613726157,43,40,13
WMT,1987-01-23,3.1875,3.320312976837158,3.0625,3.164062976837158,1.933056116104126,24960000,False,0.0074347345735586694,0.016772165570654602,0.16769287971374097,43,40,13
WMT,1987-01-26,3.101562976837158,3.15625,3.046875,3.101562976837158,1.894872784614563,7649600,True,-0.019950526229777027,0.020113672017703768,0.20110221116394533,41,40,13
WMT,1987-01-27,3.140625,3.1875,3.132812976837158,3.148437976837158,1.9235094785690308,9353600,False,0.01499966681844832,0.0208405446487981,0.208369690380021,41,40,13
WMT,1987-01-28,3.15625,3.171875,3.117187976837158,3.15625,1.9282846450805664,5158400,False,0.002479451811074981,0.0192272698176814,0.19223970996335976,42,40,13
WMT,1987-01-29,3.171875,3.179687976837158,3.09375,3.09375,1.8900988101959229,8632000,False,-0.020001714549017387,0.01611888973919347,0.16116124222401937,43,40,13
WMT,1987-01-30,3.070312976837158,3.085937976837158,3.015625,3.03125,1.851915955543518,6691200,False,-0.020408353413718102,0.01641619983020335,0.16413383303940177,43,40,13
WMT,1987-02-02,3.03125,3.179687976837158,3.023437976837158,3.164062976837158,1.933056116104126,6499200,True,0.042881475562989116,0.02649020293900057,0.26485658016724634,39,40,13
WMT,1987-02-03,3.1875,3.203125,3.164062976837158,3.171875,1.9378284215927124,5443200,False,0.002465745418154011,0.025771189324175974,0.2576676776301593,39,40,13
WMT,1987-02-04,3.164062976837158,3.179687976837158,3.117187976837158,3.171875,1.9378284215927124,6768000,False,0.0,0.02577108469244431,0.25766663149235924,39,40,13
WMT,1987-02-05,3.171875,3.257812976837158,3.15625,3.234375,1.9760138988494875,7017600,False,0.019513657332310728,0.023701155902593307,0.2369708949692344,40,40,13
WMT,1987-02-06,3.25,3.265625,3.226562976837158,3.25,1.9855592250823968,4115200,False,0.004818966812646563,0.0178735135549167,0.1787044699743913,42,40,13
WMT,1987-02-09,3.257812976837158,3.257812976837158,3.195312976837158,3.242187976837158,1.980785608291626,3016000,True,-0.0024070620665376944,0.008615276194137322,0.0861379807179986,46,48,16
WMT,1987-02-10,3.242187976837158,3.25,3.148437976837158,3.171875,1.9378284215927124,6384000,False,-0.02192556207841965,0.01492087031535897,0.14918310342676663,44,48,16
WMT,1987-02-11,3.179687976837158,3.265625,3.171875,3.171875,1.9378284215927124,4012800,False,0.0,0.01492087031535897,0.14918310342676663,44,48,16
WMT,1987-02-12,3.25,3.25,3.148437976837158,3.226562976837158,1.971240282058716,5894400,False,0.017094953646569495,0.014149329277943472,0.14146901678503299,44,48,16
WMT,1987-02-13,3.226562976837158,3.3125,3.21875,3.28125,2.0046510696411133,7411200,False,0.01680708606344402,0.016147175136210636,0.16144404766495501,43,40,13
WMT,1987-02-17,3.289062976837158,3.34375,3.273437976837158,3.34375,2.042834758758545,6884800,True,0.018868415390101468,0.017472703488631013,0.1746970569810864,43,40,13
WMT,1987-02-18,3.34375,3.367187976837158,3.257812976837158,3.304687976837158,2.018969774246216,9424000,False,-0.011751062336479535,0.013530539816948886,0.135282183831735,44,48,16
WMT,1987-02-19,3.28125,3.351562976837158,3.257812976837158,3.3125,2.0237436294555664,5918400,False,0.0023617095507664767,0.013209975509925205,0.1320770907534568,44,48,16
WMT,1987-02-20,3.34375,3.421875,3.328125,3.40625,2.081018686294556,9579200,False,0.027908448735842625,0.01560153047466281,0.1559885372116431,43,40,13
WMT,1987-02-23,3.414062976837158,3.4375,3.359375,3.390625,2.0714712142944336,6793600,True,-0.004598440479156729,0.016467276410099166,0.16464451120630733,43,40,13
WMT,1987-02-24,3.398437976837158,3.453125,3.398437976837158,3.421875,2.090564489364624,6086400,False,0.009175033743473462,0.015175567335814365,0.15172963664781972,43,40,13
WMT,1987-02-25,3.40625,3.460937976837158,3.390625,3.445312976837158,2.1048848628997803,7968000,False,0.006826648564785538,0.012135225142779905,0.12133143103046126,45,48,16
WMT,1987-02-26,3.445312976837158,3.445312976837158,3.382812976837158,3.390625,2.0714712142944336,4486400,False,-0.016001682308258953,0.016417932880021583,0.16415116056419174,43,40,13
WMT,1987-02-27,3.382812976837158,3.4375,3.382812976837158,3.421875,2.090564489364624,4433600,False,0.009175033743473462,0.01104509019166717,0.11043195186311137,45,48,16
WMT,1987-03-02,3.46875,3.523437976837158,3.445312976837158,3.476562976837158,2.123974323272705,5828800,True,0.015854894338061316,0.012217791026071675,0.12215694820515041,45,48,16
WMT,1987-03-03,3.515625,3.570312976837158,3.515625,3.5625,2.1764779090881348,6950400,False,0.024418917765477235,0.015083960376451454,0.1508137242241871,43,40,13
WMT,1987-03-04,3.578125,3.664062976837158,3.554687976837158,3.640625,2.224208354949951,9228800,False,0.02169312456240503,0.016204919616437833,0.1620213933950624,43,40,13
WMT,1987-03-05,3.640625,3.65625,3.609375,3.632812976837158,2.219435214996338,12414400,False,-0.0021483009220827944,0.010665646109923,0.10663816205761684,45,48,16
WMT,1987-03-06,3.640625,3.65625,3.601562976837158,3.65625,2.2337536811828613,4897600,False,0.0064306796157542175,0.011027549054946678,0.11025657059122253,45,48,16
WMT,1987-03-09,3.625,3.640625,3.570312976837158,3.609375,2.205116033554077,5969600,True,-0.012903305032225872,0.015797330157490953,0.15794619810654487,43,40,13
WMT,1987-03-10,3.625,3.703125,3.609375,3.6875,2.252845764160156,7800000,False,0.021414070680622017,0.015031281097525884,0.1502870218167336,43,40,13
WMT,1987-03-11,3.710937976837158,3.710937976837158,3.625,3.640625,2.224208354949951,8163200,False,-0.012793144342067351,0.014445510402877946,0.14443031987662763,44,48,16
WMT,1987-03-12,3.625,3.664062976837158,3.601562976837158,3.625,2.21466326713562,7097600,False,-0.0043006887060828974,0.014557173962164533,0.14554676388840251,44,48,16
WMT,1987-03-13,3.625,3.648437976837158,3.59375,3.601562976837158,2.200343132019043,5313600,False,-0.0064870507718427515,0.014176373872999358,0.1417394163351989,44,48,16
WMT,1987-03-16,3.59375,3.59375,3.492187976837158,3.539062976837158,2.162159919738769,6089600,True,-0.017505632393619606,0.01509843418359662,0.15095843746293788,43,40,13
WMT,1987-03-17,3.5625,3.5625,3.515625,3.5625,2.1787867546081543,7958400,False,0.007660502386428345,0.009564427262754246,0.09562786294633951,46,48,16
WMT,1987-03-18,3.5625,3.570312976837158,3.515625,3.539062976837158,2.1644535064697266,5852800,False,-0.006600279657995644,0.008957441354673622,0.08955904527083362,46,48,16
WMT,1987-03-19,3.53125,3.5625,3.523437976837158,3.554687976837158,2.174009323120117,3339200,False,0.004405169516805042,0.010019099239658526,0.10017380263498775,45,48,16
WMT,1987-03-20,3.5625,3.6875,3.5625,3.640625,2.226566791534424,11238400,False,0.02388776661962503,0.015577646562662152,0.15574973906924772,43,40,13
WMT,1987-03-23,3.671875,3.742187976837158,3.664062976837158,3.71875,2.274347305297852,7472000,True,0.021232268696250604,0.012562941918628728,0.12560786495557463,44,48,16
WMT,1987-03-24,3.726562976837158,3.773437976837158,3.703125,3.75,2.29345965385437,8190400,False,0.008368330913337491,0.012532290057605582,0.1253013989347198,44,48,16
WMT,1987-03-25,3.734375,3.757812976837158,3.695312976837158,3.703125,2.26479172706604,5083200,False,-0.01257864140589011,0.014649261061713641,0.14646747689012093,44,48,16
WMT,1987-03-26,3.726562976837158,3.75,3.71875,3.734375,2.2839043140411377,4942400,False,0.008403594911800812,0.014439057420227419,0.14436580112150021,44,48,16
WMT,1987-03-27,3.742187976837158,3.742187976837158,3.632812976837158,3.640625,2.226566791534424,4035200,False,-0.025425553115498906,0.018682475575747363,0.1867927022471214,42,40,13
WMT,1987-03-30,3.53125,3.578125,3.476562976837158,3.53125,2.159675121307373,9769600,True,-0.030503040191468603,0.018306128511680186,0.1830298773048457,42,40,13
WMT,1987-03-31,3.53125,3.59375,3.523437976837158,3.59375,2.197899580001831,6212800,False,0.017544364368715305,0.020924167696996298,0.20920577738999735,41,40,13
WMT,1987-04-01,3.53125,3.578125,3.53125,3.546875,2.169230699539185,7092800,False,-0.013129579595204815,0.020952369181915644,0.20948774385392274,41,40,13
WMT,1987-04-02,3.5625,3.570312976837158,3.539062976837158,3.546875,2.169230699539185,5470400,False,0.0,0.019534266684957367,0.19530915192180776,42,40,13
WMT,1987-04-03,3.546875,3.679687976837158,3.539062976837158,3.65625,2.236123561859131,6323200,False,0.030371225634083048,0.024131766523160743,0.24127626237656652,40,40,13
WMT,1987-04-06,3.671875,3.703125,3.664062976837158,3.703125,2.26479172706604,5601600,True,0.012738987987573079,0.016682016128310738,0.16679153995963786,43,40,13
WMT,1987-04-07,3.6875,3.710937976837158,3.609375,3.609375,2.2074546813964844,5523200,False,-0.025642678070329335,0.021856705996408987,0.2185295604288125,41,40,13
WMT,1987-04-08,3.609375,3.671875,3.578125,3.609375,2.2074546813964844,7345600,False,0.0,0.020501323984288812,0.2049780657355863,41,40,13
WMT,1987-04-09,3.625,3.671875,3.570312976837158,3.570312976837158,2.1835649013519287,6942400,False,-0.010881306863717436,0.021517244581264125,0.21513552869107774,41,40,13
WMT,1987-04-10,3.5625,3.570312976837158,3.507812976837158,3.546875,2.169230699539185,7355200,False,-0.0065862286876094455,0.014116725289976807,0.14114303284400578,44,48,16
WMT,1987-04-13,3.546875,3.59375,3.476562976837158,3.5,2.140561580657959,7726400,True,-0.01330437287957275,0.009484374118836309,0.09482746885428349,46,48,16
WMT,1987-04-14,3.453125,3.484375,3.3125,3.414062976837158,2.0880045890808105,15924800,False,-0.024859347622017577,0.009189769029930128,0.09188192341896782,46,48,16
WMT,1987-04-15,3.484375,3.515625,3.429687976837158,3.484375,2.1310057640075684,7592000,False,0.020385190096170885,0.016762112720883838,0.16759236846370068,43,40,13
WMT,1987-04-16,3.515625,3.59375,3.507812976837158,3.5625,2.1787867546081543,11094400,False,0.022174129344943134,0.020884564431423832,0.2088098126815679,41,40,13
WMT,1987-04-20,3.578125,3.59375,3.515625,3.5625,2.1787867546081543,5025600,True,0.0,0.02060568629873133,0.20602150982566117,41,40,13
WMT,1987-04-21,3.546875,3.6875,3.484375,3.6875,2.255234479904175,8025600,False,0.034485762473283506,0.023290732020979785,0.23286736031706742,40,40,13
WMT,1987-04-22,3.671875,3.6875,3.539062976837158,3.554687976837158,2.174009323120117,7494400,False,-0.03668087261447407,0.027911235811518203,0.2790644708273116,38,40,13
WMT,1987-04-23,3.554687976837158,3.585937976837158,3.5,3.5625,2.1787867546081543,5419200,False,0.0021951101411906426,0.027078249331428297,0.27073603518073713,39,40,13
WMT,1987-04-24,3.515625,3.617187976837158,3.445312976837158,3.460937976837158,2.11667275428772,6888000,False,-0.028922787020930867,0.028323112580106155,0.2831825318565057,38,40,13
WMT,1987-04-27,3.375,3.53125,3.289062976837158,3.492187976837158,2.1357853412628174,11953600,True,0.008989020110648517,0.02905783808465474,0.2905285263339544,38,40,13
WMT,1987-04-28,3.507812976837158,3.617187976837158,3.445312976837158,3.476562976837158,2.126229047775269,5283200,False,-0.004484409779010652,0.019961275868487158,0.19957851113774647,42,40,13
WMT,1987-04-29,3.515625,3.515625,3.453125,3.476562976837158,2.126229047775269,5312000,False,0.0,0.014521411724119191,0.14518920286519604,44,48,16
WMT,1987-04-30,3.484375,3.578125,3.476562976837158,3.539062976837158,2.1644535064697266,7566400,False,0.017817897031297495,0.017650812580296667,0.17647784231609823,42,40,13
WMT,1987-05-01,3.515625,3.578125,3.453125,3.46875,2.121450185775757,4507200,False,-0.020068002914075733,0.014318677061193774,0.14316220406766203,44,48,16
WMT,1987-05-04,3.421875,3.460937976837158,3.382812976837158,3.453125,2.111894369125366,5840000,True,-0.004514554748085937,0.013558991612575476,0.13556665297327491,44,48,16
WMT,1987-05-05,3.492187976837158,3.5625,3.476562976837158,3.539062976837158,2.1644535064697266,5744000,False,0.024582557662161556,0.017898254457073912,0.1789518365480148,42,40,13
WMT,1987-05-06,3.546875,3.554687976837158,3.460937976837158,3.507812976837158,2.145340204238892,10534400,False,-0.008869764458163003,0.018758627665678672,0.18755409249234675,42,40,13
WMT,1987-05-07,3.5,3.53125,3.476562976837158,3.507812976837158,2.145340204238892,6894400,False,0.0,0.01651019581940927,0.1650736316626077,43,40,13
WMT,1987-05-08,3.507812976837158,3.53125,3.445312976837158,3.53125,2.159675121307373,3656000,False,0.006659660403124507,0.013075991680206248,0.13073748233223068,44,48,16
WMT,1987-05-11,3.546875,3.632812976837158,3.5,3.5,2.140561580657959,7603200,True,-0.008889588106062319,0.013874375514894823,0.1387199508925265,44,48,16
WMT,1987-05-12,3.515625,3.601562976837158,3.492187976837158,3.601562976837158,2.202677249908448,6558400,False,0.028605336803910884,0.015484059139295507,0.15481402540345846,43,40,13
WMT,1987-05-13,3.59375,3.601562976837158,3.53125,3.59375,2.197899580001831,5448000,False,-0.0021713843291333744,0.014397821831089773,0.14395351597799536,44,48,16
WMT,1987-05-14,3.609375,3.625,3.546875,3.578125,2.1883416175842285,5128000,False,-0.004358163226951691,0.01488772984349333,0.14885175556719477,44,48,16
WMT,1987-05-15,3.53125,3.539062976837158,3.429687976837158,3.4375,2.1023380756378174,14347200,False,-0.04009390997873791,0.02441165308510595,0.24407464779483892,40,40,13
WMT,1987-05-18,3.4375,3.492187976837158,3.390625,3.492187976837158,2.1357853412628174,7804800,True,0.01578432563972591,0.025969416509930076,0.2596496093894556,39,40,13
WMT,1987-05-19,3.492187976837158,3.5,3.382812976837158,3.40625,2.083226203918457,6227200,False,-0.024916668745548542,0.021676447877022678,0.21672728850367948,41,40,13
WMT,1987-05-20,3.382812976837158,3.398437976837158,3.320312976837158,3.328125,2.035444736480713,10344000,False,-0.023203412896374117,0.021538481541881697,0.2153478618610149,41,40,13
WMT,1987-05-21,3.375,3.53125,3.367187976837158,3.453125,2.111894369125366,9020800,False,0.03687101123204778,0.03210332221306214,0.3209781424830273,37,40,13
WMT,1987-05-22,3.515625,3.539062976837158,3.445312976837158,3.492187976837158,2.1357853412628174,4995200,False,0.011249070409874811,0.026667244676268447,0.2666266937895396,39,40,13
WMT,1987-05-26,3.546875,3.570312976837158,3.515625,3.5625,2.1787867546081543,3446400,True,0.019933766910282407,0.02721734674964627,0.2721267707135731,39,40,13
WMT,1987-05-27,3.546875,3.601562976837158,3.53125,3.59375,2.197899580001831,5729600,False,0.0087339806556812,0.021930520806845582,0.2192675818891595,41,40,13
WMT,1987-05-28,3.578125,3.609375,3.539062976837158,3.601562976837158,2.202677249908448,4825600,False,0.00217138432913339,0.013392665577801286,0.1339036779909952,44,48,16
WMT,1987-05-29,3.609375,3.671875,3.601562976837158,3.65625,2.236123561859131,6832000,False,0.015070261709744981,0.006681855330188986,0.06680708924734688,47,48,16
WMT,1987-06-01,3.671875,3.71875,3.65625,3.671875,2.245679378509521,5422400,True,0.004264279914954674,0.007419059231654136,0.07417786344177733,47,48,16
WMT,1987-06-02,3.671875,3.703125,3.609375,3.65625,2.236123561859131,6051200,False,-0.004264279914954685,0.0072376039880265065,0.07236362232813634,47,48,16
WMT,1987-06-03,3.703125,3.773437976837158,3.695312976837158,3.773437976837158,2.3077948093414307,8337600,False,0.03154862660619479,0.014030445146824354,0.14028037944326285,44,48,16
WMT,1987-06-04,3.8125,3.921875,3.78125,3.921875,2.398576736450196,10132800,False,0.038583094369580545,0.017997058061991124,0.17993970307991067,42,40,13
WMT,1987-06-05,3.9375,3.945312976837158,3.8125,3.835937976837158,2.3460190296173096,11216000,False,-0.022155673250347733,0.025253083001689724,0.25248750331995395,39,40,13
WMT,1987-06-08,3.8125,3.890625,3.789062976837158,3.882812976837158,2.37468695640564,8056000,True,0.012145759255269718,0.025082542505422342,0.250782390953491,39,40,13
WMT,1987-06-09,3.890625,3.90625,3.820312976837158,3.898437976837158,2.3842437267303467,8593600,False,0.004016357374297708,0.02406114418582701,0.24057016016992425,40,40,13
WMT,1987-06-10,3.96875,4.015625,3.898437976837158,3.9375,2.4081318378448486,11892800,False,0.009969297539137233,0.021681303143283866,0.2167758328361144,41,40,13
WMT,1987-06-11,3.953125,3.992187976837158,3.9375,3.976562976837158,2.432023525238037,6584000,False,0.009872361380145224,0.014256760473642912,0.14254314442239963,44,48,16
WMT,1987-06-12,3.992187976837158,4.023437976837158,3.984375,3.992187976837158,2.441579341888428,7894400,False,0.003921463917598733,0.003777364724760776,0.03776716642557653,48,48,16
WMT,1987-06-15,4.046875,4.054687976837158,3.84375,4.046875,2.4773526191711426,6481600,True,0.014545396550345402,0.0045179901695971995,0.04517215018338014,48,48,16
WMT,1987-06-16,4.054687976837158,4.117187976837158,4.046875,4.085937976837158,2.5012645721435547,6476800,False,0.009605935111775911,0.003771997219382917,0.03771350058082318,48,48,16
WMT,1987-06-17,4.085937976837158,4.101562976837158,4.054687976837158,4.085937976837158,2.5012645721435547,6750400,False,0.0,0.005672674883022884,0.05671701622587721,47,48,16
WMT,1987-06-18,4.085937976837158,4.132812976837158,4.078125,4.132812976837158,2.529959917068481,5310400,False,0.01140702671470491,0.005865351955032432,0.05864345637005424,47,48,16
WMT,1987-06-19,4.132812976837158,4.242187976837158,4.117187976837158,4.234375,2.592133045196533,13488000,False,0.024277646780070987,0.008764950644457516,0.0876344684248502,46,48,16
WMT,1987-06-22,4.265625,4.367187976837158,4.234375,4.3125,2.6399595737457275,10976000,True,0.018282497727815997,0.0091888537694723,0.09187277238470128,46,48,16
WMT,1987-06-23,4.3125,4.34375,4.289062976837158,4.328125,2.649522304534912,9921600,False,0.0036157572433718125,0.010046007728386878,0.10044284135539587,45,48,16
WMT,1987-06-24,4.3125,4.320312976837158,4.171875,4.171875,2.5538737773895264,6180800,False,-0.03676802645913385,0.024145825497626245,0.24141682800024883,40,40,13
WMT,1987-06-25,4.21875,4.257812976837158,4.203125,4.25,2.601698875427246,6212800,False,0.018553310421448137,0.024882097343174755,0.24877828323464057,40,40,13
WMT,1987-06-26,4.25,4.265625,4.203125,4.234375,2.592133045196533,4448000,False,-0.003683538933502023,0.02267710839139005,0.22673217681480462,40,40,13
WMT,1987-06-29,4.242187976837158,4.273437976837158,4.226562976837158,4.25,2.601698875427246,6809600,True,0.003683538933502159,0.020577279924171375,0.2057374948168587,41,40,13
WMT,1987-06-30,4.25,4.265625,4.171875,4.226562976837158,2.5873494148254395,6560000,False,-0.005530685542508698,0.020255059113543823,0.20251583954460387,41,40,13
WMT,1987-07-01,4.203125,4.226562976837158,4.171875,4.1875,2.563436985015869,4467200,False,-0.009285029410060852,0.011015541015786428,0.11013651080180446,45,48,16
WMT,1987-07-02,4.195312976837158,4.296875,4.195312976837158,4.265625,2.6112632751464844,4260800,False,0.018485187384959724,0.010988019827700217,0.10986134613902561,45,48,16
WMT,1987-07-06,4.265625,4.289062976837158,4.210937976837158,4.234375,2.592133045196533,6585600,True,-0.0073530113658921495,0.011468845207718827,0.1146687749874416,45,48,16
WMT,1987-07-07,4.21875,4.3125,4.21875,4.265625,2.6112632751464844,7294400,False,0.0073530113658922735,0.011873741544689707,0.11871704367678666,45,48,16
WMT,1987-07-08,4.234375,4.25,4.1875,4.242187976837158,2.5969154834747314,7614400,False,-0.005509729459440005,0.011870980817600322,0.11868944114247036,45,48,16
WMT,1987-07-09,4.242187976837158,4.25,4.171875,4.171875,2.5538737773895264,7430400,False,-0.016713053394398193,0.013754317989756844,0.13751958162375913,44,48,16
WMT,1987-07-10,4.1875,4.195312976837158,4.117187976837158,4.164062976837158,2.54909086227417,8406400,False,-0.0018745638481493913,0.008734906850959342,0.08733408203598408,46,48,16
WMT,1987-07-13,4.25,4.25,4.125,4.25,2.601698875427246,10400000,True,0.020427874269597548,0.013980776030030733,0.1397837734925958,44,48,16
WMT,1987-07-14,4.28125,4.515625,4.28125,4.46875,2.735609531402588,14560000,False,0.05018962917333467,0.026536150762648078,0.2653159795710724,39,40,13
WMT,1987-07-15,4.546875,4.671875,4.484375,4.546875,2.7834348678588867,18400000,False,0.01733145455465587,0.025284962259359212,0.25280624120142864,39,40,13
WMT,1987-07-16,4.5,4.609375,4.46875,4.609375,2.821694850921631,11760000,False,0.01365198638082795,0.01895716729723252,0.18953914817357745,42,40,13
WMT,1987-07-17,4.609375,4.6875,4.515625,4.6875,2.8695194721221924,11840000,False,0.01680686905665156,0.015012009890804501,0.15009434281311573,43,40,13
WMT,1987-07-20,4.671875,4.734375,4.640625,4.65625,2.850389242172241,7362400,True,-0.006689023281367534,0.020409327163295556,0.20405825536453553,41,40,13
WMT,1987-07-21,4.640625,4.6875,4.53125,4.59375,2.812129020690918,6844800,False,-0.013513706079532402,0.014529067933418374,0.14526575182243487,44,48,16
WMT,1987-07-22,4.625,4.640625,4.546875,4.640625,2.840825319290161,5923200,False,0.010152760263275598,0.0133789468637235,0.13376651438740556,44,48,16
WMT,1987-07-23,4.65625,4.671875,4.5,4.59375,2.812129020690918,8240000,False,-0.010152760263275567,0.013357440252870417,0.133551485177752,44,48,16
WMT,1987-07-24,4.59375,4.59375,4.484375,4.5,2.754739761352539,5230400,False,-0.020618877422024614,0.01146056015719022,0.11458593869681098,45,48,16
WMT,1987-07-27,4.5,4.609375,4.484375,4.609375,2.821694850921631,4774400,True,0.024014737726273175,0.01850776126055482,0.18504585885242503,42,40,13
WMT,1987-07-28,4.609375,4.609375,4.515625,4.578125,2.802565574645996,4127200,False,-0.00680244106514913,0.017691488504942073,0.17688453177489669,42,40,13
WMT,1987-07-29,4.578125,4.59375,4.53125,4.546875,2.7834348678588867,5656800,False,-0.006849545315678872,0.0166943794607606,0.1669151520723756,43,40,13
WMT,1987-07-30,4.5625,4.65625,4.546875,4.59375,2.812129020690918,5683200,False,0.010256126076579454,0.017322119759004915,0.17319147804122562,43,40,13
WMT,1987-07-31,4.625,4.703125,4.59375,4.65625,2.850389242172241,5490400,False,0.013513706079532435,0.013460115400160955,0.1345780604909786,44,48,16
WMT,1987-08-03,4.625,4.703125,4.625,4.65625,2.850389242172241,6180800,True,0.0,0.009493730680725261,0.09492101842012629,46,48,16
WMT,1987-08-04,4.65625,4.6875,4.59375,4.625,2.831259250640869,4373600,False,-0.006733983577272607,0.009477856101452981,0.0947622998634081,46,48,16
WMT,1987-08-05,4.640625,4.703125,4.609375,4.65625,2.850389242172241,5372000,False,0.006733983577272747,0.00814709241991748,0.08145694623837599,46,48,16
WMT,1987-08-06,4.6875,4.75,4.65625,4.75,2.907779693603516,6016800,False,0.01993423691245355,0.010570408516759864,0.10568594952505782,45,48,16
WMT,1987-08-07,4.75,4.90625,4.75,4.875,2.984302997589112,8240000,False,0.025976419865504388,0.013613261721498597,0.13610926095131798,44,48,16
WMT,1987-08-10,4.921875,5.03125,4.921875,5.015625,3.070386409759521,11280000,True,0.02843720211615497,0.014713895640822254,0.14711371178770463,44,48,16
WMT,1987-08-11,5.125,5.328125,5.125,5.25,3.213862657546997,17920000,False,0.04567011379087432,0.014130789076819868,0.1412836465832071,44,48,16
WMT,1987-08-12,5.234375,5.25,5.1875,5.234375,3.20429801940918,12640000,False,-0.002980494163274986,0.017577763067940025,0.17574747252352937,42,40,13
WMT,1987-08-13,5.1875,5.28125,5.171875,5.21875,3.194732427597046,11600000,False,-0.002989702585846126,0.021304683571942006,0.21301028328863242,41,40,13
WMT,1987-08-14,5.1875,5.28125,5.171875,5.21875,3.194732427597046,7491200,False,0.0,0.02226949720721043,0.2226567643112336,41,40,13
WMT,1987-08-17,5.21875,5.28125,5.171875,5.25,3.213862657546997,6793600,True,0.005970196749121186,0.0207489297987239,0.20745369906281355,41,40,13
WMT,1987-08-18,5.15625,5.1875,4.953125,5.109375,3.127777099609375,12480000,False,-0.027150973412354968,0.012680745266180933,0.12678569631597522,44,48,16
WMT,1987-08-19,5.078125,5.15625,5.03125,5.125,3.137341022491455,7503200,False,0.0030530726235854333,0.013246595864042173,0.1324432314651104,44,48,16
WMT,1987-08-20,5.1875,5.25,5.125,5.25,3.213862657546997,7023200,False,0.024097900788769597,0.01841005181610891,0.18406893204799182,42,40,13
WMT,1987-08-21,5.3125,5.359375,5.25,5.3125,3.252124071121216,7130400,False,0.011834809368429363,0.018970422672872668,0.18967167918774017,42,40,13
WMT,1987-08-24,5.328125,5.34375,5.125,5.28125,3.232994318008423,5907200,True,-0.005899601965498311,0.01933279668635593,0.19329479759772988,42,40,13
WMT,1987-08-25,5.296875,5.34375,5.234375,5.28125,3.232994318008423,7054400,False,0.0,0.011682882979174032,0.11680878547753804,45,48,16
WMT,1987-08-26,5.25,5.25,5.125,5.125,3.137341022491455,5210400,False,-0.030033108191700717,0.020356598599828555,0.2035310601962252,41,40,13
WMT,1987-08-27,5.078125,5.171875,5.0,5.078125,3.1109206676483154,8560000,False,-0.008456916056734208,0.015300423303086825,0.1529779821052481,43,40,13
WMT,1987-08-28,5.0,5.015625,4.921875,4.96875,3.043919086456299,9680000,False,-0.021772858670845493,0.012317414640167588,0.12315301342194412,45,48,16
WMT,1987-08-31,4.921875,5.09375,4.890625,5.0625,3.1013498306274414,9120000,True,0.018691587629656618,0.019048000690698345,0.1904473262654457,42,40,13
WMT,1987-09-01,5.078125,5.125,4.890625,4.9375,3.0247738361358643,6652800,False,-0.025001122179954368,0.019593484863412135,0.19590123210576785,42,40,13
WMT,1987-09-02,4.9375,5.015625,4.859375,4.96875,3.043919086456299,7892000,False,0.0063095345502977174,0.018554317102030204,0.18551133739135403,42,40,13
WMT,1987-09-03,5.0,5.046875,4.8125,4.90625,3.0056285858154297,7116800,False,-0.012659132240355246,0.018784570721559993,0.18781347854067704,42,40,13
WMT,1987-09-04,4.9375,4.96875,4.8125,4.828125,2.9577693939208984,6301600,False,-0.01605132496931183,0.017799454881591004,0.17796401030354866,42,40,13
WMT,1987-09-08,4.78125,4.8125,4.515625,4.78125,2.929054021835327,14240000,True,-0.00975588965785841,0.011451380775556503,0.1144941606295325,45,48,16
WMT,1987-09-09,4.765625,4.796875,4.59375,4.765625,2.919482469558716,6545600,False,-0.003273147337317974,0.008839447902360948,0.08837931318899096,46,48,16
WMT,1987-09-10,4.78125,4.8125,4.65625,4.703125,2.881194829940796,7887200,False,-0.013201284499773131,0.004857098371645824,0.04856265039615997,48,48,16
WMT,1987-09-11,4.703125,4.84375,4.703125,4.84375,2.9673397541046143,5890400,False,0.029460766122200152,0.01852614077580918,0.1852296224712471,42,40,13
WMT,1987-09-14,4.96875,4.984375,4.828125,4.90625,3.0056285858154297,6348000,True,0.012820880342061355,0.01775491126104551,0.1775186505215525,42,40,13
WMT,1987-09-15,4.875,4.890625,4.75,4.78125,2.929054021835327,4580800,False,-0.02580721462717029,0.021698568190096183,0.21694845368260876,41,40,13
WMT,1987-09-16,4.71875,4.75,4.625,4.6875,2.871620416641236,7627200,False,-0.01980303591326297,0.02350590745230108,0.23501874545394252,40,40,13
WMT,1987-09-17,4.65625,4.734375,4.59375,4.640625,2.8429057598114014,5988800,False,-0.010049791573412754,0.02321468440494576,0.23210701463156913,40,40,13
WMT,1987-09-18,4.671875,4.703125,4.609375,4.609375,2.8237619400024414,8640000,False,-0.006756666758446356,0.014809196009355048,0.14806655196625657,44,48,16
WMT,1987-09-21,4.609375,4.625,4.359375,4.390625,2.6897523403167725,17280000,True,-0.048620894633054364,0.016605307367111567,0.16602458395681438,43,40,13
WMT,1987-09-22,4.34375,4.546875,4.28125,4.546875,2.785472869873047,15600000,False,0.03496852808355516,0.030084670136454467,0.3007950851169145,37,40,13
WMT,1987-09-23,4.546875,4.6875,4.515625,4.6875,2.871620416641236,13040000,False,0.030458824881358273,0.03413641831225104,0.34130561529335285,36,32,10
WMT,1987-09-24,4.65625,4.734375,4.640625,4.734375,2.900338649749756,4995200,False,0.009951030406931525,0.03383488709996203,0.33829082050735404,36,32,10
WMT,1987-09-25,4.734375,4.734375,4.65625,4.71875,2.890764236450196,3610400,False,-0.003306597106374506,0.03359500368847546,0.3358923979602906,36,32,10
WMT,1987-09-28,4.78125,4.875,4.75,4.84375,2.9673397541046143,6163200,True,0.026144936897814983,0.015927549589243598,0.15924816900668282,43,40,13
WMT,1987-09-29,4.875,4.9375,4.75,4.765625,2.919482469558716,5708800,False,-0.01625948162242694,0.01964711959348673,0.1964374873854447,42,40,13
WMT,1987-09-30,4.78125,4.8125,4.65625,4.734375,2.900338649749756,6772000,False,-0.006578858169013591,0.016442033269796652,0.16439212311292045,43,40,13
WMT,1987-10-01,4.765625,4.828125,4.734375,4.796875,2.9386258125305176,3972000,False,0.013114555425804812,0.016879993175841813,0.16877097076586584,43,40,13
WMT,1987-10-02,4.78125,4.859375,4.71875,4.796875,2.9386258125305176,4027200,False,0.0,0.016652856787562478,0.1664999965808159,43,40,13
WMT,1987-10-05,4.8125,4.828125,4.625,4.8125,2.948195695877075,4961600,True,0.0032512933382080147,0.010975381107342027,0.10973498061968744,45,48,16
WMT,1987-10-06,4.71875,4.734375,4.375,4.5,2.756755828857422,8640000,False,-0.06713879066540408,0.031920272809553944,0.3191479625056796,37,40,13
WMT,1987-10-07,4.53125,4.734375,4.453125,4.625,2.833332061767578,8560000,False,0.027398861991092052,0.036508929731220684,0.3650266589668578,35,32,10
WMT,1987-10-08,4.65625,4.703125,4.390625,4.484375,2.747184991836548,10080000,False,-0.03087667797038299,0.03645078158936184,0.3644452773129959,35,32,10
WMT,1987-10-09,4.421875,4.484375,4.3125,4.40625,2.6993234157562256,11040000,False,-0.01757559321854132,0.03566568714465833,0.35659567985195356,35,32,10
WMT,1987-10-12,4.375,4.40625,4.28125,4.328125,2.651463031768799,6789600,True,-0.017889579737380295,0.03387459903978036,0.3386878717717898,36,32,10
WMT,1987-10-13,4.40625,4.453125,4.34375,4.40625,2.6993234157562256,8400000,False,0.017889579737380236,0.02531991941371056,0.25315575276897667,39,40,13
WMT,1987-10-14,4.34375,4.375,4.25,4.28125,2.6227474212646484,8400000,False,-0.02877875244037831,0.01960634613900014,0.19602982279556633,42,40,13
WMT,1987-10-15,4.28125,4.28125,4.09375,4.109375,2.5174548625946045,14080000,False,-0.040973986416964814,0.0219705043275912,0.21966734849691694,41,40,13
WMT,1987-10-16,4.109375,4.140625,3.625,3.625,2.220719337463379,21233600,False,-0.12541724671033572,0.053052755348770464,0.5304365309122493,28,32,10
WMT,1987-10-19,2.75,3.71875,2.75,3.328125,2.038851022720337,34016800,True,-0.0854447442544222,0.05489196301326651,0.5488254520298989,28,32,10
WMT,1987-10-20,3.375,3.734375,2.875,3.390625,2.0771398544311523,31432800,False,0.01860545242278698,0.05512205733465835,0.5511260004711501,27,24,8
WMT,1987-10-21,3.6875,3.859375,3.5,3.8125,2.335585594177246,24556000,False,0.11727077202398366,0.09502423589118351,0.950079325896403,11,8,8
WMT,1987-10-22,3.578125,3.6875,3.453125,3.5625,2.1824305057525635,21271200,False,-0.06782348283080718,0.0970180594109289,0.9700141402922308,11,8,8
WMT,1987-10-23,3.453125,3.5,3.296875,3.375,2.067567586898804,13486400,False,-0.05406632910707081,0.0835184639509513,0.8350413469389969,16,16,8
WMT,1987-10-26,3.203125,3.234375,2.953125,3.125,1.914413332939148,14960000,True,-0.0769616153978225,0.08177974169413016,0.8176571074953523,17,16,8
WMT,1987-10-27,3.125,3.40625,3.125,3.15625,1.9335572719573968,10000000,False,0.009950230359049902,0.08104248964366874,0.8102858518935683,17,16,8
WMT,1987-10-28,3.125,3.3125,3.015625,3.109375,1.9048413038253784,10960000,False,-0.01496275246917957,0.036935998971122055,0.36929661864347363,35,32,10
WMT,1987-10-29,3.109375,3.484375,3.078125,3.40625,2.086710929870605,10960000,False,0.09119040858690917,0.0653500847563164,0.6533887264681966,23,24,8
WMT,1987-10-30,3.625,3.65625,3.453125,3.453125,2.115427255630493,10720000,False,0.013667695598006006,0.06050566631590628,0.6049528536294444,25,24,8
WMT,1987-11-02,3.421875,3.625,3.375,3.609375,2.2111494541168213,5222400,True,0.04425569108675454,0.040715225576773525,0.40708240068352936,33,32,10
WMT,1987-11-03,3.484375,3.59375,3.359375,3.5,2.14414381980896,6460000,False,-0.030772174208171747,0.04871969644650201,0.4871133761157099,30,32,10
WMT,1987-11-04,3.421875,3.5625,3.390625,3.46875,2.1250007152557373,5117600,False,-0.008968182126301275,0.04768623460164449,0.4767805307769032,30,32,10
WMT,1987-11-05,3.5625,3.671875,3.5625,3.609375,2.2111494541168213,8400000,False,0.03974035633447305,0.03194134964767077,0.3193586947253314,37,40,13
WMT,1987-11-06,3.609375,3.703125,3.4375,3.53125,2.1632885932922363,8160000,False,-0.02188293453446198,0.03515669171009856,0.35150659878946894,35,32,10
WMT,1987-11-09,3.40625,3.515625,3.359375,3.40625,2.086710929870605,6384800,True,-0.03604045215029857,0.030468853718882034,0.304636261797685,37,40,13
WMT,1987-11-10,3.375,3.46875,3.34375,3.40625,2.086710929870605,8880000,False,0.0,0.028679537825290813,0.286746172789807,38,40,13
WMT,1987-11-11,3.453125,3.484375,3.40625,3.4375,2.10585618019104,4126400,False,0.009133012255331242,0.02925792321739804,0.2925290343754643,38,40,13
WMT,1987-11-12,3.578125,3.703125,3.484375,3.546875,2.172860622406006,8720000,False,0.031322437712588816,0.026368818088434717,0.2636429399214915,39,40,13
WMT,1987-11-13,3.5625,3.609375,3.5,3.59375,2.20157527923584,4576800,False,0.013128581564187941,0.02487079324577012,0.2486652616550263,40,40,13
WMT,1987-11-16,3.671875,3.6875,3.53125,3.5625,2.1824305057525635,4853600,True,-0.008733973503994418,0.015090091311403965,0.15087502305487135,43,40,13
WMT,1987-11-17,3.546875,3.5625,3.40625,3.46875,2.1250007152557373,4115200,False,-0.026667027677826163,0.02212552152378061,0.22121725449591537,41,40,13
WMT,1987-11-18,3.46875,3.53125,3.34375,3.375,2.067567586898804,9323200,False,-0.027399301429244675,0.025613716518299252,0.2560932197473756,39,40,13
WMT,1987-11-19,3.375,3.4375,3.234375,3.25,1.9909898042678835,8560000,False,-0.037740933379220666,0.02004169187349245,0.2003825332181155,41,40,13
WMT,1987-11-20,3.171875,3.4375,3.140625,3.421875,2.096283197402954,9440000,False,0.05153396643779551,0.035839641573603774,0.35833492568791525,35,32,10
WMT,1987-11-23,3.46875,3.5,3.3125,3.375,2.067567586898804,5917600,True,-0.013793033058574827,0.035873367577700606,0.3586721278652018,35,32,10
WMT,1987-11-24,3.40625,3.453125,3.203125,3.21875,1.971846580505371,10787200,False,-0.04740238331643197,0.03920785879397071,0.3920113190436421,34,32,10
WMT,1987-11-25,3.203125,3.21875,3.109375,3.171875,1.9431307315826416,20361600,False,-0.014670002722414862,0.03860691069078187,0.3860028690579964,34,32,10
WMT,1987-11-27,3.1875,3.203125,3.125,3.125,1.914413332939148,3608800,True,-0.01488922935897578,0.03613249629150924,0.3612629704163341,35,32,10
WMT,1987-11-30,3.09375,3.109375,2.84375,3.0,1.837837100028992,19121600,True,-0.04082183106320317,0.016417062272305653,0.1641424559807335,43,40,13
WMT,1987-12-01,3.0,3.03125,2.875,2.953125,1.809121012687683,8000000,False,-0.015748292104237255,0.016063698434346574,0.16060942386723373,43,40,13
WMT,1987-12-02,2.875,2.9375,2.828125,2.90625,1.7804063558578491,10856800,False,-0.015999470915130078,0.01141547599939767,0.11413517446974364,45,48,16
WMT,1987-12-03,2.90625,2.953125,2.59375,2.625,1.6081074476242063,25999200,False,-0.10178363887142773,0.03738137921972342,0.3737496569909045,35,32,10
WMT,1987-12-04,2.515625,2.703125,2.5,2.703125,1.6559685468673706,17140800,False,0.0293280731589187,0.04791659234420681,0.47908371297790764,30,32,10
WMT,1987-12-07,2.703125,2.859375,2.703125,2.859375,1.754123330116272,9985600,True,0.05758314276826615,0.060425919054042494,0.6041555178331283,25,24,8
WMT,1987-12-08,2.859375,2.9375,2.84375,2.890625,1.7732923030853271,11668800,False,0.0108686719464941,0.06088913833817173,0.608786915929417,25,24,8
WMT,1987-12-09,2.875,2.984375,2.859375,2.9375,1.8020493984222408,10240000,False,0.016086694859443054,0.06099912627059302,0.6098866065474108,25,24,8
WMT,1987-12-10,2.8125,2.984375,2.8125,2.875,1.7637081146240234,9120000,False,-0.02150609592625266,0.02876318934426248,0.28758254445867076,38,40,13
WMT,1987-12-11,2.890625,2.921875,2.875,2.890625,1.7732923030853271,3770400,False,0.005419401066809614,0.028493332530678244,0.2848844393159758,38,40,13
WMT,1987-12-14,2.90625,3.09375,2.90625,3.0625,1.8787323236465447,7012000,True,0.0577593764095472,0.028561230760776966,0.28556330512401684,38,40,13
WMT,1987-12-15,3.109375,3.171875,2.65625,3.0625,1.8787323236465447,9360000,False,0.0,0.029238588679982386,0.29233572217356013,38,40,13
WMT,1987-12-16,3.0625,3.15625,2.96875,3.140625,1.9266600608825684,7601600,False,0.025190711933215718,0.029868281350008668,0.2986315685105469,38,40,13
WMT,1987-12-17,3.125,3.1875,3.046875,3.09375,1.8979032039642327,8160000,False,-0.01503826548049447,0.02806574062322019,0.2806092538605335,38,40,13
WMT,1987-12-18,3.15625,3.1875,3.109375,3.171875,1.94582998752594,15440000,False,0.024938914930536536,0.027814405151660018,0.27809633036102555,38,40,13
WMT,1987-12-21,3.171875,3.25,3.140625,3.25,1.9937560558319087,8080800,True,0.02433171010158138,0.018496504438714787,0.1849333099473461,42,40,13
WMT,1987-12-22,3.25,3.28125,3.171875,3.28125,2.0129263401031494,7712800,False,0.009569228934111808,0.017423300704213107,0.17420311389723023,43,40,13
WMT,1987-12-23,3.265625,3.34375,3.21875,3.328125,2.0416836738586426,9440000,False,0.014185243892828558,0.016282104930523636,0.16279311410913075,43,40,13
WMT,1987-12-24,3.359375,3.390625,3.34375,3.359375,2.0608551502227783,3642400,False,0.009346220348580453,0.007699316580447841,0.07697995609237597,46,48,16
WMT,1987-12-28,3.203125,3.25,3.171875,3.203125,1.965001463890076,5060000,True,-0.04762802782660543,0.028378597203795777,0.28373728289847167,38,40,13
WMT,1987-12-29,3.25,3.28125,3.1875,3.203125,1.965001463890076,3932000,False,0.0,0.02552627795887838,0.25521898417144245,39,40,13
WMT,1987-12-30,3.21875,3.28125,3.09375,3.265625,2.003340482711792,5954400,False,0.0193230383107918,0.02704544561754535,0.27040805432321674,39,40,13
WMT,1987-12-31,3.1875,3.265625,3.171875,3.25,1.9937560558319087,8308800,False,-0.00479570365970708,0.025687080686363592,0.2568267355571669,39,40,13
WMT,1988-01-04,3.265625,3.453125,3.25,3.40625,2.089608669281006,7301600,True,0.0469564839124766,0.03475385738244526,0.34747894665551177,36,32,10
WMT,1988-01-05,3.484375,3.546875,3.4375,3.453125,2.1183669567108154,7952000,False,0.013668679542752016,0.02036260770808416,0.2035911409689584,41,40,13
WMT,1988-01-06,3.453125,3.578125,3.4375,3.5625,2.1854634284973145,8560000,False,0.03118241307112385,0.01935873822678475,0.1935541684941352,42,40,13
WMT,1988-01-07,3.453125,3.515625,3.4375,3.5,2.147123098373413,5722400,False,-0.017699049167748428,0.0261700624570069,0.26165572461211195,39,40,13
WMT,1988-01-08,3.484375,3.5,3.0625,3.140625,1.9266600608825684,9280000,False,-0.10834088691022753,0.061605032863894495,0.6159446329269047,25,24,8
WMT,1988-01-11,3.140625,3.234375,3.03125,3.234375,1.9841707944869995,8400000,True,0.029413125685812048,0.05817896264036452,0.5816898087979048,26,24,8
WMT,1988-01-12,3.203125,3.25,3.125,3.234375,1.9841707944869995,4536800,False,0.0,0.05707864122713028,0.5706884824862458,27,24,8
WMT,1988-01-13,3.234375,3.34375,3.15625,3.296875,2.022512435913086,4970400,False,0.019139427625896013,0.054958154246663324,0.5494872507996139,28,32,10
WMT,1988-01-14,3.28125,3.3125,3.1875,3.296875,2.022512435913086,3500800,False,0.0,0.05534949968620635,0.5534000337639458,27,24,8
WMT,1988-01-15,3.4375,3.484375,3.40625,3.484375,2.137537240982056,10000000,False,0.05531382564432549,0.023094501642054767,0.2309053932001419,40,40,13
WMT,1988-01-18,3.484375,3.484375,3.359375,3.390625,2.080024719238281,2893600,True,-0.02727456646688579,0.030515050694357743,0.3050981522923234,37,40,13
WMT,1988-01-19,3.359375,3.421875,3.3125,3.3125,2.032097101211548,5501600,False,-0.023311463287958342,0.03390919647445797,0.33903378675977125,36,32,10
WMT,1988-01-20,3.28125,3.296875,3.125,3.1875,1.9554156064987185,7028800,False,-0.038465557315434426,0.037412890139540515,0.3740647121258122,35,32,10
WMT,1988-01-21,3.234375,3.265625,3.15625,3.234375,1.9841707944869995,4686400,False,0.014598333800057027,0.03862121345630121,0.3861458721739449,34,32,10
WMT,1988-01-22,3.234375,3.265625,3.21875,3.25,1.9937560558319087,2885600,False,0.004819233865811344,0.022547075360664224,0.22543206960512674,40,40,13
WMT,1988-01-25,3.3125,3.453125,3.296875,3.453125,2.1183669567108154,6290400,True,0.0606251634552285,0.038301576314931036,0.3829500491614644,34,32,10
WMT,1988-01-26,3.421875,3.46875,3.3125,3.3125,2.032097101211548,5599200,False,-0.0415771738056627,0.042190067818201324,0.4218282927119994,33,32,10
WMT,1988-01-27,3.40625,3.453125,3.34375,3.390625,2.080024719238281,4088800,False,0.023311463287958432,0.03681220061382565,0.3680588474712651,35,32,10
WMT,1988-01-28,3.390625,3.4375,3.375,3.40625,2.089608669281006,5448000,False,0.004597030974952269,0.0369313852461967,0.3692504893099847,35,32,10
WMT,1988-01-29,3.4375,3.4375,3.34375,3.421875,2.099195957183838,4863200,False,0.004577585014819427,0.03694059783144157,0.3693425993564073,35,32,10
WMT,1988-02-01,3.46875,3.484375,3.390625,3.390625,2.080024719238281,4374400,True,-0.009174615989771822,0.02414342054815947,0.24139278263175123,40,40,13
WMT,1988-02-02,3.375,3.40625,3.3125,3.359375,2.0608551502227783,4436000,False,-0.009258759762003509,0.013378282911037306,0.13375987599968678,44,48,16
WMT,1988-02-03,3.328125,3.375,3.203125,3.265625,2.003340482711792,5801600,False,-0.028304989515813745,0.013518048756864163,0.13515729466179086,44,48,16
WMT,1988-02-04,3.265625,3.3125,3.21875,3.234375,1.9841707944869995,4688800,False,-0.00961493752551843,0.011708191152743607,0.11706182379201799,45,48,16
WMT,1988-02-05,3.25,3.359375,3.25,3.25,1.9937560558319087,2992800,False,0.004819233865811344,0.011785485024097897,0.11783462989251957,45,48,16
WMT,1988-02-08,3.21875,3.25,3.1875,3.203125,1.965001463890076,3683200,True,-0.014527334651084614,0.011899487742421194,0.11897446148136799,45,48,16
WMT,1988-02-09,3.21875,3.265625,3.140625,3.25,1.9937560558319087,5634400,False,0.014527334651084694,0.016731707896629627,0.1672883723866944,43,40,13
WMT,1988-02-10,3.265625,3.296875,3.203125,3.296875,2.022512435913086,5380800,False,0.014320193760084638,0.013459975016638726,0.1345766568966122,44,48,16
WMT,1988-02-11,3.28125,3.296875,3.1875,3.25,1.9937560558319087,6712800,False,-0.014320193760084579,0.014584262192725576,0.1458175997187546,44,48,16
WMT,1988-02-12,3.28125,3.390625,3.25,3.390625,2.080024719238281,5610400,False,0.04235945293752419,0.023810089275950946,0.23806004180589788,40,40,13
WMT,1988-02-16,3.390625,3.453125,3.359375,3.453125,2.1183669567108154,4580000,True,0.018265710517704342,0.020121873609808164,0.20118421301352343,41,40,13
WMT,1988-02-17,3.484375,3.5,3.3125,3.4375,2.108781099319458,6566400,False,-0.00453538588941288,0.021962766379858667,0.21958998229558316,41,40,13
WMT,1988-02-18,3.4375,3.4375,3.328125,3.40625,2.089608669281006,4218400,False,-0.00913329365333912,0.023579592205713974,0.23575546656719126,40,40,13
WMT,1988-02-19,3.390625,3.46875,3.359375,3.4375,2.108781099319458,5939200,False,0.009133293653339033,0.0205313822932634,0.20527859725431238,41,40,13
WMT,1988-02-22,3.46875,3.5,3.4375,3.484375,2.137537240982056,5945600,True,0.013544241838594437,0.011786709714650435,0.11784687469684421,45,48,16
WMT,1988-02-23,3.5,3.515625,3.453125,3.484375,2.137537240982056,8400000,False,0.0,0.009415657451312894,0.09414042007618802,46,48,16
WMT,1988-02-24,3.5,3.515625,3.4375,3.4375,2.108781099319458,5778400,False,-0.013544241838594463,0.011551267028782194,0.1154928517870142,45,48,16
WMT,1988-02-25,3.46875,3.59375,3.453125,3.5,2.147123098373413,10240000,False,0.018018749792788415,0.012525361056251395,0.12523212080926074,44,48,16
WMT,1988-02-26,3.484375,3.5625,3.484375,3.53125,2.1662936210632324,3468800,False,0.008888846202927608,0.012507759196048645,0.12505613240673255,44,48,16
WMT,1988-02-29,3.578125,3.671875,3.5625,3.671875,2.252561092376709,7236000,True,0.03905013364860506,0.019764941279184656,0.19761550209583975,42,40,13
WMT,1988-03-01,3.6875,3.71875,3.59375,3.625,2.223805427551269,8960000,False,-0.012847947215163405,0.022158687365622556,0.22154885601172303,41,40,13
WMT,1988-03-02,3.65625,3.6875,3.625,3.671875,2.252561092376709,4625600,False,0.012847947215163318,0.018632330397785255,0.18629133650154728,42,40,13
WMT,1988-03-03,3.6875,3.765625,3.671875,3.75,2.300487995147705,11920000,False,0.021053440068804722,0.018876708912826987,0.18873470237191628,42,40,13
WMT,1988-03-04,3.75,3.78125,3.6875,3.75,2.300487995147705,7803200,False,0.0,0.01984824839419789,0.1984484303160128,42,40,13
WMT,1988-03-07,3.75,3.796875,3.734375,3.765625,2.3100740909576416,4616000,True,0.0041583257937789705,0.01287975038425895,0.1287754060638127,44,48,16
WMT,1988-03-08,3.78125,3.84375,3.765625,3.8125,2.3388304710388184,5646400,False,0.01237140770026828,0.008215852050799485,0.08214442457634516,46,48,16
WMT,1988-03-09,3.828125,3.84375,3.796875,3.828125,2.348414897918701,4307200,False,0.00408958331962016,0.008411178560630238,0.08409735455309562,46,48,16
WMT,1988-03-10,3.828125,3.828125,3.65625,3.6875,2.262148857116699,4975200,False,-0.03742540577427471,0.019565531974369704,0.19562175117409583,42,40,13
WMT,1988-03-11,3.71875,3.75,3.59375,3.703125,2.271731376647949,6244000,False,0.004227078487167905,0.0198365255439883,0.19833122192680286,42,40,13
WMT,1988-03-14,3.703125,3.734375,3.6875,3.71875,2.2813174724578857,3216000,True,0.004210853119354106,0.01984095724821639,0.19837553136561192,42,40,13
WMT,1988-03-15,3.71875,3.75,3.703125,3.75,2.300487995147705,3129600,False,0.008368157354085326,0.01915962424770236,0.19156337032302673,42,40,13
WMT,1988-03-16,3.71875,3.78125,3.671875,3.75,2.300487995147705,5320800,False,0.0,0.01884976980117283,0.18846535747478985,42,40,13
WMT,1988-03-17,3.734375,3.78125,3.71875,3.765625,2.3131585121154785,5058400,False,0.005492639630123807,0.003014463666474769,0.03013946475153158,48,48,16
WMT,1988-03-18,3.8125,3.8125,3.703125,3.71875,2.28436279296875,12000000,False,-0.012526791628845802,0.008196002821703944,0.0819459663406983,46,48,16
WMT,1988-03-21,3.65625,3.671875,3.59375,3.625,2.226774215698242,3748800,True,-0.025533122057180977,0.014070683425823087,0.1406826931964629,44,48,16
WMT,1988-03-22,3.625,3.71875,3.625,3.671875,2.2555692195892334,4620800,False,0.012848368461841262,0.01521794537028217,0.1521533442845335,43,40,13
WMT,1988-03-23,3.703125,3.71875,3.671875,3.703125,2.274765968322754,2856800,False,0.008474809405262783,0.016206842284757488,0.16204061677953827,43,40,13
WMT,1988-03-24,3.703125,3.703125,3.625,3.640625,2.23637318611145,4710400,False,-0.017021735701134983,0.01664013524202387,0.16637280295177664,43,40,13
WMT,1988-03-25,3.640625,3.640625,3.546875,3.546875,2.178783416748047,4836000,False,-0.02608878503080164,0.018784050409517923,0.18780827631295535,42,40,13
WMT,1988-03-28,3.5,3.59375,3.421875,3.5625,2.1883816719055176,5183200,True,0.004395652748280233,0.01707406471311734,0.17071135317021957,43,40,13
WMT,1988-03-29,3.59375,3.609375,3.5625,3.578125,2.197979211807251,3323200,False,0.0043760900994588,0.015385622669105627,0.1538298295889431,43,40,13
WMT,1988-03-30,3.59375,3.609375,3.53125,3.53125,2.169186353683472,4316000,False,-0.013186253139593441,0.013518391873700238,0.1351607252414663,44,48,16
WMT,1988-03-31,3.5625,3.5625,3.453125,3.515625,2.159587144851685,4816000,False,-0.004435078236211034,0.012927739878458952,0.1292552186702709,44,48,16
WMT,1988-04-04,3.484375,3.546875,3.4375,3.4375,2.1115970611572266,3635200,True,-0.022472504579159946,0.011627745667170685,0.11625750695655242,45,48,16
WMT,1988-04-05,3.46875,3.5,3.4375,3.46875,2.130793571472168,2676000,False,0.009049916895861427,0.012819684015017038,0.1281748454272215,44,48,16
WMT,1988-04-06,3.5,3.609375,3.421875,3.59375,2.2075788974761963,6929600,False,0.03540191440226434,0.02252753186307908,0.2252366681600405,40,40,13
WMT,1988-04-07,3.609375,3.734375,3.578125,3.609375,2.217176914215088,5388000,False,0.004338332871306359,0.02111238723443998,0.21108764983630468,41,40,13
WMT,1988-04-08,3.59375,3.6875,3.53125,3.671875,2.2555692195892334,4802400,False,0.017167640264467408,0.021068725310805638,0.21065110551069327,41,40,13
WMT,1988-04-11,3.6875,3.6875,3.625,3.6875,2.2651679515838623,2511200,True,0.0042465403564755505,0.013048454343615692,0.13046215621211438,44,48,16
WMT,1988-04-12,3.671875,3.71875,3.65625,3.71875,2.28436279296875,3234400,False,0.008438213238864085,0.013109671576526897,0.13107422351086248,44,48,16
WMT,1988-04-13,3.6875,3.75,3.65625,3.75,2.3035597801208496,3554400,False,0.008368536687535228,0.005257370487211069,0.05256468480522212,47,48,16
WMT,1988-04-14,3.625,3.640625,3.375,3.5,2.1499903202056885,8160000,False,-0.06899231702248951,0.03544206889141641,0.35435988098121596,35,32,10
WMT,1988-04-15,3.453125,3.53125,3.40625,3.53125,2.169186353683472,6936000,False,0.008888805121086195,0.03425359709897433,0.3424772021170229,36,32,10
WMT,1988-04-18,3.5,3.515625,3.4375,3.453125,2.121195077896118,3891200,True,-0.02237249917612567,0.033978761237448744,0.3397293150374635,36,32,10
WMT,1988-04-19,3.46875,3.515625,3.453125,3.46875,2.130793571472168,4542400,False,0.004514833256615981,0.03339636346086178,0.3339063364910541,36,32,10
WMT,1988-04-20,3.4375,3.46875,3.390625,3.421875,2.1019980907440186,5217600,False,-0.013606114951216868,0.031096927686973624,0.31091592389253064,37,40,13
WMT,1988-04-21,3.4375,3.609375,3.4375,3.46875,2.130793571472168,5744000,False,0.013606114951216932,0.015444156909075702,0.15441507156148904,43,40,13
WMT,1988-04-22,3.484375,3.625,3.484375,3.59375,2.2075788974761963,3467200,False,0.03540191440226434,0.022819402814450367,0.2281548769109651,40,40,13
WMT,1988-04-25,3.59375,3.609375,3.546875,3.5625,2.1883816719055176,2046400,True,-0.008734085442619909,0.019530390131485297,0.19527039303808716,42,40,13
WMT,1988-04-26,3.53125,3.625,3.46875,3.515625,2.159587144851685,3379200,False,-0.013245241276345788,0.021443156043602526,0.2143947704281143,41,40,13
WMT,1988-04-27,3.515625,3.53125,3.46875,3.5,2.1499903202056885,3157600,False,-0.004453726884875152,0.02005026402285193,0.20046824000447963,41,40,13
WMT,1988-04-28,3.5,3.515625,3.421875,3.4375,2.1115970611572266,3371200,False,-0.018018777694284813,0.021407639068388506,0.21403966161242377,41,40,13
WMT,1988-04-29,3.453125,3.46875,3.390625,3.46875,2.130793571472168,4724000,False,0.009049916895861427,0.010337729258663006,0.10335955615173054,45,48,16
WMT,1988-05-02,3.46875,3.5625,3.4375,3.5,2.1499903202056885,2828800,True,0.008968860798423402,0.012446276695048693,0.12444141288221723,45,48,16
WMT,1988-05-03,3.515625,3.53125,3.46875,3.484375,2.1403913497924805,3972800,False,-0.0044746538503230735,0.011301911599086877,0.11299972530899834,45,48,16
WMT,1988-05-04,3.5,3.5,3.421875,3.421875,2.1019980907440186,3984000,False,-0.01810032189931715,0.013534549155395786,0.1353222703373848,44,48,16
WMT,1988-05-05,3.421875,3.4375,3.359375,3.375,2.073204040527344,7611200,False,-0.013793107885634495,0.012578712764271187,0.1257655463539703,44,48,16
WMT,1988-05-06,3.375,3.453125,3.359375,3.375,2.073204040527344,3402400,False,0.0,0.010818860692012334,0.10817004500835824,45,48,16
WMT,1988-05-09,3.359375,3.4375,3.25,3.34375,2.054006814956665,4776800,True,-0.009302826868223917,0.007198440448810752,0.07197205412883578,47,48,16
WMT,1988-05-10,3.375,3.40625,3.3125,3.359375,2.063605785369873,4228800,False,0.004662404521002354,0.009476386591657305,0.09474760728668827,46,48,16
WMT,1988-05-11,3.328125,3.328125,3.234375,3.265625,2.006016492843628,6724000,False,-0.028303922654538075,0.01287210711146551,0.1286989864494361,44,48,16
WMT,1988-05-12,3.265625,3.375,3.25,3.3125,2.0348093509674072,3405600,False,0.014251218215051226,0.016144683831620158,0.1614191388933798,43,40,13
WMT,1988-05-13,3.34375,3.359375,3.3125,3.328125,2.044409275054932,2802400,False,0.0047067552344331335,0.016549317877951237,0.1654647851263387,43,40,13
WMT,1988-05-16,3.34375,3.390625,3.296875,3.359375,2.063605785369873,2678400,True,0.009345949205053772,0.016815914949545353,0.16813029844186955,43,40,13
WMT,1988-05-17,3.421875,3.46875,3.3125,3.34375,2.054006814956665,4744800,False,-0.004662404521002362,0.016815914949545343,0.16813029844186944,43,40,13
WMT,1988-05-18,3.296875,3.328125,3.25,3.3125,2.0348093509674072,3896800,False,-0.009390299918484548,0.009771052097231923,0.09769375678503146,46,48,16
WMT,1988-05-19,3.265625,3.375,3.25,3.375,2.073204040527344,4799200,False,0.018693126786708432,0.011168733714124007,0.11166817495257425,45,48,16
WMT,1988-05-20,3.34375,3.5,3.328125,3.4375,2.1115970611572266,6036800,False,0.018349305940989796,0.012983386738543259,0.1298115917978348,44,48,16
WMT,1988-05-23,3.46875,3.46875,3.34375,3.375,2.073204040527344,3126400,True,-0.018349305940989893,0.016796101412682746,0.16793219706731488,43,40,13
WMT,1988-05-24,3.328125,3.375,3.28125,3.375,2.073204040527344,3952000,False,0.0,0.01653553946131725,0.16532702459961868,43,40,13
WMT,1988-05-25,3.375,3.40625,3.359375,3.390625,2.0828022956848145,2638400,False,0.004618988252627229,0.015292736487075536,0.1529011271334001,43,40,13
WMT,1988-05-26,3.390625,3.4375,3.390625,3.421875,2.1019980907440186,3889600,False,0.009174119633007275,0.01360922128119194,0.13606886348043207,44,48,16
WMT,1988-05-27,3.4375,3.46875,3.375,3.40625,2.092399835586548,5112800,False,-0.004576710212060007,0.010564809815084971,0.10562997211399747,45,48,16
WMT,1988-05-31,3.421875,3.5625,3.421875,3.53125,2.169186353683472,6357600,True,0.03604049108278646,0.015935225142676156,0.15932491137206672,43,40,13
WMT,1988-06-01,3.546875,3.703125,3.546875,3.65625,2.245971441268921,11120000,False,0.034785995840321444,0.01839874743741773,0.18395590765599468,42,40,13
WMT,1988-06-02,3.65625,3.671875,3.578125,3.609375,2.217176914215088,8720000,False,-0.01290341448626051,0.022354133994382703,0.22350298697167947,41,40,13
WMT,1988-06-03,3.59375,3.625,3.5625,3.59375,2.2075788974761963,3680000,False,-0.004338332871306335,0.023637314937089544,0.2363325948460969,40,40,13
WMT,1988-06-06,3.59375,3.609375,3.5625,3.609375,2.217176914215088,3172800,True,0.004338332871306359,0.022594835746223008,0.2259095915182543,40,40,13
WMT,1988-06-07,3.609375,3.609375,3.546875,3.546875,2.178783416748047,3266400,False,-0.017468071062206495,0.020708946150290595,0.20705393117839832,41,40,13
WMT,1988-06-08,3.546875,3.6875,3.53125,3.65625,2.245971441268921,7648800,False,0.03037148554846697,0.01891891256562991,0.18915666649116777,42,40,13
WMT,1988-06-09,3.65625,3.6875,3.640625,3.65625,2.245971441268921,4865600,False,0.0,0.017549239899342605,0.17546228977473569,42,40,13
WMT,1988-06-10,3.65625,3.703125,3.65625,3.65625,2.245971441268921,3626400,False,0.0,0.01722589767449633,0.17222942228430324,43,40,13
WMT,1988-06-13,3.640625,3.671875,3.59375,3.671875,2.258657932281494,3156800,True,0.005632660759587017,0.01725232079448802,0.17249360815009154,43,40,13
WMT,1988-06-14,3.703125,3.765625,3.671875,3.75,2.30671501159668,11706400,False,0.02105363790600542,0.013659168375553685,0.13656824872985443,44,48,16
WMT,1988-06-15,3.703125,3.734375,3.65625,3.71875,2.2874913215637207,2876000,False,-0.008368715218106856,0.010930589623168174,0.10928714262666715,45,48,16
WMT,1988-06-16,3.65625,3.671875,3.5625,3.609375,2.220212936401367,4160800,False,-0.029852615726085916,0.018772221515228588,0.1876900076648877,42,40,13
WMT,1988-06-17,3.59375,3.71875,3.5625,3.6875,2.2682690620422363,11413600,False,0.02141390430413436,0.02165198300068706,0.21648268171469462,41,40,13
WMT,1988-06-20,3.703125,3.734375,3.671875,3.6875,2.2682690620422363,4224000,True,0.0,0.02156049028136848,0.2155679114955037,41,40,13
WMT,1988-06-21,3.6875,3.71875,3.625,3.671875,2.258657932281494,5302400,False,-0.004246211265947046,0.018365378664333163,0.18362227717592977,42,40,13
WMT,1988-06-22,3.71875,3.78125,3.703125,3.734375,2.297104358673096,9600800,False,0.016878553650450042,0.020304756453551405,0.203012727678988,41,40,13
WMT,1988-06-23,3.75,3.78125,3.6875,3.6875,2.2682690620422363,4644000,False,-0.012632342384502882,0.01439909889196887,0.14396628439573386,44,48,16
WMT,1988-06-24,3.703125,3.734375,3.65625,3.71875,2.2874913215637207,3896000,False,0.008438711421951432,0.011395848344198368,0.113938931592905,45,48,16
WMT,1988-06-27,3.6875,3.703125,3.5625,3.578125,2.2009902000427246,6034400,True,-0.03854837427617475,0.02143806549064956,0.21434387363244278,41,40,13
WMT,1988-06-28,3.59375,3.71875,3.5625,3.703125,2.277881860733032,5592800,False,0.03433865268788312,0.028135511008922393,0.2813068380125533,38,40,13
WMT,1988-06-29,3.6875,3.765625,3.671875,3.71875,2.2874913215637207,7912800,False,0.004209721588291775,0.02697272974718318,0.26968102037816327,39,40,13
WMT,1988-06-30,3.734375,3.828125,3.71875,3.828125,2.35477066040039,8368800,False,0.028987614299092426,0.02878449949810855,0.2877956094353153,38,40,13
WMT,1988-07-01,3.828125,3.875,3.75,3.78125,2.325937032699585,8350400,False,-0.012320355943851405,0.03008053954272649,0.3007537862664915,37,40,13
WMT,1988-07-05,3.796875,3.96875,3.765625,3.96875,2.4412734508514404,8564800,True,0.048396826582494584,0.024413532415401104,0.24409343787342477,40,40,13
WMT,1988-07-06,4.0,4.046875,3.90625,3.96875,2.4412734508514404,11214400,False,0.0,0.02445544662402454,0.24451250804748054,40,40,13
WMT,1988-07-07,3.984375,4.109375,3.953125,4.09375,2.5181639194488525,9740000,False,0.031010223323414236,0.024748258451800995,0.24744012394819584,40,40,13
WMT,1988-07-08,4.046875,4.125,3.984375,4.015625,2.4701058864593506,6081600,False,-0.019269013836648273,0.0290244152918239,0.2901943557491084,38,40,13
WMT,1988-07-11,4.046875,4.0625,4.0,4.015625,2.4701058864593506,4948000,True,0.0,0.027165534191358656,0.2716087340254672,39,40,13
WMT,1988-07-12,4.0,4.03125,3.984375,3.984375,2.4508845806121826,4082400,False,-0.0078120060292503355,0.01864717508795844,0.18643975793425452,42,40,13
WMT,1988-07-13,4.0,4.03125,3.9375,4.015625,2.4701058864593506,7696800,False,0.0078120060292504,0.01889055664323211,0.1888731559174261,42,40,13
WMT,1988-07-14,4.03125,4.125,4.0,4.125,2.537386894226074,6409600,False,0.026873750937539586,0.017349220838536367,0.17346244233923683,43,40,13
WMT,1988-07-15,4.125,4.234375,4.09375,4.203125,2.585442543029785,8240000,False,0.01876192016737794,0.013961913539902374,0.1395951809536734,44,48,16
WMT,1988-07-18,4.171875,4.171875,4.0625,4.15625,2.5566091537475586,5251200,True,-0.011214858654552656,0.016470258065032196,0.16467432264001433,43,40,13
WMT,1988-07-19,4.140625,4.15625,3.90625,4.03125,2.47971773147583,4707200,False,-0.030537095437442003,0.02327103801360299,0.23267045403229425,40,40,13
WMT,1988-07-20,4.046875,4.109375,4.03125,4.09375,2.5181639194488525,5953600,False,0.015385296823725312,0.02395278569250228,0.23948676114726858,40,40,13
WMT,1988-07-21,4.0625,4.0625,3.984375,4.015625,2.4701058864593506,6739200,False,-0.019269013836648273,0.021644049155972397,0.21640335687963982,41,40,13
WMT,1988-07-22,4.0,4.03125,3.890625,3.921875,2.4124388694763184,5954400,False,-0.023622803900128414,0.017783272316190268,0.1778022124139575,42,40,13
WMT,1988-07-25,3.90625,3.9375,3.84375,3.921875,2.4124388694763184,3113600,True,0.0,0.018872870970269656,0.18869632953109836,42,40,13
WMT,1988-07-26,3.90625,4.03125,3.90625,4.0,2.4604952335357666,2702400,False,0.01972442929588096,0.01964039229340651,0.1963702259266666,42,40,13
WMT,1988-07-27,4.03125,4.0625,3.953125,3.953125,2.431661605834961,5435200,False,-0.011787832043542066,0.017413818979855507,0.1741083129214421,43,40,13
WMT,1988-07-28,3.9375,4.0,3.90625,3.984375,2.4508845806121826,3688800,False,0.00787420061853937,0.016851116485115267,0.16848225340231857,43,40,13
WMT,1988-07-29,3.984375,4.109375,3.9375,4.109375,2.527775287628174,7575200,False,0.03089057024245722,0.01664356410064201,0.16640708565506773,43,40,13
WMT,1988-08-01,4.078125,4.140625,4.078125,4.078125,2.5085527896881104,3289600,True,-0.007633573900843191,0.0180086743140207,0.1800558456702109,42,40,13
WMT,1988-08-02,4.0625,4.109375,3.96875,4.015625,2.4701058864593506,5207200,False,-0.015444990312363797,0.01903262370844858,0.1902935828252258,42,40,13
WMT,1988-08-03,3.984375,4.015625,3.9375,3.984375,2.4508845806121826,4643200,False,-0.0078120060292503355,0.018450449673779568,0.1844728413141221,42,40,13
WMT,1988-08-04,4.015625,4.03125,3.9375,3.96875,2.4412734508514404,4208800,False,-0.003929203457515605,0.018196324190632055,0.18193202248556165,42,40,13
WMT,1988-08-05,3.953125,4.015625,3.953125,4.015625,2.4701058864593506,3531200,False,0.01174120948676589,0.010057549766764106,0.10055824193650094,45,48,16
WMT,1988-08-08,4.03125,4.0625,4.015625,4.015625,2.4701058864593506,2728000,True,0.0,0.010064296533078396,0.10062569802422155,45,48,16
WMT,1988-08-09,4.015625,4.015625,3.90625,3.953125,2.431661605834961,4556000,False,-0.01568620664778968,0.010138635773878246,0.10136896288843632,45,48,16
WMT,1988-08-10,3.90625,3.953125,3.859375,3.859375,2.373992443084717,4790400,False,-0.02400169910208037,0.01389441148633908,0.13892027623126682,44,48,16
WMT,1988-08-11,3.875,3.9375,3.859375,3.890625,2.393214464187622,4592000,False,0.00806431340156509,0.015378279812646422,0.15375641362248477,43,40,13
WMT,1988-08-12,3.875,3.921875,3.859375,3.890625,2.393214464187622,1889600,False,0.0,0.013106882455605918,0.13104633708694552,44,48,16
WMT,1988-08-15,3.859375,3.890625,3.84375,3.875,2.3836047649383545,2950400,True,-0.004023477444761275,0.012739872872254166,0.12737687093151492,44,48,16
WMT,1988-08-16,3.84375,3.9375,3.8125,3.84375,2.36438250541687,4286400,False,-0.008097058163051203,0.011889239278029408,0.11887199442073336,45,48,16
WMT,1988-08-17,3.84375,3.921875,3.828125,3.921875,2.4124388694763184,3950400,False,0.020121324055988894,0.011180720622578586,0.11178802347118955,45,48,16
WMT,1988-08-18,3.9375,3.953125,3.921875,3.921875,2.4124388694763184,4138400,False,0.0,0.010883656098158969,0.10881788790039132,45,48,16
WMT,1988-08-19,3.9375,3.953125,3.875,3.875,2.3836047649383545,3864800,False,-0.012024265892937702,0.012529601944244167,0.1252745224130999,44,48,16
WMT,1988-08-22,3.875,3.890625,3.765625,3.78125,2.325937032699585,2823200,True,-0.024490966276194445,0.016544326416020827,0.16541487907088237,43,40,13
WMT,1988-08-23,3.78125,3.78125,3.703125,3.71875,2.2874913215637207,5278400,False,-0.016667258355241008,0.017381365284423068,0.1737838316479004,43,40,13
WMT,1988-08-24,3.703125,3.828125,3.703125,3.8125,2.345160722732544,4601600,False,0.02489821371986799,0.01924908364088772,0.19245781076946167,42,40,13
WMT,1988-08-25,3.75,3.8125,3.75,3.78125,2.325937032699585,3395200,False,-0.008230955364626993,0.018994638303135008,0.18991379394362357,42,40,13
WMT,1988-08-26,3.765625,3.828125,3.765625,3.796875,2.3355488777160645,2093600,False,0.004123946236684782,0.01936051674401968,0.19357195061508373,42,40,13
WMT,1988-08-29,3.796875,3.859375,3.796875,3.828125,2.3578765392303467,2044000,True,0.009514513587244313,0.016091912237411424,0.16089151349147993,43,40,13
WMT,1988-08-30,3.84375,3.875,3.828125,3.84375,2.367499589920044,3268000,False,0.004072930378263328,0.011993884280735749,0.1199182649084384,45,48,16
WMT,1988-08-31,3.875,3.875,3.75,3.75,2.309755086898804,3312000,False,-0.024692876940513368,0.0137415863540006,0.1373922871098553,44,48,16
WMT,1988-09-01,3.78125,3.78125,3.59375,3.71875,2.2905075550079346,7547200,False,-0.008368063176191647,0.01375465902554077,0.13752299139648352,44,48,16
WMT,1988-09-02,3.765625,3.875,3.765625,3.8125,2.3482532501220703,5039200,False,0.02489832120373642,0.018714419821239583,0.18711208989532382,42,40,13
WMT,1988-09-06,3.84375,3.90625,3.828125,3.90625,2.4059958457946777,4116800,True,0.02429213699573601,0.021358592817682195,0.2135492832539789,41,40,13
WMT,1988-09-07,3.90625,3.96875,3.875,3.96875,2.4444921016693115,4812800,False,0.015873481020876608,0.022005260626147365,0.22001485185112135,41,40,13
WMT,1988-09-08,3.9375,3.984375,3.921875,3.9375,2.425243854522705,4044000,False,-0.007905294069658089,0.016721361308746845,0.1671849242595002,43,40,13
WMT,1988-09-09,3.921875,3.984375,3.875,3.96875,2.4444921016693115,5329600,False,0.007905294069658005,0.013604464612636147,0.13602130495588705,44,48,16
WMT,1988-09-12,3.984375,3.984375,3.890625,3.90625,2.4059958457946777,4519200,True,-0.015873481020876597,0.016590723944056068,0.1658787747470282,43,40,13
WMT,1988-09-13,3.859375,3.859375,3.8125,3.859375,2.3771235942840576,3878400,False,-0.012072708009782919,0.013652127774154761,0.13649785479542012,44,48,16
WMT,1988-09-14,3.90625,3.96875,3.875,3.96875,2.4444921016693115,4745600,False,0.027946189030659555,0.018053355009544036,0.18050257596680602,42,40,13
WMT,1988-09-15,3.953125,3.984375,3.9375,3.9375,2.425243854522705,2820000,False,-0.007905294069658089,0.018053355009544036,0.18050257596680602,42,40,13
WMT,1988-09-16,3.921875,4.046875,3.921875,4.015625,2.473362684249878,10250400,False,0.01964655748832087,0.019997603618204844,0.1999417263074284,42,40,13
WMT,1988-09-19,3.984375,4.0,3.953125,3.96875,2.4444921016693115,3630400,True,-0.011741263418662823,0.019122528874464532,0.19119248023515453,42,40,13
WMT,1988-09-20,3.9375,3.984375,3.9375,3.984375,2.454115629196167,2694400,False,0.0039290918710201935,0.017172352051278462,0.1716940579203131,43,40,13
WMT,1988-09-21,3.96875,4.015625,3.953125,4.0,2.4637396335601807,3020000,False,0.003913908049502263,0.012296260323125922,0.1229415065459745,45,48,16
WMT,1988-09-22,4.0,4.015625,3.953125,4.0,2.4637396335601807,3231200,False,0.0,0.011236093340647641,0.11234165564894621,45,48,16
WMT,1988-09-23,4.0,4.0625,3.96875,4.03125,2.48298716545105,4270400,False,0.007781965654086756,0.0075192430930826224,0.07517953017068082,46,48,16
WMT,1988-09-26,4.015625,4.03125,3.953125,3.96875,2.4444921016693115,2249600,True,-0.015624965574609188,0.009157715023410524,0.09156143834880848,46,48,16
WMT,1988-09-27,3.984375,3.984375,3.953125,3.953125,2.4348666667938232,1408800,False,-0.003945373897681341,0.008988628202249384,0.08987086023933855,46,48,16
WMT,1988-09-28,3.96875,3.96875,3.953125,3.96875,2.4444921016693115,2639200,False,0.003945373897681297,0.008993441492046656,0.08991898487915331,46,48,16
WMT,1988-09-29,3.953125,4.0625,3.9375,4.03125,2.48298716545105,10095200,False,0.01562496557460929,0.011914888169361674,0.119128439328271,45,48,16
WMT,1988-09-30,4.03125,4.0625,4.015625,4.03125,2.48298716545105,5333600,False,0.0,0.01139529561705695,0.11393340526980439,45,48,16
WMT,1988-10-03,4.03125,4.0625,3.984375,4.046875,2.4926111698150635,4843200,True,0.003868486046343682,0.007318431400645556,0.07317175777879122,47,48,16
WMT,1988-10-04,4.0625,4.078125,4.03125,4.0625,2.5022358894348145,2894400,False,0.003853864359804855,0.0059275795025171395,0.059265625081141374,47,48,16
WMT,1988-10-05,4.078125,4.109375,4.046875,4.078125,2.51185941696167,5938400,False,0.003838594504301201,0.005934582251312934,0.059335640554488076,47,48,16
WMT,1988-10-06,4.0625,4.09375,4.046875,4.0625,2.5022358894348145,3092800,False,-0.0038385945043013124,0.0034409348719635097,0.034403445110068334,48,48,16
WMT,1988-10-07,4.109375,4.15625,4.078125,4.140625,2.550356149673462,10793600,False,0.019048328006231765,0.008348533189019297,0.0834710083176067,46,48,16
WMT,1988-10-10,4.109375,4.15625,4.109375,4.15625,2.559980154037476,3214400,True,0.0037664901758262936,0.008353194125820243,0.08351760968885014,46,48,16
WMT,1988-10-11,4.125,4.125,4.078125,4.125,2.5407304763793945,3267200,False,-0.0075478773219453295,0.010208445266498816,0.10206693804254409,45,48,16
WMT,1988-10-12,4.0625,4.078125,4.015625,4.046875,2.4926111698150635,4106400,False,-0.019120805219917655,0.014164223553517022,0.14161793398667022,44,48,16
WMT,1988-10-13,4.015625,4.09375,4.015625,4.078125,2.51185941696167,3159200,False,0.007692458864106149,0.014627267809001818,0.14624758209681107,44,48,16
WMT,1988-10-14,4.109375,4.140625,4.0625,4.09375,2.5214831829071045,3136000,False,0.003824010578214645,0.01100718101455715,0.11005292513275998,45,48,16
WMT,1988-10-17,4.109375,4.109375,4.046875,4.078125,2.51185941696167,2512800,True,-0.0038240105782145466,0.010475880255282656,0.10474082909235821,45,48,16
WMT,1988-10-18,4.0625,4.09375,4.03125,4.09375,2.5214831829071045,3592800,False,0.003824010578214645,0.010689750953801614,0.10687916913973909,45,48,16
WMT,1988-10-19,4.078125,4.125,3.984375,4.03125,2.48298716545105,5616800,False,-0.01538495548866448,0.009175332590877897,0.09173758379703395,46,48,16
WMT,1988-10-20,4.03125,4.15625,4.03125,4.15625,2.559980154037476,4749600,False,0.03053716858820663,0.01688982888061625,0.16886931093849836,43,40,13
WMT,1988-10-21,4.125,4.171875,4.09375,4.15625,2.559980154037476,6288000,False,0.0,0.01697456716837399,0.16971654843065442,43,40,13
WMT,1988-10-24,4.15625,4.171875,4.09375,4.09375,2.5214831829071045,4213600,True,-0.015152213099542174,0.018778335443460692,0.18775113645754632,42,40,13
WMT,1988-10-25,4.109375,4.109375,4.015625,4.046875,2.4926111698150635,2864000,False,-0.011516469442320725,0.01939657403589235,0.19393246167033984,42,40,13
WMT,1988-10-26,4.015625,4.03125,3.921875,3.921875,2.4156196117401123,6885600,False,-0.031375001385526465,0.023064075584853027,0.23060118483008968,40,40,13
WMT,1988-10-27,3.90625,3.921875,3.859375,3.890625,2.396371364593506,4580000,False,-0.008000160392070129,0.011600151227159506,0.11598160990020216,45,48,16
WMT,1988-10-28,3.890625,3.96875,3.890625,3.9375,2.425243854522705,3609600,False,0.011976416086985665,0.015567506958600905,0.1556483604251469,43,40,13
WMT,1988-10-31,3.953125,3.96875,3.90625,3.921875,2.4156196117401123,5103200,True,-0.003976255694915508,0.015591118019094168,0.15588443052059947,43,40,13
WMT,1988-11-01,3.921875,3.9375,3.875,3.921875,2.4156196117401123,5150400,False,0.0,0.015896228227886656,0.1589350091311513,43,40,13
WMT,1988-11-02,3.90625,3.921875,3.8125,3.859375,2.3771235942840576,6159200,False,-0.01606463926608603,0.010364673484225066,0.10362895217916208,45,48,16
WMT,1988-11-03,3.84375,3.953125,3.828125,3.828125,2.3578765392303467,5233600,False,-0.008129740451247895,0.010379787067699733,0.1037800620835441,45,48,16
WMT,1988-11-04,3.8125,3.875,3.8125,3.859375,2.3771235942840576,4810400,False,0.008129740451247898,0.009024149676597834,0.09022601403865421,46,48,16
WMT,1988-11-07,3.828125,3.828125,3.8125,3.828125,2.3578765392303467,2316000,True,-0.008129740451247895,0.009209737675174879,0.09208157561122457,46,48,16
WMT,1988-11-08,3.859375,3.921875,3.84375,3.875,2.386748075485229,4394400,False,0.012170359075309637,0.011995341801147835,0.11993283761189251,45,48,16
WMT,1988-11-09,3.875,3.875,3.78125,3.828125,2.3578765392303467,4111200,False,-0.012170359075309592,0.010969215827681011,0.10967333840084331,45,48,16
WMT,1988-11-10,3.828125,3.890625,3.8125,3.828125,2.3578765392303467,4038400,False,0.0,0.010349162280750874,0.10347386675698117,45,48,16
WMT,1988-11-11,3.8125,3.8125,3.71875,3.71875,2.2905075550079346,7187200,False,-0.028988009738441768,0.015224053276113415,0.15221441286351617,43,40,13
WMT,1988-11-14,3.78125,3.796875,3.734375,3.75,2.309755086898804,4031200,True,0.008368063176191638,0.016744611302704746,0.16741738430908076,43,40,13
WMT,1988-11-15,3.75,3.78125,3.734375,3.734375,2.300132274627685,3496000,False,-0.004174863936221408,0.014165023530698677,0.14162593238596646,44,48,16
WMT,1988-11-16,3.75,3.75,3.65625,3.703125,2.280882835388184,7412800,False,-0.008404055465043695,0.013945912365363,0.13943519666148368,44,48,16
WMT,1988-11-17,3.75,3.75,3.6875,3.71875,2.2905075550079346,5478400,False,0.004210856225073554,0.014560710795590235,0.14558212615451688,44,48,16
WMT,1988-11-18,3.734375,3.765625,3.71875,3.765625,2.3193790912628174,5751200,False,0.012526084032578173,0.008679511126317102,0.08678021983196792,46,48,16
WMT,1988-11-21,3.734375,3.734375,3.703125,3.734375,2.300132274627685,3760800,True,-0.008332884792607957,0.009064253963711511,0.09062698810289348,46,48,16
WMT,1988-11-22,3.71875,3.78125,3.71875,3.734375,2.300132274627685,2939200,False,0.0,0.008869881743375588,0.0886835993838175,46,48,16
WMT,1988-11-23,3.734375,3.765625,3.734375,3.75,2.309755086898804,1663200,False,0.004174863936221424,0.00758047997378132,0.07579179391359417,46,48,16
WMT,1988-11-25,3.71875,3.75,3.71875,3.734375,2.300132274627685,2651200,True,-0.004174863936221408,0.008026240464202502,0.08024863402684258,46,48,16
WMT,1988-11-28,3.75,3.765625,3.71875,3.75,2.309755086898804,3082400,True,0.004174863936221424,0.005437545589150167,0.05436612669831601,47,48,16
WMT,1988-11-29,3.734375,3.796875,3.734375,3.78125,2.3290045261383057,3311200,False,0.008299438357677248,0.0047446680644401195,0.047438540220702805,48,48,16
WMT,1988-11-30,3.765625,3.8125,3.75,3.78125,2.3290045261383057,5658400,False,0.0,0.0047446680644401195,0.047438540220702805,48,48,16
WMT,1988-12-01,3.78125,3.78125,3.71875,3.75,2.309755086898804,3490400,False,-0.008299438357677153,0.006569252847122411,0.06568125760868301,47,48,16
WMT,1988-12-02,3.71875,3.75,3.703125,3.734375,2.300132274627685,5009600,False,-0.004174863936221408,0.006569252847122411,0.06568125760868301,47,48,16
WMT,1988-12-05,3.734375,3.828125,3.71875,3.828125,2.361037254333496,4089600,True,0.026134405038266893,0.013617577616939155,0.13615241250094476,44,48,16
WMT,1988-12-06,3.765625,3.90625,3.765625,3.890625,2.3995845317840576,4041600,False,0.01619457358430503,0.014605830740517228,0.14603324819152866,44,48,16
WMT,1988-12-07,3.875,3.9375,3.875,3.90625,2.4092230796813965,4186400,False,0.004008711341160458,0.014303019505875153,0.1430056553781326,44,48,16
WMT,1988-12-08,3.875,3.90625,3.84375,3.875,2.3899476528167725,4037600,False,-0.008032858836418468,0.014233117058265948,0.1423067508336213,44,48,16
WMT,1988-12-09,3.84375,3.921875,3.84375,3.890625,2.3995845317840576,2484800,False,0.004024147495258046,0.013073955071073699,0.13071711973511407,44,48,16
WMT,1988-12-12,3.890625,3.953125,3.890625,3.921875,2.418858289718628,4433600,True,0.008000037125180461,0.008746132300497289,0.08744631727186758,46,48,16
WMT,1988-12-13,3.90625,3.953125,3.84375,3.953125,2.4381325244903564,5529600,False,0.007936739716228233,0.006576218724978457,0.06575090443589167,47,48,16
WMT,1988-12-14,3.90625,3.921875,3.859375,3.890625,2.3995845317840576,3336800,False,-0.015936776841408738,0.010706072088380054,0.10704235248336424,45,48,16
WMT,1988-12-15,3.90625,3.90625,3.84375,3.859375,2.38031005859375,3448000,False,-0.00806485469351628,0.010711482959644355,0.10709645191257919,45,48,16
WMT,1988-12-16,3.875,3.890625,3.84375,3.859375,2.38031005859375,8850400,False,0.0,0.01040440762852838,0.10402622545035146,45,48,16
WMT,1988-12-19,3.828125,3.890625,3.8125,3.890625,2.3995845317840576,5298400,True,0.008064854693516149,0.010419409017192802,0.1041762135991236,45,48,16
WMT,1988-12-20,3.90625,3.921875,3.828125,3.828125,2.361037254333496,3784800,False,-0.016194573584304924,0.01048623021024945,0.10484431088461563,45,48,16
WMT,1988-12-21,3.84375,3.875,3.828125,3.828125,2.361037254333496,4504000,False,0.0,0.009218122549047653,0.09216540996403005,46,48,16
WMT,1988-12-22,3.84375,3.875,3.84375,3.859375,2.38031005859375,4470400,False,0.008129718890788616,0.009917136986654133,0.09915435504151039,46,48,16
WMT,1988-12-23,3.875,3.921875,3.875,3.90625,2.4092230796813965,2636800,False,0.012073566034676571,0.011291758294030353,0.11289820967845153,45,48,16
WMT,1988-12-27,3.875,3.890625,3.84375,3.84375,2.3706729412078857,2128800,True,-0.016130465671622813,0.013275278497909212,0.1327300085930058,44,48,16
WMT,1988-12-28,3.875,3.890625,3.84375,3.875,2.3899476528167725,2778400,False,0.008097606835204427,0.011269456852929032,0.1126752335300053,45,48,16
WMT,1988-12-29,3.890625,3.96875,3.875,3.96875,2.447767972946167,4523200,False,0.023905114748292156,0.014567018115125892,0.1456451885284097,44,48,16
WMT,1988-12-30,3.9375,3.96875,3.890625,3.921875,2.418858289718628,2699200,False,-0.01188093012785371,0.016826534239389093,0.16823647312079873,43,40,13
WMT,1989-01-03,3.859375,3.875,3.75,3.796875,2.3417632579803467,7382400,True,-0.03239147307630462,0.021944635027046994,0.21940869987541584,41,40,13
WMT,1989-01-04,3.796875,3.875,3.78125,3.859375,2.38031005859375,4727200,False,0.016326581257608004,0.022861842363263905,0.2285791995855961,40,40,13
WMT,1989-01-05,3.875,3.90625,3.859375,3.875,2.3899476528167725,3860800,False,0.004040707198258206,0.02260919674661325,0.2260531768829983,40,40,13
WMT,1989-01-06,3.890625,3.921875,3.859375,3.875,2.3899476528167725,3652800,False,0.0,0.018432021706485745,0.1842885932580345,42,40,13
WMT,1989-01-09,3.890625,3.90625,3.8125,3.84375,2.3706729412078857,4435200,True,-0.008097606835204394,0.018143084332997113,0.18139971525279897,42,40,13
WMT,1989-01-10,3.875,3.875,3.828125,3.875,2.3899476528167725,4720800,False,0.008097606835204427,0.009097551254727202,0.09095990388491135,46,48,16
WMT,1989-01-11,3.90625,3.984375,3.84375,3.96875,2.447767972946167,6429600,False,0.023905114748292156,0.01186097072178882,0.11858935735866975,45,48,16
WMT,1989-01-12,3.96875,4.0,3.953125,3.96875,2.447767972946167,4117600,False,0.0,0.012127510892783463,0.12125430176583019,45,48,16
WMT,1989-01-13,3.953125,4.0,3.953125,3.984375,2.457406759262085,3668800,False,0.003930053157454705,0.011864684860925779,0.11862649237769342,45,48,16
WMT,1989-01-16,3.984375,4.0,3.953125,3.96875,2.447767972946167,2544800,True,-0.003930053157454807,0.010759664788891704,0.10757818753952175,45,48,16
WMT,1989-01-17,3.953125,3.96875,3.921875,3.953125,2.4381325244903564,3064000,False,-0.003944190411625466,0.011599720736920815,0.11597730573640706,45,48,16
WMT,1989-01-18,3.953125,3.96875,3.90625,3.96875,2.447767972946167,5696800,False,0.0039441904116255385,0.0039371281299688836,0.039364526371694394,48,48,16
WMT,1989-01-19,3.953125,3.984375,3.9375,3.984375,2.457406759262085,3389600,False,0.003930053157454705,0.004311617037246744,0.04310877293411523,48,48,16
WMT,1989-01-20,3.96875,4.015625,3.96875,3.984375,2.457406759262085,5016800,False,0.0,0.0039371281299688836,0.039364526371694394,48,48,16
WMT,1989-01-23,4.0,4.03125,3.921875,3.921875,2.418858289718628,3780000,True,-0.015810983285308458,0.008190153938334459,0.08188748754192858,46,48,16
WMT,1989-01-24,3.890625,4.03125,3.875,4.015625,2.4766807556152344,5948800,False,0.023623610982224718,0.014052122242638257,0.1404971132100237,44,48,16
WMT,1989-01-25,4.046875,4.046875,4.015625,4.046875,2.49595308303833,4510400,False,0.007751394751781926,0.014209044918277389,0.14206607073428953,44,48,16
WMT,1989-01-26,4.046875,4.09375,4.03125,4.0625,2.50559139251709,4846400,False,0.0038541380394752907,0.014209043753576428,0.14206605908927822,44,48,16
WMT,1989-01-27,4.109375,4.15625,4.078125,4.09375,2.524864435195923,8768800,False,0.007662580744347994,0.014098249212545736,0.1409583037690883,44,48,16
WMT,1989-01-30,4.09375,4.140625,4.078125,4.125,2.5441370010375977,3925600,True,0.007604124382296773,0.0077392699352232,0.07737942109218655,46,48,16
WMT,1989-01-31,4.140625,4.21875,4.109375,4.21875,2.601958990097046,5572800,False,0.022473122413298127,0.007237483431246716,0.07236241696717761,47,48,16
WMT,1989-02-01,4.203125,4.28125,4.15625,4.234375,2.611594915390014,5533600,False,0.003696494345244197,0.00774358413014377,0.07742255563953103,46,48,16
WMT,1989-02-02,4.25,4.28125,4.1875,4.1875,2.582686185836792,4201600,False,-0.011131098789277191,0.011994407067574127,0.11992349187987716,45,48,16
WMT,1989-02-03,4.15625,4.203125,4.15625,4.1875,2.582686185836792,3994400,False,0.0,0.012225910178729638,0.12223812580170547,45,48,16
WMT,1989-02-06,4.203125,4.21875,4.171875,4.203125,2.5923216342926025,3326400,True,0.003723843489820706,0.012104425126132282,0.12102348370755216,45,48,16
WMT,1989-02-07,4.1875,4.296875,4.1875,4.28125,2.64050555229187,6838400,False,0.01841653780917292,0.01057531715047924,0.10573502744051212,45,48,16
WMT,1989-02-08,4.3125,4.375,4.234375,4.328125,2.669416904449463,5928000,False,0.010889664810163626,0.011175970387442637,0.11174052926980517,45,48,16
WMT,1989-02-09,4.296875,4.3125,4.21875,4.265625,2.6308696269989014,4776800,False,-0.014545612527032604,0.012398192022501496,0.12396064865558451,45,48,16
WMT,1989-02-10,4.203125,4.234375,4.171875,4.171875,2.573049306869507,4006400,False,-0.022222751889525383,0.01713367455821711,0.1713073493486475,43,40,13
WMT,1989-02-13,4.171875,4.1875,4.109375,4.1875,2.582686185836792,4812800,True,0.0037383183074007915,0.01713462015616706,0.17131680370578528,43,40,13
WMT,1989-02-14,4.203125,4.265625,4.1875,4.203125,2.5923216342926025,4176000,False,0.003723843489820706,0.014000166125232992,0.13997764117704553,44,48,16
WMT,1989-02-15,4.171875,4.28125,4.171875,4.28125,2.64050555229187,3537600,False,0.01841653780917292,0.01619196933957743,0.16189191284523938,43,40,13
WMT,1989-02-16,4.265625,4.28125,4.25,4.265625,2.6308696269989014,2636000,False,-0.003655947716869024,0.0147836696580443,0.14781133224869228,44,48,16
WMT,1989-02-17,4.25,4.296875,4.25,4.296875,2.650143623352051,5810400,False,0.0072993878324556175,0.008052120352197413,0.08050738850468586,46,48,16
WMT,1989-02-21,4.296875,4.3125,4.1875,4.203125,2.5923216342926025,3227200,True,-0.02205997792475947,0.015029571813794362,0.15026993191203528,43,40,13
WMT,1989-02-22,4.171875,4.1875,4.09375,4.125,2.5441370010375977,4505600,False,-0.01876236145908581,0.01713242155513758,0.17129482146762873,43,40,13
WMT,1989-02-23,4.09375,4.125,4.046875,4.09375,2.524864435195923,5244800,False,-0.007604124382296749,0.01185363568871959,0.1185160196126886,45,48,16
WMT,1989-02-24,4.078125,4.109375,3.96875,4.0,2.4670424461364746,5100800,False,-0.023167329287403626,0.012842737652819094,0.1284053422521317,44,48,16
WMT,1989-02-27,3.96875,4.03125,3.953125,4.0,2.4670424461364746,3639200,True,0.0,0.010100525317228659,0.10098792370802442,45,48,16
WMT,1989-02-28,4.0,4.015625,3.953125,3.984375,2.457406759262085,4019200,False,-0.003913411945117608,0.009881392084723224,0.09879696734970468,46,48,16
WMT,1989-03-01,3.984375,4.03125,3.921875,3.9375,2.428495407104492,6537600,False,-0.01183473946819539,0.008903776921183219,0.0890224930079608,46,48,16
WMT,1989-03-02,3.96875,4.03125,3.953125,4.015625,2.4766807556152344,5992000,False,0.019647367165111528,0.01584193796793623,0.1583921996774083,43,40,13
WMT,1989-03-03,4.03125,4.03125,3.96875,3.984375,2.457406759262085,3195200,False,-0.007812627696916112,0.012241007727850143,0.122389075390056,45,48,16
WMT,1989-03-06,4.046875,4.046875,3.984375,4.03125,2.486316204071045,6504000,True,0.011695547892220985,0.013482447403040207,0.1348013422047693,44,48,16
WMT,1989-03-07,4.046875,4.140625,4.015625,4.0625,2.50559139251709,6291200,False,0.007722612595952456,0.013305345173922645,0.133030623767765,44,48,16
WMT,1989-03-08,4.0625,4.15625,4.0625,4.125,2.5441370010375977,4215200,False,0.015266705126644759,0.010532548692811177,0.10530741624164458,45,48,16
WMT,1989-03-09,4.09375,4.15625,4.09375,4.125,2.5441370010375977,2308000,False,0.0,0.009302023820353425,0.09300427872773494,46,48,16
WMT,1989-03-10,4.140625,4.140625,4.046875,4.109375,2.5345025062561035,4699200,False,-0.0037941288509910466,0.007953690360547222,0.07952325746445217,46,48,16
WMT,1989-03-13,4.09375,4.234375,4.09375,4.203125,2.5923216342926025,4010400,True,0.022556490310076675,0.01080811219269554,0.10806257845638309,45,48,16
WMT,1989-03-14,4.21875,4.234375,4.171875,4.203125,2.5923216342926025,3215200,False,0.0,0.011452810569148849,0.11450845611236007,45,48,16
WMT,1989-03-15,4.203125,4.234375,4.15625,4.171875,2.573049306869507,4480000,False,-0.007462161797221505,0.011761543532364626,0.11759525605158756,45,48,16
WMT,1989-03-16,4.1875,4.234375,4.15625,4.234375,2.611594915390014,5064000,False,0.014869417096678009,0.012874435172771858,0.1287222630682464,44,48,16
WMT,1989-03-17,4.03125,4.203125,4.0,4.109375,2.5386223793029785,13012800,False,-0.02833954985425358,0.019925995346299002,0.19922576644663229,42,40,13
WMT,1989-03-20,4.0625,4.0625,3.96875,4.046875,2.5000128746032715,5873600,True,-0.01532568183908003,0.01621620996735627,0.16213427753339957,43,40,13
WMT,1989-03-21,4.0625,4.0625,3.984375,3.984375,2.46140193939209,5876800,False,-0.015564800024057293,0.015968194966194338,0.15965455304094525,43,40,13
WMT,1989-03-22,3.984375,4.03125,3.984375,4.015625,2.4807071685791016,8811200,False,0.007812586472209237,0.01799481876426722,0.1799173139446332,42,40,13
WMT,1989-03-23,4.0,4.03125,3.984375,3.984375,2.46140193939209,3598400,False,-0.007812586472209242,0.013235400380099894,0.1323312958337716,44,48,16
WMT,1989-03-27,3.984375,4.109375,3.984375,4.109375,2.5386223793029785,4622400,True,0.03089048186313738,0.019706816131290248,0.1970343503421715,42,40,13
WMT,1989-03-28,4.109375,4.140625,4.0625,4.078125,2.5193185806274414,3312000,False,-0.0076331030967636306,0.018472865192233272,0.1846969580403697,42,40,13
WMT,1989-03-29,4.0625,4.109375,4.0625,4.078125,2.5193185806274414,2591200,False,0.0,0.016018567460744083,0.16015819156238884,43,40,13
WMT,1989-03-30,4.0625,4.109375,4.03125,4.078125,2.5193185806274414,3984000,False,0.0,0.016014168088027754,0.16011420538322627,43,40,13
WMT,1989-03-31,4.078125,4.125,4.03125,4.0625,2.5096659660339355,5645600,False,-0.003838797418304173,0.015425678574434873,0.15423031991834665,43,40,13
WMT,1989-04-03,4.0625,4.109375,4.03125,4.09375,2.528972148895264,5827200,True,0.007663291906335824,0.005675067652447472,0.05674093981485025,47,48,16
WMT,1989-04-04,4.09375,4.15625,4.09375,4.140625,2.5579280853271484,2781600,False,0.011384634196045601,0.006261165729568888,0.06260091501800111,47,48,16
WMT,1989-04-05,4.125,4.171875,4.03125,4.15625,2.5675809383392334,2724000,False,0.003766597377861399,0.006025859360490448,0.06024825504219048,47,48,16
WMT,1989-04-06,4.125,4.171875,4.125,4.140625,2.5579280853271484,3500800,False,-0.003766597377861436,0.006804103482207205,0.06802936102645966,47,48,16
WMT,1989-04-07,4.125,4.21875,4.09375,4.203125,2.596538543701172,4896800,False,0.014981639546870401,0.007238054056345691,0.07236812223914628,47,48,16
WMT,1989-04-10,4.203125,4.265625,4.1875,4.265625,2.6351473331451416,6868000,True,0.01475986566180855,0.008093449462238491,0.0809206086967713,46,48,16
WMT,1989-04-11,4.265625,4.28125,4.234375,4.25,2.625496625900269,3139200,False,-0.0036690253688649063,0.00932985229838474,0.09328251576274768,46,48,16
WMT,1989-04-12,4.28125,4.28125,4.21875,4.25,2.625496625900269,3540000,False,0.0,0.009623430811695997,0.09621779720340914,46,48,16
WMT,1989-04-13,4.234375,4.28125,4.21875,4.21875,2.6061911582946777,3928000,False,-0.007380239811425575,0.010492293329424562,0.10490493167387739,45,48,16
WMT,1989-04-14,4.265625,4.3125,4.265625,4.3125,2.664106607437134,5980800,False,0.021978940527198045,0.012618108460032586,0.1261594357204165,44,48,16
WMT,1989-04-17,4.3125,4.390625,4.28125,4.390625,2.7123680114746094,7855200,True,0.017953288634289827,0.013289836009597161,0.1328755587335726,44,48,16
WMT,1989-04-18,4.40625,4.5,4.40625,4.5,2.779936075210572,8304000,False,0.024605874591123022,0.014246991976279278,0.14244547620856743,44,48,16
WMT,1989-04-19,4.5,4.515625,4.453125,4.5,2.779936075210572,7840800,False,0.0,0.014246991976279278,0.14244547620856743,44,48,16
WMT,1989-04-20,4.46875,4.5,4.4375,4.453125,2.7509799003601074,5108000,False,-0.010470757296973443,0.015295625450595832,0.15293001181201035,43,40,13
WMT,1989-04-21,4.453125,4.546875,4.453125,4.546875,2.8088951110839844,6954400,False,0.020834031507576872,0.015093925827772836,0.150913361639683,43,40,13
WMT,1989-04-24,4.53125,4.546875,4.5,4.515625,2.7895898818969727,2463200,True,-0.006896617827709592,0.0161174798745723,0.1611471459967114,43,40,13
WMT,1989-04-25,4.5,4.546875,4.453125,4.453125,2.7509799003601074,2831200,False,-0.013937413679867245,0.013816485742597912,0.13814115249099948,44,48,16
WMT,1989-04-26,4.453125,4.484375,4.421875,4.4375,2.741325855255127,3417600,False,-0.003515483469822356,0.013772654996816222,0.13770292023356262,44,48,16
WMT,1989-04-27,4.421875,4.484375,4.40625,4.46875,2.760631799697876,5738400,False,0.007017874323703351,0.013555695685902373,0.13553369936136297,44,48,16
WMT,1989-04-28,4.46875,4.5,4.4375,4.5,2.779936075210572,2807200,False,0.006968366443092653,0.009089866088225936,0.0908830654053335,46,48,16
WMT,1989-05-01,4.4375,4.453125,4.359375,4.390625,2.7123680114746094,3887200,True,-0.02460587459112296,0.013713628990492558,0.137112761441204,44,48,16
WMT,1989-05-02,4.359375,4.375,4.3125,4.3125,2.664106607437134,4712000,False,-0.017953288634289858,0.01442223797742264,0.14419763555055876,44,48,16
WMT,1989-05-03,4.328125,4.46875,4.28125,4.375,2.702716112136841,7472800,False,0.014388465138006307,0.017265330080976537,0.17262367869495293,43,40,13
WMT,1989-05-04,4.375,4.453125,4.359375,4.453125,2.7509799003601074,4024800,False,0.01769994079043301,0.01932737859061084,0.19324062593610208,42,40,13
WMT,1989-05-05,4.484375,4.546875,4.46875,4.46875,2.760631799697876,5689600,False,0.003502390853880785,0.019043637951485018,0.19040370635846107,42,40,13
WMT,1989-05-08,4.453125,4.453125,4.359375,4.40625,2.722021102905273,3752800,True,-0.014084909546755097,0.016207742232247017,0.16204961471039428,43,40,13
WMT,1989-05-09,4.421875,4.453125,4.296875,4.390625,2.7123680114746094,4373600,False,-0.0035525986012751904,0.013030004738205685,0.13027769181198948,44,48,16
WMT,1989-05-10,4.390625,4.40625,4.34375,4.390625,2.7123680114746094,5187200,False,0.0,0.011554422163486995,0.1155243977207998,45,48,16
WMT,1989-05-11,4.40625,4.4375,4.390625,4.421875,2.7316744327545166,4934400,False,0.007092708190348586,0.008118801939507312,0.08117408997223188,46,48,16
WMT,1989-05-12,4.515625,4.578125,4.5,4.578125,2.8281986713409424,8520000,False,0.034725230592967456,0.0183726368400721,0.18369484648047207,42,40,13
WMT,1989-05-15,4.578125,4.640625,4.578125,4.640625,2.866808652877808,6854400,True,0.013559446336643237,0.01512833427252382,0.1512573870526481,43,40,13
WMT,1989-05-16,4.59375,4.71875,4.59375,4.703125,2.905419111251831,8068800,False,0.013378208835028951,0.0129761017429883,0.129738754341147,44,48,16
WMT,1989-05-17,4.6875,4.796875,4.671875,4.75,2.934377908706665,6503200,False,0.009917822393075282,0.01094811763322372,0.10946239265442795,45,48,16
WMT,1989-05-18,4.765625,4.875,4.75,4.875,3.0115976333618164,8417600,False,0.02597523848617427,0.010468050996268234,0.10466254993486825,45,48,16
WMT,1989-05-19,4.875,4.96875,4.875,4.90625,3.030904054641724,10421600,False,0.006390229734281577,0.007389831544113125,0.07388563671229041,47,48,16
WMT,1989-05-22,4.96875,4.984375,4.875,4.90625,3.030904054641724,7263200,True,0.0,0.009659803555874827,0.09658146224050554,46,48,16
WMT,1989-05-23,4.875,4.890625,4.765625,4.78125,2.953683376312256,5215200,False,-0.025807949250915507,0.018879050038508375,0.18875810961206246,42,40,13
WMT,1989-05-24,4.78125,4.828125,4.78125,4.8125,2.9729881286621094,3584000,False,0.0065145573218300685,0.018640425936618892,0.1863722780003733,42,40,13
WMT,1989-05-25,4.78125,4.8125,4.765625,4.796875,2.9633355140686035,2839200,False,-0.0032520541943092925,0.013301338192650534,0.13299056082981886,44,48,16
WMT,1989-05-26,4.765625,4.828125,4.75,4.828125,2.9826409816741943,3532800,False,0.006493646740073882,0.013320106544397166,0.13317821214643716,44,48,16
WMT,1989-05-30,4.828125,4.84375,4.78125,4.8125,2.9729881286621094,4720800,True,-0.0032415925457646255,0.013203161874260847,0.1320089660869632,44,48,16
WMT,1989-05-31,4.8125,4.8125,4.734375,4.734375,2.924726247787476,3712000,False,-0.01636666515395997,0.009409378384282841,0.09407764017887843,46,48,16
WMT,1989-06-01,4.765625,4.828125,4.75,4.8125,2.9729881286621094,6616000,False,0.01636666515395992,0.012237102222585805,0.12235002703808529,45,48,16
WMT,1989-06-02,4.84375,4.90625,4.84375,4.890625,3.02125096321106,6436000,False,0.016103420889698433,0.013899677225987879,0.13897292459332894,44,48,16
WMT,1989-06-05,4.90625,4.921875,4.8125,4.828125,2.9826409816741943,4083200,True,-0.012861828343933804,0.015580357597437035,0.15577684476567608,43,40,13
WMT,1989-06-06,4.875,4.90625,4.8125,4.90625,3.030904054641724,6255200,False,0.016051799383321005,0.016909283827529674,0.16906382702879372,43,40,13
WMT,1989-06-07,4.9375,5.0,4.9375,5.0,3.088818311691284,9016800,False,0.018927651479305273,0.013346977089478568,0.13344687149547566,44,48,16
WMT,1989-06-08,5.015625,5.015625,4.9375,4.953125,3.059861183166504,4803200,False,-0.009419044409297313,0.015519909914200531,0.15517247164335912,43,40,13
WMT,1989-06-09,4.953125,5.0,4.890625,5.0,3.088818311691284,4124000,False,0.009419044409297273,0.014670905155323755,0.1466838806914657,44,48,16
WMT,1989-06-12,4.984375,4.984375,4.890625,4.9375,3.0544087886810303,3882400,True,-0.011202542997307585,0.014193147547429629,0.14190712430092006,44,48,16
WMT,1989-06-13,4.90625,4.953125,4.890625,4.921875,3.044743537902832,2992800,False,-0.003169377759809007,0.012913982482167985,0.12911766831091648,44,48,16
WMT,1989-06-14,4.921875,4.9375,4.875,4.90625,3.0350759029388428,3408000,False,-0.0031802402048954166,0.0080851248758614,0.08083737711548744,46,48,16
WMT,1989-06-15,4.859375,4.875,4.796875,4.828125,2.9867477416992188,3891200,False,-0.016051349795772895,0.009683005707037505,0.0968134439442177,46,48,16
WMT,1989-06-16,4.765625,4.890625,4.765625,4.859375,3.006080389022827,12952800,False,0.00645195021991763,0.008623918725411258,0.08622439120275306,46,48,16
WMT,1989-06-19,4.84375,4.953125,4.84375,4.9375,3.0544087886810303,3100800,True,0.015949017540559718,0.011977098308447369,0.11975043398523558,45,48,16
WMT,1989-06-20,4.9375,5.03125,4.9375,5.0,3.0930721759796143,6627200,False,0.012578777328285471,0.012965177799738568,0.12962953365085156,44,48,16
WMT,1989-06-21,5.0,5.03125,4.9375,4.9375,3.0544087886810303,4065600,False,-0.012578777328285466,0.014680194148114022,0.1467767546822499,44,48,16
WMT,1989-06-22,4.9375,4.953125,4.90625,4.9375,3.0544087886810303,3814400,False,0.0,0.011314696515786222,0.11312755254091911,45,48,16
WMT,1989-06-23,4.953125,5.03125,4.953125,5.03125,3.11240291595459,4598400,False,0.018809018274189484,0.013066918117494193,0.13064676227261537,44,48,16
WMT,1989-06-26,5.015625,5.09375,5.0,5.015625,3.1027379035949707,3057600,True,-0.0031101532309822755,0.012556000826091158,0.12553846593902657,44,48,16
WMT,1989-06-27,5.03125,5.078125,5.015625,5.015625,3.1027379035949707,3498400,False,0.0,0.011398803349078163,0.11396847657180313,45,48,16
WMT,1989-06-28,5.03125,5.03125,4.9375,5.0,3.0930721759796143,3838400,False,-0.0031200877149216606,0.009240428035173526,0.09238842655578174,46,48,16
WMT,1989-06-29,4.96875,4.96875,4.84375,4.859375,3.006080389022827,6608000,False,-0.028527794868845192,0.016853397408867526,0.16850505872646188,43,40,13
WMT,1989-06-30,4.828125,4.84375,4.703125,4.765625,2.94808292388916,7033600,False,-0.019481931033598347,0.01249393769597701,0.12491794111955426,45,48,16
WMT,1989-07-03,4.78125,4.796875,4.75,4.765625,2.94808292388916,2292800,True,0.0,0.013040936470555884,0.13038699037992588,44,48,16
WMT,1989-07-05,4.765625,4.796875,4.71875,4.75,2.938419342041016,4684000,True,-0.003283304785343875,0.012467339969672891,0.12465200949021359,45,48,16
WMT,1989-07-06,4.78125,4.796875,4.75,4.78125,2.9577507972717285,2909600,False,0.006557315695564108,0.014550793424659546,0.1454829694604364,44,48,16
WMT,1989-07-07,4.765625,4.859375,4.75,4.828125,2.9867477416992188,4383200,False,0.009755969903460485,0.011403700415564823,0.11401743883477616,45,48,16
WMT,1989-07-10,4.84375,4.890625,4.828125,4.875,3.015744686126709,2907200,True,0.009661709812905369,0.00590176880291511,0.059007562368520436,47,48,16
WMT,1989-07-11,4.875,4.96875,4.875,4.953125,3.064073085784912,5808800,False,0.01589831123540732,0.007021835872956191,0.07020631137063815,47,48,16
WMT,1989-07-12,4.9375,4.984375,4.90625,4.96875,3.0737383365631104,2504800,False,0.003149415354141779,0.004711475149133722,0.04710666801670054,48,48,16
WMT,1989-07-13,4.953125,4.984375,4.921875,4.9375,3.0544087886810303,2006400,False,-0.006308468641977082,0.008428904897718758,0.0842745875109166,46,48,16
WMT,1989-07-14,4.953125,5.0,4.8125,4.96875,3.0737383365631104,5978400,False,0.006308468641977164,0.008227559772251605,0.08226148170393681,46,48,16
WMT,1989-07-17,4.984375,5.0625,4.96875,5.046875,3.1220703125,3836000,True,0.015601823449420736,0.009294720299593419,0.09293125605078037,46,48,16
WMT,1989-07-18,5.03125,5.109375,4.984375,5.046875,3.1220703125,3248000,False,0.0,0.008102584061578504,0.08101193901794568,46,48,16
WMT,1989-07-19,5.09375,5.234375,5.078125,5.234375,3.23806095123291,7683200,False,0.03647833534639921,0.01666741438980057,0.16664554762672878,43,40,13
WMT,1989-07-20,5.234375,5.265625,5.125,5.140625,3.180065631866455,6804000,False,-0.01807284327596698,0.020096254593574708,0.2009280668057172,41,40,13
WMT,1989-07-21,5.125,5.34375,5.09375,5.34375,3.3057219982147217,6762400,False,0.03875307025805135,0.024205883661749025,0.24201730659972623,40,40,13
WMT,1989-07-24,5.265625,5.328125,5.21875,5.296875,3.2767221927642822,4025600,True,-0.008811314531736426,0.02631180846131961,0.26307294146171806,39,40,13
WMT,1989-07-25,5.28125,5.3125,5.140625,5.1875,3.2090632915496826,3659200,False,-0.020864506185964037,0.029669023126064537,0.29663932813830185,38,40,13
WMT,1989-07-26,5.203125,5.296875,5.171875,5.28125,3.2670552730560303,3336000,False,0.017909966001530872,0.025720948059224955,0.25716535117955247,39,40,13
WMT,1989-07-27,5.296875,5.359375,5.28125,5.359375,3.315387487411499,3605600,False,0.014685454847697593,0.02347272092966032,0.23468693716562872,40,40,13
WMT,1989-07-28,5.328125,5.375,5.3125,5.328125,3.2960541248321533,2822400,False,-0.00584847263902544,0.016446012600304375,0.1644319095906631,43,40,13
WMT,1989-07-31,5.375,5.40625,5.34375,5.40625,3.344383716583252,3479200,True,0.014556403140130418,0.01683969500095471,0.16836805815654546,43,40,13
WMT,1989-08-01,5.390625,5.484375,5.265625,5.3125,3.28638768196106,5700000,False,-0.017493443862570242,0.015613785656471387,0.15611106800352195,43,40,13
WMT,1989-08-02,5.28125,5.3125,5.203125,5.234375,3.23806095123291,4952800,False,-0.014814313752147078,0.015583222967442335,0.15580549354961576,43,40,13
WMT,1989-08-03,5.21875,5.265625,5.21875,5.25,3.2477245330810547,3620800,False,0.0029799286524493365,0.013185426680348064,0.13183164457609522,44,48,16
WMT,1989-08-04,5.21875,5.25,5.203125,5.21875,3.2283921241760254,2372000,False,-0.005970388538171159,0.013189525048090884,0.13187262122195673,44,48,16
WMT,1989-08-07,5.21875,5.390625,5.21875,5.390625,3.3347151279449463,5345600,True,0.03240303789105601,0.02011399037837512,0.20110539422444768,41,40,13
WMT,1989-08-08,5.40625,5.421875,5.0625,5.171875,3.1993958950042725,16393600,False,-0.041425247639323724,0.026861031276953842,0.2685642273168576,39,40,13
WMT,1989-08-09,5.140625,5.21875,5.0625,5.109375,3.1607322692871094,8720800,False,-0.012158277632349048,0.026652909302990645,0.2664833646519516,39,40,13
WMT,1989-08-10,5.125,5.1875,5.046875,5.1875,3.2090632915496826,8830400,False,0.015175353530722512,0.028067267360394742,0.2806245186128571,38,40,13
WMT,1989-08-11,5.265625,5.28125,5.078125,5.125,3.1703972816467285,6724000,False,-0.012122179593950917,0.02839608430702164,0.28391212392811943,38,40,13
WMT,1989-08-14,5.109375,5.15625,5.0625,5.09375,3.1510660648345947,3902400,True,-0.006116076614480242,0.02022842235027417,0.20224951761258356,41,40,13
WMT,1989-08-15,5.125,5.140625,5.078125,5.09375,3.1510660648345947,5388800,False,0.0,0.011359267527261963,0.11357318618522312,45,48,16
WMT,1989-08-16,5.109375,5.125,5.0625,5.109375,3.1607322692871094,3801600,False,0.0030629026777085687,0.010295950160836636,0.10294183685383591,45,48,16
WMT,1989-08-17,5.109375,5.140625,5.09375,5.109375,3.1607322692871094,4600000,False,0.0,0.006076115805323948,0.06075073326557803,47,48,16
WMT,1989-08-18,5.109375,5.1875,5.09375,5.1875,3.2090632915496826,6156000,False,0.015175353530722512,0.007869079887892394,0.07867729790403298,46,48,16
WMT,1989-08-21,5.203125,5.234375,5.0625,5.0625,3.131734132766724,5186400,True,-0.024392197912697734,0.014379480579178164,0.14377013492695243,44,48,16
WMT,1989-08-22,5.0625,5.140625,5.03125,5.09375,3.1510660648345947,6009600,False,0.006153941704266491,0.014769250531994352,0.14766716572707733,44,48,16
WMT,1989-08-23,5.109375,5.15625,5.09375,5.140625,3.180065631866455,4457600,False,0.00916100666808035,0.01532667887224173,0.15324049275013543,43,40,13
WMT,1989-08-24,5.1875,5.3125,5.140625,5.296875,3.2767221927642822,8615200,False,0.029941755726314877,0.01989849337111599,0.19895079387992184,42,40,13
WMT,1989-08-25,5.3125,5.359375,5.25,5.296875,3.2767221927642822,5060800,False,0.0,0.019533417346830506,0.19530065999774798,42,40,13
WMT,1989-08-28,5.25,5.296875,5.234375,5.296875,3.280981063842773,3144800,True,0.0012988912460984766,0.012108945087564712,0.12106867556698178,45,48,16
WMT,1989-08-29,5.234375,5.265625,5.203125,5.21875,3.232588052749634,4369600,False,-0.01485941138061619,0.01637407078479615,0.16371261486610367,43,40,13
WMT,1989-08-30,5.203125,5.296875,5.1875,5.25,3.2519450187683105,4823200,False,0.005970213522209684,0.016238256949434784,0.1623547095281929,43,40,13
WMT,1989-08-31,5.25,5.28125,5.21875,5.28125,3.27130126953125,2833600,False,0.005934562859190529,0.008555749724642018,0.08554281815256787,46,48,16
WMT,1989-09-01,5.28125,5.296875,5.234375,5.25,3.2519450187683105,3476000,False,-0.005934562859190535,0.008902923625331717,0.0890139615134449,46,48,16
WMT,1989-09-05,5.234375,5.28125,5.15625,5.25,3.2519450187683105,2907200,True,0.0,0.008818730932301948,0.08817217903249208,46,48,16
WMT,1989-09-06,5.21875,5.21875,5.109375,5.140625,3.1841986179351807,4196800,False,-0.021052638603474647,0.011222735908216257,0.1122081042419699,45,48,16
WMT,1989-09-07,5.0625,5.125,5.03125,5.0625,3.1358041763305664,5773600,False,-0.015314989275025725,0.01099635950917642,0.10994472864540193,45,48,16
WMT,1989-09-08,5.046875,5.09375,4.953125,5.078125,3.145482063293457,6840000,False,0.003081500906610356,0.01018362252178253,0.10181875318374707,45,48,16
WMT,1989-09-11,5.03125,5.078125,5.0,5.078125,3.145482063293457,3640800,True,0.0,0.010789634919013144,0.10787783742100475,45,48,16
WMT,1989-09-12,5.046875,5.078125,5.015625,5.015625,3.1067707538604736,3005600,False,-0.01238331374328326,0.01028913301397825,0.10287367708142618,45,48,16
WMT,1989-09-13,5.015625,5.046875,4.96875,4.96875,3.077733039855957,5384000,False,-0.009390543965099325,0.007972976265473691,0.07971608342490319,46,48,16
WMT,1989-09-14,4.9375,4.96875,4.921875,4.953125,3.0680551528930664,5364800,False,-0.003149439798092725,0.00643293436858976,0.06431830670487532,47,48,16
WMT,1989-09-15,4.96875,5.015625,4.9375,5.015625,3.1067707538604736,12548800,False,0.012539983763191981,0.00972149226193013,0.0971982434617885,46,48,16
WMT,1989-09-18,5.0,5.015625,4.90625,4.9375,3.058378219604492,4112000,True,-0.01569906205491594,0.011151631297234371,0.11149718012628265,45,48,16
WMT,1989-09-19,4.953125,4.984375,4.921875,4.953125,3.0680551528930664,3980800,False,0.0031590782917238556,0.010958359437941854,0.10956479312975205,45,48,16
WMT,1989-09-20,4.9375,4.96875,4.921875,4.9375,3.058378219604492,4679200,False,-0.003159078291723864,0.0103154106127145,0.10313640798433081,45,48,16
WMT,1989-09-21,4.984375,5.015625,4.953125,4.96875,3.077733039855957,3739200,False,0.006308518089816625,0.010741099801380834,0.1073925695163492,45,48,16
WMT,1989-09-22,4.984375,5.015625,4.96875,4.984375,3.08741307258606,3156800,False,0.003140246965195098,0.008778744353339349,0.0877723818478118,46,48,16
WMT,1989-09-25,4.96875,4.984375,4.90625,4.921875,3.04870080947876,3879200,True,-0.012618011164234959,0.007530330078406992,0.07529038100199151,46,48,16
WMT,1989-09-26,4.9375,5.015625,4.890625,4.953125,3.0680551528930664,4559200,False,0.006328324400947107,0.008045188354065922,0.08043808041659534,46,48,16
WMT,1989-09-27,4.9375,5.046875,4.921875,5.03125,3.116447687149048,3959200,False,0.015649931189825685,0.010284515371022943,0.10282750857435992,45,48,16
WMT,1989-09-28,5.015625,5.125,5.015625,5.125,3.174517869949341,4397600,False,0.018461977473227784,0.012279587831970676,0.12277481023940352,45,48,16
WMT,1989-09-29,5.140625,5.15625,5.078125,5.125,3.174517869949341,3468000,False,0.0,0.012552008281991019,0.12549854734803031,44,48,16
WMT,1989-10-02,5.125,5.125,5.046875,5.125,3.174517869949341,2656000,True,0.0,0.00864190601282135,0.08640423321607747,46,48,16
WMT,1989-10-03,5.171875,5.234375,5.109375,5.234375,3.2422690391540527,4744000,False,0.02111763659115243,0.010267168546719354,0.10265407009325843,45,48,16
WMT,1989-10-04,5.21875,5.234375,5.15625,5.1875,3.2132339477539062,5208800,False,-0.008995515066866916,0.013044549210668954,0.13042311158268086,44,48,16
WMT,1989-10-05,5.203125,5.296875,5.15625,5.28125,3.27130126953125,7096000,False,0.017909957150217058,0.012915642470803894,0.1291342653492342,44,48,16
WMT,1989-10-06,5.34375,5.5,5.328125,5.4375,3.36808705329895,12353600,False,0.029157095721052857,0.01578848464386295,0.15785775814650643,43,40,13
WMT,1989-10-09,5.46875,5.46875,5.40625,5.453125,3.377765893936157,2872800,True,0.002869569602111407,0.015295044548082004,0.1529242037835261,43,40,13
WMT,1989-10-10,5.484375,5.5,5.46875,5.46875,3.3874435424804688,3839200,False,0.002861006813320472,0.014870413872764544,0.14867862556890585,44,48,16
WMT,1989-10-11,5.46875,5.5,5.421875,5.421875,3.358409881591797,3644800,False,-0.00860790720954109,0.01475527316566203,0.1475274160447118,44,48,16
WMT,1989-10-12,5.421875,5.4375,5.375,5.4375,3.36808705329895,3908800,False,0.002877330794108944,0.013954424687382798,0.13952030527709672,44,48,16
WMT,1989-10-13,5.390625,5.421875,4.96875,5.0,3.0970921516418457,11075200,False,-0.08388128754531261,0.037840623702978075,0.3783413138980105,34,32,10
WMT,1989-10-16,4.625,5.46875,4.625,5.359375,3.3196964263916016,24350400,True,0.06940968523409029,0.0545073206434283,0.5449796882621633,28,32,10
WMT,1989-10-17,5.21875,5.3125,5.140625,5.265625,3.261624813079834,6201600,False,-0.01764786077950901,0.054683342517514,0.5467396050024133,28,32,10
WMT,1989-10-18,5.1875,5.265625,5.1875,5.203125,3.222912311553955,3865600,False,-0.011940084759599243,0.05471944684223297,0.5471005863054381,28,32,10
WMT,1989-10-19,5.25,5.390625,5.234375,5.375,3.3293747901916504,6736000,False,0.032499140297046224,0.05774351248019502,0.5773360542977467,26,24,8
WMT,1989-10-20,5.40625,5.46875,5.328125,5.4375,3.36808705329895,7903200,False,0.011560407553284283,0.03554694108234951,0.35540842296140185,35,32,10
WMT,1989-10-23,5.40625,5.453125,5.34375,5.40625,3.348730087280273,5005600,True,-0.0057637476802837075,0.020383235745777394,0.20379738595438082,41,40,13
WMT,1989-10-24,5.375,5.375,5.171875,5.375,3.3293747901916504,8200800,False,-0.005796659873000648,0.018129326152662304,0.1812621570543513,42,40,13
WMT,1989-10-25,5.328125,5.359375,5.296875,5.3125,3.290658950805664,4214400,False,-0.011696701950987667,0.018075700153467766,0.18072598906849544,42,40,13
WMT,1989-10-26,5.28125,5.3125,5.21875,5.25,3.2519450187683105,4080800,False,-0.01183454907597145,0.009573276727254007,0.09571634240831704,46,48,16
WMT,1989-10-27,5.21875,5.234375,5.03125,5.15625,3.193876504898072,6156800,False,-0.018017900315200567,0.00510419249053721,0.05103316764586589,47,48,16
WMT,1989-10-30,5.1875,5.1875,5.078125,5.078125,3.145482063293457,3877600,True,-0.015268226656689636,0.004586136264060732,0.04585349420980858,48,48,16
WMT,1989-10-31,5.046875,5.1875,5.046875,5.1875,3.2132339477539062,5054400,False,0.021310732680863736,0.016098414676748152,0.16095652672861657,43,40,13
WMT,1989-11-01,5.15625,5.1875,5.109375,5.109375,3.1648402214050293,2789600,False,-0.015175319000364593,0.01641864433066701,0.16415827385001064,43,40,13
WMT,1989-11-02,5.109375,5.203125,5.09375,5.125,3.174517869949341,4996000,False,0.0030531974760790244,0.016847737773219826,0.16844847208021782,43,40,13
WMT,1989-11-03,5.046875,5.109375,5.046875,5.078125,3.145482063293457,3853600,False,-0.009188611156578102,0.015529691080031457,0.15527026652012899,43,40,13
WMT,1989-11-06,5.078125,5.078125,5.0,5.0625,3.1358041763305664,5958400,True,-0.0030815009066102765,0.01401594397679612,0.14013539262262786,44,48,16
WMT,1989-11-07,5.03125,5.1875,5.015625,5.15625,3.193876504898072,4653600,False,0.01834972756329976,0.01287389480937966,0.12871686036142554,44,48,16
WMT,1989-11-08,5.203125,5.3125,5.203125,5.28125,3.27130126953125,4204800,False,0.023952463174391085,0.014095691999934061,0.14093273603037945,44,48,16
WMT,1989-11-09,5.296875,5.328125,5.21875,5.21875,3.232588052749634,3414400,False,-0.011904776381400242,0.01643443868525917,0.16431619029756905,43,40,13
WMT,1989-11-10,5.265625,5.3125,5.25,5.28125,3.27130126953125,2384800,False,0.011904776381400214,0.014964320405738998,0.14961752978327705,44,48,16
WMT,1989-11-13,5.3125,5.34375,5.234375,5.3125,3.290658950805664,2623200,True,0.005899986216780878,0.013820277311602295,0.138179061675851,44,48,16
WMT,1989-11-14,5.28125,5.328125,5.1875,5.25,3.2519450187683105,2636800,False,-0.01183454907597145,0.015549158629480126,0.15546490861415463,43,40,13
WMT,1989-11-15,5.25,5.25,5.15625,5.25,3.2519450187683105,2632800,False,0.0,0.010621558069630645,0.10619735729651335,45,48,16
WMT,1989-11-16,5.234375,5.328125,5.234375,5.296875,3.280981063842773,2610400,False,0.008889197858406556,0.009373466636351267,0.09371858431332364,46,48,16
WMT,1989-11-17,5.328125,5.390625,5.3125,5.359375,3.3196964263916016,6256800,False,0.011730858410614692,0.009332262901723617,0.09330661766026598,46,48,16
WMT,1989-11-20,5.375,5.4375,5.359375,5.421875,3.358409881591797,4871200,True,0.011594271517113291,0.010100092640724657,0.10098359768532718,45,48,16
WMT,1989-11-21,5.421875,5.4375,5.375,5.40625,3.348730087280273,4816000,False,-0.0028864168861747136,0.006844051075897005,0.06842876842529896,47,48,16
WMT,1989-11-22,5.421875,5.453125,5.34375,5.390625,3.3390491008758545,2737600,False,-0.0028951294275831392,0.007550377460735285,0.07549082042999451,46,48,16
WMT,1989-11-24,5.359375,5.40625,5.359375,5.40625,3.348730087280273,1775200,True,0.0028951294275831397,0.007307306688328588,0.07306052974228272,47,48,16
WMT,1989-11-27,5.40625,5.46875,5.40625,5.453125,3.377765893936157,3062400,True,0.008633317282395206,0.006593803945584317,0.06592672647099952,47,48,16
WMT,1989-11-28,5.390625,5.40625,5.359375,5.390625,3.3390491008758545,3612800,False,-0.01152844670997845,0.007514135787524259,0.07512846587769778,46,48,16
WMT,1989-11-29,5.34375,5.421875,5.328125,5.375,3.3293747901916504,2764800,False,-0.00290153044541742,0.007515008739803225,0.07513719390276383,46,48,16
WMT,1989-11-30,5.390625,5.484375,5.375,5.453125,3.377765893936157,5550400,False,0.014429977155395854,0.01007327067252434,0.1007154240217562,45,48,16
WMT,1989-12-01,5.46875,5.578125,5.4375,5.578125,3.4551937580108643,7663200,False,0.022664023286241716,0.013618329712741217,0.13615993216859515,44,48,16
WMT,1989-12-04,5.5625,5.609375,5.421875,5.578125,3.4551937580108643,3167200,True,0.0,0.013788351645421614,0.13785985978888746,44,48,16
WMT,1989-12-05,5.546875,5.578125,5.515625,5.53125,3.430384397506714,2695200,False,-0.007206211970924301,0.012615258000518425,0.12613093601580627,44,48,16
WMT,1989-12-06,5.53125,5.5625,5.484375,5.5,3.4110050201416016,2428000,False,-0.005665348956384797,0.01312023767683927,0.13117986638573526,44,48,16
WMT,1989-12-07,5.5,5.546875,5.46875,5.5,3.4110050201416016,2048000,False,0.0,0.012026067078191023,0.12024003766698793,45,48,16
WMT,1989-12-08,5.5625,5.578125,5.5,5.53125,3.430384397506714,2108800,False,0.005665348956384879,0.005141399380789865,0.051405172712556714,47,48,16
WMT,1989-12-11,5.5,5.53125,5.421875,5.515625,3.420694828033448,2684800,True,-0.0028286276117700363,0.005098612106277301,0.050977373377528196,47,48,16
WMT,1989-12-12,5.484375,5.53125,5.4375,5.53125,3.430384397506714,3508800,False,0.002828627611770178,0.004477572610448908,0.04476804393627535,48,48,16
WMT,1989-12-13,5.53125,5.578125,5.484375,5.53125,3.430384397506714,3746400,False,0.0,0.0032279719395557445,0.0322741811663457,48,48,16
WMT,1989-12-14,5.53125,5.546875,5.4375,5.5,3.4110050201416016,2963200,False,-0.005665348956384797,0.004477572610448908,0.04476804393627535,48,48,16
WMT,1989-12-15,5.546875,5.578125,5.453125,5.5625,3.449765205383301,10830400,False,0.011299197130573228,0.006508115200950107,0.06506998604077699,47,48,16
WMT,1989-12-18,5.5,5.59375,5.4375,5.453125,3.3819339275360107,5221600,True,-0.019858458537345972,0.011577498214907526,0.11575511864343974,45,48,16
WMT,1989-12-19,5.390625,5.453125,5.28125,5.375,3.3334827423095703,5416000,False,-0.014430087765042152,0.012228404413657457,0.12226306387162653,45,48,16
WMT,1989-12-20,5.390625,5.5,5.359375,5.390625,3.3431708812713623,5728000,False,0.0029020962618650256,0.012630683919679702,0.1262851687411803,44,48,16
WMT,1989-12-21,5.40625,5.453125,5.359375,5.359375,3.323792695999145,3573600,False,-0.005813213052357761,0.012632363649315312,0.12630196315562542,44,48,16
WMT,1989-12-22,5.390625,5.53125,5.390625,5.515625,3.420694828033448,2508800,False,0.028737187306922103,0.01908077993766953,0.19077506249582635,42,40,13
WMT,1989-12-26,5.5,5.53125,5.40625,5.421875,3.36255407333374,1632800,True,-0.017142870443230294,0.018463082349177474,0.18459914639422875,42,40,13
WMT,1989-12-27,5.421875,5.5,5.40625,5.453125,3.3819339275360107,3155200,False,0.005746887691842876,0.016980141206811586,0.1697722792516565,43,40,13
WMT,1989-12-28,5.46875,5.578125,5.46875,5.5625,3.449765205383301,4111200,False,0.019858458537345875,0.01860013865359286,0.18596947429097643,42,40,13
WMT,1989-12-29,5.59375,5.609375,5.53125,5.609375,3.478837490081787,3780800,False,0.008392011086837152,0.017333455614420578,0.17330481714646298,43,40,13
WMT,1990-01-02,5.59375,5.921875,5.5625,5.890625,3.653265953063965,9071200,True,0.048923365773761496,0.024082356039287153,0.24078224231136344,40,40,13
WMT,1990-01-03,5.90625,5.921875,5.828125,5.890625,3.653265953063965,5307200,False,0.0,0.019468804526667667,0.1946546426522902,42,40,13
WMT,1990-01-04,5.890625,5.921875,5.78125,5.859375,3.633880853652954,5468800,False,-0.00532036629749801,0.02152906197085786,0.215253682311928,41,40,13
WMT,1990-01-05,5.8125,5.875,5.765625,5.796875,3.595123052597046,3550400,False,-0.010722963475590857,0.023804061826684944,0.23799977765452837,40,40,13
WMT,1990-01-08,5.765625,5.875,5.765625,5.875,3.643573045730591,2670400,True,0.013386586754297172,0.023915813756654154,0.23911710522151194,40,40,13
WMT,1990-01-09,5.84375,5.875,5.703125,5.71875,3.546668291091919,3588800,False,-0.02695615289857283,0.014779533199135912,0.14776997475652806,44,48,16
WMT,1990-01-10,5.71875,5.75,5.625,5.71875,3.546668291091919,5489600,False,0.0,0.014779533199135912,0.14776997475652806,44,48,16
WMT,1990-01-11,5.78125,5.84375,5.765625,5.78125,3.5854310989379883,3535200,False,0.010870064311906924,0.016605289916745977,0.16602440948309807,43,40,13
WMT,1990-01-12,5.6875,5.6875,5.546875,5.5625,3.449765205383301,6860000,False,-0.03857254525514097,0.023297843545421387,0.2329384633602459,40,40,13
WMT,1990-01-15,5.515625,5.59375,5.453125,5.484375,3.401313066482544,4953600,True,-0.01414461922478512,0.01991184604199964,0.1990842976795902,42,40,13
WMT,1990-01-16,5.390625,5.578125,5.375,5.578125,3.4594576358795166,7802400,False,0.016950271054773272,0.022189023567242148,0.22185216598011892,41,40,13
WMT,1990-01-17,5.546875,5.578125,5.4375,5.515625,3.420694828033448,4254400,False,-0.011268127615946791,0.02212900454366242,0.2212520787189187,41,40,13
WMT,1990-01-18,5.4375,5.4375,5.265625,5.421875,3.36255407333374,9868800,False,-0.017142870443230294,0.01982619192654064,0.19822790348170652,42,40,13
WMT,1990-01-19,5.453125,5.53125,5.390625,5.4375,3.3722431659698486,5716800,False,0.0028773247290142267,0.014258305072665641,0.14255858776255945,44,48,16
WMT,1990-01-22,5.40625,5.453125,5.28125,5.296875,3.2850286960601807,4858400,True,-0.02620276343554285,0.01703678916429428,0.17033866163562217,43,40,13
WMT,1990-01-23,5.328125,5.359375,5.296875,5.296875,3.2850286960601807,5500000,False,0.0,0.012045546255935109,0.12043479602401708,45,48,16
WMT,1990-01-24,5.1875,5.359375,5.140625,5.328125,3.304410219192505,6818400,False,0.005882618921993037,0.014001009141877926,0.1399860698971318,44,48,16
WMT,1990-01-25,5.328125,5.40625,5.21875,5.234375,3.246269941329956,3629600,False,-0.017751379445237022,0.01411430263031451,0.1411188104039383,44,48,16
WMT,1990-01-26,5.25,5.34375,5.203125,5.265625,3.2656493186950684,4729600,False,0.005951988592815454,0.014708796237566737,0.14706272650419208,44,48,16
WMT,1990-01-29,5.265625,5.3125,5.203125,5.296875,3.2850286960601807,2979200,True,0.005916771930428691,0.010248793049377815,0.10247034664667105,45,48,16
WMT,1990-01-30,5.328125,5.34375,5.1875,5.25,3.255959987640381,4882400,False,-0.008888228124421865,0.010992628384846253,0.10990742380358767,45,48,16
WMT,1990-01-31,5.25,5.328125,5.1875,5.328125,3.304410219192505,5279200,False,0.014770847046414874,0.01306449723635449,0.13062255761472244,44,48,16
WMT,1990-02-01,5.296875,5.328125,5.25,5.265625,3.2656493186950684,3302400,False,-0.011799390852421508,0.01117758103071144,0.11175663293911366,45,48,16
WMT,1990-02-02,5.203125,5.3125,5.1875,5.25,3.255959987640381,3051200,False,-0.0029714561939933083,0.010937046879248674,0.1093517041087624,45,48,16
WMT,1990-02-05,5.21875,5.265625,5.171875,5.21875,3.23657751083374,3564000,True,-0.0059707115722614735,0.010448988909920767,0.10447196177620185,45,48,16
WMT,1990-02-06,5.171875,5.21875,5.125,5.203125,3.226888656616211,4259200,False,-0.0029980388923405254,0.00993457391851164,0.09932869444355359,46,48,16
WMT,1990-02-07,5.15625,5.34375,5.125,5.34375,3.3141026496887207,3464000,False,0.026668484291781168,0.015018198869590165,0.15015622198254577,43,40,13
WMT,1990-02-08,5.359375,5.375,5.296875,5.3125,3.294719934463501,3466400,False,-0.00586572586963901,0.013994400803878492,0.13991999785505838,44,48,16
WMT,1990-02-09,5.3125,5.453125,5.296875,5.453125,3.3819339275360107,3955200,False,0.02612654656525318,0.017209358818449795,0.1720640620995417,43,40,13
WMT,1990-02-12,5.453125,5.453125,5.328125,5.359375,3.323792695999145,2050400,True,-0.01734120455553475,0.01997817914580107,0.19974751490994447,42,40,13
WMT,1990-02-13,5.34375,5.375,5.28125,5.375,3.3334827423095703,2092000,False,0.002911116790492522,0.01953307056133738,0.19529719273779633,42,40,13
WMT,1990-02-14,5.375,5.40625,5.328125,5.375,3.3334827423095703,1908800,False,0.0,0.015963988086529032,0.1596124914620327,43,40,13
WMT,1990-02-15,5.34375,5.4375,5.34375,5.4375,3.3722431659698486,2193600,False,0.011560524802213583,0.01594723085896931,0.15944494793679914,43,40,13
WMT,1990-02-16,5.453125,5.453125,5.34375,5.359375,3.323792695999145,6013600,False,-0.01447164159270609,0.012166785169137242,0.12164697714651934,45,48,16
WMT,1990-02-20,5.28125,5.28125,5.15625,5.21875,3.23657751083374,4772800,True,-0.0265900615395201,0.01514243906375888,0.1513984107654182,43,40,13
WMT,1990-02-21,5.125,5.21875,5.125,5.203125,3.226888656616211,5440000,False,-0.0029980388923405254,0.014558965708049591,0.14556467827315592,44,48,16
WMT,1990-02-22,5.1875,5.21875,5.109375,5.125,3.178435802459717,4956800,False,-0.015129219034431821,0.014442069056269956,0.14439591231486373,44,48,16
WMT,1990-02-23,5.078125,5.109375,5.046875,5.078125,3.149365186691284,4372800,False,-0.009188285263989352,0.008713155456040863,0.08711660540565243,46,48,16
WMT,1990-02-26,5.046875,5.234375,5.046875,5.234375,3.246269941329956,4957600,True,0.03030572236420117,0.021426522017333985,0.21422845870441617,41,40,13
WMT,1990-02-27,5.28125,5.40625,5.25,5.40625,3.352863311767578,6967200,False,0.032308073844792666,0.02255748879104816,0.22553618604265085,40,40,13
WMT,1990-02-28,5.40625,5.5625,5.390625,5.5,3.4110050201416016,7497600,False,0.01719227448359548,0.022109638170287778,0.22105844821204557,41,40,13
WMT,1990-03-01,5.5,5.640625,5.484375,5.578125,3.4594576358795166,7362400,False,0.014104848960561403,0.016625350674652893,0.16622498264393884,43,40,13
WMT,1990-03-02,5.59375,5.6875,5.59375,5.640625,3.4982168674468994,5000000,False,0.011141548082824571,0.0096656532098774,0.09663994874428397,46,48,16
WMT,1990-03-05,5.65625,5.703125,5.609375,5.609375,3.478837490081787,5408000,True,-0.005555188825975631,0.01356311744039869,0.13560790417282712,44,48,16
WMT,1990-03-06,5.609375,5.71875,5.578125,5.71875,3.546668291091919,5439200,False,0.01931046985639715,0.009885057763662636,0.09883361784989599,46,48,16
WMT,1990-03-07,5.703125,5.75,5.640625,5.65625,3.5079092979431152,3772000,False,-0.010988434858734802,0.013139944524317071,0.13137690104948876,44,48,16
WMT,1990-03-08,5.6875,5.796875,5.65625,5.765625,3.575742244720459,3700000,False,0.019152557095374452,0.014114259684387549,0.141118381018351,44,48,16
WMT,1990-03-09,5.734375,5.78125,5.71875,5.765625,3.575742244720459,4204000,False,0.0,0.014099897738871273,0.1409747862039682,44,48,16
WMT,1990-03-12,5.734375,5.8125,5.71875,5.8125,3.604814291000366,3012000,True,0.008097479627830986,0.012970689158939307,0.12968463778702377,44,48,16
WMT,1990-03-13,5.765625,5.796875,5.71875,5.734375,3.556359052658081,3659200,False,-0.013532971631239338,0.013553482549158483,0.13551157179100126,44,48,16
WMT,1990-03-14,5.734375,5.8125,5.71875,5.78125,3.5854310989379883,3604000,False,0.008141434078675349,0.012106352593220326,0.12104275507147866,45,48,16
WMT,1990-03-15,5.8125,5.859375,5.78125,5.8125,3.604814291000366,5132800,False,0.005391537552563861,0.009095992088120116,0.09094431489390155,46,48,16
WMT,1990-03-16,5.84375,5.921875,5.828125,5.90625,3.662952661514282,10828800,False,0.015999305169251327,0.01099896451854286,0.10997077426965357,45,48,16
WMT,1990-03-19,5.828125,5.921875,5.796875,5.90625,3.6683883666992174,4277600,True,0.0014828681847055996,0.010903489511694764,0.10901618800757545,45,48,16
WMT,1990-03-20,5.890625,5.9375,5.8125,5.859375,3.639273881912232,4944800,False,-0.007968249720224438,0.00881461027673834,0.08813097954666188,46,48,16
WMT,1990-03-21,5.828125,5.890625,5.828125,5.875,3.648979187011719,3015200,False,0.002663274928676592,0.008603767784331882,0.0860229163649149,46,48,16
WMT,1990-03-22,5.84375,5.875,5.71875,5.734375,3.561636447906494,3994400,False,-0.024227338063455315,0.014888631889327875,0.1488607744779008,44,48,16
WMT,1990-03-23,5.765625,5.828125,5.734375,5.8125,3.6101596355438232,2677600,False,0.013531876116000706,0.014148397051581448,0.14145969612083284,44,48,16
WMT,1990-03-26,5.84375,5.9375,5.828125,5.84375,3.6295692920684814,3534400,True,0.005361997174935315,0.014549719518273174,0.1454722322390731,44,48,16
WMT,1990-03-27,5.828125,5.9375,5.828125,5.90625,3.6683883666992174,3138400,False,0.010638439564066945,0.015053217459624868,0.15050634780152225,43,40,13
WMT,1990-03-28,5.9375,5.953125,5.90625,5.9375,3.687798023223877,2720800,False,0.005277109779161696,0.015144757969104927,0.15142159584033438,43,40,13
WMT,1990-03-29,5.921875,5.9375,5.890625,5.921875,3.6780927181243896,2351200,False,-0.0026352035501648993,0.006180517614249828,0.061794572232725865,47,48,16
WMT,1990-03-30,5.921875,5.953125,5.875,5.90625,3.6683883666992174,3268000,False,-0.002641906228996737,0.005755355523108629,0.05754368077161796,47,48,16
WMT,1990-04-02,5.875,5.90625,5.84375,5.890625,3.658686399459839,2688800,True,-0.0026482527391080684,0.0061072267790687786,0.061061789625950325,47,48,16
WMT,1990-04-03,5.890625,5.984375,5.875,5.953125,3.697503328323364,2805600,False,0.010553640018238353,0.00607588233290233,0.06074839894193033,47,48,16
WMT,1990-04-04,5.96875,6.03125,5.921875,5.984375,3.716912031173706,5118400,False,0.005235408657641817,0.006069565847196441,0.06068524492206157,47,48,16
WMT,1990-04-05,5.984375,6.046875,5.96875,6.046875,3.755733013153076,3648800,False,0.010390251644298,0.00658535907309826,0.0658422922350008,47,48,16
WMT,1990-04-06,6.0625,6.109375,6.046875,6.046875,3.755733013153076,4868800,False,0.0,0.005979493147345398,0.05978467246121963,47,48,16
WMT,1990-04-09,6.0625,6.140625,6.046875,6.09375,3.784844160079956,4076000,True,0.0077212369519643175,0.004373624506039658,0.04372874123587328,48,48,16
WMT,1990-04-10,6.109375,6.15625,6.09375,6.125,3.804252862930298,3331200,False,0.0051149023674487175,0.0038448586386260093,0.03844198976496778,48,48,16
WMT,1990-04-11,6.171875,6.25,6.15625,6.25,3.88189435005188,6812000,False,0.020203653658094275,0.00749484692129523,0.07493561030930186,47,48,16
WMT,1990-04-12,6.265625,6.4375,6.25,6.421875,3.9886457920074463,8742400,False,0.027128503756072505,0.0112458689872368,0.11243939534276774,45,48,16
WMT,1990-04-16,6.421875,6.484375,6.375,6.390625,3.969235420227051,5743200,True,-0.004878286005077304,0.012672052719983331,0.12669878576779464,44,48,16
WMT,1990-04-17,6.3125,6.328125,6.28125,6.3125,3.920712947845459,5092800,False,-0.012299975072332239,0.01655758883509148,0.16554748050726573,43,40,13
WMT,1990-04-18,6.3125,6.3125,6.125,6.171875,3.8333663940429688,5002400,False,-0.02253014051873863,0.021302660042506198,0.21299005146604238,41,40,13
WMT,1990-04-19,6.140625,6.234375,6.140625,6.15625,3.823667287826538,5611200,False,-0.002533386114478725,0.018570041624828955,0.1856685556407887,42,40,13
WMT,1990-04-20,6.140625,6.234375,6.0625,6.140625,3.813957929611206,8071200,False,-0.002542508481184485,0.00857977345890015,0.08578301427764502,46,48,16
WMT,1990-04-23,6.109375,6.125,6.0,6.078125,3.775140047073364,4189600,True,-0.010229996025854966,0.008272061533488629,0.08270642296466624,46,48,16
WMT,1990-04-24,6.09375,6.125,6.03125,6.03125,3.746025800704956,2812000,False,-0.007741989042464092,0.008209897299043699,0.08208488727535074,46,48,16
WMT,1990-04-25,6.0625,6.1875,6.0625,6.171875,3.8333663940429688,3591200,False,0.02304787966398219,0.01331050679547915,0.13308223112753953,44,48,16
WMT,1990-04-26,6.1875,6.203125,6.09375,6.140625,3.813957929611206,4599200,False,-0.005075894595663151,0.013478985083045531,0.13476672494512254,44,48,16
WMT,1990-04-27,6.140625,6.171875,6.0,6.03125,3.746025800704956,3448800,False,-0.01797198506831914,0.015652112268085782,0.156494268362725,43,40,13
WMT,1990-04-30,6.03125,6.21875,6.0,6.203125,3.852778673171997,5861600,True,0.028099129734027842,0.020289027582438036,0.20285546595386755,41,40,13
WMT,1990-05-01,6.25,6.34375,6.25,6.28125,3.901301622390747,5718400,False,0.012515625517744924,0.01934070846249865,0.19337390178492825,42,40,13
WMT,1990-05-02,6.28125,6.40625,6.28125,6.40625,3.978936195373535,6201600,False,0.0197042491894191,0.018744259220087895,0.1874104326883711,42,40,13
WMT,1990-05-03,6.40625,6.453125,6.203125,6.21875,3.862483739852905,12880000,False,-0.029704063505879504,0.0250390404142968,0.25034744467874304,39,40,13
WMT,1990-05-04,6.28125,6.34375,6.21875,6.328125,3.9304163455963135,5635200,False,0.017434928157000623,0.02268815514025056,0.22684262535051036,40,40,13
WMT,1990-05-07,6.328125,6.40625,6.296875,6.40625,3.978936195373535,5196800,True,0.012269135348878815,0.02045796937504003,0.2045445940265714,41,40,13
WMT,1990-05-08,6.375,6.421875,6.328125,6.421875,3.9886457920074463,3220000,False,0.002437276818938585,0.02020512379586749,0.20201657204183035,41,40,13
WMT,1990-05-09,6.390625,6.4375,6.359375,6.421875,3.9886457920074463,5439200,False,0.0,0.018313874831967728,0.1831073272173648,42,40,13
WMT,1990-05-10,6.421875,6.515625,6.40625,6.5,4.037169456481934,8034400,False,0.012092044040769427,0.007337366539470812,0.07336107668003926,47,48,16
WMT,1990-05-11,6.546875,6.71875,6.53125,6.6875,4.153623104095459,8785600,False,0.028437173665019293,0.011193384364579336,0.11191463916402371,45,48,16
WMT,1990-05-14,6.671875,6.890625,6.65625,6.8125,4.231263637542725,9712800,True,0.018519690227398286,0.011701489611101006,0.1169948198734223,45,48,16
WMT,1990-05-15,6.6875,6.734375,6.671875,6.6875,4.153623104095459,6141600,False,-0.018519690227398373,0.01811301141312052,0.18109903765012073,42,40,13
WMT,1990-05-16,6.671875,6.71875,6.59375,6.625,4.114806175231934,5920800,False,-0.009389259488341045,0.019589965681175294,0.19586604632125795,42,40,13
WMT,1990-05-17,6.625,6.765625,6.625,6.765625,4.202149391174316,4547200,False,0.021004423177894298,0.020634538640072867,0.20630998373713458,41,40,13
WMT,1990-05-18,6.71875,6.796875,6.6875,6.796875,4.221556186676025,7362400,False,0.004607670497790567,0.017203897789565492,0.17200946118018215,43,40,13
WMT,1990-05-21,6.796875,7.078125,6.78125,7.03125,4.367128372192383,7497600,True,0.03390184535326711,0.021465749397410222,0.21462066520278983,41,40,13
WMT,1990-05-22,7.0625,7.125,6.875,7.015625,4.357422828674316,7381600,False,-0.0022248817843417584,0.017649233032093287,0.1764620495440942,42,40,13
WMT,1990-05-23,6.984375,7.046875,6.953125,7.03125,4.367128372192383,4817600,False,0.0022248817843417206,0.01511017826639847,0.15107585814164168,43,40,13
WMT,1990-05-24,7.03125,7.0625,6.984375,7.0,4.347720146179199,2878400,False,-0.004454066656107512,0.015559160721940786,0.15556491237817813,43,40,13
WMT,1990-05-25,6.96875,6.984375,6.890625,6.890625,4.279784679412842,3146400,False,-0.015748903603505948,0.018638469324147238,0.1863527152326154,42,40,13
WMT,1990-05-29,6.90625,7.1875,6.890625,7.1875,4.464175701141357,4596800,True,0.04218188409933245,0.022138561876581638,0.22134763565060142,41,40,13
WMT,1990-05-30,7.171875,7.1875,7.0625,7.09375,4.40595006942749,5054400,False,-0.013128667967289974,0.02345185681180697,0.23447833178364771,40,40,13
WMT,1990-05-31,7.09375,7.109375,7.03125,7.046875,4.376832962036133,5913600,False,-0.00663052109152271,0.023782968262913366,0.2377888782070253,40,40,13
WMT,1990-06-01,7.09375,7.3125,7.0625,7.296875,4.532112121582031,9344000,False,0.034862688017808376,0.027901685585952494,0.27896898495696987,38,40,13
WMT,1990-06-04,7.328125,7.625,7.328125,7.578125,4.706792831420898,16067200,True,0.0378186657422935,0.026609864493314202,0.26605299040713715,39,40,13
WMT,1990-06-05,7.546875,7.609375,7.515625,7.546875,4.687385559082031,11239200,False,-0.004131771644406834,0.024509973851920806,0.24505768677411624,40,40,13
WMT,1990-06-06,7.546875,7.625,7.5,7.5625,4.697092533111572,7264800,False,0.0020687303856530867,0.021749057432036548,0.21745325947765512,41,40,13
WMT,1990-06-07,7.609375,7.71875,7.59375,7.609375,4.726205348968506,8561600,False,0.00617892140229513,0.0195296295364889,0.1952627883930755,42,40,13
WMT,1990-06-08,7.578125,7.59375,7.328125,7.4375,4.619449615478516,9154400,False,-0.0228470615757511,0.02201649121534669,0.22012713847480053,41,40,13
WMT,1990-06-11,7.375,7.5625,7.234375,7.546875,4.692904949188232,7107200,True,0.015776215716853007,0.01439323706242672,0.14390767615744923,44,48,16
WMT,1990-06-12,7.5625,7.875,7.5625,7.78125,4.83864688873291,6817600,False,0.030583330333333263,0.019665545779941344,0.19662171763619557,42,40,13
WMT,1990-06-13,7.796875,7.953125,7.75,7.84375,4.877513885498047,8062400,False,0.008000527160062658,0.019520940298774464,0.19517591092405023,42,40,13
WMT,1990-06-14,7.875,7.921875,7.75,7.859375,4.887229919433594,6389600,False,0.001990023975250474,0.01968308442874237,0.1967970740331583,42,40,13
WMT,1990-06-15,7.765625,7.90625,7.75,7.84375,4.877513885498047,12621600,False,-0.0019900239752504837,0.012895293622294942,0.12893081177664992,44,48,16
WMT,1990-06-18,7.8125,7.828125,7.6875,7.734375,4.809501647949219,6432000,True,-0.014042169103369279,0.01646202098226268,0.16459196594467637,43,40,13
WMT,1990-06-19,7.71875,7.8125,7.6875,7.734375,4.809501647949219,5555200,False,0.0,0.008090288179917459,0.08088900129737084,46,48,16
WMT,1990-06-20,7.765625,7.78125,7.6875,7.71875,4.799781322479248,4505600,False,-0.0020231121958445325,0.0062764885542031384,0.06275411697498404,47,48,16
WMT,1990-06-21,7.71875,7.796875,7.6875,7.78125,4.83864688873291,4528800,False,0.008064754139151252,0.007910653077246081,0.07909295847047779,46,48,16
WMT,1990-06-22,7.75,7.9375,7.625,7.65625,4.760919094085693,7255200,False,-0.016194376601157082,0.010142668723106438,0.10140928546139005,45,48,16
WMT,1990-06-25,7.671875,7.6875,7.484375,7.515625,4.673473834991455,6719200,True,-0.018538079562008834,0.011296226200702135,0.11294288107958497,45,48,16
WMT,1990-06-26,7.5625,7.59375,7.4375,7.4375,4.624893665313721,5636800,False,-0.010449277618653316,0.010929884658079208,0.10928009418528561,45,48,16
WMT,1990-06-27,7.4375,7.609375,7.421875,7.59375,4.722054481506348,6139200,False,0.020790596983319386,0.017022666199798447,0.1701974562214242,43,40,13
WMT,1990-06-28,7.609375,7.703125,7.59375,7.703125,4.790067195892334,4581600,False,0.014300463294549844,0.018244817518326167,0.18241687256253417,42,40,13
WMT,1990-06-29,7.734375,7.828125,7.71875,7.796875,4.848365783691406,4769600,False,0.012097256657734,0.017100355269727165,0.17097421362962814,43,40,13
WMT,1990-07-02,7.828125,7.84375,7.703125,7.8125,4.858080387115479,3812000,True,0.002001681459263364,0.012207797038866465,0.1220570254797752,45,48,16
WMT,1990-07-03,7.78125,7.84375,7.78125,7.84375,4.877513885498047,3924000,False,0.003992262547015176,0.007703410042560125,0.07702088369034871,46,48,16
WMT,1990-07-05,7.78125,7.796875,7.65625,7.734375,4.809501647949219,4560800,True,-0.014042169103369279,0.011187420154240181,0.11185500729342368,45,48,16
WMT,1990-07-06,7.71875,7.859375,7.71875,7.8125,4.858080387115479,4992000,False,0.010049906556354054,0.010304315009565718,0.1030254709895616,45,48,16
WMT,1990-07-09,8.0,8.25,7.96875,8.1875,5.091271877288818,10715600,True,0.046884299196662566,0.022573755303734955,0.22569882326107427,40,40,13
WMT,1990-07-10,8.34375,8.5625,8.1875,8.34375,5.188429832458496,18262400,False,0.01890343729756679,0.02238299294878688,0.22379152700243324,41,40,13
WMT,1990-07-11,8.40625,8.46875,8.28125,8.4375,5.246726036071777,14936800,False,0.011173155594116283,0.021872447361044513,0.2186869470677194,41,40,13
WMT,1990-07-12,8.4375,8.625,8.40625,8.625,5.363323211669922,11392400,False,0.021979515238214054,0.014905023201883107,0.14902465948088958,44,48,16
WMT,1990-07-13,8.71875,9.0,8.34375,8.90625,5.53821325302124,12762400,False,0.03208814609605373,0.013778322705790599,0.13775958759922205,44,48,16
WMT,1990-07-16,8.875,9.1875,8.875,9.0625,5.635374546051025,12465200,True,0.017391681848457442,0.007672823668615588,0.07671507242792384,46,48,16
WMT,1990-07-17,9.125,9.125,8.75,8.875,5.5187811851501465,10642400,False,-0.020906576965001866,0.020094310694361777,0.20090863114873442,41,40,13
WMT,1990-07-18,8.84375,8.84375,8.375,8.4375,5.246726036071777,11604800,False,-0.05055276621772362,0.03466946040885232,0.34663512171941124,36,32,10
WMT,1990-07-19,8.375,8.4375,8.25,8.375,5.2078633308410645,13212000,False,-0.007434607495854536,0.03243078057737536,0.3242521643060716,37,40,13
WMT,1990-07-20,8.40625,8.53125,8.375,8.375,5.2078633308410645,11378800,False,0.0,0.025465198332931815,0.2546082927062486,39,40,13
WMT,1990-07-23,8.34375,8.375,7.78125,8.125,5.052404403686523,14300000,True,-0.03030541288371337,0.019883777123858592,0.19880365665600305,42,40,13
WMT,1990-07-24,8.09375,8.1875,7.96875,8.125,5.052404403686523,8712400,False,0.0,0.022193188019697618,0.22189380335972544,41,40,13
WMT,1990-07-25,8.15625,8.3125,8.09375,8.3125,5.169002056121826,5590800,False,0.022815394473034416,0.019037363078561728,0.1903409683950233,42,40,13
WMT,1990-07-26,8.40625,8.4375,8.125,8.15625,5.071838855743408,5768800,False,-0.018976198707004226,0.020365192502626608,0.20361698447965268,41,40,13
WMT,1990-07-27,8.0625,8.125,7.8125,7.90625,4.91637659072876,8220800,False,-0.031131651404845775,0.02293868577264917,0.22934750183926472,40,40,13
WMT,1990-07-30,7.75,7.9375,7.5625,7.9375,4.9358086585998535,11945200,True,0.003944727505147859,0.0209544485420749,0.2095085338879585,41,40,13
WMT,1990-07-31,7.875,7.96875,7.6875,7.84375,4.877513885498047,8293600,False,-0.011880881028094883,0.020966182830452765,0.20962585663922678,41,40,13
WMT,1990-08-01,7.71875,7.8125,7.5625,7.625,4.741487503051758,9022400,False,-0.02828473467317868,0.014102198849974443,0.14099779336698517,44,48,16
WMT,1990-08-02,7.5,7.53125,7.125,7.46875,4.644325733184815,13697200,False,-0.020704703658025184,0.014175606506516591,0.14173174398694138,44,48,16
WMT,1990-08-03,7.40625,7.59375,7.125,7.59375,4.722054481506348,14356000,False,0.016597774372641504,0.01827325039335576,0.18270115253056618,42,40,13
WMT,1990-08-06,7.125,7.34375,7.0,7.15625,4.4500017166137695,11820000,True,-0.05933949446590665,0.027474702349584455,0.27469988516813115,39,40,13
WMT,1990-08-07,7.3125,7.4375,7.03125,7.15625,4.4500017166137695,13954000,False,0.0,0.02890696975434397,0.28902010187553606,38,40,13
WMT,1990-08-08,7.3125,7.625,7.0625,7.5625,4.7026214599609375,9168000,False,0.05521562873166656,0.04260446845714474,0.42597158811454555,32,32,10
WMT,1990-08-09,7.5625,7.75,7.46875,7.65625,4.760919094085693,11100800,False,0.01232062593158312,0.04145561303450145,0.41448500497856233,33,32,10
WMT,1990-08-10,7.71875,7.71875,7.40625,7.46875,4.644325733184815,6317600,False,-0.024794534569984237,0.04266559153687471,0.42658271404301984,32,32,10
WMT,1990-08-13,7.40625,7.625,7.34375,7.59375,4.722054481506348,5212000,True,0.016597774372641504,0.02909717949197414,0.2909218729091232,38,40,13
WMT,1990-08-14,7.59375,7.71875,7.5625,7.625,4.741487503051758,4326400,False,0.00410692928538364,0.02873410721179622,0.2872917730302026,38,40,13
WMT,1990-08-15,7.75,7.78125,7.5625,7.5625,4.7026214599609375,8122800,False,-0.008230795019624006,0.016782920908050235,0.1678004146347724,43,40,13
WMT,1990-08-16,7.53125,7.5625,7.28125,7.28125,4.527731895446777,4690800,False,-0.03789898188729349,0.02183345448889455,0.21829708524626337,41,40,13
WMT,1990-08-17,7.21875,7.21875,6.9375,7.0,4.352840900421143,16546000,False,-0.03939241628547621,0.02503963292427318,0.2503533687619379,39,40,13
WMT,1990-08-20,7.03125,7.1875,7.0,7.0625,4.391705513000488,6128400,True,0.008888938692327871,0.022911284364689463,0.2290735347722442,40,40,13
WMT,1990-08-21,6.90625,7.0625,6.59375,6.84375,4.255676746368408,11282800,False,-0.031463854481424317,0.0211413791616683,0.21137751936715848,41,40,13
WMT,1990-08-22,6.875,6.9375,6.65625,6.71875,4.177950859069824,8452800,False,-0.01843289546963647,0.019986956395213695,0.19983527234495,42,40,13
WMT,1990-08-23,6.53125,6.5625,6.21875,6.375,3.964195966720581,16570400,False,-0.05251784937871691,0.02337307711286008,0.23369066995645352,40,40,13
WMT,1990-08-24,6.46875,6.71875,6.34375,6.71875,4.177950859069824,13051200,False,0.05251784937871695,0.040585341858802866,0.4057837863452273,33,32,10
WMT,1990-08-27,7.3125,7.34375,7.15625,7.25,4.514176368713379,11195200,True,0.0774018478895974,0.05631548356170948,0.5630582151811137,27,24,8
WMT,1990-08-28,7.25,7.34375,7.125,7.21875,4.494719982147217,6635200,False,-0.004319378547220456,0.0530763802104804,0.5306727389961898,28,32,10
WMT,1990-08-29,7.21875,7.46875,7.0625,7.25,4.514176368713379,4999600,False,0.00431937854722041,0.05085862737574398,0.5084990156458218,29,32,10
WMT,1990-08-30,7.25,7.28125,6.90625,6.9375,4.319599151611328,6559200,False,-0.04406014015174273,0.04809731765571451,0.4808906560226934,30,32,10
WMT,1990-08-31,6.875,7.15625,6.84375,7.125,4.436347484588623,4603600,False,0.026668790313149334,0.04461117704814793,0.4460352311160435,32,32,10
WMT,1990-09-04,7.0,7.1875,6.96875,7.1875,4.475264072418213,2990800,True,0.008733961296865237,0.026225590525710656,0.26221091002968067,39,40,13
WMT,1990-09-05,7.1875,7.21875,7.03125,7.09375,4.416890621185303,4053200,False,-0.01312939141996478,0.026733959370765954,0.26729372627215975,39,40,13
WMT,1990-09-06,7.03125,7.09375,6.8125,6.875,4.28068733215332,7547600,False,-0.03132238083718748,0.02880172857273184,0.28796787062163687,38,40,13
WMT,1990-09-07,6.875,7.0625,6.84375,7.0,4.35851526260376,5151200,False,0.018017874940445055,0.023714629793510057,0.23710561076125664,40,40,13
WMT,1990-09-10,7.09375,7.125,6.75,6.75,4.202853202819824,5680400,True,-0.03636783461415591,0.023939261621495306,0.23935154364043806,40,40,13
WMT,1990-09-11,6.8125,6.8125,6.65625,6.6875,4.163939952850342,6302800,False,-0.009301898547468936,0.021491127722951184,0.214874404916624,41,40,13
WMT,1990-09-12,6.71875,6.71875,6.5625,6.625,4.125024318695068,5646400,False,-0.009389814893183664,0.021612033216355832,0.2160832524131995,41,40,13
WMT,1990-09-13,6.6875,6.71875,6.53125,6.625,4.125024318695068,4474000,False,0.0,0.019669392738373426,0.19666018062029247,42,40,13
WMT,1990-09-14,6.59375,6.625,6.4375,6.59375,4.105567455291748,7942400,False,-0.004727946709458229,0.014184127651077901,0.14181694081283266,44,48,16
WMT,1990-09-17,6.5625,6.65625,6.5,6.65625,4.1444830894470215,3605600,True,0.009434105300493543,0.007857013019169816,0.07855664991992548,46,48,16
WMT,1990-09-18,6.59375,6.8125,6.5,6.75,4.202853202819824,6684000,False,0.013985554849617342,0.00971873355652268,0.09717066114082296,46,48,16
WMT,1990-09-19,6.78125,6.84375,6.625,6.6875,4.163939952850342,4720000,False,-0.009301898547468936,0.009693337392272348,0.09691674307050097,46,48,16
WMT,1990-09-20,6.59375,6.65625,6.5,6.53125,4.066651821136475,5574400,False,-0.02364171757945174,0.015097883527320433,0.1509529318449366,43,40,13
WMT,1990-09-21,6.625,6.84375,6.5,6.59375,4.105567455291748,8868000,False,0.009523955976809858,0.01597466706550283,0.1597192629298539,43,40,13
WMT,1990-09-24,6.53125,6.5625,6.40625,6.46875,4.027738094329834,6298000,True,-0.019139017027356094,0.016843210185819784,0.16840320397419595,43,40,13
WMT,1990-09-25,6.5,6.625,6.46875,6.59375,4.105567455291748,5020000,False,0.019139017027355976,0.018432781351302448,0.18429618840287948,42,40,13
WMT,1990-09-26,6.59375,6.65625,6.53125,6.625,4.125024318695068,3493600,False,0.004727946709458185,0.01862095760456115,0.18617762808159966,42,40,13
WMT,1990-09-27,6.71875,6.75,6.53125,6.59375,4.105567455291748,5430400,False,-0.004727946709458229,0.014576312082282569,0.14573811225432348,44,48,16
WMT,1990-09-28,6.5,6.84375,6.5,6.8125,4.241768836975098,8473200,False,0.03263639227992272,0.02018302620124781,0.2017956340084613,41,40,13
WMT,1990-10-01,6.9375,7.25,6.875,7.21875,4.494719982147217,8228800,True,0.05792300979555893,0.024619450984137838,0.24615227026644695,40,40,13
WMT,1990-10-02,7.4375,7.5,7.25,7.375,4.592008113861084,8928400,False,0.021414055394996884,0.02457573426106423,0.24571517804046225,40,40,13
WMT,1990-10-03,7.25,7.28125,6.875,6.9375,4.319599151611328,6604800,False,-0.06115481699951916,0.04532153363836634,0.4531375782599198,31,32,10
WMT,1990-10-04,6.90625,7.0,6.78125,6.875,4.28068733215332,6225200,False,-0.009049020647137722,0.045693618597559965,0.4568577894659503,31,32,10
WMT,1990-10-05,6.6875,6.84375,6.59375,6.6875,4.163939952850342,7840000,False,-0.02765185822117984,0.045638444802067225,0.45630614617266546,31,32,10
WMT,1990-10-08,6.78125,6.875,6.71875,6.71875,4.183396816253662,3242000,True,0.004661821890941009,0.03176573452902523,0.31760284484161294,37,40,13
WMT,1990-10-09,6.59375,6.71875,6.5,6.53125,4.066651821136475,4908400,False,-0.028303539470392856,0.02478366556332967,0.24779413431552597,40,40,13
WMT,1990-10-10,6.5,6.5625,6.28125,6.28125,3.910989761352539,15005600,False,-0.03902953466464743,0.01744758905569575,0.17444595574054889,43,40,13
WMT,1990-10-11,6.3125,6.46875,6.28125,6.34375,3.949906587600708,11740800,False,0.009901452065134566,0.02188185832002356,0.2187810405111341,41,40,13
WMT,1990-10-12,6.28125,6.5,6.25,6.5,4.047194480895996,16121600,False,0.024331990385421914,0.02680704296438505,0.26802443681888,39,40,13
WMT,1990-10-15,6.53125,6.5625,6.375,6.46875,4.027738094329834,6201200,True,-0.004818968836455247,0.026220878319379602,0.26216379605109924,39,40,13
WMT,1990-10-16,6.46875,6.53125,6.3125,6.375,3.9693644046783447,5328000,False,-0.014598969169130135,0.02414786530319712,0.2414372225562646,40,40,13
WMT,1990-10-17,6.28125,6.40625,6.21875,6.25,3.8915328979492174,9128400,False,-0.019802841126442452,0.018121911335498137,0.18118802160430628,42,40,13
WMT,1990-10-18,6.34375,6.625,6.28125,6.59375,4.105567455291748,7068400,False,0.0535408273229286,0.030774887519883377,0.30769607474571886,37,40,13
WMT,1990-10-19,6.90625,7.03125,6.8125,6.9375,4.319599151611328,9824800,False,0.05081864047095933,0.03615608363660955,0.36149880339854557,35,32,10
WMT,1990-10-22,6.9375,7.28125,6.90625,7.25,4.514176368713379,6892000,True,0.04406014015174264,0.03672778628374551,0.3672148490000711,35,32,10
WMT,1990-10-23,7.21875,7.25,7.125,7.1875,4.475264072418213,4325600,False,-0.008657388541728105,0.03528279596924731,0.3527674250239668,35,32,10
WMT,1990-10-24,7.125,7.15625,7.0,7.0625,4.39743185043335,3710800,False,-0.017544660415703198,0.0345897004193066,0.3458376586681126,36,32,10
WMT,1990-10-25,7.0625,7.0625,6.71875,6.71875,4.183396816253662,3908800,False,-0.04989714817168779,0.04279540424917584,0.427880618446451,32,32,10
WMT,1990-10-26,6.625,6.65625,6.5,6.5625,4.08610725402832,4182000,False,-0.02353080679334462,0.03445970018648514,0.3445378793812071,36,32,10
WMT,1990-10-29,6.59375,6.75,6.53125,6.625,4.125024318695068,5156800,True,0.00947917000921998,0.02174057176393316,0.2173684173554761,41,40,13
WMT,1990-10-30,6.625,6.6875,6.46875,6.625,4.125024318695068,4452400,False,0.0,0.022982915989246656,0.22978972811948772,40,40,13
WMT,1990-10-31,6.6875,6.84375,6.6875,6.6875,4.163939952850342,4756000,False,0.00938981489318353,0.025622798973502413,0.25618402871664514,39,40,13
WMT,1990-11-01,6.71875,6.75,6.5625,6.75,4.202853202819824,3636800,False,0.009301898547468955,0.014264829217777115,0.14262381802020296,44,48,16
WMT,1990-11-02,6.71875,6.96875,6.6875,6.9375,4.319599151611328,3763200,False,0.02739898032084865,0.009970591445625582,0.0996888079194468,46,48,16
WMT,1990-11-05,6.96875,7.15625,6.9375,7.09375,4.416890621185303,4790800,True,0.02227336019004967,0.011031453469007555,0.1102956080330308,45,48,16
WMT,1990-11-06,7.03125,7.09375,6.9375,6.9375,4.319599151611328,3372000,False,-0.02227336019004974,0.019317950208070853,0.19314635828697158,42,40,13
WMT,1990-11-07,6.90625,6.9375,6.65625,6.65625,4.1444830894470215,3011200,False,-0.04138453517046594,0.02973939731873048,0.2973429493240079,38,40,13
WMT,1990-11-08,6.71875,6.96875,6.6875,6.875,4.28068733215332,4734400,False,0.03233551452332827,0.033293506565440785,0.33287794400834814,36,32,10
WMT,1990-11-09,6.96875,7.125,6.9375,7.03125,4.377971172332764,4712800,False,0.022471826088250716,0.032478527620698486,0.3247295528197338,37,40,13
WMT,1990-11-12,7.1875,7.28125,7.15625,7.21875,4.494719982147217,6803600,True,0.026317956163409203,0.0331321731359583,0.33126488651317604,36,32,10
WMT,1990-11-13,7.28125,7.34375,7.21875,7.3125,4.5530924797058105,5257600,False,0.012903297387505558,0.02986678225538714,0.29861658013632725,38,40,13
WMT,1990-11-14,7.3125,7.40625,7.25,7.34375,4.5725507736206055,5931200,False,0.004264537384187157,0.011130776079962212,0.11128866373484284,45,48,16
WMT,1990-11-15,7.1875,7.25,7.09375,7.15625,4.455805778503418,3021200,False,-0.02586329018494804,0.020794818568558988,0.20791250802983394,41,40,13
WMT,1990-11-16,7.21875,7.34375,7.1875,7.3125,4.5530924797058105,6220800,False,0.021598752800760866,0.020646251081666536,0.20642708805804336,41,40,13
WMT,1990-11-19,7.40625,7.4375,7.3125,7.4375,4.630926609039307,4255200,True,0.016950311652440316,0.018902134369454357,0.18898891331575174,42,40,13
WMT,1990-11-20,7.46875,7.5,7.375,7.4375,4.630926609039307,3710800,False,0.0,0.018597396544491364,0.18594205790459617,42,40,13
WMT,1990-11-21,7.4375,7.46875,7.28125,7.40625,4.6114654541015625,3378400,False,-0.004211287200683855,0.018881873056777503,0.18878633495130326,42,40,13
WMT,1990-11-23,7.375,7.46875,7.34375,7.40625,4.6114654541015625,1326000,True,0.0,0.01157300240021141,0.11571016820994472,45,48,16
WMT,1990-11-26,7.34375,7.375,7.1875,7.375,4.592008113861084,3238400,True,-0.004228266444265003,0.00878122488256617,0.08779718288423775,46,48,16
WMT,1990-11-27,7.3125,7.4375,7.25,7.34375,4.5725507736206055,3982800,False,-0.004246220623304217,0.0023161278481074253,0.02315730470213605,49,48,16
WMT,1990-11-28,7.34375,7.4375,7.28125,7.40625,4.6114654541015625,4471200,False,0.008474487067569312,0.0055207225449483005,0.055197753549652125,47,48,16
WMT,1990-11-29,7.34375,7.40625,7.3125,7.375,4.592008113861084,3129200,False,-0.004228266444265003,0.005523317559738095,0.055223699245285,47,48,16
WMT,1990-11-30,7.34375,7.5625,7.3125,7.53125,4.689296722412109,7705600,False,0.020965192665285712,0.01128182341772108,0.11279887796061917,45,48,16
WMT,1990-12-03,7.6875,7.8125,7.625,7.71875,4.806041717529297,7235600,True,0.024591198941362642,0.013573088846928493,0.13570760113018993,44,48,16
WMT,1990-12-04,7.6875,7.875,7.65625,7.84375,4.889419555664063,5574800,False,0.01719977858998465,0.011531802173503938,0.1152982366300703,45,48,16
WMT,1990-12-05,7.875,7.9375,7.78125,7.9375,4.947855949401856,5942400,False,0.011880745044581423,0.011265583953643485,0.11263651118188044,45,48,16
WMT,1990-12-06,8.21875,8.25,8.0,8.03125,5.006292343139648,8804800,False,0.011741248641394164,0.005631836639542646,0.05630870385722076,47,48,16
WMT,1990-12-07,8.03125,8.0625,7.75,7.84375,4.889419555664063,6130000,False,-0.023621993685975624,0.0186297470224822,0.18626550718081192,42,40,13
WMT,1990-12-10,7.75,7.84375,7.65625,7.75,4.830976486206055,4351200,True,-0.012024977880326632,0.017833145910519963,0.17830086278916335,42,40,13
WMT,1990-12-11,7.6875,7.71875,7.5,7.5625,4.714098930358887,4361600,False,-0.024490827494543784,0.018129585793175414,0.18126475301401734,42,40,13
WMT,1990-12-12,7.5625,7.6875,7.34375,7.6875,4.792019367218018,7360000,False,0.016394111584745647,0.019391956490568702,0.19388629413942265,42,40,13
WMT,1990-12-13,7.625,7.71875,7.5625,7.625,4.753058910369873,3014400,False,-0.008163510467842729,0.016575114390430735,0.16572270599207517,43,40,13
WMT,1990-12-14,7.5625,7.59375,7.4375,7.5625,4.714098930358887,5338800,False,-0.0082306011169028,0.014839748216462483,0.14837202161893043,44,48,16
WMT,1990-12-17,7.5,7.5625,7.4375,7.53125,4.694617748260498,3163600,True,-0.004141098218503523,0.014629973379782226,0.14627463316266925,44,48,16
WMT,1990-12-18,7.53125,7.78125,7.53125,7.75,4.830976486206055,4396400,False,0.02863192571304731,0.01673415915706928,0.1673128807854651,43,40,13
WMT,1990-12-19,7.75,7.875,7.6875,7.71875,4.811497211456299,3480800,False,-0.00404031203175066,0.01568721454900814,0.15684523094698963,43,40,13
WMT,1990-12-20,7.65625,7.75,7.59375,7.71875,4.811497211456299,3586400,False,0.0,0.014925963279032133,0.14923402432550403,44,48,16
WMT,1990-12-21,7.84375,7.96875,7.8125,7.9375,4.947855949401856,9188000,False,0.02794603495665882,0.017071874802617407,0.17068945782244818,43,40,13
WMT,1990-12-24,7.90625,7.9375,7.84375,7.875,4.908894062042236,1297200,True,-0.007905666723668693,0.017896850041113854,0.1789377947979697,42,40,13
WMT,1990-12-26,7.875,7.875,7.71875,7.71875,4.811497211456299,2317200,True,-0.02004036823299006,0.017735248039634936,0.17732205204362206,42,40,13
WMT,1990-12-27,7.75,7.75,7.5625,7.625,4.753058910369873,2040800,False,-0.012219914345890228,0.018469961020228805,0.18466792130301093,42,40,13
WMT,1990-12-28,7.59375,7.59375,7.53125,7.5625,4.714098930358887,2066000,False,-0.0082306011169028,0.01856422082855915,0.18561035766482678,42,40,13
WMT,1990-12-31,7.53125,7.59375,7.5,7.5625,4.714098930358887,1980000,True,0.0,0.007292801384336394,0.07291550158910075,47,48,16
WMT,1991-01-02,7.5,7.6875,7.4375,7.5,4.675139427185059,6685200,True,-0.008298804500549796,0.007270984829436263,0.0726973734707475,47,48,16
WMT,1991-01-03,7.5,7.59375,7.46875,7.5,4.675139427185059,4425600,False,0.0,0.0054916886709344675,0.05490746462291125,47,48,16
WMT,1991-01-04,7.46875,7.5,7.375,7.40625,4.616700172424316,4814800,False,-0.012578784788992053,0.005598692434491493,0.05597731867219879,47,48,16
WMT,1991-01-07,7.25,7.375,7.25,7.25,4.519299983978272,5172400,True,-0.021323090454583978,0.009022065939506989,0.09020518024281204,46,48,16
WMT,1991-01-08,7.25,7.3125,7.21875,7.28125,4.538782119750977,4227600,False,0.004301609455686956,0.010161275850061264,0.10159532480670354,45,48,16
WMT,1991-01-09,7.4375,7.5625,7.125,7.125,4.441382884979248,6910000,False,-0.021692931973571226,0.011997799042971847,0.11995740581424454,45,48,16
WMT,1991-01-10,7.1875,7.28125,7.125,7.25,4.519299983978272,4825200,False,0.01739132251788443,0.017136057194817894,0.1713311716267674,43,40,13
WMT,1991-01-11,7.25,7.46875,7.25,7.4375,4.636178970336914,3996400,False,0.0255334181562385,0.021763670978519292,0.21759936987003103,41,40,13
WMT,1991-01-14,7.25,7.3125,7.125,7.28125,4.538782119750977,5413600,True,-0.021231808700551677,0.021740455463815814,0.21736725455383868,41,40,13
WMT,1991-01-15,7.21875,7.28125,7.15625,7.28125,4.538782119750977,2876400,False,0.0,0.021655175709107227,0.21651460332116865,41,40,13
WMT,1991-01-16,7.25,7.5,7.1875,7.46875,4.65565824508667,5466800,False,0.025424586260957182,0.020047448241508687,0.2004400870220813,41,40,13
WMT,1991-01-17,8.09375,8.1875,7.875,7.96875,4.9673380851745605,15658800,False,0.06480079331532337,0.032253787425604606,0.32248253645539143,37,40,13
WMT,1991-01-18,7.90625,8.09375,7.875,8.0625,5.025773048400879,9647600,False,0.011695182509574298,0.03213636729194185,0.32130853657640557,37,40,13
WMT,1991-01-21,7.9375,8.0,7.875,7.875,4.908894062042236,5190000,True,-0.023530608101632718,0.03281395372121182,0.3280832383345398,36,32,10
WMT,1991-01-22,7.8125,7.9375,7.75,7.78125,4.850460052490234,4460000,False,-0.011975117854678832,0.03463104304093238,0.3462510139528633,36,32,10
WMT,1991-01-23,7.75,7.8125,7.6875,7.6875,4.792019367218018,3703200,False,-0.012121654256358824,0.03540221890249198,0.35396144946256997,35,32,10
WMT,1991-01-24,7.75,8.0,7.71875,7.90625,4.928377151489258,6049600,False,0.028057853288635217,0.020950219761879038,0.20946625334131513,41,40,13
WMT,1991-01-25,7.90625,8.03125,7.8125,7.875,4.908894062042236,4293600,False,-0.003961081177597505,0.019597339480860378,0.1959397716668858,42,40,13
WMT,1991-01-28,7.875,8.0,7.859375,7.9375,4.947855949401856,3139200,True,0.007905666723668776,0.016906144577363294,0.16903243991313927,43,40,13
WMT,1991-01-29,7.9375,8.03125,7.90625,8.0,4.986815929412842,4190800,False,0.007843274586412943,0.015167066529508793,0.15164464316959148,43,40,13
WMT,1991-01-30,8.0,8.1875,8.0,8.15625,5.084216594696045,6132400,False,0.01934333982593341,0.012251997884128599,0.12249895809703708,45,48,16
WMT,1991-01-31,8.15625,8.25,8.0625,8.25,5.142653465270996,5720400,False,0.011428229016378683,0.008399626506865206,0.08398185383529591,46,48,16
WMT,1991-02-01,8.3125,8.375,8.1875,8.375,5.220573425292969,7294800,False,0.015038062808540266,0.004925380408969338,0.049245353617951154,48,48,16
WMT,1991-02-04,8.3125,8.5625,8.3125,8.46875,5.2790117263793945,6411600,True,0.011131659714911242,0.004385640039664587,0.0438488759570799,48,48,16
WMT,1991-02-05,8.5,8.625,8.46875,8.5625,5.337448596954346,5198400,False,0.011008840796267724,0.003625495780738564,0.03624873754679604,48,48,16
WMT,1991-02-06,8.5625,8.90625,8.53125,8.84375,5.5127692222595215,7548400,False,0.032319330124358316,0.009173164878613069,0.0917159103935281,46,48,16
WMT,1991-02-07,8.90625,9.40625,8.84375,9.0,5.610165596008301,11373200,False,0.017513159018469983,0.008779478132059034,0.08777971837606502,46,48,16
WMT,1991-02-08,8.96875,9.0,8.78125,8.90625,5.551730155944824,5404800,False,-0.01047061811653896,0.015406847219462845,0.154042038677569,43,40,13
WMT,1991-02-11,8.9375,9.375,8.90625,9.21875,5.74652624130249,8297200,True,0.03448592131316717,0.018242994472572504,0.1823986452327959,42,40,13
WMT,1991-02-12,9.15625,9.34375,8.9375,8.96875,5.59068775177002,9513600,False,-0.027493228184503386,0.027277696582830656,0.2727301655032502,39,40,13
WMT,1991-02-13,8.9375,9.25,8.84375,9.25,5.7660064697265625,6056800,False,0.030877409147071863,0.02697909486790911,0.26974466066478936,39,40,13
WMT,1991-02-14,9.25,9.25,8.8125,9.03125,5.629645824432373,6721200,False,-0.023933189717006753,0.029910696810670687,0.29905565034499076,38,40,13
WMT,1991-02-15,9.25,9.34375,9.0,9.28125,5.785482883453369,11440000,False,0.027305297258645063,0.031131831036529067,0.3112648975044325,37,40,13
WMT,1991-02-19,9.15625,9.25,9.09375,9.1875,5.727046012878418,4624800,True,-0.010151961048157982,0.027966162655842862,0.2796136450326096,38,40,13
WMT,1991-02-20,9.15625,9.1875,8.9375,8.96875,5.59068775177002,5402400,False,-0.02409755564055199,0.027182465510976538,0.27177801817259273,39,40,13
WMT,1991-02-21,9.0,9.125,8.96875,9.0,5.610165596008301,4876400,False,0.0034779249878752493,0.02158750185390444,0.21583798087712708,41,40,13
WMT,1991-02-22,9.03125,9.4375,9.0,9.3125,5.8049635887146,9798000,False,0.03413310562559547,0.024588655715560265,0.2458443704160921,40,40,13
WMT,1991-02-25,9.5,9.53125,9.3125,9.46875,5.902363300323486,6999600,True,0.016639487356447744,0.022681401477187113,0.22677510030713094,40,40,13
WMT,1991-02-26,9.4375,9.46875,9.1875,9.25,5.7660064697265625,4008000,False,-0.0233731088228467,0.025356648647518982,0.25352298209074003,39,40,13
WMT,1991-02-27,9.28125,9.28125,9.09375,9.15625,5.707564830780029,4584800,False,-0.010187263030727034,0.022463879430062058,0.22460025303830536,41,40,13
WMT,1991-02-28,9.21875,9.25,8.375,8.84375,5.5127692222595215,17641600,False,-0.034725380146939364,0.028445271407667717,0.2844039105443058,38,40,13
WMT,1991-03-01,8.8125,9.125,8.6875,9.03125,5.629645824432373,7631200,False,0.020979453460659634,0.024417483059341664,0.24413293753471332,40,40,13
WMT,1991-03-04,9.03125,9.09375,8.90625,8.96875,5.59068775177002,5258000,True,-0.006944219430064991,0.020950360864739864,0.20946766412783333,41,40,13
WMT,1991-03-05,9.0625,9.28125,9.0,9.25,5.7660064697265625,6928400,False,0.030877409147071863,0.026226925101140032,0.2622242534942443,39,40,13
WMT,1991-03-06,9.375,9.375,9.0,9.125,5.688084125518799,6557600,False,-0.013606238871840858,0.026600836124373927,0.26596272220770073,39,40,13
WMT,1991-03-07,9.0625,9.25,9.0625,9.15625,5.707564830780029,4875600,False,0.00341897584111382,0.01869105918217582,0.18687852358451837,42,40,13
WMT,1991-03-08,9.125,9.21875,9.0,9.0625,5.6491289138793945,4514800,False,-0.010291099494857556,0.01804144723821261,0.18038351868364677,42,40,13
WMT,1991-03-11,9.0625,9.1875,9.0625,9.125,5.688084125518799,2505200,True,0.00687212365374379,0.01763311994136039,0.1763009462819838,42,40,13
WMT,1991-03-12,9.0625,9.21875,9.0,9.0625,5.6491289138793945,4489600,False,-0.006872123653743748,0.008850216968125957,0.0884869853701624,46,48,16
WMT,1991-03-13,9.15625,9.25,9.125,9.21875,5.74652624130249,3565600,False,0.0170941815630161,0.010992738982723318,0.10990852959260562,45,48,16
WMT,1991-03-14,9.25,9.3125,9.03125,9.09375,5.668607711791992,5900400,False,-0.013652006189999519,0.0129379834193119,0.12935763650396445,44,48,16
WMT,1991-03-15,9.1875,9.25,9.125,9.25,5.7660064697265625,11368800,False,0.0170361871525678,0.013958863579257776,0.13956468658004278,44,48,16
WMT,1991-03-18,9.21875,9.3125,9.15625,9.3125,5.811560153961182,3912400,True,0.007869342634239072,0.014015460265551597,0.14013055634008567,44,48,16
WMT,1991-03-19,9.25,9.28125,9.125,9.1875,5.733554363250732,3490000,False,-0.013513417759459861,0.01556717528583702,0.15564504426655876,43,40,13
WMT,1991-03-20,9.125,9.375,9.125,9.28125,5.79205846786499,4822400,False,0.010152103484437512,0.01424566399214872,0.14243219864568327,44,48,16
WMT,1991-03-21,9.3125,9.40625,9.21875,9.3125,5.811560153961182,3370800,False,0.0033613142750224512,0.011457281983044298,0.11455316257971286,45,48,16
WMT,1991-03-22,9.28125,9.3125,9.15625,9.28125,5.79205846786499,3678400,False,-0.0033613142750224356,0.009567348399229032,0.09565706929929554,46,48,16
WMT,1991-03-25,9.28125,9.5,9.28125,9.4375,5.88956880569458,4337200,True,0.016695037499552635,0.011741392316471283,0.11739377846608123,45,48,16
WMT,1991-03-26,9.40625,9.9375,9.375,9.9375,6.201598644256592,7450000,False,0.051624317540387835,0.02143538284299656,0.21431705175852953,41,40,13
WMT,1991-03-27,9.875,9.96875,9.65625,9.78125,6.104089736938477,5741200,False,-0.01584810945496127,0.025821055151667507,0.2581662503503091,39,40,13
WMT,1991-03-28,9.78125,9.84375,9.65625,9.6875,6.045580387115479,2750800,False,-0.009631504646765994,0.027328154406100483,0.27323465716549616,39,40,13
WMT,1991-04-01,9.71875,9.875,9.625,9.6875,6.045580387115479,4348000,True,0.0,0.027021631209776874,0.2701699511038948,39,40,13
WMT,1991-04-02,9.75,10.0,9.75,10.0,6.240602016448975,4172400,False,0.03174916416212978,0.028925196889590162,0.2892023419557147,38,40,13
WMT,1991-04-03,10.0,10.34375,9.96875,10.1875,6.357612609863281,6022800,False,0.018576276350477768,0.019834016897065973,0.19830613976166336,42,40,13
WMT,1991-04-04,10.25,10.46875,10.125,10.28125,6.416118144989014,4950000,False,0.009160353440674826,0.016067633557173264,0.16064876834401312,43,40,13
WMT,1991-04-05,10.40625,10.40625,9.96875,10.15625,6.3381123542785645,6794000,False,-0.012232296315121986,0.016882313293313165,0.16879416795995544,43,40,13
WMT,1991-04-08,10.1875,10.5625,10.1875,10.53125,6.5721354484558105,4507200,True,0.03625782169321978,0.01940637884167223,0.1940304929060402,42,40,13
WMT,1991-04-09,10.5,10.5625,10.3125,10.375,6.474627494812012,4952000,False,-0.014947733720069826,0.021480358722122322,0.2147667333847026,41,40,13
WMT,1991-04-10,10.375,10.46875,10.15625,10.3125,6.4356207847595215,4234800,False,-0.0060427697286849335,0.021085392784539626,0.21081775165166006,41,40,13
WMT,1991-04-11,10.3125,10.65625,10.28125,10.65625,6.650142669677734,4149600,False,0.03279000208125066,0.02521262721264293,0.25208301483945517,39,40,13
WMT,1991-04-12,10.78125,10.9375,10.625,10.90625,6.806155681610107,4859200,False,0.023189141463934887,0.023303906851166338,0.23299908601488598,40,40,13
WMT,1991-04-15,10.9375,11.0625,10.875,11.0625,6.903666496276856,4394400,True,0.014225196756404693,0.019942581345488975,0.19939159798194472,42,40,13
WMT,1991-04-16,11.0,11.03125,10.84375,10.96875,6.845162391662598,6801600,False,-0.00851046415690393,0.018061081627190095,0.1805798288867141,42,40,13
WMT,1991-04-17,10.96875,11.03125,10.8125,10.9375,6.825660228729248,5140800,False,-0.0028531093854738594,0.017345012307939396,0.17342036425384014,43,40,13
WMT,1991-04-18,10.78125,10.9375,10.59375,10.71875,6.68914794921875,6598800,False,-0.020202569024248346,0.017478302653740077,0.17475303902569336,43,40,13
WMT,1991-04-19,10.59375,10.625,10.40625,10.5,6.5526323318481445,6369200,False,-0.020619652539382506,0.01438781530238567,0.14385346785914868,44,48,16
WMT,1991-04-22,10.53125,10.5625,10.3125,10.5625,6.591637134552002,5762000,True,0.005934893117065347,0.011415733317538538,0.11413774720967176,45,48,16
WMT,1991-04-23,10.5625,10.6875,10.40625,10.46875,6.5331315994262695,4473200,False,-0.008915345303099152,0.01141060928898777,0.1140865157154563,45,48,16
WMT,1991-04-24,10.4375,10.65625,10.375,10.65625,6.650142669677734,3483600,False,0.017751909071702942,0.016788552735700426,0.16785672324875153,43,40,13
WMT,1991-04-25,10.65625,10.6875,10.40625,10.4375,6.5136260986328125,3715600,False,-0.02074200297511473,0.01691027527507261,0.16907373980319723,43,40,13
WMT,1991-04-26,10.375,10.4375,10.3125,10.34375,6.455122470855713,3951600,False,-0.009022308408970356,0.014970906895697867,0.14968338338242954,44,48,16
WMT,1991-04-29,10.3125,10.5,10.09375,10.125,6.318609237670898,4875200,True,-0.02137487052837437,0.01585267472502314,0.15849954882723072,43,40,13
WMT,1991-04-30,10.28125,10.3125,10.0625,10.125,6.318609237670898,8247600,False,0.0,0.016284241651765743,0.16281447765558069,43,40,13
WMT,1991-05-01,10.1875,10.34375,10.125,10.28125,6.416118144989014,6119200,False,0.015314157901865967,0.015381440031108815,0.15378801038512407,43,40,13
WMT,1991-05-02,10.375,10.4375,10.3125,10.34375,6.455122470855713,4874400,False,0.006060712626508459,0.014082457164060957,0.1408004103786471,44,48,16
WMT,1991-05-03,10.34375,10.4375,10.21875,10.34375,6.455122470855713,2715600,False,0.0,0.01349204172734048,0.1348972689867965,44,48,16
WMT,1991-05-06,10.21875,10.3125,10.1875,10.28125,6.416118144989014,2627600,True,-0.006060712626508571,0.008079034918801973,0.08077648799342825,46,48,16
WMT,1991-05-07,10.3125,10.40625,10.1875,10.1875,6.357612609863281,3178000,False,-0.009160353440674715,0.009802118656371013,0.09800436907554846,46,48,16
WMT,1991-05-08,10.15625,10.1875,9.96875,10.0,6.240602016448975,5153600,False,-0.01857627635047779,0.009335288785776283,0.09333687130928547,46,48,16
WMT,1991-05-09,10.09375,10.5,10.09375,10.5,6.5526323318481445,8007200,False,0.0487901969160769,0.02646341122028662,0.26458870894664005,39,40,13
WMT,1991-05-10,10.53125,10.5625,10.0,10.0,6.240602016448975,6407600,False,-0.04879019691607704,0.03534910506317076,0.3534304021967349,35,32,10
WMT,1991-05-13,10.125,10.3125,10.03125,10.21875,6.377115249633789,4624000,True,0.02163918515112674,0.037585819520810165,0.37579370924368954,34,32,10
WMT,1991-05-14,10.1875,10.21875,10.03125,10.125,6.318609237670898,5422400,False,-0.009216713261840063,0.037588804678902986,0.3758235557029841,34,32,10
WMT,1991-05-15,10.125,10.21875,10.03125,10.125,6.318609237670898,5196800,False,0.0,0.03634317407026679,0.3633693867441911,35,32,10
WMT,1991-05-16,10.3125,10.34375,10.1875,10.21875,6.377115249633789,4258800,False,0.009216713261840023,0.026791779372804775,0.26787182709081064,39,40,13
WMT,1991-05-17,10.1875,10.28125,10.125,10.15625,6.3381123542785645,7061200,False,-0.006134851675096173,0.012527065443220891,0.12524916175474016,44,48,16
WMT,1991-05-20,10.1875,10.21875,10.03125,10.09375,6.299108505249023,3638400,True,-0.006172871917706177,0.007337239731030332,0.07335980881319962,47,48,16
WMT,1991-05-21,10.09375,10.4375,10.09375,10.34375,6.455122470855713,532000,False,0.02446588085933666,0.012921792293845456,0.12919575302840272,44,48,16
WMT,1991-05-22,10.40625,10.53125,10.375,10.40625,6.494123935699463,4025200,False,0.006023761005409278,0.012702525113413184,0.12700345742062896,44,48,16
WMT,1991-05-23,10.40625,10.4375,10.125,10.1875,6.357612609863281,5086800,False,-0.021244827072592596,0.01702991611063851,0.17026994289115788,43,40,13
WMT,1991-05-24,10.21875,10.34375,10.15625,10.34375,6.455122470855713,3269200,False,0.015221066067183363,0.017951783093359965,0.17948703107183128,42,40,13
WMT,1991-05-28,10.34375,10.59375,10.28125,10.53125,6.5721354484558105,4193200,True,0.017964812751589152,0.017892388728019935,0.17889318932130227,42,40,13
WMT,1991-05-29,10.53125,10.53125,10.34375,10.375,6.474627494812012,4362000,False,-0.014947733720069826,0.017773983188958488,0.17770933707898884,42,40,13
WMT,1991-05-30,10.4375,10.59375,10.375,10.5625,6.591637134552002,5536400,False,0.017910668583961863,0.019400767097473185,0.19397438509211534,42,40,13
WMT,1991-05-31,10.46875,10.71875,10.3125,10.71875,6.68914794921875,6223200,False,0.014684759422317126,0.01411978992654728,0.1411736739517157,44,48,16
WMT,1991-06-03,10.6875,10.71875,10.53125,10.5625,6.591637134552002,3658400,True,-0.014684759422317149,0.01739720871448577,0.17394223876596546,43,40,13
WMT,1991-06-04,10.5625,10.5625,10.40625,10.5,6.5526323318481445,3590800,False,-0.00593489311706535,0.01588212485951249,0.15879399964454896,43,40,13
WMT,1991-06-05,10.4375,10.5,10.28125,10.34375,6.455122470855713,4192400,False,-0.014992854498415868,0.015892328785080314,0.1588960213933592,43,40,13
WMT,1991-06-06,10.375,10.53125,10.3125,10.46875,6.5331315994262695,4493200,False,0.012012402312382025,0.014315150137565437,0.1431269408825191,44,48,16
WMT,1991-06-07,10.4375,10.5,10.34375,10.40625,6.494123935699463,3827600,False,-0.005988641306972685,0.010962591587727541,0.10960710736651248,45,48,16
WMT,1991-06-10,10.4375,10.53125,10.40625,10.53125,6.5721354484558105,3338000,True,0.011941051746179897,0.0120520039468877,0.12049936185408712,45,48,16
WMT,1991-06-11,10.53125,10.78125,10.5,10.78125,6.734864234924316,5584800,False,0.024458841626727276,0.01577403891006383,0.15771332559305065,43,40,13
WMT,1991-06-12,10.75,10.75,10.5,10.625,6.637258052825928,4948400,False,-0.014598717166701991,0.015646584302106442,0.156438998187259,43,40,13
WMT,1991-06-13,10.625,10.75,10.59375,10.65625,6.656779766082764,3656800,False,0.002936914661256647,0.015232589357250375,0.1522997590295373,43,40,13
WMT,1991-06-14,10.6875,10.84375,10.6875,10.84375,6.77390718460083,4077600,False,0.017442203576112803,0.015091112275842948,0.1508852309475932,43,40,13
WMT,1991-06-17,10.8125,10.84375,10.65625,10.6875,6.6763014793396,2597600,True,-0.014513889130647523,0.017926300780484922,0.17923225166306733,42,40,13
WMT,1991-06-18,10.6875,10.75,10.5,10.625,6.637258052825928,3642400,False,-0.00586522910672193,0.013494516088209996,0.13492200835023244,44,48,16
WMT,1991-06-19,10.53125,10.65625,10.46875,10.59375,6.617734432220459,4015600,False,-0.002945853759843669,0.011883310428797358,0.11881271610053537,45,48,16
WMT,1991-06-20,10.65625,10.75,10.59375,10.75,6.715343475341797,3434000,False,0.014641898535301744,0.013756844939725461,0.13754484678795897,44,48,16
WMT,1991-06-21,10.71875,10.875,10.6875,10.84375,6.77390718460083,8113600,False,0.008683073461911146,0.011656681581913481,0.11654681645865159,45,48,16
WMT,1991-06-24,10.75,10.78125,10.5625,10.5625,6.598215103149414,3900000,True,-0.026278879048977175,0.015777804115488035,0.1577509711873324,43,40,13
WMT,1991-06-25,10.625,10.6875,10.5,10.5625,6.598215103149414,4130000,False,0.0,0.015669054377828222,0.1566636603925835,43,40,13
WMT,1991-06-26,10.59375,10.875,10.53125,10.84375,6.77390718460083,3894400,False,0.02627887904897706,0.019761889218078452,0.19758498672119684,42,40,13
WMT,1991-06-27,10.84375,10.96875,10.71875,10.84375,6.77390718460083,3872000,False,0.0,0.018983384708327902,0.1898012773033373,42,40,13
WMT,1991-06-28,10.75,10.78125,10.53125,10.6875,6.6763014793396,4948400,False,-0.014513889130647523,0.019682996153399336,0.19679619143118188,42,40,13
WMT,1991-07-01,10.75,10.90625,10.75,10.90625,6.812948703765869,4745200,True,0.020260859134589228,0.016632828030187133,0.16629974337038755,43,40,13
WMT,1991-07-02,10.875,11.03125,10.84375,10.90625,6.812948703765869,4819600,False,0.0,0.016632828030187133,0.16629974337038755,43,40,13
WMT,1991-07-03,10.84375,10.84375,10.75,10.84375,6.77390718460083,3684400,False,-0.005746970003941812,0.012788501229567704,0.12786307107301148,44,48,16
WMT,1991-07-05,10.75,10.96875,10.75,10.9375,6.83247184753418,2251200,True,0.008608465846662207,0.013355407165088044,0.13353115778809557,44,48,16
WMT,1991-07-08,10.875,11.34375,10.8125,11.3125,7.06673002243042,6914000,True,0.03371133997186916,0.015875109666666328,0.15872385975204883,43,40,13
WMT,1991-07-09,11.3125,11.3125,11.09375,11.15625,6.96912145614624,5552800,False,-0.0139086880439794,0.018264081385532673,0.18260947818359566,42,40,13
WMT,1991-07-10,11.34375,11.53125,11.125,11.15625,6.96912145614624,7307200,False,0.0,0.018264081385532673,0.18260947818359566,42,40,13
WMT,1991-07-11,11.34375,11.5,11.15625,11.4375,7.144815444946289,5416800,False,0.0248978107257442,0.019075798393526668,0.19072525560122952,42,40,13
WMT,1991-07-12,11.53125,11.71875,11.4375,11.625,7.261945247650146,5938000,False,0.016260752305052462,0.019176581710625085,0.19173291585834665,42,40,13
WMT,1991-07-15,11.6875,11.8125,11.59375,11.78125,7.359546661376953,4986000,True,0.013350602527377962,0.015217781380131485,0.15215170466438444,43,40,13
WMT,1991-07-16,11.78125,11.8125,11.625,11.6875,7.3009867668151855,5972400,False,-0.007988823366577233,0.013167616370883277,0.1316535720385829,44,48,16
WMT,1991-07-17,11.65625,11.84375,11.53125,11.59375,7.242423057556152,4340000,False,-0.008053685691569301,0.014960765787953776,0.1495819897040801,44,48,16
WMT,1991-07-18,11.59375,11.8125,11.59375,11.6875,7.3009867668151855,4159200,False,0.008053685691569367,0.011647841915903392,0.11645843496475952,45,48,16
WMT,1991-07-19,11.65625,11.71875,11.53125,11.6875,7.3009867668151855,7030800,False,0.0,0.009566005669945995,0.09564364431018488,46,48,16
WMT,1991-07-22,11.65625,11.78125,11.4375,11.59375,7.242423057556152,4508000,True,-0.008053685691569301,0.007192607994705516,0.07191373959452088,47,48,16
WMT,1991-07-23,11.59375,11.6875,11.46875,11.5,7.183858871459961,3868400,False,-0.008119140898367048,0.007214463677254276,0.07213225892222913,47,48,16
WMT,1991-07-24,11.5625,11.59375,11.34375,11.34375,7.086250305175781,5681600,False,-0.01368035624333442,0.008481637329888842,0.08480182135962025,46,48,16
WMT,1991-07-25,11.4375,11.59375,11.375,11.5625,7.222898960113525,4064400,False,0.019100060616926467,0.012841542325408344,0.12839339102884662,44,48,16
WMT,1991-07-26,11.53125,11.59375,11.4375,11.5625,7.222898960113525,2788800,False,0.0,0.012841542325408344,0.12839339102884662,44,48,16
WMT,1991-07-29,11.5625,11.71875,11.5,11.6875,7.3009867668151855,2608800,True,0.010753122216344314,0.0134214583615034,0.1341915564282574,44,48,16
WMT,1991-07-30,11.71875,11.875,11.6875,11.8125,7.379063129425049,4002000,False,0.01063717076596797,0.01261931367165135,0.12617148576882337,44,48,16
WMT,1991-07-31,11.78125,11.9375,11.71875,11.90625,7.437635898590088,3969200,False,0.007906359462634275,0.006849334051351684,0.06848158911584842,47,48,16
WMT,1991-08-01,11.84375,11.9375,11.8125,11.84375,7.39858865737915,3541600,False,-0.005263782739570565,0.0071323418792619,0.07131118183861707,47,48,16
WMT,1991-08-02,11.9375,11.9375,11.75,11.9375,7.457151889801025,3252400,False,0.007884297063960875,0.006659917440596758,0.06658774799024651,47,48,16
WMT,1991-08-05,11.90625,11.96875,11.8125,11.84375,7.39858865737915,2574400,True,-0.007884297063960934,0.008550164798079126,0.08548697846899357,46,48,16
WMT,1991-08-06,11.8125,12.125,11.71875,12.09375,7.554758548736572,5186000,False,0.02088837603461239,0.011620298134019035,0.11618304440276336,45,48,16
WMT,1991-08-07,12.09375,12.125,11.96875,12.03125,7.515720844268799,3288400,False,-0.005180696746640305,0.012179702030799643,0.12177612360169279,45,48,16
WMT,1991-08-08,12.09375,12.34375,12.0625,12.21875,7.632850170135498,5546400,False,0.015464384067420825,0.012572746521223777,0.12570589415977526,44,48,16
WMT,1991-08-09,12.21875,12.28125,12.0625,12.15625,7.59380292892456,3925600,False,-0.0051288128193069825,0.013461318561125864,0.13459009003636524,44,48,16
WMT,1991-08-12,12.15625,12.3125,12.0625,12.28125,7.671888828277588,3026000,True,0.010230336316434656,0.011938602600201142,0.11936554294983318,45,48,16
WMT,1991-08-13,12.34375,12.625,12.28125,12.46875,7.789017677307129,6485600,False,0.015151904560165524,0.010488427242988175,0.10486627744255532,45,48,16
WMT,1991-08-14,12.59375,12.96875,12.59375,12.875,8.042798042297363,8218800,False,0.03206228640147167,0.013312153718632902,0.13309869753345213,44,48,16
WMT,1991-08-15,12.8125,12.84375,12.40625,12.4375,7.76949405670166,8684000,False,-0.03457199056686925,0.025103732329170493,0.2509942528356066,39,40,13
WMT,1991-08-16,12.46875,12.53125,11.8125,12.09375,7.554758548736572,14980000,False,-0.028027411212676177,0.028886302839982354,0.2888134681901305,38,40,13
WMT,1991-08-19,11.125,11.875,11.125,11.875,7.418115139007568,17660800,True,-0.018252635562079948,0.028918793609329044,0.28913832013920704,38,40,13
WMT,1991-08-20,12.03125,12.1875,11.65625,12.15625,7.59380292892456,11109600,False,0.02340751006355349,0.030663362186345702,0.3065810127542793,37,40,13
WMT,1991-08-21,12.40625,12.5625,12.3125,12.46875,7.789017677307129,10096800,False,0.025382240876600327,0.028724939745095112,0.28720011409180773,38,40,13
WMT,1991-08-22,12.46875,12.5,12.28125,12.3125,7.691412925720215,5013600,False,-0.01261024935274422,0.024746102469185648,0.24741856782106023,40,40,13
WMT,1991-08-23,12.25,12.46875,12.25,12.3125,7.691412925720215,5494800,False,0.0,0.020125060670067585,0.20121607814808057,41,40,13
WMT,1991-08-26,12.1875,12.40625,12.15625,12.375,7.737049102783203,4231600,True,0.005915859931368875,0.01606067849189264,0.16057922962400756,43,40,13
WMT,1991-08-27,12.375,12.5625,12.34375,12.53125,7.8347392082214355,4206800,False,0.012547227732656442,0.014147268541879747,0.14144841295999916,44,48,16
WMT,1991-08-28,12.5,12.53125,12.25,12.53125,7.8347392082214355,4175600,False,0.0,0.009281669677131388,0.09280077221710394,46,48,16
WMT,1991-08-29,12.53125,12.5625,12.375,12.4375,7.776126861572266,3750000,False,-0.007509208240887836,0.007497016673724737,0.0749573041109542,47,48,16
WMT,1991-08-30,12.40625,12.65625,12.375,12.65625,7.91288948059082,3447600,False,0.01743462818659184,0.009894484802794529,0.09892787206725044,46,48,16
WMT,1991-09-03,12.65625,12.75,12.40625,12.4375,7.776126861572266,3992400,True,-0.01743462818659189,0.014288783399135982,0.14286331873561933,44,48,16
WMT,1991-09-04,12.5,12.5625,12.28125,12.5,7.815201759338379,4382400,False,0.005012398946418291,0.013116764657127775,0.13114514214727782,44,48,16
WMT,1991-09-05,12.5625,12.75,12.53125,12.625,7.893354892730713,3765200,False,0.009950472212456185,0.01394045686737316,0.1393806510415794,44,48,16
WMT,1991-09-06,12.625,12.71875,12.46875,12.5625,7.854279041290283,4569600,False,-0.004962768604385934,0.013571083435552994,0.13568755045711783,44,48,16
WMT,1991-09-09,12.53125,12.5625,12.375,12.40625,7.756590843200684,3065200,True,-0.012515570748040796,0.011508362336884858,0.11506387847959089,45,48,16
WMT,1991-09-10,12.4375,12.5,12.3125,12.34375,7.71751594543457,4758000,False,-0.005050369802182965,0.008936756654990736,0.08935223376272962,46,48,16
WMT,1991-09-11,12.375,12.4375,12.125,12.34375,7.71751594543457,3782400,False,0.0,0.008278651865566335,0.08277231497841514,46,48,16
WMT,1991-09-12,12.40625,12.4375,12.3125,12.40625,7.756590843200684,3892800,False,0.005050369802183053,0.006541838127464497,0.06540715744751932,47,48,16
WMT,1991-09-13,12.4375,12.4375,12.25,12.3125,7.697977066040039,3947600,False,-0.007585337687174649,0.00678933032911053,0.06788165484178141,47,48,16
WMT,1991-09-16,12.28125,12.4375,12.25,12.4375,7.776126861572266,4495600,True,0.010100805880726902,0.007233784996453527,0.07232543896464773,47,48,16
WMT,1991-09-17,12.40625,12.46875,12.375,12.4375,7.776126861572266,3950400,False,0.0,0.00658827521988639,0.06587144869965107,47,48,16
WMT,1991-09-18,12.375,12.46875,12.34375,12.40625,7.756590843200684,2420400,False,-0.002515468193552288,0.006824518217655202,0.06823347335539223,47,48,16
WMT,1991-09-19,12.34375,12.5,12.3125,12.40625,7.756590843200684,4626400,False,0.0,0.006439938033502108,0.06438833133781578,47,48,16
WMT,1991-09-20,12.46875,12.5,12.3125,12.40625,7.756590843200684,9164400,False,0.0,0.004920528175593119,0.04919683960916239,48,48,16
WMT,1991-09-23,12.3125,12.40625,12.25,12.3125,7.697977066040039,3385600,True,-0.007585337687174649,0.0032961975127877865,0.032956319844097574,48,48,16
WMT,1991-09-24,12.3125,12.40625,12.1875,12.375,7.737049102783203,4442800,False,0.0050627863889583635,0.004594028896339085,0.04593240699120841,48,48,16
WMT,1991-09-25,12.3125,12.34375,11.84375,11.96875,7.483059406280518,7934000,False,-0.033378642137098,0.015325825970801598,0.15323196519905652,43,40,13
WMT,1991-09-26,11.875,11.90625,11.65625,11.875,7.424445152282715,8374000,False,-0.00786376496752396,0.014799217778561653,0.14796678677796624,44,48,16
WMT,1991-09-27,11.875,12.09375,11.8125,11.9375,7.463516235351562,5169200,False,0.005248693457519272,0.015732052903014746,0.1572935375579229,43,40,13
WMT,1991-09-30,11.96875,12.09375,11.78125,11.9375,7.463516235351562,4041200,True,0.0,0.016107519107566085,0.16104755541633028,43,40,13
WMT,1991-10-01,12.0,12.0625,11.875,11.96875,7.483059406280518,4072000,False,0.002615071510004645,0.01571252034375034,0.15709824547727722,43,40,13
WMT,1991-10-02,11.90625,12.125,11.875,11.9375,7.463516235351562,2764400,False,-0.002615071510004659,0.005042248027414618,0.05041382929271227,47,48,16
WMT,1991-10-03,11.90625,11.90625,11.75,11.8125,7.385361671447754,3430400,False,-0.010526759813461711,0.006051178734235642,0.060501405339210494,47,48,16
WMT,1991-10-04,11.8125,11.90625,11.59375,11.59375,7.248603820800781,3552800,False,-0.018691014695243223,0.008705001882031556,0.08703508365464062,46,48,16
WMT,1991-10-07,11.65625,11.875,11.59375,11.625,7.268143653869629,3686800,True,0.002692041712996053,0.0092245337148774,0.09222951062269476,46,48,16
WMT,1991-10-08,11.625,11.84375,11.625,11.75,7.346289157867432,4116400,False,0.010694393657995387,0.011407984404030298,0.11406027136939488,45,48,16
WMT,1991-10-09,11.71875,11.96875,11.5,11.5,7.189990997314453,5598000,False,-0.021505389630945143,0.01383346817463619,0.13831094767463542,44,48,16
WMT,1991-10-10,11.53125,11.6875,11.3125,11.6875,7.307218551635742,7356000,False,0.01617278264116738,0.017120031466354168,0.1711709418374613,43,40,13
WMT,1991-10-11,11.71875,11.75,11.59375,11.75,7.346289157867432,3362800,False,0.005332606989777717,0.014476318530215037,0.14473834829251592,44,48,16
WMT,1991-10-14,11.75,11.9375,11.71875,11.9375,7.463516235351562,2616400,True,0.015831339137713524,0.015626546590499907,0.15623865544988152,43,40,13
WMT,1991-10-15,11.9375,12.15625,11.90625,12.09375,7.561207294464111,4078000,False,0.013004224087689252,0.015858125524124474,0.15855404746631183,43,40,13
WMT,1991-10-16,12.0625,12.15625,12.0,12.125,7.580743312835693,3089200,False,0.002580384749376375,0.006250230582567308,0.062491582309409405,47,48,16
WMT,1991-10-17,12.0625,12.15625,11.96875,12.125,7.580743312835693,3004400,False,0.0,0.006796046044976967,0.06794880047829674,47,48,16
WMT,1991-10-18,12.125,12.28125,12.09375,12.25,7.658899784088135,6018000,False,0.010257084890588773,0.00678746980258682,0.06786305276864837,47,48,16
WMT,1991-10-21,12.28125,12.40625,12.15625,12.25,7.658899784088135,3509200,True,0.0,0.006070778226216917,0.06069736663218849,47,48,16
WMT,1991-10-22,12.125,12.1875,11.71875,11.75,7.346289157867432,5510400,False,-0.04167303286536781,0.020507376129092897,0.2050385767999665,41,40,13
WMT,1991-10-23,11.78125,11.8125,11.53125,11.59375,7.248603820800781,6624800,False,-0.013386435370991469,0.020122098547990935,0.20118646200942486,41,40,13
WMT,1991-10-24,11.59375,11.625,11.375,11.5625,7.229063987731934,6275600,False,-0.002699308368119622,0.019856045887351407,0.1985263918693944,42,40,13
WMT,1991-10-25,11.5,11.6875,11.4375,11.5625,7.229063987731934,4193200,False,0.0,0.01771940554051366,0.17716365423337402,42,40,13
WMT,1991-10-28,11.5625,11.875,11.5625,11.875,7.424445152282715,3961200,True,0.02666838941930519,0.02470326468789538,0.2469902635049091,40,40,13
WMT,1991-10-29,11.90625,11.90625,11.5,11.875,7.424445152282715,5344800,False,0.0,0.014792628518194061,0.14790090547947976,44,48,16
WMT,1991-10-30,11.75,11.9375,11.625,11.78125,7.365828514099121,5174800,False,-0.007926417915333082,0.01350781211703392,0.13505494582648425,44,48,16
WMT,1991-10-31,11.6875,11.75,11.46875,11.5625,7.229063987731934,4687600,False,-0.01874197150397211,0.016772690534347354,0.16769812844998863,43,40,13
WMT,1991-11-01,11.5625,11.6875,11.34375,11.5,7.189990997314453,5985200,False,-0.005419645891834075,0.016946907094793427,0.16943999515121777,43,40,13
WMT,1991-11-04,11.4375,11.59375,11.34375,11.5625,7.229063987731934,2994800,True,0.005419645891834083,0.009091123708954164,0.09089563945491679,46,48,16
WMT,1991-11-05,11.625,11.8125,11.5625,11.59375,7.248603820800781,4224800,False,0.002699308368119671,0.00955533380354288,0.09553694395586751,46,48,16
WMT,1991-11-06,11.59375,11.75,11.59375,11.71875,7.326748847961426,4301600,False,0.010723003101598724,0.01147405686373128,0.11472088260593155,45,48,16
WMT,1991-11-07,11.84375,12.21875,11.8125,12.21875,7.639364719390869,7673200,False,0.04178257082724058,0.01814718713339637,0.18144073621761972,42,40,13
WMT,1991-11-08,12.28125,12.40625,12.25,12.25,7.658899784088135,6284400,False,0.002553894307519809,0.01662561735710011,0.16622764901086412,43,40,13
WMT,1991-11-11,12.28125,12.375,12.25,12.375,7.737049102783203,3633200,True,0.010152019919448255,0.016242405254398996,0.16239618546059106,43,40,13
WMT,1991-11-12,12.4375,12.75,12.4375,12.71875,7.951966285705566,6410000,False,0.027398867584234612,0.015856499076625938,0.15853778578182132,43,40,13
WMT,1991-11-13,12.5625,12.625,12.46875,12.625,7.893354892730713,4648800,False,-0.00739797693359158,0.01969177301908672,0.1968839450295934,42,40,13
WMT,1991-11-14,12.625,12.65625,12.53125,12.65625,7.91288948059082,3512400,False,0.0024717570277173243,0.012977068538829553,0.12974842064082862,44,48,16
WMT,1991-11-15,12.59375,12.625,11.84375,11.84375,7.404903411865234,6207200,False,-0.06635060571693839,0.03567042261264532,0.3566430264071843,35,32,10
WMT,1991-11-18,11.9375,12.15625,11.84375,12.03125,7.5221357345581055,8618000,True,0.015707700897072026,0.03640727832249081,0.36401031928281036,35,32,10
WMT,1991-11-19,11.9375,11.96875,11.75,11.875,7.424445152282715,6540000,False,-0.013072149963116002,0.03137885664928896,0.31373472981035944,37,40,13
WMT,1991-11-20,11.90625,11.9375,11.75,11.8125,7.385361671447754,5422400,False,-0.0052780663559424046,0.03149986127649345,0.3149445684748496,37,40,13
WMT,1991-11-21,11.71875,11.90625,11.71875,11.8125,7.385361671447754,5326800,False,0.0,0.031208427077851722,0.31203072650188424,37,40,13
WMT,1991-11-22,11.78125,11.90625,11.65625,11.78125,7.365828514099121,4112000,False,-0.0026483515593907145,0.010569839969070256,0.10568026502361862,45,48,16
WMT,1991-11-25,11.8125,11.9375,11.75,11.9375,7.463516235351562,4116000,True,0.01317511137285247,0.00957986326163038,0.09578219645156831,46,48,16
WMT,1991-11-26,12.0,12.21875,11.65625,12.15625,7.600284099578857,6234800,False,0.0181589797283546,0.010351570196187666,0.10349794178009025,45,48,16
WMT,1991-11-27,12.21875,12.3125,12.09375,12.15625,7.600284099578857,2581200,False,0.0,0.009297466588160238,0.09295871422464318,46,48,16
WMT,1991-11-29,12.15625,12.25,12.09375,12.21875,7.639364719390869,2072800,True,0.005128819691779709,0.008774476888144415,0.08772971451754955,46,48,16
WMT,1991-12-02,12.0625,12.4375,12.03125,12.4375,7.776126861572266,6150400,True,0.017743933718736848,0.008012610082300958,0.08011235359346389,46,48,16
WMT,1991-12-03,12.40625,12.5625,12.28125,12.5,7.815201759338379,9112000,False,0.005012398946418291,0.008246396839242446,0.08244982005510249,46,48,16
WMT,1991-12-04,12.53125,12.59375,12.375,12.59375,7.873819351196289,7090000,False,0.00747246934032545,0.006558994474547562,0.06557869148321721,47,48,16
WMT,1991-12-05,12.65625,12.84375,12.625,12.71875,7.9586052894592285,7494400,False,0.010710519797904789,0.005300340051909364,0.0529943067293528,47,48,16
WMT,1991-12-06,12.84375,13.15625,12.8125,12.96875,8.115039825439453,9664000,False,0.019465338974911223,0.006318211219490941,0.06317127204431425,47,48,16
WMT,1991-12-09,12.875,13.03125,12.78125,12.875,8.056378364562988,6272000,True,-0.007254987471113842,0.009701780262337686,0.09700115728572806,46,48,16
WMT,1991-12-10,12.90625,13.0,12.8125,12.9375,8.095487594604492,4138400,False,0.004842698245753639,0.009711119090980621,0.0970945295495356,46,48,16
WMT,1991-12-11,12.96875,13.0,12.65625,12.875,8.056378364562988,4840400,False,-0.004842698245753578,0.011046262753852083,0.11044367547319638,45,48,16
WMT,1991-12-12,12.9375,13.0625,12.90625,12.9375,8.095487594604492,4799600,False,0.004842698245753639,0.010532427810818118,0.10530620762911114,45,48,16
WMT,1991-12-13,13.0625,13.21875,13.0,13.15625,8.232366561889648,5204400,False,0.016766707076662616,0.009525001652610936,0.0952336744873983,46,48,16
WMT,1991-12-16,13.15625,13.34375,13.09375,13.28125,8.310586929321289,3666800,True,0.009456709215240895,0.007872202674302173,0.0787085204103683,46,48,16
WMT,1991-12-17,13.28125,13.34375,13.15625,13.3125,8.330140113830566,3996800,False,0.002350040771346389,0.008057441744949436,0.08056059330229624,46,48,16
WMT,1991-12-18,13.1875,13.28125,13.125,13.28125,8.310586929321289,4056800,False,-0.0023500407713464098,0.007280594591726228,0.07279345460618468,47,48,16
WMT,1991-12-19,13.21875,13.34375,13.125,13.15625,8.232366561889648,5461200,False,-0.009456709215240897,0.010183344914281996,0.10181597758503272,45,48,16
WMT,1991-12-20,13.375,13.40625,13.25,13.34375,8.349691390991211,13259200,False,0.014151052578502198,0.009355558680282967,0.09353953547730841,46,48,16
WMT,1991-12-23,13.3125,13.8125,13.3125,13.8125,8.6430082321167,5461200,True,0.03452611821358857,0.017212865385763217,0.17209912175646083,43,40,13
WMT,1991-12-24,13.875,13.96875,13.5625,13.59375,8.506126403808594,3988800,False,-0.015964039963084074,0.02033895516456136,0.20335465611438286,41,40,13
WMT,1991-12-26,13.5625,13.90625,13.5625,13.90625,8.701667785644531,2858000,True,0.02272804952037583,0.02139062275277495,0.2138695276511691,41,40,13
WMT,1991-12-27,13.90625,14.1875,13.90625,14.125,8.83855152130127,4066000,False,0.015608301379519818,0.01869313534487093,0.1868992816493986,42,40,13
WMT,1991-12-30,14.15625,14.71875,14.0625,14.6875,9.190526008605955,8516400,True,0.03905016362486124,0.021741524244024927,0.21737794052222434,41,40,13
WMT,1991-12-31,14.8125,14.96875,14.4375,14.71875,9.2100830078125,9967600,False,0.0021256912261134785,0.020837429341310113,0.20833854265007204,41,40,13
WMT,1992-01-02,14.625,14.78125,14.375,14.78125,9.249185562133787,8271600,True,0.004236637292648825,0.015039884495863652,0.15037304103926674,43,40,13
WMT,1992-01-03,14.5625,14.65625,13.875,14.4375,9.034093856811523,15125200,False,-0.023529873846408332,0.022713119344373582,0.22709222456067293,40,40,13
WMT,1992-01-06,14.4375,14.5625,14.1875,14.1875,8.877657890319824,9208800,True,-0.017467855339110418,0.024506457541061604,0.2450225296984563,40,40,13
WMT,1992-01-07,14.125,14.1875,14.03125,14.125,8.83855152130127,6291200,False,-0.0044147629581046954,0.012204053304791773,0.12201959456215024,45,48,16
WMT,1992-01-08,14.03125,14.34375,13.96875,14.25,8.916769027709961,7434400,False,0.008810656183759057,0.01382340954989445,0.1382103786847935,44,48,16
WMT,1992-01-09,14.1875,14.3125,14.03125,14.25,8.916769027709961,4896400,False,0.0,0.013114494353711191,0.13112244300826997,44,48,16
WMT,1992-01-10,14.1875,14.3125,14.0,14.15625,8.858100891113281,5252000,False,-0.00660126908514137,0.009597047890999048,0.09595401326159834,46,48,16
WMT,1992-01-13,14.125,14.53125,14.09375,14.46875,9.053646087646484,5041600,True,0.0218351639232515,0.011623287137990813,0.1162129293142491,45,48,16
WMT,1992-01-14,14.4375,14.875,14.4375,14.75,9.229633331298828,6600400,False,0.01925176278326831,0.012182928752139098,0.12180838527900378,45,48,16
WMT,1992-01-15,14.75,14.78125,14.59375,14.65625,9.170973777770996,3953200,False,-0.006375849654998836,0.013906839193313886,0.13904453197880667,44,48,16
WMT,1992-01-16,14.5625,14.625,14.34375,14.5,9.073198318481444,6028800,False,-0.010718644275556893,0.01570057153719126,0.1569787779122455,43,40,13
WMT,1992-01-17,14.46875,14.5,14.0625,14.28125,8.936320304870605,11871200,False,-0.015200922594471747,0.017453906906595866,0.17450912341001765,43,40,13
WMT,1992-01-20,14.09375,14.21875,13.90625,13.9375,8.721222877502441,6977200,True,-0.024364439113420726,0.016363007234419642,0.16360199834406428,43,40,13
WMT,1992-01-21,13.90625,13.9375,13.34375,13.625,8.525678634643555,11184000,False,-0.02267684109608516,0.007674821941117299,0.07673505172450622,46,48,16
WMT,1992-01-22,13.5625,14.125,13.53125,14.125,8.83855152130127,7260000,False,0.036040382929395855,0.02490033867903656,0.2489606652966114,40,40,13
WMT,1992-01-23,14.3125,14.3125,13.75,13.875,8.682113647460938,6310000,False,-0.017858001366377396,0.02534017022473302,0.2533582261348989,39,40,13
WMT,1992-01-24,13.9375,14.3125,13.875,14.15625,8.858100891113281,4529600,False,0.020067388464995155,0.02789679363053435,0.27892007379591294,38,40,13
WMT,1992-01-27,14.21875,14.25,13.9375,13.96875,8.740779876708984,3636800,True,-0.01333297883469278,0.026036135781447603,0.2603166876344231,39,40,13
WMT,1992-01-28,13.96875,14.09375,13.78125,13.84375,8.66256332397461,4823600,False,-0.008988741815111279,0.02360266270429157,0.23598613197092885,40,40,13
WMT,1992-01-29,13.78125,14.09375,13.625,13.71875,8.584341049194336,5725200,False,-0.009070939276260537,0.01493421703171137,0.14931654769133867,44,48,16
WMT,1992-01-30,13.75,13.8125,13.5625,13.59375,8.506126403808594,5936400,False,-0.009153078072448717,0.013633177375988775,0.1363083833269452,44,48,16
WMT,1992-01-31,13.53125,13.625,13.4375,13.46875,8.427912712097168,6533600,False,-0.009237518273246755,0.001889696035323655,0.01889371820306297,49,48,16
WMT,1992-02-03,13.46875,13.71875,13.46875,13.6875,8.564787864685059,5876800,True,0.01611022477922451,0.0112803567633479,0.11278421393322527,45,48,16
WMT,1992-02-04,13.65625,13.96875,13.59375,13.875,8.682113647460938,6281600,False,0.013605643027540353,0.013181701173526851,0.13179439589973255,44,48,16
WMT,1992-02-05,13.90625,14.125,13.75,13.84375,8.66256332397461,4947200,False,-0.0022543321848090417,0.012271807857928576,0.12269702384707858,45,48,16
WMT,1992-02-06,13.96875,14.0,13.625,13.6875,8.564787864685059,4728800,False,-0.01135131084273137,0.012791325781392814,0.12789131174518098,44,48,16
WMT,1992-02-07,13.71875,13.78125,13.4375,13.625,8.525678634643555,5839600,False,-0.004576738535478033,0.011967971953436646,0.1196591860932093,45,48,16
WMT,1992-02-10,13.71875,13.75,13.53125,13.65625,8.545233726501465,3667200,True,0.002291043383943166,0.0092762914004566,0.0927469986778616,46,48,16
WMT,1992-02-11,13.65625,13.6875,13.4375,13.59375,8.506126403808594,3213200,False,-0.004587011354442852,0.004931982362585781,0.04931136182714836,48,48,16
WMT,1992-02-12,13.59375,13.6875,13.40625,13.53125,8.467015266418457,4518400,False,-0.004608599559713851,0.004823428690977651,0.04822601135652595,48,48,16
WMT,1992-02-13,13.5625,13.6875,13.375,13.53125,8.467015266418457,5832000,False,0.0,0.0032446571730315255,0.03244100487426004,48,48,16
WMT,1992-02-14,13.4375,13.53125,13.28125,13.34375,8.349691390991211,5215600,False,-0.013953478690790468,0.006229299559291186,0.06228230798799027,47,48,16
WMT,1992-02-18,13.3125,13.34375,12.625,12.84375,8.036826133728027,8523600,True,-0.038190333250754986,0.01535395734974804,0.15351323072353362,43,40,13
WMT,1992-02-19,12.71875,13.03125,12.53125,13.03125,8.154144287109375,11256400,False,0.014492053729242131,0.01954016609939212,0.19536813594453406,42,40,13
WMT,1992-02-20,12.96875,13.3125,12.6875,13.3125,8.330140113830566,6104800,False,0.02135397692959789,0.02380173070614477,0.23797647044862855,40,40,13
WMT,1992-02-21,13.125,13.1875,12.875,13.03125,8.154144287109375,7144400,False,-0.021353976929597878,0.02495833740853627,0.24954055308322862,40,40,13
WMT,1992-02-24,13.03125,13.21875,12.875,12.9375,8.095487594604492,4050800,True,-0.007219480133652077,0.024705491077369118,0.24701252357983164,40,40,13
WMT,1992-02-25,12.875,12.96875,12.75,12.875,8.056378364562988,4960000,False,-0.004842698245753578,0.017294479202677144,0.17291511990083117,43,40,13
WMT,1992-02-26,12.9375,13.5,12.78125,13.46875,8.427912712097168,8791600,False,0.045085017878176155,0.026467501452169574,0.2646296042478616,39,40,13
WMT,1992-02-27,13.71875,13.71875,13.5625,13.6875,8.564787864685059,6005600,False,0.01611022477922451,0.025833251784957646,0.2582881957574552,39,40,13
WMT,1992-02-28,13.75,13.78125,13.4375,13.5,8.447464942932129,4901600,False,-0.013792974169050868,0.024022034373979935,0.2401791291521305,40,40,13
WMT,1992-03-02,13.5,13.625,13.4375,13.5,8.447464942932129,3326400,True,0.0,0.02314969027002986,0.2314571847928022,40,40,13
WMT,1992-03-03,13.5,13.59375,13.25,13.3125,8.330140113830566,3971600,False,-0.013986113179346298,0.02477260478168942,0.24768354547609883,40,40,13
WMT,1992-03-04,13.28125,13.3125,13.0,13.0,8.13459587097168,4924000,False,-0.023754214803500758,0.015481445988275062,0.1547878983766354,43,40,13
WMT,1992-03-05,13.09375,13.5,13.0625,13.3125,8.330140113830566,6246000,False,0.023754214803500765,0.018439410249336437,0.18436246601002362,42,40,13
WMT,1992-03-06,13.375,13.4375,13.15625,13.21875,8.271468162536621,3704400,False,-0.0070682544231852685,0.01792651489616414,0.1792343924525014,42,40,13
WMT,1992-03-09,13.21875,13.28125,13.0625,13.15625,8.232366561889648,2928800,True,-0.004738495563402074,0.01777284449984829,0.17769795214153497,42,40,13
WMT,1992-03-10,13.1875,13.40625,13.15625,13.1875,8.251922607421875,4627600,False,0.0023726900815499038,0.017239260161196757,0.17236302422529837,43,40,13
WMT,1992-03-11,13.21875,13.34375,13.03125,13.09375,8.193255424499512,4471600,False,-0.007134909903539412,0.013066056502952858,0.1306381476054735,44,48,16
WMT,1992-03-12,13.125,13.21875,13.0625,13.21875,8.271468162536621,5007200,False,0.009500715385391548,0.007232249080784362,0.07231008244312552,47,48,16
WMT,1992-03-13,13.28125,13.34375,13.09375,13.09375,8.193255424499512,3829200,False,-0.009500715385391451,0.007769562485441074,0.07768229462145795,46,48,16
WMT,1992-03-16,13.1875,13.28125,13.0625,13.28125,8.310586929321289,3660000,True,0.014218929037230347,0.010263477192850215,0.1026171628878203,45,48,16
WMT,1992-03-17,13.28125,13.4375,13.21875,13.4375,8.416593551635742,4544000,False,0.012674944427393312,0.011359830060367587,0.1135788105511417,45,48,16
WMT,1992-03-18,13.40625,13.46875,13.1875,13.3125,8.338301658630371,3701600,False,-0.00934562250146098,0.011928031925241648,0.11925985433633791,45,48,16
WMT,1992-03-19,13.375,13.40625,13.21875,13.28125,8.318727493286133,2646400,False,-0.0023502599624342173,0.011613228922019764,0.11611236441141277,45,48,16
WMT,1992-03-20,13.3125,13.3125,13.15625,13.3125,8.338301658630371,7818800,False,0.0023502599624342017,0.009995399448645732,0.09993684538657477,46,48,16
WMT,1992-03-23,13.28125,13.34375,13.0625,13.15625,8.240433692932129,3385200,True,-0.011806582405973336,0.009798787157336444,0.09797105980105335,46,48,16
WMT,1992-03-24,13.21875,13.34375,13.15625,13.28125,8.318727493286133,3992000,False,0.009456322443539063,0.008658042398042992,0.086565569383109,46,48,16
WMT,1992-03-25,13.4375,13.53125,13.15625,13.375,8.377440452575684,4044400,False,0.007033134968380849,0.008440142028817963,0.08438693954237064,46,48,16
WMT,1992-03-26,13.4375,13.4375,13.28125,13.34375,8.357871055603027,3134000,False,-0.002338696340687847,0.008439017736203541,0.08437569854517447,46,48,16
WMT,1992-03-27,13.34375,13.4375,13.25,13.3125,8.338301658630371,3522000,False,-0.0023441786652588633,0.008503632811000538,0.08502173843310556,46,48,16
WMT,1992-03-30,13.3125,13.40625,13.25,13.25,8.299149513244629,2636800,True,-0.004706516311159929,0.006362405282307407,0.06361313684875607,47,48,16
WMT,1992-03-31,13.25,13.40625,13.25,13.3125,8.338301658630371,5064800,False,0.00470651631115985,0.005089879882381911,0.050890066120444756,47,48,16
WMT,1992-04-01,13.21875,13.28125,13.09375,13.25,8.299149513244629,5916800,False,-0.004706516311159929,0.0038660841845822354,0.03865420880787561,48,48,16
WMT,1992-04-02,13.21875,13.25,12.9375,13.0,8.142566680908203,5981600,False,-0.019047593891178684,0.008639093668554934,0.08637611459855042,46,48,16
WMT,1992-04-03,12.96875,13.0,12.78125,12.90625,8.083846092224121,6545600,False,-0.007237686584252999,0.008508092234521765,0.08506632501728799,46,48,16
WMT,1992-04-06,12.875,13.21875,12.8125,13.21875,8.279573440551758,8182400,True,0.023923689435447468,0.01605245328186086,0.16049699163567688,43,40,13
WMT,1992-04-07,13.03125,13.09375,12.875,12.90625,8.083846092224121,5674800,False,-0.0239236894354474,0.018640907801912236,0.18637709582657078,42,40,13
WMT,1992-04-08,12.78125,12.875,12.625,12.84375,8.044700622558594,9921600,False,-0.004854193899027128,0.018638069897983472,0.18634872165627295,42,40,13
WMT,1992-04-09,12.90625,13.25,12.84375,13.21875,8.279573440551758,6992000,False,0.02877788333447447,0.0223221592195476,0.22318329408242737,41,40,13
WMT,1992-04-10,13.34375,13.4375,13.15625,13.21875,8.279573440551758,3998400,False,0.0,0.02169070663203903,0.2168698515901069,41,40,13
WMT,1992-04-13,13.25,13.375,13.1875,13.375,8.377440452575684,2086400,True,0.01175098235709088,0.019586609921774755,0.19583249448472664,42,40,13
WMT,1992-04-14,13.46875,13.75,13.40625,13.65625,8.553606033325195,7308800,False,0.02081051973164604,0.014006942146442398,0.1400453897635247,44,48,16
WMT,1992-04-15,13.71875,13.8125,13.59375,13.8125,8.651476860046387,5160000,False,0.011377089318367513,0.010853926808534774,0.10852064601067091,45,48,16
WMT,1992-04-16,13.78125,13.8125,13.40625,13.625,8.534032821655273,6288000,False,-0.013668010889987484,0.01326795379793159,0.13265677416021224,44,48,16
WMT,1992-04-20,13.46875,13.5,13.03125,13.21875,8.279573440551758,6086400,True,-0.030270580517116865,0.021235136247197067,0.21231492936347973,41,40,13
WMT,1992-04-21,13.1875,13.25,13.03125,13.15625,8.240433692932129,4474400,False,-0.004738475054829211,0.02020959650814905,0.2020612914908166,41,40,13
WMT,1992-04-22,13.15625,13.21875,13.03125,13.09375,8.201282501220703,5850000,False,-0.004762430545237487,0.015197412529093722,0.15194805110083037,43,40,13
WMT,1992-04-23,13.125,13.21875,13.0,13.15625,8.240433692932129,5540400,False,0.0047624305452374045,0.013200812871806787,0.13198548009260447,44,48,16
WMT,1992-04-24,13.15625,13.15625,12.90625,12.9375,8.103419303894043,4487600,False,-0.016766866286571654,0.01350093763685348,0.13498621281922074,44,48,16
WMT,1992-04-27,12.9375,13.0625,12.90625,12.96875,8.122992515563965,4257600,True,0.0024125137930765725,0.008394275584546007,0.08392835379267762,46,48,16
WMT,1992-04-28,12.96875,13.03125,12.84375,12.96875,8.122992515563965,5217600,False,0.0,0.008530826896738845,0.08529363263361464,46,48,16
WMT,1992-04-29,13.0,13.0625,12.90625,13.0,8.142566680908203,4078000,False,0.0024068246971297638,0.0087335052125831,0.08732006805701165,46,48,16
WMT,1992-04-30,13.03125,13.21875,12.90625,13.0625,8.181708335876465,4910400,False,0.004795524449310747,0.008739388670910696,0.08737889254604225,46,48,16
WMT,1992-05-01,13.0625,13.09375,12.78125,12.875,8.064271926879883,4011200,False,-0.01445753997494646,0.00772884597824494,0.0772751994067797,46,48,16
WMT,1992-05-04,12.875,13.03125,12.84375,12.96875,8.122992515563965,4239600,True,0.007255190828506058,0.008521269212269401,0.0851980721870328,46,48,16
WMT,1992-05-05,13.0,13.34375,12.90625,13.0,8.142566680908203,6127600,False,0.0024068246971297638,0.008588980731874606,0.08587507121047774,46,48,16
WMT,1992-05-06,13.03125,13.09375,12.875,12.96875,8.122992515563965,5286000,False,-0.002406824697129736,0.008588980731874595,0.08587507121047765,46,48,16
WMT,1992-05-07,12.96875,13.0625,12.90625,12.9375,8.103419303894043,4008000,False,-0.002412513793076599,0.008071167376273735,0.08069782606648312,46,48,16
WMT,1992-05-08,13.0,13.03125,12.90625,13.0,8.142566680908203,3210800,False,0.004819338490206355,0.004318528154502662,0.04317787224927534,48,48,16
WMT,1992-05-11,13.0625,13.375,13.0625,13.21875,8.279573440551758,5737600,True,0.01668600285119451,0.007844541652041861,0.07843195764576184,46,48,16
WMT,1992-05-12,13.28125,13.34375,13.1875,13.3125,8.338301658630371,5374800,False,0.007068107351144227,0.007911515875357012,0.07910158497128499,46,48,16
WMT,1992-05-13,13.3125,13.34375,13.1875,13.21875,8.279573440551758,3266000,False,-0.007068107351144151,0.009144369958226317,0.09142801059308546,46,48,16
WMT,1992-05-14,13.25,13.25,12.9375,13.03125,8.162134170532227,4154800,False,-0.014285774941895145,0.012198605817663919,0.12196512903712158,45,48,16
WMT,1992-05-15,12.9375,13.15625,12.875,12.9375,8.103419303894043,7328800,False,-0.007219566399505625,0.012548897104879358,0.12546744091475812,44,48,16
WMT,1992-05-18,13.1875,13.28125,13.125,13.25,8.299149513244629,3350000,True,0.023866932381385063,0.015203920765640887,0.15201312230012512,43,40,13
WMT,1992-05-19,13.3125,13.5,13.25,13.46875,8.436169624328613,4374400,False,0.01637532834458676,0.016708629888855422,0.16705763190387424,43,40,13
WMT,1992-05-20,13.4375,13.46875,13.1875,13.25,8.299149513244629,4348400,False,-0.01637532834458685,0.018446024641660626,0.1844285985849572,42,40,13
WMT,1992-05-21,13.15625,13.1875,13.0,13.03125,8.162134170532227,4147200,False,-0.016647365981879332,0.01894195179499188,0.18938701925639767,42,40,13
WMT,1992-05-22,13.03125,13.1875,13.03125,13.09375,8.201282501220703,1910800,False,0.004784869341828425,0.018554929879570563,0.18551746411541561,42,40,13
WMT,1992-05-26,12.96875,13.0,12.875,12.9375,8.103419303894043,5026400,True,-0.012004435741334136,0.014718295678740886,0.14715770461774896,44,48,16
WMT,1992-05-27,12.9375,13.03125,12.90625,12.96875,8.122992515563965,2607200,False,0.0024125137930765725,0.010390980425521303,0.10389197645732356,45,48,16
WMT,1992-05-28,13.03125,13.375,12.9375,13.34375,8.357871055603027,3643600,False,0.028505113564727326,0.01769573047680237,0.1769269442155515,42,40,13
WMT,1992-05-29,13.34375,13.40625,13.1875,13.25,8.299149513244629,4045200,False,-0.007050694976418844,0.015649668647047837,0.1564698363448645,43,40,13
WMT,1992-06-01,13.25,13.3125,13.0625,13.3125,8.338301658630371,4878800,True,0.00470651631115985,0.015647886095331385,0.1564520138860227,43,40,13
WMT,1992-06-02,13.3125,13.46875,13.25,13.3125,8.338301658630371,4948000,False,0.0,0.013480883905927884,0.13478570991613698,44,48,16
WMT,1992-06-03,13.3125,13.75,13.3125,13.625,8.534032821655273,5382800,False,0.02320247316597277,0.015292241861695552,0.1528961817282287,43,40,13
WMT,1992-06-04,13.625,13.875,13.59375,13.78125,8.6318998336792,6756400,False,0.011402593074158956,0.011533478571603667,0.11531499773487254,45,48,16
WMT,1992-06-05,13.8125,13.96875,13.53125,13.5625,8.494887351989746,5466800,False,-0.01600012929124416,0.01447277230126656,0.14470289208729367,44,48,16
WMT,1992-06-08,13.46875,13.5625,13.46875,13.53125,8.475309371948242,3153600,True,-0.0023073378636407813,0.01480354254897622,0.1480100270621063,44,48,16
WMT,1992-06-09,13.53125,13.625,13.46875,13.53125,8.483467102050781,2682400,False,0.0009620659537860967,0.014756762844824712,0.1475423102804971,44,48,16
WMT,1992-06-10,13.46875,13.6875,13.34375,13.375,8.385499954223633,5594400,False,-0.01161520428817773,0.010788058858409652,0.1078620795190159,45,48,16
WMT,1992-06-11,13.375,13.5,13.3125,13.46875,8.444280624389648,3786400,False,0.006985344688048485,0.009345842790560931,0.09344239324963328,46,48,16
WMT,1992-06-12,13.59375,13.625,13.5,13.53125,8.483467102050781,3098000,False,0.004629859600129284,0.007263453699825111,0.07262207509578981,47,48,16
WMT,1992-06-15,13.53125,13.75,13.5,13.71875,8.601014137268066,3300000,True,0.013760896626513778,0.009381875244597021,0.09380265596913785,46,48,16
WMT,1992-06-16,13.75,13.78125,13.625,13.6875,8.581427574157715,3037200,False,-0.002279835651181337,0.009661011661855267,0.09659354122756336,46,48,16
WMT,1992-06-17,13.625,13.71875,13.5,13.5,8.463875770568848,4997600,False,-0.013793085976094304,0.010460998502329262,0.10459203709543748,45,48,16
WMT,1992-06-18,13.46875,13.65625,13.40625,13.5625,8.503055572509766,4103600,False,0.004618380399958107,0.010221936815474317,0.1022018303848579,45,48,16
WMT,1992-06-19,13.59375,13.65625,13.46875,13.625,8.542238235473633,9190000,False,0.0045974839063230195,0.01021937918444993,0.1021762584627398,45,48,16
WMT,1992-06-22,13.5625,13.59375,13.46875,13.53125,8.483467102050781,5075200,True,-0.006903839305519414,0.00786930284541256,0.07867952709670657,46,48,16
WMT,1992-06-23,13.53125,13.59375,13.40625,13.46875,8.444280624389648,2915600,False,-0.004629859600129187,0.007904140706729863,0.07902784593858517,46,48,16
WMT,1992-06-24,13.40625,13.46875,13.28125,13.28125,8.326729774475098,3261600,False,-0.014018568017789782,0.007979810963243435,0.07978441867631442,46,48,16
WMT,1992-06-25,13.34375,13.375,13.15625,13.25,8.307133674621582,3410000,False,-0.0023561704686578685,0.006775454475639499,0.06774292011386325,47,48,16
WMT,1992-06-26,13.25,13.375,13.25,13.375,8.385499954223633,2718800,False,0.009389393798399126,0.00852555139560628,0.08524088667346261,46,48,16
WMT,1992-06-29,13.40625,13.59375,13.375,13.5625,8.503055572509766,2700400,True,0.01392155968737408,0.011229582287965514,0.1122765562931335,45,48,16
WMT,1992-06-30,13.5625,13.5625,13.40625,13.4375,8.4246826171875,2282000,False,-0.00925977403953911,0.011923778328595945,0.1192173256677737,45,48,16
WMT,1992-07-01,13.46875,13.75,13.34375,13.40625,8.405097961425781,7912400,False,-0.0023273820488149874,0.00950173293295897,0.09500102721300477,46,48,16
WMT,1992-07-02,13.4375,13.625,13.3125,13.53125,8.483467102050781,6341600,False,0.009280800689157603,0.009631008459283604,0.09629356067832051,46,48,16
WMT,1992-07-06,13.59375,13.84375,13.5,13.84375,8.679387092590332,4900800,True,0.022831692107693684,0.012797183657590685,0.12794988045680555,44,48,16
WMT,1992-07-07,13.90625,13.96875,13.375,13.46875,8.444280624389648,5250800,False,-0.027461551707822995,0.018994039557812193,0.18990780751766234,42,40,13
WMT,1992-07-08,13.4375,13.59375,13.3125,13.5625,8.503055572509766,5265200,False,0.006936214999325619,0.018694486826329296,0.18691279414524647,42,40,13
WMT,1992-07-09,13.5625,13.8125,13.5625,13.78125,8.640204429626465,4674400,False,0.01600066535451883,0.01945167756290735,0.19448340239940684,42,40,13
WMT,1992-07-10,13.8125,13.84375,13.6875,13.71875,8.601014137268066,3015200,False,-0.004546124127201325,0.019763287595899563,0.1975989681002121,42,40,13
WMT,1992-07-13,13.71875,13.84375,13.65625,13.78125,8.640204429626465,2546000,True,0.004546124127201265,0.016549238286800116,0.16546398935138198,43,40,13
WMT,1992-07-14,13.75,13.875,13.71875,13.875,8.69897747039795,3029200,False,0.006779243242480765,0.007328291036905244,0.07327033722521702,47,48,16
WMT,1992-07-15,13.90625,14.0,13.75,13.75,8.620613098144531,6098000,False,-0.009049279393823198,0.009842476082931753,0.09840787409994718,46,48,16
WMT,1992-07-16,13.78125,13.8125,13.65625,13.78125,8.640204429626465,5769200,False,0.0022700361513424403,0.006601801833144832,0.06600669162463454,47,48,16
WMT,1992-07-17,13.75,13.78125,13.65625,13.75,8.620613098144531,4322800,False,-0.00227003615134238,0.006280622063740337,0.0627954449784966,47,48,16
WMT,1992-07-20,13.53125,13.78125,13.53125,13.65625,8.561837196350098,2999600,True,-0.006841414354430142,0.006487583699849051,0.0648647062556486,47,48,16
WMT,1992-07-21,13.6875,13.8125,13.625,13.6875,8.581427574157715,3432400,False,0.002285490727389891,0.005176960840843255,0.051760726300318326,47,48,16
WMT,1992-07-22,13.6875,13.78125,13.625,13.6875,8.581427574157715,3434000,False,0.0,0.0038138975625901374,0.038132432124505684,48,48,16
WMT,1992-07-23,13.6875,13.8125,13.625,13.8125,8.659797668457031,2252800,False,0.00909107478782682,0.005890733697067514,0.058897230242967905,47,48,16
WMT,1992-07-24,13.71875,13.78125,13.6875,13.71875,8.601014137268066,1465600,False,-0.006811239136645615,0.006708817375545212,0.06707666344214666,47,48,16
WMT,1992-07-27,13.71875,13.78125,13.6875,13.71875,8.601014137268066,1382400,True,0.0,0.005702973922675397,0.05701995463836108,47,48,16
WMT,1992-07-28,13.71875,13.84375,13.65625,13.78125,8.640204429626465,3914400,False,0.004546124127201265,0.005924295708671949,0.05923279277669228,47,48,16
WMT,1992-07-29,13.84375,14.0625,13.78125,13.96875,8.757756233215332,8177600,False,0.013513491006167042,0.007899108359250305,0.07897753109778467,46,48,16
WMT,1992-07-30,13.96875,14.03125,13.9375,13.96875,8.757756233215332,2681200,False,0.0,0.007489483790915483,0.07488198820702346,47,48,16
WMT,1992-07-31,13.90625,14.0,13.875,13.96875,8.757756233215332,2351200,False,0.0,0.005874771144492007,0.058737632104153184,47,48,16
WMT,1992-08-03,13.9375,14.09375,13.9375,14.0,8.777349472045898,2370800,True,0.0022347452378208552,0.005610337722823056,0.056093751575701324,47,48,16
WMT,1992-08-04,14.03125,14.03125,13.78125,13.96875,8.757756233215332,2829200,False,-0.002234745237820924,0.00624659354958672,0.062455218219658486,47,48,16
WMT,1992-08-05,14.0625,14.25,14.03125,14.125,8.855717658996582,4879200,False,0.011123579195718545,0.005219563771396157,0.05218668251202903,47,48,16
WMT,1992-08-06,14.09375,14.375,14.0625,14.25,8.934083938598633,4399200,False,0.008810304722094514,0.005741770423087358,0.05740785307935191,47,48,16
WMT,1992-08-07,14.28125,14.5,14.28125,14.34375,8.992862701416016,5069200,False,0.006557611246638873,0.005338212669703744,0.05337296792927259,47,48,16
WMT,1992-08-10,14.25,14.3125,14.21875,14.3125,8.973270416259766,2653600,True,-0.0021810250201775433,0.0062578186908293434,0.0625674503731177,47,48,16
WMT,1992-08-11,14.25,14.40625,14.25,14.375,9.012456893920898,4156400,False,0.004357515155342099,0.005092442462157104,0.050915687521580356,47,48,16
WMT,1992-08-12,14.40625,14.46875,14.28125,14.34375,8.992862701416016,2873200,False,-0.002176490135164634,0.005046560315946961,0.05045694477944526,47,48,16
WMT,1992-08-13,14.40625,14.5,14.3125,14.46875,9.071229934692385,2988400,False,0.008676630097479968,0.005008784059543175,0.05007924702810424,47,48,16
WMT,1992-08-14,14.5,14.78125,14.46875,14.75,9.247564315795898,4823200,False,0.019252339998469353,0.008922064628173822,0.08920533870166068,46,48,16
WMT,1992-08-17,14.65625,14.75,14.625,14.6875,9.208378791809082,2398400,True,-0.004246391814344188,0.00940622401914312,0.0940461019394233,46,48,16
WMT,1992-08-18,14.6875,14.8125,14.65625,14.6875,9.208378791809082,2477600,False,0.0,0.009697977785885123,0.09696313904510863,46,48,16
WMT,1992-08-19,14.65625,14.75,14.625,14.625,9.169194221496582,3068400,False,-0.004264396573510276,0.010083901411068012,0.10082171316804218,45,48,16
WMT,1992-08-20,14.625,14.6875,14.5,14.65625,9.188786506652832,3263200,False,0.0021344714197999003,0.009724544866210546,0.09722876426724161,46,48,16
WMT,1992-08-21,14.75,14.78125,14.40625,14.46875,9.071229934692385,5780800,False,-0.0128760230304146,0.005754005991817554,0.05753018777409711,47,48,16
WMT,1992-08-24,14.40625,14.46875,14.25,14.34375,8.992862701416016,3368800,True,-0.008676630097480034,0.006157191374594361,0.06156134985698435,47,48,16
WMT,1992-08-25,14.40625,14.4375,14.25,14.34375,8.992862701416016,2360800,False,0.0,0.006157191374594361,0.06156134985698435,47,48,16
WMT,1992-08-26,14.40625,14.5625,14.3125,14.5,9.09082317352295,3786400,False,0.010834232689518575,0.00933107187023754,0.0932947093888571,46,48,16
WMT,1992-08-27,14.59375,14.59375,14.34375,14.34375,8.992862701416016,3057600,False,-0.010834232689518603,0.009784345960503378,0.09782667260947406,46,48,16
WMT,1992-08-28,14.40625,14.4375,14.34375,14.375,9.012456893920898,1766400,False,0.00217649013516458,0.008751169224628083,0.0874966778713283,46,48,16
WMT,1992-08-31,14.375,14.375,14.25,14.28125,8.953680038452148,2068000,True,-0.006543094421075346,0.008344113842327916,0.08342682243296294,46,48,16
WMT,1992-09-01,14.25,14.3125,14.1875,14.3125,8.981443405151367,3054000,False,0.0030959796806210773,0.008537748278354278,0.08536283457475935,46,48,16
WMT,1992-09-02,14.3125,14.375,14.21875,14.28125,8.961837768554688,3173600,False,-0.002185290885106232,0.005883211523411121,0.05882202141219208,47,48,16
WMT,1992-09-03,14.34375,14.46875,14.3125,14.40625,9.040276527404783,3756800,False,0.008714449198259568,0.00575154261534768,0.05750555823581167,47,48,16
WMT,1992-09-04,14.40625,14.40625,14.25,14.28125,8.961837768554688,1987600,False,-0.008714449198259531,0.007118832805846683,0.07117611428197276,47,48,16
WMT,1992-09-08,14.34375,14.375,14.21875,14.28125,8.961837768554688,2390800,True,0.0,0.006443562005540946,0.06442456484055785,47,48,16
WMT,1992-09-09,14.40625,14.53125,14.375,14.46875,9.079495429992676,3879600,False,0.013043307632429587,0.0087064245584483,0.08704930797792312,46,48,16
WMT,1992-09-10,14.46875,14.6875,14.40625,14.625,9.177547454833984,4398000,False,0.010741385470442169,0.009003418243608625,0.0900187352776673,46,48,16
WMT,1992-09-11,14.625,14.6875,14.5625,14.625,9.177547454833984,2326400,False,0.0,0.008888537708461796,0.08887012702665326,46,48,16
WMT,1992-09-14,14.75,14.78125,14.65625,14.75,9.255989074707031,4948800,True,0.008510802388013978,0.006110220685587116,0.061091723554490364,47,48,16
WMT,1992-09-15,14.6875,14.71875,14.5625,14.625,9.177547454833984,2795200,False,-0.008510802388013983,0.008905481811712027,0.08903953898816941,46,48,16
WMT,1992-09-16,14.59375,14.78125,14.5625,14.625,9.177547454833984,3347600,False,0.0,0.007700152661398513,0.07698831546741919,46,48,16
WMT,1992-09-17,14.6875,14.75,14.625,14.65625,9.19715976715088,2405200,False,0.0021347082734654113,0.006093297508449537,0.06092252081819782,47,48,16
WMT,1992-09-18,14.65625,14.6875,14.59375,14.65625,9.19715976715088,7958000,False,0.0,0.006093297508449537,0.06092252081819782,47,48,16
WMT,1992-09-21,14.65625,14.8125,14.625,14.75,9.255989074707031,3273200,True,0.006376094114548522,0.005423221202805237,0.054222907411206396,47,48,16
WMT,1992-09-22,14.65625,14.6875,14.53125,14.59375,9.157938957214355,2704000,False,-0.010649660845787785,0.006279169702282051,0.06278092385572927,47,48,16
WMT,1992-09-23,14.65625,14.84375,14.625,14.78125,9.275596618652344,4348000,False,0.012765783188105857,0.008645891311218377,0.08644407936247406,46,48,16
WMT,1992-09-24,14.84375,14.875,14.78125,14.8125,9.295211791992188,2426400,False,0.0021124746107522925,0.008645891034861275,0.08644407659937718,46,48,16
WMT,1992-09-25,14.84375,14.84375,14.53125,14.5625,9.13832664489746,4830400,False,-0.017022118218808818,0.01227816615054585,0.12276059586433309,45,48,16
WMT,1992-09-28,14.59375,14.78125,14.53125,14.78125,9.275596618652344,2511200,True,0.014909643608056683,0.014071224466424028,0.14068810267420934,44,48,16
WMT,1992-09-29,14.78125,14.78125,14.6875,14.71875,9.236380577087402,1788800,False,-0.004236835408066712,0.013065985752989596,0.13063744022722654,44,48,16
WMT,1992-09-30,14.75,14.84375,14.71875,14.78125,9.275596618652344,1979200,False,0.004236835408066665,0.011751745388510974,0.11749729142371965,45,48,16
WMT,1992-10-01,14.75,14.75,14.59375,14.75,9.255989074707031,3056000,False,-0.0021161223423182126,0.011713809126985946,0.11711799389568688,45,48,16
WMT,1992-10-02,14.6875,14.75,14.5,14.5,9.09910488128662,3734000,False,-0.017094765552653515,0.011738908207900793,0.11736894164235968,45,48,16
WMT,1992-10-05,14.4375,14.5,13.84375,14.3125,8.981443405151367,9402000,True,-0.013015439053125797,0.008577659291007834,0.08576187622599825,46,48,16
WMT,1992-10-06,14.28125,14.5625,14.1875,14.46875,9.079495429992676,3180000,False,0.010858016747323332,0.011653974140385139,0.1165197466885237,45,48,16
WMT,1992-10-07,14.40625,14.53125,14.3125,14.34375,9.001055717468262,3030800,False,-0.008676749287297355,0.01094020135515008,0.10938324345564433,45,48,16
WMT,1992-10-08,14.53125,14.6875,14.46875,14.65625,9.19715976715088,3418400,False,0.021552843031204822,0.0166674030402298,0.16664543415049352,43,40,13
WMT,1992-10-09,14.59375,14.625,14.4375,14.5,9.09910488128662,1983600,False,-0.010718671438105024,0.015346002083207395,0.15343369170697246,43,40,13
WMT,1992-10-12,14.5625,14.65625,14.40625,14.65625,9.19715976715088,4288800,True,0.010718671438104944,0.013917846306466133,0.13915458422543275,44,48,16
WMT,1992-10-13,14.625,14.6875,14.5,14.53125,9.118715286254885,3951600,False,-0.008565789000768816,0.01448488739625227,0.14482402225129073,44,48,16
WMT,1992-10-14,14.5625,14.71875,14.5,14.625,9.177547454833984,3643600,False,0.006431080727303367,0.013542743689488405,0.13540420161895456,44,48,16
WMT,1992-10-15,14.5625,14.6875,14.53125,14.59375,9.157938957214355,3714000,False,-0.002138858457773842,0.009292919566853271,0.0929132518128948,46,48,16
WMT,1992-10-16,14.6875,14.875,14.59375,14.875,9.334430694580078,6409200,False,0.01908864031728975,0.010818709899964845,0.10816853734659715,45,48,16
WMT,1992-10-19,14.875,15.15625,14.75,15.15625,9.510919570922852,10228800,True,0.018730778022439852,0.012343618376414244,0.12341500582667862,45,48,16
WMT,1992-10-20,15.25,15.375,14.875,15.3125,9.608969688415527,7772000,False,0.010256437753284726,0.008914358339529896,0.08912828903689549,46,48,16
WMT,1992-10-21,15.34375,15.5,15.25,15.5,9.72663402557373,4692000,False,0.012170893794653475,0.008628625496758819,0.08627145084082434,46,48,16
WMT,1992-10-22,15.4375,15.5,15.28125,15.34375,9.628581047058104,4618000,False,-0.010132030770364977,0.01192585886558001,0.11923812746803848,45,48,16
WMT,1992-10-23,15.34375,15.4375,15.21875,15.25,9.56974983215332,3405600,False,-0.0061288035327093406,0.01245404184994446,0.12451905110850404,45,48,16
WMT,1992-10-26,15.25,15.40625,15.21875,15.375,9.648191452026367,2180800,True,0.008163419206492896,0.010236180482268487,0.10234424261495038,45,48,16
WMT,1992-10-27,15.46875,15.5,15.375,15.4375,9.68741226196289,2099600,False,0.00405685431996025,0.00946348182690208,0.09461858177983194,46,48,16
WMT,1992-10-28,15.46875,15.5625,15.40625,15.46875,9.707024574279783,1944800,False,0.002022468522044491,0.007526546353434174,0.07525255024399763,46,48,16
WMT,1992-10-29,15.46875,15.5,15.34375,15.5,9.72663402557373,2589600,False,0.002018092254576495,0.005203200424287126,0.052023077115521975,47,48,16
WMT,1992-10-30,15.5,15.53125,15.1875,15.21875,9.550142288208008,3972000,False,-0.01831184491499392,0.010316793235663459,0.10315023184165517,45,48,16
WMT,1992-11-02,15.21875,15.5,15.15625,15.40625,9.667804718017578,3691600,True,0.012245210168448527,0.011281236243629145,0.112793007227114,45,48,16
WMT,1992-11-03,15.40625,15.4375,15.28125,15.40625,9.667804718017578,3980800,False,0.0,0.01109741992970217,0.11095515946136622,45,48,16
WMT,1992-11-04,15.375,15.625,15.34375,15.5,9.72663402557373,4912400,False,0.0060666347465452965,0.01146005072509126,0.11458084524985368,45,48,16
WMT,1992-11-05,15.5,15.625,15.375,15.53125,9.74624252319336,4419600,False,0.0020139299089226587,0.01145990427916739,0.11457938104187214,45,48,16
WMT,1992-11-06,15.5625,15.625,15.5,15.53125,9.74624252319336,3605200,False,0.0,0.00520042590700584,0.05199533670294648,47,48,16
WMT,1992-11-09,15.5625,15.71875,15.5,15.6875,9.844294548034668,3949600,True,0.010010225166925853,0.0043476787898548835,0.04346932858907276,48,48,16
WMT,1992-11-10,15.65625,15.6875,15.5625,15.65625,9.82468032836914,4482800,False,-0.001994432988043891,0.004827623664772199,0.0482679538971578,48,48,16
WMT,1992-11-11,15.625,15.625,15.3125,15.5,9.72663402557373,5197200,False,-0.010029722087804425,0.0072255382095906375,0.07224298524502532,47,48,16
WMT,1992-11-12,15.4375,15.5,15.03125,15.40625,9.667804718017578,7891600,False,-0.006066634746545372,0.007558482786127035,0.07557185977761088,46,48,16
WMT,1992-11-13,15.375,15.40625,15.125,15.1875,9.530532836914062,4672000,False,-0.014300636202291715,0.009299278447360478,0.09297682970804,46,48,16
WMT,1992-11-16,15.21875,15.375,15.21875,15.34375,9.628581047058104,2652000,True,0.01023524017847209,0.009387041177886043,0.09385430643883992,46,48,16
WMT,1992-11-17,15.375,15.46875,15.3125,15.375,9.648191452026367,2263600,False,0.0020346156737836513,0.00981183927772467,0.09810155861142174,46,48,16
WMT,1992-11-18,15.375,15.53125,15.34375,15.375,9.648191452026367,4966000,False,0.0,0.009180120221708044,0.09178545189120055,46,48,16
WMT,1992-11-19,15.4375,15.46875,15.34375,15.4375,9.68741226196289,2883200,False,0.00405685431996025,0.009069799750661392,0.09068243645748948,46,48,16
WMT,1992-11-20,15.8125,15.8125,15.5,15.625,9.80506992340088,7141200,False,0.012072253216501927,0.005239201819862742,0.05238302930370878,47,48,16
WMT,1992-11-23,15.625,15.65625,15.53125,15.59375,9.785465240478516,2824800,True,-0.0020014450144120897,0.005433667281094769,0.054327350271772455,47,48,16
WMT,1992-11-24,15.625,15.875,15.5625,15.71875,9.863899230957031,3960400,False,0.007983403959239296,0.0057480003790635024,0.05747014195038222,47,48,16
WMT,1992-11-25,15.75,15.875,15.71875,15.84375,9.942339897155762,3463600,False,0.007920845123951257,0.005298455675087855,0.05297546619416171,47,48,16
WMT,1992-11-27,15.90625,16.0,15.875,16.0,10.04039478302002,1909200,True,0.009814039414366978,0.005393586173282757,0.05392660796078114,47,48,16
WMT,1992-11-30,16.03125,16.15625,16.0,16.09375,10.09922695159912,4964400,True,0.00584244696382673,0.004641646642247329,0.046408502752557305,48,48,16
WMT,1992-12-01,16.03125,16.0625,15.90625,16.03125,10.060006141662598,4573600,False,-0.0038911062976420743,0.005453052241948257,0.05452116662154349,47,48,16
WMT,1992-12-02,16.03125,16.125,15.96875,16.09375,10.09922695159912,3206000,False,0.0038911062976420985,0.005298411269338527,0.05297502221285534,47,48,16
WMT,1992-12-03,16.125,16.125,15.8125,15.8125,9.92273235321045,3512000,False,-0.01763055927012011,0.010848827125681434,0.10846965793165983,45,48,16
WMT,1992-12-04,15.875,15.96875,15.78125,15.96875,10.029025077819824,3065200,False,0.010655074431220041,0.011051313036366238,0.11049416963357173,45,48,16
WMT,1992-12-07,16.0,16.09375,15.9375,16.09375,10.107532501220703,2891200,True,0.007797541449085503,0.01135027692379477,0.1134832955757233,45,48,16
WMT,1992-12-08,16.0625,16.09375,15.875,16.09375,10.107532501220703,3443200,False,0.0,0.011134033537567246,0.11132123272207542,45,48,16
WMT,1992-12-09,16.03125,16.09375,15.96875,16.09375,10.107532501220703,3396000,False,0.0,0.011011740649736222,0.1100985136615878,45,48,16
WMT,1992-12-10,16.0625,16.0625,15.8125,15.9375,10.0093994140625,4197200,False,-0.009756345150487917,0.007974859082755918,0.07973490836737715,46,48,16
WMT,1992-12-11,15.875,15.9375,15.8125,15.90625,9.989776611328123,1938000,False,-0.00196236174995662,0.006260265155805698,0.06259191082548299,47,48,16
WMT,1992-12-14,15.9375,16.03125,15.875,15.90625,9.989776611328123,4662800,True,0.0,0.004229997519191146,0.04229271778810961,48,48,16
WMT,1992-12-15,15.875,16.03125,15.875,15.96875,10.029025077819824,4775600,False,0.003921165451359042,0.005055995013349239,0.050551275566364275,47,48,16
WMT,1992-12-16,16.03125,16.125,16.0,16.03125,10.06828498840332,4006400,False,0.00390698659616671,0.005626942635215055,0.056259772210584674,47,48,16
WMT,1992-12-17,16.0625,16.28125,16.03125,16.28125,10.225296020507812,4766000,False,0.015474268941158187,0.00676136672570879,0.06760206678489893,47,48,16
WMT,1992-12-18,16.375,16.46875,16.3125,16.40625,10.303792953491213,11999600,False,0.007647423190023084,0.005852298534185715,0.05851294455733214,47,48,16
WMT,1992-12-21,16.34375,16.34375,15.96875,15.96875,10.029025077819824,6328400,True,-0.027028678727348033,0.016248465539220797,0.16245677791118263,43,40,13
WMT,1992-12-22,15.875,15.9375,15.71875,15.8125,9.930896759033203,9520400,False,-0.009832614594096643,0.01674137349894169,0.16738501182654786,43,40,13
WMT,1992-12-23,15.6875,16.21875,15.59375,16.15625,10.146784782409668,8229200,False,0.021506103060280484,0.01984700621499918,0.19843601065523167,42,40,13
WMT,1992-12-24,16.15625,16.25,16.15625,16.21875,10.186036109924316,1813200,False,0.0038608884109758075,0.018440255543414826,0.18437091750053705,42,40,13
WMT,1992-12-28,16.1875,16.25,16.09375,16.21875,10.186036109924316,2834400,True,0.0,0.01787613574475073,0.17873068737384235,42,40,13
WMT,1992-12-29,16.125,16.40625,16.0625,16.09375,10.107532501220703,4277600,False,-0.007736835428073979,0.012467934169586137,0.12465795046987767,45,48,16
WMT,1992-12-30,16.09375,16.15625,15.9375,16.15625,10.146784782409668,3216400,False,0.0038759470170981612,0.010721450719399022,0.10719611240844738,45,48,16
WMT,1992-12-31,16.1875,16.21875,15.90625,16.0,10.048657417297363,3376000,False,-0.009717849837139806,0.006429178240806431,0.06428075187142786,47,48,16
WMT,1993-01-04,16.03125,16.0625,15.6875,15.71875,9.872015953063965,5240800,True,-0.01773495210962442,0.008481410241584993,0.084799550866197,46,48,16
WMT,1993-01-05,15.6875,15.8125,15.625,15.65625,9.832770347595217,4211200,False,-0.003983362901074692,0.007914188299485809,0.07912830462749673,46,48,16
WMT,1993-01-06,15.6875,15.78125,15.25,15.25,9.577621459960938,9367200,False,-0.026291440937242026,0.011737705410478697,0.11735691573177742,45,48,16
WMT,1993-01-07,15.25,15.28125,14.71875,15.03125,9.440242767333984,14849600,False,-0.014447582609155817,0.008410607255806316,0.08409164248504368,46,48,16
WMT,1993-01-08,15.03125,15.03125,14.75,14.84375,9.322481155395508,12702800,False,-0.01255288504758799,0.008103030453327227,0.0810164021695589,46,48,16
WMT,1993-01-11,14.8125,14.90625,14.625,14.75,9.263595581054688,6770400,True,-0.006336546674798909,0.008721722226879051,0.08720225841603155,46,48,16
WMT,1993-01-12,14.71875,14.875,14.625,14.875,9.342106819152832,6278000,False,0.008439531323271451,0.012697083903413722,0.12694905465611456,44,48,16
WMT,1993-01-13,14.84375,14.9375,14.6875,14.9375,9.381362915039062,7869200,False,0.004193256267648272,0.01011849144049504,0.10116755411622304,45,48,16
WMT,1993-01-14,15.0,15.0625,14.84375,15.0625,9.459868431091309,5972400,False,0.008333422474735652,0.009422302828230861,0.09420686244389913,46,48,16
WMT,1993-01-15,15.09375,15.34375,15.0625,15.125,9.499123573303224,9268000,False,0.004141063860329768,0.006022607628234049,0.06021574329862126,47,48,16
WMT,1993-01-18,15.125,15.15625,14.9375,14.96875,9.40098762512207,2308000,True,-0.010384788649726586,0.007744303517392498,0.07742974827776611,46,48,16
WMT,1993-01-19,15.0,15.0625,14.875,14.90625,9.361735343933104,4739200,False,-0.004184076961308836,0.007560539275679267,0.07559242114481551,46,48,16
WMT,1993-01-20,14.9375,15.03125,14.875,14.9375,9.381362915039062,3533200,False,0.0020943792759699734,0.0073540991954663465,0.07352837453178834,47,48,16
WMT,1993-01-21,14.90625,14.96875,14.8125,14.875,9.342106819152832,3745200,False,-0.004193256267648206,0.005768124301447483,0.057671346647622385,47,48,16
WMT,1993-01-22,14.9375,15.71875,14.75,15.65625,9.832770347595217,15911200,False,0.05118892394551326,0.025145992227562346,0.2514167793142469,39,40,13
WMT,1993-01-25,16.0,16.25,15.9375,16.15625,10.146784782409668,18720400,True,0.031436164847838836,0.024911796439333292,0.24907522324150733,40,40,13
WMT,1993-01-26,16.21875,16.21875,15.96875,16.0,10.048657417297363,9707200,False,-0.009717849837139806,0.026087257417918414,0.2608278162897751,39,40,13
WMT,1993-01-27,15.96875,16.125,15.90625,16.09375,10.107532501220703,5958000,False,0.005841902820041533,0.02570491302449683,0.25700502834356914,39,40,13
WMT,1993-01-28,16.125,16.21875,16.0625,16.1875,10.16641330718994,4600000,False,0.005808535947990073,0.024191123095526974,0.2418697262621989,40,40,13
WMT,1993-01-29,16.21875,16.34375,16.1875,16.28125,10.225296020507812,5855200,False,0.005775178140249279,0.014810799991490075,0.1480825890356558,44,48,16
WMT,1993-02-01,16.28125,16.46875,16.25,16.46875,10.343050956726074,5254400,True,0.011450236900051836,0.007958616529617366,0.07957251070332876,46,48,16
WMT,1993-02-02,16.46875,16.59375,16.40625,16.5625,10.401932716369627,4803200,False,0.005676737923262428,0.0025385310916056646,0.025380955560028246,48,48,16
WMT,1993-02-03,16.59375,16.75,16.5625,16.71875,10.500059127807615,6535600,False,0.009389261373367052,0.0026581025997016523,0.026576465492234844,48,48,16
WMT,1993-02-04,16.8125,16.84375,16.625,16.65625,10.460806846618652,5763600,False,-0.0037452963174602087,0.0058287062011013226,0.05827706170383768,47,48,16
WMT,1993-02-05,16.5625,16.65625,16.34375,16.46875,10.343050956726074,7206400,False,-0.011320702979169395,0.009584564193128866,0.09582919770116827,46,48,16
WMT,1993-02-08,16.4375,16.46875,16.28125,16.40625,10.303792953491213,4298000,True,-0.003802813710028716,0.008278560513844293,0.0827714016179268,46,48,16
WMT,1993-02-09,16.34375,16.375,16.0625,16.34375,10.264548301696776,4932800,False,-0.0038160295894720613,0.007483528036899835,0.07482244088515,47,48,16
WMT,1993-02-10,16.3125,16.3125,16.0625,16.15625,10.146784782409668,6403600,False,-0.011539160671692222,0.004186429966600983,0.04185711701102766,48,48,16
WMT,1993-02-11,16.09375,16.125,15.9375,15.96875,10.029025077819824,8712000,False,-0.011673488466183808,0.004220273574479785,0.042195495024361186,48,48,16
WMT,1993-02-12,16.0,16.0625,15.9375,16.0,10.048657417297363,5415200,False,0.001955638629043937,0.005820385978041818,0.058193873748243544,47,48,16
WMT,1993-02-16,15.9375,16.0,15.5,15.625,9.81314182281494,10985200,True,-0.02371654559844541,0.00967211154406635,0.096704521005614,46,48,16
WMT,1993-02-17,15.46875,15.53125,15.3125,15.53125,9.75425910949707,9274800,False,-0.006018468294151913,0.009379582475306812,0.09377973220993845,46,48,16
WMT,1993-02-18,15.59375,15.65625,15.21875,15.46875,9.71500301361084,9714800,False,-0.004032628338644095,0.00970638756670296,0.09704722242463189,46,48,16
WMT,1993-02-19,15.53125,15.5625,15.3125,15.375,9.65613079071045,8561600,False,-0.006078364307970824,0.009599396153961187,0.0959774918623066,46,48,16
WMT,1993-02-22,15.375,15.5,15.15625,15.1875,9.538373947143556,11488400,True,-0.012270003582640555,0.008050502863528305,0.08049121639311897,46,48,16
WMT,1993-02-23,15.21875,15.25,14.6875,14.96875,9.40098762512207,13950400,False,-0.014508274881372612,0.00453483109860635,0.04534053057950146,48,48,16
WMT,1993-02-24,15.03125,15.625,15.03125,15.625,9.81314182281494,10124800,False,0.04290773940477982,0.023706968071837555,0.23702900668974217,40,40,13
WMT,1993-02-25,15.625,15.9375,15.625,15.90625,9.989776611328123,6551200,False,0.01783974151804241,0.02450377648608336,0.24499572374855802,40,40,13
WMT,1993-02-26,16.125,16.3125,16.0,16.25,10.20566749572754,8569000,False,0.021380971635239224,0.02431455890937147,0.24310387262190392,40,40,13
WMT,1993-03-01,16.4375,16.75,16.3125,16.5,10.362676620483398,13651000,True,0.015267361695120035,0.02053040405634075,0.20526881656344628,41,40,13
WMT,1993-03-02,16.5625,17.0,16.4375,17.0,10.676692962646484,11697400,False,0.029852573376637166,0.011206186525591714,0.11204263880948874,45,48,16
WMT,1993-03-03,17.0,17.0625,16.8125,16.875,10.598187446594238,12296600,False,-0.007380146996737402,0.013870414698791463,0.13868034952706235,44,48,16
WMT,1993-03-04,16.75,16.8125,16.3125,16.4375,10.323423385620115,9410600,False,-0.026267562434117285,0.022967364400790183,0.22963423891677248,40,40,13
WMT,1993-03-05,16.5,16.6875,16.25,16.375,10.284172058105469,8139000,False,-0.003809408534676432,0.021630347410780397,0.21626636293579451,41,40,13
WMT,1993-03-08,16.625,16.9375,16.5625,16.9375,10.637441635131836,6829800,True,0.03377398725183451,0.025757782346043444,0.2575336308511771,39,40,13
WMT,1993-03-09,16.9375,17.0,16.75,16.9375,10.637441635131836,5374000,False,0.0,0.021776892132625524,0.21773155872756844,41,40,13
WMT,1993-03-10,16.9375,17.0,16.75,17.0,10.676692962646484,5554400,False,0.0036831307136966267,0.021493317463905495,0.21489629856923007,41,40,13
WMT,1993-03-11,16.9375,17.0,16.5625,16.5625,10.401932716369627,5641200,False,-0.026071510894998425,0.021430137561518476,0.21426460794307445,41,40,13
WMT,1993-03-12,16.5,16.6875,16.375,16.625,10.441180229187012,6416600,False,0.003765997843635744,0.021226397837083404,0.21222756025482725,41,40,13
WMT,1993-03-15,16.6875,16.6875,16.5,16.6875,10.480436325073242,4176800,True,0.003752687260432488,0.013012810681181767,0.13010578074158197,44,48,16
WMT,1993-03-16,16.75,16.875,16.6875,16.8125,10.558935165405272,3098800,False,0.007462124486316997,0.01384073169193472,0.13838357038560914,44,48,16
WMT,1993-03-17,16.6875,16.8125,16.5625,16.6875,10.490416526794434,3765400,False,-0.006510307929770028,0.013639074269876856,0.13636734214852927,44,48,16
WMT,1993-03-18,16.75,17.0,16.6875,16.9375,10.64757251739502,3967400,False,0.014869804881233472,0.00772155955644784,0.07720234769011751,46,48,16
WMT,1993-03-19,16.9375,17.0,16.5,16.5625,10.411840438842772,10143600,False,-0.022388271257558896,0.014430108999200775,0.1442763322640335,44,48,16
WMT,1993-03-22,16.5,16.5625,16.375,16.5,10.37254810333252,5403600,True,-0.0037809514809107546,0.014259156898841562,0.14256710456284108,44,48,16
WMT,1993-03-23,16.5,16.625,16.25,16.375,10.293967247009276,5043000,False,-0.007604691327368216,0.013301111807677037,0.13298829736849244,44,48,16
WMT,1993-03-24,16.3125,16.9375,16.25,16.3125,10.254679679870604,5443200,False,-0.003823863941032263,0.013283283614689856,0.13281004602643895,44,48,16
WMT,1993-03-25,16.3125,16.8125,16.25,16.625,10.451128959655762,4190600,False,0.018975851463335,0.014821532130207727,0.1481898920097094,44,48,16
WMT,1993-03-26,16.6875,16.75,16.3125,16.4375,10.333258628845217,2869200,False,-0.011342320668030063,0.011874352132736899,0.1187231485096731,45,48,16
WMT,1993-03-29,16.5,16.75,16.375,16.625,10.451128959655762,3114000,True,0.011342320668030013,0.013023443713978624,0.13021209282646357,44,48,16
WMT,1993-03-30,16.625,16.6875,15.0,15.5625,9.783198356628418,19427200,False,-0.06604354607827467,0.03345056495267657,0.3344482584157402,36,32,10
WMT,1993-03-31,15.6875,16.0625,15.625,15.875,9.979649543762209,13703000,False,0.01988151293723915,0.0361475664998891,0.3614136466441867,35,32,10
WMT,1993-04-01,16.0,16.125,15.5,15.5625,9.783198356628418,7689600,False,-0.01988151293723911,0.03367953968099406,0.336737612847133,36,32,10
WMT,1993-04-02,15.375,15.4375,15.0,15.25,9.586750030517578,12798000,False,-0.020284520955152766,0.03379288641438358,0.3378708857121165,36,32,10
WMT,1993-04-05,15.25,15.3125,14.75,14.875,9.351006507873535,13527600,True,-0.024897954551025527,0.030452518153858514,0.3044729341743673,37,40,13
WMT,1993-04-06,14.75,14.8125,13.5625,13.875,8.722372055053711,29234600,False,-0.06959275981687793,0.03174271701819667,0.31737270922445465,37,40,13
WMT,1993-04-07,13.75,14.0,13.6875,13.875,8.722372055053711,22750000,False,0.0,0.025706559164933536,0.2570214869236542,39,40,13
WMT,1993-04-08,13.875,14.5625,13.8125,14.4375,9.075979232788086,15115600,False,0.03974005317809661,0.03977354103178117,0.39766717088112474,34,32,10
WMT,1993-04-12,14.6875,15.0,14.4375,15.0,9.42958641052246,9442600,True,0.038220958009068925,0.04595793620267044,0.4595005120275238,31,32,10
WMT,1993-04-13,15.0,15.0,14.5,14.5,9.11526870727539,7306000,False,-0.03390134940292419,0.04717568056999531,0.4716758664176084,31,32,10
WMT,1993-04-14,14.5625,14.625,12.875,13.625,8.565211296081543,28073200,False,-0.06224208619166425,0.04471401382981725,0.4470634224957418,32,32,10
WMT,1993-04-15,13.75,13.875,13.25,13.8125,8.683083534240723,17834000,False,0.013667910284060652,0.04540437161369433,0.453965815888143,31,32,10
WMT,1993-04-16,13.8125,13.9375,13.3125,13.3125,8.368757247924805,16208000,False,-0.03687131494049976,0.040970246213039005,0.40963216950745585,33,32,10
WMT,1993-04-19,13.4375,13.5625,13.25,13.375,8.408049583435059,8458600,True,0.004684134203645109,0.03147267983275507,0.3146728006726499,37,40,13
WMT,1993-04-20,13.25,13.3125,13.0,13.1875,8.290175437927246,8821000,False,-0.014118399210742196,0.030988786785498598,0.30983470041504985,37,40,13
WMT,1993-04-21,13.1875,13.5,13.1875,13.3125,8.368757247924805,8762800,False,0.009434265007097,0.02090993606626017,0.20906348549983503,41,40,13
WMT,1993-04-22,13.3125,13.625,12.9375,13.375,8.408049583435059,8072600,False,0.004684134203645109,0.019264654964842216,0.19261349729329694,42,40,13
WMT,1993-04-23,13.1875,13.4375,13.125,13.375,8.408049583435059,5896200,False,0.0,0.009053018230485403,0.09051465004777208,46,48,16
WMT,1993-04-26,13.5,13.6875,13.25,13.3125,8.368757247924805,7097200,True,-0.00468413420364508,0.009053018230485373,0.09051465004777177,46,48,16
WMT,1993-04-27,13.3125,13.625,13.3125,13.5625,8.525918006896973,5166800,False,0.018605304938402283,0.008969412717743848,0.08967873836227659,46,48,16
WMT,1993-04-28,13.5,13.5,13.25,13.4375,8.44733715057373,4633000,False,-0.009259439870013417,0.010704062152490982,0.10702225657291912,45,48,16
WMT,1993-04-29,13.4375,13.5,13.25,13.375,8.408049583435059,4272200,False,-0.004661730864743885,0.010903754473235492,0.10901883716838841,45,48,16
WMT,1993-04-30,13.375,13.5,13.25,13.375,8.408049583435059,5142400,False,0.0,0.010903754473235492,0.10901883716838841,45,48,16
WMT,1993-05-03,13.25,13.3125,12.9375,13.125,8.250886917114258,9119400,True,-0.018868831057705423,0.013869192421772095,0.1386681288539285,44,48,16
WMT,1993-05-04,13.125,13.5,13.0,13.4375,8.44733715057373,7781800,False,0.02353056192244935,0.015811717537090094,0.15809004721811912,43,40,13
WMT,1993-05-05,13.4375,13.5625,13.25,13.375,8.408049583435059,8424600,False,-0.004661730864743885,0.015401600990238155,0.15398958538627394,43,40,13
WMT,1993-05-06,13.4375,13.5625,13.3125,13.3125,8.368757247924805,8106200,False,-0.00468413420364508,0.015402960390100187,0.15400317705257285,43,40,13
WMT,1993-05-07,13.375,13.5,13.0,13.125,8.250886917114258,9966000,False,-0.01418469685406039,0.01645746066004925,0.16454637054668372,43,40,13
WMT,1993-05-10,13.1875,13.25,12.9375,13.0625,8.211604118347168,6688800,True,-0.004772409380918045,0.014289738714897433,0.14287287025419923,44,48,16
WMT,1993-05-11,13.125,13.1875,13.0,13.0,8.172306060791016,6714600,False,-0.004797161665256936,0.004229165507763587,0.042284399101315456,48,48,16
WMT,1993-05-12,13.125,13.75,13.0625,13.5,8.486625671386719,11752800,False,0.03774034527112307,0.0204692685584226,0.20465756647439604,41,40,13
WMT,1993-05-13,13.5,13.5625,13.3125,13.3125,8.368757247924805,7512200,False,-0.013986077370887638,0.021604040696078883,0.2160033409231915,41,40,13
WMT,1993-05-14,13.4375,13.625,13.375,13.625,8.565211296081543,5356400,False,0.02320340465643926,0.021934884507835498,0.2193112114122599,41,40,13
WMT,1993-05-17,13.625,13.6875,13.5,13.5625,8.525918006896973,2996200,True,-0.00459809971803691,0.02191067287582997,0.21906913663208483,41,40,13
WMT,1993-05-18,13.5625,13.625,13.375,13.4375,8.44733715057373,3974600,False,-0.009259439870013417,0.022616907371885583,0.22613026990660723,40,40,13
WMT,1993-05-19,13.5,14.0,13.375,13.9375,8.7616548538208,9015400,False,0.036533535764983235,0.022204450650675455,0.22200641034621568,41,40,13
WMT,1993-05-20,13.9375,14.25,13.8125,14.25,8.958113670349121,7531400,False,0.02217487959939534,0.019655948457582364,0.19652576087872506,42,40,13
WMT,1993-05-21,14.0625,14.1875,13.6875,13.6875,8.604498863220215,9955000,False,-0.04027448685166281,0.029795762670676903,0.297906506137477,38,40,13
WMT,1993-05-24,13.8125,14.0625,13.75,14.0,8.800950050354004,3806200,True,0.022574485816117346,0.030992757108052247,0.30987439682870666,37,40,13
WMT,1993-05-25,14.125,14.25,14.0625,14.1875,8.9188232421875,4340400,False,0.013304338443293122,0.029770356986616425,0.29765249288538664,38,40,13
WMT,1993-05-26,14.1875,14.1875,13.8125,14.0625,8.840235710144043,6529200,False,-0.008850474030147513,0.02675237750190016,0.26747787598352707,39,40,13
WMT,1993-05-27,14.125,14.125,13.625,13.875,8.722372055053711,5554400,False,-0.013422314746505497,0.024621612896345683,0.24617388567933413,40,40,13
WMT,1993-05-28,13.625,13.9375,13.5625,13.9375,8.7616548538208,4197800,False,0.004493571769510047,0.014998127263918954,0.14995554036267356,44,48,16
WMT,1993-06-01,13.875,14.1875,13.8125,14.0625,8.840235710144043,4310800,True,0.008928742976995535,0.011526514020738529,0.11524536417529624,45,48,16
WMT,1993-06-02,14.0625,14.1875,14.0,14.1875,8.9188232421875,3798400,False,0.008850474030147572,0.010449102266078808,0.1044730951432972,45,48,16
WMT,1993-06-03,13.875,14.0625,13.625,13.75,8.643791198730469,6876000,False,-0.031322731645217455,0.017596285881999844,0.17593266888454837,42,40,13
WMT,1993-06-04,13.75,13.75,13.25,13.375,8.408049583435059,9671400,False,-0.027651751991652714,0.020338237102555085,0.2033474767262986,41,40,13
WMT,1993-06-07,13.375,13.4375,13.1875,13.3125,8.368757247924805,6023600,True,-0.00468413420364508,0.019395511572949435,0.19392183886377762,42,40,13
WMT,1993-06-08,13.3125,13.5,13.25,13.25,8.339496612548828,5239800,False,-0.003502540185697947,0.017162790593729816,0.17159845974941268,43,40,13
WMT,1993-06-09,13.3125,13.4375,13.1875,13.3125,8.378829002380371,3998400,False,0.004705311202277222,0.015983860609437062,0.1598111825958393,43,40,13
WMT,1993-06-10,13.25,13.3125,13.125,13.1875,8.300153732299805,4447800,False,-0.009434130948873593,0.012050215535349457,0.12048148080708111,45,48,16
WMT,1993-06-11,13.375,13.625,13.3125,13.5625,8.536179542541504,7189000,False,0.028039510751987573,0.014881353002594416,0.14878799809894713,44,48,16
WMT,1993-06-14,13.5625,13.75,13.4375,13.5,8.496838569641113,3695800,True,-0.004619386018197036,0.014872993504840629,0.14870441746379373,44,48,16
WMT,1993-06-15,13.5,13.5,13.25,13.25,8.339496612548828,4759400,False,-0.018691304987194252,0.017804918932636575,0.1780186414393358,42,40,13
WMT,1993-06-16,13.1875,13.25,12.8125,12.875,8.10346794128418,14202600,False,-0.02871074538993952,0.021487792653573368,0.21484105994482203,41,40,13
WMT,1993-06-17,12.9375,13.0,12.75,12.9375,8.14280891418457,7884800,False,0.004843084990746679,0.021973968128723934,0.2197019805654031,41,40,13
WMT,1993-06-18,12.75,12.875,12.5625,12.5625,7.906782150268555,13141800,False,-0.029414304735666783,0.015086254592690387,0.1508366624503912,43,40,13
WMT,1993-06-21,12.6875,12.8125,12.5,12.5625,7.906782150268555,8552600,True,0.0,0.016017945060681864,0.160151968629618,43,40,13
WMT,1993-06-22,12.5,12.5625,11.8125,12.4375,7.828110694885254,22856600,False,-0.009999700882955834,0.015906318423088397,0.15903589377142782,43,40,13
WMT,1993-06-23,12.4375,13.0,12.4375,12.9375,8.14280891418457,10950800,False,0.0394140056186227,0.025186422718987772,0.25182101486193514,39,40,13
WMT,1993-06-24,12.875,13.375,12.75,13.25,8.339496612548828,8305400,False,0.02386766039919277,0.027268990401558026,0.27264311862771307,39,40,13
WMT,1993-06-25,13.3125,13.4375,13.25,13.3125,8.378829002380371,4542000,False,0.004705311202277222,0.019829007663616276,0.19825605602150476,42,40,13
WMT,1993-06-28,13.4375,13.5,13.25,13.375,8.418167114257812,5376800,True,0.004683954622072449,0.01924620622361736,0.19242904153354087,42,40,13
WMT,1993-06-29,13.25,13.3125,13.125,13.125,8.26081657409668,3497800,False,-0.018868680669651073,0.0220471035524803,0.22043320932457108,41,40,13
WMT,1993-06-30,13.1875,13.3125,13.0625,13.125,8.26081657409668,4106800,False,0.0,0.015234560918619978,0.15231947126062687,43,40,13
WMT,1993-07-01,13.0625,13.125,12.8125,12.875,8.10346794128418,4458600,False,-0.01923133054463822,0.012299280354690807,0.1229717016801573,45,48,16
WMT,1993-07-02,12.8125,12.875,12.75,12.8125,8.064129829406738,3995400,False,-0.004866299875272586,0.010935992487736718,0.10934116200266161,45,48,16
WMT,1993-07-06,12.75,12.875,12.625,12.6875,7.985453605651855,4003000,True,-0.00980422380271269,0.008496013668433123,0.08494556007958902,46,48,16
WMT,1993-07-07,12.6875,12.75,12.5625,12.75,8.024794578552246,3396800,False,0.004914483726733357,0.009297128239596754,0.09295533131951272,46,48,16
WMT,1993-07-08,12.875,13.4375,12.875,13.25,8.339496612548828,6129800,False,0.038466785341191356,0.022223420174394104,0.22219607303740352,41,40,13
WMT,1993-07-09,13.1875,13.25,13.0,13.125,8.26081657409668,3041400,False,-0.009479414845301268,0.020245616158450754,0.2024214261949447,41,40,13
WMT,1993-07-12,13.125,13.1875,13.0,13.0625,8.221482276916504,2912000,True,-0.004772923025836315,0.020235610727167817,0.2023213890484268,41,40,13
WMT,1993-07-13,13.1875,13.375,13.0625,13.1875,8.300153732299805,6312800,False,0.009523518124541445,0.018764200319800573,0.18760980947256697,42,40,13
WMT,1993-07-14,13.3125,13.4375,13.25,13.3125,8.378829002380371,5264400,False,0.009434130948873659,0.01870339484386752,0.1870018590371492,42,40,13
WMT,1993-07-15,13.25,13.25,13.0625,13.25,8.339496612548828,2431600,False,-0.004705311202277363,0.008866795894785435,0.08865274619230425,46,48,16
WMT,1993-07-16,13.25,13.375,13.0625,13.0625,8.221482276916504,5604200,False,-0.014252337871137664,0.010285839147837792,0.10284074407130546,45,48,16
WMT,1993-07-19,13.0625,13.1875,12.9375,13.0,8.182141304016113,2601600,True,-0.004796629005154909,0.010288044425239399,0.10286279306172862,45,48,16
WMT,1993-07-20,12.9375,13.0,12.625,12.875,8.10346794128418,2790400,False,-0.009661778513647046,0.008882609096025024,0.08881085107400177,46,48,16
WMT,1993-07-21,12.875,12.9375,12.75,12.8125,8.064129829406738,2985600,False,-0.004866299875272586,0.004248523664124614,0.04247794745215032,48,48,16
WMT,1993-07-22,12.75,12.875,12.5,12.5625,7.906782150268555,3266400,False,-0.019704919869647466,0.006396442926966583,0.06395345489698456,47,48,16
WMT,1993-07-23,12.625,12.75,12.5625,12.6875,7.985453605651855,3382000,False,0.009900696066934746,0.010684652678977995,0.10682819513860947,45,48,16
WMT,1993-07-26,12.75,12.8125,12.625,12.6875,7.985453605651855,2533600,True,0.0,0.011010521129957063,0.11008632055612544,45,48,16
WMT,1993-07-27,12.6875,12.6875,12.3125,12.5,7.86744499206543,5930800,False,-0.014888229134943335,0.011799405889265643,0.11797381466017832,45,48,16
WMT,1993-07-28,12.5,12.75,12.4375,12.5625,7.906782150268555,3796800,False,0.004987533068008688,0.012798298023021161,0.12796102219919434,44,48,16
WMT,1993-07-29,12.625,12.875,12.5625,12.875,8.10346794128418,2718600,False,0.024571219744919905,0.01438362356372175,0.1438115576642726,44,48,16
WMT,1993-07-30,12.875,12.875,12.5625,12.6875,7.985453605651855,3072600,False,-0.014670523677985315,0.01632102905470839,0.1631822885688855,43,40,13
WMT,1993-08-02,12.75,12.875,12.625,12.8125,8.064129829406738,2864200,True,0.009804223802712828,0.01689972042015406,0.16896820936296897,43,40,13
WMT,1993-08-03,12.6875,12.8125,12.625,12.6875,7.985453605651855,2912200,False,-0.00980422380271269,0.015746097343758012,0.15743395786931835,43,40,13
WMT,1993-08-04,12.625,12.8125,12.5625,12.75,8.024794578552246,3878200,False,0.004914483726733357,0.015743799996533817,0.15741098833863343,43,40,13
WMT,1993-08-05,13.0,13.0625,12.875,12.9375,8.14280891418457,5550200,False,0.014599124941998581,0.012649756703792737,0.1264758638591482,44,48,16
WMT,1993-08-06,12.9375,13.0625,12.75,12.875,8.10346794128418,3096800,False,-0.004843084990746764,0.01012352245206827,0.10121785560025227,45,48,16
WMT,1993-08-09,12.8125,12.875,12.6875,12.75,8.024794578552246,4108600,True,-0.009756039951251873,0.010574299975672122,0.10572485743760705,45,48,16
WMT,1993-08-10,12.75,12.8125,12.375,12.5,7.86744499206543,7204200,False,-0.019802712861676834,0.013264029840677668,0.13261754132000375,44,48,16
WMT,1993-08-11,12.5625,13.0,12.5625,12.8125,8.064129829406738,6701000,False,0.02469245293765612,0.018226717984790745,0.18223590828053707,42,40,13
WMT,1993-08-12,12.875,12.875,12.625,12.75,8.024794578552246,3812400,False,-0.004889740075979303,0.01659655931748082,0.16593711846952958,43,40,13
WMT,1993-08-13,12.75,12.8125,12.6875,12.75,8.024794578552246,3398400,False,0.0,0.01659757873302138,0.16594731087592465,43,40,13
WMT,1993-08-16,12.75,12.75,12.5625,12.625,7.946122169494629,4252800,True,-0.009852038758184224,0.016608915986039304,0.16606066395478677,43,40,13
WMT,1993-08-17,12.625,12.75,12.5625,12.625,7.946122169494629,4681800,False,0.0,0.013331225325893708,0.1332893808849169,44,48,16
WMT,1993-08-18,12.625,12.875,12.5625,12.75,8.024794578552246,4931600,False,0.009852038758184167,0.007301591980418607,0.0730033924679033,47,48,16
WMT,1993-08-19,12.75,13.0,12.75,12.9375,8.14280891418457,5259400,False,0.014599124941998581,0.009547681585641806,0.0954604349057617,46,48,16
WMT,1993-08-20,13.0,13.25,12.875,13.125,8.26081657409668,9371800,False,0.014388245553891454,0.0105620531257364,0.10560240995016176,45,48,16
WMT,1993-08-23,13.0625,13.125,12.9375,13.0,8.182141304016113,4400200,True,-0.009569552030991213,0.010457654428525812,0.10455860209482808,45,48,16
WMT,1993-08-24,13.0,13.1875,12.875,13.125,8.26081657409668,4623600,False,0.009569552030991177,0.009983379147244576,0.09981666299578597,46,48,16
WMT,1993-08-25,13.1875,13.25,12.875,12.9375,8.14280891418457,7305200,False,-0.014388245553891479,0.013853730830028584,0.1385135394639356,44,48,16
WMT,1993-08-26,12.9375,13.125,12.875,12.9375,8.14280891418457,3750400,False,0.0,0.012218795689284061,0.1221669931135743,45,48,16
WMT,1993-08-27,12.9375,13.0,12.875,13.0,8.182141304016113,3285400,False,0.004818693522900292,0.009938294676649258,0.09936589564122762,46,48,16
WMT,1993-08-30,12.9375,13.125,12.9375,12.9375,8.14280891418457,2636600,True,-0.004818693522900258,0.009224879257674528,0.0922329654578185,46,48,16
WMT,1993-08-31,12.9375,12.9375,12.75,12.875,8.113502502441406,3914200,False,-0.0036055465155168044,0.007101159759548246,0.07099941414062164,47,48,16
WMT,1993-09-01,12.8125,12.9375,12.75,12.875,8.113502502441406,5072000,False,0.0,0.0037696016724497066,0.037689549221529284,48,48,16
WMT,1993-09-02,12.8125,12.875,12.25,12.375,7.79841423034668,12115000,False,-0.03960924020192231,0.01771177525953903,0.1770873645148955,42,40,13
WMT,1993-09-03,12.375,12.8125,12.1875,12.25,7.7196455001831055,7212000,False,-0.010151965907875187,0.0160550993878743,0.16052344815588904,43,40,13
WMT,1993-09-07,12.25,12.3125,12.0625,12.125,7.640868663787842,5093200,True,-0.010257147153136758,0.015656973126703198,0.15654286860912742,43,40,13
WMT,1993-09-08,12.125,12.125,11.8125,12.0625,7.601487159729004,11674800,False,-0.005167389102431729,0.015443680726113369,0.1544103105488525,43,40,13
WMT,1993-09-09,11.9375,12.25,11.875,12.125,7.640868663787842,3369200,False,0.005167389102431758,0.01665928167330703,0.1665642344150894,43,40,13
WMT,1993-09-10,12.125,12.4375,12.0625,12.25,7.7196455001831055,5110200,False,0.01025714715313684,0.009304191060347597,0.0930259474093445,46,48,16
WMT,1993-09-13,12.25,12.375,12.1875,12.1875,7.680261135101318,4211600,True,-0.0051148947690992696,0.00843729332359093,0.08435845737762189,46,48,16
WMT,1993-09-14,12.25,12.25,11.9375,12.0625,7.601487159729004,4180400,False,-0.01030964148646918,0.008451676786950019,0.0845022673335147,46,48,16
WMT,1993-09-15,11.9375,12.125,11.875,12.0625,7.601487159729004,4856000,False,0.0,0.008129603833144879,0.08128209037580614,46,48,16
WMT,1993-09-16,12.0,12.125,11.875,12.0,7.562101364135742,4417600,False,-0.005194797274148992,0.007796968340619812,0.07795630615303867,46,48,16
WMT,1993-09-17,11.8125,12.1875,11.8125,11.9375,7.5227131843566895,14434000,False,-0.005222241104515532,0.0036452428258062766,0.03644617411748168,48,48,16
WMT,1993-09-20,12.0,12.0625,11.75,11.875,7.483326911926269,5285400,True,-0.005249401257410586,0.0036452463537132683,0.03644620939049877,48,48,16
WMT,1993-09-21,11.75,11.8125,11.5,11.75,7.40455436706543,8028800,False,-0.010582201521095673,0.0037416136541607607,0.03740971705766334,48,48,16
WMT,1993-09-22,11.9375,12.25,11.8125,12.125,7.640868663787842,9499400,False,0.03141603025960257,0.01714222490454985,0.17139283814215164,43,40,13
WMT,1993-09-23,12.25,12.625,12.125,12.5,7.877186775207519,8105400,False,0.03045953574097764,0.020906211279471617,0.2090262440225636,41,40,13
WMT,1993-09-24,12.5,12.625,12.3125,12.3125,7.759024620056152,4070800,False,-0.015114198901454073,0.02286590486767067,0.22861981765962777,40,40,13
WMT,1993-09-27,12.4375,12.625,12.4375,12.5,7.877186775207519,2913400,True,0.015114198901454072,0.022121310047110935,0.2211751469548462,41,40,13
WMT,1993-09-28,12.5,12.5625,12.25,12.25,7.7196455001831055,2509000,False,-0.020202388587840802,0.024659856311488326,0.2465562542165598,40,40,13
WMT,1993-09-29,12.25,12.375,12.0625,12.0625,7.601487159729004,4081200,False,-0.015424536255568532,0.022502076436118196,0.22498215756429002,41,40,13
WMT,1993-09-30,12.0625,12.4375,12.0,12.3125,7.759024620056152,4360800,False,0.02051272594195525,0.019222480095594675,0.19219182096021536,42,40,13
WMT,1993-10-01,12.25,12.375,12.0625,12.375,7.79841423034668,3101800,False,0.005063776221488381,0.018136821807120822,0.18133710073864734,42,40,13
WMT,1993-10-04,12.1875,12.375,12.1875,12.375,7.79841423034668,3529400,True,0.0,0.0163727241115778,0.1636991504444065,43,40,13
WMT,1993-10-05,12.4375,13.125,12.375,13.0,8.192272186279297,11959200,False,0.04927088438453825,0.024524146746370556,0.24519939140218858,40,40,13
WMT,1993-10-06,13.1875,13.3125,13.0625,13.25,8.349821090698242,7991800,False,0.019048818760177763,0.019193695743194746,0.19190402682150948,42,40,13
WMT,1993-10-07,13.375,13.5,13.125,13.375,8.428589820861816,7025000,False,0.009389364614638027,0.019583224974102302,0.19579865081555448,42,40,13
WMT,1993-10-08,13.4375,13.5,13.1875,13.3125,8.389202117919922,4833000,False,-0.00468406020248931,0.021412892064734006,0.21409218256331658,41,40,13
WMT,1993-10-11,13.3125,13.375,13.1875,13.25,8.349821090698242,1629000,True,-0.00470530441214881,0.022300233485853853,0.22296407436345597,41,40,13
WMT,1993-10-12,13.25,13.375,12.75,12.875,8.113502502441406,5553000,False,-0.02871046294279358,0.018032742320176178,0.18029648443830426,42,40,13
WMT,1993-10-13,12.75,13.0,12.6875,12.75,8.03472900390625,4675200,False,-0.009756377762317041,0.013745712969161,0.13743354618142853,44,48,16
WMT,1993-10-14,12.875,13.1875,12.75,13.125,8.271044731140137,5495600,False,0.02898755722079898,0.020812443371903726,0.20808872582441848,41,40,13
WMT,1993-10-15,13.3125,13.6875,13.1875,13.4375,8.467978477478027,8929400,False,0.023530982754267758,0.02407349207471101,0.24069361787349988,40,40,13
WMT,1993-10-18,13.5,13.5,13.3125,13.375,8.428589820861816,4350800,True,-0.00466233465531815,0.02407056575626223,0.2406643597096946,40,40,13
WMT,1993-10-19,13.3125,13.5625,13.3125,13.4375,8.467978477478027,4259000,False,0.004662334655318248,0.017080154825895585,0.17077224384919978,43,40,13
WMT,1993-10-20,13.5625,13.75,13.5,13.6875,8.625520706176758,6681600,False,0.018433521186271357,0.013878184847120606,0.1387580376791157,44,48,16
WMT,1993-10-21,13.5625,13.625,13.375,13.5,8.50735855102539,5002600,False,-0.013793831956554833,0.01556059951948004,0.15557929788502675,43,40,13
WMT,1993-10-22,13.5,13.5625,13.125,13.125,8.271044731140137,5432600,False,-0.02817067198398427,0.017722757703018958,0.17719717010712413,42,40,13
WMT,1993-10-25,13.25,13.5,13.1875,13.3125,8.389202117919922,4349200,True,0.014184587896460288,0.01963544675856728,0.19632077906332496,42,40,13
WMT,1993-10-26,13.1875,13.3125,13.0,13.0625,8.231661796569824,4231600,False,-0.018957503086881187,0.020760651439131698,0.20757089535608125,41,40,13
WMT,1993-10-27,13.0625,13.125,12.875,12.9375,8.1528902053833,3290000,False,-0.009615422879721796,0.01582540531689583,0.15822690153206218,43,40,13
WMT,1993-10-28,13.0,13.25,12.9375,13.125,8.271044731140137,4940800,False,0.014388338070142642,0.019332223712505963,0.19328906884228103,42,40,13
WMT,1993-10-29,13.0625,13.25,12.9375,13.1875,8.310433387756348,3706200,False,0.00475093118016009,0.014816605248175291,0.1481406316424331,44,48,16
WMT,1993-11-01,13.0625,13.1875,13.0,13.0625,8.231661796569824,2679200,True,-0.00952384637058087,0.01323126189160485,0.132289918049223,44,48,16
WMT,1993-11-02,13.0625,13.625,13.0625,13.5,8.50735855102539,6050200,False,0.03294358717440525,0.01789538749985432,0.17892317189465537,42,40,13
WMT,1993-11-03,13.5625,13.9375,13.5,13.8125,8.704297065734863,8793600,False,0.022885318456877163,0.016376240251724895,0.16373430581323822,43,40,13
WMT,1993-11-04,13.75,14.125,13.6875,13.875,8.743687629699707,6000400,False,0.004515206950716984,0.016770869323476007,0.1676799194659254,43,40,13
WMT,1993-11-05,13.8125,14.0,13.625,13.625,8.586133003234863,5022200,False,-0.018183565884552052,0.021434316567838594,0.21430639083635739,41,40,13
WMT,1993-11-08,13.75,14.1875,13.625,14.125,8.901223182678223,5632800,True,0.03604024315832754,0.022560326454718917,0.2255645578107808,40,40,13
WMT,1993-11-09,14.25,14.5625,14.1875,14.3125,9.019383430480955,11985800,False,0.01318727236507878,0.020398645234485036,0.20395145440340817,41,40,13
WMT,1993-11-10,14.625,14.75,14.375,14.625,9.21630859375,7666400,False,0.02159861204217101,0.020229498143701428,0.2022602737011181,41,40,13
WMT,1993-11-11,14.625,14.8125,14.5,14.5,9.13753890991211,5256400,False,-0.008583504624281467,0.022109849839253824,0.22106056453854572,41,40,13
WMT,1993-11-12,14.5,14.75,14.375,14.625,9.21630859375,4755200,False,0.008583504624281521,0.01645743263371769,0.16454609033145287,43,40,13
WMT,1993-11-15,14.6875,14.8125,14.625,14.625,9.21630859375,4266000,True,0.0,0.011680600873352162,0.11678596833472671,45,48,16
WMT,1993-11-16,14.6875,15.125,14.625,15.0,9.452625274658203,6147600,False,0.025317921808786614,0.014270757516829508,0.14268309083954833,44,48,16
WMT,1993-11-17,14.9375,15.0,14.6875,14.9375,9.413240432739258,5635600,False,-0.004175254901661391,0.013382643131036312,0.1338034707188504,44,48,16
WMT,1993-11-18,14.875,15.0,14.75,14.9375,9.413240432739258,7847800,False,0.0,0.01178322340301923,0.1178120175619946,45,48,16
WMT,1993-11-19,14.875,14.875,14.6875,14.875,9.373852729797363,6010000,False,-0.00419306598525009,0.012435372192702904,0.12433238656760644,45,48,16
WMT,1993-11-22,14.6875,14.8125,14.5,14.8125,9.334471702575684,5988200,True,-0.004210006677007013,0.012857647767788126,0.12855441782054816,44,48,16
WMT,1993-11-23,14.75,14.8125,14.5,14.5625,9.176925659179688,4753400,False,-0.017021929174517336,0.006466253650626935,0.06465144235937804,47,48,16
WMT,1993-11-24,14.625,14.8125,14.5625,14.75,9.295077323913574,2740200,False,0.012792686982448629,0.010686320647380811,0.1068448719609054,45,48,16
WMT,1993-11-26,14.875,15.0,14.75,14.9375,9.423460006713867,1646400,True,0.0137173854599928,0.013006114522066934,0.13003883063902918,44,48,16
WMT,1993-11-29,14.9375,15.25,14.75,14.75,9.305173873901367,6705800,True,-0.012631749478836319,0.014212984411504526,0.14210545890757514,44,48,16
WMT,1993-11-30,14.625,14.625,14.25,14.3125,9.0291748046875,7077000,False,-0.03010959649417567,0.01927796264404159,0.19274655125331475,42,40,13
WMT,1993-12-01,14.3125,14.4375,14.0,14.25,8.98974895477295,6475200,False,-0.0043760563458165565,0.018386039950476125,0.18382885458880513,42,40,13
WMT,1993-12-02,14.0,14.125,13.8125,13.9375,8.792600631713867,5301400,False,-0.022174392674843488,0.01693713464869929,0.1693422874568554,43,40,13
WMT,1993-12-03,13.9375,14.0625,13.75,13.9375,8.792600631713867,3701600,False,0.0,0.01241704357817372,0.1241491318687058,45,48,16
WMT,1993-12-06,14.0,14.25,13.9375,14.0,8.83202838897705,3463000,True,0.0044741733842672705,0.014939766883630367,0.14937203668865157,44,48,16
WMT,1993-12-07,14.0625,14.0625,13.6875,13.8125,8.713747024536133,3337800,False,-0.013482807510466283,0.01072110309888456,0.10719263679971502,45,48,16
WMT,1993-12-08,13.75,13.9375,13.625,13.75,8.674318313598633,2734400,False,-0.004535154170438493,0.010711185150373025,0.10709347433081705,45,48,16
WMT,1993-12-09,13.75,14.0,13.6875,13.875,8.753178596496582,2761200,False,0.009050160394344675,0.008663700335378423,0.08662213904914415,46,48,16
WMT,1993-12-10,13.875,13.875,13.5625,13.6875,8.6348876953125,2304800,False,-0.013606196814785653,0.010294236411151212,0.10292470229726083,45,48,16
WMT,1993-12-13,13.5625,13.625,13.4375,13.5625,8.556028366088867,2926800,True,-0.009174599200549973,0.00938038246825702,0.09378773076689317,46,48,16
WMT,1993-12-14,13.625,13.75,13.3125,13.375,8.437742233276367,4605200,False,-0.013921341643718367,0.009465415415116071,0.0946379143445159,46,48,16
WMT,1993-12-15,13.375,13.6875,13.1875,13.5625,8.556028366088867,6035000,False,0.01392134164371829,0.013239228648487806,0.1323695719494933,44,48,16
WMT,1993-12-16,13.6875,13.875,13.5625,13.6875,8.6348876953125,4396600,False,0.009174599200549928,0.013267035470611695,0.13264759246258684,44,48,16
WMT,1993-12-17,13.625,13.8125,13.5625,13.75,8.674318313598633,7226600,False,0.004556036420441017,0.011964113230775203,0.11962060548700265,45,48,16
WMT,1993-12-20,13.5,13.5,13.3125,13.4375,8.477169036865234,3168200,True,-0.022990188105780428,0.015842499261265856,0.15839781164769395,43,40,13
WMT,1993-12-21,13.4375,13.5,13.25,13.3125,8.3983154296875,5028600,False,-0.009345412421736442,0.015085031559580742,0.15082443421765182,43,40,13
WMT,1993-12-22,13.25,13.25,13.0625,13.1875,8.3194580078125,4730200,False,-0.009434032233358642,0.0127728238154744,0.1277063238298069,44,48,16
WMT,1993-12-23,13.125,13.1875,13.0,13.0,8.20116901397705,2658800,False,-0.014320402630191622,0.009994588986369776,0.09992874215432478,46,48,16
WMT,1993-12-27,13.0625,13.125,12.75,12.875,8.122308731079102,4402000,True,-0.009662266541197345,0.005887417323775655,0.058864072199948665,47,48,16
WMT,1993-12-28,12.8125,13.0625,12.75,13.0625,8.240604400634766,4734600,False,0.014459250574983358,0.011441487417069893,0.11439524401869465,45,48,16
WMT,1993-12-29,12.9375,13.1875,12.875,12.9375,8.161741256713867,5832000,False,-0.009616155308101709,0.011463904951404135,0.11461938090028902,45,48,16
WMT,1993-12-30,12.8125,12.9375,12.625,12.625,7.964596748352051,3907000,False,-0.024451221387842236,0.014298640117306676,0.14296186900616176,44,48,16
WMT,1993-12-31,12.6875,12.75,12.5,12.5,7.885744094848633,5621000,False,-0.00994972976264447,0.014001031336266533,0.13998629180293898,44,48,16
WMT,1994-01-03,12.6875,12.9375,12.6875,12.75,8.043452262878418,5326600,True,0.019801792596828426,0.0185167124220481,0.18513535510985626,42,40,13
WMT,1994-01-04,12.75,12.9375,12.6875,12.875,8.122308731079102,4402600,False,0.009756063286776572,0.017569914399918403,0.1756689993092674,42,40,13
WMT,1994-01-05,12.875,12.875,12.5,12.75,8.043452262878418,6289400,False,-0.009756063286776587,0.017583406917965005,0.17580390134062962,42,40,13
WMT,1994-01-06,12.6875,12.6875,12.125,12.3125,7.767451763153076,10871000,False,-0.03491622478199017,0.021065196203132946,0.21061582048885394,41,40,13
WMT,1994-01-07,12.125,12.3125,12.0625,12.1875,7.688603401184082,7957400,False,-0.010202997485010018,0.021080334398698275,0.21076717647191562,41,40,13
WMT,1994-01-10,12.3125,12.4375,12.1875,12.4375,7.846309185028076,4729800,True,0.020304099024300068,0.02122912987674766,0.21225487596411127,41,40,13
WMT,1994-01-11,12.4375,12.875,12.375,12.75,8.043452262878418,6768400,False,0.024815123242700056,0.02463450479575877,0.24630278255484214,40,40,13
WMT,1994-01-12,12.875,12.875,12.625,12.75,8.043452262878418,5123000,False,0.0,0.024245054595961303,0.24240894873630442,40,40,13
WMT,1994-01-13,12.6875,12.75,12.5,12.75,8.043452262878418,4206400,False,0.0,0.014902343656391995,0.1489978686232728,44,48,16
WMT,1994-01-14,12.75,12.875,12.5625,12.8125,8.082884788513184,4877200,False,0.0048904601336392135,0.01174488944493681,0.11742874375071562,45,48,16
WMT,1994-01-17,12.75,12.8125,12.5625,12.625,7.964596748352051,3646400,True,-0.014742522967823336,0.01425017798106523,0.14247733079020075,44,48,16
WMT,1994-01-18,12.6875,12.6875,12.5,12.5,7.885744094848633,3772400,False,-0.00994972976264447,0.008090635143726604,0.08089247034017673,46,48,16
WMT,1994-01-19,12.5,12.6875,12.4375,12.6875,8.004030227661133,5289800,False,0.014888608919272784,0.011801467142969457,0.11799442366072493,45,48,16
WMT,1994-01-20,12.6875,12.8125,12.5625,12.6875,8.004030227661133,3540400,False,0.0,0.011801467142969457,0.11799442366072493,45,48,16
WMT,1994-01-21,12.6875,12.6875,12.5,12.625,7.964596748352051,6368000,False,-0.004938879156628167,0.011390060491388226,0.11388106299501861,45,48,16
WMT,1994-01-24,12.625,12.625,12.3125,12.4375,7.846309185028076,3287400,True,-0.014963060408516084,0.011447432754286158,0.11445468719044638,45,48,16
WMT,1994-01-25,12.5,12.625,12.375,12.375,7.806885242462158,3246400,False,-0.005037186001610668,0.010898704573277285,0.10896834683291619,45,48,16
WMT,1994-01-26,12.4375,12.6875,12.4375,12.6875,8.004030227661133,3644000,False,0.02493912556675487,0.01496344655286578,0.14960879275381364,44,48,16
WMT,1994-01-27,12.75,13.0,12.5625,13.0,8.20116901397705,6555800,False,0.02433151350552964,0.018501601082998906,0.18498426764587825,42,40,13
WMT,1994-01-28,13.1875,13.3125,12.75,13.25,8.358888626098633,6687400,False,0.019048772008248376,0.01843336874557218,0.18430206133778484,42,40,13
WMT,1994-01-31,13.375,13.5,13.1875,13.25,8.358888626098633,5546000,True,0.0,0.014153475625737133,0.14151047314908355,44,48,16
WMT,1994-02-01,13.5625,13.75,13.375,13.5,8.516600608825684,7948000,False,0.01869179285176463,0.010149278873275954,0.10147537562205516,45,48,16
WMT,1994-02-02,13.5625,14.0,13.5,13.875,8.753178596496582,8351800,False,0.027399630925398537,0.010653213208521028,0.1065138543747174,45,48,16
WMT,1994-02-03,14.0,14.0625,13.625,14.0625,8.871459007263184,10506400,False,0.01342236807398781,0.010108452979620071,0.10106718673045369,45,48,16
WMT,1994-02-04,14.0,14.0,13.5625,13.6875,8.6348876953125,7055600,False,-0.027028564888773563,0.02121183741076061,0.21208198097291264,41,40,13
WMT,1994-02-07,13.5,13.6875,13.375,13.5,8.516600608825684,5195800,True,-0.013793434110612969,0.02308250625518583,0.23078545991192945,40,40,13
WMT,1994-02-08,13.5625,13.5625,13.3125,13.375,8.437742233276367,3626200,False,-0.009302506733655399,0.021914214503923616,0.21910454683665243,41,40,13
WMT,1994-02-09,13.375,13.625,13.375,13.5,8.516600608825684,3970200,False,0.009302506733655343,0.016762215078218904,0.16759339186143693,43,40,13
WMT,1994-02-10,13.625,13.75,13.375,13.4375,8.477169036865234,4004400,False,-0.00464071757472641,0.01324801822461221,0.1324574526304677,44,48,16
WMT,1994-02-11,13.4375,13.75,13.375,13.5625,8.556028366088867,2944600,False,0.009259552484789291,0.010650974196664342,0.10649146809762162,45,48,16
WMT,1994-02-14,13.5,13.75,13.4375,13.625,8.595462799072266,2826400,True,0.004598375976828823,0.008433600968802664,0.08432154016470977,46,48,16
WMT,1994-02-15,13.6875,13.75,13.5,13.5625,8.556028366088867,3131400,False,-0.004598375976828748,0.007023915858924265,0.07022710766168841,47,48,16
WMT,1994-02-16,13.6875,13.75,13.5625,13.6875,8.6348876953125,2789200,False,0.009174599200549928,0.006994412067026806,0.06993212036234905,47,48,16
WMT,1994-02-17,13.75,13.875,13.5625,13.875,8.753178596496582,4135400,False,0.013606196814785665,0.006928465041382991,0.06927276325117694,47,48,16
WMT,1994-02-18,13.875,14.0625,13.75,13.875,8.753178596496582,6260800,False,0.0,0.0072076184014471965,0.07206381790859327,47,48,16
WMT,1994-02-22,13.875,14.1875,13.8125,14.125,8.910889625549316,4894200,True,0.017857179664473692,0.00934819822341171,0.09346594353692657,46,48,16
WMT,1994-02-23,14.25,14.5625,14.0625,14.5,9.1474609375,11227800,False,0.026202265370549715,0.009762375141806237,0.097607002117821,46,48,16
WMT,1994-02-24,14.375,14.5,14.0625,14.0625,8.871459007263184,6288200,False,-0.030637076961035573,0.022265938047878173,0.22262117882435825,41,40,13
WMT,1994-02-25,14.25,14.375,14.0625,14.1875,8.95031452178955,3638000,False,0.00884940312004427,0.02192700183558861,0.21923239821408633,41,40,13
WMT,1994-02-28,14.3125,14.375,14.1875,14.1875,8.95031452178955,2997200,True,0.0,0.02192700183558861,0.21923239821408633,41,40,13
WMT,1994-03-01,14.1875,14.25,13.875,14.0,8.83202838897705,3968800,False,-0.013303969907471748,0.02159104291457433,0.21587338540843068,41,40,13
WMT,1994-03-02,13.6875,14.0,13.6875,13.8125,8.713747024536133,5413600,False,-0.013482807510466283,0.015031871730921057,0.15029292713733602,43,40,13
WMT,1994-03-03,14.0625,14.0625,13.875,13.875,8.753178596496582,4511400,False,0.004515006223906029,0.01026458642010789,0.10262825325729662,45,48,16
WMT,1994-03-04,13.9375,14.125,13.8125,14.0,8.83202838897705,4114800,False,0.008967801286560217,0.010297928574725274,0.10296161759835896,45,48,16
WMT,1994-03-07,14.125,14.3125,14.0625,14.1875,8.95031452178955,4197200,True,0.013303969907471755,0.012615308855506397,0.12613144447843413,44,48,16
WMT,1994-03-08,14.1875,14.4375,14.125,14.3125,9.0291748046875,4033400,False,0.00877230572892105,0.010476991617196535,0.10475194080473414,45,48,16
WMT,1994-03-09,14.3125,14.625,14.3125,14.5625,9.186891555786133,5929000,False,0.017316657627804117,0.004885016456534563,0.04884178334600853,48,48,16
WMT,1994-03-10,14.5625,14.5625,14.1875,14.1875,8.95031452178955,4143800,False,-0.026088963356725337,0.017433191797682306,0.17430200786178002,43,40,13
WMT,1994-03-11,14.25,14.3125,14.0625,14.125,8.910889625549316,2966000,False,-0.004414591529558319,0.017593564251676262,0.1759054572508118,42,40,13
WMT,1994-03-14,14.125,14.1875,14.0,14.0,8.83202838897705,3075800,True,-0.00888937837791348,0.016737417150561193,0.16734545513064705,43,40,13
WMT,1994-03-15,13.9375,14.0625,13.8125,13.875,8.766327857971191,3591400,False,-0.0074667014721462935,0.015493582851722323,0.15490924618789984,43,40,13
WMT,1994-03-16,13.75,13.8125,13.5,13.75,8.687346458435059,4581800,False,-0.009050465503543671,0.008538418622398264,0.0853695368650904,46,48,16
WMT,1994-03-17,13.6875,13.75,13.5,13.625,8.608368873596191,4635400,False,-0.009132681968319876,0.0020061220261505734,0.020057778359340663,49,48,16
WMT,1994-03-18,13.5625,13.625,13.3125,13.375,8.450418472290039,15885600,False,-0.01851889142642887,0.004472304529719465,0.04471537216742336,48,48,16
WMT,1994-03-21,13.375,13.5,13.3125,13.375,8.450418472290039,2574400,True,0.0,0.006592462573293208,0.06591331504947993,47,48,16
WMT,1994-03-22,13.5,14.0,13.4375,13.8125,8.72684097290039,4881600,False,0.03218748209975384,0.01962284322373872,0.1961947653389153,42,40,13
WMT,1994-03-23,13.8125,14.0625,13.625,13.6875,8.64786148071289,5746400,False,-0.009091382875787818,0.01962709859563023,0.19623731175689182,42,40,13
WMT,1994-03-24,13.5625,13.875,13.5,13.6875,8.64786148071289,4642200,False,0.0,0.019088258301477205,0.19084983330327948,42,40,13
WMT,1994-03-25,13.625,14.0,13.5625,13.625,8.608368873596191,3402200,False,-0.0045772077975371785,0.016363436449942488,0.16360628976288796,43,40,13
WMT,1994-03-28,13.625,13.625,13.375,13.5625,8.56888484954834,3096000,True,-0.004597253347315079,0.016748211954685118,0.16745338465124837,43,40,13
WMT,1994-03-29,13.5,13.625,13.3125,13.3125,8.410927772521973,2891200,False,-0.01860581589052213,0.007053568887211251,0.07052358706887826,47,48,16
WMT,1994-03-30,13.375,13.4375,13.0,13.0,8.21348762512207,5758600,False,-0.023754150332377655,0.010263554107886121,0.10261793190621629,45,48,16
WMT,1994-03-31,13.0,13.0625,12.1875,12.9375,8.174003601074219,7398400,False,-0.004818809652735599,0.009227744503104368,0.09226161299621731,46,48,16
WMT,1994-04-04,12.5625,12.75,12.375,12.6875,8.016053199768066,7056400,True,-0.01951264467615486,0.008931965136144231,0.08930432679507014,46,48,16
WMT,1994-04-05,12.6875,13.125,12.6875,13.125,8.292468070983887,9014000,False,0.03390146046491663,0.023710087499031605,0.23706019560968358,40,40,13
WMT,1994-04-06,13.125,13.1875,12.875,12.9375,8.174003601074219,5424000,False,-0.014388815788761763,0.023244828025473917,0.2324083991194619,40,40,13
WMT,1994-04-07,13.3125,13.5,13.125,13.3125,8.410927772521973,9398800,False,0.02857295998511319,0.024818709580136607,0.24814451435860005,40,40,13
WMT,1994-04-08,13.3125,13.3125,12.8125,12.875,8.134515762329102,4400800,False,-0.03341557200082434,0.03027133404700447,0.302661403963273,37,40,13
WMT,1994-04-11,12.9375,13.0,12.75,12.875,8.134515762329102,3638600,True,0.0,0.028488241277142317,0.28483353551567664,38,40,13
WMT,1994-04-12,12.875,13.0,12.75,12.875,8.134515762329102,3463600,False,0.0,0.02272709259439247,0.2272319330869665,40,40,13
WMT,1994-04-13,12.875,12.9375,12.5,12.6875,8.016053199768066,3926400,False,-0.014670032660443639,0.02276002906555743,0.2275612412895354,40,40,13
WMT,1994-04-14,12.625,12.6875,12.375,12.4375,7.858097076416016,4154600,False,-0.0199017061256099,0.014172449783864083,0.14170018217640315,44,48,16
WMT,1994-04-15,12.5,12.625,12.25,12.3125,7.779122829437256,7363200,False,-0.010100889917558609,0.008862660309369698,0.0886113974335679,46,48,16
WMT,1994-04-18,12.3125,12.375,12.0625,12.1875,7.700149059295654,4689000,True,-0.010203897952578143,0.007333973001593002,0.07332714712355173,47,48,16
WMT,1994-04-19,12.125,12.3125,12.0,12.0,7.581686496734619,5563000,False,-0.015504019143058304,0.004096511922055849,0.04095809083790281,48,48,16
WMT,1994-04-20,12.0625,12.0625,11.75,12.0,7.581686496734619,7902400,False,0.0,0.007447613242071855,0.07446335455585872,47,48,16
WMT,1994-04-21,12.0625,12.875,12.0625,12.8125,8.0950288772583,6525400,False,0.06551448653959296,0.033771972800915484,0.3376617854589077,36,32,10
WMT,1994-04-22,12.875,12.9375,12.5,12.6875,8.016053199768066,4260600,False,-0.009803973400788066,0.03373695610950596,0.3373116786229255,36,32,10
WMT,1994-04-25,12.5625,12.8125,12.5,12.6875,8.016053199768066,2793800,True,0.0,0.03280749921394576,0.3280187043358728,36,32,10
WMT,1994-04-26,12.625,12.8125,12.5625,12.6875,8.016053199768066,3457200,False,0.0,0.030690118874615417,0.306848533730545,37,40,13
WMT,1994-04-28,12.75,12.875,12.625,12.875,8.134515762329102,4780600,True,0.014670032660443559,0.030053250464169234,0.30048094230077205,37,40,13
WMT,1994-04-29,12.8125,12.8125,12.5625,12.625,7.97656774520874,3303400,False,-0.01960800185612141,0.012770439647756987,0.12768248624314765,44,48,16
WMT,1994-05-02,12.625,12.8125,12.5,12.625,7.97656774520874,4014400,True,0.0,0.012194331542694978,0.12192239362080276,45,48,16
WMT,1994-05-03,12.5625,12.625,12.375,12.5,7.897590160369873,3835800,False,-0.009950541875678027,0.012790263154870956,0.12788068730310997,44,48,16
WMT,1994-05-04,12.4375,12.5,12.375,12.5,7.897590160369873,3874600,False,0.0,0.012790263154870956,0.12788068730310997,44,48,16
WMT,1994-05-05,12.5625,12.8125,12.5625,12.625,7.97656774520874,3696200,False,0.009950541875677949,0.011242837238337368,0.1124090830553429,45,48,16
WMT,1994-05-06,12.5,12.5625,12.3125,12.375,7.818609237670898,4277000,False,-0.020001519926981022,0.011380632745489025,0.11378680171120369,45,48,16
WMT,1994-05-09,12.3125,12.375,12.1875,12.25,7.739634037017822,3010600,True,-0.01015228745067674,0.011394141995298075,0.11392187103148368,45,48,16
WMT,1994-05-10,12.3125,12.375,12.125,12.25,7.739634037017822,3988400,False,0.0,0.01140732918019728,0.11405372025523178,45,48,16
WMT,1994-05-11,12.1875,12.25,11.8125,12.0,7.581686496734619,6081200,False,-0.02061873656546936,0.013171827421503381,0.13169567531988732,44,48,16
WMT,1994-05-12,12.125,12.25,11.9375,12.0625,7.621177196502685,3335200,False,0.005195177617271133,0.011616719025412876,0.11614725945737592,45,48,16
WMT,1994-05-13,12.0,12.0625,11.8125,12.0,7.581686496734619,3752000,False,-0.0051951776172710525,0.009909714869598204,0.09908014660507217,46,48,16
WMT,1994-05-16,11.9375,12.0625,11.25,11.375,7.18680477142334,11114800,True,-0.0534889938883715,0.023673790164930465,0.23669728454398306,40,40,13
WMT,1994-05-17,11.4375,11.8125,11.1875,11.8125,7.4632248878479,17788400,False,0.037740937410319426,0.03354122141131733,0.33535466746292475,36,32,10
WMT,1994-05-18,11.875,12.25,11.75,12.0625,7.621177196502685,7907400,False,0.02094323409532316,0.034542190307746856,0.34536263906558057,36,32,10
WMT,1994-05-19,12.0625,12.125,11.8125,11.875,7.502709865570068,4432600,False,-0.015666574803651957,0.03516892449844444,0.3516289056851413,35,32,10
WMT,1994-05-20,11.8125,11.9375,11.625,11.625,7.344756126403809,6715000,False,-0.021277664286257072,0.036127032333315934,0.3612083402089103,35,32,10
WMT,1994-05-23,11.625,11.6875,11.5,11.5,7.265783309936523,5032200,True,-0.010810495521857196,0.025759242369501584,0.25754822858079723,39,40,13
WMT,1994-05-24,11.5,11.8125,11.5,11.6875,7.3842387199401855,4567400,False,0.016171715145849034,0.019316766005006616,0.19313451828806558,42,40,13
WMT,1994-05-25,11.625,11.8125,11.5,11.75,7.423732757568359,6140000,False,0.00533417171056092,0.015550118439136106,0.15547450506396965,43,40,13
WMT,1994-05-26,11.8125,12.0625,11.6875,11.8125,7.4632248878479,5888400,False,0.005305613660033003,0.01485062691569325,0.1484807899466614,44,48,16
WMT,1994-05-27,11.8125,12.0,11.75,11.875,7.502709865570068,2690600,False,0.005276659291671164,0.00964740175019318,0.09645746546145846,46,48,16
WMT,1994-05-31,11.8125,11.875,11.6875,11.75,7.423732757568359,4963200,True,-0.010582272951704193,0.009558429461925049,0.09556789522847026,46,48,16
WMT,1994-06-01,11.8125,11.8125,11.4375,11.4375,7.226290225982666,9047800,False,-0.026956201695184385,0.01440108443791914,0.14398613644863675,44,48,16
WMT,1994-06-02,11.3125,11.375,11.1875,11.375,7.18680477142334,12681200,False,-0.0054791220551020274,0.013362491472244938,0.13360198870512366,44,48,16
WMT,1994-06-03,11.4375,11.9375,11.4375,11.9375,7.5421929359436035,6579400,False,0.04826630605392013,0.02830178813036767,0.2829693239454644,38,40,13
WMT,1994-06-06,12.375,12.4375,11.8125,11.875,7.502709865570068,6640000,True,-0.00524870935192943,0.028398183652754403,0.28393311378360103,38,40,13
WMT,1994-06-07,11.875,12.125,11.875,12.0,7.59511661529541,4145000,False,0.012241219456225035,0.028104750180860907,0.2809992825082697,38,40,13
WMT,1994-06-08,12.3125,12.375,12.1875,12.3125,7.792905807495117,5758600,False,0.025708317829938175,0.022684152500953802,0.22680260582486825,40,40,13
WMT,1994-06-09,12.375,12.75,12.3125,12.75,8.069809913635254,5538400,False,0.03491611933332669,0.020623409142266916,0.2061987078539467,41,40,13
WMT,1994-06-10,12.6875,12.6875,12.1875,12.25,7.753345966339111,4227200,False,-0.04000543952686233,0.029603232586895185,0.29598153562339063,38,40,13
WMT,1994-06-13,12.3125,12.8125,12.125,12.3125,7.792905807495117,3156000,True,0.00508932019353567,0.029018112207906892,0.290131335724135,38,40,13
WMT,1994-06-14,12.4375,12.5625,12.3125,12.4375,7.872021675109863,3027400,False,0.010101105210919089,0.028948051478002182,0.2894308486282335,38,40,13
WMT,1994-06-15,12.375,12.375,12.1875,12.3125,7.792905807495117,4260600,False,-0.010101105210919054,0.02761130390815058,0.27606566638659336,38,40,13
WMT,1994-06-16,12.3125,12.5,12.25,12.4375,7.872021675109863,3598600,False,0.010101105210919089,0.021267794702536102,0.21264145788478095,41,40,13
WMT,1994-06-17,12.5,12.5,12.0625,12.0625,7.634675979614258,11156000,False,-0.03061441423930286,0.017476131096288424,0.17473132717691645,43,40,13
WMT,1994-06-20,12.0625,12.3125,12.0625,12.25,7.753345966339111,3109400,True,0.015423988834847984,0.01920975360482834,0.19206457788738338,42,40,13
WMT,1994-06-21,12.1875,12.25,11.9375,11.9375,7.555558204650879,4498000,False,-0.025841009330157642,0.020677575291136084,0.20674027640981443,41,40,13
WMT,1994-06-22,12.0,12.125,12.0,12.125,7.674232959747314,2051600,False,0.015584869925463346,0.023133976230935403,0.23130007136242356,40,40,13
WMT,1994-06-23,12.125,12.25,12.0,12.125,7.674232959747314,1971600,False,0.0,0.022114939478047498,0.22111145219419273,41,40,13
WMT,1994-06-24,12.0625,12.125,11.75,11.75,7.436880588531494,3541800,False,-0.03141686319150747,0.022348168344841934,0.22344334071153255,41,40,13
WMT,1994-06-27,11.75,12.125,11.625,12.0,7.59511661529541,2971000,True,0.02105400495979941,0.023748198556575187,0.2374412407980045,40,40,13
WMT,1994-06-28,12.125,12.25,12.0625,12.125,7.674232959747314,3453000,False,0.010362858231708029,0.02080859068297599,0.20805020554519685,41,40,13
WMT,1994-06-29,12.25,12.4375,12.1875,12.3125,7.792905807495117,4295600,False,0.015345459598230214,0.020772973743523,0.2076940972586252,41,40,13
WMT,1994-06-30,12.25,12.375,12.0625,12.125,7.674232959747314,3459600,False,-0.015345459598230155,0.022408957522235824,0.22405112818952208,41,40,13
WMT,1994-07-01,12.375,12.375,12.1875,12.3125,7.792905807495117,3406400,False,0.015345459598230214,0.014315781325884562,0.143133251682781,44,48,16
WMT,1994-07-05,12.25,12.3125,12.0,12.125,7.674232959747314,3211600,True,-0.015345459598230155,0.016029999888553168,0.16027249622587125,43,40,13
WMT,1994-07-06,12.0625,12.125,11.9375,11.9375,7.555558204650879,2278600,False,-0.015584869925463278,0.016854102301802964,0.16851210644643194,43,40,13
WMT,1994-07-07,12.125,12.375,12.0625,12.375,7.832462787628174,4417200,False,0.03599351435656024,0.023662964042158383,0.23658904189063354,40,40,13
WMT,1994-07-08,12.3125,12.4375,12.125,12.1875,7.713792324066162,4187000,False,-0.015267055339805477,0.023649436029022492,0.23645378496927738,40,40,13
WMT,1994-07-11,12.1875,12.25,11.9375,12.0625,7.634675979614258,3096200,True,-0.010309438521445188,0.02252283679139791,0.22518972549856003,40,40,13
WMT,1994-07-12,12.1875,12.375,12.0,12.375,7.832462787628174,4636000,False,0.025576493861250618,0.02474188368150897,0.24737638718246455,40,40,13
WMT,1994-07-13,12.3125,12.625,12.3125,12.5,7.911581516265869,6072600,False,0.010050707827754407,0.022170139060647773,0.22166335331431003,41,40,13
WMT,1994-07-14,12.5,12.75,12.4375,12.5,7.911581516265869,6994200,False,0.0,0.01638854723489742,0.163857354529881,43,40,13
WMT,1994-07-15,12.5625,12.6875,12.5,12.625,7.990696907043457,6097200,False,0.00995027774327484,0.013338847157190935,0.1333655861211185,44,48,16
WMT,1994-07-18,12.6875,13.0,12.625,12.9375,8.188486099243164,4581600,True,0.024451054928349345,0.01085399414284212,0.10852131923821895,45,48,16
WMT,1994-07-19,13.0,13.125,12.75,12.875,8.14892292022705,4429800,False,-0.004843271819416076,0.011264603996197197,0.11262671328872988,45,48,16
WMT,1994-07-20,12.875,12.9375,12.75,12.75,8.069809913635254,3069000,False,-0.009755834179502824,0.01357451712302091,0.13572188144062178,44,48,16
WMT,1994-07-21,12.75,12.9375,12.625,12.875,8.14892292022705,3588600,False,0.009755834179502852,0.013564072074800967,0.13561744887898433,44,48,16
WMT,1994-07-22,12.875,12.9375,12.6875,12.6875,8.030250549316406,3766600,False,-0.014670032361665508,0.015984348149875545,0.15981605716375133,43,40,13
WMT,1994-07-25,12.75,12.8125,12.5,12.5,7.911581516265869,3349000,True,-0.014888028490542729,0.010173283478103853,0.10171538048565035,45,48,16
WMT,1994-07-26,12.4375,12.625,12.375,12.5625,7.951139450073242,2440000,False,0.004987544809439763,0.011525508604916631,0.11523531174206848,45,48,16
WMT,1994-07-27,12.5,12.625,12.4375,12.4375,7.872021675109863,4531200,False,-0.010000332259141983,0.011551675264932787,0.11549693344810964,45,48,16
WMT,1994-07-28,12.5,12.5625,12.375,12.375,7.832462787628174,1594600,False,-0.005037920378052268,0.008266728809117515,0.0826531048703066,46,48,16
WMT,1994-07-29,12.4375,12.5625,12.375,12.5,7.911581516265869,3416800,False,0.010050707827754407,0.01035135657730504,0.10349580595776976,45,48,16
WMT,1994-08-01,12.5,12.625,12.5,12.625,7.990696907043457,2920200,True,0.00995027774327484,0.009089637504165792,0.09088077995691358,46,48,16
WMT,1994-08-02,12.6875,12.75,12.5,12.5,7.911581516265869,3147600,False,-0.00995027774327485,0.010240177593175762,0.10238420686618273,45,48,16
WMT,1994-08-03,12.5,12.5625,12.375,12.5,7.911581516265869,2706800,False,0.0,0.008935712287052687,0.08934179187517048,46,48,16
WMT,1994-08-04,12.4375,12.5,12.125,12.1875,7.713792324066162,5212400,False,-0.02531776316755995,0.014944943277196103,0.14942379174317408,44,48,16
WMT,1994-08-05,12.125,12.25,12.0,12.25,7.753345966339111,3627600,False,0.005114550313402886,0.013995801594831417,0.13993400336125156,44,48,16
WMT,1994-08-08,12.3125,12.375,12.125,12.1875,7.713792324066162,2251200,True,-0.005114550313402949,0.01165705223090266,0.11655052231262114,45,48,16
WMT,1994-08-09,12.125,12.1875,12.0,12.0625,7.634675979614258,2190400,False,-0.010309438521445188,0.011680447382431153,0.11678443368886088,45,48,16
WMT,1994-08-10,12.0625,12.1875,12.0,12.0625,7.634675979614258,6950400,False,0.0,0.011680447382431153,0.11678443368886088,45,48,16
WMT,1994-08-11,12.125,12.125,12.0,12.0625,7.634675979614258,3010200,False,0.0,0.005859711339277717,0.058587059890107616,47,48,16
WMT,1994-08-12,12.0625,12.0625,11.875,12.0,7.59511661529541,4878200,False,-0.005195008801554355,0.004312848573681692,0.043121086185518506,48,48,16
WMT,1994-08-15,12.0,12.0,11.8125,11.875,7.515998840332031,4210200,True,-0.010471562891168512,0.0051955665506776254,0.05194675147685861,47,48,16
WMT,1994-08-16,12.0,12.375,11.875,12.125,7.674232959747314,9635200,False,0.020834421122876545,0.011888792157014496,0.11886752397770944,45,48,16
WMT,1994-08-17,12.1875,12.3125,12.0625,12.1875,7.713792324066162,5476400,False,0.005141589091291519,0.011998894565912131,0.11996835916405943,45,48,16
WMT,1994-08-18,12.125,12.1875,12.0625,12.0625,7.634675979614258,3377200,False,-0.010309438521445188,0.013261177458736936,0.13258902239442613,44,48,16
WMT,1994-08-19,12.1875,12.25,12.0,12.0625,7.634675979614258,6587800,False,0.0,0.012952312251395296,0.12950090024083116,44,48,16
WMT,1994-08-22,12.0625,12.1875,12.0,12.0,7.59511661529541,3252800,True,-0.005195008801554355,0.011956702671598214,0.119546512609524,45,48,16
WMT,1994-08-23,12.125,12.1875,11.8125,12.0625,7.634675979614258,3841600,False,0.005195008801554507,0.006733412217462053,0.06732256966396191,47,48,16
WMT,1994-08-24,12.0625,12.375,12.0,12.3125,7.792905807495117,7002000,False,0.02051330902838395,0.011834618795650266,0.11832588330926556,45,48,16
WMT,1994-08-25,12.375,12.375,12.0,12.0625,7.634675979614258,4620400,False,-0.020513309028383834,0.01496302047953908,0.14960453275156038,44,48,16
WMT,1994-08-26,12.1875,12.375,12.125,12.375,7.832462787628174,5266000,False,0.025576493861250618,0.018834101770937323,0.18830870405406336,42,40,13
WMT,1994-08-29,12.4375,12.5,12.25,12.25,7.753345966339111,3818600,True,-0.01015250502640257,0.01962639545915095,0.19623028159846978,42,40,13
WMT,1994-08-30,12.3125,12.4375,12.25,12.3125,7.80628776550293,3336400,False,0.0068050449491660675,0.01966154075409461,0.1965816742491483,42,40,13
WMT,1994-08-31,12.3125,12.5625,12.25,12.3125,7.80628776550293,5657000,False,0.0,0.017491041552123644,0.17488040615340994,43,40,13
WMT,1994-09-01,12.375,12.375,12.1875,12.3125,7.80628776550293,2776000,False,0.0,0.013273215932016457,0.1327093864728211,44,48,16
WMT,1994-09-02,12.4375,12.4375,12.125,12.25,7.766660213470459,3615400,False,-0.005089291715139007,0.006345217275079445,0.06344128626592849,47,48,16
WMT,1994-09-06,12.3125,12.375,12.1875,12.375,7.845912933349609,2304400,True,0.01015250975868221,0.006064483655458351,0.06063443172419349,47,48,16
WMT,1994-09-07,12.375,12.4375,12.1875,12.1875,7.72703742980957,3673800,False,-0.0152672178098609,0.009236313685251619,0.09234729011554997,46,48,16
WMT,1994-09-08,12.25,12.5625,12.1875,12.5625,7.964791297912598,7653600,False,0.0303052076539241,0.01731802661574767,0.1731505536312562,43,40,13
WMT,1994-09-09,12.4375,12.5625,12.3125,12.4375,7.885539531707764,5785600,False,-0.010000097474292423,0.018439518420650853,0.18436354753757833,42,40,13
WMT,1994-09-12,12.5,12.6875,12.5,12.5625,7.964791297912598,4332800,True,0.01000009747429251,0.018218525255525406,0.18215399504414356,42,40,13
WMT,1994-09-13,12.6875,13.0,12.625,13.0,8.242169380187988,10919200,False,0.03423284294313012,0.022571342410522565,0.22567469846874957,40,40,13
WMT,1994-09-14,12.9375,13.0,12.625,12.6875,8.044042587280273,10397200,False,-0.02433181737762137,0.02529340894811348,0.2528906935969933,39,40,13
WMT,1994-09-15,12.75,12.75,12.5625,12.625,8.004415512084961,7915000,False,-0.004938437759678121,0.022267641791497293,0.2226382133374377,41,40,13
WMT,1994-09-16,12.5625,12.6875,12.375,12.4375,7.885539531707764,11446800,False,-0.014962685280123072,0.0229793219039451,0.2297537934328418,40,40,13
WMT,1994-09-19,12.4375,12.4375,12.0625,12.125,7.687408447265625,7197400,True,-0.02544691938508145,0.02453794254063619,0.24533732567541028,40,40,13
WMT,1994-09-20,12.0,12.0625,11.75,11.75,7.449654579162598,9833200,False,-0.031416057659445204,0.010377197776301543,0.10375417361200764,45,48,16
WMT,1994-09-21,11.75,11.9375,11.6875,11.9375,7.568531513214111,8292000,False,0.015831394841439327,0.01864710870572738,0.18643909422583585,42,40,13
WMT,1994-09-22,12.0,12.0625,11.875,11.9375,7.568531513214111,3859600,False,0.0,0.01924810250566095,0.19244800110052698,42,40,13
WMT,1994-09-23,11.9375,12.0625,11.5,11.8125,7.489279747009277,2962800,False,-0.010526429987689044,0.01913313520930932,0.19129852538632108,42,40,13
WMT,1994-09-26,11.9375,11.9375,11.75,11.8125,7.489279747009277,3748800,True,0.0,0.017407251623040215,0.17404265062089871,43,40,13
WMT,1994-09-27,11.8125,11.875,11.6875,11.8125,7.489279747009277,3709800,False,0.0,0.009431466753524898,0.09429848597429925,46,48,16
WMT,1994-09-28,11.75,12.0,11.6875,11.8125,7.489279747009277,5562200,False,0.0,0.00470756260257335,0.04706754926385023,48,48,16
WMT,1994-09-29,11.8125,11.875,11.6875,11.75,7.449654579162598,3061600,False,-0.005304964853750164,0.004712265056746767,0.047114565737587044,48,48,16
WMT,1994-09-30,11.75,11.8125,11.6875,11.6875,7.410028457641602,3931600,False,-0.005333386365410158,0.0029134497974840244,0.029129499371048913,48,48,16
WMT,1994-10-03,11.8125,11.8125,11.5625,11.625,7.370404243469238,3676200,True,-0.005361725180896587,0.0029212698512893656,0.02920768649224145,48,48,16
WMT,1994-10-04,11.6875,11.75,11.375,11.375,7.211899280548096,6782000,False,-0.021740214850505396,0.008262971380629638,0.08261553703204527,46,48,16
WMT,1994-10-05,11.375,11.6875,11.25,11.625,7.370404243469238,7793800,False,0.021740214850505497,0.015647756657652914,0.15645071973131414,43,40,13
WMT,1994-10-06,11.6875,11.6875,11.375,11.4375,7.25152587890625,4925000,False,-0.0162606417794429,0.016744797207924923,0.16741924304232508,43,40,13
WMT,1994-10-07,11.5,11.5625,11.3125,11.5,7.291154384613037,4911200,False,0.005449972505270066,0.017434329520469378,0.17431338313766054,43,40,13
WMT,1994-10-10,11.375,11.6875,11.375,11.6875,7.410028457641602,3114800,True,0.01617239445506961,0.019333786992640167,0.19330469896150443,42,40,13
WMT,1994-10-11,11.875,12.0625,11.8125,11.875,7.528901100158691,5731200,False,0.015914815190084232,0.015095421922900754,0.1509283200241128,43,40,13
WMT,1994-10-12,11.9375,12.0,11.8125,11.8125,7.489279747009277,3237400,False,-0.005276463970923833,0.014014090582404978,0.1401168618585839,44,48,16
WMT,1994-10-13,12.0,12.125,11.9375,12.125,7.687408447265625,6426800,False,0.026111092805694926,0.011965643121651794,0.11963590177093586,45,48,16
WMT,1994-10-14,12.1875,12.1875,12.0,12.0625,7.647780895233154,2929000,False,-0.00516819706005164,0.014098635852175159,0.14096216950202517,44,48,16
WMT,1994-10-17,12.0,12.0625,11.75,11.875,7.528901100158691,2767000,True,-0.015666431774719495,0.01720757579509084,0.17204623492508408,43,40,13
WMT,1994-10-18,11.875,11.875,11.75,11.875,7.528901100158691,2744200,False,0.0,0.01566666512812756,0.15663977199481094,43,40,13
WMT,1994-10-19,11.8125,12.0625,11.6875,11.9375,7.568531513214111,5391200,False,0.005249966016765121,0.015486587022574912,0.15483929989916492,43,40,13
WMT,1994-10-20,11.8125,11.9375,11.75,11.75,7.449654579162598,3600800,False,-0.015831394841439278,0.00939346601944534,0.0939185438313367,46,48,16
WMT,1994-10-21,11.8125,11.875,11.6875,11.8125,7.489279747009277,4650800,False,0.005304964853750205,0.010770955923357473,0.10769107951198788,45,48,16
WMT,1994-10-24,11.75,11.875,11.6875,11.6875,7.410028457641602,3180400,True,-0.010638351219160375,0.009602813468686914,0.09601165914647937,46,48,16
WMT,1994-10-25,11.6875,11.75,11.5625,11.625,7.370404243469238,2974600,False,-0.005361725180896587,0.009456773200309269,0.09455150702388981,46,48,16
WMT,1994-10-26,11.6875,11.75,11.5625,11.625,7.370404243469238,3088200,False,0.0,0.008366110507203015,0.08364675134205131,46,48,16
WMT,1994-10-27,11.6875,11.75,11.625,11.75,7.449654579162598,2520200,False,0.010695111546306785,0.00843283280791746,0.08431385987379082,46,48,16
WMT,1994-10-28,11.75,12.0,11.75,11.9375,7.568531513214111,3816400,False,0.015831394841439327,0.011008859404293896,0.11006970615051534,45,48,16
WMT,1994-10-31,11.9375,12.0,11.75,11.75,7.449654579162598,3015800,True,-0.015831394841439278,0.012636362521805618,0.1263419450196657,44,48,16
WMT,1994-11-01,11.75,11.875,11.6875,11.8125,7.489279747009277,3547600,False,0.005304964853750205,0.012171623755451213,0.12169535470809989,45,48,16
WMT,1994-11-02,11.875,12.0625,11.75,11.9375,7.568531513214111,5834600,False,0.010526429987689018,0.012388188007094536,0.12386062566539718,45,48,16
WMT,1994-11-03,11.8125,11.875,11.6875,11.75,7.449654579162598,6017000,False,-0.015831394841439278,0.014923534838150032,0.14920974408315738,44,48,16
WMT,1994-11-04,11.8125,12.0625,11.75,11.875,7.528901100158691,6227800,False,0.010581428824674166,0.0136626197430486,0.13660275648329476,44,48,16
WMT,1994-11-07,11.875,12.0625,11.75,11.9375,7.568531513214111,3435200,True,0.005249966016765121,0.010942847088789735,0.10940969625275751,45,48,16
WMT,1994-11-08,12.0,12.0625,11.875,11.9375,7.568531513214111,3423400,False,0.0,0.010940822916981336,0.1093894580075437,45,48,16
WMT,1994-11-09,12.0625,12.1875,11.9375,12.0,7.608156681060791,8368800,False,0.005221858336989609,0.010148597013475194,0.10146855819391395,45,48,16
WMT,1994-11-10,12.0625,12.25,12.0,12.0625,7.647780895233154,3848600,False,0.005194607420964797,0.0037413397563354008,0.03740697854933605,48,48,16
WMT,1994-11-11,12.0625,12.125,11.8125,11.8125,7.489279747009277,3450000,False,-0.020942895745643352,0.011345159339254873,0.11343212851056057,45,48,16
WMT,1994-11-14,11.875,12.0625,11.6875,11.75,7.449654579162598,7363600,True,-0.005304964853750164,0.010849800373011993,0.10847938873516565,45,48,16
WMT,1994-11-15,11.8125,11.875,11.625,11.75,7.449654579162598,5119800,False,0.0,0.010849800373011993,0.10847938873516565,45,48,16
WMT,1994-11-16,11.6875,11.8125,11.625,11.6875,7.410028457641602,5552000,False,-0.005333386365410158,0.009784241685100212,0.09782563003434762,46,48,16
WMT,1994-11-17,11.75,11.75,11.25,11.3125,7.172272682189941,13023600,False,-0.03261170433452678,0.01355146490913536,0.1354913988524336,44,48,16
WMT,1994-11-18,11.3125,11.5625,11.3125,11.375,7.211899280548096,11739600,False,0.005509764303124725,0.014710561747987405,0.14708037857931378,44,48,16
WMT,1994-11-21,11.5,11.6875,11.4375,11.625,7.370404243469238,6306800,True,0.021740214850505497,0.019824767539304764,0.19821366205316795,42,40,13
WMT,1994-11-22,11.6875,11.9375,11.6875,11.75,7.449654579162598,6558600,False,0.010695111546306785,0.02067213175470434,0.20668585038496867,41,40,13
WMT,1994-11-23,11.625,11.75,11.5,11.75,7.449654579162598,5923400,False,0.0,0.020464689791126395,0.20461178665722185,41,40,13
WMT,1994-11-25,11.75,11.9375,11.6875,11.8125,7.489279747009277,2472400,True,0.005304964853750205,0.008237248424537975,0.08235835160398652,46,48,16
WMT,1994-11-28,11.875,11.9375,11.8125,11.875,7.528901100158691,5773200,True,0.0052764639709237775,0.008260112452518965,0.08258695265599951,46,48,16
WMT,1994-11-29,11.8125,11.9375,11.75,11.8125,7.502546787261963,4296800,False,-0.003506560392374275,0.005466046634023928,0.054651088247830756,47,48,16
WMT,1994-11-30,11.875,11.875,11.5,11.625,7.383461475372314,5672800,False,-0.015999971282465174,0.00877991000500385,0.08778403636454907,46,48,16
WMT,1994-12-01,11.5625,11.625,11.1875,11.25,7.1452836990356445,9975200,False,-0.032790046706554395,0.016212920722923314,0.16210139073242438,43,40,13
WMT,1994-12-02,11.1875,11.25,11.0,11.25,7.1452836990356445,9522200,False,0.0,0.015240940342091931,0.15238325455017399,43,40,13
WMT,1994-12-05,11.375,11.5,11.1875,11.25,7.1452836990356445,3544200,True,0.0,0.014111128478640966,0.1410870743330927,44,48,16
WMT,1994-12-06,11.25,11.25,11.0,11.1875,7.105589389801025,5183200,False,-0.0055708042086621045,0.013885246717176015,0.13882864426362423,44,48,16
WMT,1994-12-07,11.125,11.3125,11.0625,11.1875,7.105589389801025,5453200,False,0.0,0.014247017634941888,0.14244573275117098,44,48,16
WMT,1994-12-08,11.1875,11.1875,10.625,10.6875,6.78801965713501,8212000,False,-0.045722469104826136,0.01997109200275859,0.19967665563892606,42,40,13
WMT,1994-12-09,10.75,10.8125,10.5625,10.75,6.827717304229736,15024400,False,0.005831158414993143,0.02086995250848086,0.20866371852180418,41,40,13
WMT,1994-12-12,10.875,11.1875,10.8125,11.125,7.065891742706299,7676000,True,0.034288826297589,0.028750372094410316,0.2874543939506958,38,40,13
WMT,1994-12-13,11.125,11.25,11.0,11.1875,7.105589389801025,5249200,False,0.005602484392244138,0.0288602582703885,0.2885530671788419,38,40,13
WMT,1994-12-14,11.25,11.4375,11.125,11.3125,7.184979438781738,7031600,False,0.01111094550217563,0.029284895926466794,0.2927987151890936,38,40,13
WMT,1994-12-15,11.25,11.3125,11.125,11.3125,7.184979438781738,5167600,False,0.0,0.013402980596367192,0.13400681047918409,44,48,16
WMT,1994-12-16,11.375,11.5,11.125,11.5,7.30406904220581,18969200,False,0.016438938064577482,0.01314477366031846,0.13142518412415738,44,48,16
WMT,1994-12-19,11.375,11.4375,11.25,11.3125,7.184979438781738,3739400,True,-0.016438938064577566,0.012643679873088464,0.12641510597811967,44,48,16
WMT,1994-12-20,11.3125,11.3125,11.0625,11.0625,7.026193141937256,5754800,False,-0.02234761477339515,0.016867823052577623,0.16864929041349597,43,40,13
WMT,1994-12-21,11.0625,11.375,11.0625,11.25,7.1452836990356445,5737400,False,0.01680747347988176,0.018140050903378308,0.181369386161064,42,40,13
WMT,1994-12-22,11.3125,11.4375,11.0625,11.0625,7.026193141937256,4958000,False,-0.016807473479881773,0.01939711581514089,0.19393787853329494,42,40,13
WMT,1994-12-23,11.125,11.1875,10.9375,11.0,6.986498832702637,4754600,False,-0.0056654946075311375,0.015584750760225925,0.15582076885621865,43,40,13
WMT,1994-12-27,11.0,11.0,10.5,10.625,6.748323440551758,6214600,True,-0.03468545360365705,0.019450930417251176,0.1944759322247224,42,40,13
WMT,1994-12-28,10.625,10.9375,10.625,10.75,6.827717304229736,7498000,False,0.011696306792574846,0.021051999596317737,0.21048387706211097,41,40,13
WMT,1994-12-29,10.8125,10.875,10.75,10.875,6.907108783721924,4822600,False,0.011560738113294134,0.019737421781606382,0.1973403543352399,42,40,13
WMT,1994-12-30,10.8125,10.8125,10.5,10.625,6.748323440551758,8759200,False,-0.023257044905868968,0.020741764104065682,0.20738205441040872,41,40,13
WMT,1995-01-03,10.6875,10.75,10.25,10.4375,6.629240036010742,11407200,True,-0.01780392226397207,0.02109726178880907,0.2109364213307121,41,40,13
WMT,1995-01-04,10.4375,10.8125,10.3125,10.8125,6.8674163818359375,7787800,False,0.0352977903965596,0.0240470942448187,0.24042968486531519,40,40,13
WMT,1995-01-05,11.0,11.125,10.8125,10.9375,6.946805000305176,9631600,False,0.011493878702060163,0.024030006898723328,0.24025884072110926,40,40,13
WMT,1995-01-06,11.0,11.125,10.75,11.0,6.986498832702637,8620600,False,0.0056977067690092455,0.02367622857205719,0.23672166443167691,40,40,13
WMT,1995-01-09,10.9375,11.0,10.8125,10.9375,6.946805000305176,4555000,True,-0.005697706769009235,0.019949265237221202,0.1994584254317186,42,40,13
WMT,1995-01-10,11.0,11.0,10.75,10.75,6.827717304229736,5399400,False,-0.017291440042072996,0.01979843538767164,0.197950385714891,42,40,13
WMT,1995-01-11,10.8125,11.0,10.75,11.0,6.986498832702637,5738000,False,0.02298914681108222,0.015535617304256033,0.15532951859475597,43,40,13
WMT,1995-01-12,11.0,11.0,10.6875,10.75,6.827717304229736,3516000,False,-0.022989146811082262,0.018446710994355534,0.18443546093433144,42,40,13
WMT,1995-01-13,10.9375,11.0,10.75,11.0,6.986498832702637,5873200,False,0.02298914681108222,0.021891553019707802,0.218877970874787,41,40,13
WMT,1995-01-16,11.0,11.0625,10.8125,10.8125,6.8674163818359375,5683800,True,-0.017191585471069512,0.02320358417097803,0.23199603133655552,40,40,13
WMT,1995-01-17,10.75,10.875,10.6875,10.75,6.827717304229736,6737400,False,-0.005797561340012851,0.021878442253761992,0.2187468857094609,41,40,13
WMT,1995-01-18,10.75,10.8125,10.5,10.625,6.748323440551758,5735800,False,-0.011696306792574739,0.017904968060227264,0.17901896106102405,42,40,13
WMT,1995-01-19,10.5625,10.625,10.5,10.5625,6.7086286544799805,4142200,False,-0.005899538160100566,0.0155511140338128,0.1554844593025955,43,40,13
WMT,1995-01-20,10.5625,10.8125,10.5,10.625,6.748323440551758,8895000,False,0.005899538160100687,0.008587183527691392,0.08585710225210758,46,48,16
WMT,1995-01-23,10.5,10.875,10.4375,10.75,6.827717304229736,6215400,True,0.011696306792574846,0.009619065185479475,0.09617414843134578,46,48,16
WMT,1995-01-24,10.8125,10.875,10.6875,10.8125,6.8674163818359375,4116000,False,0.005797561340012873,0.00961906518547949,0.09617414843134593,46,48,16
WMT,1995-01-25,10.8125,11.0,10.75,10.875,6.907108783721924,7481200,False,0.005763176773281477,0.0064237954133751244,0.06422693283242807,47,48,16
WMT,1995-01-26,10.9375,11.0625,10.875,10.9375,6.946805000305176,4836400,False,0.005730701928778833,0.002638677738725707,0.026382250209695857,48,48,16
WMT,1995-01-27,11.125,11.25,11.0625,11.25,7.1452836990356445,6271000,False,0.028170674856422235,0.009703612072538859,0.09701947224490429,46,48,16
WMT,1995-01-30,11.3125,11.4375,11.25,11.375,7.224676132202148,4946400,True,0.011049890454224394,0.009703511216658769,0.09701846385914176,46,48,16
WMT,1995-01-31,11.4375,11.625,11.375,11.4375,7.264371871948242,8622600,False,0.005479426813107987,0.009749564689715341,0.09747891957579578,46,48,16
WMT,1995-02-01,11.5625,11.75,11.4375,11.75,7.462850570678711,9435000,False,0.026955621446586944,0.011263094889718167,0.1126116248131125,45,48,16
WMT,1995-02-02,11.6875,11.875,11.5,11.875,7.542239665985107,7592600,False,0.010581720581198616,0.010388619151223862,0.10386836776558582,45,48,16
WMT,1995-02-03,11.9375,12.0625,11.875,12.0,7.621635913848877,9021200,False,0.010471857671545064,0.008174935839544864,0.08173533266371415,46,48,16
WMT,1995-02-06,12.0625,12.125,12.0,12.0625,7.6613335609436035,4305400,True,0.005195029204404146,0.008895171416274326,0.08893645272333067,46,48,16
WMT,1995-02-07,12.0625,12.125,11.9375,12.0,7.621635913848877,4458200,False,-0.005195029204404013,0.011632262751057502,0.11630267004546291,45,48,16
WMT,1995-02-08,11.9375,12.0625,11.875,12.0625,7.6613335609436035,6610400,False,0.005195029204404146,0.0064187171648162076,0.06417615905958642,47,48,16
WMT,1995-02-09,12.0625,12.0625,11.875,11.9375,7.581940174102783,4378400,False,-0.010416936171475629,0.008567744030922957,0.08566274063675432,46,48,16
WMT,1995-02-10,11.9375,12.0,11.75,11.8125,7.502546787261963,4147000,False,-0.0105265920105718,0.007916496065995869,0.07915137833316394,46,48,16
WMT,1995-02-13,11.8125,11.9375,11.75,11.875,7.542239665985107,3438200,True,0.005276641306098432,0.007938057539841439,0.07936695607861395,46,48,16
WMT,1995-02-14,11.9375,12.0,11.875,11.9375,7.581940174102783,3422600,False,0.005249950704473332,0.008606121228380576,0.08604644676759951,46,48,16
WMT,1995-02-15,12.0,12.0625,11.875,11.9375,7.581940174102783,4302000,False,0.0,0.007953365837652457,0.07952001279228822,46,48,16
WMT,1995-02-16,11.9375,12.0,11.9375,12.0,7.621635913848877,3430000,False,0.005221906967071591,0.006856178146895589,0.06855001832887751,47,48,16
WMT,1995-02-17,11.9375,12.0,11.75,11.8125,7.502546787261963,6626200,False,-0.015748498977643362,0.009092420721323661,0.09090860735332852,46,48,16
WMT,1995-02-21,11.8125,11.9375,11.75,11.875,7.542239665985107,5799600,True,0.005276641306098432,0.009092420721323661,0.09090860735332852,46,48,16
WMT,1995-02-22,11.875,12.0,11.875,11.875,7.542239665985107,4090200,False,0.0,0.008625747495361526,0.0862426757646364,46,48,16
WMT,1995-02-23,11.9375,11.9375,11.75,11.875,7.542239665985107,5345800,False,0.0,0.008625747495361526,0.0862426757646364,46,48,16
WMT,1995-02-24,11.875,11.875,11.75,11.875,7.542239665985107,5636000,False,0.0,0.00796753103074365,0.07966164041998823,46,48,16
WMT,1995-02-27,11.8125,11.875,11.625,11.6875,7.423154354095459,3900600,True,-0.015915093891224672,0.00803893373462143,0.08037554495319663,46,48,16
WMT,1995-02-28,11.8125,12.125,11.8125,11.875,7.542239665985107,10620200,False,0.015915093891224703,0.011253670813705735,0.11251740022186885,45,48,16
WMT,1995-03-01,11.9375,12.1875,11.875,12.1875,7.740725994110107,9471200,False,0.0259763050496594,0.01617401593883985,0.16171240964050074,43,40,13
WMT,1995-03-02,12.25,12.4375,12.1875,12.4375,7.899507522583008,9070400,False,0.02030493772472959,0.017067869379500316,0.17064941046337892,43,40,13
WMT,1995-03-03,12.375,12.5,12.3125,12.5,7.939206600189209,5889400,False,0.005012927240566683,0.0165268751673275,0.16524039652504433,43,40,13
WMT,1995-03-06,12.4375,12.4375,12.1875,12.1875,7.740725994110107,4176200,True,-0.02531786496529651,0.020343887278983667,0.20340396879658065,41,40,13
WMT,1995-03-07,12.1875,12.3125,12.125,12.25,7.780419826507568,4025800,False,0.00511481811887402,0.019912385733327594,0.19908969366692172,42,40,13
WMT,1995-03-08,12.3125,12.375,12.1875,12.25,7.780419826507568,3857600,False,0.0,0.01657817325157311,0.16575328935541297,43,40,13
WMT,1995-03-09,12.1875,12.25,12.0,12.125,7.701027870178223,3110400,False,-0.010256489426200806,0.01292260309896071,0.1292038596884575,44,48,16
WMT,1995-03-10,12.125,12.375,11.9375,12.375,7.859811782836914,6147000,False,0.020408850366219988,0.017092901611289225,0.17089968983348533,43,40,13
WMT,1995-03-13,12.375,12.4375,12.25,12.375,7.859811782836914,2939200,True,0.0,0.011194426757615202,0.11192506130594936,45,48,16
WMT,1995-03-14,12.4375,12.5,12.3125,12.4375,7.899507522583008,5213400,False,0.005037758665836361,0.011190931755976736,0.11189011728593656,45,48,16
WMT,1995-03-15,12.375,12.4375,12.3125,12.3125,7.835868835449219,6058400,False,-0.008088657386534047,0.01227228570990337,0.1227018015469762,45,48,16
WMT,1995-03-16,12.3125,12.4375,12.3125,12.375,7.875645160675049,4079400,False,0.005063345291351622,0.01039736887673843,0.10395585000883353,45,48,16
WMT,1995-03-17,12.375,12.4375,12.1875,12.1875,7.756319522857666,9663400,False,-0.015267173127777802,0.008865549564523931,0.08864028502801717,46,48,16
WMT,1995-03-20,12.125,12.375,12.125,12.3125,7.835868835449219,4131000,True,0.010203827836426045,0.010627628350901962,0.10625804969444916,45,48,16
WMT,1995-03-21,12.25,12.375,12.125,12.125,7.716538429260254,4366400,False,-0.015345887742110606,0.011767850389953568,0.1176583138068058,45,48,16
WMT,1995-03-22,12.1875,12.3125,12.0625,12.125,7.716538429260254,4876600,False,0.0,0.01173924145593739,0.11737227355097221,45,48,16
WMT,1995-03-23,12.1875,12.3125,12.0625,12.0625,7.676764488220215,4128400,False,-0.00516770569219783,0.010823240868940008,0.10821383926256846,45,48,16
WMT,1995-03-24,12.125,12.3125,12.125,12.3125,7.835868835449219,3988800,False,0.020513593434308367,0.013841093258076555,0.1383871854266887,44,48,16
WMT,1995-03-27,12.3125,12.3125,12.125,12.25,7.796090126037598,3687400,True,-0.00508941910256448,0.01326396167952835,0.1326168598254546,44,48,16
WMT,1995-03-28,12.25,12.5625,12.1875,12.4375,7.915415287017822,11356400,False,0.015189818182860004,0.011985853727723714,0.11983797315633227,45,48,16
WMT,1995-03-29,12.5,12.875,12.4375,12.75,8.114300727844238,12094200,False,0.024815866622531723,0.01427161416397931,0.14269165584129742,44,48,16
WMT,1995-03-30,12.8125,12.9375,12.75,12.75,8.114300727844238,6671400,False,0.0,0.013026642490035196,0.13024407509889144,44,48,16
WMT,1995-03-31,12.6875,12.875,12.625,12.8125,8.154074668884277,5596800,False,0.0048897347544545125,0.01203604971476414,0.12033984690551648,45,48,16
WMT,1995-04-03,12.8125,13.0625,12.8125,13.0,8.273404121398926,8195000,True,0.014528285557030087,0.00968636998425737,0.09684708094432828,46,48,16
WMT,1995-04-04,13.0,13.0,12.8125,12.9375,8.233627319335938,6385800,False,-0.004819386113774476,0.011867326267473947,0.11865290191131572,45,48,16
WMT,1995-04-05,12.9375,13.0,12.875,13.0,8.273404121398926,4658000,False,0.004819386113774453,0.007176727138107357,0.0717549582753139,47,48,16
WMT,1995-04-06,12.8125,12.875,12.625,12.6875,8.074522972106934,6486600,False,-0.024332254541995692,0.014736538125564228,0.14734009778742904,44,48,16
WMT,1995-04-07,12.6875,12.6875,12.5,12.5625,7.994972229003906,4756800,False,-0.009900919967656543,0.014747494226387076,0.14744963999828298,44,48,16
WMT,1995-04-10,12.5625,12.6875,12.5,12.6875,8.074522972106934,3281400,True,0.009900919967656454,0.013380548254054728,0.13378252554321354,44,48,16
WMT,1995-04-11,12.6875,12.75,12.5625,12.5625,7.994972229003906,5050400,False,-0.009900919967656543,0.013567751772755538,0.1356542395452748,44,48,16
WMT,1995-04-12,12.5625,12.625,12.375,12.4375,7.915415287017822,4268400,False,-0.010000712424364058,0.012194570083144137,0.12192477861603067,45,48,16
WMT,1995-04-13,12.5625,12.6875,12.4375,12.6875,8.074522972106934,4595800,False,0.019901632392020436,0.014055015737093465,0.14052604319020934,44,48,16
WMT,1995-04-17,12.6875,12.8125,12.625,12.6875,8.074522972106934,6126600,True,0.0,0.01296668818581536,0.12964463492025113,44,48,16
WMT,1995-04-18,12.75,12.8125,12.625,12.625,8.034747123718262,5322200,False,-0.0049382658537281245,0.012385743950017476,0.12383618928789361,45,48,16
WMT,1995-04-19,12.625,12.6875,12.4375,12.5,7.955196380615234,5527200,False,-0.009950178925171712,0.012394622527516068,0.1239249598299103,45,48,16
WMT,1995-04-20,12.5625,12.5625,12.25,12.375,7.875645160675049,4959400,False,-0.010050241402064517,0.012403633260232546,0.12401505169736722,45,48,16
WMT,1995-04-21,12.4375,12.4375,12.125,12.25,7.796090126037598,11035400,False,-0.010152764393916124,0.004505455766993059,0.04504682766260456,48,48,16
WMT,1995-04-24,12.1875,12.25,12.0625,12.1875,7.756319522857666,7357600,True,-0.005114408733861563,0.0027537910010250717,0.027533185332945433,48,48,16
WMT,1995-04-25,12.125,12.1875,11.75,11.875,7.557431221008301,10775200,False,-0.02597658652299278,0.007966529130821536,0.07965162313972608,46,48,16
WMT,1995-04-26,11.875,12.0,11.75,11.875,7.557431221008301,6787600,False,0.0,0.009731537550151452,0.09729867910930771,46,48,16
WMT,1995-04-27,11.75,12.0,11.6875,11.9375,7.597210884094238,6236800,False,0.005249844130068923,0.011963144668205434,0.11961092152306708,45,48,16
WMT,1995-04-28,11.9375,12.0,11.8125,11.875,7.557431221008301,4779400,False,-0.005249844130068892,0.011860985979791365,0.11858950991251707,45,48,16
WMT,1995-05-01,11.75,11.8125,11.375,11.5,7.31878137588501,7888400,True,-0.03208751146045972,0.01647137874439563,0.16468552751089988,43,40,13
WMT,1995-05-02,11.5,11.6875,11.4375,11.5625,7.358550071716309,6753600,False,0.005419076798143884,0.015587297956843913,0.15584623645217505,43,40,13
WMT,1995-05-03,11.6875,11.9375,11.6875,11.75,7.477882385253906,6065600,False,0.01608673612130992,0.01837447361207579,0.18371321104916055,42,40,13
WMT,1995-05-04,12.0,12.0,11.8125,11.875,7.557431221008301,10167800,False,0.010581698541005947,0.019051108227808748,0.19047839630495048,42,40,13
WMT,1995-05-05,11.9375,12.0,11.875,12.0,7.63698673248291,6473600,False,0.010471771766229418,0.019477272725268262,0.19473931010941373,42,40,13
WMT,1995-05-08,11.875,12.0625,11.875,11.9375,7.597210884094238,5139800,True,-0.005221927636160559,0.008034810577359129,0.08033432045467168,46,48,16
WMT,1995-05-09,11.9375,12.0,11.6875,11.75,7.477882385253906,5663200,False,-0.015831542671074908,0.013290627174342018,0.13288346902362036,44,48,16
WMT,1995-05-10,11.875,11.875,11.625,11.75,7.477882385253906,6473600,False,0.0,0.01117515793535045,0.11173240614280679,45,48,16
WMT,1995-05-11,11.75,12.1875,11.625,12.1875,7.756319522857666,6711600,False,0.03655828506399886,0.019931858122429764,0.19928438414917898,42,40,13
WMT,1995-05-12,12.1875,12.75,12.125,12.625,8.034747123718262,12582600,False,0.035267593455013964,0.02420046559153078,0.24196313519332308,40,40,13
WMT,1995-05-15,12.75,12.8125,12.5625,12.8125,8.154074668884277,7114400,True,0.014742234838693798,0.0226249314905762,0.22621049732653853,40,40,13
WMT,1995-05-16,12.75,12.8125,12.25,12.5625,7.994972229003906,8299600,False,-0.019704888952622106,0.023936318305214564,0.23932211552747634,40,40,13
WMT,1995-05-17,12.4375,12.5,12.3125,12.4375,7.915415287017822,6616400,False,-0.010000712424364058,0.025686926085298965,0.25682518981176955,39,40,13
WMT,1995-05-18,12.4375,12.5,12.25,12.25,7.796090126037598,5545200,False,-0.01518981818286006,0.023318086729330407,0.23314086046811955,40,40,13
WMT,1995-05-19,12.25,12.4375,12.1875,12.375,7.875645160675049,9889800,False,0.01015276439391624,0.015487383771014234,0.1548472660165774,43,40,13
WMT,1995-05-22,12.4375,12.5,12.3125,12.3125,7.835868835449219,3799800,True,-0.00506334529135172,0.011519982963910531,0.11518006481234591,45,48,16
WMT,1995-05-23,12.375,12.375,12.1875,12.375,7.875645160675049,4328600,False,0.005063345291351622,0.010486556856319006,0.10484757678488475,45,48,16
WMT,1995-05-24,12.375,12.625,12.0,12.0,7.63698673248291,5971800,False,-0.030771987884541083,0.016397727568151773,0.16394914211173317,43,40,13
WMT,1995-05-25,12.0,12.125,11.8125,12.0625,7.676764488220215,5939800,False,0.005195049158881052,0.01643682070294936,0.16434000638764484,43,40,13
WMT,1995-05-26,12.0,12.0625,11.875,11.875,7.557431221008301,3948200,False,-0.0156668209251105,0.015251380602111234,0.15248763923802017,43,40,13
WMT,1995-05-30,11.9375,12.0,11.8125,11.9375,7.597210884094238,4329000,True,0.005249844130068923,0.01644088916403203,0.1643806840182157,43,40,13
WMT,1995-05-31,12.0,12.5,11.9375,12.4375,7.915415287017822,7007000,False,0.04103096930964558,0.02704339094739037,0.2703875111468631,39,40,13
WMT,1995-06-01,12.5,12.5,12.3125,12.375,7.875645160675049,5963200,False,-0.0050370537889438925,0.021327962764533036,0.21324303527444818,41,40,13
WMT,1995-06-02,12.4375,12.5,12.25,12.4375,7.915415287017822,3649200,False,0.005037053788943885,0.02132985641059954,0.213261968486186,41,40,13
WMT,1995-06-05,12.4375,12.5,12.375,12.4375,7.915415287017822,4431400,True,0.0,0.01825830214653196,0.18255169570902488,42,40,13
WMT,1995-06-06,12.4375,12.75,12.4375,12.625,8.034747123718262,5586200,False,0.014963366538292444,0.018242213907469423,0.18239084092098007,42,40,13
WMT,1995-06-07,12.625,12.75,12.5625,12.6875,8.074522972106934,5262600,False,0.00493826585372811,0.007413124091322891,0.07411852222138103,47,48,16
WMT,1995-06-08,12.625,12.75,12.5,12.5625,8.01075553894043,3650000,False,-0.007928711608091901,0.008346516330848073,0.08345084319621664,46,48,16
WMT,1995-06-09,12.5625,12.5625,12.375,12.5,7.9709038734436035,4000600,False,-0.004987185256267648,0.009031406205203332,0.09029856687468811,46,48,16
WMT,1995-06-12,12.5625,12.8125,12.5,12.75,8.130319595336914,5365800,True,0.01980233756891951,0.012089641159831032,0.12087566940938037,45,48,16
WMT,1995-06-13,12.8125,13.0625,12.8125,13.0625,8.329596519470215,12614800,False,0.024214784560626763,0.014412167903161572,0.14409695208516748,44,48,16
WMT,1995-06-14,13.0625,13.3125,13.0,13.25,8.449153900146484,10564600,False,0.014251288228293347,0.014645425644090115,0.146429129294309,44,48,16
WMT,1995-06-15,13.25,13.25,13.0625,13.125,8.369443893432617,5551200,False,-0.009478864351529968,0.015104462133725564,0.1510187066220775,43,40,13
WMT,1995-06-16,13.125,13.25,13.0625,13.25,8.449153900146484,13333000,False,0.00947886435153006,0.013059898452327431,0.13057657766458242,44,48,16
WMT,1995-06-19,13.25,13.4375,13.1875,13.4375,8.568717956542969,10109200,True,0.01405181855401468,0.0123994008799436,0.12397273515596968,45,48,16
WMT,1995-06-20,13.375,13.4375,13.1875,13.3125,8.489009857177734,8866400,False,-0.009345755823741954,0.01220366216012667,0.12201568378658582,45,48,16
WMT,1995-06-21,13.375,13.4375,13.3125,13.4375,8.568717956542969,5793600,False,0.009345755823741874,0.011317540880900336,0.11315599131198499,45,48,16
WMT,1995-06-22,13.4375,13.5,13.3125,13.4375,8.568717956542969,6346000,False,0.0,0.009370834678717653,0.09369226925263538,46,48,16
WMT,1995-06-23,13.375,13.4375,13.1875,13.4375,8.568717956542969,4202000,False,0.0,0.009119336428353613,0.09117771824436822,46,48,16
WMT,1995-06-26,13.25,13.4375,12.875,12.875,8.210028648376465,5219600,True,-0.04276171184228873,0.02023324926686496,0.20229777849695402,41,40,13
WMT,1995-06-27,13.0625,13.25,12.9375,13.0,8.289737701416016,3878600,False,0.009661915379416875,0.02177388843926295,0.21770152694737732,41,40,13
WMT,1995-06-28,13.125,13.4375,13.0625,13.4375,8.568717956542969,9227200,False,0.033099796462871645,0.027465947709689048,0.27461235378950666,39,40,13
WMT,1995-06-29,13.4375,13.4375,13.1875,13.25,8.449153900146484,4458400,False,-0.014051818554014746,0.02817568108362889,0.28170846983984904,38,40,13
WMT,1995-06-30,13.25,13.4375,13.1875,13.375,8.528865814208984,4302400,False,0.00939008213092405,0.028717564416965574,0.2871263734643577,38,40,13
WMT,1995-07-03,13.375,13.375,13.25,13.25,8.449153900146484,2510200,True,-0.009390082130924118,0.018694239953015612,0.18691032583567,42,40,13
WMT,1995-07-05,13.3125,13.4375,13.25,13.25,8.449153900146484,4038200,True,0.0,0.01868711001550427,0.18683903869338542,42,40,13
WMT,1995-07-06,13.3125,13.5,13.25,13.5,8.608572959899902,8083600,False,0.01869225633543928,0.01340610498872699,0.13403804904226427,44,48,16
WMT,1995-07-07,13.4375,13.5,13.3125,13.375,8.528865814208984,4489400,False,-0.009302174204515273,0.01219265607042652,0.12190564177272478,45,48,16
WMT,1995-07-10,13.25,13.25,13.0625,13.125,8.369443893432617,3835600,True,-0.018868946482454102,0.014220884706590891,0.142184448303908,44,48,16
WMT,1995-07-11,13.1875,13.25,13.0,13.0,8.289737701416016,4753600,False,-0.009569113557327045,0.014238775184232009,0.14236332238563912,44,48,16
WMT,1995-07-12,13.0,13.3125,12.875,13.25,8.449153900146484,5658200,False,0.01904797790885705,0.01765192220331809,0.176488936642533,42,40,13
WMT,1995-07-13,13.25,13.3125,12.9375,12.9375,8.249883651733398,3982200,False,-0.023867208768594137,0.016615828473127415,0.1661297769659186,43,40,13
WMT,1995-07-14,12.8125,13.1875,12.8125,13.0,8.289737701416016,6315200,False,0.004819230859737281,0.0176178498032884,0.17614827110022915,42,40,13
WMT,1995-07-17,13.0625,13.375,13.0,13.375,8.528865814208984,5410600,True,0.028438060039781,0.021123315718224078,0.21119691592415363,41,40,13
WMT,1995-07-18,13.375,13.5625,13.0625,13.375,8.528865814208984,9195800,False,0.0,0.020016697467117137,0.20013263203724801,41,40,13
WMT,1995-07-19,13.3125,13.5625,13.1875,13.4375,8.568717956542969,7460800,False,0.004661736423090725,0.018599952720724088,0.1859676152812936,42,40,13
WMT,1995-07-20,13.625,13.6875,13.5,13.625,8.688283920288086,7537800,False,0.013857317499224895,0.011286577238433067,0.11284640801161215,45,48,16
WMT,1995-07-21,13.75,13.75,13.625,13.75,8.76799201965332,10916800,False,0.0091323777891856,0.010916437155499576,0.10914564223136011,45,48,16
WMT,1995-07-24,13.75,13.8125,13.5,13.5,8.608572959899902,4997000,True,-0.018349257506985822,0.01241517741424349,0.12413047343117965,45,48,16
WMT,1995-07-25,13.5,13.625,13.375,13.5,8.608572959899902,4160200,False,0.0,0.01241517741424349,0.12413047343117965,45,48,16
WMT,1995-07-26,13.5,13.5625,13.4375,13.4375,8.568717956542969,4693000,False,-0.004640437781424582,0.0125862473182011,0.1258408789662405,44,48,16
WMT,1995-07-27,13.5,13.625,13.4375,13.5625,8.648428916931152,3126600,False,0.009259551597403572,0.011436134000097688,0.11434171903382638,45,48,16
WMT,1995-07-28,13.5625,13.625,13.3125,13.3125,8.489009857177734,3731800,False,-0.018605307421145453,0.01205206822661559,0.12050000454108133,45,48,16
WMT,1995-07-31,13.375,13.375,13.1875,13.3125,8.489009857177734,4405800,True,0.0,0.010177274936240963,0.1017552882188795,45,48,16
WMT,1995-08-01,13.3125,13.3125,12.9375,13.0,8.289737701416016,6460200,False,-0.02375404063912975,0.013535322431938479,0.13533000177610172,44,48,16
WMT,1995-08-02,13.125,13.25,12.75,12.9375,8.249883651733398,5974400,False,-0.0048192308597371745,0.013525953442979882,0.13523632796088358,44,48,16
WMT,1995-08-03,12.6875,12.8125,12.5625,12.75,8.130319595336914,4953600,False,-0.014598864020326063,0.009791236342194247,0.09789556460455967,46,48,16
WMT,1995-08-04,12.8125,12.9375,12.75,12.8125,8.170171737670898,3551400,False,0.004889695767113417,0.011526126294959813,0.11524148758272992,45,48,16
WMT,1995-08-07,12.875,12.875,12.4375,12.6875,8.09046745300293,5282800,True,-0.009803418190065898,0.010702481599454527,0.10700645375430833,45,48,16
WMT,1995-08-08,12.8125,12.875,12.5,12.75,8.130319595336914,3411000,False,0.004913722422952427,0.008733557922795043,0.0873205950686962,46,48,16
WMT,1995-08-09,12.75,12.75,12.4375,12.5,7.9709038734436035,4819800,False,-0.019802337568919588,0.01132178950823043,0.11319847029591898,45,48,16
WMT,1995-08-10,12.5625,12.6875,12.375,12.4375,7.931051254272461,5061800,False,-0.005012302234082251,0.010467369274592858,0.1046557338877439,45,48,16
WMT,1995-08-11,12.375,12.5,12.375,12.375,7.891196250915527,3463400,False,-0.005037854152777883,0.008964979758130234,0.08963441637176617,46,48,16
WMT,1995-08-14,12.375,12.5,12.1875,12.3125,7.851337432861328,5168800,True,-0.005063848555554536,0.008837300339381978,0.08835784124377358,46,48,16
WMT,1995-08-15,12.3125,12.375,12.125,12.375,7.891196250915527,8097800,False,0.005063848555554489,0.008883785322922744,0.0888226113249273,46,48,16
WMT,1995-08-16,12.375,12.8125,12.3125,12.625,8.050612449645996,7457000,False,0.02000042978700425,0.010977293337328314,0.10975409963873865,45,48,16
WMT,1995-08-17,12.6875,12.8125,12.5625,12.625,8.050612449645996,4545000,False,0.0,0.010391180835145248,0.10389398020972036,45,48,16
WMT,1995-08-18,12.6875,12.8125,12.625,12.625,8.050612449645996,6779200,False,0.0,0.009634558600671733,0.09632905600122668,46,48,16
WMT,1995-08-21,12.75,12.875,12.6875,12.6875,8.09046745300293,4592400,True,0.004938341745823276,0.00821607465009115,0.08214665018734836,46,48,16
WMT,1995-08-22,12.625,12.875,12.625,12.625,8.050612449645996,4868000,False,-0.004938341745823144,0.009601929385923002,0.09600281983566043,46,48,16
WMT,1995-08-23,12.6875,12.75,12.3125,12.375,7.891196250915527,6252600,False,-0.020000429787004205,0.009601929385922924,0.09600281983565966,46,48,16
WMT,1995-08-24,12.5,12.5625,12.3125,12.3125,7.851337432861328,4735600,False,-0.005063848555554536,0.009337967960012995,0.09336365845499522,46,48,16
WMT,1995-08-25,12.375,12.625,12.3125,12.5625,8.01075553894043,4299400,False,0.020101190198682298,0.014778071515546227,0.14775536042844073,44,48,16
WMT,1995-08-28,12.6875,12.8125,12.1875,12.25,7.8114800453186035,4751400,True,-0.025190628753611926,0.0176237203897035,0.17620696689221915,42,40,13
WMT,1995-08-29,12.3125,12.6875,12.3125,12.5625,8.01075553894043,5402200,False,0.025190628753611867,0.022879721952429356,0.2287579648012519,40,40,13
WMT,1995-08-30,12.625,12.6875,12.375,12.5,7.9709038734436035,19008800,False,-0.004987185256267648,0.020636780585292797,0.20633239934283001,41,40,13
WMT,1995-08-31,12.4375,12.5,12.25,12.25,7.827133655548096,3531200,False,-0.018201524944101915,0.02251363127378137,0.22509768611629477,40,40,13
WMT,1995-09-01,12.3125,12.4375,12.3125,12.4375,7.946938514709473,3825800,False,0.015190391116109677,0.021466581246797102,0.21462898226945523,41,40,13
WMT,1995-09-05,12.375,12.5625,12.375,12.4375,7.946938514709473,6200000,True,0.0,0.017046760571882986,0.17043835860357218,43,40,13
WMT,1995-09-06,12.5,12.5625,12.375,12.375,7.907005310058594,8227400,False,-0.005037647356888693,0.01202399804570958,0.12021935089201108,45,48,16
WMT,1995-09-07,12.4375,12.5625,12.375,12.5,7.986883163452148,5883200,False,0.010051476835900207,0.0131115541799213,0.13109304631482518,44,48,16
WMT,1995-09-08,12.5,12.5625,12.3125,12.375,7.907005310058594,8121400,False,-0.010051476835900285,0.010459141995761012,0.10457347521496199,45,48,16
WMT,1995-09-11,12.4375,12.5625,12.375,12.5625,8.026808738708496,6743000,True,0.015037916968255507,0.010411293535649215,0.10409507270741376,45,48,16
WMT,1995-09-12,12.625,12.6875,12.5625,12.6875,8.10667896270752,4646200,False,0.009901253588982866,0.01086740433931151,0.10865539819504809,45,48,16
WMT,1995-09-13,12.6875,12.875,12.625,12.75,8.146612167358398,6568200,False,0.004913870635056197,0.009645510010817112,0.09643855131335372,46,48,16
WMT,1995-09-14,12.75,12.8125,12.6875,12.6875,8.10667896270752,7825800,False,-0.004913870635056127,0.0103582035161534,0.10356426359896513,45,48,16
WMT,1995-09-15,12.875,12.9375,12.75,12.8125,8.186548233032227,11978000,False,0.009804062646969652,0.007536033643485083,0.07534740686716977,46,48,16
WMT,1995-09-18,12.875,12.875,12.75,12.875,8.226478576660156,3260200,True,0.004865698797694208,0.006028573319790277,0.060275389978850694,47,48,16
WMT,1995-09-19,12.8125,12.875,12.5625,12.5625,8.026808738708496,6795000,False,-0.02457101503364663,0.013713266693869446,0.13710913909656494,44,48,16
WMT,1995-09-20,12.5,12.625,12.375,12.625,8.066747665405273,7059400,False,0.004963353988983256,0.013719502369295755,0.13717148515228403,44,48,16
WMT,1995-09-21,12.5,12.5625,12.375,12.4375,7.946938514709473,6787400,False,-0.014963623600349932,0.01494038351158852,0.14937820191028492,44,48,16
WMT,1995-09-22,12.375,12.625,12.3125,12.5,7.986883163452148,3874200,False,0.005013829479011682,0.013956688702739667,0.13954294154629582,44,48,16
WMT,1995-09-25,12.5625,12.625,12.375,12.375,7.907005310058594,5062000,True,-0.010051476835900285,0.012890663943505692,0.1288845229318941,44,48,16
WMT,1995-09-26,12.5,12.625,12.4375,12.5,7.986883163452148,4810200,False,0.010051476835900207,0.010848673377930733,0.10846812071793772,45,48,16
WMT,1995-09-27,12.375,12.5,12.3125,12.3125,7.867069244384766,4513400,False,-0.01511499430101462,0.011767829233243123,0.11765810227599992,45,48,16
WMT,1995-09-28,12.375,12.5625,12.3125,12.5625,8.026808738708496,4468400,False,0.020101434433369696,0.014489069153578,0.1448658326499099,44,48,16
WMT,1995-09-29,12.5625,12.5625,12.3125,12.375,7.907005310058594,4754600,False,-0.01503791696825547,0.016128605035709644,0.1612583785206536,43,40,13
WMT,1995-10-02,12.3125,12.4375,12.25,12.375,7.907005310058594,5760800,True,0.0,0.015489527529314479,0.15486869992153524,43,40,13
WMT,1995-10-03,12.3125,12.375,12.125,12.125,7.747267723083496,5936800,False,-0.02040888530877913,0.016504738205230764,0.16501906488444745,43,40,13
WMT,1995-10-04,12.0,12.0625,11.75,11.9375,7.627465724945068,6082400,False,-0.015584585361307442,0.01657012456502394,0.16567281629904718,43,40,13
WMT,1995-10-05,11.875,12.0625,11.8125,11.9375,7.627465724945068,4682800,False,0.0,0.00954856458212418,0.09546926335562897,46,48,16
WMT,1995-10-06,11.875,12.0,11.75,11.875,7.587531566619873,7079200,False,-0.005249327260486137,0.009310795627792223,0.09309198175233899,46,48,16
WMT,1995-10-09,11.875,12.1875,11.8125,12.0625,7.70733642578125,4988400,True,0.0156663410971737,0.014155922361871385,0.1415349363125626,44,48,16
WMT,1995-10-10,11.875,12.0,11.8125,11.9375,7.627465724945068,7121200,False,-0.010417013836687557,0.011997992520016957,0.11995934025274721,45,48,16
WMT,1995-10-11,11.875,11.9375,11.40625,11.5,7.347926139831543,11817400,False,-0.037337528418054385,0.019344099100433963,0.19340780234696622,42,40,13
WMT,1995-10-12,11.5625,11.75,11.4375,11.4375,7.307990074157715,13581600,False,-0.005449835265811114,0.018968025015304354,0.18964770672571646,42,40,13
WMT,1995-10-13,11.5,11.625,11.4375,11.5625,7.387861251831055,15591800,False,0.010870001654822251,0.020938363556715012,0.20934771163135785,41,40,13
WMT,1995-10-16,11.5,11.5625,11.0625,11.25,7.1881914138793945,11579000,True,-0.02739868374317683,0.01889848404249537,0.1889524163090253,42,40,13
WMT,1995-10-17,11.1875,11.375,11.0625,11.375,7.268054008483887,14075400,False,0.011048983292480753,0.0220724642220849,0.22068677250933386,41,40,13
WMT,1995-10-18,11.375,11.5,11.25,11.375,7.268054008483887,10940000,False,0.0,0.015785551939157566,0.15782843613109201,43,40,13
WMT,1995-10-19,11.4375,11.4375,11.1875,11.4375,7.307990074157715,9515600,False,0.005479698795873754,0.015976169264919973,0.15973428234670284,43,40,13
WMT,1995-10-20,11.375,11.5625,11.3125,11.5,7.347926139831543,13117800,False,0.005449835265811201,0.015220217354207047,0.15217606022574104,43,40,13
WMT,1995-10-23,11.375,11.5,11.25,11.3125,7.228126049041748,10459000,True,-0.016438303993710112,0.010558016865032771,0.10556205426813514,45,48,16
WMT,1995-10-24,11.3125,11.4375,11.25,11.25,7.1881914138793945,6110800,False,-0.005540213360455662,0.009168200467205732,0.09166627479689193,46,48,16
WMT,1995-10-25,11.25,11.375,11.125,11.25,7.1881914138793945,7562400,False,0.0,0.009168200467205732,0.09166627479689193,46,48,16
WMT,1995-10-26,11.25,11.25,10.875,10.9375,6.988516807556152,6681600,False,-0.0281712522400126,0.013459338149328065,0.1345702893161784,44,48,16
WMT,1995-10-27,10.9375,11.0625,10.875,11.0625,7.068385124206543,6268400,False,0.011363695430143197,0.015188753397307415,0.1518614746394337,43,40,13
WMT,1995-10-30,11.0625,11.1875,10.875,10.9375,6.988516807556152,5589200,True,-0.011363695430143216,0.014622653503396702,0.14620144695752085,44,48,16
WMT,1995-10-31,11.0625,11.125,10.75,10.8125,6.90864896774292,10603200,False,-0.01149424572350749,0.014742234730885484,0.1473970540669798,44,48,16
WMT,1995-11-01,10.8125,11.125,10.8125,11.125,7.10831880569458,8512600,False,0.028491660713009615,0.0221968921675197,0.22193083848274242,41,40,13
WMT,1995-11-02,11.125,11.75,11.0625,11.75,7.507667064666748,10690800,False,0.05465901270361096,0.02811955950215794,0.28114735031289784,38,40,13
WMT,1995-11-03,11.625,11.875,11.5625,11.6875,7.4677276611328125,7453600,False,-0.005334016092477713,0.029516915868503607,0.2951185165330086,38,40,13
WMT,1995-11-06,11.6875,11.6875,11.5,11.625,7.427792072296143,4713600,True,-0.00536210689356525,0.028484523221778784,0.2847963613411063,38,40,13
WMT,1995-11-07,11.625,11.875,11.625,11.8125,7.547600746154785,4957800,False,0.016001080113716912,0.025237576982247427,0.25233246972919776,39,40,13
WMT,1995-11-08,11.875,11.9375,11.6875,11.8125,7.547600746154785,6451600,False,0.0,0.025405268237938847,0.2540090945783412,39,40,13
WMT,1995-11-09,11.9375,12.125,11.6875,12.03125,7.687363624572754,7688800,False,0.018348162291016327,0.011597408445736333,0.11595418679175862,45,48,16
WMT,1995-11-10,11.875,12.0625,11.875,11.9375,7.627465724945068,4139000,False,-0.007822249099570803,0.012176195138606237,0.12174106069653122,45,48,16
WMT,1995-11-13,11.8125,12.0,11.75,11.9375,7.627465724945068,3128000,True,0.0,0.011326307104219684,0.11324363850497522,45,48,16
WMT,1995-11-14,11.875,11.875,11.5,11.6875,7.4677276611328125,7448000,False,-0.021164886411597226,0.014345360809449993,0.1434289957689359,44,48,16
WMT,1995-11-15,11.5625,12.0625,11.5,11.875,7.587531566619873,7042600,False,0.015915559151111047,0.01653429472735527,0.16531457939558808,43,40,13
WMT,1995-11-16,11.8125,11.9375,11.6875,11.875,7.587531566619873,6947800,False,0.0,0.013493255715140772,0.1349094067819614,44,48,16
WMT,1995-11-17,11.875,12.0,11.5625,11.75,7.507667064666748,9214400,False,-0.010581543058633494,0.01381216132976568,0.13809791578206926,44,48,16
WMT,1995-11-20,11.875,12.125,11.875,12.125,7.747267723083496,7287000,True,0.031415455680427,0.02092594973258178,0.20922359468841495,41,40,13
WMT,1995-11-21,12.0625,12.4375,12.0,12.25,7.827133655548096,7803600,False,0.01025614154955813,0.015933359932257862,0.159306262468024,43,40,13
WMT,1995-11-22,12.25,12.375,12.25,12.25,7.827133655548096,4201200,False,0.0,0.01589630503387237,0.15893577705923245,43,40,13
WMT,1995-11-24,12.25,12.375,12.1875,12.375,7.907005310058594,1161400,True,0.010152743759221036,0.015548093759422515,0.15545426174057533,43,40,13
WMT,1995-11-27,12.4375,12.5,12.3125,12.375,7.907005310058594,5346800,True,0.0,0.012826194263505909,0.1282399367424814,44,48,16
WMT,1995-11-28,12.25,12.3125,12.0625,12.25,7.827133655548096,6836400,False,-0.010152743759221025,0.008519201301596262,0.08517739662821432,46,48,16
WMT,1995-11-29,12.1875,12.3125,12.0625,12.3125,7.88316011428833,7287800,False,0.007132482317276109,0.007855798095766977,0.07854450277034032,46,48,16
WMT,1995-11-30,12.1875,12.25,12.0,12.0,7.68308162689209,5915400,False,-0.025708133030381594,0.014568166148419381,0.14565666689166468,44,48,16
WMT,1995-12-01,12.0625,12.125,12.0,12.125,7.7631144523620605,5796000,False,0.010362880450358795,0.014618391531942535,0.14615883455524062,44,48,16
WMT,1995-12-04,12.0625,12.1875,12.0,12.0625,7.723098278045654,5557200,True,-0.005167985752993584,0.014475763014383893,0.14473279408730258,44,48,16
WMT,1995-12-05,12.0625,12.1875,12.0625,12.125,7.7631144523620605,7296800,False,0.005167985752993599,0.014655169169537534,0.14652654783182337,44,48,16
WMT,1995-12-06,12.125,12.25,12.0,12.0625,7.723098278045654,6436800,False,-0.005167985752993584,0.013822653833329592,0.1382028228157273,44,48,16
WMT,1995-12-07,12.0,12.0625,11.6875,11.875,7.603049278259277,6784800,False,-0.01566622722953932,0.010136745484443732,0.10135006323725945,45,48,16
WMT,1995-12-08,11.75,11.875,11.6875,11.875,7.603049278259277,4073400,False,0.0,0.007725639451150575,0.07724313963727235,46,48,16
WMT,1995-12-11,11.875,12.0,11.75,11.8125,7.563032627105713,4365000,True,-0.0052771367409334535,0.007729328922947173,0.07728002802521414,46,48,16
WMT,1995-12-12,11.8125,12.0,11.8125,11.875,7.603049278259277,6481400,False,0.0052771367409335055,0.007762445017445012,0.07761113215293224,46,48,16
WMT,1995-12-13,11.8125,11.875,11.6875,11.6875,7.482999801635742,5339600,False,-0.01591563305875556,0.009420079826886653,0.0941846362444589,46,48,16
WMT,1995-12-14,11.6875,11.75,11.5625,11.625,7.4429802894592285,5344800,False,-0.005362409413710796,0.007861426976927006,0.07860078192447312,46,48,16
WMT,1995-12-15,11.6875,11.6875,11.4375,11.5625,7.4029669761657715,16751600,False,-0.0053904825966844434,0.007492903500956946,0.07491617944024394,47,48,16
WMT,1995-12-18,11.5,11.5625,11.375,11.4375,7.322934627532959,4990800,True,-0.010869709546372444,0.007889283611276339,0.07887930047435827,46,48,16
WMT,1995-12-19,11.3125,11.6875,11.1875,11.625,7.4429802894592285,6548600,False,0.016260192143056892,0.012279184916617935,0.1227707817771577,45,48,16
WMT,1995-12-20,11.6875,11.75,11.25,11.25,7.202891826629639,5139800,False,-0.032788757203190265,0.017495409880742312,0.17492408194485826,43,40,13
WMT,1995-12-21,11.25,11.625,11.25,11.625,7.4429802894592285,6792200,False,0.032788757203190126,0.025307147876816916,0.2530280593121572,39,40,13
WMT,1995-12-22,11.5,11.5625,11.4375,11.5,7.362949371337891,4820400,False,-0.010810762904470661,0.025708686950449457,0.25704276112817326,39,40,13
WMT,1995-12-26,11.375,11.5625,11.3125,11.375,7.282917976379394,4300200,True,-0.010928979438806746,0.025714340057931922,0.25709928250396535,39,40,13
WMT,1995-12-27,11.3125,11.5,11.0625,11.375,7.282917976379394,6926600,False,0.0,0.023937403287426804,0.23933296348809552,40,40,13
WMT,1995-12-28,11.375,11.4375,11.1875,11.25,7.202891826629639,7204200,False,-0.011049014859912913,0.018930785208588704,0.18927537255087043,42,40,13
WMT,1995-12-29,11.25,11.25,11.0625,11.125,7.122855186462402,6879600,False,-0.011173933596929066,0.00491703851612746,0.04916194900171212,48,48,16
WMT,1996-01-02,11.125,11.6875,11.0625,11.625,7.4429802894592285,7883000,True,0.043962690800119365,0.023852273353124002,0.23848181020243658,40,40,13
WMT,1996-01-03,11.5625,11.9375,11.5625,11.75,7.523015975952148,10121000,False,0.010695773014508412,0.022823467817484105,0.2281955199669796,40,40,13
WMT,1996-01-04,11.8125,12.0625,11.75,11.875,7.603049278259277,8230600,False,0.010582269457957741,0.02256066116583281,0.2255679043476561,40,40,13
WMT,1996-01-05,11.6875,11.875,11.6875,11.6875,7.482999801635742,5071000,False,-0.01591563305875556,0.023696856513518088,0.23692790845494105,40,40,13
WMT,1996-01-08,11.5625,11.75,11.5,11.6875,7.482999801635742,2161600,True,0.0,0.021942062591548413,0.21938297993395584,41,40,13
WMT,1996-01-09,11.75,11.75,11.5,11.5,7.362949371337891,5419000,False,-0.01617317231818136,0.013396719251722878,0.1339442077753256,44,48,16
WMT,1996-01-10,11.4375,11.4375,11.1875,11.3125,7.242907524108887,7582400,False,-0.01643786476238932,0.012340089087080452,0.12337971898853997,45,48,16
WMT,1996-01-11,11.3125,11.5,11.25,11.4375,7.322934627532959,5308400,False,0.010988435523803256,0.012490037831126878,0.12487894916204835,45,48,16
WMT,1996-01-12,11.4375,11.5,11.0625,11.125,7.122855186462402,6176000,False,-0.02770249865706251,0.015275437355969996,0.1527281655024519,43,40,13
WMT,1996-01-15,11.1875,11.4375,11.125,11.125,7.122855186462402,3188800,True,0.0,0.015275437355969996,0.1527281655024519,43,40,13
WMT,1996-01-16,11.25,11.3125,11.0625,11.25,7.202891826629639,5046000,False,0.01117393359692914,0.017223732830034384,0.1722077775539059,43,40,13
WMT,1996-01-17,10.25,10.3125,10.0,10.1875,6.522613048553467,33094800,False,-0.09920751800466418,0.0465315716334222,0.46523588214913175,31,32,10
WMT,1996-01-18,10.1875,10.25,9.546875,9.625,6.162473201751709,28468400,False,-0.05679687920877705,0.04474029985984771,0.44732623769712304,32,32,10
WMT,1996-01-19,9.625,9.9375,9.5625,9.9375,6.362551212310791,24206400,False,0.031951240171197874,0.05400326804899147,0.5399400271204806,28,32,10
WMT,1996-01-22,10.125,10.3125,10.0625,10.25,6.562633514404297,13327600,True,0.030962541832444974,0.05880128848171909,0.5879119994874372,26,24,8
WMT,1996-01-23,10.1875,10.25,10.125,10.1875,6.522613048553467,6918800,False,-0.0061169027948656755,0.05726379317635695,0.572539684313442,27,24,8
WMT,1996-01-24,10.1875,10.1875,9.875,10.0,6.402563095092773,15883800,False,-0.01857667616628583,0.03714477436588953,0.3713840143953488,35,32,10
WMT,1996-01-25,9.9375,10.0,9.9375,10.0,6.402563095092773,10052600,False,0.0,0.022748150244967888,0.22744247346412422,40,40,13
WMT,1996-01-26,9.9375,10.0,9.9375,10.0,6.402563095092773,6651600,False,0.0,0.018257384908705286,0.18254252490446243,42,40,13
WMT,1996-01-29,10.0,10.0625,9.9375,10.0,6.402563095092773,10499600,True,0.0,0.008070855419451753,0.0806947070334874,46,48,16
WMT,1996-01-30,10.0,10.125,9.9375,10.0625,6.442580699920654,12672600,False,0.006230795845146955,0.009399887792816863,0.09398275054721983,46,48,16
WMT,1996-01-31,10.0625,10.3125,9.9375,10.1875,6.522613048553467,13524400,False,0.012345880321138845,0.005527770759772713,0.05526822360527898,47,48,16
WMT,1996-02-01,10.125,10.9375,10.125,10.875,6.962789535522461,23989800,False,0.06530511941501785,0.027607838894002694,0.2760310221900369,38,40,13
WMT,1996-02-02,10.9375,11.0,10.625,10.75,6.882760047912598,10907200,False,-0.011560448130101049,0.0297639492554113,0.2975884265670754,38,40,13
WMT,1996-02-05,10.75,11.125,10.75,11.125,7.122855186462402,9879200,True,0.03428891312281827,0.029547530318786236,0.2954246085106438,38,40,13
WMT,1996-02-06,11.0625,11.125,10.9375,11.0625,7.082840442657471,8252000,False,-0.0056336346605432765,0.03147592843447064,0.3147052811161819,37,40,13
WMT,1996-02-07,11.125,11.3125,11.125,11.3125,7.242907524108887,8447400,False,0.022347697793802652,0.03126849712178312,0.3126313238790656,37,40,13
WMT,1996-02-08,11.3125,11.4375,11.25,11.3125,7.242907524108887,8852600,False,0.0,0.019553697574185774,0.19550342747652869,42,40,13
WMT,1996-02-09,11.3125,11.3125,11.0625,11.1875,7.162869453430176,7427200,False,-0.011112055167684924,0.019442914212569877,0.19439578393130622,42,40,13
WMT,1996-02-12,11.3125,11.4375,11.25,11.375,7.282917976379394,9108800,True,0.016620940491267562,0.01442323629956594,0.14420761705917115,44,48,16
WMT,1996-02-13,11.1875,11.25,10.9375,10.9375,7.002809047698975,9881600,False,-0.03922024174515311,0.02455378710409883,0.24549574412553019,40,40,13
WMT,1996-02-14,11.125,11.125,10.875,11.0625,7.082840442657471,7990800,False,0.011363658627767807,0.022176618393501806,0.22172813552626347,41,40,13
WMT,1996-02-15,11.0,11.1875,10.75,10.75,6.882760047912598,6871800,False,-0.028655278462274898,0.024330833314826814,0.2432665887544712,40,40,13
WMT,1996-02-16,10.75,10.8125,10.625,10.625,6.802728652954102,10165600,False,-0.011695937065883446,0.024337701737862906,0.24333526120068352,40,40,13
WMT,1996-02-20,10.5,10.5625,10.0625,10.4375,6.682677745819092,6907200,True,-0.017805036808888598,0.019122354658487724,0.19119073837428868,42,40,13
WMT,1996-02-21,10.375,10.9375,10.375,10.9375,7.002809047698975,7588200,False,0.046792593709279066,0.02997339998571909,0.299682574515681,38,40,13
WMT,1996-02-22,11.0625,11.1875,10.9375,11.1875,7.162869453430176,7482200,False,0.02259930125388561,0.03142437976128841,0.3141898828263823,37,40,13
WMT,1996-02-23,11.25,11.375,10.8125,11.125,7.122855186462402,7880400,False,-0.00560200796557441,0.027158452199260497,0.2715379262550546,39,40,13
WMT,1996-02-26,11.0,11.125,10.8125,10.875,6.962789535522461,5002800,True,-0.02272846499271724,0.029398504650178077,0.2939346075077982,38,40,13
WMT,1996-02-27,10.8125,11.0,10.5,10.875,6.962789535522461,8147000,False,0.0,0.02697699381864406,0.2697236537769076,39,40,13
WMT,1996-02-28,11.0,11.125,10.5625,10.625,6.802728652954102,8827600,False,-0.023256385195984445,0.018917569827469574,0.18914324141329933,42,40,13
WMT,1996-02-29,10.5625,10.875,10.5,10.625,6.802728652954102,7936600,False,0.0,0.011796019240719135,0.11793995398518381,45,48,16
WMT,1996-03-01,10.75,10.875,10.5,10.8125,6.922779083251953,9194400,False,0.017493486448198748,0.01732853917576272,0.17325566119501482,43,40,13
WMT,1996-03-04,10.75,11.3125,10.6875,11.125,7.122855186462402,14530400,True,0.028491363740502852,0.019718789922976664,0.1971540677156096,42,40,13
WMT,1996-03-05,11.125,11.4375,11.125,11.375,7.282917976379394,12448000,False,0.022222948456841946,0.020906774333836118,0.20903187360017664,41,40,13
WMT,1996-03-06,11.4375,11.625,11.3125,11.4375,7.322934627532959,12412800,False,0.005479550200220441,0.011786641892792325,0.11784619659462503,45,48,16
WMT,1996-03-07,11.375,11.4375,11.125,11.3125,7.242907524108887,7609400,False,-0.010988435523803115,0.015621937726551363,0.15619257471782075,43,40,13
WMT,1996-03-08,11.25,11.375,10.875,11.25,7.202891826629639,8321000,False,-0.005540129536330263,0.01712026799054686,0.17117330667358385,43,40,13
WMT,1996-03-11,10.9375,11.25,10.875,11.125,7.122855186462402,6854000,True,-0.011173933596929066,0.01414373051108585,0.14141303872225713,44,48,16
WMT,1996-03-12,11.0625,11.375,10.9375,11.1875,7.162869453430176,7691800,False,0.005602007965574431,0.008403159727878176,0.08401717998348078,46,48,16
WMT,1996-03-13,11.1875,11.5,11.1875,11.5,7.362949371337891,8443200,False,0.027549919930074274,0.016284477794538618,0.16281683867815944,43,40,13
WMT,1996-03-14,11.5,11.875,11.5,11.8125,7.563032627105713,15484600,False,0.02681166863600356,0.017963097978347865,0.17960016050876998,42,40,13
WMT,1996-03-15,11.75,11.9375,11.3125,11.875,7.61982536315918,16785800,False,0.007481200307959215,0.016254147905287137,0.16251359182261452,43,40,13
WMT,1996-03-18,12.0,12.25,11.9375,12.25,7.860446929931641,14999400,True,0.031090014923681644,0.012144769621155712,0.12142685943876441,45,48,16
WMT,1996-03-19,12.3125,12.375,11.75,11.875,7.61982536315918,8421400,False,-0.031090014923681592,0.025990882872720687,0.259864236187538,39,40,13
WMT,1996-03-20,11.9375,12.0,11.75,11.9375,7.659924030303955,4879600,False,0.0052486147730824145,0.0246112482369918,0.24607025686843415,40,40,13
WMT,1996-03-21,11.9375,12.0,11.8125,11.8125,7.579713344573975,3180400,False,-0.01052668438776978,0.023057182710724464,0.23053226791490342,40,40,13
WMT,1996-03-22,11.9375,12.0,11.8125,11.875,7.61982536315918,3709400,False,0.005278069614687438,0.0229095783243763,0.22905647729616477,40,40,13
WMT,1996-03-25,12.0,12.0625,11.8125,11.8125,7.579713344573975,4470600,True,-0.005278069614687411,0.014967770310801747,0.14965202291490484,44,48,16
WMT,1996-03-26,11.8125,11.875,11.6875,11.8125,7.579713344573975,3963000,False,0.0,0.006864828387866418,0.06863650589737338,47,48,16
WMT,1996-03-27,11.75,11.875,11.6875,11.8125,7.579713344573975,3309400,False,0.0,0.006007597379043489,0.06006566655978977,47,48,16
WMT,1996-03-28,11.8125,12.0625,11.6875,12.0,7.70003080368042,8646400,False,0.01574894772895193,0.00797087701213612,0.07969509449321498,46,48,16
WMT,1996-03-29,11.625,11.6875,11.375,11.5,7.379199028015137,15378400,False,-0.04255922939661802,0.021686648672955267,0.21682927896150686,41,40,13
WMT,1996-04-01,11.625,11.8125,11.4375,11.75,7.539613246917725,7522800,True,0.021505787259074552,0.02508081295955959,0.2507650984622441,39,40,13
WMT,1996-04-02,11.6875,11.75,11.3125,11.375,7.298986911773682,7604200,False,-0.03243532787753417,0.02867493637447725,0.28670016617637734,38,40,13
WMT,1996-04-03,11.375,11.5,11.3125,11.3125,7.258882522583008,5531200,False,-0.005509664834343308,0.02841707022596198,0.2841219471119963,38,40,13
WMT,1996-04-04,11.375,11.4375,11.25,11.25,7.218779563903809,4631400,False,-0.005539991333949045,0.025267783869541517,0.25263448677620315,39,40,13
WMT,1996-04-08,10.9375,11.0625,10.8125,11.0625,7.098462104797363,7662400,True,-0.01680774751933309,0.01973076441547398,0.1972737920959543,42,40,13
WMT,1996-04-09,11.1875,11.1875,11.0,11.0,7.058356761932373,5763200,False,-0.00566588448037391,0.011806705960812566,0.11804680285091988,45,48,16
WMT,1996-04-10,11.0,11.1875,10.875,10.9375,7.01825761795044,6192800,False,-0.005697286487334448,0.005011459673724578,0.050105998579368885,47,48,16
WMT,1996-04-11,10.9375,11.125,10.75,10.9375,7.01825761795044,6954400,False,0.0,0.0061332722246327034,0.06132219939543673,47,48,16
WMT,1996-04-12,10.9375,11.3125,10.8125,11.3125,7.258882522583008,9284200,False,0.033710909820990544,0.0192181479147984,0.1921485065849722,42,40,13
WMT,1996-04-15,11.375,11.4375,11.1875,11.375,7.298986911773682,5255400,True,0.00550966483434316,0.016402257312382464,0.16399443178236103,43,40,13
WMT,1996-04-16,11.375,11.6875,11.125,11.3125,7.258882522583008,5204600,False,-0.005509664834343308,0.016375627537558272,0.16372817972280526,43,40,13
WMT,1996-04-17,11.1875,11.375,11.1875,11.25,7.218779563903809,7698800,False,-0.005539991333949045,0.01634862095431981,0.1634581602255967,43,40,13
WMT,1996-04-18,11.1875,11.25,11.0625,11.0625,7.098462104797363,5479400,False,-0.01680774751933309,0.01926464250835047,0.1926133727497511,42,40,13
WMT,1996-04-19,11.1875,11.3125,11.125,11.25,7.218779563903809,9447200,False,0.016807747519333085,0.012750164407813448,0.12747976862992733,44,48,16
WMT,1996-04-22,11.375,11.4375,11.25,11.3125,7.258882522583008,5542800,True,0.00553999133394907,0.012754106069980082,0.12751917848888664,44,48,16
WMT,1996-04-23,11.3125,11.625,11.25,11.4375,7.339088439941406,9148800,False,0.010988749690245662,0.013444198164186601,0.13441891544042572,44,48,16
WMT,1996-04-24,11.5625,11.625,11.3125,11.4375,7.339088439941406,8642000,False,0.0,0.012862785673343074,0.12860578806099665,44,48,16
WMT,1996-04-25,11.5,11.5625,11.375,11.5625,7.419296741485596,5939000,False,0.010869629741533318,0.006349353753734277,0.06348264395552326,47,48,16
WMT,1996-04-26,11.625,11.9375,11.625,11.875,7.61982536315918,10086000,False,0.02666917730337742,0.009952110852114875,0.09950403369148116,46,48,16
WMT,1996-04-29,11.75,11.8125,11.625,11.6875,7.499504566192627,5640800,True,-0.01591649069598193,0.015738367441898972,0.1573566721129152,43,40,13
WMT,1996-04-30,11.625,11.9375,11.625,11.9375,7.659924030303955,6600400,False,0.021165105469064284,0.017062660557359964,0.17059733117874792,43,40,13
WMT,1996-05-01,11.9375,12.3125,11.875,12.125,7.78023624420166,18882800,False,0.015584637319464315,0.016523556647547174,0.16520721702082317,43,40,13
WMT,1996-05-02,12.125,12.21875,11.75,11.8125,7.579713344573975,9221000,False,-0.02611132170723401,0.02369444833541698,0.23690383080563945,40,40,13
WMT,1996-05-03,11.8125,11.9375,11.6875,11.734375,7.529582023620605,7674000,False,-0.006635849480807345,0.020258483481982004,0.20255007735379915,41,40,13
WMT,1996-05-06,11.9375,12.0,11.6875,11.75,7.539613246917725,4549000,True,0.0013313550722158696,0.018793353752755475,0.18790129378359133,42,40,13
WMT,1996-05-07,11.875,11.9375,11.625,11.75,7.539613246917725,5519000,False,0.0,0.015168749140269432,0.15166146639034375,43,40,13
WMT,1996-05-08,11.6875,12.125,11.625,12.125,7.78023624420166,7990200,False,0.031415816115825605,0.020703632701667963,0.2070008058084521,41,40,13
WMT,1996-05-09,11.9375,12.0,11.6875,11.8125,7.579713344573975,6506600,False,-0.02611132170723401,0.020703632701667963,0.2070008058084521,41,40,13
WMT,1996-05-10,11.9375,12.0625,11.8125,11.875,7.61982536315918,6908400,False,0.005278069614687438,0.020432797502208663,0.20429291848562245,41,40,13
WMT,1996-05-13,11.9375,12.1875,11.875,12.125,7.78023624420166,6726200,True,0.020833252092546516,0.021984348606943458,0.21980576753781908,41,40,13
WMT,1996-05-14,12.25,12.4375,12.1875,12.375,7.940656661987305,11207400,False,0.020409271552514204,0.022416553359455086,0.22412707352954206,41,40,13
WMT,1996-05-15,12.3125,12.5,12.25,12.25,7.860446929931641,8446400,False,-0.010152508721379131,0.02026237334812289,0.20258896934136736,41,40,13
WMT,1996-05-16,12.3125,12.4375,12.1875,12.3125,7.900550365447998,5626800,False,0.005088957419751821,0.012880745633382575,0.1287853568475007,44,48,16
WMT,1996-05-17,12.4375,12.5,12.3125,12.3125,7.900550365447998,12051400,False,0.0,0.013395428987608274,0.1339313073478848,44,48,16
WMT,1996-05-20,12.375,12.4375,12.25,12.3125,7.900550365447998,5110400,True,0.0,0.011162560864988765,0.1116064570519748,45,48,16
WMT,1996-05-21,12.375,12.4375,12.3125,12.375,7.940656661987305,5156800,False,0.005063551301627303,0.006217122982979234,0.062160563116214256,47,48,16
WMT,1996-05-22,12.4375,12.625,12.375,12.625,8.101067543029785,12893600,False,0.019999873569504428,0.008211253720311595,0.08209844916081868,46,48,16
WMT,1996-05-23,12.625,12.6875,12.3125,12.3125,7.900550365447998,8306000,False,-0.025063424871131734,0.016231218075449964,0.1622843328649359,43,40,13
WMT,1996-05-24,12.4375,12.5625,12.375,12.5,8.02086067199707,4865800,False,0.015113308272080305,0.017582231303170836,0.1757921472096894,42,40,13
WMT,1996-05-28,12.625,13.1875,12.5625,12.75,8.181276321411133,10877600,True,0.019802436124818648,0.018911216796505967,0.18907972200355405,42,40,13
WMT,1996-05-29,12.75,12.9375,12.75,12.75,8.181276321411133,7290000,False,0.0,0.019173471816236257,0.191701822250102,42,40,13
WMT,1996-05-30,12.8125,12.8125,12.5625,12.75,8.181276321411133,6810200,False,0.0,0.01753076003534768,0.17527752284067624,42,40,13
WMT,1996-05-31,12.75,13.0,12.6875,12.9375,8.301593780517578,6787000,False,0.014599350162160974,0.009264727069959188,0.09263137521380128,46,48,16
WMT,1996-06-03,13.0,13.125,12.875,13.0,8.341693878173828,11710000,True,0.00481878052875276,0.008956109299659032,0.08954572700609359,46,48,16
WMT,1996-06-04,13.25,13.25,13.125,13.125,8.421904563903809,10358200,False,0.00956969926733708,0.006322221877458838,0.06321137174291012,47,48,16
WMT,1996-06-05,13.1875,13.25,12.9375,13.0,8.341693878173828,7846000,False,-0.00956969926733708,0.00927506333092069,0.09273472008950055,46,48,16
WMT,1996-06-06,13.125,13.1875,12.875,12.875,8.261487007141113,5790000,False,-0.009661702238660948,0.01111115284293217,0.11109246503211653,45,48,16
WMT,1996-06-07,12.625,13.0,12.5625,13.0,8.341693878173828,9331400,False,0.009661702238660858,0.009854336419301411,0.0985264571148729,46,48,16
WMT,1996-06-10,13.0,13.0625,12.875,12.9375,8.301593780517578,4917000,True,-0.004818780528752808,0.009854336419301392,0.0985264571148727,46,48,16
WMT,1996-06-11,13.0,13.1875,12.9375,13.0,8.341693878173828,9779800,False,0.00481878052875276,0.008752165262372163,0.08750663653986784,46,48,16
WMT,1996-06-12,13.0,13.125,13.0,13.0,8.341693878173828,5440000,False,0.0,0.007634433048132659,0.07633123208985541,46,48,16
WMT,1996-06-13,13.0,13.0,12.875,13.0,8.35841178894043,3526800,False,0.0020021330025535677,0.00539882644123266,0.05397900164955609,47,48,16
WMT,1996-06-14,12.9375,13.125,12.9375,13.0625,8.398597717285156,6091800,False,0.004796321845917348,0.004006580016447634,0.040058926077928575,48,48,16
WMT,1996-06-17,13.0,13.0625,12.9375,12.9375,8.318229675292969,3741000,True,-0.009615300714601715,0.005955802736562477,0.05954780899901173,47,48,16
WMT,1996-06-18,12.875,12.875,12.5625,12.625,8.117304801940918,6690600,False,-0.024451274648062543,0.011922898140568027,0.1192085252976325,45,48,16
WMT,1996-06-19,12.625,12.625,12.3125,12.3125,7.916384220123291,5615800,False,-0.025063614414426835,0.014122630340555758,0.14120207321850414,44,48,16
WMT,1996-06-20,12.375,12.5625,12.375,12.4375,7.996750831604004,7245200,False,0.010100749412716773,0.016218968019242396,0.16216185332027314,43,40,13
WMT,1996-06-21,12.5625,12.875,12.5,12.8125,8.237857818603516,15986800,False,0.029705023521281487,0.023602068506253574,0.23598019101001405,40,40,13
WMT,1996-06-24,12.875,12.9375,12.75,12.875,8.27803897857666,5262800,True,0.004865765358415825,0.02360851130268072,0.23604460792038418,40,40,13
WMT,1996-06-25,12.8125,12.8125,12.625,12.6875,8.157488822937012,7572400,False,-0.014669722683878466,0.021486028009801074,0.2148234165346972,41,40,13
WMT,1996-06-26,12.625,12.8125,12.5625,12.8125,8.237857818603516,5864200,False,0.009803957325462648,0.015831200718110047,0.1582848456010385,43,40,13
WMT,1996-06-27,12.6875,12.75,12.5625,12.6875,8.157488822937012,3874800,False,-0.009803957325462654,0.01756622846457,0.1756321462797401,42,40,13
WMT,1996-06-28,12.75,12.75,12.625,12.6875,8.157488822937012,3305600,False,0.0,0.010147512980727842,0.10145771972631466,45,48,16
WMT,1996-07-01,12.6875,12.6875,12.375,12.4375,7.996750831604004,3781200,True,-0.019901066195818877,0.011879188409549903,0.11877150298020638,45,48,16
WMT,1996-07-02,12.375,12.4375,12.1875,12.4375,7.996750831604004,4176400,False,0.0,0.011281368567945238,0.11279433024324619,45,48,16
WMT,1996-07-03,12.4375,12.5625,12.3125,12.4375,7.996750831604004,3281400,False,0.0,0.008883866423043122,0.08882342218698766,46,48,16
WMT,1996-07-05,12.25,12.3125,12.1875,12.25,7.876195907592773,1654600,True,-0.015190278667129327,0.009753416130481517,0.0975174273755433,46,48,16
WMT,1996-07-08,12.1875,12.4375,11.9375,12.0,7.715462207794189,5216200,True,-0.020618640165061878,0.010382736123097546,0.10380954757782992,45,48,16
WMT,1996-07-09,12.1875,12.3125,12.0625,12.125,7.795827865600586,4123800,False,0.010362307267313442,0.012587139191619584,0.12584979617023873,44,48,16
WMT,1996-07-10,12.1875,12.1875,11.75,12.0,7.715462207794189,7068600,False,-0.010362307267313364,0.012391246693328523,0.1238912072799512,45,48,16
WMT,1996-07-11,12.125,12.1875,11.75,11.8125,7.594904899597168,6664600,False,-0.01574877977785169,0.01211417062105632,0.12112092193645367,45,48,16
WMT,1996-07-12,11.875,12.0625,11.8125,11.9375,7.675273895263672,5171600,False,0.010526364995164144,0.014706797292416482,0.14704274048227833,44,48,16
WMT,1996-07-15,11.9375,12.0,11.5625,11.6875,7.514535427093506,4357400,True,-0.02116477763714173,0.014851551063580605,0.14849002983997506,44,48,16
WMT,1996-07-16,11.5625,11.6875,10.875,11.4375,7.353793621063232,8344800,False,-0.021622882887634653,0.013230983558637052,0.13228713519708069,44,48,16
WMT,1996-07-17,11.5625,12.1875,11.3125,12.125,7.795827865600586,7028200,False,0.05837238257477735,0.03413277335047817,0.3412691719292826,36,32,10
WMT,1996-07-18,12.1875,12.25,11.875,12.0625,7.755644798278809,4306600,False,-0.00516776225851647,0.033062885084359936,0.3305721248746543,36,32,10
WMT,1996-07-19,12.125,12.125,11.625,12.0,7.715462207794189,6769600,False,-0.005194545008796962,0.03305701992631325,0.330513483357035,36,32,10
WMT,1996-07-22,11.875,11.9375,11.625,11.625,7.474346160888672,4128400,True,-0.03174974896271115,0.03511007096652459,0.3510404713409066,35,32,10
WMT,1996-07-23,11.6875,11.75,11.5,11.5625,7.434165954589844,3915600,False,-0.0053902499824516,0.033445828417417015,0.3344009011896149,36,32,10
WMT,1996-07-24,11.4375,11.9375,11.3125,11.9375,7.675273895263672,7239400,False,0.03191758416247523,0.022698820922963197,0.22694926487836076,40,40,13
WMT,1996-07-25,12.0,12.0625,11.625,12.0,7.715462207794189,7105600,False,0.0052224147826875275,0.022938470891050958,0.22934535339195478,40,40,13
WMT,1996-07-26,12.0,12.1875,11.625,12.0,7.715462207794189,4067400,False,0.0,0.022820534333137535,0.22816619015649095,40,40,13
WMT,1996-07-29,12.0,12.0625,11.875,11.875,7.635093688964844,4695600,True,-0.010471184718929475,0.016538975481926434,0.16536137891053235,43,40,13
WMT,1996-07-30,11.875,12.0,11.8125,12.0,7.715462207794189,3797000,False,0.010471184718929522,0.015727534052082763,0.1572483568015925,43,40,13
WMT,1996-07-31,11.9375,12.125,11.875,12.0,7.715462207794189,4459200,False,0.0,0.007763863596268433,0.07762531550731173,46,48,16
WMT,1996-08-01,12.0,12.25,12.0,12.25,7.876195907592773,5054600,False,0.0206186401650618,0.011825756599906666,0.11823727655669264,45,48,16
WMT,1996-08-02,12.3125,12.4375,12.1875,12.25,7.876195907592773,4590800,False,0.0,0.011825756599906666,0.11823727655669264,45,48,16
WMT,1996-08-05,12.3125,12.3125,12.125,12.25,7.876195907592773,2911000,True,0.0,0.009239299072586823,0.09237713886687504,46,48,16
WMT,1996-08-06,12.25,12.4375,12.0625,12.3125,7.916384220123291,3650800,False,0.0050895292544125646,0.008928180600040555,0.08926648792715933,46,48,16
WMT,1996-08-07,12.375,12.5625,12.375,12.375,7.956569194793701,5104400,False,0.005063337549489009,0.00847484349707585,0.08473389468766455,46,48,16
WMT,1996-08-08,12.3125,12.4375,12.25,12.375,7.956569194793701,2823800,False,0.0,0.002780492506016304,0.027800154571104213,48,48,16
WMT,1996-08-09,12.5,12.8125,12.4375,12.625,8.117304801940918,8478200,False,0.020000276864937973,0.00821141515244244,0.08210006320515814,46,48,16
WMT,1996-08-12,12.6875,12.9375,12.625,12.9375,8.318229675292969,6019200,True,0.024451274648062595,0.010642933122679643,0.10641107115383967,45,48,16
WMT,1996-08-13,13.125,13.375,12.9375,12.9375,8.318229675292969,17276000,False,0.0,0.011545220287581365,0.11543239474939558,45,48,16
WMT,1996-08-14,13.0625,13.3125,13.0,13.1875,8.478968620300293,11988200,False,0.01913936466184421,0.011783784008723727,0.11781762265720876,45,48,16
WMT,1996-08-15,13.1875,13.625,13.125,13.5625,8.720076560974121,17804800,False,0.028039200368261998,0.01085325172470354,0.10851389633059942,45,48,16
WMT,1996-08-16,13.5625,14.0,13.5625,13.9375,8.961185455322266,18803200,False,0.02727450570620035,0.011595921946971855,0.11593932435449873,45,48,16
WMT,1996-08-19,13.8125,13.875,13.4375,13.4375,8.639710426330566,7967400,True,-0.036533456733461124,0.027127130027607468,0.2712247582779524,39,40,13
WMT,1996-08-20,13.5,13.6875,13.4375,13.625,8.760261535644531,7842600,False,0.013856693386503496,0.02686519546549099,0.2686058620577337,39,40,13
WMT,1996-08-21,13.625,13.6875,13.375,13.4375,8.639710426330566,4425200,False,-0.013856693386503405,0.02818805256601587,0.2818321634379751,38,40,13
WMT,1996-08-22,13.5,13.6875,13.4375,13.625,8.760261535644531,6023800,False,0.013856693386503496,0.02574096021070096,0.2573654383594781,39,40,13
WMT,1996-08-23,13.625,13.625,13.4375,13.4375,8.639710426330566,3947600,False,-0.013856693386503405,0.021423040022058193,0.21419364472571514,41,40,13
WMT,1996-08-26,13.375,13.5625,13.375,13.4375,8.639710426330566,4029200,True,0.0,0.013856693386503603,0.1385431599458297,44,48,16
WMT,1996-08-27,13.375,13.625,13.3125,13.4375,8.639710426330566,4391200,False,0.0,0.01159334145642668,0.11591352387639281,45,48,16
WMT,1996-08-28,13.5,13.5,13.375,13.4375,8.639710426330566,3320800,False,0.0,0.009798161858419592,0.09796480788470975,46,48,16
WMT,1996-08-29,13.375,13.375,13.1875,13.1875,8.495405197143555,4122200,False,-0.016843614486929597,0.008473687507324797,0.08472233677348484,46,48,16
WMT,1996-08-30,13.1875,13.25,13.0625,13.1875,8.495405197143555,4588000,False,0.0,0.0075326933959152,0.07531401012233138,46,48,16
WMT,1996-09-03,13.0,13.3125,12.875,13.25,8.535666465759277,4044400,True,0.004727987106408937,0.008317203942701603,0.08315776960599588,46,48,16
WMT,1996-09-04,13.25,13.4375,13.25,13.3125,8.575931549072266,4120600,False,0.004706183209133476,0.008905467405965262,0.08903939495541767,46,48,16
WMT,1996-09-05,13.125,13.25,12.875,12.9375,8.334355354309082,3249400,False,-0.028573451414719547,0.014880337212726578,0.1487778419430587,44,48,16
WMT,1996-09-06,13.0,13.125,12.875,12.9375,8.334355354309082,4901200,False,0.0,0.014032834104582968,0.14030426492211584,44,48,16
WMT,1996-09-09,13.125,13.375,13.125,13.25,8.535666465759277,3384200,True,0.023867268205586108,0.01888200113472724,0.18878761551105738,42,40,13
WMT,1996-09-10,13.3125,13.3125,13.1875,13.3125,8.575931549072266,3400400,False,0.004706183209133476,0.018880911697154692,0.1887767230044792,42,40,13
WMT,1996-09-11,13.1875,13.3125,13.125,13.3125,8.575931549072266,3384400,False,0.0,0.018763240510001642,0.18760021302132265,42,40,13
WMT,1996-09-12,13.375,13.8125,13.3125,13.6875,8.817505836486816,8171200,False,0.027779422436747584,0.013494088378348664,0.13491773198544063,44,48,16
WMT,1996-09-13,13.9375,14.0,13.625,13.625,8.77724838256836,11582200,False,-0.004576082583282082,0.014562488385555777,0.14559989900436243,44,48,16
WMT,1996-09-16,13.6875,13.875,13.625,13.6875,8.817505836486816,5970800,True,0.004576082583281997,0.012496625745569508,0.12494481700359442,45,48,16
WMT,1996-09-17,13.6875,13.75,13.5625,13.5625,8.736982345581055,4053200,False,-0.009174184384741359,0.014391942685650522,0.1438947346104486,44,48,16
WMT,1996-09-18,13.5625,13.625,13.25,13.3125,8.575931549072266,4971000,False,-0.018605238052006128,0.017634468496628808,0.17631442952095264,42,40,13
WMT,1996-09-19,13.3125,13.5625,13.25,13.4375,8.65645694732666,4025800,False,0.009345887762309695,0.011085894006146358,0.11083992000082712,45,48,16
WMT,1996-09-20,13.5625,13.8125,13.5625,13.8125,8.898027420043945,11667000,False,0.027524103601177914,0.01773997955410936,0.1773693590705102,42,40,13
WMT,1996-09-23,13.75,13.75,13.4375,13.5625,8.736982345581055,3217200,True,-0.018264753311481596,0.01995000326388044,0.19946580443207915,42,40,13
WMT,1996-09-24,13.375,13.75,13.3125,13.3125,8.575931549072266,6814200,False,-0.018605238052006128,0.02122264062265006,0.212189994556744,41,40,13
WMT,1996-09-25,13.3125,13.4375,13.0,13.0,8.374612808227539,5957400,False,-0.023754777822944953,0.02222672698098594,0.22222913542983613,41,40,13
WMT,1996-09-26,13.0,13.0625,12.875,12.875,8.294090270996094,5425800,False,-0.009661599132517316,0.020792102382911244,0.20788535083351434,41,40,13
WMT,1996-09-27,12.9375,13.125,12.8125,13.0625,8.41487979888916,3731400,False,0.014458297735646247,0.015191113719192578,0.1518850738086827,43,40,13
WMT,1996-09-30,13.1875,13.3125,13.125,13.1875,8.495405197143555,5820200,True,0.009523908904273631,0.016928499491211793,0.1692559506973141,43,40,13
WMT,1996-10-01,13.0,13.0625,12.875,13.0,8.374612808227539,3239000,False,-0.014320607507402614,0.01619880463909317,0.16196025411307818,43,40,13
WMT,1996-10-02,13.0,13.0625,12.75,12.8125,8.253827095031738,6186200,False,-0.014527861699354348,0.013847567691227395,0.13845191865001666,44,48,16
WMT,1996-10-03,12.8125,13.1875,12.75,13.1875,8.495405197143555,4375000,False,0.028848469206756915,0.01892809226834151,0.1892484477686742,42,40,13
WMT,1996-10-04,13.0625,13.3125,13.0,13.1875,8.495405197143555,5348000,False,0.0,0.018172345838962187,0.18169228010850427,42,40,13
WMT,1996-10-07,13.25,13.5625,13.25,13.375,8.616192817687988,4909200,True,0.014117866333298154,0.018760490800841027,0.18757272064739058,42,40,13
WMT,1996-10-08,13.5,13.6875,13.4375,13.5625,8.736982345581055,6264800,False,0.013921542034250355,0.016412969220709606,0.1641015324872188,43,40,13
WMT,1996-10-09,13.5625,13.5625,13.125,13.1875,8.495405197143555,4470000,False,-0.028039408367548587,0.02147742561666208,0.21473740736242716,41,40,13
WMT,1996-10-10,13.25,13.5625,13.1875,13.5,8.696718215942383,5348000,False,0.02342028564174917,0.02011305376895404,0.20109602973717702,41,40,13
WMT,1996-10-11,13.6875,13.75,13.5625,13.75,8.857765197753906,5504400,False,0.018348759845769776,0.020709828821417267,0.2070627563752668,41,40,13
WMT,1996-10-14,13.6875,13.8125,13.625,13.625,8.77724838256836,5325600,True,-0.009131535318511083,0.021679448893741144,0.21675729352202183,41,40,13
WMT,1996-10-15,13.6875,13.8125,13.375,13.4375,8.65645694732666,5049600,False,-0.013857452091155693,0.02196395906476935,0.21960190709840133,41,40,13
WMT,1996-10-16,13.5,13.625,13.375,13.5625,8.736982345581055,4554200,False,0.009259350289696378,0.016500716398217666,0.16497885371452797,43,40,13
WMT,1996-10-17,13.6875,13.875,13.625,13.875,8.938298225402832,5733600,False,0.022780355301308782,0.016329610986021804,0.16326809315800606,43,40,13
WMT,1996-10-18,13.875,14.125,13.8125,14.0625,9.059083938598633,16016800,False,0.013422788447684637,0.015485909892894785,0.15483252976411457,43,40,13
WMT,1996-10-21,14.0,14.0625,13.6875,13.75,8.857765197753906,6060000,True,-0.022473506629023095,0.019139369741198765,0.1913608600086335,42,40,13
WMT,1996-10-22,13.875,13.9375,13.75,13.8125,8.898027420043945,4442200,False,0.004535116191511076,0.017021764952686768,0.17018844529657645,43,40,13
WMT,1996-10-23,13.75,13.75,13.4375,13.75,8.857765197753906,3469400,False,-0.004535116191511208,0.01737532955242668,0.17372348468343768,43,40,13
WMT,1996-10-24,13.6875,13.6875,13.4375,13.4375,8.65645694732666,3578200,False,-0.02298898740966673,0.016198374169243204,0.16195595015313533,43,40,13
WMT,1996-10-25,13.4375,13.625,13.375,13.5,8.696718215942383,2622600,False,0.00464022756389692,0.013810565012740519,0.13808195535061765,44,48,16
WMT,1996-10-28,13.4375,13.6875,13.375,13.625,8.77724838256836,3579000,True,0.009217224527258825,0.012839782438176775,0.12837579517596823,44,48,16
WMT,1996-10-29,13.5,13.75,13.5,13.6875,8.817505836486816,4555000,False,0.004576082583281997,0.012844868663688646,0.12842664870465337,44,48,16
WMT,1996-10-30,13.40625,13.5,13.0625,13.125,8.455144882202148,7685000,False,-0.041963927161657935,0.02227152697612047,0.2226770585178609,41,40,13
WMT,1996-10-31,13.125,13.4375,13.0625,13.25,8.535666465759277,4554600,False,0.009478321515776888,0.022015602952836413,0.22011825737368912,41,40,13
WMT,1996-11-01,13.375,13.4375,13.125,13.1875,8.495405197143555,5137400,False,-0.004727987106408858,0.021618044705467975,0.21614335699041326,41,40,13
WMT,1996-11-04,13.1875,13.25,13.0,13.125,8.455144882202148,3583000,True,-0.004750334409368039,0.020230544036371305,0.20227073083337957,41,40,13
WMT,1996-11-05,13.1875,13.3125,13.0625,13.3125,8.575931549072266,4467600,False,0.014184504724910365,0.022037412579359945,0.22033631622016336,41,40,13
WMT,1996-11-06,13.3125,13.4375,13.1875,13.4375,8.65645694732666,4080800,False,0.009345887762309695,0.008839796887822483,0.0883828024448522,46,48,16
WMT,1996-11-07,13.375,13.5625,13.375,13.375,8.616192817687988,5261400,False,-0.004662191744554056,0.009186503645563181,0.09184927517771604,46,48,16
WMT,1996-11-08,13.375,13.5625,13.375,13.5,8.696718215942383,3633000,False,0.009302419308450934,0.008798871380787252,0.08797361759036385,46,48,16
WMT,1996-11-11,13.5,13.5,13.25,13.25,8.535666465759277,3358600,True,-0.018692298535340178,0.013493064310905575,0.13490749306800154,44,48,16
WMT,1996-11-12,13.25,13.3125,12.4375,12.5625,8.09278392791748,24592600,False,-0.053280647884279296,0.026035320251393892,0.2603085337330904,39,40,13
WMT,1996-11-13,12.5,12.5625,12.0,12.0,7.730420112609863,23169400,False,-0.04580958206354244,0.026621336638734866,0.2661676921785919,39,40,13
WMT,1996-11-14,12.125,12.4375,12.125,12.25,7.891462326049805,12972600,False,0.02061824739944466,0.032613084230991615,0.32607488806398244,36,32,10
WMT,1996-11-15,12.4375,12.5,12.1875,12.25,7.891462326049805,13649200,False,0.0,0.030917955521269722,0.30912650929791186,37,40,13
WMT,1996-11-18,12.3125,12.4375,12.25,12.375,7.971989631652832,5636600,True,0.010152644899811068,0.033660166342219716,0.33654391269821343,36,32,10
WMT,1996-11-19,12.375,12.4375,12.0625,12.25,7.891462326049805,10066400,False,-0.010152644899811067,0.025509124167407006,0.2550474756874768,39,40,13
WMT,1996-11-20,12.375,12.4375,12.3125,12.4375,8.012252807617188,10328600,False,0.015190514073071336,0.012304092417902228,0.123019814056218,45,48,16
WMT,1996-11-21,12.5,12.625,12.4375,12.625,8.133041381835938,7007600,False,0.014962976383389368,0.010942442364890628,0.10940564970815096,45,48,16
WMT,1996-11-22,12.6875,12.75,12.5625,12.75,8.213569641113281,5853400,False,0.009852673511894916,0.010461492737855247,0.10459697860273777,45,48,16
WMT,1996-11-25,12.8125,12.8125,12.625,12.75,8.213569641113281,6429000,True,0.0,0.010914980917213409,0.10913108234696545,45,48,16
WMT,1996-11-26,12.75,12.875,12.6875,12.6875,8.17330265045166,7454600,False,-0.004914552452955538,0.009077253734601708,0.09075696350809757,46,48,16
WMT,1996-11-27,12.75,12.8125,12.6875,12.6875,8.17330265045166,4793800,False,0.0,0.008153341761402515,0.08151942893123551,46,48,16
WMT,1996-11-29,12.75,12.875,12.75,12.75,8.213569641113281,1633600,True,0.004914552452955429,0.0056117241533087635,0.05610761350186058,47,48,16
WMT,1996-12-02,12.8125,12.875,12.75,12.75,8.213569641113281,4286600,True,0.0,0.0034751133659823726,0.03474517141023854,48,48,16
WMT,1996-12-03,12.8125,13.0625,12.75,13.0,8.374612808227539,7107400,False,0.01941722396620993,0.009353188238094095,0.0935158351223857,46,48,16
WMT,1996-12-04,12.875,13.0,12.6875,12.75,8.213569641113281,6513600,False,-0.019417223966209998,0.013904850176810734,0.13902464522632937,44,48,16
WMT,1996-12-05,12.75,12.875,12.5,12.75,8.213569641113281,6572000,False,0.0,0.013904850176810734,0.13902464522632937,44,48,16
WMT,1996-12-06,12.375,12.625,12.3125,12.5,8.052515983581543,5752000,False,-0.019803033679875435,0.016338492031464792,0.16335688837523243,43,40,13
WMT,1996-12-09,12.625,12.625,12.25,12.3125,7.931732177734375,7074000,True,-0.015113141839251007,0.01681365895418839,0.16810774235890957,43,40,13
WMT,1996-12-10,12.375,12.5,12.3125,12.3125,7.931732177734375,6172800,False,0.0,0.0100892532653182,0.10087522252837146,45,48,16
WMT,1996-12-11,12.125,12.25,12.125,12.125,7.827470779418945,5567400,False,-0.013232004159071166,0.009110484234941698,0.09108921149795116,46,48,16
WMT,1996-12-12,12.25,12.3125,11.9375,11.9375,7.706428050994873,7450400,False,-0.015584648728991922,0.007519303922160937,0.07518013835709955,46,48,16
WMT,1996-12-13,12.0625,12.0625,11.8125,11.9375,7.706428050994873,6369800,False,0.0,0.0080685948802794,0.08067210552016936,46,48,16
WMT,1996-12-16,11.9375,12.0,11.625,11.625,7.504688262939453,8354800,True,-0.026526865442753754,0.011281187836870557,0.11279252324257956,45,48,16
WMT,1996-12-17,11.625,11.625,11.4375,11.5,7.42399263381958,10693400,False,-0.010810923701218554,0.009529373424434813,0.09527738470499121,46,48,16
WMT,1996-12-18,11.625,11.6875,11.5,11.5,7.42399263381958,7700000,False,0.0,0.011216896311079748,0.11214971828959755,45,48,16
WMT,1996-12-19,11.5625,11.75,11.5,11.6875,7.545038223266602,9644000,False,0.01617315497468602,0.015752247898496996,0.15749545286420571,43,40,13
WMT,1996-12-20,12.0625,12.0625,11.75,11.8125,7.625729084014893,16076000,False,0.010637777251839014,0.01712542674559104,0.17122488537315317,43,40,13
WMT,1996-12-23,11.875,12.0,11.75,11.75,7.585391044616699,5717200,True,-0.005303769034233571,0.011145148900833025,0.1114323672841122,45,48,16
WMT,1996-12-24,11.75,11.8125,11.6875,11.75,7.585391044616699,1811200,False,0.0,0.008808399385636092,0.08806888129166095,46,48,16
WMT,1996-12-26,11.8125,12.1875,11.8125,12.0,7.746778011322021,4627600,True,0.02105284998275056,0.010997894807277003,0.10996007899229789,45,48,16
WMT,1996-12-27,12.125,12.125,11.9375,12.0625,7.78712272644043,3398400,False,0.0051944204504146855,0.010149154334187411,0.10147413044484137,45,48,16
WMT,1996-12-30,12.125,12.125,11.75,11.75,7.585391044616699,4069600,True,-0.026247270433165264,0.017187405811948532,0.17184456969928708,43,40,13
WMT,1996-12-31,11.6875,11.6875,11.375,11.375,7.343297481536865,6244800,False,-0.0324361765534311,0.022365196963853744,0.22361359768566086,41,40,13
WMT,1997-01-02,11.5,11.5625,11.25,11.5,7.42399263381958,7448200,True,0.010929013361139647,0.023654602988324287,0.23650544569734683,40,40,13
WMT,1997-01-03,11.5,11.5625,11.3125,11.3125,7.302952289581299,5615400,False,-0.01643831364397701,0.019114835425852683,0.19111555894868046,42,40,13
WMT,1997-01-06,11.4375,11.5,11.0,11.0625,7.14155912399292,9480800,True,-0.02234757240934612,0.01682449738976385,0.1682161081191678,43,40,13
WMT,1997-01-07,11.25,11.9375,11.25,11.9375,7.706428050994873,13868200,False,0.0761236751972954,0.04383455603870361,0.4382703534697261,32,32,10
WMT,1997-01-08,12.0625,12.125,11.75,11.8125,7.625729084014893,8917000,False,-0.010526856917447376,0.04034180035833949,0.4033487891845765,33,32,10
WMT,1997-01-09,11.8125,12.0625,11.8125,11.9375,7.706428050994873,7612400,False,0.010526856917447317,0.040333774330828964,0.4032685426797211,33,32,10
WMT,1997-01-10,11.75,12.0625,11.75,12.0,7.746778011322021,7199000,False,0.0052222240310695195,0.0382327361746353,0.3822617658674879,34,32,10
WMT,1997-01-13,12.0,12.0625,11.625,11.75,7.585391044616699,5137400,True,-0.02105284998275054,0.037946960080565854,0.37940449523263925,34,32,10
WMT,1997-01-14,11.875,11.9375,11.6875,11.75,7.585391044616699,11452600,False,0.0,0.012668877276058251,0.12666703677665078,44,48,16
WMT,1997-01-15,11.625,11.6875,11.4375,11.5625,7.46433687210083,7666000,False,-0.0160875710191955,0.01368028589091496,0.13677938765216077,44,48,16
WMT,1997-01-16,11.625,11.625,11.375,11.5625,7.46433687210083,7883000,False,0.0,0.011462436455115162,0.11460469845689734,45,48,16
WMT,1997-01-17,11.625,11.6875,11.375,11.6875,7.545038223266602,12106600,False,0.010753562801589994,0.013023232024774687,0.1302099762976192,44,48,16
WMT,1997-01-20,11.75,11.78125,11.4375,11.4375,7.383643627166748,5138400,True,-0.02162292505350144,0.013197203224719298,0.13194938981479856,44,48,16
WMT,1997-01-21,11.4375,11.5625,11.375,11.4375,7.383643627166748,10868800,False,0.0,0.013197203224719298,0.13194938981479856,44,48,16
WMT,1997-01-22,11.4375,11.5625,11.375,11.5625,7.46433687210083,8006800,False,0.01086936225191148,0.013241346575786503,0.13239074758875388,44,48,16
WMT,1997-01-23,11.5,11.625,11.375,11.375,7.343297481536865,15109600,False,-0.01634860553423555,0.015125760798151602,0.15123165672423414,43,40,13
WMT,1997-01-24,11.4375,11.5625,11.375,11.5,7.42399263381958,7028800,False,0.010929013361139647,0.015166574854161983,0.1516397272596904,43,40,13
WMT,1997-01-27,11.4375,11.5,11.375,11.4375,7.383643627166748,8305400,True,-0.005449770078815484,0.011560312124216739,0.1155832872226957,45,48,16
WMT,1997-01-28,11.5,11.625,11.4375,11.4375,7.383643627166748,8685800,False,0.0,0.011560312124216739,0.1155832872226957,45,48,16
WMT,1997-01-29,11.5,11.5625,11.4375,11.5,7.42399263381958,5979600,False,0.005449770078815524,0.010491017919170042,0.10489217975955267,45,48,16
WMT,1997-01-30,11.5,11.625,11.5,11.625,7.504688262939453,6533000,False,0.010810923701218502,0.007092150933433384,0.07090934133590972,47,48,16
WMT,1997-01-31,11.625,12.125,11.625,11.875,7.666080474853516,11413200,False,0.021277537563301585,0.01028440317410641,0.10282638679769078,45,48,16
WMT,1997-02-03,11.875,11.875,11.625,11.6875,7.545038223266602,5331600,True,-0.015915306289834105,0.013775852665702875,0.1377348914361909,44,48,16
WMT,1997-02-04,11.6875,11.75,11.625,11.75,7.585391044616699,4362400,False,0.005334008217605374,0.013562107484010193,0.13559780634172364,44,48,16
WMT,1997-02-05,11.8125,12.0625,11.5,11.5625,7.46433687210083,10028200,False,-0.0160875710191955,0.016615458460640872,0.16612607747588334,43,40,13
WMT,1997-02-06,11.75,11.9375,11.6875,11.8125,7.625729084014893,7755400,False,0.021391340053429023,0.018706159004052387,0.18702949589653017,42,40,13
WMT,1997-02-07,12.0,12.0,11.8125,11.9375,7.706428050994873,7768400,False,0.010526856917447317,0.016609121112110617,0.16606271486356525,43,40,13
WMT,1997-02-10,12.0625,12.25,12.0625,12.25,7.908167839050293,7459800,True,0.02584133662435784,0.016443297656551444,0.1644047648111609,43,40,13
WMT,1997-02-11,12.25,12.4375,12.1875,12.25,7.908167839050293,8302800,False,0.0,0.016938700309388766,0.16935794137754717,43,40,13
WMT,1997-02-12,12.375,12.5,12.3125,12.5,8.06955337524414,7213600,False,0.020202007874477606,0.01035253057069847,0.10350754387748441,45,48,16
WMT,1997-02-13,12.5,12.5625,12.3125,12.4375,8.02920913696289,9932000,False,-0.005012102353643107,0.013040170354208036,0.13037933053087267,44,48,16
WMT,1997-02-14,12.4375,12.4375,12.1875,12.3125,7.948514461517334,6161600,False,-0.010100983541567764,0.015903699724803426,0.15900971128147695,43,40,13
WMT,1997-02-18,12.3125,12.4375,12.0,12.4375,8.02920913696289,7685600,True,0.01010098354156784,0.0121568435791485,0.12154757830341097,45,48,16
WMT,1997-02-19,12.3125,12.375,12.1875,12.1875,7.867816925048828,7270000,False,-0.020305402600444753,0.016158416861420534,0.16155644562963387,43,40,13
WMT,1997-02-20,12.1875,12.1875,11.75,11.875,7.666080474853516,8159400,False,-0.025975167424199804,0.01405357567095948,0.14051164499958996,44,48,16
WMT,1997-02-21,11.875,12.0625,11.875,12.0,7.746778011322021,8271800,False,0.01047155191052187,0.016913564661615952,0.16910662802503243,43,40,13
WMT,1997-02-24,11.9375,12.375,11.875,12.3125,7.948514461517334,7419400,True,0.025708034572555057,0.02213371301310987,0.2212991553350754,41,40,13
WMT,1997-02-25,12.5625,13.3125,12.375,13.1875,8.513386726379395,22502400,False,0.06865478259428946,0.038358000582823876,0.3835141950333156,34,32,10
WMT,1997-02-26,13.3125,13.5,12.9375,13.375,8.63442611694336,18787800,False,0.014117415665793207,0.03401880394814152,0.3401296734431404,36,32,10
WMT,1997-02-27,13.375,13.5,13.3125,13.375,8.63442611694336,11399600,False,0.0,0.02670876083063295,0.26704178410394747,39,40,13
WMT,1997-02-28,13.4375,13.4375,13.1875,13.1875,8.513386726379395,7069000,False,-0.01411741566579312,0.031591600197211286,0.3158618002856255,37,40,13
WMT,1997-03-03,13.125,13.5625,13.125,13.5,8.715119361877441,8575000,True,0.023419541406691453,0.03148420522612471,0.31478803483223694,37,40,13
WMT,1997-03-04,13.5625,13.6875,13.25,13.25,8.553728103637695,6146600,False,-0.0186921515941926,0.017972233154186258,0.17969149659393907,42,40,13
WMT,1997-03-05,13.3125,13.375,13.125,13.3125,8.594077110290527,5977800,False,0.004706034459346322,0.01669529635299749,0.16692431942163313,43,40,13
WMT,1997-03-06,13.5,13.6875,13.3125,13.625,8.795819282531738,12960200,False,0.023203269181354437,0.01993187526979293,0.1992845555933909,42,40,13
WMT,1997-03-07,13.75,13.84375,13.625,13.625,8.795819282531738,7154800,False,0.0,0.01764496500452292,0.17641937659104245,42,40,13
WMT,1997-03-10,13.75,13.84375,13.6875,13.6875,8.836166381835938,7255200,True,0.004576588308910837,0.014940102896281842,0.14937539623866963,44,48,16
WMT,1997-03-11,13.75,13.875,13.625,13.875,8.957210540771484,7779200,False,0.013605739565381542,0.00924272783817681,0.09241142064004416,46,48,16
WMT,1997-03-12,13.9375,14.375,13.875,14.375,9.27999210357666,20611600,False,0.035401840949076134,0.014304555444774535,0.14302101213191712,44,48,16
WMT,1997-03-13,14.8125,14.8125,14.375,14.5,9.360692977905272,20657000,False,0.0086586279598946,0.013779426150254818,0.13777062015068534,44,48,16
WMT,1997-03-14,14.5,14.5,13.9375,14.375,9.27999210357666,12985200,False,-0.008658627959894721,0.016086039746092285,0.16083279865371783,43,40,13
WMT,1997-03-17,14.3125,14.5,14.0625,14.4375,9.342435836791992,8245200,True,0.006706318579672066,0.01591003744840279,0.1590730776438426,43,40,13
WMT,1997-03-18,14.5,14.5625,14.3125,14.5625,9.423324584960938,10431200,False,0.00862094019378501,0.015873256013374942,0.15870532639944662,43,40,13
WMT,1997-03-19,14.8125,14.9375,14.75,14.9375,9.665986061096191,19190200,False,0.025425176703317218,0.012078145614598782,0.12076073367995682,45,48,16
WMT,1997-03-20,14.875,14.9375,14.625,14.6875,9.504207611083984,11126600,False,-0.016878524384547226,0.016426277610128315,0.16423459354821143,43,40,13
WMT,1997-03-21,14.6875,14.9375,14.6875,14.875,9.625536918640137,11929800,False,0.012685055390524657,0.015364069600164836,0.1536143358781206,43,40,13
WMT,1997-03-24,14.9375,14.9375,14.75,14.875,9.625536918640137,7407000,True,0.0,0.015718773159148942,0.15716076290331218,43,40,13
WMT,1997-03-25,14.9375,14.9375,14.5625,14.625,9.46376132965088,16439200,False,-0.01694975477519745,0.018546306834574346,0.18543124846000575,42,40,13
WMT,1997-03-26,14.625,14.8125,14.5625,14.8125,9.585098266601562,12647400,False,0.012739720970713192,0.014843063372788833,0.1484051674943825,44,48,16
WMT,1997-03-27,14.75,14.8125,14.125,14.4375,9.342435836791992,9004600,False,-0.02564261409859536,0.01738608437001919,0.17383101440732973,43,40,13
WMT,1997-03-31,14.3125,14.5,13.8125,13.9375,9.01888656616211,12109800,True,-0.03524612857313688,0.01937690490516003,0.19373580410933056,42,40,13
WMT,1997-04-01,13.8125,14.0,13.75,13.875,8.978448867797852,7407400,False,-0.004493750373417852,0.018714952232838557,0.18711741309785535,42,40,13
WMT,1997-04-02,13.8125,13.9375,13.75,13.875,8.978448867797852,7122400,False,0.0,0.019545301415542192,0.19541948029537642,42,40,13
WMT,1997-04-03,13.875,13.9375,13.75,13.875,8.978448867797852,10021600,False,0.0,0.016317574500077772,0.1631477489495563,43,40,13
WMT,1997-04-04,13.8125,13.9375,13.6875,13.9375,9.01888656616211,8181200,False,0.004493750373417969,0.01607963967531979,0.16076880892658985,43,40,13
WMT,1997-04-07,13.875,14.0625,13.8125,14.0,9.059330940246582,3966000,True,0.004474383776518019,0.003755118938890451,0.037544746733952625,48,48,16
WMT,1997-04-08,13.9375,14.3125,13.8125,14.3125,9.261547088623049,6765000,False,0.022075837235481233,0.009148918793632378,0.09147349114271233,46,48,16
WMT,1997-04-09,14.375,14.4375,14.1875,14.3125,9.261547088623049,6755200,False,0.0,0.009148918793632378,0.09147349114271233,46,48,16
WMT,1997-04-10,14.1875,14.25,14.0625,14.1875,9.180660247802734,4903400,False,-0.008771982443889754,0.011239393555250698,0.11237465213280089,45,48,16
WMT,1997-04-11,14.0,14.125,13.8125,13.8125,8.938000679016113,6279400,False,-0.026787197983866737,0.01792785599074016,0.17924780109734653,42,40,13
WMT,1997-04-14,13.75,13.9375,13.5625,13.875,8.978448867797852,6522600,True,0.0045152090423394905,0.017931437952239296,0.17928361456676906,42,40,13
WMT,1997-04-15,14.0,14.25,13.9375,14.25,9.22110652923584,5905600,False,0.026667908861121727,0.01950792238361512,0.19504575410728478,42,40,13
WMT,1997-04-16,14.1875,14.1875,13.9375,14.0,9.059330940246582,9009600,False,-0.017699774711185848,0.020867915770634328,0.2086433546377686,41,40,13
WMT,1997-04-17,14.0,14.0625,13.875,13.9375,9.01888656616211,4158400,False,-0.004474383776517964,0.020731663182420885,0.207281062524105,41,40,13
WMT,1997-04-18,13.9375,14.0625,13.9375,14.0625,9.099773406982422,6279200,False,0.008928626984588994,0.016433468816590337,0.1643064932748837,43,40,13
WMT,1997-04-21,14.0,14.0,13.8125,13.875,8.978448867797852,5159400,True,-0.01342237735800682,0.018057962868234013,0.18054864664800585,42,40,13
WMT,1997-04-22,13.875,13.9375,13.6875,13.875,8.978448867797852,6280000,False,0.0,0.010617759370177362,0.10615937681940653,45,48,16
WMT,1997-04-23,13.9375,14.1875,13.875,14.0,9.059330940246582,6237000,False,0.008968134149935882,0.009491155541891236,0.09489527144994994,46,48,16
WMT,1997-04-24,13.9375,14.0,13.75,13.75,8.897555351257324,4300000,False,-0.01801871030038754,0.012532878645727953,0.1253072838061033,44,48,16
WMT,1997-04-25,13.8125,13.875,13.5625,13.5625,8.776226997375488,4076000,False,-0.013729971035186455,0.011309767023305219,0.1130782660736359,45,48,16
WMT,1997-04-28,13.5,13.9375,13.5,13.875,8.978448867797852,4159600,True,0.022780547185638204,0.016677580652815764,0.16674719281463035,43,40,13
WMT,1997-04-29,14.0625,14.0625,13.6875,13.875,8.978448867797852,5607400,False,0.0,0.016677580652815764,0.16674719281463035,43,40,13
WMT,1997-04-30,13.875,14.25,13.8125,14.0625,9.099773406982422,8527800,False,0.013422377358006722,0.017380531587259173,0.1737754961066351,43,40,13
WMT,1997-05-01,14.0,14.125,13.9375,14.125,9.140219688415527,5320800,False,0.004434908227693327,0.013806587693838272,0.13804218898547846,44,48,16
WMT,1997-05-02,14.125,14.1875,14.0625,14.1875,9.180660247802734,5157200,False,0.004414703355827318,0.00911489657686722,0.0911333273469544,46,48,16
WMT,1997-05-05,14.1875,14.3125,13.9375,14.1875,9.180660247802734,12384400,True,0.0,0.005479733852260966,0.05478793694705032,47,48,16
WMT,1997-05-06,14.125,14.25,14.0,14.1875,9.180660247802734,8031200,False,0.0,0.005479733852260966,0.05478793694705032,47,48,16
WMT,1997-05-07,14.3125,14.40625,14.0,14.125,9.140219688415527,6491200,False,-0.00441470335582727,0.003698443599352589,0.03697809057641463,48,48,16
WMT,1997-05-08,14.1875,14.6875,14.1875,14.625,9.46376132965088,10392800,False,0.03478548648873676,0.015866657395670905,0.15863935154365005,43,40,13
WMT,1997-05-09,14.625,14.625,14.375,14.5,9.382884979248049,5158800,False,-0.008582624784526456,0.01737984720392545,0.17376865344749387,43,40,13
WMT,1997-05-12,14.46875,14.9375,14.46875,14.875,9.625536918640137,7276800,True,0.02553237955972405,0.01941157430870383,0.194082438662497,42,40,13
WMT,1997-05-13,15.0,15.09375,14.5,15.0,9.706426620483398,14121800,False,0.008368541949154836,0.018740739722839843,0.18737524375428954,42,40,13
WMT,1997-05-14,15.0625,15.125,15.0,15.0625,9.746867179870604,8968600,False,0.004157714170035053,0.017298879997864818,0.17295912030226668,43,40,13
WMT,1997-05-15,15.0,15.25,14.9375,15.25,9.868202209472656,7079600,False,0.012371771399359516,0.012406614028667499,0.12404485426761441,45,48,16
WMT,1997-05-16,15.25,15.25,14.9375,14.9375,9.665986061096191,9377800,False,-0.020704558524526667,0.016913276916832292,0.16910375107087935,43,40,13
WMT,1997-05-19,15.0,15.25,14.9375,15.25,9.868202209472656,4611400,True,0.020704558524526698,0.015602523366115438,0.1559984644226662,43,40,13
WMT,1997-05-20,15.125,15.25,15.125,15.25,9.868202209472656,4256400,False,0.0,0.015596955018777475,0.15594279050289622,43,40,13
WMT,1997-05-21,15.25,15.3125,14.9375,15.0,9.706426620483398,7292000,False,-0.01652948556939441,0.017889835037766554,0.17886765680013306,42,40,13
WMT,1997-05-22,15.0625,15.125,14.75,14.875,9.625536918640137,4103600,False,-0.008368541949154793,0.016406031818143936,0.16403217036405884,43,40,13
WMT,1997-05-23,15.0,15.0625,14.875,15.0625,9.746867179870604,2977400,False,0.012526256119189777,0.015124112828096852,0.1512151798511077,43,40,13
WMT,1997-05-27,14.8125,15.0625,14.75,14.9375,9.665986061096191,3677000,True,-0.008332787125167182,0.010998443894949101,0.10996556892694952,45,48,16
WMT,1997-05-28,14.9375,15.0625,14.875,15.0,9.706426620483398,5154200,False,0.004175072955132123,0.011536737804979732,0.11534758447676875,45,48,16
WMT,1997-05-29,15.0,15.1875,14.875,15.0625,9.746867179870604,4498400,False,0.004157714170035053,0.009050351262079719,0.09048798493943107,46,48,16
WMT,1997-05-30,15.0,15.0,14.875,14.9375,9.665986061096191,4833200,False,-0.008332787125167182,0.009041274243294975,0.09039723032501845,46,48,16
WMT,1997-06-02,15.0,15.3125,14.9375,15.1875,9.827754974365234,6997600,True,0.01659739159803781,0.010433134407826835,0.10431344395682075,45,48,16
WMT,1997-06-03,15.25,15.5625,15.25,15.4375,9.989527702331545,8021000,False,0.01632679153410637,0.010360867787578719,0.10359090174212969,45,48,16
WMT,1997-06-04,15.375,15.625,15.3125,15.4375,9.989527702331545,7040800,False,0.0,0.010764027950259452,0.1076218116673263,45,48,16
WMT,1997-06-05,15.5,15.59375,15.4375,15.5,10.029977798461914,5768400,False,0.004041073959147581,0.01076846649251006,0.10766618947462853,45,48,16
WMT,1997-06-06,15.375,15.6875,15.3125,15.6875,10.151305198669434,5191600,False,0.012023899764471171,0.007465830095482434,0.07464549183532178,47,48,16
WMT,1997-06-09,15.8125,15.9375,15.71875,15.9375,10.313077926635742,5852200,True,0.01581050323868218,0.0072929562097267765,0.07291704957737076,47,48,16
WMT,1997-06-10,16.0,16.0,15.6875,15.6875,10.151305198669434,7141400,False,-0.01581050323868224,0.01234131064212808,0.12339193244319509,45,48,16
WMT,1997-06-11,15.5,15.75,15.4375,15.6875,10.151305198669434,7370200,False,0.0,0.01234131064212808,0.12339193244319509,45,48,16
WMT,1997-06-12,15.75,15.875,15.6875,15.8125,10.232192039489746,7285000,False,0.007936544397144503,0.01252819880917522,0.12526049346976828,44,48,16
WMT,1997-06-13,15.875,16.0625,15.875,16.0,10.353516578674316,7488200,False,0.01178739543971108,0.01249068345811354,0.1248854043242132,45,48,16
WMT,1997-06-16,16.0625,16.5,16.0625,16.4375,10.63662815093994,7177600,True,0.026977302522496735,0.015722839593934803,0.15720142027439146,43,40,13
WMT,1997-06-17,16.5625,16.75,16.5,16.6875,10.7984037399292,8668400,False,0.015094790766046393,0.009922311296693206,0.09920608926434098,46,48,16
WMT,1997-06-18,16.5,16.5625,16.4375,16.5,10.69886589050293,4703400,False,-0.00926057703941771,0.013146505674052695,0.13144250128988497,44,48,16
WMT,1997-06-19,16.5,16.5625,16.4375,16.5,10.69886589050293,5087200,False,0.0,0.013986743306167023,0.13984343601590718,44,48,16
WMT,1997-06-20,16.5625,16.875,16.5,16.875,10.942020416259766,11852000,False,0.02247271719311116,0.015290025926616765,0.15287402617931908,43,40,13
WMT,1997-06-23,16.75,16.875,16.3125,16.3125,10.577287673950195,4654600,True,-0.033901431459055824,0.02214543621794033,0.22141636726988564,41,40,13
WMT,1997-06-24,16.3125,16.8125,16.25,16.78125,10.88123607635498,5773800,False,0.028330814891138378,0.02515474535734347,0.2515042955943194,39,40,13
WMT,1997-06-25,16.78125,16.90625,16.125,16.34375,10.597553253173828,9015800,False,-0.026416695632260616,0.028003131297715478,0.2799832680242626,38,40,13
WMT,1997-06-26,16.4375,16.8125,16.34375,16.5,10.69886589050293,6051600,False,0.009514595007067077,0.028483918584380978,0.2847903160045042,38,40,13
WMT,1997-06-27,16.625,16.65625,16.34375,16.34375,10.597553253173828,5120400,False,-0.009514595007067035,0.02562323820009481,0.25618842022898836,39,40,13
WMT,1997-06-30,16.5625,16.96875,16.375,16.90625,10.962284088134766,8478600,True,0.0338375127077135,0.025351890192894036,0.25347540570856786,39,40,13
WMT,1997-07-01,16.96875,17.03125,16.8125,16.96875,11.002816200256348,7282000,False,0.003690596227200628,0.022432130472075897,0.22428281793010887,41,40,13
WMT,1997-07-02,17.0,17.25,16.8125,17.25,11.185173034667969,4709600,False,0.01643780682900629,0.016026464703373797,0.1602371504393923,43,40,13
WMT,1997-07-03,17.40625,17.78125,17.40625,17.71875,11.489130020141602,6471400,False,0.026812307665914345,0.017482317305131067,0.17479317865166866,43,40,13
WMT,1997-07-07,17.84375,18.0,17.5,17.59375,11.408075332641602,8523600,True,-0.007079905588781853,0.01666985119236365,0.16666991147153912,43,40,13
WMT,1997-07-08,17.53125,17.5625,17.40625,17.5,11.347282409667969,4510800,False,-0.00534318715589754,0.014518121074998903,0.14515630201975754,44,48,16
WMT,1997-07-09,17.53125,17.59375,16.59375,16.8125,10.901494979858398,8805200,False,-0.04007834604088439,0.02577272040838502,0.25768298584536964,39,40,13
WMT,1997-07-10,17.0,17.75,17.0,17.53125,11.367547035217283,10703600,False,0.04186261045499233,0.03203127472962101,0.32025779126043324,37,40,13
WMT,1997-07-11,17.5625,17.75,17.53125,17.71875,11.489130020141602,6099800,False,0.010638828330571589,0.02979350330128912,0.2978839163199976,38,40,13
WMT,1997-07-14,17.78125,17.875,17.65625,17.84375,11.57017993927002,7645800,True,0.007029720580618664,0.029622993408934754,0.2961791099401577,38,40,13
WMT,1997-07-15,17.84375,17.875,17.53125,17.875,11.590442657470703,5570200,False,0.001749756362189378,0.029302326998997603,0.2929729960079227,38,40,13
WMT,1997-07-16,17.84375,18.0,17.78125,17.90625,11.610697746276855,6320800,False,0.0017460429616466522,0.016783255068696264,0.1678037556679135,43,40,13
WMT,1997-07-17,17.875,17.90625,17.6875,17.75,11.509385108947754,7179800,False,-0.00876409366198198,0.007327482993167377,0.07326225817419843,47,48,16
WMT,1997-07-18,17.625,18.03125,17.3125,17.5,11.347282409667969,8954400,False,-0.014184518987152292,0.008698714771976594,0.08697222334088134,46,48,16
WMT,1997-07-21,17.4375,17.875,17.40625,17.875,11.590442657470703,10963000,True,0.021202569687487658,0.01353751142059714,0.135351887907042,44,48,16
WMT,1997-07-22,17.875,18.09375,17.71875,18.0625,11.712021827697754,9170000,False,0.010434971246767013,0.014297888339946033,0.14295435252237923,44,48,16
WMT,1997-07-23,18.09375,18.5625,17.78125,18.25,11.83359432220459,13508200,False,0.010326642046693927,0.01475439473375837,0.1475186332328002,44,48,16
WMT,1997-07-24,18.40625,18.625,18.15625,18.5,11.995702743530272,6680200,False,0.013606017979772919,0.013312085598371638,0.1330980164477134,44,48,16
WMT,1997-07-25,18.59375,19.375,18.59375,19.1875,12.441492080688477,10161000,False,0.036488541348688154,0.011030096216001097,0.11028203783160426,45,48,16
WMT,1997-07-28,19.125,19.5625,19.125,19.28125,12.502264022827148,7858600,True,0.004872727437773788,0.012337298607624841,0.12335181898160752,45,48,16
WMT,1997-07-29,19.34375,19.375,18.75,18.875,12.238853454589844,6814400,False,-0.021294149047800057,0.020695198981032926,0.20691648307183036,41,40,13
WMT,1997-07-30,18.96875,19.03125,18.8125,18.9375,12.279379844665527,5946600,False,0.003305819508980262,0.020803613979752167,0.20800044705148488,41,40,13
WMT,1997-07-31,18.84375,18.9375,18.75,18.75,12.157801628112791,4621800,False,-0.0099503471627548,0.02169390791061823,0.21690185888346747,41,40,13
WMT,1997-08-01,18.75,18.75,18.125,18.34375,11.89438247680664,7329000,False,-0.021904845143106415,0.01286924510668621,0.12867037131198272,44,48,16
WMT,1997-08-04,18.375,19.125,18.375,18.9375,12.279379844665527,6059400,True,0.03185519230586105,0.022322847895276794,0.22319017965815885,41,40,13
WMT,1997-08-05,18.9375,18.96875,18.6875,18.8125,12.198330879211426,3881000,False,-0.006622290994987044,0.020286499884596628,0.2028301933122229,41,40,13
WMT,1997-08-06,18.71875,19.21875,18.6875,19.1875,12.441492080688477,6216800,False,0.019737893096033014,0.022319387785310885,0.22315558449500802,41,40,13
WMT,1997-08-07,19.28125,19.5,18.96875,19.03125,12.34017848968506,6682600,False,-0.008176539605365124,0.022082411413851245,0.22078622736060732,41,40,13
WMT,1997-08-08,18.875,19.0,18.09375,18.53125,12.015966415405272,5889000,False,-0.02662418266241239,0.0234691780194402,0.23465151414199611,40,40,13
WMT,1997-08-11,18.59375,18.625,18.21875,18.5,11.995702743530272,6363800,True,-0.0016878190809107153,0.01660370395188538,0.1660085525555309,43,40,13
WMT,1997-08-12,18.5625,18.75,17.875,17.96875,11.651229858398438,7440400,False,-0.029136739263006497,0.019974703801044495,0.19971276742502528,42,40,13
WMT,1997-08-13,18.25,18.625,17.875,18.46875,11.975435256958008,9353600,False,0.027445748088424635,0.0228540748986045,0.22850153826563574,40,40,13
WMT,1997-08-14,18.53125,18.53125,17.53125,17.90625,11.610697746276855,6712600,False,-0.030930597137005557,0.025139788476441258,0.2513547524468075,39,40,13
WMT,1997-08-15,17.5,17.96875,17.375,17.53125,11.367547035217283,11314000,False,-0.021164348235026435,0.024465441744654426,0.2446124421051579,40,40,13
WMT,1997-08-18,17.59375,17.9375,17.40625,17.84375,11.57017993927002,5781600,True,0.017668548911190445,0.027650201722521566,0.2764545777933502,38,40,13
WMT,1997-08-19,17.90625,17.96875,17.59375,17.9375,11.630967140197754,5638200,False,0.005240028849454411,0.024984645961589974,0.2498035934761995,40,40,13
WMT,1997-08-20,17.96875,18.78125,17.96875,18.59375,12.056488990783691,8134600,False,0.03593189829244039,0.027505762471252873,0.2750104330949862,38,40,13
WMT,1997-08-21,18.65625,18.6875,18.21875,18.34375,11.89438247680664,4458800,False,-0.013536792564690382,0.023159068017336956,0.23155094617647862,40,40,13
WMT,1997-08-22,18.0,18.25,17.5,18.125,11.752538681030272,8065200,False,-0.011996952676137313,0.020832911467443985,0.2082933716627238,41,40,13
WMT,1997-08-25,18.125,18.46875,18.0,18.375,11.91464614868164,4053600,True,0.013699136926192963,0.020379288143986204,0.20375791670936655,41,40,13
WMT,1997-08-26,18.28125,18.46875,17.875,18.03125,11.69175148010254,4279800,False,-0.01888482066671396,0.023222520202510012,0.2321853591633392,40,40,13
WMT,1997-08-27,17.90625,18.15625,17.65625,17.96875,11.651229858398438,4465600,False,-0.0034718497881292055,0.01274479759315908,0.1274261096912238,44,48,16
WMT,1997-08-28,17.75,18.125,17.625,17.78125,11.529647827148438,4469000,False,-0.010489951915994968,0.012412970078000915,0.12410840385587917,45,48,16
WMT,1997-08-29,17.6875,17.90625,17.59375,17.75,11.509385108947754,3977400,False,-0.0017589907945678768,0.012063100090306136,0.12061030425062592,45,48,16
WMT,1997-09-02,17.96875,18.84375,17.9375,18.84375,12.21859359741211,6798000,True,0.05979605791810077,0.03134677086063931,0.31341392697342824,37,40,13
WMT,1997-09-03,18.8125,19.15625,18.78125,19.0,12.319910049438477,6731000,False,0.008257800004859048,0.028377793857572796,0.28372925081454237,38,40,13
WMT,1997-09-04,18.96875,19.34375,18.9375,19.03125,12.34017848968506,5832800,False,0.0016438257939326583,0.027836682353859634,0.2783190641620414,38,40,13
WMT,1997-09-05,19.0625,19.28125,18.5,18.90625,12.259113311767578,5059000,False,-0.006590878471245892,0.027112196640807433,0.27107545003115335,39,40,13
WMT,1997-09-08,19.21875,19.25,18.96875,19.15625,12.421222686767578,3841200,True,0.013136912429816062,0.025980084761804512,0.2597562736046876,39,40,13
WMT,1997-09-09,19.21875,19.53125,19.0625,19.3125,12.522539138793944,6373600,False,0.00812363507312547,0.007618321866468009,0.0761701479151521,46,48,16
WMT,1997-09-10,19.25,19.75,18.75,18.8125,12.198330879211426,7342200,False,-0.026231022522363458,0.015436230342113548,0.15433581949147293,43,40,13
WMT,1997-09-11,18.75,19.0625,18.53125,19.0625,12.360433578491213,6923200,False,0.01320140138019816,0.016910183201007612,0.16907281922051864,43,40,13
WMT,1997-09-12,19.0625,19.5,18.59375,19.375,12.563072204589844,5563200,False,0.01626120282581376,0.017644895117877236,0.17641867784449008,42,40,13
WMT,1997-09-15,19.40625,19.53125,19.09375,19.125,12.400957107543944,3221000,True,-0.012988077681503004,0.01844532881256302,0.18442164148781465,42,40,13
WMT,1997-09-16,19.375,19.5,19.0,19.125,12.400957107543944,8188200,False,0.0,0.017863528328284042,0.17860463483971112,42,40,13
WMT,1997-09-17,19.15625,19.3125,19.0,19.0,12.341849327087402,5926600,False,-0.004777784044143765,0.012276586873457533,0.12274480580301451,45,48,16
WMT,1997-09-18,19.09375,19.40625,18.875,18.9375,12.301249504089355,5407800,False,-0.0032950287631921017,0.010749347815021607,0.10747503550164567,45,48,16
WMT,1997-09-19,18.9375,19.21875,18.75,19.125,12.423043251037598,10006600,False,0.009852231837491551,0.008281217652173826,0.08279796844237175,46,48,16
WMT,1997-09-22,19.125,19.78125,19.03125,19.203125,12.47378921508789,4088000,True,0.004076505265766442,0.00592685482385766,0.05925837953787725,47,48,16
WMT,1997-09-23,19.09375,19.125,18.4375,18.53125,12.037364959716797,6539400,False,-0.0356140212589022,0.01759700575056849,0.17593986633515682,42,40,13
WMT,1997-09-24,18.65625,18.71875,18.25,18.34375,11.915567398071287,6026800,False,-0.010169828860313694,0.01767214628851368,0.17669114279604003,42,40,13
WMT,1997-09-25,18.34375,18.5,17.90625,17.96875,11.671978950500488,5160800,False,-0.02065472210079489,0.01844335439191084,0.18440190066880496,42,40,13
WMT,1997-09-26,18.03125,18.21875,18.03125,18.125,11.773470878601074,5103600,False,0.008657761979329201,0.01811867639649401,0.18115567776444763,42,40,13
WMT,1997-09-29,18.15625,18.4375,18.125,18.375,11.93586540222168,4080200,True,0.013698996994512602,0.020447368924087994,0.20443860770423739,41,40,13
WMT,1997-09-30,18.34375,18.4375,18.28125,18.3125,11.895268440246582,4639000,False,-0.003407055787974121,0.013928998101630164,0.13926608304394586,44,48,16
WMT,1997-10-01,18.46875,18.53125,18.375,18.46875,11.9967622756958,5960800,False,0.008496092037623032,0.01381850914923558,0.1381613830858188,44,48,16
WMT,1997-10-02,18.34375,18.53125,18.25,18.4375,11.97647190093994,5407800,False,-0.001692752796838684,0.0073592211440128815,0.07357958522953013,47,48,16
WMT,1997-10-03,18.625,18.625,18.28125,18.5,12.01706886291504,5977600,False,0.0033839941437330684,0.007104414447205698,0.0710319554331308,47,48,16
WMT,1997-10-06,18.5,18.5625,18.34375,18.4375,11.97647190093994,4097000,True,-0.0033839941437330515,0.005178148934624689,0.051772605199720996,47,48,16
WMT,1997-10-07,18.3125,18.4375,18.28125,18.28125,11.87496566772461,4512200,False,-0.008511591449569719,0.006515661680812653,0.0651454378919122,47,48,16
WMT,1997-10-08,18.34375,18.34375,17.75,17.96875,11.671978950500488,6890600,False,-0.017241450977082358,0.007823501940793799,0.07822159663109916,46,48,16
WMT,1997-10-09,17.75,17.9375,17.625,17.65625,11.468981742858888,6177400,False,-0.01754485628795658,0.009020781965468894,0.09019234270534446,46,48,16
WMT,1997-10-10,17.59375,18.0,17.53125,17.9375,11.651678085327148,5204600,False,0.015804059785182144,0.013675419645884996,0.13673073355087434,44,48,16
WMT,1997-10-13,17.9375,18.03125,17.8125,17.84375,11.59078598022461,3527000,True,-0.005239740867940102,0.013605720706298867,0.13603386373743523,44,48,16
WMT,1997-10-14,18.125,18.125,17.84375,18.0,11.692272186279297,5402800,False,0.008717656250583431,0.015085037883314762,0.1508244974441424,43,40,13
WMT,1997-10-15,17.875,18.34375,17.875,18.0625,11.732877731323242,5505400,False,0.0034668367849476395,0.012919417838145437,0.1291720125452545,44,48,16
WMT,1997-10-16,18.25,18.4375,17.53125,17.84375,11.59078598022461,4598000,False,-0.012184493035531162,0.011083552922567932,0.11081651318163833,45,48,16
WMT,1997-10-17,17.75,17.84375,17.0,17.34375,11.265995025634766,6395600,False,-0.02842157149515739,0.014535320592835375,0.1453282676889215,44,48,16
WMT,1997-10-20,17.34375,17.71875,17.03125,17.71875,11.509589195251465,4094200,True,0.021391632045963855,0.019313091391864906,0.19309777846117968,42,40,13
WMT,1997-10-21,17.6875,18.0625,17.6875,18.03125,11.712574005126951,4833000,False,0.017482435038043434,0.02080205564976768,0.20798486642526567,41,40,13
WMT,1997-10-22,18.125,18.28125,17.71875,17.8125,11.57048511505127,4066800,False,-0.012205496992664756,0.021386961330593254,0.2138329197112516,41,40,13
WMT,1997-10-23,17.3125,17.6875,17.125,17.5625,11.408090591430664,5362800,False,-0.014134664341461075,0.021617715484184872,0.21614006534242694,41,40,13
WMT,1997-10-24,17.8125,17.8125,16.84375,17.03125,11.063005447387695,5482000,False,-0.030716105234848506,0.022301126622376648,0.2229730041963302,41,40,13
WMT,1997-10-27,16.90625,17.375,15.46875,16.09375,10.45403003692627,9108600,True,-0.05661914591581778,0.02717069860513316,0.27166036930263116,39,40,13
WMT,1997-10-28,15.1875,17.5,15.125,17.28125,11.225398063659668,15899800,False,0.07119134170713719,0.04797186044446497,0.4796362991570481,30,32,10
WMT,1997-10-29,17.28125,17.9375,17.15625,17.375,11.286294937133787,7589200,False,0.005410256973031196,0.048277290001214196,0.48269007069926223,30,32,10
WMT,1997-10-30,17.0625,18.25,17.0625,17.375,11.286294937133787,8361200,False,0.0,0.04801989837697515,0.4801165960635025,30,32,10
WMT,1997-10-31,17.71875,17.90625,17.125,17.5,11.36749267578125,4358200,False,0.007168610190662597,0.04529668483167819,0.4528891328261186,31,32,10
WMT,1997-11-03,18.3125,18.4375,17.96875,18.15625,11.793779373168944,5115200,True,0.03681445829774823,0.029983491020758167,0.2997834675528899,38,40,13
WMT,1997-11-04,18.09375,18.21875,17.9375,18.1875,11.81407356262207,3871400,False,0.0017192748961372237,0.015136219107180743,0.151336221871212,43,40,13
WMT,1997-11-05,18.25,18.28125,18.03125,18.03125,11.712574005126951,4265600,False,-0.008628529579924365,0.017386828396076654,0.17383845339137938,43,40,13
WMT,1997-11-06,18.03125,18.5,18.03125,18.4375,11.97647190093994,5898400,False,0.022281084208516513,0.017860197861301837,0.17857133588396895,42,40,13
WMT,1997-11-07,18.125,18.21875,17.875,18.125,11.773470878601074,4713800,False,-0.017095280447322864,0.022221224853705576,0.22217412359702843,41,40,13
WMT,1997-11-10,18.3125,18.53125,18.25,18.3125,11.895268440246582,4373200,True,0.010291941206538407,0.015470479991013426,0.15467825721837292,43,40,13
WMT,1997-11-11,18.5,18.8125,18.4375,18.5625,12.05766487121582,4364200,False,0.013559835629117336,0.016352631081851195,0.16349825462073755,43,40,13
WMT,1997-11-12,18.4375,19.15625,18.40625,18.96875,12.321552276611328,10488800,False,0.02164940003122856,0.016072889004789214,0.16070131380340483,43,40,13
WMT,1997-11-13,19.125,19.3125,19.0,19.1875,12.463647842407228,6268800,False,0.011466288103684058,0.01469911455256625,0.14696592626504745,44,48,16
WMT,1997-11-14,19.4375,19.8125,19.40625,19.75,12.829035758972168,8622600,False,0.0288947858675585,0.007912156899521279,0.07910799411312294,46,48,16
WMT,1997-11-17,20.0,20.4375,19.875,19.90625,12.930526733398438,10570200,True,0.007879908644569526,0.008489040749529475,0.08487584285398464,46,48,16
WMT,1997-11-18,19.90625,19.9375,19.5625,19.625,12.74783420562744,6435400,False,-0.014229538312253312,0.016431887728858834,0.1642906851102398,43,40,13
WMT,1997-11-19,19.5,19.96875,19.375,19.71875,12.808728218078612,6150200,False,0.004765439629986571,0.015434840486569073,0.15432192332060238,43,40,13
WMT,1997-11-20,19.875,20.0625,19.84375,19.96875,12.971117973327637,5102200,False,0.012598360897514628,0.015511000273324438,0.15508339052086287,43,40,13
WMT,1997-11-21,20.125,20.125,19.84375,20.0,12.991421699523926,5785200,False,0.001564078906862586,0.010207897706996644,0.10206146338696982,45,48,16
WMT,1997-11-24,19.875,20.09375,19.75,19.78125,12.849323272705078,5182600,True,-0.01099812403286393,0.011173355526380577,0.11171438514549988,45,48,16
WMT,1997-11-25,19.90625,20.09375,19.78125,19.78125,12.849323272705078,5853400,False,0.0,0.00854776261800004,0.0854629607896214,46,48,16
WMT,1997-11-26,19.9375,20.03125,19.90625,19.9375,12.950817108154297,3314600,False,0.007867736958042111,0.008939852064332444,0.08938318254535504,46,48,16
WMT,1997-11-28,20.125,20.1875,19.9375,20.03125,13.01172161102295,1746800,True,0.004691730284794777,0.007165281576701772,0.0716405222983998,47,48,16
WMT,1997-12-01,20.125,20.4375,20.0,20.4375,13.275607109069824,5108000,True,0.020077685750960493,0.011339491835928724,0.1133754632010306,45,48,16
WMT,1997-12-02,20.5,20.6875,20.28125,20.375,13.235013008117676,5027200,False,-0.0030624808095517765,0.008964842786801906,0.0896330468934845,46,48,16
WMT,1997-12-03,20.4375,20.53125,19.9375,20.4375,13.275607109069824,5235000,False,0.0030624808095517783,0.008554938768486021,0.08553470998236481,46,48,16
WMT,1997-12-04,20.5625,20.625,20.28125,20.53125,13.336502075195312,4813800,False,0.004576493504314648,0.008552648523200089,0.08551181145887773,46,48,16
WMT,1997-12-05,20.3125,20.5625,20.28125,20.46875,13.295910835266112,4433800,False,-0.0030482608914526557,0.009470270430677335,0.09468645617038171,46,48,16
WMT,1997-12-08,20.53125,20.53125,20.0,20.1875,13.113218307495115,3099000,True,-0.013835779374490783,0.007247886142124486,0.0724664262280315,47,48,16
WMT,1997-12-09,20.25,20.3125,19.8125,20.03125,13.01172161102295,3760400,False,-0.007770138989331693,0.007640605128845616,0.0763929423075504,46,48,16
WMT,1997-12-10,19.78125,20.1875,19.78125,20.125,13.072617530822754,4122400,False,0.004669164137281995,0.00800557031303148,0.08004196797889634,46,48,16
WMT,1997-12-11,20.0,20.0625,19.53125,19.90625,12.930526733398438,6202000,False,-0.010928848469365458,0.007266415476408496,0.07265168778010565,47,48,16
WMT,1997-12-12,20.0,20.25,19.875,19.96875,12.971117973327637,5912400,False,0.0031342622152480707,0.00837467063024341,0.08373233788585811,46,48,16
WMT,1997-12-15,20.0625,20.625,20.03125,20.5625,13.356805801391602,6761200,True,0.029300861322790965,0.01582899981994542,0.1582628403954717,43,40,13
WMT,1997-12-16,20.84375,20.96875,20.15625,20.375,13.235013008117676,7140200,False,-0.009160234264546763,0.01609045795215564,0.16087697313403831,43,40,13
WMT,1997-12-17,20.5625,20.5625,19.96875,20.03125,13.033465385437012,4561600,False,-0.01534550838913473,0.01806515265020893,0.18062053213225107,42,40,13
WMT,1997-12-18,20.0625,20.0625,19.6875,19.78125,12.870790481567385,6095200,False,-0.012559869945764671,0.01831133966056767,0.18308197985295602,42,40,13
WMT,1997-12-19,19.59375,19.65625,19.0625,19.3125,12.565808296203612,9996600,False,-0.023980942090029583,0.020671315275481255,0.20667768699357067,41,40,13
WMT,1997-12-22,19.21875,19.5,19.0,19.0625,12.403143882751465,3639200,True,-0.013029518704053937,0.005580005910857809,0.05579048549631755,47,48,16
WMT,1997-12-23,19.1875,19.1875,18.5,18.59375,12.09814739227295,4059200,False,-0.024897646603156083,0.006014342533984812,0.06013310653654535,47,48,16
WMT,1997-12-24,19.0625,19.0625,18.375,18.59375,12.09814739227295,3163600,False,0.0,0.010166134352633511,0.10164390149669653,45,48,16
WMT,1997-12-26,18.5625,18.875,18.5625,18.78125,12.220144271850586,1533400,True,0.010033427077000523,0.0152251429780182,0.15222530801296322,43,40,13
WMT,1997-12-29,19.0,19.25,18.9375,18.96875,12.342148780822754,2664200,True,0.009934374784358982,0.015202918126337759,0.1520030976273214,43,40,13
WMT,1997-12-30,19.25,19.96875,19.25,19.8125,12.891140937805176,4663000,False,0.043520191774956835,0.024573453069025197,0.2456923700339115,40,40,13
WMT,1997-12-31,19.71875,19.8125,19.46875,19.71875,12.830137252807615,3827000,False,-0.004743450067214004,0.018879119365759336,0.18875880276562737,42,40,13
WMT,1998-01-02,19.71875,19.84375,19.40625,19.6875,12.809804916381836,3343000,True,-0.0015859895902687034,0.019137425220787815,0.19134141814073632,42,40,13
WMT,1998-01-05,19.90625,19.9375,19.5,19.875,12.931808471679688,4562000,True,0.009479162553242985,0.01914915129825431,0.19145865879697832,42,40,13
WMT,1998-01-06,19.5625,20.03125,19.5625,20.0,13.013136863708496,6729000,False,0.006269325863510395,0.019285156892511656,0.1928184813948483,42,40,13
WMT,1998-01-07,19.875,20.03125,19.6875,19.9375,12.9724702835083,5268800,False,-0.0031299336720460717,0.006246209692478081,0.06245138030715547,47,48,16
WMT,1998-01-08,20.0,20.09375,19.53125,19.65625,12.789475440979004,4866400,False,-0.01420683999278582,0.00923701677621476,0.0923543198188887,46,48,16
WMT,1998-01-09,19.6875,19.71875,19.03125,19.09375,12.423473358154297,6115400,False,-0.02903490565987444,0.01578178965823064,0.1577908197767655,43,40,13
WMT,1998-01-12,18.78125,19.875,18.78125,19.75,12.850469589233398,8704000,True,0.033792658708008017,0.023600541910160436,0.23596492766826255,40,40,13
WMT,1998-01-13,19.84375,19.875,19.28125,19.75,12.850469589233398,5518400,False,0.0,0.023264532902417645,0.23260541408125554,40,40,13
WMT,1998-01-14,19.84375,19.90625,19.5625,19.84375,12.911468505859377,6507800,False,0.004735593292460483,0.0234775758499685,0.23473547803912712,40,40,13
WMT,1998-01-15,19.875,19.96875,19.59375,19.96875,12.992806434631348,4439200,False,0.006279905248874821,0.022344314096986954,0.2234048048457131,41,40,13
WMT,1998-01-16,20.09375,20.21875,20.0,20.0625,13.05380153656006,7396200,False,0.004683543706962126,0.013563339607815283,0.13561012546582057,44,48,16
WMT,1998-01-20,19.78125,20.96875,19.78125,20.875,13.582462310791016,7682800,True,0.039700027772736075,0.016171575748349543,0.1616880119222308,43,40,13
WMT,1998-01-21,20.53125,20.65625,20.0,20.34375,13.236802101135254,6163400,False,-0.02577843641561398,0.023178342464324594,0.2317436575771997,40,40,13
WMT,1998-01-22,20.0625,20.1875,19.6875,20.0,13.013136863708496,5741200,False,-0.01704161298872111,0.025397369369675772,0.25393011944779326,39,40,13
WMT,1998-01-23,20.0625,20.09375,19.375,19.75,12.850469589233398,4918400,False,-0.012579020616698418,0.025917830070024888,0.2591338334972228,39,40,13
WMT,1998-01-26,19.71875,19.84375,19.0625,19.34375,12.586148262023926,4368600,True,-0.020783489631279833,0.026716225111845383,0.26711641410960973,39,40,13
WMT,1998-01-27,19.5,20.03125,19.4375,19.65625,12.789475440979004,5850000,False,0.01602573658314633,0.016417864651785782,0.16415047839889285,43,40,13
WMT,1998-01-28,19.75,20.3125,19.75,20.3125,13.216468811035156,6058000,False,0.03284108760482213,0.023534498000877098,0.23530460188691837,40,40,13
WMT,1998-01-29,20.3125,20.75,20.03125,20.09375,13.074134826660156,5019200,False,-0.010827851422878579,0.02257440461634589,0.22570531527315843,40,40,13
WMT,1998-01-30,20.125,20.34375,19.875,19.90625,12.952138900756836,3924800,False,-0.00937489712780007,0.02213608504674365,0.22132287160171676,41,40,13
WMT,1998-02-02,20.46875,20.53125,20.09375,20.40625,13.27746295928955,5903800,True,0.024807142986485394,0.019900078075364452,0.1989666382035305,42,40,13
WMT,1998-02-03,20.3125,21.1875,20.25,21.0,13.663800239562988,8837200,False,0.028681933894201116,0.02148923419459175,0.2148554728817549,41,40,13
WMT,1998-02-04,20.90625,21.6875,20.84375,21.5,13.98911190032959,8184800,False,0.023529288158617417,0.019692659060616898,0.1968928039247143,42,40,13
WMT,1998-02-05,21.75,21.9375,21.1875,21.40625,13.928129196166992,9032800,False,-0.004368827202378551,0.018013289484584902,0.180101989457608,42,40,13
WMT,1998-02-06,21.53125,21.59375,21.34375,21.53125,14.00944995880127,4221600,False,0.005821620538775363,0.014257528307629313,0.1425508214448914,44,48,16
WMT,1998-02-09,21.59375,21.59375,21.1875,21.25,13.826454162597656,4626000,True,-0.013148373536076752,0.01784541208318103,0.1784235034707101,42,40,13
WMT,1998-02-10,21.5,21.65625,21.4375,21.5625,14.02978229522705,5779600,False,0.014598651475596455,0.01460198397965037,0.14599478718274503,44,48,16
WMT,1998-02-11,21.59375,21.59375,21.40625,21.46875,13.968785285949709,2669200,False,-0.004357159029794852,0.010695095008269128,0.1069326005156237,45,48,16
WMT,1998-02-12,21.4375,22.34375,21.3125,22.34375,14.538116455078123,5780000,False,0.039948703548141826,0.020416417524449622,0.2041291468111485,41,40,13
WMT,1998-02-13,22.0,22.1875,21.75,22.09375,14.375447273254396,4593200,False,-0.011252220561769019,0.022329777517461152,0.22325946399085447,41,40,13
WMT,1998-02-17,22.25,22.5,22.25,22.375,14.558446884155272,4009600,True,0.012649666174066786,0.019889532067657013,0.1988611962202342,42,40,13
WMT,1998-02-18,22.46875,22.8125,22.3125,22.75,14.802435874938965,4900600,False,0.016620386337175216,0.02001845688869125,0.20015022323435078,41,40,13
WMT,1998-02-19,22.75,22.75,22.3125,22.625,14.72110366821289,4384400,False,-0.005509665421604734,0.020240889607945064,0.2023741687992272,41,40,13
WMT,1998-02-20,22.65625,22.71875,22.15625,22.6875,14.761775970458984,6095000,False,0.0027590471857231527,0.011770885219459735,0.11768865689501261,45,48,16
WMT,1998-02-23,23.0,23.09375,22.71875,23.09375,15.026108741760254,6319800,True,0.017748135691595796,0.009966102812970664,0.09964392929404153,46,48,16
WMT,1998-02-24,23.4375,23.65625,23.25,23.4375,15.249768257141112,8319800,False,0.014775035857420021,0.010210815732153176,0.10209063863208141,45,48,16
WMT,1998-02-25,23.8125,23.96875,23.71875,23.84375,15.514093399047852,5502800,False,0.017184555672969004,0.010314815756440507,0.10313046044218538,45,48,16
WMT,1998-02-26,23.78125,23.78125,23.21875,23.625,15.371767044067385,4847000,False,-0.009216344332478824,0.011694447001484708,0.11692440586025976,45,48,16
WMT,1998-02-27,23.59375,23.59375,23.0625,23.15625,15.0667724609375,5158200,False,-0.020040698136341913,0.01754659113663438,0.1754358066921338,42,40,13
WMT,1998-03-02,23.34375,23.625,23.25,23.4375,15.249768257141112,6415400,True,0.01207248679585159,0.01660019445240499,0.16597346358197282,43,40,13
WMT,1998-03-03,23.40625,24.21875,23.3125,24.21875,15.758094787597656,6099800,False,0.032789881325316975,0.02114098820788004,0.21137361050003503,41,40,13
WMT,1998-03-04,24.34375,24.40625,24.1875,24.21875,15.758094787597656,5384600,False,0.0,0.020364102003697742,0.20360608136133226,41,40,13
WMT,1998-03-05,24.03125,25.0,24.03125,24.4375,15.900425910949709,11125600,False,0.008991707709375771,0.019201124588608533,0.19197830252998244,42,40,13
WMT,1998-03-06,25.03125,25.15625,24.90625,25.09375,16.327425003051758,7873800,False,0.02650031377416525,0.013347969009135567,0.1334567889902098,44,48,16
WMT,1998-03-09,25.15625,26.09375,25.15625,25.65625,16.693403244018555,7855800,True,0.022167416561599998,0.013355450545452714,0.1335315915173146,44,48,16
WMT,1998-03-10,26.0625,26.125,25.40625,25.5,16.59174156188965,7720400,False,-0.006108550756912411,0.013967170355736195,0.13964774009289635,44,48,16
WMT,1998-03-11,25.65625,25.875,25.34375,25.46875,16.571413040161133,6608000,False,-0.0012259704795039342,0.014202198247814992,0.14199761577649334,44,48,16
WMT,1998-03-12,25.59375,25.84375,25.53125,25.65625,16.693403244018555,4926200,False,0.007334521236416322,0.014252754029235983,0.1425030868521842,44,48,16
WMT,1998-03-13,25.6875,25.84375,25.4375,25.6875,16.71375274658203,6577400,False,0.0012182722220398623,0.01091000749288571,0.10908135663658913,45,48,16
WMT,1998-03-16,25.78125,25.8125,25.4375,25.75,16.754417419433594,4457800,True,0.002430051757282818,0.004933048826848711,0.04932202464004566,48,48,16
WMT,1998-03-17,25.96875,26.0,25.53125,25.71875,16.734079360961914,4386000,False,-0.0012146296745110077,0.0035202584862987067,0.03519654515795036,48,48,16
WMT,1998-03-18,25.84375,25.84375,25.15625,25.375,16.535490036010742,4917400,False,-0.01193833807825978,0.007145661191754867,0.07144435211161157,47,48,16
WMT,1998-03-19,25.34375,25.375,24.96875,25.1875,16.413311004638672,4440200,False,-0.007416330034462626,0.006105871361353377,0.06104823777428554,47,48,16
WMT,1998-03-20,25.21875,25.28125,24.78125,25.03125,16.311487197875977,9361200,False,-0.006223056578587475,0.005588569126853745,0.05587610296437318,47,48,16
WMT,1998-03-23,24.65625,24.90625,24.65625,24.84375,16.189300537109375,6186000,True,-0.007519032303026791,0.0038343585325168023,0.03833700671890046,48,48,16
WMT,1998-03-24,24.75,25.28125,24.75,25.25,16.45403289794922,4817000,False,0.016220044768051185,0.011168183786643495,0.11166267662127932,45,48,16
WMT,1998-03-25,25.25,25.34375,24.375,24.8125,16.168941497802734,6829200,False,-0.017478397553170877,0.012433283292617295,0.12431150115067477,45,48,16
WMT,1998-03-26,24.84375,25.125,24.75,24.875,16.20966911315918,4144400,False,0.0025157124452047552,0.012639240776432388,0.12637072262771396,44,48,16
WMT,1998-03-27,25.0,25.0625,24.5625,24.96875,16.270761489868164,5845200,False,0.0037618004206621146,0.01269202662466238,0.12689849054537078,44,48,16
WMT,1998-03-30,24.9375,25.21875,24.9375,25.21875,16.43366813659668,3453800,True,0.00996244215013775,0.012682909340231165,0.1268073333435772,44,48,16
WMT,1998-03-31,25.34375,25.875,25.25,25.40625,16.55585289001465,6811200,False,0.007407522650774534,0.010868353923956374,0.108664892412295,45,48,16
WMT,1998-04-01,25.40625,25.75,25.3125,25.75,16.77985191345215,5923400,False,0.013439187570975016,0.004475746077606781,0.04474978174163521,48,48,16
WMT,1998-04-02,25.875,25.875,25.375,25.40625,16.55585289001465,5831600,False,-0.013439187570975007,0.01049030519910216,0.10488505378168718,45,48,16
WMT,1998-04-03,25.5625,25.84375,25.5,25.75,16.77985191345215,5483600,False,0.013439187570975016,0.011248512781089225,0.11246582874533673,45,48,16
WMT,1998-04-06,25.84375,25.84375,24.75,24.8125,16.168941497802734,5277200,True,-0.03708666523775429,0.021905365725080797,0.21901607423006794,41,40,13
WMT,1998-04-07,25.125,25.65625,24.96875,25.375,16.535490036010742,7889400,False,0.022416771701196547,0.024594027487530565,0.24589807891944968,40,40,13
WMT,1998-04-08,25.1875,25.25,24.9375,25.0,16.291120529174805,6582000,False,-0.014888775712290242,0.0239065293055833,0.23902427664012965,40,40,13
WMT,1998-04-09,25.5625,25.625,25.21875,25.40625,16.55585289001465,5912000,False,0.01611948167787296,0.025199491494387577,0.2519516801938443,39,40,13
WMT,1998-04-13,25.34375,25.71875,25.3125,25.59375,16.67803955078125,5077000,True,0.007353168848774526,0.024526041726480194,0.2452183379520689,40,40,13
WMT,1998-04-14,25.75,26.84375,25.71875,26.625,17.35004425048828,8486400,False,0.03950219975375401,0.020027403703220592,0.20023967602960074,41,40,13
WMT,1998-04-15,26.6875,26.9375,26.34375,26.9375,17.55368423461914,6241200,False,0.011668798928587932,0.01948100418608322,0.19477661831549858,42,40,13
WMT,1998-04-16,26.96875,26.96875,26.15625,26.28125,17.126041412353516,5468000,False,-0.024663661079128138,0.023017318320327156,0.23013369240623718,40,40,13
WMT,1998-04-17,26.40625,26.625,26.125,26.625,17.35004425048828,5752000,False,0.012994862150540278,0.022851319725027835,0.2284739912569185,40,40,13
WMT,1998-04-20,26.625,26.625,26.09375,26.125,17.024229049682617,3797800,True,-0.018957489265181565,0.02621410234676452,0.2620960479504799,39,40,13
WMT,1998-04-21,26.125,26.3125,25.78125,26.15625,17.044584274291992,5963200,False,0.0011949478156407143,0.01739997278981865,0.17396987477697215,43,40,13
WMT,1998-04-22,26.03125,26.25,26.0,26.15625,17.044584274291992,3217400,False,0.0,0.015530101097293105,0.15527436598927913,43,40,13
WMT,1998-04-23,25.875,26.09375,25.53125,25.6875,16.739137649536133,4446800,False,-0.018082966030703414,0.013713533497096234,0.1371118066710787,44,48,16
WMT,1998-04-24,25.65625,25.78125,24.90625,25.125,16.37257957458496,4978200,False,-0.022141591012867532,0.01124230063465975,0.11240371793921729,45,48,16
WMT,1998-04-27,24.65625,25.125,24.53125,24.78125,16.148576736450195,5551200,True,-0.013776040345720227,0.010615596727912395,0.10613775410720068,45,48,16
WMT,1998-04-28,25.0,25.09375,24.5,24.5625,16.006023406982422,5217400,False,-0.00886680367941242,0.008590418859377297,0.08588945001811031,46,48,16
WMT,1998-04-29,24.625,24.8125,24.09375,24.65625,16.067123413085938,6325200,False,0.0038100458529497674,0.010032514845870682,0.10030793567996306,45,48,16
WMT,1998-04-30,24.875,25.4375,24.78125,25.28125,16.474395751953125,6009600,False,0.025032242866771096,0.018364018992129465,0.18360868278668144,42,40,13
WMT,1998-05-01,25.625,25.625,25.09375,25.3125,16.494762420654297,4517200,False,0.0012354984125029283,0.014999999233040977,0.14997425684215768,44,48,16
WMT,1998-05-04,25.375,25.75,25.3125,25.4375,16.57621192932129,4111800,True,0.004925749842697584,0.012338086786449803,0.12335969941757927,45,48,16
WMT,1998-05-05,25.5625,25.5625,25.1875,25.25,16.45403289794922,3603000,False,-0.007398043172813803,0.011929349158251654,0.11927302440646222,45,48,16
WMT,1998-05-06,25.25,25.4375,24.875,24.96875,16.270761489868164,5002800,False,-0.011200884687303955,0.014149813661272083,0.14147385978726293,44,48,16
WMT,1998-05-07,25.09375,25.375,24.875,25.3125,16.494762420654297,5911400,False,0.013673178017420138,0.009907457219638196,0.09905757397892055,46,48,16
WMT,1998-05-08,25.3125,25.375,25.125,25.25,16.45403289794922,3565000,False,-0.002472293330116316,0.009953635725478855,0.09951927980889679,46,48,16
WMT,1998-05-11,25.34375,25.625,25.28125,25.5625,16.657672882080078,4431600,True,0.012300335899851817,0.011399020357295828,0.11397064628165893,45,48,16
WMT,1998-05-12,26.0,26.4375,25.96875,26.375,17.187131881713867,11826600,False,0.03129001337248238,0.016346768330062916,0.16343963716157392,43,40,13
WMT,1998-05-13,26.4375,27.09375,26.34375,27.0625,17.63513946533203,8313400,False,0.025732514690093237,0.013122297097501416,0.13120045705901012,44,48,16
WMT,1998-05-14,27.0,27.375,26.9375,27.09375,17.655502319335938,4558400,False,0.0011540088382628354,0.014790579073266535,0.14788041454643575,44,48,16
WMT,1998-05-15,27.125,27.375,26.9375,27.03125,17.614776611328125,5904000,False,-0.0023093509516837747,0.014746424512276451,0.14743894469248447,44,48,16
WMT,1998-05-18,27.09375,27.34375,26.875,27.1875,17.71659278869629,4834800,True,0.005763516158141965,0.015177627592943653,0.15175023568433088,43,40,13
WMT,1998-05-19,27.21875,27.34375,26.9375,27.15625,17.696237564086914,3184800,False,-0.0011495961575697627,0.011542777646137897,0.11540797252579914,45,48,16
WMT,1998-05-20,27.3125,27.4375,27.09375,27.4375,17.879505157470703,4345600,False,0.010303043622237959,0.0052316534340423855,0.05230755839626552,47,48,16
WMT,1998-05-21,27.5,28.125,27.5,27.875,18.16460418701172,5656600,False,0.015819781960062212,0.007659432872133936,0.07658118743768753,46,48,16
WMT,1998-05-22,28.0,28.125,27.46875,27.75,18.08314514160156,2882000,False,-0.00449457878351326,0.008267842429443988,0.08266423916293371,46,48,16
WMT,1998-05-26,28.1875,28.1875,26.875,26.875,17.512956619262695,3815800,True,-0.03203931155397804,0.01855888417724291,0.18555700030775332,42,40,13
WMT,1998-05-27,26.625,27.5,26.25,27.1875,17.71659278869629,6019000,False,0.011560660912760808,0.019599244238710296,0.19595881597739326,42,40,13
WMT,1998-05-28,27.4375,27.71875,27.125,27.71875,18.06277847290039,4059000,False,0.019351736797557056,0.021120616712801608,0.21116993050061064,41,40,13
WMT,1998-05-29,28.0625,28.15625,27.53125,27.5625,17.960966110229492,5788800,False,-0.005652529182269695,0.019757199281023482,0.19753809539716888,42,40,13
WMT,1998-06-01,27.84375,28.25,27.71875,28.25,18.408966064453125,6474600,True,0.024636978284865288,0.022966331633149182,0.2296239130122812,40,40,13
WMT,1998-06-02,28.46875,28.71875,28.34375,28.46875,18.551513671875,5931200,False,0.00771355324517579,0.011648794440656269,0.11646795857804222,45,48,16
WMT,1998-06-03,28.625,28.71875,27.78125,28.0,18.24606704711914,5088000,False,-0.016601832749700767,0.017139905326061047,0.1713696463369628,43,40,13
WMT,1998-06-04,28.0,28.5625,27.6875,28.3125,18.44969940185547,6250200,False,0.011098525234776406,0.015869670633444275,0.1586694787515738,43,40,13
WMT,1998-06-05,28.625,29.09375,28.375,28.90625,18.836612701416016,6764400,False,0.02075438229361102,0.016146512901136292,0.16143742645040784,43,40,13
WMT,1998-06-08,28.9375,29.09375,28.71875,29.0,18.8976993560791,4291400,True,0.0032377273995967803,0.013804089918011447,0.13801721551264245,44,48,16
WMT,1998-06-09,28.9375,29.53125,28.75,29.03125,18.91806602478028,6158800,False,0.0010771523709898407,0.013825884401051515,0.13823512295026374,44,48,16
WMT,1998-06-10,28.90625,29.875,28.78125,29.625,19.30497932434082,6007000,False,0.020245718879761034,0.00920539488294022,0.0920381551398036,46,48,16
WMT,1998-06-11,29.71875,29.8125,28.90625,29.5,19.22351837158203,5602200,False,-0.004228614091651059,0.011538413259670316,0.11536433614909815,45,48,16
WMT,1998-06-12,29.15625,29.6875,29.15625,29.40625,19.16243553161621,5171400,False,-0.003182564730704529,0.009883340075812487,0.09881644391843035,46,48,16
WMT,1998-06-15,28.8125,29.40625,28.28125,28.28125,18.429332733154297,6705600,True,-0.03900831433857923,0.02141693130951973,0.21413256808104436,41,40,13
WMT,1998-06-16,28.71875,28.8125,28.125,28.6875,18.694061279296875,6382400,False,0.014262329220062544,0.023100785408669763,0.23096822008523785,40,40,13
WMT,1998-06-17,28.5,29.5625,28.5,29.21875,19.06616973876953,6349000,False,0.01970965195152077,0.022970387386944402,0.22966446359177942,40,40,13
WMT,1998-06-18,29.03125,29.3125,28.875,29.0,18.92342758178711,4422400,False,-0.007514837682076867,0.02307934368089336,0.23075383959503126,40,40,13
WMT,1998-06-19,29.0,29.40625,28.8125,28.9375,18.882652282714844,8459200,False,-0.002157077117170838,0.023083501997092182,0.23079541562259925,40,40,13
WMT,1998-06-22,28.875,29.09375,28.625,28.65625,18.699119567871094,4076400,True,-0.009767191106685466,0.013286904373536952,0.13284624740277648,44,48,16
WMT,1998-06-23,28.9375,29.59375,28.8125,29.59375,19.31085968017578,5921200,False,0.03219117457627382,0.01851022169434894,0.18507045896900168,42,40,13
WMT,1998-06-24,29.59375,30.15625,29.125,30.0625,19.616743087768555,6731600,False,0.01571582535730981,0.0178724542129754,0.17869387837249054,42,40,13
WMT,1998-06-25,30.15625,30.4375,29.65625,30.0,19.57596778869629,5488800,False,-0.002080760063389811,0.017013014997386104,0.17010096075586204,43,40,13
WMT,1998-06-26,29.84375,30.4375,29.8125,29.84375,19.47400283813477,3625800,False,-0.005222292394072632,0.017464805330930058,0.17461808895494052,43,40,13
WMT,1998-06-29,30.125,31.40625,30.0,31.03125,20.24888038635254,6961000,True,0.039019114164940145,0.01980773629639182,0.19804337884453013,42,40,13
WMT,1998-06-30,31.4375,31.4375,30.125,30.375,19.82066535949707,6349800,False,-0.021374404017002087,0.02303338337985546,0.2302943154387088,40,40,13
WMT,1998-07-01,30.78125,30.875,29.875,30.25,19.73909950256348,6572400,False,-0.004123683383962675,0.022473486830847735,0.22469631056275127,41,40,13
WMT,1998-07-02,30.59375,30.59375,30.125,30.34375,19.80026626586914,3471400,False,0.0030939703210160776,0.02240115749303745,0.223973141280043,41,40,13
WMT,1998-07-06,30.3125,30.65625,30.125,30.625,19.983787536621094,5991000,True,0.009225936271182752,0.022121827269879057,0.2211803182951287,41,40,13
WMT,1998-07-07,30.71875,30.9375,30.53125,30.5625,19.94301414489746,4818800,False,-0.002042407815305501,0.011471689394241882,0.11469721197290332,45,48,16
WMT,1998-07-08,30.75,31.40625,30.75,31.40625,20.49358558654785,5519800,False,0.02723302512720862,0.012595318379840523,0.1259315740194206,44,48,16
WMT,1998-07-09,31.40625,31.75,31.0625,31.5625,20.59554672241211,5843000,False,0.0049629349375827705,0.01122866222764193,0.11226735726844451,45,48,16
WMT,1998-07-10,31.6875,32.09375,31.5,32.09375,20.942195892333984,7711400,False,0.016691191960966797,0.011240210826324981,0.1123828234413523,45,48,16
WMT,1998-07-13,32.25,32.25,31.8125,32.03125,20.90141487121582,4956800,True,-0.0019492119960992007,0.01274473778054558,0.1274255116677093,44,48,16
WMT,1998-07-14,32.21875,33.3125,32.125,33.1875,21.655906677246094,5432400,False,0.035461389110400476,0.01539678478084237,0.1539414315554832,43,40,13
WMT,1998-07-15,33.28125,33.5,32.90625,32.9375,21.49276351928711,5028400,False,-0.007561944997760342,0.017091548862077522,0.17088616466227918,43,40,13
WMT,1998-07-16,33.0,34.40625,32.84375,34.375,22.43078994750977,6544000,False,0.042718268278952365,0.02216237507120249,0.22158572674052848,41,40,13
WMT,1998-07-17,34.5,34.84375,34.28125,34.5,22.512353897094727,6733600,False,0.0036296543656684473,0.02297342353888034,0.22969481990201504,40,40,13
WMT,1998-07-20,34.5,34.53125,34.0625,34.40625,22.451181411743164,3769200,True,-0.002720983689273804,0.02311339991560509,0.23109434351189037,40,40,13
WMT,1998-07-21,34.40625,34.4375,33.59375,34.0,22.18609046936035,4978400,False,-0.011877699858629513,0.021947017534958046,0.2194325208668592,41,40,13
WMT,1998-07-22,34.09375,34.40625,33.15625,33.53125,21.88021469116211,6510800,False,-0.013882747360156272,0.02299672101956692,0.22992775473740942,40,40,13
WMT,1998-07-23,33.25,33.53125,31.75,31.75,20.71789932250977,6322000,False,-0.05458476151315919,0.022758800743049985,0.22754896017189302,40,40,13
WMT,1998-07-24,31.75,32.21875,31.15625,31.90625,20.81985282897949,7876400,False,0.004908966226049561,0.023038543345811274,0.23034590624531692,40,40,13
WMT,1998-07-27,31.75,31.96875,31.28125,31.9375,20.840246200561523,5834200,True,0.000979036233039876,0.023609256478172226,0.23605205839680216,40,40,13
WMT,1998-07-28,31.5,32.0,31.0,31.71875,20.697494506835938,6525600,False,-0.006873376033414737,0.02387355255878381,0.2386945657503163,40,40,13
WMT,1998-07-29,31.8125,32.09375,30.375,30.4375,19.8614501953125,7887800,False,-0.04123197776535206,0.02682229543116654,0.2681769353180482,39,40,13
WMT,1998-07-30,30.8125,32.21875,30.5,31.8125,20.758678436279297,8288600,False,0.044183720269458236,0.03051148785863061,0.30506253004780687,37,40,13
WMT,1998-07-31,32.0,32.1875,31.25,31.5625,20.59554672241211,7229800,False,-0.007889523230690539,0.03057473036316121,0.3056948465879918,37,40,13
WMT,1998-08-03,31.34375,31.4375,30.75,30.8125,20.10613822937012,4769400,True,-0.02404972091146816,0.03194899673167561,0.3194351524452831,37,40,13
WMT,1998-08-04,30.90625,31.0,29.1875,29.1875,19.045787811279297,8289000,False,-0.054179188135453124,0.03822615449355211,0.38219596034884157,34,32,10
WMT,1998-08-05,29.1875,30.5,28.625,30.5,19.90223503112793,10617800,False,0.04398607369082187,0.043191875041428435,0.4318446461443144,32,32,10
WMT,1998-08-06,30.1875,32.125,30.125,32.0,20.88101959228516,7290200,False,0.04800855432457428,0.044183447442295104,0.4417586689129025,32,32,10
WMT,1998-08-07,32.0,32.21875,31.03125,31.4375,20.51396751403809,7079000,False,-0.01773459658600185,0.04490193478060273,0.44894230958775216,32,32,10
WMT,1998-08-10,30.8125,31.96875,30.8125,31.53125,20.57515335083008,5398600,True,0.0029782035112501178,0.04298843471910992,0.42981059196354876,32,32,10
WMT,1998-08-11,30.5625,32.0625,30.5625,32.0,20.88101959228516,9502400,False,0.014756393074751534,0.02778547461863414,0.27780707466686216,38,40,13
WMT,1998-08-12,32.96875,33.0,32.4375,33.0,21.53354835510254,9474600,False,0.0307715147312881,0.02525660458129441,0.2525227130740292,39,40,13
WMT,1998-08-13,33.0,33.6875,32.15625,32.15625,20.982988357543945,5806400,False,-0.025900076381100173,0.023206091020915216,0.23202109553492667,40,40,13
WMT,1998-08-14,32.625,32.8125,30.65625,31.1875,20.350845336914062,5743800,False,-0.03058958029722571,0.026302547080034794,0.2629803435386153,39,40,13
WMT,1998-08-17,31.1875,31.84375,30.59375,31.40625,20.49358558654785,5601600,True,0.006989488040980327,0.026537100475533922,0.2653254750705091,39,40,13
WMT,1998-08-18,31.4375,32.15625,31.15625,32.125,20.96258544921875,7221000,False,0.022627264466200808,0.027889194617286835,0.27884409670105953,38,40,13
WMT,1998-08-19,32.3125,32.625,31.75,32.0,20.88101959228516,6893400,False,-0.003898610560143229,0.0223226586685689,0.22318828771573604,41,40,13
WMT,1998-08-20,31.90625,32.5,31.65625,32.375,21.125720977783203,5526800,False,0.011650708916303197,0.02023805168321052,0.20234579442090725,41,40,13
WMT,1998-08-21,32.28125,32.8125,31.5,32.59375,21.26846504211425,6727800,False,0.006734159429512619,0.009593201012882609,0.09591555108052006,46,48,16
WMT,1998-08-24,33.21875,33.65625,33.0,33.625,21.941387176513672,6336200,True,0.03114921754441361,0.013661932584079052,0.13659588607255746,44,48,16
WMT,1998-08-25,34.1875,34.65625,33.84375,34.25,22.349225997924805,8986000,False,0.018417010733968477,0.013088190569950196,0.13085945030004353,44,48,16
WMT,1998-08-26,34.0625,34.90625,33.96875,34.53125,22.53274917602539,8020000,False,0.008178080409308376,0.009978710331252525,0.09976998284614981,46,48,16
WMT,1998-08-27,34.125,34.28125,32.75,33.9375,22.145307540893555,10045800,False,-0.017344145025539024,0.017875824627220666,0.1787275767323258,42,40,13
WMT,1998-08-28,34.0,34.15625,32.625,32.6875,21.32964515686035,12811600,False,-0.037527728404992675,0.027766169281294235,0.27761405441561693,38,40,13
WMT,1998-08-31,32.1875,32.5625,28.75,29.5,19.249691009521484,14817000,True,-0.10260288732181776,0.04800174984529124,0.4799351418840866,30,32,10
WMT,1998-09-01,29.75,31.15625,27.75,30.875,20.14692115783692,15841200,False,0.045556471429509665,0.05528645664148605,0.5527697114796507,27,24,8
WMT,1998-09-02,31.375,31.5,29.9375,29.96875,19.555572509765625,11483600,False,-0.029791195902839632,0.052875074596928785,0.5286600282405749,28,32,10
WMT,1998-09-03,29.5625,30.4375,29.53125,30.0625,19.616743087768555,17255800,False,0.0031231560755007356,0.054700116521930166,0.5469073162674272,28,32,10
WMT,1998-09-04,30.1875,30.375,28.28125,29.25,19.08656120300293,9151800,False,-0.027398955282155385,0.05427126026438192,0.5426194894803276,28,32,10
WMT,1998-09-08,30.9375,31.375,29.90625,31.375,20.473188400268555,9704000,True,0.07013166173375347,0.04439138808199147,0.44383771854625526,32,32,10
WMT,1998-09-09,31.09375,31.46875,30.28125,30.53125,19.9226131439209,7485400,False,-0.027260721728710864,0.04267463767999182,0.4266731599537295,32,32,10
WMT,1998-09-10,29.59375,30.1875,29.0,29.21875,19.06616973876953,8875800,False,-0.043939878750537814,0.04534395102263548,0.45336171364112055,31,32,10
WMT,1998-09-11,28.96875,30.6875,28.8125,30.3125,19.779869079589844,7391000,False,0.03674916061899198,0.04919298108674258,0.4918454105039875,30,32,10
WMT,1998-09-14,31.6875,31.6875,30.53125,30.59375,19.96339988708496,6258600,True,0.009235884057201575,0.04643441858536297,0.4642645183539565,31,32,10
WMT,1998-09-15,30.75,31.34375,30.5,31.25,20.39161872863769,6982200,False,0.021223378391909766,0.03375243157377885,0.33746640671441114,36,32,10
WMT,1998-09-16,31.5,31.71875,30.71875,31.46875,20.560028076171875,8883000,False,0.008224836364432952,0.030357159054175947,0.30351950678508266,37,40,13
WMT,1998-09-17,30.75,30.96875,30.25,30.4375,19.886266708374023,6241000,False,-0.033319427824311076,0.02602571512994755,0.26021249899812715,39,40,13
WMT,1998-09-18,30.875,31.0,30.0625,30.28125,19.78417587280273,10028600,False,-0.005146958506341929,0.020856936799098762,0.20853358375902675,41,40,13
WMT,1998-09-21,29.875,31.0,29.71875,30.34375,19.825008392333984,7133000,True,0.0020617710136368716,0.020305958324799252,0.20302474432941683,41,40,13
WMT,1998-09-22,30.78125,31.1875,30.40625,31.1875,20.376270294189453,6117600,False,0.027426812069024073,0.022139844815309114,0.22136046283673907,41,40,13
WMT,1998-09-23,31.625,32.28125,30.9375,32.25,21.070451736450195,8934000,False,0.03350066446922111,0.026903423331297138,0.2689880751282724,39,40,13
WMT,1998-09-24,32.28125,32.375,30.28125,31.40625,20.519189834594727,6930600,False,-0.026511129601575367,0.024554929770101604,0.24550716882508666,40,40,13
WMT,1998-09-25,31.03125,31.46875,30.71875,30.96875,20.233354568481445,6634600,False,-0.014028078868369391,0.025872773229759304,0.25868334239855645,39,40,13
WMT,1998-09-28,31.5,31.71875,30.375,30.71875,20.07001495361328,5617000,True,-0.00810555102900032,0.02650320008766796,0.26498652935472133,39,40,13
WMT,1998-09-29,30.65625,30.8125,28.8125,29.0625,18.987916946411133,10017600,False,-0.05542408120542064,0.032262504338961176,0.32256969063335494,37,40,13
WMT,1998-09-30,28.5625,28.5625,26.9375,27.3125,17.84455108642578,22507800,False,-0.06210462631617532,0.024348593932627314,0.2434441644605966,40,40,13
WMT,1998-10-01,27.0,27.5,26.21875,26.5625,17.35453987121582,12650600,False,-0.027844064147458616,0.024263724655641274,0.2425956173008957,40,40,13
WMT,1998-10-02,26.65625,28.125,26.3125,27.71875,18.10997200012207,10221800,False,0.04260858958192059,0.04221041818964938,0.42203176151136185,33,32,10
WMT,1998-10-05,28.25,29.0,26.90625,28.625,18.70206642150879,9553200,True,0.03217129578569845,0.04888230343130988,0.4887391669790978,30,32,10
WMT,1998-10-06,30.0,30.3125,29.1875,29.75,19.437074661254883,9640800,False,0.03854828574141767,0.04706222213029061,0.4705414766811275,31,32,10
WMT,1998-10-07,29.75,29.75,29.1875,29.375,19.19207763671875,8343600,False,-0.012684736527020256,0.032452655107739536,0.3244708720795968,37,40,13
WMT,1998-10-08,28.28125,28.5625,26.59375,28.40625,18.55914306640625,13739800,False,-0.033535015492740995,0.03435566305072348,0.343497686520032,36,32,10
WMT,1998-10-09,29.0,29.8125,27.875,29.5625,19.3145809173584,7876600,False,0.039897743318406884,0.03379675596755858,0.33790957460487686,36,32,10
WMT,1998-10-12,30.96875,30.96875,30.25,30.40625,19.8658447265625,8764200,True,0.028141613103774384,0.033265575360876515,0.3325986798842537,36,32,10
WMT,1998-10-13,30.59375,30.59375,29.75,29.96875,19.58000564575196,4978400,False,-0.014492986278160777,0.031098998775979627,0.3109366312292247,37,40,13
WMT,1998-10-14,29.8125,31.125,29.8125,30.5625,19.96792984008789,8075000,False,0.01961855311833161,0.0307782631650674,0.307729825405967,37,40,13
WMT,1998-10-15,30.5,32.5,30.40625,32.3125,21.111289978027344,9908400,False,0.055680488868323434,0.02626215615144039,0.26257650355135936,39,40,13
WMT,1998-10-16,33.125,33.84375,32.84375,33.3125,21.764629364013672,13891800,False,0.030478178436619294,0.025316073298426726,0.2531172982149157,39,40,13
WMT,1998-10-19,34.0,34.46875,33.8125,34.375,22.45882225036621,9865400,True,0.03139736441634294,0.025494166226410705,0.25489792194084276,39,40,13
WMT,1998-10-20,34.5,34.71875,32.6875,32.78125,21.41755104064941,11116200,False,-0.0474727823032593,0.03887255041844325,0.38865881057671425,34,32,10
WMT,1998-10-21,33.0,33.03125,32.28125,32.46875,21.21337127685547,8303000,False,-0.009579024517766769,0.04070718983757949,0.4070020570785011,33,32,10
WMT,1998-10-22,32.5625,33.625,32.28125,33.40625,21.82588768005371,5954400,False,0.028465070060445744,0.03481654748379902,0.34810574011168605,36,32,10
WMT,1998-10-23,33.40625,34.0,32.9375,34.0,22.213802337646484,5980200,False,0.01761704908297866,0.033046860286443776,0.33041190438922735,36,32,10
WMT,1998-10-26,33.59375,33.8125,32.6875,32.6875,21.356290817260746,5800600,True,-0.0393674744715065,0.033574824906030365,0.33569064475656263,36,32,10
WMT,1998-10-27,33.0,33.15625,31.5,31.625,20.6621150970459,7770000,False,-0.0330445132541439,0.02998427306266075,0.299791286630167,38,40,13
WMT,1998-10-28,31.5625,32.96875,31.375,32.40625,21.17253875732422,5878600,False,0.024403165480661695,0.033004282233198255,0.3299861969079085,36,32,10
WMT,1998-10-29,33.125,33.8125,32.65625,33.71875,22.0300521850586,5707200,False,0.03970252926721145,0.0357301189499151,0.3572398873589178,35,32,10
WMT,1998-10-30,34.0,34.71875,33.71875,34.53125,22.56090545654297,9461600,False,0.023811031680153767,0.03651174147923463,0.3650547716228832,35,32,10
WMT,1998-11-02,34.65625,34.78125,34.03125,34.40625,22.47923469543457,6830800,True,-0.0036265806609192216,0.02880381710175902,0.28798875232862087,38,40,13
WMT,1998-11-03,34.4375,34.4375,33.40625,33.4375,21.846303939819336,7066400,False,-0.028560229487836965,0.02714058136514767,0.27135924857490396,39,40,13
WMT,1998-11-04,33.5,34.3125,33.5,34.03125,22.234230041503903,8176600,False,0.017601243981236386,0.02647219725781581,0.26467655424773345,39,40,13
WMT,1998-11-05,34.15625,35.125,33.53125,35.125,22.94882583618164,8379000,False,0.03163377823360101,0.02435368647904346,0.24349508118747973,40,40,13
WMT,1998-11-06,35.09375,35.78125,34.75,35.71875,23.336753845214844,9295400,False,0.016762762628249314,0.02340775683231222,0.23403740765100436,40,40,13
WMT,1998-11-09,35.71875,36.21875,35.03125,35.28125,23.05089569091797,7620400,True,-0.012324908708005941,0.024662476582266786,0.24658245242874766,40,40,13
WMT,1998-11-10,35.375,35.5625,34.40625,35.09375,22.92841529846192,9373400,False,-0.005327643217138843,0.018057718389116198,0.18054620227628035,42,40,13
WMT,1998-11-11,35.25,35.34375,34.78125,34.875,22.78548240661621,5648000,False,-0.006253387473033698,0.018581713026864025,0.18578524963652304,42,40,13
WMT,1998-11-12,35.0,35.21875,33.875,34.375,22.45882225036621,5441200,False,-0.014440086320926745,0.012406962425939857,0.12404833764259304,45,48,16
WMT,1998-11-13,34.6875,35.03125,34.40625,34.84375,22.76506996154785,4927000,False,0.013543831703868558,0.011048910765120117,0.11047015104268562,45,48,16
WMT,1998-11-16,35.9375,35.9375,35.0,35.53125,23.21426010131836,6308000,True,0.019539407397440065,0.014415736497620334,0.14413263190712006,44,48,16
WMT,1998-11-17,35.53125,36.15625,35.125,35.8125,23.39800071716309,6713600,False,0.007883829889978492,0.01407831495420064,0.1407589953868305,44,48,16
WMT,1998-11-18,36.4375,36.6875,36.125,36.6875,23.96967506408692,6320400,False,0.024138913137081247,0.015043064956993037,0.15040484019384565,43,40,13
WMT,1998-11-19,37.25,37.25,36.3125,36.5,23.847183227539062,7151600,False,-0.005123385720667794,0.011365874655305495,0.11363924612981345,45,48,16
WMT,1998-11-20,36.90625,36.90625,36.40625,36.875,24.092191696166992,6256000,False,0.010221685296456347,0.011349900388465122,0.11347953086844824,45,48,16
WMT,1998-11-23,36.96875,37.46875,36.59375,37.46875,24.4801025390625,5700800,True,0.01597285433365244,0.010804091006414532,0.10802237349271952,45,48,16
WMT,1998-11-24,37.46875,37.5,37.125,37.375,24.418851852416992,4819400,False,-0.0025051954358479025,0.012349958773829363,0.12347839892261438,45,48,16
WMT,1998-11-25,37.5,38.0,37.125,37.875,24.74554252624512,4979000,False,0.013289921958365229,0.009562983495212327,0.09561342774799128,46,48,16
WMT,1998-11-27,38.0,38.28125,37.8125,38.28125,25.010950088500977,2879000,True,0.010668359667626283,0.0071110407893570085,0.07109820748583329,47,48,16
WMT,1998-11-30,38.375,38.625,37.5625,37.65625,24.602611541748047,6714000,True,-0.016461134975311265,0.013554596579494885,0.1355227101830242,44,48,16
WMT,1998-12-01,37.125,37.71875,36.53125,37.4375,24.459699630737305,5921600,False,-0.005825747372668869,0.012262556643580535,0.12260452757590018,45,48,16
WMT,1998-12-02,37.28125,37.59375,36.75,37.03125,24.19426918029785,3768000,False,-0.01091105577765167,0.013203419145429827,0.13201153835725302,44,48,16
WMT,1998-12-03,36.96875,37.59375,35.71875,35.75,23.35717391967773,5410600,False,-0.035211623211488345,0.016664501706072917,0.1666164257867417,43,40,13
WMT,1998-12-04,36.34375,37.0625,35.8125,36.59375,23.908432006835938,7022200,False,0.02332702917463015,0.021221929656454926,0.21218288611459687,41,40,13
WMT,1998-12-07,36.875,38.0,36.625,37.3125,24.37802505493164,5101200,True,0.019450913651053465,0.023971429130000423,0.23967316353571727,40,40,13
WMT,1998-12-08,37.375,38.46875,37.25,38.0,24.82720375061035,6397800,False,0.018257863414417968,0.025348901272661272,0.2534455216343286,39,40,13
WMT,1998-12-09,38.40625,38.71875,38.03125,38.375,25.09796714782715,5423000,False,0.0108468753157811,0.024209490482653032,0.2420533686205462,40,40,13
WMT,1998-12-10,38.59375,38.59375,37.6875,37.875,24.770967483520508,5558000,False,-0.01311455131227203,0.014618014931982583,0.1461550692017734,44,48,16
WMT,1998-12-11,38.03125,38.21875,37.53125,38.15625,24.954896926879883,4994400,False,0.0073977711344104646,0.013124661919303254,0.13122410121970537,44,48,16
WMT,1998-12-14,37.78125,37.9375,37.09375,37.40625,24.464393615722656,5255800,True,-0.019851333906610896,0.016350050990362328,0.16347245813251007,43,40,13
WMT,1998-12-15,37.625,38.4375,37.25,38.40625,25.11840057373047,6712000,False,0.02638192949797923,0.018756735445212277,0.18753517353416413,42,40,13
WMT,1998-12-16,38.4375,38.5,37.53125,37.84375,24.75052070617676,5115600,False,-0.01475414071816448,0.019336612101134135,0.19333294519940744,42,40,13
WMT,1998-12-17,37.78125,38.1875,37.4375,38.0625,24.89359664916992,4339000,False,0.0057640802879350235,0.018646987663887293,0.1864378840151064,42,40,13
WMT,1998-12-18,38.03125,38.875,37.8125,38.875,25.42497062683105,10625000,False,0.021121178932345545,0.020721023362252424,0.20717468257715244,41,40,13
WMT,1998-12-21,38.8125,39.96875,38.78125,39.3125,25.711105346679688,6950800,True,0.011191226576244166,0.016001252009409165,0.15998506675714746,43,40,13
WMT,1998-12-22,39.46875,39.59375,39.0,39.15625,25.60892105102539,4974000,False,-0.00398224388667285,0.013814009240822916,0.1381163917221819,44,48,16
WMT,1998-12-23,39.4375,40.8125,39.03125,40.71875,26.63081932067871,5717200,False,0.039128396845747614,0.016425217762357225,0.1642239968888806,43,40,13
WMT,1998-12-24,40.75,40.75,40.28125,40.5625,26.52863311767578,1744600,False,-0.0038445214981730723,0.018191128768599095,0.18188007717901403,42,40,13
WMT,1998-12-28,40.5,40.59375,39.53125,39.9375,26.11986541748047,4065400,True,-0.015528492759384931,0.021110615175390923,0.21106993228613458,41,40,13
WMT,1998-12-29,40.09375,41.375,39.5,40.96875,26.794322967529297,5532600,False,0.025493883583119954,0.022979060106545844,0.22975117590801486,40,40,13
WMT,1998-12-30,41.0,41.0,40.0625,40.375,26.40600204467773,4684400,False,-0.014598701018634265,0.02480984993602328,0.24805593311795204,40,40,13
WMT,1998-12-31,40.09375,40.75,39.78125,40.71875,26.63081932067871,5282200,False,0.00847783169307227,0.017254334489668104,0.17251374164699698,43,40,13
WMT,1999-01-04,40.8125,41.125,39.78125,40.3125,26.365121841430664,7332600,True,-0.010027171878166043,0.01781128176118667,0.17808225880813622,42,40,13
WMT,1999-01-05,40.625,40.9375,40.25,40.625,26.569509506225582,5749000,False,0.007722304861478083,0.016100059316644662,0.16097297030587412,43,40,13
WMT,1999-01-06,41.0625,41.5625,40.5625,41.3125,27.019153594970703,7705200,False,0.016781707745086274,0.013349486255282643,0.13347195884854238,44,48,16
WMT,1999-01-07,41.8125,42.53125,41.625,42.0625,27.509662628173828,9254600,False,0.017991304343579033,0.011203235499621803,0.11201313361286283,45,48,16
WMT,1999-01-08,42.0,42.21875,41.25,41.75,27.30527305603028,7174000,False,-0.0074574754794076385,0.013190888303151788,0.13188625143363,44,48,16
WMT,1999-01-11,41.75,41.90625,40.0,40.8125,26.6921329498291,6481400,True,-0.02271095985925963,0.017363452820512056,0.17360473774119214,43,40,13
WMT,1999-01-12,40.1875,40.375,39.28125,40.1875,26.28338050842285,8229200,False,-0.015432056309306403,0.01865084370941303,0.18647643785454912,42,40,13
WMT,1999-01-13,39.0,40.875,38.6875,40.3125,26.365121841430664,7274000,False,0.003105174697830258,0.01599054263706579,0.1598779914077764,43,40,13
WMT,1999-01-14,39.875,40.46875,38.9375,39.875,26.078989028930664,7785400,False,-0.010912022225246894,0.009588998430203301,0.09587353246409516,46,48,16
WMT,1999-01-15,39.90625,40.375,39.375,40.0625,26.20160865783692,6961400,False,0.004690835957299929,0.011876372200727549,0.11874334572375035,45,48,16
WMT,1999-01-19,40.125,40.46875,39.125,40.03125,26.18118476867676,5821200,True,-0.0007797938543981911,0.008870759176576289,0.08869237221041297,46,48,16
WMT,1999-01-20,40.03125,41.25,39.28125,40.125,26.24247932434082,6802600,False,0.002338431876357676,0.006251190697552285,0.06250118181199057,47,48,16
WMT,1999-01-21,40.0625,40.6875,39.4375,39.53125,25.85417556762696,5611600,False,-0.014907327485923619,0.0085554795110852,0.0855401164806049,46,48,16
WMT,1999-01-22,39.53125,41.125,39.25,41.0,26.81476211547852,5317800,False,0.036480442500398794,0.01888327361852715,0.1888003381658569,42,40,13
WMT,1999-01-25,40.90625,41.34375,39.9375,41.0,26.81476211547852,6054000,True,0.0,0.01905329263005144,0.1905002365796,42,40,13
WMT,1999-01-26,41.46875,42.25,41.09375,41.78125,27.3257064819336,6757000,False,0.018875327438222723,0.01967647087493017,0.19673094984190598,42,40,13
WMT,1999-01-27,42.09375,42.90625,42.0,42.59375,27.85710525512696,9615200,False,0.019260171180628564,0.019794314645889866,0.19790918536702704,42,40,13
WMT,1999-01-28,42.625,42.71875,42.0625,42.5625,27.836668014526367,5726800,False,-0.0007339147742418538,0.015547369008606508,0.15544701547586973,43,40,13
WMT,1999-01-29,43.0,43.21875,42.5,43.0,28.1227970123291,5802400,False,0.010226384088904823,0.00972965924816663,0.0972798993120609,46,48,16
WMT,1999-02-01,42.875,42.875,42.15625,42.25,27.632286071777344,5731000,True,-0.017595654739410365,0.015504586747054022,0.15501926626184126,43,40,13
WMT,1999-02-02,41.5625,41.96875,40.375,41.8125,27.34614562988281,7929400,False,-0.010409282939461806,0.014949248989989004,0.14946684148379466,44,48,16
WMT,1999-02-03,41.90625,43.125,41.75,42.875,28.041030883789062,7312800,False,0.025093234920323542,0.01691217712570813,0.1690927550465486,43,40,13
WMT,1999-02-04,43.15625,43.65625,41.875,41.875,27.387025833129883,7244200,False,-0.023599434734580406,0.020347630626359817,0.20344139584788365,41,40,13
WMT,1999-02-05,42.6875,42.875,41.375,42.125,27.550537109375,5272800,False,0.005952639698866985,0.01971970809021883,0.19716324781273237,42,40,13
WMT,1999-02-08,42.125,43.1875,41.625,42.71875,27.93886947631836,4608200,True,0.013996859246976702,0.01937751929021511,0.19374194690578136,42,40,13
WMT,1999-02-09,42.5625,42.5625,40.90625,41.0625,26.855648040771484,5561200,False,-0.03954273628965686,0.027000276919450457,0.2699564448381717,39,40,13
WMT,1999-02-10,41.0,41.03125,40.25,40.46875,26.46731376647949,5221400,False,-0.014565625268100445,0.021776481340007585,0.21772745150618567,41,40,13
WMT,1999-02-11,40.5,42.96875,40.3125,42.90625,28.061487197875977,5174000,False,0.05848754500570602,0.03643332054685371,0.36427069684581315,35,32,10
WMT,1999-02-12,42.90625,43.03125,41.5,42.1875,27.59140968322754,5139000,False,-0.016893592991377725,0.03767440900343316,0.3766794520770058,34,32,10
WMT,1999-02-16,42.75,44.0,42.75,43.78125,28.63375663757324,11188000,True,0.03708184291453385,0.041037553396633945,0.4103051258645172,33,32,10
WMT,1999-02-17,43.34375,44.34375,42.53125,42.53125,27.81622886657715,9659600,False,-0.02896670128311688,0.03835838900307513,0.3835180785694158,34,32,10
WMT,1999-02-18,42.75,43.03125,42.09375,42.6875,27.918434143066406,7021600,False,0.003667570073429774,0.03661951899739352,0.36613236189065906,35,32,10
WMT,1999-02-19,42.75,42.75,42.28125,42.375,27.71404838562012,5647000,False,-0.007347746054473071,0.025178975875727965,0.25174655920588085,39,40,13
WMT,1999-02-22,42.71875,44.21875,42.6875,44.125,28.858585357666016,8827200,True,0.040468088172553394,0.029647860847389424,0.2964277416596575,38,40,13
WMT,1999-02-23,44.09375,44.28125,43.375,43.75,28.61332321166992,6597200,False,-0.008535078823573558,0.0255779301104291,0.25573541706738917,39,40,13
WMT,1999-02-24,44.09375,44.75,42.09375,42.28125,27.6527156829834,7942600,False,-0.03414851638667531,0.027097617648744805,0.27092968512369364,39,40,13
WMT,1999-02-25,42.5625,42.90625,41.78125,42.5,27.795795440673828,7150200,False,0.005160826588771239,0.027172514300364443,0.27167852313975693,39,40,13
WMT,1999-02-26,43.125,43.25,41.84375,43.0625,28.163679122924805,6884400,False,0.013148407310866654,0.027497036382616184,0.2749231871799635,39,40,13
WMT,1999-03-01,43.5625,43.59375,41.8125,42.9375,28.08193588256836,6811400,True,-0.002906654959682656,0.018014448098221846,0.18011357360614483,42,40,13
WMT,1999-03-02,43.375,43.6875,42.5625,42.71875,27.93886947631836,6628200,False,-0.00510762800920406,0.017933027541702912,0.17929950773414768,42,40,13
WMT,1999-03-03,43.0,44.15625,43.0,43.6875,28.57243156433105,6846000,False,0.0224234311692079,0.011432005650577105,0.11430044262162695,45,48,16
WMT,1999-03-04,43.96875,44.8125,43.9375,44.6875,29.226442337036133,7094600,False,0.0226315373619923,0.01340358964819163,0.13401289995247867,44,48,16
WMT,1999-03-05,46.5,47.125,45.6875,46.625,30.493629455566406,16618400,False,0.04244393249748156,0.01992146932288758,0.19918051397781328,42,40,13
WMT,1999-03-08,47.0625,47.0625,45.90625,46.71875,30.55494499206543,8813800,True,0.0020087465652221677,0.01885427285844248,0.18851038032159412,42,40,13
WMT,1999-03-09,46.71875,47.125,46.28125,47.0,30.738880157470703,7327800,False,0.006001769903813003,0.016063395447485713,0.16060639451845946,43,40,13
WMT,1999-03-10,47.09375,47.125,46.53125,46.78125,30.59580993652344,6242600,False,-0.004665238553092282,0.01896849295204728,0.18965238529030698,42,40,13
WMT,1999-03-11,47.25,48.1875,46.875,47.65625,31.168079376220703,8498400,False,0.018531404774972084,0.018569415827111767,0.18566229873729753,42,40,13
WMT,1999-03-12,47.96875,48.46875,47.71875,48.1875,31.515514373779297,7326600,False,0.011085470207494664,0.008815053366463002,0.08813540968369978,46,48,16
WMT,1999-03-15,48.5,48.65625,47.625,48.375,31.63814926147461,7309000,True,0.0038837031703156852,0.008608783537672502,0.08607306529279657,46,48,16
WMT,1999-03-16,48.53125,48.59375,47.78125,48.0,31.39291763305664,6446000,False,-0.007781333170435976,0.010897741994241433,0.10895872269405385,45,48,16
WMT,1999-03-17,48.21875,48.46875,47.34375,48.1875,31.548377990722656,6432800,False,0.004939862526087693,0.009725468832059868,0.09723800234048728,46,48,16
WMT,1999-03-18,48.03125,49.1875,47.875,49.09375,32.141727447509766,5842000,False,0.018632929541991052,0.009757880807865398,0.09756206648933823,46,48,16
WMT,1999-03-19,49.125,49.125,47.375,47.375,31.016433715820312,12035400,False,-0.035637922567573525,0.02041029263445686,0.20406790841969036,41,40,13
WMT,1999-03-22,47.4375,47.5,46.25,46.65625,30.545881271362305,6070600,True,-0.015287326625761224,0.020548872762207196,0.20545347193536495,41,40,13
WMT,1999-03-23,46.53125,46.59375,44.53125,45.25,29.625205993652344,10157000,False,-0.030604304457308554,0.023131031073411506,0.23127062484018931,40,40,13
WMT,1999-03-24,45.1875,45.46875,44.09375,44.5,29.13416862487793,8070400,False,-0.016713887886503707,0.021209436102734756,0.2120579720125766,41,40,13
WMT,1999-03-25,44.90625,46.125,44.90625,45.9375,30.07532119750977,7758800,False,0.0317932767708141,0.026680652860379732,0.2667607526262403,39,40,13
WMT,1999-03-26,45.84375,46.65625,45.0625,45.78125,29.9730167388916,6435200,False,-0.003407406803154376,0.023653254788431867,0.23649196601152825,40,40,13
WMT,1999-03-29,46.15625,47.84375,46.15625,47.5,31.09830093383789,5912200,True,0.03685565045579999,0.029717377917541817,0.29712279309079254,38,40,13
WMT,1999-03-30,47.0,47.75,46.875,47.5,31.09830093383789,6276200,False,0.0,0.02339406796509612,0.2339005424648233,40,40,13
WMT,1999-03-31,48.1875,48.3125,46.09375,46.09375,30.17761611938477,7646200,False,-0.030052723875027314,0.02755121490638452,0.27546487946359133,38,40,13
WMT,1999-04-01,46.71875,47.0,46.25,46.625,30.525428771972656,4941800,False,0.01145960501670635,0.02429147589463674,0.24287308207806893,40,40,13
WMT,1999-04-05,47.25,48.34375,46.90625,47.6875,31.22105026245117,6905200,True,0.02253248873296692,0.02533620947239674,0.2533186254069962,39,40,13
WMT,1999-04-06,47.8125,48.53125,47.6875,47.84375,31.32334327697754,5777800,False,0.0032710559635211207,0.019637359591552758,0.19633990411133354,42,40,13
WMT,1999-04-07,48.5,48.90625,48.09375,48.75,31.916654586791992,7625600,False,0.018764349732386238,0.02103606809004787,0.21032458933308654,41,40,13
WMT,1999-04-08,49.25,51.21875,48.75,51.125,33.47157287597656,9953600,False,0.047568546813723606,0.016719559724267943,0.16716691150568844,43,40,13
WMT,1999-04-09,50.25,51.71875,49.8125,51.375,33.635257720947266,8858000,False,0.004878346008370315,0.017851504090508504,0.1784844130919321,42,40,13
WMT,1999-04-12,51.125,52.71875,50.8125,52.4375,34.33086395263672,9234800,True,0.020469919532326866,0.017784813724545545,0.17781762385291702,42,40,13
WMT,1999-04-13,52.28125,53.40625,51.625,52.28125,34.22857666015625,9239400,False,-0.0029839032366843015,0.019320625412411082,0.19317310574052762,42,40,13
WMT,1999-04-14,52.28125,52.5625,49.0,49.3125,32.284915924072266,10536600,False,-0.05846074813282832,0.03906988343548615,0.39063180218302307,34,32,10
WMT,1999-04-15,49.1875,49.4375,46.5,48.875,31.998497009277344,14487600,False,-0.00891118865917843,0.029764288784020255,0.29759182127063594,38,40,13
WMT,1999-04-16,48.25,48.28125,46.375,47.5,31.09830093383789,12714600,False,-0.0285357478962832,0.02961961737201484,0.29614535536322273,38,40,13
WMT,1999-04-19,48.0,49.0625,44.0,44.875,29.379684448242188,17572000,True,-0.05684975501160831,0.025985969324990636,0.2598151091404079,39,40,13
WMT,1999-04-20,46.0,48.0,45.25,47.75,31.26195526123047,13041300,False,0.062098441052469866,0.04938536595603439,0.4937689291223191,30,32,10
WMT,1999-04-21,48.0,49.125,47.0,48.75,31.916654586791992,10446900,False,0.020726089529691558,0.04578498091352318,0.45777125587532047,31,32,10
WMT,1999-04-22,50.0,50.25,48.4375,50.0625,32.77595901489258,10244300,False,0.026567328871997677,0.047229579327174746,0.47221476151534253,31,32,10
WMT,1999-04-23,50.9375,51.6875,50.5,50.9375,33.34882354736328,7337700,False,0.0173272060154323,0.04343786578591045,0.43430413154298525,32,32,10
WMT,1999-04-26,51.875,51.9375,50.75,50.9375,33.34882354736328,7521500,True,0.0,0.022805141357469635,0.2280122868095296,40,40,13
WMT,1999-04-27,51.125,51.375,50.0,50.75,33.226051330566406,6217400,False,-0.003688248943654435,0.013291709098055974,0.13289428640450418,44,48,16
WMT,1999-04-28,50.375,51.25,49.0625,49.1875,32.20309829711914,5927200,False,-0.03127157852573369,0.022257605644624156,0.22253786908771656,41,40,13
WMT,1999-04-29,49.0,49.0,45.5625,46.875,30.68909072875977,9244000,False,-0.04815542774255823,0.026196748890439093,0.26192254316053865,39,40,13
WMT,1999-04-30,47.0,47.4375,43.1875,46.0,30.116226196289062,13373500,False,-0.018843137792265915,0.019914950953293105,0.1991153414654307,42,40,13
WMT,1999-05-03,45.875,46.25,44.5625,46.125,30.19806480407715,7444800,True,0.002713740198383219,0.020633637769689156,0.20630097657892016,41,40,13
WMT,1999-05-04,46.8125,46.875,43.3125,44.0,28.80681228637696,11059200,False,-0.04716594609977557,0.02127191639249486,0.21268266771278796,41,40,13
WMT,1999-05-05,44.4375,45.0625,43.0625,45.0625,29.5024471282959,8254200,False,0.023861316514192283,0.03138861188138671,0.313832265394292,37,40,13
WMT,1999-05-06,44.0,44.1875,41.625,42.875,28.07028579711914,14788900,False,-0.0497616414989151,0.031786257358605,0.31780803792640616,37,40,13
WMT,1999-05-07,44.625,45.0,43.0,44.75,29.2978572845459,11371100,False,0.04280281122063686,0.041706886378236344,0.4169973073064101,33,32,10
WMT,1999-05-10,44.8125,46.5,44.5625,45.1875,29.58428382873535,8751900,True,0.00972888546471654,0.04216813955336482,0.4216090476859431,33,32,10
WMT,1999-05-11,47.5,47.5,45.875,47.3125,30.975515365600582,12828200,False,0.04595379689810486,0.03882764917067148,0.3882098751360361,34,32,10
WMT,1999-05-12,47.375,47.375,45.5,46.5625,30.484498977661133,7898900,False,-0.015978741311437963,0.04048325577563874,0.404763100662608,33,32,10
WMT,1999-05-13,47.375,47.625,46.5625,47.0,30.770925521850582,6356300,False,0.009351943409787811,0.025950232826953898,0.25945780547312536,39,40,13
WMT,1999-05-14,46.25,46.5,45.625,46.375,30.36173248291016,6082100,False,-0.013387252035982846,0.02486940856973619,0.2486514172703747,40,40,13
WMT,1999-05-17,45.375,46.125,44.9375,45.6875,29.9116439819336,6274800,True,-0.014935180131754542,0.026611033863866276,0.2660646821063697,39,40,13
WMT,1999-05-18,45.875,47.4375,45.25,46.4375,30.40264892578125,6481700,False,0.01628190491053448,0.015333490827915162,0.15330860061960214,43,40,13
WMT,1999-05-19,46.9375,46.9375,45.375,45.6875,29.9116439819336,4727400,False,-0.016281904910534373,0.01539449523751132,0.15391854005034059,43,40,13
WMT,1999-05-20,45.625,46.25,44.4375,44.5,29.13416862487793,7103400,False,-0.026336170505186055,0.016035587651542317,0.16032836426884167,43,40,13
WMT,1999-05-21,44.625,44.875,42.625,43.25,28.31581115722656,8182700,False,-0.028491318146137992,0.017925146833669917,0.17922071417474303,42,40,13
WMT,1999-05-24,44.0,44.125,42.125,42.8125,28.02937126159668,6423600,True,-0.01016741275544759,0.01798651426749012,0.1798342832248815,42,40,13
WMT,1999-05-25,42.9375,43.1875,41.6875,42.375,27.74294662475586,7335900,False,-0.010271301815406315,0.00870508783248931,0.08703594301175302,46,48,16
WMT,1999-05-26,42.1875,43.0,41.5,42.9375,28.111217498779297,8274100,False,0.013187063725839486,0.016713465733456313,0.16710598205302793,43,40,13
WMT,1999-05-27,42.125,42.5,41.0,41.125,26.92457389831543,7760600,False,-0.04312929851207301,0.021274980942764924,0.21271330795764182,41,40,13
WMT,1999-05-28,41.5625,42.875,41.3125,42.625,27.90660858154297,5692700,False,0.035824130087174874,0.029512281604558793,0.29507218184456385,38,40,13
WMT,1999-06-01,42.6875,43.4375,42.1875,43.4375,28.438566207885746,6995500,True,0.018882661532079778,0.030567331400012762,0.30562086965090324,37,40,13
WMT,1999-06-02,43.375,44.375,42.6875,44.375,29.052324295043945,6623900,False,0.021352301220819568,0.030432409085396843,0.3042718779908654,37,40,13
WMT,1999-06-03,45.0,46.1875,44.6875,45.5,29.788894653320312,10474700,False,0.02503717116142631,0.03126822061919301,0.3126285593275598,37,40,13
WMT,1999-06-04,46.0,46.5,45.5625,46.0,30.116226196289062,5544400,False,0.01092844137895605,0.00911355882856369,0.09111995215909294,46,48,16
WMT,1999-06-07,45.375,45.75,44.875,45.75,29.952543258666992,4622700,True,-0.005449865020921224,0.012117496365144007,0.12115417367135374,45,48,16
WMT,1999-06-08,45.25,45.5,44.3125,44.375,29.052324295043945,4567400,False,-0.03051574751946105,0.02275927975627354,0.22755374948228593,40,40,13
WMT,1999-06-09,44.375,44.6875,43.9375,44.125,28.88866806030273,4532900,False,-0.005649080670048052,0.02081305081007447,0.20809479916394466,41,40,13
WMT,1999-06-10,43.75,43.875,42.625,43.125,28.233963012695312,5244400,False,-0.02292379414958254,0.01630143974471254,0.16298642907829253,43,40,13
WMT,1999-06-11,43.125,43.75,42.375,42.6875,27.947546005249023,4866500,False,-0.010196219141973249,0.011238682525661526,0.11236754305682213,45,48,16
WMT,1999-06-14,43.0,43.3125,42.8125,43.125,28.233963012695312,4037400,True,0.010196219141973141,0.015797594824027473,0.15794884431782188,43,40,13
WMT,1999-06-15,43.5,43.75,42.375,42.5,27.824785232543945,6535800,False,-0.014598436809201358,0.012305488083909234,0.12303376832174485,45,48,16
WMT,1999-06-16,43.5625,44.5625,43.5,44.375,29.0865421295166,5609200,False,0.04434841880439141,0.02694440269989281,0.26939779850595486,39,40,13
WMT,1999-06-17,43.6875,44.5,43.5625,43.625,28.59494972229004,5129600,False,-0.017045478332798708,0.025720078859893688,0.25715666067752446,39,40,13
WMT,1999-06-18,43.1875,43.75,42.8125,43.75,28.67689323425293,10103500,False,0.002861565601849432,0.02474801649130543,0.24743770475837165,40,40,13
WMT,1999-06-21,43.5,45.5,43.375,45.0625,29.537199020385746,6274000,True,0.029558768017082175,0.02713440655221733,0.27129751103972277,39,40,13
WMT,1999-06-22,45.1875,45.5,44.375,44.9375,29.45526695251465,5067400,False,-0.0027777147200115813,0.0249919800090281,0.24987692136756068,40,40,13
WMT,1999-06-23,45.0,45.0625,43.6875,44.375,29.0865421295166,4479300,False,-0.012597140566121103,0.018295226873994135,0.1829208796319174,42,40,13
WMT,1999-06-24,43.625,43.875,42.6875,43.3125,28.39013290405273,6128200,False,-0.024233945586797874,0.02015727089849513,0.2015381251692895,41,40,13
WMT,1999-06-25,43.75,44.25,43.375,43.4375,28.4720458984375,3669300,False,0.0028811084193988987,0.020158314817397167,0.20154856256725895,41,40,13
WMT,1999-06-28,44.0,45.75,43.8125,45.5625,29.86492347717285,5609200,True,0.047761903627914236,0.027471973121941006,0.2746725975742306,39,40,13
WMT,1999-06-29,45.9375,46.875,45.5,46.8125,30.684268951416016,5876200,False,0.027065447369490677,0.02929939762756515,0.2929437073195187,38,40,13
WMT,1999-06-30,46.5625,48.5,45.375,48.25,31.626508712768555,8998000,False,0.030245540983113994,0.027938799265895146,0.2793400580804815,38,40,13
WMT,1999-07-01,47.9375,48.3125,46.9375,47.75,31.29877281188965,6724400,False,-0.010416762752764857,0.023144317959481797,0.23140347090459104,40,40,13
WMT,1999-07-02,48.125,49.0625,47.9375,48.75,31.954248428344727,4939000,False,0.02072625364725213,0.021236750632740428,0.21233107044911317,41,40,13
WMT,1999-07-06,48.875,51.0,48.875,49.1875,32.24101638793945,7154700,True,0.008934299685144682,0.01653112672022682,0.16528290475965118,43,40,13
WMT,1999-07-07,50.0,50.0,47.9375,48.0,31.462644577026367,6262800,False,-0.0244384871537659,0.02238543996645494,0.22381599298076732,41,40,13
WMT,1999-07-08,47.0,48.4375,46.25,47.0,30.80716896057129,7890100,False,-0.021053534312654148,0.019497469604049023,0.19494124424545045,42,40,13
WMT,1999-07-09,47.4375,48.0,47.3125,47.9375,31.421676635742188,4067200,False,0.019750572102358865,0.02200513284282019,0.22001357423708734,41,40,13
WMT,1999-07-12,48.375,48.375,47.0625,47.4375,31.09395217895508,3241100,True,-0.01048465688246853,0.019179137490510534,0.19175846927225135,42,40,13
WMT,1999-07-13,47.25,47.75,46.6875,47.5625,31.17588424682617,4339100,False,0.002631518560342239,0.018177662908807197,0.18174544168446133,42,40,13
WMT,1999-07-14,47.75,48.0,47.5,47.625,31.21683883666992,3043100,False,0.0013128003940734586,0.015326523568341799,0.15323893997759092,43,40,13
WMT,1999-07-15,48.0625,48.3125,47.375,47.5,31.134933471679688,3970000,False,-0.0026272039773234156,0.011103643075924456,0.11101738024654143,45,48,16
WMT,1999-07-16,47.4375,48.0,47.25,48.0,31.462644577026367,4077500,False,0.010470504115671455,0.007661110882595186,0.07659796466333865,46,48,16
WMT,1999-07-19,48.0,48.5625,47.625,48.0625,31.503604888916016,4332300,True,0.0013010245334517988,0.004811760032064686,0.048109344787306274,48,48,16
WMT,1999-07-20,48.125,48.25,46.5,46.875,30.72524642944336,5639900,False,-0.025017304295400916,0.013260990887331703,0.13258715700047424,44,48,16
WMT,1999-07-21,46.6875,47.0,45.4375,45.4375,29.78300094604492,5942400,False,-0.031146883208803704,0.01783288163538996,0.17829822049128,42,40,13
WMT,1999-07-22,45.75,46.1875,44.375,45.1875,29.619121551513672,5415300,False,-0.005517641572650171,0.01760365530132475,0.1760063504340898,42,40,13
WMT,1999-07-23,45.3125,45.9375,44.5625,44.9375,29.45526695251465,3684500,False,-0.00554741312946202,0.014049899434846663,0.14047488894577753,44,48,16
WMT,1999-07-26,44.625,46.1875,44.5,45.625,29.905902862548828,3914900,True,0.015183143068604469,0.018343803825378657,0.1834065658023209,42,40,13
WMT,1999-07-27,45.8125,46.0,45.0,45.5625,29.86492347717285,4335700,False,-0.0013712171742104793,0.016601524237618005,0.1659867591525914,43,40,13
WMT,1999-07-28,45.0,45.3125,44.625,45.0625,29.537199020385746,3725400,False,-0.011034211174382458,0.01002052950670293,0.10018810285152362,45,48,16
WMT,1999-07-29,44.0,44.4375,43.0,44.0,28.84074211120605,6107600,False,-0.02386140861839738,0.014251836088718118,0.14249390902191547,44,48,16
WMT,1999-07-30,44.25,44.375,42.25,42.25,27.693693161010746,6541500,False,-0.040584340545594844,0.021272212570390827,0.21268562898359542,41,40,13
WMT,1999-08-02,42.3125,43.5,42.0,42.375,27.775615692138672,5580600,True,0.002953798862315645,0.017724629650555566,0.17721588637079114,42,40,13
WMT,1999-08-03,42.5625,42.875,41.3125,41.9375,27.48883438110352,5526100,False,-0.010378602695968712,0.0164317503036932,0.16428931109436373,43,40,13
WMT,1999-08-04,41.3125,41.4375,40.8125,40.9375,26.833375930786133,6211200,False,-0.024133416479882288,0.016370439825473305,0.1636763115025096,43,40,13
WMT,1999-08-05,41.0625,41.375,38.875,41.375,27.120155334472656,8057500,False,0.010630707490226446,0.02062899131634475,0.20625452001739286,41,40,13
WMT,1999-08-06,40.875,42.0625,40.1875,41.25,27.038217544555664,5416000,False,-0.003025860936310135,0.013287936877919468,0.13285657067513457,44,48,16
WMT,1999-08-09,41.0625,41.0625,40.0625,40.1875,26.341772079467773,4658400,True,-0.026095358614825887,0.015259579276609175,0.15256961191653942,43,40,13
WMT,1999-08-10,40.75,43.4375,39.875,42.875,28.10334205627441,11706800,False,0.0647325324776051,0.03700709390013522,0.37000744595608503,35,32,10
WMT,1999-08-11,43.625,44.4375,43.3125,43.375,28.43108558654785,8029000,False,0.011594605822002047,0.03338733328517669,0.3338160502272694,36,32,10
WMT,1999-08-12,44.0,44.8125,43.9375,44.375,29.0865421295166,6177400,False,0.022792487952697747,0.033743152415369765,0.3373736310505659,36,32,10
WMT,1999-08-13,44.9375,45.1875,44.5625,44.8125,29.37331962585449,6839400,False,0.009811169172612783,0.032592629595017124,0.3258703767982422,36,32,10
WMT,1999-08-16,44.75,46.0,44.0625,46.0,30.15170669555664,5220200,True,0.026154761787019244,0.02222016090976363,0.22216348598301686,41,40,13
WMT,1999-08-17,46.5625,47.0,45.5,46.9375,30.76619911193848,6341800,False,0.02017512754127074,0.007110370882212245,0.07109150956374488,47,48,16
WMT,1999-08-18,47.0,47.375,46.3125,46.375,30.39748954772949,5237800,False,-0.012056631594746741,0.015473541128758693,0.15470886334383369,43,40,13
WMT,1999-08-19,46.0,46.0625,44.875,46.0625,30.19266891479492,4451300,False,-0.006760880589152497,0.016581833627441697,0.1657898868339945,43,40,13
WMT,1999-08-20,46.4375,46.9375,46.0625,46.6875,30.60234642028809,4042500,False,0.013477542673855494,0.016791282398754152,0.1678840151960078,43,40,13
WMT,1999-08-23,46.875,47.8125,46.8125,47.75,31.29877281188965,5448000,True,0.022502203069496064,0.015868878629034043,0.1586615600663129,43,40,13
WMT,1999-08-24,47.625,48.0625,47.0,47.5625,31.17588424682617,4652100,False,-0.0039340343537906065,0.01465899678278273,0.14656481739724195,44,48,16
WMT,1999-08-25,46.9375,48.4375,45.875,48.375,31.70844841003418,7112100,False,0.016938301597116488,0.013033868489891293,0.13031632269980947,44,48,16
WMT,1999-08-26,48.0,48.125,46.75,47.3125,31.011999130249023,4295900,False,-0.022208958421851412,0.018304597179341114,0.1830145666087608,42,40,13
WMT,1999-08-27,47.125,47.3125,46.125,46.6875,30.60234642028809,3843000,False,-0.013297511890970563,0.019227542009748393,0.19224243141702996,42,40,13
WMT,1999-08-30,46.875,47.0,45.4375,45.5,29.823963165283203,3630500,True,-0.025764482987332034,0.017104957841138885,0.17102023144711676,43,40,13
WMT,1999-08-31,45.9375,45.9375,43.625,44.3125,29.045595169067383,5459300,False,-0.026445360923746532,0.01815370486554472,0.18150590235663472,42,40,13
WMT,1999-09-01,44.3125,45.25,43.9375,45.0,29.49623107910156,4822400,False,0.01539565264427435,0.017494269467070903,0.17491267976475108,43,40,13
WMT,1999-09-02,44.0,45.8125,43.5625,45.6875,29.946870803833008,5377700,False,0.015162343276306708,0.020991788532835225,0.2098818697313656,41,40,13
WMT,1999-09-03,46.8125,47.5625,46.125,47.5625,31.17588424682617,5704000,False,0.0402200167062032,0.029063649280156423,0.29058662831870713,38,40,13
WMT,1999-09-07,47.4375,47.4375,46.25,46.25,30.315561294555664,3287800,True,-0.02798370037678313,0.02963764277523658,0.2963255784692684,38,40,13
WMT,1999-09-08,46.0,47.125,45.75,47.125,30.889116287231445,4001500,False,0.018742743385127762,0.02480719951419913,0.24802943344703743,40,40,13
WMT,1999-09-09,46.75,47.5625,46.25,47.5,31.134933471679688,4500100,False,0.007926553408405323,0.024799625909235064,0.24795371039142552,40,40,13
WMT,1999-09-10,47.875,47.9375,46.875,47.6875,31.25782012939453,4673000,False,0.003939137464622729,0.02481552025721392,0.24811262660129232,40,40,13
WMT,1999-09-13,47.125,48.0,46.9375,48.0,31.462644577026367,3440500,True,0.006531366651048829,0.017596994659730237,0.17593975544580284,42,40,13
WMT,1999-09-14,47.5625,47.875,46.875,46.9375,30.76619911193848,3768100,False,-0.02238429973808331,0.015246377804538132,0.15243761984558546,43,40,13
WMT,1999-09-15,47.625,48.0,45.375,45.5,29.85577774047852,6166500,False,-0.030038275676692962,0.01797785797918673,0.17974773519343545,42,40,13
WMT,1999-09-16,45.5625,45.8125,44.5625,45.3125,29.732738494873047,5519900,False,-0.004129635313542224,0.01623175580186129,0.16228970920647232,43,40,13
WMT,1999-09-17,45.9375,46.8125,45.5625,46.625,30.593955993652344,6945500,False,0.02855372796214047,0.023378491633457062,0.2337448058727341,40,40,13
WMT,1999-09-20,46.5625,47.25,46.1875,46.1875,30.3068904876709,3053600,True,-0.009427377406186772,0.022607855888952304,0.22603977060689742,40,40,13
WMT,1999-09-21,45.0,46.0625,44.75,45.75,30.01980781555176,5844200,False,-0.009517671191407652,0.02117485308122212,0.2117122011315162,41,40,13
WMT,1999-09-22,45.8125,47.6875,45.5625,47.25,31.004079818725582,5396500,False,0.03226137857689193,0.02102236562378462,0.21018758817976585,41,40,13
WMT,1999-09-23,47.625,47.8125,46.625,46.6875,30.63496971130371,5696900,False,-0.011976645400047193,0.022362302264348936,0.2235846556570467,41,40,13
WMT,1999-09-24,46.5625,47.5,46.1875,46.5,30.51192855834961,6339600,False,-0.004024450053967742,0.018563759704680556,0.18560574721719075,42,40,13
WMT,1999-09-27,47.0,47.4375,46.3125,46.3125,30.388904571533203,5204700,True,-0.004040146836585177,0.01806848754605659,0.1806538753690492,42,40,13
WMT,1999-09-28,46.25,47.125,45.6875,46.9375,30.79902076721192,5213700,False,0.013405335611010377,0.017784302265411,0.17781251013908167,42,40,13
WMT,1999-09-29,46.75,46.75,45.5625,45.625,29.93778610229492,4894100,False,-0.028361464423444904,0.01512507446260988,0.1512247945463623,43,40,13
WMT,1999-09-30,46.125,48.0,46.0625,47.5625,31.20913887023925,6599200,False,0.04158953265428477,0.02587143105757354,0.2586699229794627,39,40,13
WMT,1999-10-01,48.0,48.375,47.5625,48.3125,31.70124626159668,6477200,False,0.01564502992379068,0.025896048655208483,0.258916056719417,39,40,13
WMT,1999-10-04,48.9375,50.4375,48.8125,50.3125,33.01359558105469,7629100,True,0.040563469571298076,0.028422573549771013,0.2841769709080378,38,40,13
WMT,1999-10-05,50.3125,52.625,49.9375,51.25,33.62873458862305,9211600,False,0.0184614336596057,0.028371802546171793,0.2836693479798212,38,40,13
WMT,1999-10-06,50.5625,51.6875,49.875,51.375,33.71076965332031,7048300,False,0.002436463000527489,0.016947473505735552,0.16944565828884817,43,40,13
WMT,1999-10-07,51.375,51.5,50.6875,51.3125,33.66975021362305,4454400,False,-0.0012175461051828667,0.016481670241769265,0.16478842482752132,43,40,13
WMT,1999-10-08,51.875,55.375,51.6875,55.375,36.335445404052734,9488400,False,0.07619390777565047,0.03192216796373119,0.31916691079593745,37,40,13
WMT,1999-10-11,54.8125,55.0,53.9375,53.9375,35.3922119140625,6749900,True,-0.026301928750269356,0.038332377087460096,0.383258004041891,34,32,10
WMT,1999-10-12,53.9375,54.4375,53.1875,53.875,35.351200103759766,4934900,False,-0.001159452554729832,0.038752537981199306,0.3874588921095299,34,32,10
WMT,1999-10-13,53.5625,53.8125,51.25,51.3125,33.66975021362305,6068700,False,-0.048732526470651225,0.04710279301528352,0.47094711592361743,31,32,10
WMT,1999-10-14,51.25,52.9375,50.75,52.375,34.36695861816406,5331800,False,0.020495783029980702,0.04798324760308958,0.479750151206354,30,32,10
WMT,1999-10-15,51.875,52.25,50.75,50.8125,33.341670989990234,6979200,False,-0.030287601770160398,0.02704950014571653,0.27044859264857735,39,40,13
WMT,1999-10-18,51.125,52.5,49.5,52.125,34.202911376953125,7225700,True,0.02550277268399316,0.03213386970505318,0.32128356499262695,37,40,13
WMT,1999-10-19,52.625,53.375,52.25,52.6875,34.57200241088867,5559200,False,0.010733407199221705,0.03308519329380628,0.3307951686949383,36,32,10
WMT,1999-10-20,53.375,55.0,52.75,54.8125,35.96636199951172,5603100,False,0.03953993711453785,0.02643687997565309,0.2643234420199427,39,40,13
WMT,1999-10-21,54.1875,54.9375,53.3125,54.875,36.00737380981445,5073700,False,0.0011396327918868506,0.026517941181586027,0.2651339150026174,39,40,13
WMT,1999-10-22,55.4375,58.0,55.0625,57.0625,37.442752838134766,7534000,False,0.03908943003391102,0.0170795640005451,0.17076633660937357,43,40,13
WMT,1999-10-25,55.9375,56.9375,55.5,55.9375,36.70455932617188,6902500,True,-0.019912195900932704,0.025533286712919875,0.255289059686943,39,40,13
WMT,1999-10-26,54.5,54.5625,51.5,53.25,34.94108581542969,13657200,False,-0.04923759886993008,0.0383763342265939,0.383697500015996,34,32,10
WMT,1999-10-27,52.75,53.3125,51.5,53.0,34.777042388916016,7300700,False,-0.00470591318142325,0.03219516406903438,0.3218964034697413,37,40,13
WMT,1999-10-28,54.125,55.9375,54.0625,55.75,36.581504821777344,9089700,False,0.0505853123316428,0.04147225367958862,0.4146513828790908,33,32,10
WMT,1999-10-29,56.9375,58.5,56.3125,56.3125,36.95061874389648,9685800,False,0.010039612745611229,0.03697174337118417,0.3696540013174524,35,32,10
WMT,1999-11-01,57.25,57.875,56.125,56.25,36.90959548950195,4778500,True,-0.0011108350832369418,0.035711280066591085,0.35705153084753666,35,32,10
WMT,1999-11-02,56.3125,57.125,55.625,56.125,36.827579498291016,4579600,False,-0.0022245502366127832,0.023102966737000016,0.23099002962603687,40,40,13
WMT,1999-11-03,55.75,56.4375,55.0,55.75,36.581504821777344,4081300,False,-0.006704227425761725,0.023446866137862843,0.23442843360670226,40,40,13
WMT,1999-11-04,56.5,57.0,55.875,56.0,36.745567321777344,4150600,False,0.004474821344146839,0.006479627470873055,0.06478515761638515,47,48,16
WMT,1999-11-05,57.5,58.75,57.25,58.0625,38.09890365600586,6239900,False,0.0361679049961925,0.017262390544555112,0.17259428837409926,43,40,13
WMT,1999-11-08,58.5,59.1875,58.3125,58.5,38.385990142822266,4881400,True,0.007507046706977347,0.0167834376802758,0.1678055814704023,43,40,13
WMT,1999-11-09,58.0,58.1875,56.5625,58.0,38.057899475097656,10026300,False,-0.008583882476984642,0.017938429773575248,0.17935352078426556,42,40,13
WMT,1999-11-10,58.0,58.5,57.125,57.125,37.4837646484375,6991200,False,-0.015200773994431668,0.019814842387673795,0.19811442756543401,42,40,13
WMT,1999-11-11,56.875,57.5,56.6875,57.4375,37.68880081176758,6290200,False,0.005455093105597784,0.019814767026635333,0.1981136740843463,42,40,13
WMT,1999-11-12,57.9375,58.875,56.875,58.875,38.632057189941406,5607700,False,0.024719439320712435,0.015518425724733957,0.15515763229511623,43,40,13
WMT,1999-11-15,59.0,60.6875,58.25,58.9375,38.67306900024414,9037800,True,0.001061037376730393,0.015293608697339455,0.15290984773958877,43,40,13
WMT,1999-11-16,59.5,60.375,58.75,59.875,39.28822326660156,6215300,False,0.01578134521569827,0.015162416878148616,0.1515981546333933,43,40,13
WMT,1999-11-17,59.375,60.625,58.6875,58.875,38.632057189941406,6465700,False,-0.016842382592428765,0.0157523867097454,0.1574968407385314,43,40,13
WMT,1999-11-18,59.1875,59.75,58.5,59.375,38.96012115478516,5723900,False,0.00845615954432212,0.01578191806372325,0.1577921036113864,43,40,13
WMT,1999-11-19,58.375,59.0625,57.75,58.125,38.139923095703125,4987500,False,-0.021277004690230746,0.016009257144677807,0.1600651043754289,43,40,13
WMT,1999-11-22,57.1875,57.25,56.125,56.75,37.23767852783203,6322600,True,-0.023940471471468612,0.018330127884026104,0.18326982985259846,42,40,13
WMT,1999-11-23,56.625,56.625,55.5,55.9375,36.70455932617188,6477000,False,-0.014420132665123023,0.012879455287230751,0.12877245559982847,44,48,16
WMT,1999-11-24,56.5,58.5,56.4375,57.9375,38.01688766479492,5668800,False,0.035129493570874346,0.02493918716245373,0.2493490834784671,40,40,13
WMT,1999-11-26,58.0,58.6875,57.625,58.203125,38.191184997558594,2297100,True,0.0045742565213446945,0.024542466896193407,0.24538256146854878,40,40,13
WMT,1999-11-29,58.5,59.375,58.0,59.0,38.71407318115234,4793000,True,0.013598452266278007,0.023325732433186294,0.23321730438894964,40,40,13
WMT,1999-11-30,58.75,58.9375,57.25,57.625,37.81184387207031,4376100,False,-0.023580798526670662,0.023222249840827214,0.23218265601037058,40,40,13
WMT,1999-12-01,57.6875,59.0,57.6875,58.578125,38.43723678588867,5319400,False,0.01640431419957621,0.02144505919809256,0.21441379870777377,41,40,13
WMT,1999-12-02,59.0,59.1875,57.0,57.671875,37.84260177612305,5285000,False,-0.015591198579367605,0.017817547712759705,0.1781449075733778,42,40,13
WMT,1999-12-03,58.1875,59.25,57.9375,59.0625,38.75510025024414,6172000,False,0.023826867382303277,0.021082630925565577,0.2107901378004391,41,40,13
WMT,1999-12-06,58.5625,60.5,58.25,59.578125,39.09344100952149,5449000,True,0.00869233730333897,0.020569996100522552,0.20566466907722164,41,40,13
WMT,1999-12-07,59.8125,60.125,58.0,58.0,38.057899475097656,6361700,False,-0.026846033287055752,0.021608785562475804,0.21605078144639672,41,40,13
WMT,1999-12-08,58.8125,59.3125,58.0,58.65625,38.48851776123047,4600000,False,0.011251286327604899,0.02081650331753091,0.20812931831504444,41,40,13
WMT,1999-12-09,58.5,62.25,57.625,62.25,40.846622467041016,8808100,False,0.059464179699020805,0.031062522298043047,0.31057192903252673,37,40,13
WMT,1999-12-10,62.5,64.5,61.875,63.25,41.50279998779297,12595800,False,0.015936758003719322,0.030718141745172723,0.30712871435729855,37,40,13
WMT,1999-12-13,65.5,69.1875,64.75,68.0,44.61961364746094,9391000,True,0.07241263569069943,0.039951520825807545,0.39944666346157964,34,32,10
WMT,1999-12-14,67.0,68.5,66.9375,67.0625,44.004432678222656,7505100,False,-0.013883158705818558,0.03583764434349143,0.35831495681343817,35,32,10
WMT,1999-12-15,67.0,67.0625,65.125,66.015625,43.34984970092773,7842800,False,-0.014987135417022462,0.040686036663549946,0.40679056163069166,33,32,10
WMT,1999-12-16,66.75,68.75,66.0,68.625,45.06332015991211,8487000,False,0.038765379262983395,0.03703810703893436,0.3703175241348558,35,32,10
WMT,1999-12-17,68.8125,68.875,64.75,65.0,42.68291473388672,14669900,False,-0.054269898541196224,0.04987910071527604,0.4987054296143526,30,32,10
WMT,1999-12-20,66.125,66.4375,63.1875,64.28125,42.21094131469727,6330600,True,-0.011119256539009033,0.033064529132484116,0.3305885625352039,36,32,10
WMT,1999-12-21,64.0,65.6875,63.5625,64.8125,42.55979537963867,4629900,False,0.008230576915898097,0.03406288913022037,0.34057044962701266,36,32,10
WMT,1999-12-22,64.625,66.0625,64.625,65.6875,43.134368896484375,3752700,False,0.013410064317170137,0.034692291212736905,0.34686339058746274,36,32,10
WMT,1999-12-23,67.0,68.0,66.75,67.375,44.24248123168945,3847300,False,0.0253653398188411,0.03119392657900551,0.3118857463919179,37,40,13
WMT,1999-12-27,67.3125,70.125,67.3125,69.4375,45.59685516357422,5231600,True,0.03015330708240372,0.016214001085857358,0.1621121925081869,43,40,13
WMT,1999-12-28,68.625,70.1875,68.5625,69.3125,45.5147705078125,3532000,False,-0.0018018486085667155,0.012919873582228673,0.12917656920416706,44,48,16
WMT,1999-12-29,69.5625,70.0,67.375,67.375,44.24248123168945,2517600,False,-0.02835145847383699,0.023657967367999775,0.23653908372183785,40,40,13
WMT,1999-12-30,68.125,69.5625,67.8125,67.8125,44.52979278564453,2643900,False,0.0064730246089131725,0.02344588453137152,0.2344186192259306,40,40,13
WMT,1999-12-31,68.3125,70.25,68.25,69.125,45.391632080078125,2112700,False,0.019169306684832795,0.022327843153430463,0.2232401236693346,41,40,13
WMT,2000-01-03,68.375,69.0,65.5,66.8125,43.87310791015625,8369900,True,-0.034026216341050755,0.022788015410552104,0.22784105672332952,40,40,13
WMT,2000-01-04,65.5,65.8125,64.1875,64.3125,42.23146438598633,6745100,False,-0.03813601151843076,0.026000780641588412,0.25996319689462005,39,40,13
WMT,2000-01-05,63.875,64.375,62.1875,63.0,41.36959457397461,7018700,False,-0.02061936435817943,0.025224607303385767,0.25220279519265015,39,40,13
WMT,2000-01-06,63.0,64.5625,62.6875,63.6875,41.821048736572266,6544500,False,0.010853590654297205,0.02614779604409395,0.2614330986854516,39,40,13
WMT,2000-01-07,64.5,68.9375,64.5,68.5,44.981239318847656,7976900,False,0.07284572773708407,0.045948612328400515,0.45940728928178914,31,32,10
WMT,2000-01-10,67.25,67.5,65.625,67.25,44.16039276123047,6714300,True,-0.018417202837176346,0.043687777852871944,0.43680282343864074,32,32,10
WMT,2000-01-11,67.0625,67.75,65.625,66.25,43.50375747680664,4943300,False,-0.014980982837520227,0.03948696113503157,0.3948018635985583,34,32,10
WMT,2000-01-12,66.1875,66.75,65.0625,65.0625,42.72399139404297,4085000,False,-0.018086691345386534,0.03907524166275407,0.3906853752625955,34,32,10
WMT,2000-01-13,66.0,66.125,65.0,65.125,42.76500701904297,5021000,False,0.0009595533672971929,0.0390465501531821,0.39039850939287885,34,32,10
WMT,2000-01-14,64.0,65.9375,64.0,64.5,42.3546028137207,6312200,False,-0.009643074877255724,0.008071771961070824,0.0807038708771683,46,48,16
WMT,2000-01-18,63.1875,66.4375,63.0625,65.5625,43.05228805541992,6442200,True,0.016338277965609337,0.01399324779807629,0.1399084697752476,44,48,16
WMT,2000-01-19,65.25,65.8125,64.0,64.0625,42.06729888916016,4819900,False,-0.023144687864707452,0.015796961920680707,0.15794251637022605,43,40,13
WMT,2000-01-20,64.4375,64.5,62.5,63.375,41.61583709716797,5738100,False,-0.010789896116206307,0.01478869103602745,0.14786153741334906,44,48,16
WMT,2000-01-21,63.9375,63.9375,62.0625,62.4375,41.000221252441406,6952500,False,-0.014903331179964093,0.014823413056861167,0.14820869804913925,44,48,16
WMT,2000-01-24,63.4375,63.4375,57.5,59.375,38.98920440673828,7799900,True,-0.05029266536372736,0.02397700022145315,0.2397288648919268,40,40,13
WMT,2000-01-25,59.8125,61.1875,59.5,61.125,40.13836288452149,6403800,False,0.029047759670449612,0.028570141276767748,0.2856523949961586,38,40,13
WMT,2000-01-26,61.125,62.0625,60.0,61.9375,40.67189407348633,4538400,False,0.013204733197398188,0.030242487481301407,0.3023729877982751,37,40,13
WMT,2000-01-27,61.3125,61.5,57.875,59.125,38.82504653930664,7323300,False,-0.04647172286653396,0.0352332409853686,0.352271960206631,35,32,10
WMT,2000-01-28,58.875,58.875,53.5,55.125,36.19840240478516,14029400,False,-0.0700505823349825,0.043333106430608455,0.4332567177255184,32,32,10
WMT,2000-01-31,54.5625,55.5,54.125,54.75,35.952144622802734,7972700,True,-0.006826247294851361,0.04127991614277072,0.41272833750428994,33,32,10
WMT,2000-02-01,55.0,59.5,54.9375,58.6875,38.53775405883789,8359000,False,0.06944964760160716,0.054267205042639634,0.5425789442204458,28,32,10
WMT,2000-02-02,58.875,60.125,57.9375,58.375,38.33253860473633,6034600,False,-0.005339278270245251,0.05306418693262183,0.5305508271376025,28,32,10
WMT,2000-02-03,58.375,58.8125,56.25,58.375,38.33253860473633,6999000,False,0.0,0.04942885463048044,0.4942037412532911,30,32,10
WMT,2000-02-04,57.9375,57.9375,56.0,56.3125,36.97818374633789,6549700,False,-0.03597099716223293,0.03905579942540245,0.39049098624611245,34,32,10
WMT,2000-02-07,56.625,56.625,54.625,55.75,36.60881423950195,6043700,True,-0.01003907263839615,0.03930945462639508,0.39302710305998684,34,32,10
WMT,2000-02-08,57.3125,59.6875,56.875,59.5,39.07129669189453,8576100,False,0.0650990598272193,0.037494266843221664,0.3748783395446698,35,32,10
WMT,2000-02-09,60.0,60.125,57.3125,57.8125,37.96316146850586,8216600,False,-0.028771842975457453,0.0401299471300136,0.4012306203777542,33,32,10
WMT,2000-02-10,57.625,58.375,56.8125,57.0,37.42962646484375,4591600,False,-0.014153712180486305,0.04045705549076541,0.4045011427656852,33,32,10
WMT,2000-02-11,57.4375,57.5,55.625,56.0625,36.81403732299805,4816700,False,-0.016583320864293042,0.03754285915803611,0.3753641793230135,34,32,10
WMT,2000-02-14,56.6875,58.875,56.5,58.875,38.66088104248047,5803600,True,0.04894904159490022,0.04284315549052208,0.42835804893314183,32,32,10
WMT,2000-02-15,56.9375,58.0,55.0,58.0,38.0863151550293,9712100,False,-0.014973227702572199,0.03079355377407479,0.3078827052619537,37,40,13
WMT,2000-02-16,56.5,56.5,52.6875,52.75,34.63884735107422,13585800,False,-0.09487922727240916,0.051034336000109794,0.5102558004263154,29,32,10
WMT,2000-02-17,52.9375,53.5,48.0,48.375,31.76594352722168,24766700,False,-0.08658105041905795,0.059181735396961976,0.5917158159073582,26,24,8
WMT,2000-02-18,48.5,49.5,47.25,47.75,31.35552978515625,19394400,False,-0.013004117431590516,0.059448175769853014,0.5943797625047061,26,24,8
WMT,2000-02-22,49.25,49.3125,46.75,48.125,31.601768493652344,12342600,True,0.007822443810387585,0.04696569285867508,0.46957634958017636,31,32,10
WMT,2000-02-23,48.4375,48.5,46.75,47.0,30.863040924072266,12874400,False,-0.023653702594258443,0.04594368561839394,0.4593580306344763,31,32,10
WMT,2000-02-24,47.0,47.875,43.4375,47.875,31.437604904174805,19431900,False,0.018445403344886938,0.041065894208011065,0.410588485353978,33,32,10
WMT,2000-02-25,44.3125,45.3125,43.625,44.5,29.22138214111328,16908500,False,-0.07310407836093809,0.03563700044583771,0.3563088620814966,35,32,10
WMT,2000-02-28,44.5625,46.9375,44.5625,46.1875,30.32950210571289,17836100,True,0.03722019925885152,0.043211964884520115,0.43204551010710135,32,32,10
WMT,2000-02-29,47.9375,49.75,47.9375,48.75,32.012184143066406,17197200,False,0.05399567913753785,0.05126283584591439,0.5125404068473347,29,32,10
WMT,2000-03-01,49.875,50.0,47.5,49.0,32.17635726928711,10165800,False,0.005115351762136182,0.04915323547127947,0.49144802254088116,30,32,10
WMT,2000-03-02,52.75,52.875,50.4375,50.5625,33.2023811340332,15542700,False,0.031389657691137225,0.050149678785776815,0.5014107460887529,29,32,10
WMT,2000-03-03,52.125,53.3125,51.5,52.625,34.55674362182617,10790800,False,0.039981121335774736,0.017930778833539055,0.17927702451061614,42,40,13
WMT,2000-03-06,52.625,52.6875,48.625,50.5,33.16136169433594,10493600,True,-0.04121732180225993,0.03751912416001513,0.3751268700649233,34,32,10
WMT,2000-03-07,49.625,49.625,47.125,47.5625,31.232410430908203,9724700,False,-0.05992904228593113,0.044098468798444264,0.44090902827219425,32,32,10
WMT,2000-03-08,47.3125,49.3125,45.625,48.3125,31.72490119934082,10018700,False,0.015645547808804578,0.04494165655263226,0.4493394591574308,32,32,10
WMT,2000-03-09,49.0,49.4375,46.875,48.9375,32.135311126708984,7944900,False,0.01285356132904676,0.042087497363047593,0.4208027641405207,33,32,10
WMT,2000-03-10,49.75,49.75,47.4375,47.9375,31.478649139404297,7005500,False,-0.020645949721087645,0.033113010144238765,0.33107328947391224,36,32,10
WMT,2000-03-13,46.25,47.9375,45.875,47.6875,31.314491271972656,7727900,True,-0.0052285405803891944,0.03081525921315329,0.308099722412732,37,40,13
WMT,2000-03-14,47.0,48.8125,46.3125,47.75,31.35552978515625,9985000,False,0.0013096698663009792,0.014681702823609371,0.14679183884876992,44,48,16
WMT,2000-03-15,47.4375,51.9375,46.5625,51.5,33.86055374145508,14670000,False,0.0768600902185494,0.03767997339378491,0.3767350864337027,34,32,10
WMT,2000-03-16,52.3125,55.5625,51.625,54.625,35.915184020996094,19716000,False,0.05890942888177211,0.04289465406721485,0.42887294634399725,32,32,10
WMT,2000-03-17,54.5625,56.25,54.125,55.75,36.65486145019531,12637300,False,0.02038590552887805,0.03601124347333149,0.3600506502679324,35,32,10
WMT,2000-03-20,55.8125,55.8125,53.375,55.125,36.24394607543945,6769100,True,-0.011273702296331654,0.03757594440533482,0.3756949750316649,34,32,10
WMT,2000-03-21,55.4375,56.625,54.5,56.625,37.23017120361328,7854600,False,0.026847123874858374,0.034435027674097396,0.344291196587942,36,32,10
WMT,2000-03-22,56.5,56.5,54.0,55.375,36.408302307128906,9963500,False,-0.022322652417353903,0.03232446349702688,0.32318917591072766,37,40,13
WMT,2000-03-23,54.375,54.5625,53.5,54.0,35.50428771972656,7025500,False,-0.025143363970547897,0.02432826725802988,0.24324093258908375,40,40,13
WMT,2000-03-24,54.4375,55.6875,54.0,55.5,36.4904899597168,7952900,False,0.02739820756547046,0.026100650667084547,0.26096172580264815,39,40,13
WMT,2000-03-27,54.6875,55.5,54.25,55.4375,36.44940948486328,5774900,True,-0.0011264199569778679,0.025479389603076708,0.25475018105974523,39,40,13
WMT,2000-03-28,54.5625,55.9375,54.5,54.5,35.83302688598633,5797600,False,-0.01705525078975982,0.02168350297150276,0.21679782734405958,41,40,13
WMT,2000-03-29,55.5,59.375,55.4375,58.75,38.6273078918457,13596700,False,0.07508947783401831,0.04066136607768422,0.4065438980993414,33,32,10
WMT,2000-03-30,59.75,60.75,58.875,59.0,38.79170608520508,11570800,False,0.004246978410492934,0.035815332506255744,0.3580918767214849,35,32,10
WMT,2000-03-31,59.25,59.3125,55.5,56.5,37.14798355102539,9054000,False,-0.04329697197059891,0.044043911013482824,0.4403635440273336,32,32,10
WMT,2000-04-03,56.625,62.0,56.625,61.1875,40.229957580566406,11935700,True,0.07970244042026747,0.05528707569588935,0.5527759009615725,27,24,8
WMT,2000-04-04,61.6875,63.3125,57.5,60.0,39.44918823242188,13675800,False,-0.019598461582982108,0.05572019358901815,0.5571063367927924,27,24,8
WMT,2000-04-05,59.3125,60.125,57.5625,58.25,38.298587799072266,7066000,False,-0.02960044653532856,0.04871042328878743,0.4870206604485143,30,32,10
WMT,2000-04-06,59.125,61.25,58.75,61.125,40.18885803222656,7254200,False,0.048176770410737035,0.05375406521977564,0.5374484263854431,28,32,10
WMT,2000-04-07,61.25,62.0,60.625,61.5,40.4354133605957,4013100,False,0.006116175506364718,0.04618735055948557,0.46179426198962265,31,32,10
WMT,2000-04-10,61.5,63.6875,61.0,63.5625,41.79148483276367,5521000,True,0.03298663730671106,0.03322945086459581,0.33223749690021975,36,32,10
WMT,2000-04-11,62.875,63.5,61.5,63.375,41.66818237304688,5355400,False,-0.0029547817180436563,0.030547067025919267,0.30541826067754085,37,40,13
WMT,2000-04-12,63.4375,64.9375,62.0625,62.4375,41.05180358886719,7243300,False,-0.014903053601023737,0.026045551328606545,0.2604108269517648,39,40,13
WMT,2000-04-13,62.3125,62.3125,59.5,60.0625,39.49028778076172,7884500,False,-0.03878000861883846,0.026451612382012147,0.26447074080715394,39,40,13
WMT,2000-04-14,58.0,58.9375,55.0,55.0,36.1617546081543,9372700,False,-0.08805270490348364,0.04494598180401803,0.4493827042504577,32,32,10
WMT,2000-04-17,55.125,56.375,51.75,54.0,35.50428771972656,9660500,True,-0.018348587777025496,0.033572005862358735,0.3356624591564776,36,32,10
WMT,2000-04-18,54.0,56.3125,53.125,53.875,35.42209243774414,7661200,False,-0.0023177643803683158,0.0337135801706491,0.33707795934043894,36,32,10
WMT,2000-04-19,54.125,55.5,53.75,54.9375,36.12067031860352,6255300,False,0.01952958083250632,0.04094318420541027,0.4093615958614362,33,32,10
WMT,2000-04-20,55.125,57.9375,55.125,57.6875,37.92877197265625,6090400,False,0.0488446925499097,0.05132492023795636,0.5131611442496062,29,32,10
WMT,2000-04-24,57.9375,60.625,57.5,58.875,38.70951843261719,5633700,True,0.020375545097754164,0.02548206420037646,0.254776922443938,39,40,13
WMT,2000-04-25,58.0625,60.75,57.5625,59.6875,39.24372863769531,6038300,False,0.013706127405793056,0.018507229918038024,0.18504054633888106,42,40,13
WMT,2000-04-26,60.1875,60.75,58.3125,58.75,38.6273078918457,5202000,False,-0.01583216685284358,0.023022548581464686,0.2301859860440571,40,40,13
WMT,2000-04-27,57.625,58.4375,56.5,57.6875,37.92877197265625,5515000,False,-0.018249505650703535,0.027818006409886603,0.27813233676461513,38,40,13
WMT,2000-04-28,56.8125,57.3125,55.375,55.375,36.408302307128906,5012600,False,-0.040913145031499745,0.02512882348688764,0.25124512136389626,39,40,13
WMT,2000-05-01,56.375,58.8125,56.1875,57.9375,38.093109130859375,5109000,True,0.04523656907205262,0.03331763193831195,0.3331191563451743,36,32,10
WMT,2000-05-02,57.3125,57.8125,56.6875,57.625,37.887657165527344,4821500,False,-0.005408012476770542,0.03196031914258153,0.3195483571284898,37,40,13
WMT,2000-05-03,54.25,54.5,52.75,53.4375,35.134429931640625,10457300,False,-0.07544383116355727,0.044659053703872215,0.4465139155313414,32,32,10
WMT,2000-05-04,53.9375,53.9375,50.4375,51.0,33.53181076049805,10766900,False,-0.04668699621741015,0.04632633903668481,0.4631839082991814,31,32,10
WMT,2000-05-05,50.1875,52.875,50.1875,51.3125,33.73727798461914,8640000,False,0.006108834441495455,0.04696613398675072,0.4695807601040896,31,32,10
WMT,2000-05-08,51.25,52.375,49.5,52.375,34.43585586547852,7626100,True,0.020494945558505805,0.039750714664554945,0.39743894637204485,34,32,10
WMT,2000-05-09,54.375,54.875,52.5,53.0,34.846778869628906,8888200,False,0.011862361306470792,0.04204036038349342,0.420331475217862,33,32,10
WMT,2000-05-10,53.4375,57.125,53.0,56.6875,37.271270751953125,11245300,False,0.06726210423316403,0.04063486410958157,0.4062789238877232,33,32,10
WMT,2000-05-11,56.9375,57.0625,55.0,56.0,36.81925201416016,6105300,False,-0.012201947812824781,0.029672044041690552,0.29666953211157915,38,40,13
WMT,2000-05-12,55.75,57.1875,55.3125,56.8125,37.353458404541016,4371000,False,0.014404640854316702,0.029016297598801002,0.2901131927463997,38,40,13
WMT,2000-05-15,56.25,57.3125,55.5,57.0,37.47672653198242,4272300,True,0.0032946127033317415,0.029999888033158433,0.29994740954454985,38,40,13
WMT,2000-05-16,57.4375,59.0625,57.1875,58.0,38.134220123291016,6378700,False,0.017391930493960574,0.029868263909355715,0.2986313941339403,38,40,13
WMT,2000-05-17,56.6875,56.75,55.4375,56.375,37.065799713134766,4592300,False,-0.02841734114789216,0.019177775007016205,0.19174484677492004,42,40,13
WMT,2000-05-18,56.25,57.9375,56.1875,57.9375,38.093109130859375,4887900,False,0.027338699227209953,0.021473277266311163,0.21469593097623982,41,40,13
WMT,2000-05-19,56.125,58.75,56.125,57.0625,37.517826080322266,6357700,False,-0.01521722089841835,0.022891000794842048,0.22887073387427675,40,40,13
WMT,2000-05-22,57.6875,57.6875,56.1875,57.375,37.72329330444336,4628100,True,0.005461581022153816,0.02296857161157628,0.22964630895342272,40,40,13
WMT,2000-05-23,57.5625,58.375,56.8125,57.1875,37.60001373291016,4291000,False,-0.0032733475589013634,0.021137952807198067,0.21134326170105014,41,40,13
WMT,2000-05-24,55.25,57.0,52.75,56.875,37.39455032348633,10341500,False,-0.005479435105245751,0.016077479673518195,0.1607472126144875,43,40,13
WMT,2000-05-25,55.8125,56.6875,54.0625,55.0,36.1617546081543,4619200,False,-0.033522922725163384,0.014869985393864447,0.14867434151504583,44,48,16
WMT,2000-05-26,54.25,55.0,53.125,54.0,35.50428771972656,3996400,False,-0.018348587777025496,0.015185848180161287,0.15183242745245146,43,40,13
WMT,2000-05-30,53.0625,54.125,52.6875,53.375,35.093345642089844,4352700,True,-0.011641940373042557,0.012168084364623067,0.12165996687234881,45,48,16
WMT,2000-05-31,54.875,60.0,54.5,57.625,37.887657165527344,7658900,False,0.0766138609388724,0.04325529979744726,0.4324787848866928,32,32,10
WMT,2000-06-01,57.125,57.6875,56.25,57.0,37.47672653198242,4786400,False,-0.010905276096507878,0.043542039482473704,0.4353456897778791,32,32,10
WMT,2000-06-02,58.875,60.0625,58.0625,59.0625,38.832794189453125,7088100,False,0.03554498621323046,0.040952948525809496,0.40945922231279075,33,32,10
WMT,2000-06-05,59.3125,59.75,58.75,59.3125,38.997169494628906,4360400,True,0.004223965727134297,0.03756463633193419,0.3755819136989122,34,32,10
WMT,2000-06-06,58.8125,58.8125,57.75,58.25,38.298587799072266,4440100,False,-0.018076043015084607,0.038951366389976566,0.38944683506753985,34,32,10
WMT,2000-06-07,57.75,59.0625,57.75,57.875,38.05202865600586,3424600,False,-0.006458625001101339,0.021005487880179464,0.21001883970084728,41,40,13
WMT,2000-06-08,57.8125,58.0,56.3125,56.875,37.39455032348633,3993100,False,-0.017429417891311992,0.02209392441800494,0.22090133764929107,41,40,13
WMT,2000-06-09,57.4375,58.0,53.9375,54.0,35.50428771972656,7283100,False,-0.05187151050218884,0.02106352530764668,0.21059911440074547,41,40,13
WMT,2000-06-12,54.0,54.375,51.8125,52.75,34.68242263793945,8089200,True,-0.023420463634190508,0.017041249743156198,0.1703832597712293,43,40,13
WMT,2000-06-13,52.0625,55.0,51.625,55.0,36.1617546081543,7711700,False,0.04176905141121595,0.03416913821242153,0.34163275815754784,36,32,10
WMT,2000-06-14,54.9375,55.6875,54.125,55.125,36.28353118896485,6686800,False,0.0033618942673009434,0.034806400987331725,0.34800429255535004,36,32,10
WMT,2000-06-15,55.0625,56.1875,54.8125,55.5,36.53034210205078,5682300,False,0.006779253655390451,0.03511319021755883,0.35107165849955213,35,32,10
WMT,2000-06-16,54.75,56.125,53.25,53.875,35.46076965332031,9569700,False,-0.029716200483153384,0.028430547452537116,0.28425669625487937,38,40,13
WMT,2000-06-19,53.6875,55.0,52.8125,54.375,35.789878845214844,6001700,True,0.009238134372870735,0.025360964921657174,0.2535661374266934,39,40,13
WMT,2000-06-20,54.25,54.6875,53.125,54.5,35.872154235839844,6063800,False,0.002296206882161346,0.0159530425736054,0.1595030551120053,43,40,13
WMT,2000-06-21,54.5625,54.5625,53.375,53.9375,35.50191116333008,4287300,False,-0.010374815877865923,0.01606558535743596,0.16062828986073496,43,40,13
WMT,2000-06-22,53.0625,53.4375,51.875,52.5,34.55572891235352,5667800,False,-0.02701317903240753,0.017272920801328768,0.17269957287508161,43,40,13
WMT,2000-06-23,53.6875,54.4375,52.875,53.75,35.37849807739258,6269600,False,0.02353088506790517,0.01923920372553357,0.19235902856688408,42,40,13
WMT,2000-06-26,54.1875,54.6875,53.75,53.75,35.37849807739258,3924700,True,0.0,0.018504005435378855,0.18500830704453203,42,40,13
WMT,2000-06-27,54.125,57.4375,53.75,56.8125,37.39424896240234,6554400,False,0.05541268488319657,0.03207897941247963,0.3207347562421282,37,40,13
WMT,2000-06-28,56.5,57.1875,55.6875,55.984375,36.84916687011719,4824100,False,-0.014683911838651583,0.03275720251178972,0.3275158236083293,36,32,10
WMT,2000-06-29,55.3125,55.375,53.5625,54.125,35.62531661987305,5290900,False,-0.033776483574388096,0.03462257761055651,0.3461663741732376,36,32,10
WMT,2000-06-30,54.125,57.734375,54.0625,57.625,37.92903137207031,7622200,False,0.06266029199904194,0.04296557822590283,0.4295820662463473,32,32,10
WMT,2000-07-03,57.25,57.375,56.125,56.875,37.43538665771485,2577300,True,-0.0131003937188318,0.04440225442369939,0.4439463633199595,32,32,10
WMT,2000-07-05,57.3125,57.9375,56.5625,57.0,37.51765441894531,5139800,True,0.0021951822924030574,0.03693591901444501,0.3692958192138848,35,32,10
WMT,2000-07-06,57.9375,58.4375,56.8125,57.5,37.84677505493164,5757800,False,0.008734166251816913,0.035976289042108124,0.3597011659269921,35,32,10
WMT,2000-07-07,57.9375,62.0625,57.3125,61.5625,40.52073287963867,10513400,False,0.06826799312954701,0.03716137279564484,0.3715499702149875,35,32,10
WMT,2000-07-10,61.375,62.9375,60.6875,61.25,40.31502151489258,8233700,True,-0.00508962427217234,0.0323835191632286,0.32377963125097936,37,40,13
WMT,2000-07-11,61.0625,62.75,60.8125,62.0,40.80867004394531,5897600,False,0.012170418105542426,0.029269708702535733,0.29264686900649256,38,40,13
WMT,2000-07-12,62.0625,62.1875,60.625,61.0,40.15046310424805,5833600,False,-0.016260585233420936,0.032616176241861576,0.3261058028677211,36,32,10
WMT,2000-07-13,60.5,61.1875,59.125,59.125,38.91635513305664,4302600,False,-0.03121937197607083,0.038465126161173716,0.3845852670215337,34,32,10
WMT,2000-07-14,59.8125,60.9375,59.375,59.5,39.16317367553711,4184100,False,0.006322255484282403,0.017469995384401197,0.1746699805850808,43,40,13
WMT,2000-07-17,60.3125,61.25,59.625,60.71875,39.9653549194336,4610700,True,0.020276093608208832,0.02134882207354539,0.21345159257626975,41,40,13
WMT,2000-07-18,60.9375,61.125,59.75,60.0625,39.53341293334961,3592100,False,-0.010866740410425488,0.02004146467598373,0.20038026163283093,41,40,13
WMT,2000-07-19,60.1875,60.5,59.375,60.0,39.49226760864258,3736400,False,-0.001041315383627016,0.019301997108376896,0.19298685466075405,42,40,13
WMT,2000-07-20,59.9375,60.8125,59.5625,60.0,39.49226760864258,4986800,False,0.0,0.011479332818747866,0.11477363310414505,45,48,16
WMT,2000-07-21,60.3125,60.5,59.25,59.6875,39.28658676147461,3911000,False,-0.005221739162445515,0.011785341294634653,0.11783319284448367,45,48,16
WMT,2000-07-24,59.0,59.1875,57.1875,57.4375,37.80561828613281,5045800,True,-0.03842543334936287,0.01585618329248437,0.15853462848219627,43,40,13
WMT,2000-07-25,57.5,59.3125,57.3125,59.1875,38.95748901367188,4122000,False,0.03001330284036549,0.024303245471554415,0.24299075765419076,40,40,13
WMT,2000-07-26,58.1875,60.125,58.1875,58.75,38.66948699951172,7322100,False,-0.007420186908722348,0.02434637216002964,0.24342195054651358,40,40,13
WMT,2000-07-27,59.375,60.3125,59.0,60.0625,39.53341293334961,4744800,False,0.02209537196379211,0.027146024588268553,0.27141367146717865,39,40,13
WMT,2000-07-28,59.8125,59.9375,57.25,58.6875,38.628379821777344,5247600,False,-0.023158976518485377,0.029153990588668657,0.29148988640530926,38,40,13
WMT,2000-07-31,58.875,58.875,54.25,55.25,36.36579132080078,7534300,True,-0.060358700990389584,0.03647613181516761,0.3646987360776888,35,32,10
WMT,2000-08-01,54.0,54.9375,53.0,54.5,35.872154235839844,9055300,False,-0.013667187378834458,0.029782537552402056,0.2977742776450547,38,40,13
WMT,2000-08-02,54.5,55.0625,53.8125,54.0625,35.58417510986328,6734800,False,-0.008060326852824326,0.029735075310527458,0.29729973665724413,38,40,13
WMT,2000-08-03,56.5,56.5,53.4375,53.875,35.46076965332031,8229100,False,-0.0034740144022077798,0.022800040995899048,0.22796129194451054,40,40,13
WMT,2000-08-04,54.0625,54.0625,52.75,52.9375,34.84370803833008,5842400,False,-0.017554428429225853,0.02285078695316666,0.22846866445238306,40,40,13
WMT,2000-08-07,53.125,55.9375,53.0,55.125,36.28353118896485,5605200,True,0.04049137525698882,0.02350804871430787,0.23504015440024867,40,40,13
WMT,2000-08-08,56.4375,57.625,55.0625,57.625,37.92903137207031,5859800,False,0.044352866054099584,0.029026665657060368,0.290216855540523,38,40,13
WMT,2000-08-09,54.0625,54.75,52.9375,53.625,35.296234130859375,17750700,False,-0.07194054172075118,0.04766863272500889,0.47660454221007464,30,32,10
WMT,2000-08-10,53.125,53.25,50.6875,51.0,33.56843185424805,12380600,False,-0.050190179214425194,0.05245921451070551,0.5245021408692028,29,32,10
WMT,2000-08-11,51.4375,52.375,51.125,52.125,34.308921813964844,7534100,False,0.021819334354583355,0.05415131730896758,0.5414202657122293,28,32,10
WMT,2000-08-14,52.25,53.0625,52.125,52.875,34.802574157714844,6032800,True,0.014285922550903702,0.04998630364976156,0.4997772750312076,30,32,10
WMT,2000-08-15,51.875,52.5625,51.25,51.5625,33.93866729736328,7953000,False,-0.02513636148899697,0.040420022717197156,0.4041308785671065,33,32,10
WMT,2000-08-16,50.75,50.875,48.75,49.9375,32.86909866333008,13811000,False,-0.03202202656045084,0.030989312771353656,0.3098399593711669,37,40,13
WMT,2000-08-17,49.5625,50.4375,48.625,50.0,32.91023635864258,6799800,False,0.001250778855149789,0.023772650279584598,0.23768571607629443,40,40,13
WMT,2000-08-18,49.6875,50.875,49.5625,50.875,33.48614883422852,7349300,False,0.017348140794981263,0.022616453458987325,0.2261257315564027,40,40,13
WMT,2000-08-21,49.25,49.75,47.125,49.0,32.25201797485352,14148700,True,-0.037551271546883244,0.0235122220264636,0.23508188036165723,40,40,13
WMT,2000-08-22,49.0,50.0,48.5625,49.125,32.334285736083984,7610900,False,0.0025475310087790396,0.023851040963106182,0.23846948841666907,40,40,13
WMT,2000-08-23,49.75,50.1875,49.0625,49.125,32.334285736083984,6875700,False,0.0,0.020403962336652603,0.20400461630253536,41,40,13
WMT,2000-08-24,49.75,50.125,49.0,49.4375,32.53999328613281,4967300,False,0.006341750307646391,0.020809631527406756,0.20806061220372843,41,40,13
WMT,2000-08-25,49.625,50.5,49.25,50.5,33.23933792114258,4877100,False,0.021264156188091764,0.02178316124143189,0.2177942390597265,41,40,13
WMT,2000-08-28,50.0625,50.625,48.625,49.5,32.58111953735352,7003200,True,-0.020001086350826206,0.014818075600600401,0.14815533264400157,44,48,16
WMT,2000-08-29,49.5,49.9375,48.875,49.4375,32.53999328613281,5665100,False,-0.0012630698372655747,0.01488268605284525,0.14880132631434206,44,48,16
WMT,2000-08-30,48.875,49.0,48.0,48.4375,31.881799697875977,8155500,False,-0.020434590881057372,0.017831655905816764,0.17828596529853138,42,40,13
WMT,2000-08-31,48.3125,48.75,47.125,47.625,31.34698486328125,12236200,False,-0.016917218739410197,0.017878313657802708,0.1787524627677182,42,40,13
WMT,2000-09-01,47.5625,49.125,47.375,48.75,32.08746719360352,7661500,False,0.02334743794866837,0.01871986005734557,0.1871664829225744,42,40,13
WMT,2000-09-05,48.9375,50.1875,48.8125,49.75,32.74568557739258,8031000,True,0.020305691515669955,0.020357475984498472,0.2035398325375961,41,40,13
WMT,2000-09-06,50.25,51.125,49.875,50.0,32.91023635864258,8310400,False,0.005012529591605741,0.020375926826446,0.20372430930097468,41,40,13
WMT,2000-09-07,51.1875,52.0625,50.5,51.0,33.56843185424805,8400600,False,0.019802352288811064,0.016803109994898188,0.16800227086484967,43,40,13
WMT,2000-09-08,51.5,52.625,51.0,52.125,34.308921813964844,7380600,False,0.021819334354583355,0.00742302109595768,0.07421747528744495,47,48,16
WMT,2000-09-11,52.75,54.75,52.6875,54.375,35.789878845214844,9844600,True,0.04225970807160133,0.013291301439609066,0.1328902105194544,44,48,16
WMT,2000-09-12,53.5625,54.625,52.9375,54.0,35.54305648803711,6351100,False,-0.006920319234518139,0.01859557285791339,0.18592382416771422,42,40,13
WMT,2000-09-13,54.25,54.4375,53.0,53.875,35.50020217895508,4981600,False,-0.0012064287332502455,0.019721133473896,0.19717749920397426,42,40,13
WMT,2000-09-14,53.625,53.625,51.875,52.5,34.59416961669922,4711600,False,-0.02585323197029088,0.026450479472719363,0.2644594136579578,39,40,13
WMT,2000-09-15,52.3125,52.9375,51.4375,52.0,34.26471328735352,8109100,False,-0.009569102181473754,0.025469854915542284,0.25465485054305775,39,40,13
WMT,2000-09-18,51.0,52.6875,50.625,51.125,33.68814849853516,5211600,True,-0.01696995859095337,0.009549505816276373,0.09547867408227613,46,48,16
WMT,2000-09-19,50.625,50.875,49.25,49.875,32.86445236206055,8573700,False,-0.024754500584505502,0.010420317923088333,0.10418530109866969,45,48,16
WMT,2000-09-20,49.9375,50.0,48.0625,48.5,31.95844078063965,9882700,False,-0.02795526520003892,0.0076310291689096294,0.07629719913765834,46,48,16
WMT,2000-09-21,48.6875,51.375,48.625,50.0,32.94683074951172,8645500,False,0.03045873957649979,0.023587441901399508,0.23583395005632918,40,40,13
WMT,2000-09-22,51.9375,51.9375,49.5625,50.5,33.27630615234375,6726300,False,0.009950544078086694,0.025187586477326364,0.25183265044866165,39,40,13
WMT,2000-09-25,50.625,50.6875,48.9375,49.0,32.28791046142578,5466000,True,-0.030152745729299737,0.02724776623648979,0.2724309133913159,39,40,13
WMT,2000-09-26,49.4375,49.4375,46.875,47.375,31.21712112426757,9409100,False,-0.03372617275704573,0.02883567118883012,0.28830723854729684,38,40,13
WMT,2000-09-27,47.625,48.375,47.125,48.125,31.711334228515625,7582800,False,0.015707465331574046,0.028757890916953428,0.28752956927608825,38,40,13
WMT,2000-09-28,48.4375,49.875,48.0,48.5625,31.999629974365234,8137800,False,0.009050175812246257,0.02400052054040712,0.2399640277276716,40,40,13
WMT,2000-09-29,48.5,49.5,48.0,48.125,31.711334228515625,7532900,False,-0.009050175812246288,0.022321967070876452,0.22318137292538526,41,40,13
WMT,2000-10-02,48.1875,48.625,45.4375,46.25,30.475828170776367,11174600,True,-0.039740313206308775,0.02479950685655294,0.24795252006886287,40,40,13
WMT,2000-10-03,46.1875,46.375,44.125,45.8125,30.187530517578125,16548400,False,-0.009504908066684024,0.02153610565992691,0.21532410711776606,41,40,13
WMT,2000-10-04,45.6875,47.875,45.5,46.125,30.393463134765625,11085200,False,0.0067986144820391765,0.019489262484885122,0.19485918713476008,42,40,13
WMT,2000-10-05,46.375,46.75,45.75,46.0625,30.352275848388672,8732500,False,-0.0013560553671076384,0.017613325935603028,0.17610304018497208,42,40,13
WMT,2000-10-06,45.875,45.875,44.625,45.5,29.98162269592285,11160500,False,-0.012286884303721194,0.0176029535700762,0.1759993343255641,42,40,13
WMT,2000-10-09,45.6875,46.4375,45.125,45.125,29.73450469970703,6033800,True,-0.00827647128583609,0.007690672278762451,0.07689352790654445,46,48,16
WMT,2000-10-10,45.9375,46.6875,45.375,46.375,30.558181762695312,6683200,False,0.027324319362364208,0.015687262207875276,0.1568457074538927,43,40,13
WMT,2000-10-11,46.125,46.375,44.875,45.3125,29.85807228088379,8390900,False,-0.023177233784468464,0.018986428532240997,0.18983171032018167,42,40,13
WMT,2000-10-12,42.0,44.6875,41.4375,44.125,29.075572967529297,19439900,False,-0.026556826703427253,0.0214429343470855,0.2143925538433086,41,40,13
WMT,2000-10-13,43.625,45.125,43.625,45.0,29.652145385742188,9358200,False,0.019636075103048403,0.024590251902753765,0.24586032954944984,40,40,13
WMT,2000-10-16,45.25,47.6875,45.1875,47.3125,31.175926208496094,7098300,True,0.05011172125114782,0.03330784215733262,0.33302127533170145,36,32,10
WMT,2000-10-17,47.5625,47.9375,45.6875,46.0,30.31108856201172,6268900,False,-0.028132596389674303,0.035062334003335395,0.3505631836112892,35,32,10
WMT,2000-10-18,45.9375,47.0,44.875,46.75,30.80527305603028,6148400,False,0.016172273732903523,0.03339139055110131,0.3338566159254672,36,32,10
WMT,2000-10-19,46.5625,47.9375,46.125,47.8125,31.50540542602539,6302900,False,0.02247325349223898,0.02813554569510462,0.2813071848148645,38,40,13
WMT,2000-10-20,46.875,47.3125,46.0625,46.5625,30.68173217773437,7153200,False,-0.026491697521832266,0.033682396985366854,0.3367661809885858,36,32,10
WMT,2000-10-23,46.5625,47.8125,45.5625,47.3125,31.175926208496094,6031300,True,0.01597876668636424,0.025075703191776287,0.2507140095512361,39,40,13
WMT,2000-10-24,47.5625,48.5,47.25,48.375,31.876060485839844,5913800,False,0.0222090719685619,0.020676718463712752,0.20673170960563933,41,40,13
WMT,2000-10-25,48.4375,48.4375,45.625,45.9375,30.26990127563477,8390700,False,-0.051701411499880626,0.03378972717623962,0.3378392987509796,36,32,10
WMT,2000-10-26,45.875,45.9375,43.375,43.4375,28.622556686401367,14962100,False,-0.05595875927146372,0.03678645672496093,0.3678014527513901,35,32,10
WMT,2000-10-27,43.4375,44.125,43.25,43.25,28.49901390075684,12554800,False,-0.004325615595234285,0.037021838439598796,0.37015486605352466,35,32,10
WMT,2000-10-30,43.375,43.9375,43.125,43.75,28.828479766845703,13205600,True,0.011494292612072996,0.036134691671514195,0.3612849204497717,35,32,10
WMT,2000-10-31,44.1875,45.8125,44.0,45.375,29.89926147460937,14696600,False,0.03647000093111338,0.040204350083229756,0.4019745222568206,33,32,10
WMT,2000-11-01,46.5,48.0625,46.125,46.6875,30.76411247253418,23272200,False,0.028515050921247356,0.03665012326389147,0.36643835204791986,35,32,10
WMT,2000-11-02,46.0,50.0,45.5,48.4375,31.917255401611328,20850500,False,0.03679795405900685,0.01784652900592686,0.17843467078186484,42,40,13
WMT,2000-11-03,48.4375,49.125,46.8125,47.375,31.21712112426757,8258500,False,-0.02218008693804401,0.02480722247345411,0.24802966300019605,40,40,13
WMT,2000-11-06,48.3125,49.375,47.0625,49.0,32.28791046142578,7276500,True,0.03372617275704583,0.02528820327156884,0.25283864576292253,39,40,13
WMT,2000-11-07,49.0,50.0,48.0,48.9375,32.2467155456543,7137500,False,-0.0012766765352378135,0.02576673325805735,0.2576231246142426,39,40,13
WMT,2000-11-08,49.0,50.875,48.625,48.75,32.12315368652344,7622900,False,-0.003839125739057454,0.025622905243635953,0.256185091235653,39,40,13
WMT,2000-11-09,48.0625,48.125,46.1875,47.125,31.05238914489746,8060800,False,-0.03390131826608385,0.025710637901843792,0.2570622672948707,39,40,13
WMT,2000-11-10,45.0,45.0,43.1875,43.6875,28.78730583190918,14914600,False,-0.07574123025563526,0.041007968992385097,0.41000933257997046,33,32,10
WMT,2000-11-13,43.0,45.4375,42.5625,45.3125,29.85807228088379,10993000,True,0.036520711200819914,0.041868660197573716,0.41861476794455454,33,32,10
WMT,2000-11-14,47.25,48.4375,46.75,46.875,30.88765335083008,8533200,False,0.03390130467104489,0.04746842686500816,0.4746028271031221,31,32,10
WMT,2000-11-15,46.625,49.375,46.375,49.0,32.28791046142578,8646200,False,0.04433633492414959,0.05322022748390083,0.5321109649317272,28,32,10
WMT,2000-11-16,48.75,49.1875,48.125,48.25,31.793701171875,5529700,False,-0.015424677234723247,0.05077426846278909,0.5076555712508012,29,32,10
WMT,2000-11-17,48.5,49.5625,47.625,48.5625,31.999629974365234,6140200,False,0.006456145621497805,0.02495033424152386,0.2494605351441326,40,40,13
WMT,2000-11-20,48.625,48.625,47.5625,47.875,31.54658889770508,4379100,True,-0.014258873636571232,0.027352796190807247,0.2734810327346709,39,40,13
WMT,2000-11-21,48.125,48.5,46.5,47.125,31.05238914489746,4389000,False,-0.01578971529058242,0.025943616057698127,0.25939164913295404,39,40,13
WMT,2000-11-22,47.1875,47.3125,45.875,45.875,30.228710174560547,4945900,False,-0.026883609690663262,0.012107645223429438,0.12105567915580503,45,48,16
WMT,2000-11-24,45.9375,46.1875,44.6875,45.1875,29.775684356689453,3482500,True,-0.015100041565052185,0.012093461997182515,0.12091387122748722,45,48,16
WMT,2000-11-27,46.9375,49.8125,46.875,49.3125,32.49381637573242,10650400,True,0.0873577066219467,0.04740191249712043,0.47393779754289955,31,32,10
WMT,2000-11-28,48.75,50.875,48.0625,49.0,32.28791046142578,9787100,False,-0.006356934825852172,0.046807937067132314,0.46799906232625055,31,32,10
WMT,2000-11-29,49.25,51.875,49.1875,51.875,34.182334899902344,9903000,False,0.057016116184719155,0.050072148559608794,0.5006355768456279,29,32,10
WMT,2000-11-30,51.5,52.1875,50.375,52.1875,34.388267517089844,11607100,False,0.006006458425532568,0.0443352628368756,0.44327656238914054,32,32,10
WMT,2000-12-01,52.625,52.75,50.6875,51.1875,33.72932052612305,10723700,False,-0.01934794128140281,0.045343814565627825,0.4533603493051632,31,32,10
WMT,2000-12-04,50.9375,53.8125,50.375,53.8125,35.45903778076172,13404100,True,0.05001066056172368,0.03419607510463886,0.3419020808641139,36,32,10
WMT,2000-12-05,53.8125,55.3125,53.25,55.25,36.40625381469727,10380600,False,0.02636240304587058,0.03152384191235156,0.3151843336898704,37,40,13
WMT,2000-12-06,54.625,55.875,53.3125,54.8125,36.11796188354492,10703100,False,-0.007950267283136029,0.027671643292400808,0.2766689567048561,38,40,13
WMT,2000-12-07,55.0625,55.9375,54.5625,55.0,36.24150848388672,7646200,False,0.00341480444148342,0.02781285703001316,0.27808085180066816,38,40,13
WMT,2000-12-08,55.0625,55.375,53.75,54.4375,35.87088394165039,6877000,False,-0.010279170976174846,0.02558653651698913,0.2558214663669837,39,40,13
WMT,2000-12-11,53.625,53.8125,50.8125,51.375,33.85286331176758,11596100,True,-0.057902350147345814,0.030815734648480503,0.3081044759503,37,40,13
WMT,2000-12-12,50.5,52.125,49.8125,51.875,34.182334899902344,8344800,False,0.00968540321344918,0.0266102524827604,0.2660568696359259,39,40,13
WMT,2000-12-13,51.9375,52.75,50.0625,50.3125,33.15274429321289,6558500,False,-0.030583489915286775,0.02752939147966588,0.27524668263884294,38,40,13
WMT,2000-12-14,50.3125,51.3125,49.9375,51.0625,33.64695358276367,7246200,False,0.01479702221925222,0.030011963285663953,0.3000681413521027,37,40,13
WMT,2000-12-15,49.5,50.875,49.5,49.875,32.86445236206055,13142700,False,-0.023530921213932285,0.030091706385644925,0.30086543553673123,37,40,13
WMT,2000-12-18,50.5,51.1875,49.1875,50.5625,33.31747817993164,6964800,True,0.013690531238633768,0.022013732430509893,0.22009955535967776,41,40,13
WMT,2000-12-19,50.625,51.25,47.625,48.0,31.628969192504883,9128500,False,-0.05200868232279429,0.029132817593073516,0.2912781927758517,38,40,13
WMT,2000-12-20,48.0,49.75,46.9375,48.9375,32.28706359863281,8283200,False,0.020593194986080268,0.03142075460365914,0.31415363746977004,37,40,13
WMT,2000-12-21,49.5,52.25,49.3125,51.75,34.14265441894531,9380200,False,0.05588082311645807,0.04168334859292331,0.41676196983704167,33,32,10
WMT,2000-12-22,51.75,52.75,50.875,52.5,34.63745880126953,7484200,False,0.014388255424613314,0.03903179693519138,0.3902510025250575,34,32,10
WMT,2000-12-26,52.25,52.5,49.0,50.625,33.400421142578125,6021000,True,-0.036367211800366846,0.044102178746206755,0.4409461213846644,32,32,10
WMT,2000-12-27,50.6875,53.4375,50.1875,52.5625,34.67869567871094,8224300,False,0.03755703205556133,0.03461269681447824,0.34606758316492986,36,32,10
WMT,2000-12-28,52.5,54.0,52.5,52.9375,34.926124572753906,4096300,False,0.007109563256040403,0.034923982737979344,0.34917990832689844,36,32,10
WMT,2000-12-29,52.6875,55.0,52.6875,53.125,35.04982376098633,6582300,False,0.003535480976746233,0.026765844639006102,0.2676125242490287,39,40,13
WMT,2001-01-02,53.125,55.0625,52.6875,53.875,35.54464340209961,8813600,True,0.014018881786102317,0.026734790412660657,0.2673020352652888,39,40,13
WMT,2001-01-03,53.5,58.75,52.9375,58.4375,38.5548095703125,19957100,False,0.08129138706619682,0.03224607025815846,0.32240537802126884,37,40,13
WMT,2001-01-04,57.0,58.1875,55.875,56.1875,37.0703353881836,13812300,False,-0.03926378955257481,0.04335884419849925,0.4335140512461559,32,32,10
WMT,2001-01-05,57.125,57.125,53.25,53.9375,35.58588409423828,9809200,False,-0.04086801953180859,0.04989768571351311,0.4988912477104547,30,32,10
WMT,2001-01-08,53.0,54.8125,52.875,53.9375,35.58588409423828,8442100,True,0.0,0.04992640013052934,0.4991783426153117,30,32,10
WMT,2001-01-09,53.5,54.75,52.5,52.75,34.80241394042969,7210800,False,-0.022262294539637156,0.05056351112851292,0.5055483595042514,29,32,10
WMT,2001-01-10,50.9375,52.0625,50.5,51.6875,34.1014289855957,9981400,False,-0.020347461331618404,0.016646101478578736,0.1664324550810574,43,40,13
WMT,2001-01-11,51.9375,53.0,50.8125,51.9375,34.266353607177734,6702400,False,0.004824639186523519,0.018478622359392446,0.18475451983439375,42,40,13
WMT,2001-01-12,52.0,53.75,51.625,52.9375,34.926124572753906,7322000,False,0.019071175940069948,0.01751123582296214,0.17508231421449846,42,40,13
WMT,2001-01-16,53.4375,54.8125,53.1875,54.6875,36.08070755004883,8331600,True,0.03252320131708622,0.024063641267630387,0.2405951267037165,40,40,13
WMT,2001-01-17,54.5625,54.625,53.5625,53.9375,35.58588409423828,7814700,False,-0.013809260572424063,0.02208131805109171,0.2207752956088937,41,40,13
WMT,2001-01-18,53.4375,54.5,52.9375,53.0625,35.00859069824219,6877900,False,-0.016355565125591328,0.02100648233713581,0.2100287825642216,41,40,13
WMT,2001-01-19,52.0625,52.6875,50.4375,50.8125,33.524112701416016,8963300,False,-0.04332851784913936,0.03025357862250549,0.3024838801812527,37,40,13
WMT,2001-01-22,52.1875,53.6875,52.0,52.5625,34.67869567871094,7805700,True,0.03386057897402835,0.03365170464318103,0.3364593102255577,36,32,10
WMT,2001-01-23,53.0,53.9375,52.5625,53.375,35.21475982666016,4917800,False,0.015339766956258131,0.029997408051462747,0.2999226139824958,38,40,13
WMT,2001-01-24,53.4375,53.625,52.3125,53.5,35.29722595214844,7789400,False,0.002339067952114862,0.029660227326629172,0.29655138523489516,38,40,13
WMT,2001-01-25,53.9375,56.125,52.9375,54.0,35.62710952758789,9057000,False,0.009302475718850888,0.02867870016706999,0.2867377976447684,38,40,13
WMT,2001-01-26,54.9375,54.9375,53.0625,53.625,35.37971496582031,5230900,False,-0.006968219310588978,0.015345489258705677,0.1534285643418079,43,40,13
WMT,2001-01-29,53.70000076293945,54.650001525878906,53.70000076293945,54.20000076293945,35.75905227661133,5114200,True,0.010664815287639736,0.008680197555536461,0.08678708294645539,46,48,16
WMT,2001-01-30,54.209999084472656,54.25,53.15999984741211,53.77000045776367,35.475364685058594,5124200,False,-0.00796494457092611,0.008758841244042099,0.08757338490259009,46,48,16
WMT,2001-01-31,54.20000076293945,57.0,54.040000915527344,56.79999923706055,37.47443389892578,10848100,False,0.05482043472388814,0.025500181913517227,0.25495806849079783,39,40,13
WMT,2001-02-01,56.79999923706055,56.79999923706055,54.470001220703125,55.70000076293945,36.74871063232422,10385300,False,-0.019555797566541,0.029245897183773868,0.2924087946722801,38,40,13
WMT,2001-02-02,55.970001220703125,55.97999954223633,54.150001525878906,54.7599983215332,36.1285285949707,5065000,False,-0.01702032117673951,0.03068732413633495,0.30682059114267085,37,40,13
WMT,2001-02-05,55.0,55.220001220703125,53.29999923706055,53.84000015258789,35.52156448364258,5604200,True,-0.016942856730298488,0.03169787431207619,0.31692435909984956,37,40,13
WMT,2001-02-06,53.400001525878906,54.4900016784668,52.84999847412109,53.20000076293945,35.099300384521484,5394000,False,-0.011958764093346515,0.03195605348857723,0.3195057079070264,37,40,13
WMT,2001-02-07,53.209999084472656,54.70000076293945,53.20000076293945,54.65999984741211,36.06255722045898,4928400,False,0.02707393276130249,0.019622820541256566,0.19619453855301008,42,40,13
WMT,2001-02-08,54.54999923706055,54.79999923706055,51.560001373291016,52.29999923706055,34.505523681640625,7967800,False,-0.044135713033738505,0.025531024811370134,0.2552664445521885,39,40,13
WMT,2001-02-09,52.310001373291016,53.34999847412109,50.22999954223633,50.400001525878906,33.25196838378906,7911400,False,-0.037005453073728815,0.027855290510626022,0.27850511380370363,38,40,13
WMT,2001-02-12,51.0,53.47999954223633,50.959999084472656,53.45000076293945,35.26424789428711,7287500,True,0.05875567831376699,0.04368933743508004,0.43681841658494763,32,32,10
WMT,2001-02-13,53.04999923706055,54.470001220703125,52.02999877929688,54.09999847412109,35.69309616088867,7423200,False,0.012087642059414403,0.043567235288780336,0.43559760461251806,32,32,10
WMT,2001-02-14,54.34999847412109,54.34999847412109,53.0,53.0,34.96735000610352,5095000,False,-0.020542516096181535,0.04227137013053547,0.42264117634502013,33,32,10
WMT,2001-02-15,53.34999847412109,53.45000076293945,51.650001525878906,52.0,34.307586669921875,7636600,False,-0.019048253713145006,0.03790104266865208,0.3789453998939732,34,32,10
WMT,2001-02-16,51.79999923706055,53.29999923706055,51.560001373291016,52.36000061035156,34.545127868652344,6659400,False,0.006900008017651427,0.03217008830859121,0.32164568888777434,37,40,13
WMT,2001-02-20,52.20000076293945,54.290000915527344,52.0,53.400001525878906,35.23126220703125,9336500,True,0.019667295887145893,0.018474167860428357,0.18470998248733364,42,40,13
WMT,2001-02-21,52.54999923706055,52.959999084472656,50.04999923706055,50.209999084472656,33.12663269042969,8164200,False,-0.06159624747132282,0.03122387288969772,0.3121851581199756,37,40,13
WMT,2001-02-22,51.0,51.0,48.95000076293945,49.70000076293945,32.79014587402344,9154300,False,-0.010209532277677279,0.031100740104208158,0.31095404152391437,37,40,13
WMT,2001-02-23,50.0,50.79999923706055,48.04999923706055,50.27999877929688,33.172794342041016,8081600,False,0.01160205288115438,0.03256175183839495,0.32556165220896605,36,32,10
WMT,2001-02-26,50.93000030517578,51.369998931884766,50.45000076293945,51.06999969482422,33.69401931762695,6060200,True,0.015590260826374911,0.03368358785079065,0.3367780875996568,36,32,10
WMT,2001-02-27,51.59999847412109,51.84999847412109,49.52000045776367,50.9900016784668,33.641239166259766,7047400,False,-0.0015676827672479994,0.031031895058830215,0.31026570918753144,37,40,13
WMT,2001-02-28,51.2400016784668,51.29999923706055,49.040000915527344,50.09000015258789,33.04744338989258,7748200,False,-0.01780846304420705,0.014145244427575606,0.14142817528972926,44,48,16
WMT,2001-03-01,49.25,49.869998931884766,48.0,48.34000015258789,31.892866134643555,8692800,False,-0.035561854839253046,0.021259960840541617,0.21256313270538768,41,40,13
WMT,2001-03-02,47.9900016784668,49.68999862670898,47.5,48.91999816894531,32.27552795410156,6472400,False,0.011926941949552676,0.02132588011400826,0.21322221234240246,41,40,13
WMT,2001-03-05,48.93999862670898,49.540000915527344,48.0,48.369998931884766,31.91266632080078,4568100,True,-0.011306300258124607,0.017778173259620455,0.1777512305967072,42,40,13
WMT,2001-03-06,49.5,49.959999084472656,48.900001525878906,49.54999923706055,32.69116973876953,5096800,False,0.02410200853649368,0.0238151227609299,0.23811036801974075,40,40,13
WMT,2001-03-07,50.04999923706055,50.95000076293945,49.91999816894531,50.70000076293945,33.449893951416016,5419900,False,0.022943613341467772,0.02555749770575034,0.25553112807646405,39,40,13
WMT,2001-03-08,51.900001525878906,51.900001525878906,50.77999877929688,51.650001525878906,34.076663970947266,6034400,False,0.018564192785368056,0.01453216400292209,0.14529670720554774,44,48,16
WMT,2001-03-09,51.79999923706055,51.79999923706055,50.09999847412109,50.77999877929688,33.502689361572266,5566500,False,-0.01698709393460821,0.019936375052593654,0.19932954570112393,42,40,13
WMT,2001-03-12,50.25,50.25,48.09999847412109,48.310001373291016,31.87306785583496,5740200,True,-0.04986432970489839,0.032506345077232164,0.32500767965867977,36,32,10
WMT,2001-03-13,49.0,49.29999923706055,47.0099983215332,48.79999923706055,32.19635772705078,7959100,False,0.010091946731919911,0.03041946778263937,0.3041424871666748,37,40,13
WMT,2001-03-14,47.09999847412109,47.970001220703125,46.52999877929688,47.20000076293945,31.14073371887207,8548900,False,-0.033336604015522256,0.028763937243760265,0.28759002217047797,38,40,13
WMT,2001-03-15,47.34999847412109,48.4900016784668,46.560001373291016,47.84999847412109,31.569583892822266,7509700,False,0.013677393951062143,0.027419414905208477,0.27414710558100125,39,40,13
WMT,2001-03-16,47.84999847412109,47.84999847412109,46.560001373291016,46.93000030517578,30.96260452270508,13859800,False,-0.019413951427724833,0.027478521484859103,0.2747380699683899,39,40,13
WMT,2001-03-19,46.9900016784668,47.70000076293945,46.70000076293945,47.380001068115234,31.25949478149414,5855800,True,0.009542992448768647,0.021169842813595036,0.21166210705135804,41,40,13
WMT,2001-03-20,47.36000061035156,49.47999954223633,47.36000061035156,47.880001068115234,31.58936882019043,10035600,False,0.010497471204553868,0.02123745907459834,0.2123381536522191,41,40,13
WMT,2001-03-21,47.79999923706055,49.77000045776367,47.27999877929688,48.310001373291016,31.919750213623047,8326900,False,0.010404312916364448,0.01370573539626902,0.13703383904200273,44,48,16
WMT,2001-03-22,47.25,47.400001525878906,45.90999984741211,46.90999984741211,30.994722366333008,11913900,False,-0.029408003418953808,0.019259435172609033,0.19256130832655902,42,40,13
WMT,2001-03-23,45.84999847412109,47.90999984741211,45.20000076293945,47.56999969482422,31.430797576904297,8282000,False,0.013971283036704063,0.018196801906551954,0.18193679882514377,42,40,13
WMT,2001-03-26,48.900001525878906,49.79999923706055,48.29999923706055,49.59999847412109,32.7720832824707,6841800,True,0.041788806764441265,0.025387953634666244,0.253835978252268,39,40,13
WMT,2001-03-27,49.59999847412109,50.400001525878906,49.150001525878906,50.290000915527344,33.227989196777344,9784800,False,0.013815535307268567,0.025465400127965665,0.25461031031036746,39,40,13
WMT,2001-03-28,50.0,50.130001068115234,48.29999923706055,49.65999984741211,32.811710357666016,6875900,False,-0.012607094080610306,0.027405396759328387,0.2740069481731235,39,40,13
WMT,2001-03-29,49.84999847412109,50.650001525878906,48.41999816894531,50.619998931884766,33.44601821899414,7754000,False,0.019147267915333967,0.019359776963736038,0.19356455408148782,42,40,13
WMT,2001-03-30,51.09999847412109,51.2400016784668,49.5,50.5,33.366729736328125,8308400,False,-0.002373454836501212,0.020939480747961172,0.2093588816270552,41,40,13
WMT,2001-04-02,50.0,50.97999954223633,49.5,50.63999938964844,33.45923614501953,7437900,True,0.0027685785475760976,0.012684681783761437,0.12682505473789976,44,48,16
WMT,2001-04-03,50.84999847412109,51.0,48.77000045776367,49.18999862670898,32.50116729736328,8692100,False,-0.02905186086585447,0.01792370741479641,0.1792063224556179,42,40,13
WMT,2001-04-04,48.720001220703125,50.400001525878906,48.70000076293945,49.869998931884766,32.95047378540039,7962100,False,0.013729634232082866,0.018767443226631386,0.1876422329770221,42,40,13
WMT,2001-04-05,50.54999923706055,50.68999862670898,50.0099983215332,50.540000915527344,33.393150329589844,7790000,False,0.013345159233758456,0.017488600263872903,0.17485599745941907,43,40,13
WMT,2001-04-06,50.0,51.31999969482422,49.5099983215332,51.2400016784668,33.855674743652344,7634400,False,0.013755830139343728,0.018474100879225193,0.1847093127902216,42,40,13
WMT,2001-04-09,51.54999923706055,51.790000915527344,49.79999923706055,50.29999923706055,33.23457336425781,7287300,True,-0.01851592866792089,0.020818209260154114,0.2081463748143919,41,40,13
WMT,2001-04-10,51.150001525878906,51.63999938964844,50.77000045776367,50.84000015258789,33.591365814208984,6986500,False,0.01067836366164078,0.01409767423839187,0.1409525550140324,44,48,16
WMT,2001-04-11,50.09999847412109,50.70000076293945,49.2599983215332,50.22999954223633,33.188331604003906,6950300,False,-0.012070707695568393,0.015488206419497944,0.15485549108999708,43,40,13
WMT,2001-04-12,48.75,49.70000076293945,47.40999984741211,49.70000076293945,32.83815002441406,9872800,False,-0.010607406434434188,0.014561339873148357,0.14558841585079016,44,48,16
WMT,2001-04-16,49.70000076293945,50.220001220703125,48.709999084472656,49.04999923706055,32.40868377685547,6754500,True,-0.013164545309437562,0.011256098037746635,0.11254166829789125,45,48,16
WMT,2001-04-17,48.90999984741211,49.43999862670898,48.5099983215332,49.2400016784668,32.534217834472656,6450800,False,0.003865987224273593,0.010837135541756766,0.10835276215165555,45,48,16
WMT,2001-04-18,49.95000076293945,52.93999862670898,49.630001068115234,52.72999954223633,34.84016036987305,12996900,False,0.06847836309616111,0.0348901192705577,0.3488413317522095,36,32,10
WMT,2001-04-19,51.72999954223633,52.720001220703125,51.70000076293945,52.5,34.68817138671875,7043000,False,-0.0043720084004092805,0.03397953043056163,0.33973700564888826,36,32,10
WMT,2001-04-20,52.4900016784668,52.5,51.400001525878906,51.709999084472656,34.16621017456055,7266900,False,-0.01516159753560651,0.03468487278273672,0.3467892190152561,36,32,10
WMT,2001-04-23,52.04999923706055,52.70000076293945,51.650001525878906,52.040000915527344,34.384246826171875,5482800,True,0.006361369316121543,0.03276209615718695,0.32756475166627763,36,32,10
WMT,2001-04-24,50.75,51.09000015258789,50.04999923706055,50.09999847412109,33.10243225097656,8175500,False,-0.037991756806680294,0.039881567907485975,0.39874725429653723,34,32,10
WMT,2001-04-25,51.09999847412109,51.09999847412109,50.02999877929688,50.66999816894531,33.47904968261719,5408400,False,0.01131309900333744,0.019641770248070255,0.19638400310914816,42,40,13
WMT,2001-04-26,51.0,51.59999847412109,50.54999923706055,51.2400016784668,33.855674743652344,5189400,False,0.011186768548522585,0.021498972359197698,0.21495283782005217,41,40,13
WMT,2001-04-27,52.09999847412109,53.20000076293945,51.900001525878906,52.83000183105469,34.906227111816406,7764200,False,0.030558611426975798,0.025391763998541303,0.2538740753535799,39,40,13
WMT,2001-04-30,53.29999923706055,53.29999923706055,51.220001220703125,51.7400016784668,34.18602752685547,6597800,True,-0.02084823182262083,0.02765093089112203,0.27646186822832075,38,40,13
WMT,2001-05-01,51.720001220703125,53.54999923706055,51.400001525878906,53.5,35.348915100097656,7619000,False,0.03345069289175211,0.021669590140528446,0.21665872290455088,41,40,13
WMT,2001-05-02,53.45000076293945,53.45000076293945,52.27999877929688,53.08000183105469,35.07141876220703,7689800,False,-0.007881183147385125,0.02367938521449562,0.23675322544021196,40,40,13
WMT,2001-05-03,52.29999923706055,53.45000076293945,52.02999877929688,53.09999847412109,35.084617614746094,7590700,False,0.0003762713339124729,0.02395521147061296,0.23951101476646955,40,40,13
WMT,2001-05-04,52.29999923706055,53.70000076293945,52.0099983215332,53.02000045776367,35.031776428222656,7445400,False,-0.0015072422718910086,0.020096927448033278,0.20093479419588697,41,40,13
WMT,2001-05-07,52.400001525878906,52.93999862670898,51.84999847412109,52.04999923706055,34.39085388183594,4717000,True,-0.018464894048410042,0.01947620784446985,0.19472866312844483,42,40,13
WMT,2001-05-08,51.75,51.9900016784668,51.13999938964844,51.97999954223633,34.34461212158203,4437600,False,-0.001345499490112673,0.0077643614994440295,0.07763029368481557,46,48,16
WMT,2001-05-09,52.04999923706055,52.20000076293945,51.29999923706055,51.59000015258789,34.0869255065918,5444300,False,-0.007531259472355211,0.007742057975970416,0.07740729671621914,46,48,16
WMT,2001-05-10,53.29999923706055,53.70000076293945,53.209999084472656,53.41999816894531,35.29606246948242,8215200,False,0.034857518406105674,0.020059786942209553,0.20056345285958974,41,40,13
WMT,2001-05-11,53.970001220703125,54.459999084472656,53.34999847412109,54.09999847412109,35.7453498840332,6529600,False,0.012648774562070232,0.02057424419492386,0.20570714273278212,41,40,13
WMT,2001-05-14,54.09999847412109,54.75,53.84000015258789,54.34999847412109,35.9105339050293,4800300,True,0.004610488486515151,0.0164384079257285,0.1643558758922392,43,40,13
WMT,2001-05-15,54.34999847412109,54.34999847412109,52.0,52.0,34.35782623291016,13411700,False,-0.04420084534472076,0.0291834700414598,0.2917846303553441,38,40,13
WMT,2001-05-16,51.20000076293945,52.119998931884766,51.0,51.650001525878906,34.1265869140625,9604400,False,-0.006753075247581244,0.029134785896110214,0.2912978724292025,38,40,13
WMT,2001-05-17,51.95000076293945,52.220001220703125,51.29999923706055,51.7599983215332,34.199241638183594,6539500,False,0.002126714100504048,0.022281061233210456,0.22277238473084252,41,40,13
WMT,2001-05-18,51.95000076293945,52.040000915527344,51.40999984741211,52.040000915527344,34.384246826171875,5860900,False,0.00539504889206139,0.020933110288711494,0.20929518796435093,41,40,13
WMT,2001-05-21,52.040000915527344,53.29999923706055,51.560001373291016,53.20000076293945,35.15071105957031,7752900,True,0.022046328950177555,0.02463492493734361,0.24630698324985392,40,40,13
WMT,2001-05-22,53.209999084472656,53.70000076293945,52.900001525878906,53.52000045776367,35.36212158203125,6793700,False,0.005996388118551804,0.010430860126235193,0.10429070504288768,45,48,16
WMT,2001-05-23,53.29999923706055,53.880001068115234,52.209999084472656,52.52000045776367,34.70138931274414,5566100,False,-0.018861511478815034,0.014625196916903227,0.14622687672885332,44,48,16
WMT,2001-05-24,52.34999847412109,53.2400016784668,52.150001525878906,52.88999938964844,34.94585418701172,4524500,False,0.007020116402591205,0.014687255067661024,0.14684735176330518,44,48,16
WMT,2001-05-25,52.97999954223633,53.0,51.20000076293945,51.20000076293945,33.829246520996094,5176200,False,-0.032474130350296546,0.02195816604282634,0.21954398681805495,41,40,13
WMT,2001-05-29,51.95000076293945,51.95000076293945,51.02999877929688,51.209999084472656,33.835845947265625,5000600,True,0.00019506147260652188,0.01735593183443181,0.17352954078414026,43,40,13
WMT,2001-05-30,51.220001220703125,52.20000076293945,51.119998931884766,51.470001220703125,34.00764465332031,5969800,False,0.005064570580069546,0.01717718802854704,0.171742409395916,43,40,13
WMT,2001-05-31,52.09999847412109,52.59999847412109,51.27000045776367,51.75,34.1926383972168,5880700,False,0.005425027267717809,0.016698377571538307,0.16695512632059678,43,40,13
WMT,2001-06-01,51.540000915527344,52.45000076293945,51.45000076293945,51.720001220703125,34.172821044921875,4155100,False,-0.0005797475219707416,0.015889837211776874,0.15887110993511538,43,40,13
WMT,2001-06-04,51.54999923706055,51.79999923706055,50.5,50.9900016784668,33.69049453735352,5619900,True,-0.014214885467836438,0.007970877372259214,0.07969509809382805,46,48,16
WMT,2001-06-05,50.7400016784668,51.63999938964844,50.68999862670898,51.29999923706055,33.89530944824219,5164000,False,0.006060904089090632,0.008567348120834027,0.08565878221512768,46,48,16
WMT,2001-06-06,51.29999923706055,51.709999084472656,50.70000076293945,50.75,33.531917572021484,4193700,False,-0.010778891870498252,0.009287855068549495,0.09286261551901326,46,48,16
WMT,2001-06-07,50.06999969482422,51.34999847412109,50.06999969482422,51.09999847412109,33.76316452026367,6110300,False,0.006872652540594451,0.009625457624906929,0.09623806185811644,46,48,16
WMT,2001-06-08,51.0,51.27000045776367,50.75,51.02000045776367,33.71029281616211,3787500,False,-0.0015671855870472962,0.009585538852030588,0.09583894261796388,46,48,16
WMT,2001-06-11,50.95000076293945,51.09999847412109,50.15999984741211,50.22999954223633,33.188331604003906,3233500,True,-0.015604859101603983,0.01001268919337832,0.10010971316989764,45,48,16
WMT,2001-06-12,50.02000045776367,50.970001220703125,49.61000061035156,50.56999969482422,33.41297912597656,4469200,False,0.006746064648699353,0.01017119028157593,0.10169445211166694,45,48,16
WMT,2001-06-13,50.59999847412109,50.59999847412109,50.060001373291016,50.150001525878906,33.13547134399414,3523500,False,-0.008340070687337857,0.009746494682931829,0.09744822477516916,46,48,16
WMT,2001-06-14,49.900001525878906,50.36000061035156,49.400001525878906,49.5,32.70601272583008,4554600,False,-0.013045413989498053,0.009066736378533533,0.09065180799203632,46,48,16
WMT,2001-06-15,49.400001525878906,49.72999954223633,48.0,48.150001525878906,31.81401634216309,14394400,False,-0.027651978253455868,0.012479955915245259,0.12477814730076822,45,48,16
WMT,2001-06-18,48.79999923706055,49.59000015258789,48.34999847412109,48.52000045776367,32.058494567871094,7122900,True,0.007655231214320546,0.014735591656967232,0.1473306347253146,44,48,16
WMT,2001-06-19,49.470001220703125,49.4900016784668,48.630001068115234,48.86000061035156,32.28313446044922,5176800,False,0.006982751563320422,0.01479077452284043,0.147882368706842,44,48,16
WMT,2001-06-20,49.20000076293945,49.900001525878906,48.97999954223633,49.79999923706055,32.95143508911133,5913000,False,0.020489872607097264,0.01907751977537192,0.1907424664663084,42,40,13
WMT,2001-06-21,49.29999923706055,51.16999816894531,49.29999923706055,50.45000076293945,33.38153076171875,8943800,False,0.012967962292539366,0.018549973699898907,0.18546791082201308,42,40,13
WMT,2001-06-22,50.68000030517578,50.75,49.45000076293945,49.97999954223633,33.07053756713867,4833700,False,-0.009359993538009688,0.010987276442520877,0.10985391356265764,45,48,16
WMT,2001-06-25,50.54999923706055,50.54999923706055,48.79999923706055,49.0,32.422088623046875,5707400,True,-0.019802844154814772,0.016515798020818432,0.16512964406500621,43,40,13
WMT,2001-06-26,48.54999923706055,49.79999923706055,48.52999877929688,49.09999847412109,32.4882698059082,6020100,False,0.002039156997305213,0.016308731560812927,0.1630593347287326,43,40,13
WMT,2001-06-27,49.02000045776367,49.720001220703125,48.400001525878906,48.5,32.09126281738281,5127100,False,-0.012295288423978593,0.012877609327129714,0.12875399916593055,44,48,16
WMT,2001-06-28,48.95000076293945,49.790000915527344,48.95000076293945,49.369998931884766,32.66691589355469,5013700,False,0.01777901265572117,0.014641807796524093,0.14639295702578736,44,48,16
WMT,2001-06-29,49.130001068115234,50.4900016784668,48.59999847412109,48.79999923706055,32.28976821899414,9306500,False,-0.011612412728326497,0.014868231340801745,0.14865680399384643,44,48,16
WMT,2001-07-02,48.95000076293945,49.790000915527344,48.650001525878906,49.75,32.918357849121094,5491200,True,0.01928008484858785,0.015263066440192227,0.1526044775694458,43,40,13
WMT,2001-07-03,49.70000076293945,49.70000076293945,48.93999862670898,49.220001220703125,32.567657470703125,3803700,False,-0.010710797700213983,0.016487624848670255,0.16484796068021632,43,40,13
WMT,2001-07-05,49.34999847412109,49.380001068115234,48.45000076293945,48.59999847412109,32.157405853271484,5132100,True,-0.012676916497101938,0.01656231127767717,0.16559469683083114,43,40,13
WMT,2001-07-06,48.54999923706055,48.560001373291016,46.709999084472656,47.34000015258789,31.323705673217773,6664200,False,-0.026267596653101976,0.016728639163829044,0.1672576903237113,43,40,13
WMT,2001-07-09,47.47999954223633,48.400001525878906,47.04999923706055,48.25,31.92582893371582,6081800,True,0.01904018597795253,0.020457063331247298,0.2045355351431428,41,40,13
WMT,2001-07-10,48.5,48.66999816894531,47.380001068115234,47.5,31.429595947265625,6461600,False,-0.015665371527862956,0.01691868575679196,0.1691578301905331,43,40,13
WMT,2001-07-11,48.150001525878906,49.400001525878906,47.619998931884766,48.84999847412109,32.32283020019531,7910500,False,0.028023802806561957,0.023625033374364574,0.23620980029031582,40,40,13
WMT,2001-07-12,50.54999923706055,51.84999847412109,49.95000076293945,51.84999847412109,34.30786895751953,11705100,False,0.05960094563688216,0.03463192145619502,0.34625979659839323,36,32,10
WMT,2001-07-13,51.84999847412109,53.22999954223633,51.130001068115234,52.900001525878906,35.00262451171875,9845500,False,0.020048301195940844,0.02683816102497037,0.26833556403549824,39,40,13
WMT,2001-07-16,53.400001525878906,54.04999923706055,53.11000061035156,53.47999954223633,35.386383056640625,11402300,True,0.010904041995178824,0.027320679874727916,0.2731599246758188,39,40,13
WMT,2001-07-17,53.84000015258789,53.84999847412109,52.93999862670898,53.34999847412109,35.30036926269531,8785400,False,-0.0024336621382641827,0.02327285019931109,0.2326885727802095,40,40,13
WMT,2001-07-18,52.869998931884766,53.97999954223633,52.52999877929688,53.97999954223633,35.71723175048828,7180300,False,0.01173982983445107,0.02357153653227876,0.23567492365395243,40,40,13
WMT,2001-07-19,53.97999954223633,54.5,53.810001373291016,54.22999954223633,35.882652282714844,8230700,False,0.004620700962938464,0.00841280236826519,0.08411358984347951,46,48,16
WMT,2001-07-20,54.0,54.59000015258789,53.900001525878906,54.27999877929688,35.915740966796875,5894900,False,0.000921711055833421,0.0061685770532590905,0.06167518710923068,47,48,16
WMT,2001-07-23,53.900001525878906,54.27000045776367,52.84999847412109,53.02999877929688,35.088645935058594,5361100,True,-0.023298065929358555,0.013176379028357077,0.1317411835792356,44,48,16
WMT,2001-07-24,53.04999923706055,53.20000076293945,52.5,53.09999847412109,35.13496017456055,6075300,False,0.0013190506378955127,0.01323019149227686,0.1322792158924265,44,48,16
WMT,2001-07-25,53.09999847412109,55.09999847412109,52.72999954223633,55.09999847412109,36.45832061767578,9512400,False,0.03697305609140421,0.021502313231118318,0.21498624080732673,41,40,13
WMT,2001-07-26,55.09999847412109,55.5099983215332,54.18000030517578,55.5,36.722991943359375,8425900,False,0.007233335134673923,0.02154960144709692,0.21545904183475348,41,40,13
WMT,2001-07-27,55.75,56.0,55.0099983215332,55.40999984741211,36.66343307495117,5169300,False,-0.0016231580014887223,0.021688681766726593,0.21684960641104256,41,40,13
WMT,2001-07-30,56.0,56.04999923706055,54.18999862670898,55.880001068115234,36.97441864013672,7168200,True,0.008446401050361643,0.01538641672608039,0.15383776879632774,43,40,13
WMT,2001-07-31,55.52000045776367,56.5,55.400001525878906,55.900001525878906,36.98765182495117,7725600,False,0.0003578370608730382,0.015534622234014065,0.1553195695995776,43,40,13
WMT,2001-08-01,55.400001525878906,56.77000045776367,54.95000076293945,55.0099983215332,36.39876174926758,6168500,False,-0.016049366294897227,0.00979123412311095,0.09789554241753397,46,48,16
WMT,2001-08-02,55.43999862670898,56.150001525878906,55.04999923706055,55.9900016784668,37.04720306396485,5746300,False,0.01765810185455742,0.012530392328622138,0.12528242490081765,44,48,16
WMT,2001-08-03,55.900001525878906,55.970001220703125,55.04999923706055,55.38999938964844,36.65019607543945,4170000,False,-0.010774079779239703,0.01375604570002336,0.13753685576219296,44,48,16
WMT,2001-08-06,55.58000183105469,55.58000183105469,54.060001373291016,54.5,36.061302185058594,5712600,True,-0.01619844951781707,0.01434337612754492,0.14340915235500254,44,48,16
WMT,2001-08-07,54.68000030517578,55.27999877929688,54.150001525878906,55.08000183105469,36.445068359375,5155500,False,0.0105858217740721,0.0159392849040277,0.15936550202025246,43,40,13
WMT,2001-08-08,54.59999847412109,55.869998931884766,54.400001525878906,54.52999877929688,36.0811653137207,6387000,False,-0.010035157793404373,0.014896999929050964,0.14894444051809178,44,48,16
WMT,2001-08-09,54.41999816894531,54.790000915527344,53.29999923706055,54.16999816894531,35.842960357666016,8539200,False,-0.006623808764144922,0.010206690255639016,0.102049390945017,45,48,16
WMT,2001-08-10,53.95000076293945,54.0,52.5,53.59999847412109,35.46580123901367,8245600,False,-0.010578297174741357,0.010187074175344169,0.10185326379736384,45,48,16
WMT,2001-08-13,53.54999923706055,53.77000045776367,51.79999923706055,52.20000076293945,34.53946304321289,10140400,True,-0.026466360128963393,0.013202068733177346,0.13199803655162956,44,48,16
WMT,2001-08-14,51.25,52.70000076293945,51.130001068115234,52.36000061035156,34.64533615112305,10067600,False,0.0030605911063630695,0.010646263296027515,0.1064443671737423,45,48,16
WMT,2001-08-15,52.31999969482422,52.91999816894531,51.81999969482422,52.0,34.40711212158203,6033000,False,-0.006899827033095462,0.010745021095638553,0.10743177573116457,45,48,16
WMT,2001-08-16,51.52000045776367,52.20000076293945,50.66999816894531,51.68999862670898,34.20199966430664,6205200,False,-0.005979178654555319,0.01079194719088736,0.10790095617258365,45,48,16
WMT,2001-08-17,51.5,51.5,50.09999847412109,50.79999923706055,33.61311340332031,5901700,False,-0.017367841385333593,0.011392046550906976,0.11390092018272517,45,48,16
WMT,2001-08-20,51.29999923706055,51.619998931884766,50.79999923706055,51.59000015258789,34.135826110839844,4349000,True,0.015431181171197845,0.012296872757182184,0.12294762983578443,45,48,16
WMT,2001-08-21,51.400001525878906,51.619998931884766,49.880001068115234,49.93999862670898,33.0440559387207,6542700,False,-0.03250575230727121,0.01754908876546389,0.17546077869524884,42,40,13
WMT,2001-08-22,50.0099983215332,50.540000915527344,49.5099983215332,50.2400016784668,33.242576599121094,5818100,False,0.005989782444356821,0.018913654990468865,0.18910409975997536,42,40,13
WMT,2001-08-23,50.04999923706055,50.43000030517578,49.5,49.7400016784668,32.91173553466797,5545200,False,-0.010002184649522303,0.01895094876351162,0.18947697350550244,42,40,13
WMT,2001-08-24,49.650001525878906,51.0,49.650001525878906,50.95000076293945,33.71236038208008,7268400,False,0.02403524967915988,0.0223976630330068,0.22393820267517914,41,40,13
WMT,2001-08-27,51.20000076293945,51.5,50.38999938964844,50.38999938964844,33.34181213378906,4675000,True,-0.011052318039815462,0.021104565516796937,0.21100944607958977,41,40,13
WMT,2001-08-28,49.900001525878906,50.20000076293945,49.70000076293945,50.09999847412109,33.149932861328125,6149700,False,-0.005771537658094465,0.014722704319763828,0.14720178346407603,44,48,16
WMT,2001-08-29,50.04999923706055,50.41999816894531,49.02999877929688,49.150001525878906,32.521358489990234,5440500,False,-0.0191436335384774,0.016609155742345245,0.16606306110649646,43,40,13
WMT,2001-08-30,49.09999847412109,49.470001220703125,47.2400016784668,47.59999847412109,31.4957332611084,9639000,False,-0.03204497316321269,0.02085496086358328,0.20851382779398311,41,40,13
WMT,2001-08-31,47.70000076293945,49.0,47.70000076293945,48.04999923706055,31.793502807617188,7555100,False,0.009409870056433555,0.015415222019887244,0.15412577231317373,43,40,13
WMT,2001-09-04,48.22999954223633,49.880001068115234,48.209999084472656,48.45000076293945,32.05816650390625,7324700,True,0.008290001338187223,0.01785823078465236,0.1785516684923862,42,40,13
WMT,2001-09-05,48.31999969482422,49.34999847412109,47.0,49.150001525878906,32.521358489990234,9833200,False,0.014345101768591864,0.02051289222960044,0.20509372834107215,41,40,13
WMT,2001-09-06,48.95000076293945,49.65999984741211,47.0,47.369998931884766,31.34354782104492,10383500,False,-0.03688862302607189,0.024892511089964917,0.24888240283568408,40,40,13
WMT,2001-09-07,46.900001525878906,46.900001525878906,45.119998931884766,46.220001220703125,30.582632064819336,10431700,False,-0.024576166522965615,0.02320940042260043,0.23205418387384064,40,40,13
WMT,2001-09-10,45.5,47.0,45.040000915527344,46.22999954223633,30.58923721313477,6726900,True,0.00021595378460948042,0.02202899851756994,0.22025219003826327,41,40,13
WMT,2001-09-17,44.0,46.09999847412109,42.0,44.0,29.113712310791016,17501800,True,-0.04943894540710526,0.02626030273326862,0.26255797254954993,39,40,13
WMT,2001-09-18,45.0,46.34999847412109,44.15999984741211,45.34999847412109,30.00699615478516,10510300,False,0.030221283013056897,0.031730777293133165,0.3172533324587976,37,40,13
WMT,2001-09-19,45.27999877929688,46.08000183105469,44.18999862670898,45.45000076293945,30.11964225769043,11716600,False,0.0037469659928801237,0.030241979748766586,0.3023679113440432,37,40,13
WMT,2001-09-20,45.34999847412109,45.93999862670898,45.0099983215332,45.310001373291016,30.02685737609864,12656400,False,-0.0030852985879092757,0.02878310835025965,0.2877817003436177,38,40,13
WMT,2001-09-21,44.150001525878906,45.95000076293945,43.900001525878906,44.65999984741211,29.59610939025879,16443600,False,-0.014449313865735097,0.029034491041348497,0.2902950959573979,38,40,13
WMT,2001-09-24,46.5,47.97999954223633,46.0099983215332,47.27999877929688,31.33236312866211,13901700,True,0.057008615970831455,0.028796253417110756,0.28791312845914674,38,40,13
WMT,2001-09-25,48.20000076293945,49.09999847412109,48.04999923706055,48.400001525878906,32.0745964050293,15973800,False,0.023412798427128307,0.02802887400483817,0.2802406509287448,38,40,13
WMT,2001-09-26,49.34999847412109,49.47999954223633,48.619998931884766,49.47999954223633,32.79030990600586,12116300,False,0.022068714476445848,0.027658558206482057,0.27653812829574137,38,40,13
WMT,2001-09-27,49.47999954223633,49.68999862670898,48.11000061035156,49.38999938964844,32.73065948486328,9247000,False,-0.0018208044898357346,0.027433964082634526,0.27429257239324817,39,40,13
WMT,2001-09-28,49.45000076293945,49.95000076293945,48.810001373291016,49.5,32.803565979003906,9560200,False,0.002224990795330312,0.023323740467082972,0.2331973881455313,40,40,13
WMT,2001-10-01,49.5,50.04999923706055,48.13999938964844,49.7599983215332,32.9758415222168,11988600,True,0.005237989931623034,0.011706445042312419,0.11704436568350655,45,48,16
WMT,2001-10-02,50.04999923706055,52.0,49.79999923706055,51.59999847412109,34.195213317871094,11404200,False,0.03631045452295897,0.015979934204192407,0.15977192527992348,43,40,13
WMT,2001-10-03,51.88999938964844,53.470001220703125,51.5,52.72999954223633,34.94407272338867,13951800,False,0.02166318845392255,0.015922082168749952,0.1591935041821959,43,40,13
WMT,2001-10-04,52.79999923706055,52.95000076293945,51.41999816894531,51.5,34.12897491455078,10199000,False,-0.023602133526990168,0.022512028771146473,0.2250816638393585,40,40,13
WMT,2001-10-05,51.52000045776367,52.400001525878906,51.0,52.400001525878906,34.72538757324219,9463200,False,0.01732432206038468,0.022494889515510125,0.22491030068880397,41,40,13
WMT,2001-10-08,52.40999984741211,52.40999984741211,50.959999084472656,51.11000061035156,33.8704948425293,6702000,True,-0.02492677301763534,0.027941739378965297,0.27936945416683306,38,40,13
WMT,2001-10-09,51.5,52.20000076293945,51.0,52.08000183105469,34.51332473754883,8068400,False,0.018801196971730563,0.0238964788923786,0.2389237897515696,40,40,13
WMT,2001-10-10,52.33000183105469,53.70000076293945,52.20000076293945,53.630001068115234,35.54050827026367,9481900,False,0.029327650233557278,0.025665379390396734,0.2566097598303967,39,40,13
WMT,2001-10-11,53.95000076293945,54.75,52.84999847412109,53.4900016784668,35.447731018066406,12260600,False,-0.0026138781846493965,0.021531562749247814,0.21527868580524379,41,40,13
WMT,2001-10-12,52.84999847412109,53.0,51.79999923706055,52.900001525878906,35.05672836303711,10740100,False,-0.011091686031250863,0.02206105848954056,0.22057273475269787,41,40,13
WMT,2001-10-15,52.619998931884766,53.47999954223633,52.40999984741211,53.47999954223633,35.44108200073242,6259700,True,0.010904095999189912,0.016212949965509437,0.16210168310811415,43,40,13
WMT,2001-10-16,53.47999954223633,54.0,52.5,53.13999938964844,35.215782165527344,6767600,False,-0.0063773166682364385,0.01634275870899052,0.16339954783015406,43,40,13
WMT,2001-10-17,53.25,53.7400016784668,52.150001525878906,52.220001220703125,34.60611724853516,6638500,False,-0.01746387357013197,0.010635412142805148,0.10633587425883467,45,48,16
WMT,2001-10-18,52.33000183105469,52.79999923706055,51.41999816894531,51.900001525878906,34.39402389526367,7829100,False,-0.0061476402144710575,0.010526776169442812,0.10524970091187526,45,48,16
WMT,2001-10-19,52.150001525878906,53.06999969482422,51.59999847412109,53.0099983215332,35.12963104248047,6044500,False,0.021162138276247716,0.015405541314907262,0.1540289818725527,43,40,13
WMT,2001-10-22,52.79999923706055,53.59999847412109,52.08000183105469,53.040000915527344,35.14950942993164,6544200,True,0.0005656980961253791,0.014299981068926246,0.1429752762216877,44,48,16
WMT,2001-10-23,53.040000915527344,53.54999923706055,52.150001525878906,52.61000061035156,34.864540100097656,6188400,False,-0.00814039197540531,0.01446639259745452,0.14463910599482666,44,48,16
WMT,2001-10-24,52.970001220703125,53.18999862670898,52.43000030517578,52.47999954223633,34.77840042114258,5230800,False,-0.0024737531826682555,0.011762256318209133,0.11760238268710646,45,48,16
WMT,2001-10-25,51.79999923706055,53.29999923706055,51.5099983215332,53.29999923706055,35.32183074951172,6892800,False,0.015504691090596446,0.012442159555216933,0.12440024854767358,45,48,16
WMT,2001-10-26,53.150001525878906,53.81999969482422,52.5,53.41999816894531,35.40134048461914,5123700,False,0.0022484786023529487,0.008750485734144985,0.08748984413916147,46,48,16
WMT,2001-10-29,52.900001525878906,53.060001373291016,51.709999084472656,51.900001525878906,34.39402389526367,6024800,True,-0.02886686090724878,0.016253556703961704,0.1625076808236839,43,40,13
WMT,2001-10-30,51.5,51.75,50.36000061035156,50.59999847412109,33.532527923583984,7094900,False,-0.025366874786994013,0.018873637402002763,0.18870399253346304,42,40,13
WMT,2001-10-31,50.70000076293945,52.31999969482422,50.650001525878906,51.400001525878906,34.06270217895508,7034600,False,0.01568705740909636,0.021690060322524893,0.21686338960383833,41,40,13
WMT,2001-11-01,51.20000076293945,52.95000076293945,50.86000061035156,52.2400016784668,34.619361877441406,8601900,False,0.016210109449317243,0.02185162920580635,0.2184788012330322,41,40,13
WMT,2001-11-02,51.79999923706055,53.18000030517578,51.7599983215332,52.970001220703125,35.10311508178711,5794300,False,0.01387675791862326,0.023258741065423732,0.2325475056483671,40,40,13
WMT,2001-11-05,53.150001525878906,54.29999923706055,52.38999938964844,53.900001525878906,35.71944046020508,6841200,True,0.017405215974941955,0.018451844196172316,0.18448678414546849,42,40,13
WMT,2001-11-06,54.04999923706055,55.09999847412109,53.650001525878906,54.93999862670898,36.408634185791016,8781200,False,0.019110858143193552,0.0019527856588325368,0.01952450619532861,49,48,16
WMT,2001-11-07,54.84999847412109,54.9900016784668,53.400001525878906,53.81999969482422,35.66643524169922,8222400,False,-0.020595892198623632,0.01676573558947149,0.16762859093382407,43,40,13
WMT,2001-11-08,54.59999847412109,55.400001525878906,53.9900016784668,54.5,36.1170539855957,8584100,False,0.012555106139594695,0.016460658844420488,0.1645783469032734,43,40,13
WMT,2001-11-09,54.54999923706055,55.25,53.88999938964844,55.09999847412109,36.51467514038086,5045700,False,0.010949075063248746,0.016271248192421026,0.16268456535500267,43,40,13
WMT,2001-11-12,54.54999923706055,55.68000030517578,54.0,55.58000183105469,36.83275604248047,6500700,True,0.008673320686945443,0.015441418205023413,0.1543876892197588,43,40,13
WMT,2001-11-13,55.900001525878906,55.95000076293945,54.25,54.2599983215332,35.95799255371094,10522000,False,-0.024036175490923184,0.01819096405149702,0.18187843029059828,42,40,13
WMT,2001-11-14,55.59999847412109,55.79999923706055,55.04999923706055,55.27999877929688,36.63397216796875,9589300,False,0.018624627584364405,0.01683798275489077,0.16835093863360542,43,40,13
WMT,2001-11-15,55.58000183105469,56.2400016784668,55.27999877929688,56.0,37.111106872558594,8452000,False,0.012940290222494901,0.01687999905769524,0.16877102957430862,43,40,13
WMT,2001-11-16,56.0,56.0,54.650001525878906,55.09999847412109,36.51467514038086,10558400,False,-0.01620206300288153,0.01890634108716614,0.1890309732754069,42,40,13
WMT,2001-11-19,54.59999847412109,55.86000061035156,54.59999847412109,55.75,36.9454231262207,7963900,True,0.011727534618264236,0.01930182546518207,0.1929851385232939,42,40,13
WMT,2001-11-20,55.70000076293945,55.97999954223633,55.11000061035156,55.70000076293945,36.91228866577149,6336400,False,-0.0008972512651208442,0.013945955865409128,0.13943563158731198,44,48,16
WMT,2001-11-21,55.52000045776367,55.61000061035156,54.84000015258789,55.119998931884766,36.52791976928711,4989500,False,-0.010467628410016248,0.013001810953963387,0.1299958023416225,44,48,16
WMT,2001-11-23,55.06999969482422,55.84999847412109,55.060001373291016,55.79999923706055,36.978553771972656,2307000,True,0.012261223442349884,0.012827657009435311,0.12825456169214325,44,48,16
WMT,2001-11-26,55.70000076293945,56.02000045776367,55.310001373291016,55.75,36.9454231262207,7702400,True,-0.0008963437672128119,0.009637756370043667,0.09636102820853534,46,48,16
WMT,2001-11-27,55.54999923706055,55.810001373291016,54.83000183105469,55.08000183105469,36.50141143798828,9664100,False,-0.01209084366863995,0.00972712878128471,0.09725459898476196,46,48,16
WMT,2001-11-28,54.900001525878906,55.7599983215332,54.47999954223633,55.0,36.44839859008789,7469400,False,-0.0014534063135180283,0.00970855102737212,0.09706885331947553,46,48,16
WMT,2001-11-29,55.09999847412109,55.290000915527344,54.5,54.650001525878906,36.21643829345703,5727700,False,-0.0063844107957589874,0.009021293627269594,0.09019745844549365,46,48,16
WMT,2001-11-30,55.0,55.900001525878906,54.900001525878906,55.150001525878906,36.547794342041016,8414300,False,0.009107725790440845,0.007831934127029856,0.07830590402636368,46,48,16
WMT,2001-12-03,55.060001373291016,55.22999954223633,54.18000030517578,54.58000183105469,36.170066833496094,7615500,True,-0.010388944333121309,0.008514261991100083,0.0851280119976241,46,48,16
WMT,2001-12-04,54.400001525878906,55.16999816894531,54.20000076293945,55.16999816894531,36.56106185913086,6865500,False,0.010751896728354662,0.009338414757735662,0.09336812566565135,46,48,16
WMT,2001-12-05,55.16999816894531,56.56999969482422,54.93999862670898,56.56999969482422,37.48885345458984,9031700,False,0.025059857129381486,0.014289859972639988,0.14287408262358298,44,48,16
WMT,2001-12-06,55.95000076293945,55.9900016784668,55.40999984741211,55.619998931884766,36.85927581787109,7044300,False,-0.01693634236115187,0.017025048630379055,0.1702212764396958,43,40,13
WMT,2001-12-07,55.209999084472656,55.59999847412109,54.75,55.34000015258789,36.67371368408203,4602400,False,-0.00504705517738701,0.017040220322333426,0.17037296732917817,43,40,13
WMT,2001-12-10,55.09999847412109,55.400001525878906,54.27000045776367,54.27000045776367,35.964622497558594,5293400,True,-0.0195245031614773,0.018911829545767988,0.1890858484448808,42,40,13
WMT,2001-12-11,54.119998931884766,54.79999923706055,53.5099983215332,54.08000183105469,35.838714599609375,6097600,False,-0.0035070243831764295,0.01770715529243221,0.17704117277030162,42,40,13
WMT,2001-12-12,54.02000045776367,54.70000076293945,53.5,54.33000183105469,36.004398345947266,5772300,False,0.004612384772199416,0.010007733794858356,0.10006016768667178,45,48,16
WMT,2001-12-13,54.08000183105469,54.09000015258789,53.09999847412109,53.36000061035156,35.361568450927734,7847100,False,-0.01801551383990976,0.010255054354945224,0.10253294895982752,45,48,16
WMT,2001-12-14,53.70000076293945,54.40999984741211,53.02999877929688,54.060001373291016,35.825462341308594,6015900,False,0.013033285750797251,0.01413930675237783,0.14136880872501667,44,48,16
WMT,2001-12-17,54.150001525878906,55.84999847412109,53.880001068115234,55.84999847412109,37.01169967651367,8463200,True,0.03257519095412325,0.018870763788648878,0.18867526133018062,42,40,13
WMT,2001-12-18,55.90999984741211,56.09999847412109,55.41999816894531,55.77999877929688,36.96530151367188,8798500,False,-0.0012543944247343783,0.018620040546296936,0.18616845907235374,42,40,13
WMT,2001-12-19,55.68000030517578,56.5,55.34999847412109,56.27999877929688,37.3435173034668,8212100,False,0.01017965463244821,0.01866849681017726,0.18665293857477872,42,40,13
WMT,2001-12-20,56.33000183105469,57.13999938964844,56.20000076293945,56.2599983215332,37.33023834228516,7845000,False,-0.0003556526977054118,0.013686507991172088,0.13684159797947895,44,48,16
WMT,2001-12-21,56.84000015258789,57.58000183105469,56.52999877929688,57.56999969482422,38.19947814941406,13126800,False,0.023018176864585314,0.014772672523195864,0.14770137976798453,44,48,16
WMT,2001-12-24,57.52000045776367,57.70000076293945,57.130001068115234,57.130001068115234,37.907527923583984,2031400,True,-0.0076721361921720434,0.012037772395397921,0.12035707075625232,45,48,16
WMT,2001-12-26,57.75,58.56999969482422,57.709999084472656,58.150001525878906,38.58432388305664,6638900,True,0.017696358646734738,0.012630374452681892,0.1262820746021545,44,48,16
WMT,2001-12-27,58.09999847412109,58.59999847412109,57.77000045776367,58.369998931884766,38.73029708862305,4822200,False,0.003776087295842563,0.012750852147265944,0.1274866448444982,44,48,16
WMT,2001-12-28,58.34999847412109,58.7400016784668,58.13999938964844,58.34999847412109,38.71702194213867,4343400,False,-0.00034281746044987336,0.0127489285853474,0.1274674125255666,44,48,16
WMT,2001-12-31,58.09999847412109,58.47999954223633,57.54999923706055,57.54999923706055,38.18621826171875,5134700,True,-0.013804674771794286,0.012009830146613165,0.12007769620890157,45,48,16
WMT,2002-01-02,57.650001525878906,58.150001525878906,56.9900016784668,58.04999923706055,38.51795959472656,6677900,True,0.008649943477013533,0.011639250062956893,0.11637253117633066,45,48,16
WMT,2002-01-03,57.95000076293945,58.29999923706055,57.5,57.97999954223633,38.47152328491211,5957300,False,-0.0012063028275717707,0.008359242378280611,0.08357808183647128,46,48,16
WMT,2002-01-04,57.65999984741211,58.2599983215332,57.20000076293945,57.59999847412109,38.21937942504883,6679700,False,-0.006575610912976627,0.00829055323963729,0.08289130829994547,46,48,16
WMT,2002-01-07,57.45000076293945,58.09999847412109,57.209999084472656,57.38999938964844,38.08001327514648,5360400,True,-0.0036531432285967194,0.00819123973555706,0.08189834365125305,46,48,16
WMT,2002-01-08,57.68999862670898,58.0,57.33000183105469,57.84000015258789,38.37860870361328,4370200,False,0.007810680830106921,0.006870521679809659,0.06869342904882877,47,48,16
WMT,2002-01-09,57.150001525878906,57.52999877929688,56.18999862670898,56.400001525878906,37.42314147949219,7575800,False,-0.025210970159258703,0.012127897519887788,0.12125816737353758,45,48,16
WMT,2002-01-10,56.400001525878906,57.34999847412109,56.2599983215332,57.0,37.82126998901367,6466400,False,0.010582373286380533,0.01420433646132293,0.14201899424304126,44,48,16
WMT,2002-01-11,56.650001525878906,56.7400016784668,55.52999877929688,55.79999923706055,37.0250358581543,7271300,False,-0.021277313854055256,0.016378828383339344,0.16376018268892711,43,40,13
WMT,2002-01-14,55.79999923706055,56.900001525878906,55.7599983215332,55.7599983215332,36.99847412109375,6713800,True,-0.00071765681492278,0.01655135193714016,0.16548512222839398,43,40,13
WMT,2002-01-15,55.7599983215332,56.900001525878906,55.310001373291016,56.869998931884766,37.73499298095703,8086100,False,0.01971118790459622,0.01957130532503296,0.19567947477539466,42,40,13
WMT,2002-01-16,56.869998931884766,56.869998931884766,55.5,55.9900016784668,37.15109634399414,5506400,False,-0.015594577721229042,0.01722136200763292,0.1721840733975096,43,40,13
WMT,2002-01-17,55.84999847412109,57.220001220703125,55.70000076293945,56.7599983215332,37.66202163696289,7796500,False,0.013658921060343622,0.017804257143880894,0.17801202468720947,42,40,13
WMT,2002-01-18,56.54999923706055,56.88999938964844,55.970001220703125,56.34999847412109,37.38996505737305,7007400,False,-0.0072498486232361985,0.014595579551441517,0.14593075388872953,44,48,16
WMT,2002-01-22,57.119998931884766,58.70000076293945,57.11000061035156,58.0099983215332,38.491432189941406,9990000,True,0.02903332156305089,0.018713624789784732,0.18710414094481023,42,40,13
WMT,2002-01-23,58.400001525878906,59.95000076293945,58.220001220703125,59.86000061035156,39.71894836425781,10682200,False,0.03139268659240571,0.02112838132386786,0.21124756328953537,41,40,13
WMT,2002-01-24,59.86000061035156,59.95000076293945,59.29999923706055,59.66999816894531,39.592891693115234,7984100,False,-0.003178763150538695,0.017799158317012648,0.17796104516658073,42,40,13
WMT,2002-01-25,59.36000061035156,59.47999954223633,58.060001373291016,58.400001525878906,38.75020599365234,7322100,False,-0.021513527698339006,0.023407611431395643,0.23403595389130286,40,40,13
WMT,2002-01-28,58.70000076293945,59.18000030517578,58.31999969482422,58.630001068115234,38.90282440185547,5142700,True,0.003930782969714681,0.022372793075454058,0.22368954576902061,41,40,13
WMT,2002-01-29,59.08000183105469,59.47999954223633,57.90999984741211,57.90999984741211,38.42507553100586,7373900,False,-0.012356599623892663,0.02016171107718688,0.20158251933819551,41,40,13
WMT,2002-01-30,57.79999923706055,59.95000076293945,57.75,59.75,39.64598083496094,10006100,False,0.031279321767529754,0.020117111881772686,0.20113660390286212,41,40,13
WMT,2002-01-31,59.59999847412109,59.97999954223633,59.09999847412109,59.97999954223633,39.7985725402832,6861200,False,0.0038414689613684504,0.02011685773024049,0.20113406282358778,41,40,13
WMT,2002-02-01,59.70000076293945,59.900001525878906,58.75,59.2599983215332,39.32085037231445,6697000,False,-0.01207612381377343,0.01777906122952784,0.17776010877229168,42,40,13
WMT,2002-02-04,59.58000183105469,59.900001525878906,58.650001525878906,58.900001525878906,39.08196258544922,6514600,True,-0.006093876408699667,0.01819742554841257,0.181943034173768,42,40,13
WMT,2002-02-05,59.040000915527344,59.5,58.45000076293945,58.79999923706055,39.015625,6626800,False,-0.001698838682593592,0.01682618937883813,0.1682330251069661,43,40,13
WMT,2002-02-06,58.70000076293945,59.25,58.40999984741211,58.880001068115234,39.06869888305664,6421200,False,0.001359399392619537,0.006313262377565247,0.06312179211578196,47,48,16
WMT,2002-02-07,59.150001525878906,59.75,58.34000015258789,58.38999938964844,38.743560791015625,8419300,False,-0.008357037456730748,0.00531932029808213,0.0531840766266853,47,48,16
WMT,2002-02-08,58.38999938964844,59.150001525878906,58.09999847412109,59.150001525878906,39.24784851074219,6378800,False,0.012932058857091538,0.008340517355945258,0.08339086373962555,46,48,16
WMT,2002-02-11,59.4900016784668,60.29999923706055,59.380001068115234,60.25,39.97774124145508,8501000,True,0.018426202550915413,0.010938760036619066,0.1093688327432034,45,48,16
WMT,2002-02-12,59.84999847412109,60.34999847412109,59.79999923706055,60.09999847412109,39.878211975097656,5323600,False,-0.002492721303426411,0.011056940807234501,0.11055043768669179,45,48,16
WMT,2002-02-13,60.29999923706055,60.720001220703125,59.880001068115234,60.119998931884766,39.891483306884766,6399600,False,0.0003327411960805377,0.01113615787639014,0.11134247246557773,45,48,16
WMT,2002-02-14,60.34999847412109,60.59000015258789,59.93000030517578,60.4900016784668,40.1369743347168,5986000,False,0.006135112560744919,0.008675213609916759,0.0867372520412104,46,48,16
WMT,2002-02-15,60.4900016784668,60.59000015258789,59.900001525878906,60.02999877929688,39.83176040649414,7257600,False,-0.0076333684966764,0.009976706250466809,0.09974994547669265,46,48,16
WMT,2002-02-19,59.400001525878906,60.18000030517578,59.20000076293945,59.290000915527344,39.34075546264648,9060600,True,-0.012403578021554763,0.007149906825710054,0.0714868011669322,47,48,16
WMT,2002-02-20,59.369998931884766,60.20000076293945,58.79999923706055,60.02000045776367,39.82514572143555,8194100,False,0.012237498634459918,0.009990859940766606,0.09989145809621403,46,48,16
WMT,2002-02-21,60.150001525878906,60.869998931884766,59.38999938964844,59.54999923706055,39.51325225830078,7339600,False,-0.007862398984013166,0.010525904067783198,0.10524098139154332,45,48,16
WMT,2002-02-22,59.650001525878906,59.95000076293945,58.59999847412109,59.95000076293945,39.7786750793457,7603200,False,0.006694850821090396,0.010635205414699846,0.1063338073324649,45,48,16
WMT,2002-02-25,60.20000076293945,60.75,60.060001373291016,60.650001525878906,40.24315643310547,8342500,True,0.01160899623102837,0.011444383109757065,0.11442419597742845,45,48,16
WMT,2002-02-26,60.79999923706055,62.27999877929688,60.45000076293945,62.09999847412109,41.20527267456055,11650400,False,0.023626262803200838,0.011407555831468099,0.11405598637907453,45,48,16
WMT,2002-02-27,62.59999847412109,62.84999847412109,61.75,62.25,41.3047981262207,12977300,False,0.002412444904316983,0.011611061215195142,0.11609069106229963,45,48,16
WMT,2002-02-28,62.70000076293945,62.880001068115234,61.540000915527344,62.0099983215332,41.14554977416992,11995700,False,-0.0038628957701419865,0.010377998492252754,0.10376217939773195,45,48,16
WMT,2002-03-01,62.20000076293945,62.810001373291016,62.060001373291016,62.810001373291016,41.6763801574707,7519600,False,0.012818770405256006,0.01053153727161549,0.10529730376498234,45,48,16
WMT,2002-03-04,62.95000076293945,63.08000183105469,62.18000030517578,62.97999954223633,41.789161682128906,8167600,True,0.0027024707636874178,0.010797601684452797,0.10795749140682735,45,48,16
WMT,2002-03-05,62.31999969482422,62.59000015258789,60.54999923706055,60.7599983215332,40.31614303588867,12356700,False,-0.03588505565266081,0.018607329615806762,0.1860413715755866,42,40,13
WMT,2002-03-06,60.970001220703125,61.47999954223633,60.29999923706055,60.900001525878906,40.40903091430664,10196200,False,0.0023013371137724893,0.018597279108122377,0.1859408837423918,42,40,13
WMT,2002-03-07,61.5,61.95000076293945,60.9900016784668,61.70000076293945,40.93987274169922,9292400,False,0.01305117434926366,0.020186431797985686,0.2018296841328601,41,40,13
WMT,2002-03-08,62.18000030517578,62.900001525878906,62.0,62.52000045776367,41.48394775390625,10461200,False,0.013202079480689126,0.020252660990918225,0.20249186243280523,41,40,13
WMT,2002-03-11,62.810001373291016,62.810001373291016,62.02999877929688,62.52999877929688,41.49059295654297,6698200,True,0.00016017449675595805,0.020170550746937622,0.2016709008694877,41,40,13
WMT,2002-03-12,61.900001525878906,62.400001525878906,61.88999938964844,62.22999954223633,41.29152297973633,6980900,False,-0.004809501624451587,0.008043457607626935,0.08042077592164593,46,48,16
WMT,2002-03-13,61.75,62.09000015258789,61.29999923706055,61.9900016784668,41.132286071777344,6178300,False,-0.0038638618598440346,0.008941091440697931,0.08939557418261275,46,48,16
WMT,2002-03-14,61.95000076293945,62.59000015258789,61.90999984741211,62.27000045776367,41.31807708740234,5020200,False,0.004506743766038723,0.007344727604179589,0.07343467469775343,47,48,16
WMT,2002-03-15,62.68000030517578,63.75,62.45000076293945,63.75,42.30009078979492,13302500,False,0.023489126303164833,0.011556612951572091,0.11554630184291716,45,48,16
WMT,2002-03-18,63.91999816894531,63.93999862670898,62.70000076293945,63.54999923706055,42.16739654541016,6358800,True,-0.0031419036538022816,0.011912385409032103,0.11910341601895943,45,48,16
WMT,2002-03-19,63.70000076293945,63.84000015258789,63.040000915527344,63.459999084472656,42.107666015625,5544900,False,-0.0014175139827041889,0.011426316843641671,0.11424356431255472,45,48,16
WMT,2002-03-20,62.95000076293945,63.43999862670898,62.93000030517578,63.18000030517578,41.97150421142578,7102100,False,-0.0032388978831457043,0.01132290726647459,0.11320964596062355,45,48,16
WMT,2002-03-21,62.95000076293945,63.18999862670898,61.95000076293945,62.20000076293945,41.320457458496094,5802400,False,-0.015633201555384425,0.014304778445951745,0.14302324176108624,44,48,16
WMT,2002-03-22,62.20000076293945,62.2400016784668,61.56999969482422,62.04999923706055,41.22080993652344,5499200,False,-0.0024144909213936576,0.00589480481799116,0.058937934467385024,47,48,16
WMT,2002-03-25,61.84999847412109,62.18000030517578,61.27999877929688,61.27999877929688,40.70928192138672,5917900,True,-0.012487100900322646,0.006537776117953274,0.06536654432159399,47,48,16
WMT,2002-03-26,61.34999847412109,62.38999938964844,61.34999847412109,62.16999816894531,41.30051803588867,6183500,False,0.014418919646152672,0.011722080794258731,0.11720069637672094,45,48,16
WMT,2002-03-27,62.04999923706055,62.29999923706055,61.619998931884766,62.0,41.18757629394531,6930800,False,-0.0027383785123767583,0.011730961611094387,0.11728948930826623,45,48,16
WMT,2002-03-28,62.0099983215332,62.16999816894531,61.27999877929688,61.29999923706055,40.72259140014648,5830000,False,-0.011353654907648548,0.010765482885894444,0.10763635852744417,45,48,16
WMT,2002-04-01,60.34999847412109,60.36000061035156,58.619998931884766,59.560001373291016,39.5666618347168,13248900,True,-0.028796118884379343,0.015763639652592375,0.15760935086033492,43,40,13
WMT,2002-04-02,59.5,59.5099983215332,58.75,58.93000030517578,39.14813995361328,7788800,False,-0.01063398028102301,0.015658824887159212,0.15656138303662345,43,40,13
WMT,2002-04-03,59.400001525878906,59.79999923706055,57.75,58.59999847412109,38.92891311645508,8932800,False,-0.0056156682318517235,0.010133879176417341,0.10132140507471822,45,48,16
WMT,2002-04-04,58.79999923706055,59.59999847412109,58.720001220703125,59.27999877929688,39.380653381347656,6853300,False,0.01153742246556101,0.014433741026709877,0.14431264630765747,44,48,16
WMT,2002-04-05,59.22999954223633,59.75,58.77999877929688,59.13999938964844,39.28763961791992,5321600,False,-0.0023647089119331072,0.014621580763414344,0.1461907213981965,44,48,16
WMT,2002-04-08,59.0,59.95000076293945,58.52000045776367,59.77999877929688,39.712799072265625,6139300,True,0.010763574635988496,0.009955620375166237,0.09953912290070852,46,48,16
WMT,2002-04-09,60.09999847412109,60.45000076293945,59.900001525878906,60.09999847412109,39.92539978027344,6229800,False,0.0053391768301680005,0.007702264623099215,0.07700943146093499,46,48,16
WMT,2002-04-10,60.25,60.70000076293945,59.869998931884766,60.56999969482422,40.23760223388672,7116000,False,0.007789230050413298,0.005592016772072216,0.05591057350143539,47,48,16
WMT,2002-04-11,60.650001525878906,61.810001373291016,60.0099983215332,60.16999816894531,39.97189331054688,8567000,False,-0.006625397491816383,0.007247551599224611,0.07246308137300778,47,48,16
WMT,2002-04-12,60.70000076293945,61.84999847412109,60.290000915527344,61.22999954223633,40.676055908203125,6488900,False,0.017463072513093373,0.008841075130058204,0.08839558267413009,46,48,16
WMT,2002-04-15,61.04999923706055,61.27000045776367,59.52000045776367,59.93000030517578,39.81244659423828,5770000,True,-0.021460020504896087,0.014977567549920181,0.14974997849697283,44,48,16
WMT,2002-04-16,60.20000076293945,60.709999084472656,59.59999847412109,60.0,39.85895538330078,7013800,False,0.0011675153992794255,0.014755233189312062,0.14752701634979953,44,48,16
WMT,2002-04-17,60.54999923706055,60.54999923706055,58.650001525878906,59.290000915527344,39.38728713989258,9141200,False,-0.0119040044853119,0.014673238614496641,0.14670721127968028,44,48,16
WMT,2002-04-18,58.54999923706055,59.41999816894531,56.7400016784668,58.150001525878906,38.62997817993164,11727300,False,-0.01941449098315823,0.016219325345289314,0.16216542596767827,43,40,13
WMT,2002-04-19,58.79999923706055,59.09999847412109,58.13999938964844,58.93000030517578,39.14813995361328,5848200,False,0.013324298714463848,0.014704471969220008,0.147019491239869,44,48,16
WMT,2002-04-22,58.93000030517578,59.09999847412109,57.0,57.54999923706055,38.23138427734375,6438900,True,-0.02369615430170268,0.015252995592045033,0.15250378636652104,43,40,13
WMT,2002-04-23,57.84999847412109,58.43999862670898,57.619998931884766,58.04999923706055,38.56355285644531,6917900,False,0.008650847648107689,0.016689726299361666,0.16686862844181202,43,40,13
WMT,2002-04-24,57.900001525878906,58.63999938964844,57.31999969482422,57.45000076293945,38.164947509765625,6527500,False,-0.010390113991709747,0.016583017705836384,0.1658017255864189,43,40,13
WMT,2002-04-25,56.79999923706055,57.11000061035156,56.22999954223633,57.0,37.86601257324219,7330800,False,-0.007863546023650636,0.015032250187525957,0.15029671105406728,43,40,13
WMT,2002-04-26,57.25,57.29999923706055,55.77999877929688,55.79999923706055,37.06883239746094,10036100,False,-0.021277424445216797,0.012875820519098564,0.12873611415467576,44,48,16
WMT,2002-04-29,55.900001525878906,57.400001525878906,55.79999923706055,56.20000076293945,37.334571838378906,10053400,True,0.007143236888446119,0.012606472355949925,0.12604309464364555,44,48,16
WMT,2002-04-30,56.09999847412109,56.59000015258789,55.459999084472656,55.86000061035156,37.108699798583984,10411000,False,-0.006068318276799254,0.010180785792874885,0.10179039076164444,45,48,16
WMT,2002-05-01,55.59999847412109,56.79999923706055,54.81999969482422,56.79999923706055,37.73314666748047,8589100,False,0.01668749207161259,0.014620127685165596,0.14617619310875438,44,48,16
WMT,2002-05-02,56.75,57.25,56.18000030517578,56.650001525878906,37.63350296020508,7659000,False,-0.002644240279400753,0.014304336992683813,0.143018827985808,44,48,16
WMT,2002-05-03,56.45000076293945,56.47999954223633,55.08000183105469,55.25,36.70346832275391,7821600,False,-0.025023434532009416,0.01565139085302336,0.15648705544983213,43,40,13
WMT,2002-05-06,55.61000061035156,56.130001068115234,53.95000076293945,53.9900016784668,35.86641311645508,7980500,True,-0.023069965511657523,0.01702047442181748,0.1701755422020465,43,40,13
WMT,2002-05-07,54.619998931884766,55.5,54.0,55.0099983215332,36.54401397705078,8965100,False,0.018716106714538525,0.02089931857358626,0.2089573287895207,41,40,13
WMT,2002-05-08,56.25,56.4900016784668,55.68000030517578,56.38999938964844,37.46076202392578,8317600,False,0.02477664264024505,0.02301664926301165,0.23012700298098332,40,40,13
WMT,2002-05-09,55.650001525878906,55.75,53.720001220703125,54.9900016784668,36.53074264526367,11840200,False,-0.025139868808800418,0.025385446417605647,0.25381091038329257,39,40,13
WMT,2002-05-10,55.2400016784668,55.2599983215332,53.61000061035156,53.65999984741211,35.64719009399414,7436000,False,-0.024483845825648557,0.025285029256970282,0.25280691106259157,39,40,13
WMT,2002-05-13,53.84000015258789,55.27999877929688,53.84000015258789,55.040000915527344,36.563941955566406,6421700,True,0.02539223780427116,0.02629739910174326,0.26292887258808273,39,40,13
WMT,2002-05-14,57.5,58.25,57.04999923706055,57.38999938964844,38.12507629394531,12505700,False,0.04180967376286191,0.031142341773203786,0.3113699868379161,37,40,13
WMT,2002-05-15,57.63999938964844,58.18999862670898,56.63999938964844,56.77000045776367,37.71321105957031,10467000,False,-0.010861777025819546,0.030550132617915875,0.30544891133787283,37,40,13
WMT,2002-05-16,57.650001525878906,58.68999862670898,57.43999862670898,58.34999847412109,38.7628288269043,8016000,False,0.027451308457272835,0.02810848442627783,0.2810366185555967,38,40,13
WMT,2002-05-17,58.34999847412109,59.29999923706055,57.959999084472656,58.33000183105469,38.74957656860352,7547100,False,-0.00034193903188209785,0.021631690160990116,0.21627978813413612,41,40,13
WMT,2002-05-20,58.75,58.81999969482422,57.70000076293945,57.79999923706055,38.39745330810547,5031900,True,-0.009128691184822575,0.023580978518253692,0.23576932731409297,40,40,13
WMT,2002-05-21,57.900001525878906,58.119998931884766,56.59999847412109,56.59999847412109,37.600284576416016,6376800,False,-0.020979518404075657,0.018416835449646906,0.18413675674469643,42,40,13
WMT,2002-05-22,56.70000076293945,56.79999923706055,55.70000076293945,56.79999923706055,37.73314666748047,6026900,False,0.003527311224927129,0.01795515609565692,0.17952075530774314,42,40,13
WMT,2002-05-23,56.5,56.7599983215332,55.790000915527344,56.310001373291016,37.40764236450195,5915900,False,-0.008663905271346509,0.009457960216299263,0.09456337514722724,46,48,16
WMT,2002-05-24,56.560001373291016,56.93999862670898,55.5099983215332,55.52000045776367,36.8828239440918,5011100,False,-0.014129057933355102,0.008986837751495018,0.08985295880367,46,48,16
WMT,2002-05-28,55.400001525878906,55.630001068115234,53.93000030517578,54.790000915527344,36.39786529541016,6920300,True,-0.013235839716658834,0.009088721228951192,0.09087161877682033,46,48,16
WMT,2002-05-29,54.900001525878906,55.65999984741211,54.52999877929688,54.52999877929688,36.22515106201172,5427400,False,-0.0047564688905824696,0.0071992322681642285,0.07197997096384663,47,48,16
WMT,2002-05-30,54.09999847412109,54.84999847412109,53.75,53.9900016784668,35.86641311645508,8196300,False,-0.009952368511124798,0.003764737434993476,0.0376409151925358,48,48,16
WMT,2002-05-31,54.900001525878906,55.58000183105469,54.0,54.09999847412109,35.93950271606445,11707200,False,0.0020357549654249165,0.006708719974380703,0.06707568959761269,47,48,16
WMT,2002-06-03,54.18000030517578,54.66999816894531,52.95000076293945,53.150001525878906,35.30839157104492,8180000,True,-0.017716387508889823,0.007652487247942054,0.07651174311237131,46,48,16
WMT,2002-06-04,53.0,54.0,52.0,54.0,35.87306594848633,13781900,False,0.015866104535652015,0.012740054596677174,0.12737868786396053,44,48,16
WMT,2002-06-05,54.95000076293945,55.77000045776367,54.52000045776367,54.959999084472656,36.51080703735352,10080900,False,0.017621538196668986,0.015548127909827498,0.15545460318603332,43,40,13
WMT,2002-06-06,54.970001220703125,54.97999954223633,54.0,54.09999847412109,35.93950271606445,7554600,False,-0.015771255223431414,0.01679412246787601,0.16791241101452176,43,40,13
WMT,2002-06-07,53.84999847412109,54.720001220703125,53.7599983215332,54.43000030517578,36.158721923828125,7928900,False,0.006081145116254149,0.016988518328422755,0.16985603609514646,43,40,13
WMT,2002-06-10,55.09999847412109,56.58000183105469,55.060001373291016,56.400001525878906,37.467430114746094,8559100,True,0.03555383543952846,0.018758484313983782,0.18755265922134626,42,40,13
WMT,2002-06-11,56.84999847412109,57.630001068115234,56.380001068115234,56.45000076293945,37.500633239746094,11423700,False,0.0008857939150438097,0.019152892230968308,0.19149606170580263,42,40,13
WMT,2002-06-12,56.54999923706055,58.29999923706055,56.2400016784668,58.29999923706055,38.72962951660156,10561800,False,0.032247108454805676,0.02176194068906857,0.21758206994418022,41,40,13
WMT,2002-06-13,57.75,57.7599983215332,56.27000045776367,56.5,37.53385925292969,9523000,False,-0.031361488675115796,0.027149751999305253,0.27145093918242913,39,40,13
WMT,2002-06-14,56.45000076293945,57.02999877929688,55.25,56.95000076293945,37.83280563354492,10511400,False,0.007933161137334216,0.027118025031816522,0.2711337239414779,39,40,13
WMT,2002-06-17,57.09999847412109,58.43999862670898,56.70000076293945,58.310001373291016,38.73627471923828,8631800,True,0.023599892117542817,0.024608210298121963,0.2460398826919254,40,40,13
WMT,2002-06-18,58.310001373291016,58.880001068115234,57.90999984741211,58.54999923706055,38.89567947387695,6997100,False,0.004106684684770545,0.024460955812278747,0.24456759047791218,40,40,13
WMT,2002-06-19,58.0,58.75,56.97999954223633,57.40999984741211,38.18729019165039,7595400,False,-0.01838043419263828,0.02189956518843881,0.21895807881562473,41,40,13
WMT,2002-06-20,57.34999847412109,57.900001525878906,56.20000076293945,56.5,37.58198928833008,7163900,False,-0.015977815408084413,0.01753252204150099,0.1752951398791366,42,40,13
WMT,2002-06-21,55.5,56.5,54.900001525878906,54.97999954223633,36.57094192504883,15090200,False,-0.02727093874686786,0.020496988185521193,0.20493471518683704,41,40,13
WMT,2002-06-24,55.04999923706055,56.34999847412109,54.22999954223633,55.75,37.0831184387207,10988900,True,0.013907848851779238,0.017078352836170735,0.17075422704362378,43,40,13
WMT,2002-06-25,56.0,57.220001220703125,55.02000045776367,55.09999847412109,36.6507682800293,8646500,False,-0.011727446717427264,0.015499715128097578,0.15497055843051008,43,40,13
WMT,2002-06-26,54.29999923706055,56.5,53.75,55.619998931884766,36.99664306640625,10912100,False,0.009392789860110445,0.01744643377071555,0.17443440487286854,43,40,13
WMT,2002-06-27,55.79999923706055,57.70000076293945,55.04999923706055,57.70000076293945,38.38019943237305,8552400,False,0.03671450623058896,0.0246094697202563,0.24605247475247907,40,40,13
WMT,2002-06-28,57.0,57.77999877929688,55.0099983215332,55.0099983215332,36.59090042114258,15398900,False,-0.0477420997013179,0.03180561775711544,0.31800160869488836,37,40,13
WMT,2002-07-01,55.29999923706055,55.83000183105469,54.400001525878906,54.400001525878906,36.18515396118164,10183200,True,-0.011150663979092892,0.031053104809026916,0.3104777702999448,37,40,13
WMT,2002-07-02,54.40999984741211,54.93000030517578,53.29999923706055,53.41999816894531,35.53327178955078,10192500,False,-0.018179432082658813,0.03153788043243151,0.3153246948047908,37,40,13
WMT,2002-07-03,53.29999923706055,55.09999847412109,53.29999923706055,55.040000915527344,36.6108512878418,7243200,False,0.029875188678456434,0.03518750645972101,0.35181469341684896,35,32,10
WMT,2002-07-05,55.45000076293945,56.0099983215332,55.22999954223633,56.0,37.249420166015625,3217700,True,0.017291698952207737,0.030605560778400865,0.30600309784466634,37,40,13
WMT,2002-07-08,56.150001525878906,56.70000076293945,55.18000030517578,55.59999847412109,36.98334503173828,7639800,True,-0.007168701665379174,0.020463305356045503,0.20459794468168727,41,40,13
WMT,2002-07-09,55.65999984741211,56.06999969482422,54.47999954223633,54.650001525878906,36.351444244384766,8035500,False,-0.017233742215847354,0.021599821700697876,0.21596115820790887,41,40,13
WMT,2002-07-10,54.75,55.59999847412109,53.54999923706055,53.7599983215332,35.75944137573242,8964200,False,-0.016419606110882952,0.021221887153722165,0.21218246116019118,41,40,13
WMT,2002-07-11,53.77000045776367,54.9900016784668,53.0,54.18000030517578,36.0388069152832,12871600,False,0.007781999033467879,0.015231183987078995,0.15228570773901615,43,40,13
WMT,2002-07-12,53.93000030517578,54.09999847412109,52.59000015258789,52.84999847412109,35.15412521362305,8919300,False,-0.02485435608850519,0.012509413167980744,0.12507266928833505,44,48,16
WMT,2002-07-15,52.400001525878906,53.47999954223633,50.09999847412109,53.43999862670898,35.54656219482422,12703700,True,0.011101476548437917,0.016233689819001702,0.16230904605968458,43,40,13
WMT,2002-07-16,52.25,52.56999969482422,49.880001068115234,49.880001068115234,33.17858123779297,14497700,False,-0.06893892390480988,0.03223161396752596,0.32226083991759163,37,40,13
WMT,2002-07-17,51.0,51.4900016784668,47.5,48.25,32.0943717956543,18751100,False,-0.03322384299334744,0.032860930979185375,0.32855293031542654,36,32,10
WMT,2002-07-18,48.400001525878906,49.540000915527344,47.400001525878906,47.40999984741211,31.535629272460938,12019700,False,-0.017562686646427735,0.028907333205255306,0.2890237357610769,38,40,13
WMT,2002-07-19,47.20000076293945,47.70000076293945,45.61000061035156,46.5,30.930316925048828,13179300,False,-0.01938116147764779,0.029097491478130306,0.2909249922354104,38,40,13
WMT,2002-07-22,46.25,47.209999084472656,43.9900016784668,44.59999847412109,29.66649627685547,16834200,True,-0.04171849559971719,0.020864833474524495,0.20861253696496354,41,40,13
WMT,2002-07-23,45.0,46.900001525878906,44.75,45.09999847412109,29.999080657958984,15287400,False,0.01114839888714108,0.02014323967975307,0.20139783705522113,41,40,13
WMT,2002-07-24,44.29999923706055,48.119998931884766,43.720001220703125,47.93999862670898,31.888160705566406,18988100,False,0.061068066687702004,0.03959102156823282,0.3958422893941579,34,32,10
WMT,2002-07-25,47.70000076293945,48.06999969482422,45.0,47.0,31.262910842895508,14451900,False,-0.019802365312241683,0.03983310104225407,0.3982626687987852,34,32,10
WMT,2002-07-26,47.0,48.25,46.0,48.18000030517578,32.04778289794922,9082900,False,0.024795566789490693,0.03984048693221273,0.39833651502640555,34,32,10
WMT,2002-07-29,48.18999862670898,49.650001525878906,47.59999847412109,49.52999877929688,32.94577407836914,10985500,True,0.027634995547319057,0.02926500339516248,0.2925998240056526,38,40,13
WMT,2002-07-30,49.02000045776367,49.70000076293945,48.5,49.119998931884766,32.67304992675781,10102200,False,-0.008312423335796161,0.03205843061689078,0.32052930354179404,37,40,13
WMT,2002-07-31,49.29999923706055,49.29999923706055,47.34999847412109,49.18000030517578,32.71295547485352,12722700,False,0.0012206144970993665,0.020680979428088254,0.20677431193886076,41,40,13
WMT,2002-08-01,49.0,49.16999816894531,46.81999969482422,47.400001525878906,31.528966903686523,12829500,False,-0.036864483814423574,0.026427858929290806,0.2642332470337228,39,40,13
WMT,2002-08-02,47.20000076293945,47.400001525878906,45.18999862670898,46.09999847412109,30.66424560546875,9885400,False,-0.027809369900402486,0.02538270733906839,0.2537835242973551,39,40,13
WMT,2002-08-05,46.09999847412109,46.91999816894531,45.54999923706055,45.59999847412109,30.331636428833008,8422000,True,-0.010906063239313493,0.015451188213953368,0.1544853725466608,43,40,13
WMT,2002-08-06,47.900001525878906,48.5,46.400001525878906,47.27999877929688,31.44913673400879,10310300,False,0.03618025955324573,0.02859312266184834,0.2858821694178181,38,40,13
WMT,2002-08-07,48.5,48.5,46.900001525878906,48.380001068115234,32.18083190917969,9682900,False,0.02299945904530664,0.03176273930660604,0.317572897756322,37,40,13
WMT,2002-08-08,48.54999923706055,49.34999847412109,46.5,49.18999862670898,32.719608306884766,13516600,False,0.016603547626031948,0.026130262681432585,0.2612577951408161,39,40,13
WMT,2002-08-09,48.650001525878906,49.58000183105469,48.130001068115234,49.20000076293945,32.72627258300781,9991900,False,0.0002036576192561802,0.018611448760692324,0.1860825559572282,42,40,13
WMT,2002-08-12,48.20000076293945,48.93000030517578,47.650001525878906,48.40999984741211,32.20077896118164,7239900,True,-0.0161875546223682,0.020374920740384078,0.20371425016649664,41,40,13
WMT,2002-08-13,48.40999984741211,50.650001525878906,47.45000076293945,48.709999084472656,32.400333404541016,14450100,False,0.006178069410149334,0.015226009627078565,0.15223397301665767,43,40,13
WMT,2002-08-14,49.34999847412109,52.900001525878906,49.150001525878906,52.619998931884766,35.00113677978516,14957100,False,0.07721182737545106,0.035798289805464706,0.3579214789537244,35,32,10
WMT,2002-08-15,53.04999923706055,54.790000915527344,53.0099983215332,54.709999084472656,36.391334533691406,13956200,False,0.038950143655749746,0.03713724905927893,0.37130877424040615,35,32,10
WMT,2002-08-16,54.25,54.7599983215332,53.61000061035156,53.790000915527344,35.77938461303711,9243000,False,-0.01695880529594044,0.04023519600972862,0.4022829285994746,33,32,10
WMT,2002-08-19,53.0,54.790000915527344,52.720001220703125,54.68999862670898,36.37805938720703,11050000,True,0.016593950075459513,0.035722260613432734,0.3571613174766366,35,32,10
WMT,2002-08-20,54.09999847412109,54.54999923706055,53.09999847412109,53.77999877929688,35.77273941040039,8399700,False,-0.01677969446101117,0.039882353346085954,0.3987551073349606,34,32,10
WMT,2002-08-21,54.0,54.29999923706055,52.75,54.09000015258789,35.978946685791016,8920700,False,0.005747818743294839,0.023679270486070284,0.23675207835279807,40,40,13
WMT,2002-08-22,54.0,54.41999816894531,53.34999847412109,54.25,36.08537673950195,7542200,False,0.0029537537031557883,0.01476502379530548,0.14762490561199781,44,48,16
WMT,2002-08-23,53.70000076293945,53.900001525878906,52.869998931884766,53.18999862670898,35.38029479980469,6591800,False,-0.019732685722524027,0.01551527242123135,0.1551261046702108,43,40,13
WMT,2002-08-26,53.09999847412109,53.63999938964844,52.11000061035156,53.400001525878906,35.51996994018555,8040400,True,0.003940050762465013,0.012392139702004725,0.12390013583457887,45,48,16
WMT,2002-08-27,53.400001525878906,53.400001525878906,52.04999923706055,53.119998931884766,35.333717346191406,8518500,False,-0.005257398171717132,0.010533379162879756,0.10531571951749344,45,48,16
WMT,2002-08-28,52.79999923706055,53.52000045776367,52.7599983215332,53.400001525878906,35.51996994018555,7558000,False,0.005257398171717095,0.010439595819041487,0.10437804698312855,45,48,16
WMT,2002-08-29,52.65999984741211,53.70000076293945,52.52000045776367,53.20000076293945,35.38694381713867,8449000,False,-0.0037521384605723436,0.009973242530907407,0.09971531422379987,46,48,16
WMT,2002-08-30,53.20000076293945,54.0,53.0,53.47999954223633,35.57318115234375,6593400,False,0.005249082154218374,0.005160515861535598,0.05159630472188132,47,48,16
WMT,2002-09-03,52.84999847412109,53.150001525878906,51.4900016784668,51.869998931884766,34.50226211547852,9274400,True,-0.03056712508631253,0.014682012160827642,0.14679493169022298,44,48,16
WMT,2002-09-04,51.869998931884766,52.720001220703125,51.0,52.34000015258789,34.81489944458008,8623000,False,0.009020549659341131,0.01613404056239247,0.16131272446175254,43,40,13
WMT,2002-09-05,51.0,51.38999938964844,50.02000045776367,50.93999862670898,33.883663177490234,11572700,False,-0.027112454050739643,0.01835472388951088,0.18351574770809673,42,40,13
WMT,2002-09-06,51.59999847412109,53.04999923706055,51.59999847412109,52.77999877929688,35.107574462890625,7414300,False,0.03548391779363375,0.027499552330346417,0.27494834234065607,39,40,13
WMT,2002-09-09,52.650001525878906,53.70000076293945,52.25,53.27999877929688,35.44013977050781,6632600,True,0.009428165737570524,0.027820834940865992,0.2781606172215004,38,40,13
WMT,2002-09-10,53.650001525878906,54.810001373291016,53.27999877929688,54.77999877929688,36.43790054321289,8848000,False,0.02776438706771855,0.024183777763223606,0.24179628554154675,40,40,13
WMT,2002-09-11,55.400001525878906,57.0,53.810001373291016,54.20000076293945,36.0521125793457,7359200,False,-0.01064399327713124,0.026092901682706192,0.2608842492537917,39,40,13
WMT,2002-09-12,54.20000076293945,54.209999084472656,52.970001220703125,53.119998931884766,35.333717346191406,6608400,False,-0.02012778970944372,0.023906494217576513,0.23902392582026225,40,40,13
WMT,2002-09-13,53.119998931884766,54.970001220703125,52.650001525878906,54.400001525878906,36.18515396118164,8355200,False,0.023811249470074035,0.020990203745813063,0.20986602458016196,41,40,13
WMT,2002-09-16,54.5,55.25,54.0,54.75,36.41794967651367,5999800,True,0.006412852935250625,0.020911923407582883,0.20908335550338203,41,40,13
WMT,2002-09-17,55.900001525878906,55.91999816894531,54.25,54.2599983215332,36.09200668334961,8168200,False,-0.008990356771047266,0.01724205961544628,0.1723910139647719,43,40,13
WMT,2002-09-18,53.650001525878906,55.130001068115234,53.619998931884766,54.380001068115234,36.22190475463867,8193800,False,0.003592620241978183,0.016602306422283396,0.16599457965725165,43,40,13
WMT,2002-09-19,54.38999938964844,54.90999984741211,53.54999923706055,53.70000076293945,35.76898193359375,7162900,False,-0.012582948143196446,0.014406457298605567,0.14403985583728768,44,48,16
WMT,2002-09-20,53.709999084472656,54.900001525878906,53.560001373291016,54.70000076293945,36.43505859375,17149400,False,0.01845036788664647,0.012491306138668171,0.12489163006142691,45,48,16
WMT,2002-09-23,53.70000076293945,53.709999084472656,52.06999969482422,52.59999847412109,35.0362548828125,10312600,True,-0.039148080135324635,0.02136497481163822,0.21361309224395655,41,40,13
WMT,2002-09-24,51.900001525878906,52.400001525878906,50.869998931884766,51.4900016784668,34.29690933227539,11366700,False,-0.021328135976440784,0.02224064464292062,0.22236828817066,41,40,13
WMT,2002-09-25,52.29999923706055,52.61000061035156,51.13999938964844,52.040000915527344,34.66324996948242,9919800,False,0.01062480386215108,0.023516889459445058,0.23512854668356026,40,40,13
WMT,2002-09-26,52.5,53.720001220703125,52.08000183105469,53.709999084472656,35.775634765625,8175900,False,0.031587021515613684,0.02931934986276431,0.29314319543947426,38,40,13
WMT,2002-09-27,53.25,53.70000076293945,51.220001220703125,51.2400016784668,34.13037872314453,11146500,False,-0.04707920921372243,0.03339379686862592,0.33388067497219603,36,32,10
WMT,2002-09-30,51.25,51.25,48.09999847412109,49.2400016784668,32.798213958740234,17002700,True,-0.039813797915240264,0.03352484231438656,0.33519090459522227,36,32,10
WMT,2002-10-01,49.2400016784668,51.77999877929688,48.54999923706055,51.709999084472656,34.44345474243164,14143700,False,0.04894492501584494,0.04273226712170613,0.4272493554960795,32,32,10
WMT,2002-10-02,51.709999084472656,52.5099983215332,50.68000030517578,51.31999969482422,34.18368911743164,11489800,False,-0.007570382533813838,0.04246595615261598,0.42458670271472254,33,32,10
WMT,2002-10-03,51.33000183105469,52.13999938964844,50.20000076293945,51.09999847412109,34.03712463378906,11297300,False,-0.00429677399245627,0.038002162727081776,0.3799564269866562,34,32,10
WMT,2002-10-04,51.11000061035156,52.27999877929688,49.75,51.75,34.470088958740234,14745100,False,0.012640131364140182,0.0323908622205167,0.3238530492253821,37,40,13
WMT,2002-10-07,51.20000076293945,52.540000915527344,50.0,50.34999847412109,33.53757095336914,14430800,True,-0.02742562989152438,0.028652782059921222,0.28647866104095915,38,40,13
WMT,2002-10-08,50.95000076293945,53.45000076293945,50.7599983215332,52.59999847412109,35.0362548828125,16556200,False,0.04371704776544805,0.026648886561647045,0.2664431441403301,39,40,13
WMT,2002-10-09,52.61000061035156,52.61000061035156,50.70000076293945,50.7400016784668,33.797340393066406,13308400,False,-0.03600126636036298,0.03206178559989975,0.3205628476157417,37,40,13
WMT,2002-10-10,50.75,52.18999862670898,49.0,51.63999938964844,34.39680480957031,16921600,False,0.01758156382534304,0.0331896864366358,0.33183992084442104,36,32,10
WMT,2002-10-11,51.650001525878906,53.97999954223633,51.650001525878906,53.83000183105469,35.85554885864258,11479700,False,0.04153465832421871,0.037693180389235637,0.37686713372897696,34,32,10
WMT,2002-10-14,53.83000183105469,55.0,53.56999969482422,54.150001525878906,36.06870269775391,10187600,True,0.00592719308258446,0.032472535134747585,0.3246696382415288,37,40,13
WMT,2002-10-15,55.43999862670898,56.290000915527344,55.130001068115234,56.290000915527344,37.49415588378906,13852700,False,0.038759549703110886,0.03141795129102954,0.3141256091531156,37,40,13
WMT,2002-10-16,56.290000915527344,56.79999923706055,55.84999847412109,56.7599983215332,37.80719375610352,12927800,False,0.008314317794119926,0.016783506805329654,0.16780627260234304,43,40,13
WMT,2002-10-17,57.45000076293945,57.5,55.0,55.33000183105469,36.85469818115234,14925800,False,-0.025516290278599203,0.027522875928683504,0.2751815383077455,38,40,13
WMT,2002-10-18,55.0,56.5,54.79999923706055,56.27999877929688,37.48746871948242,11334200,False,0.01702360440137233,0.023190770168704772,0.23186791329879772,40,40,13
WMT,2002-10-21,56.290000915527344,56.72999954223633,55.18000030517578,56.400001525878906,37.5674057006836,9546000,True,0.00213009513488893,0.02337397294132244,0.23369962670410485,40,40,13
WMT,2002-10-22,56.40999984741211,56.40999984741211,54.79999923706055,56.09999847412109,37.367584228515625,10305500,False,-0.005333208051010457,0.016129984403489023,0.16127216983186707,43,40,13
WMT,2002-10-23,56.09999847412109,57.31999969482422,55.91999816894531,57.22999954223633,38.12025833129883,10213800,False,0.019942258821337967,0.018425237149720716,0.18422075933064355,42,40,13
WMT,2002-10-24,57.2400016784668,58.02000045776367,56.18000030517578,56.470001220703125,37.61402130126953,9814300,False,-0.013368967722727644,0.014283077674878743,0.14280627128235407,44,48,16
WMT,2002-10-25,56.47999954223633,57.4900016784668,56.15999984741211,57.33000183105469,38.1868782043457,7125200,False,0.01511506626600021,0.013870181812336789,0.13867802106207874,44,48,16
WMT,2002-10-28,57.43000030517578,57.4900016784668,55.68000030517578,56.06999969482422,37.34758377075195,7867600,True,-0.022223736157885754,0.018168225750709987,0.1816510862948148,42,40,13
WMT,2002-10-29,55.0,57.0,54.68000030517578,56.470001220703125,37.61402130126953,10419800,False,0.007108669891885434,0.018307609199236352,0.18304468163999277,42,40,13
WMT,2002-10-30,55.09000015258789,55.09999847412109,53.58000183105469,53.79999923706055,35.835567474365234,16972100,False,-0.04843598275412601,0.02516791711342414,0.2516359905563534,39,40,13
WMT,2002-10-31,53.54999923706055,54.40999984741211,52.650001525878906,53.54999923706055,35.66905212402344,11507000,False,-0.0046574795386028905,0.025381323143392785,0.25376968471546263,39,40,13
WMT,2002-11-01,53.59000015258789,54.790000915527344,52.68000030517578,54.54999923706055,36.33513641357422,8762800,False,0.01850179285211559,0.02626941473119825,0.26264907689539774,39,40,13
WMT,2002-11-04,54.560001373291016,54.77000045776367,53.20000076293945,53.45000076293945,35.60245132446289,10382900,True,-0.020370725475223717,0.026065095070027206,0.2606062308347879,39,40,13
WMT,2002-11-05,53.459999084472656,54.59999847412109,53.25,54.41999816894531,36.2485466003418,7564600,False,0.01798479379707836,0.028173584911951866,0.2816875117194791,38,40,13
WMT,2002-11-06,54.41999816894531,54.79999923706055,53.5,54.34000015258789,36.19526290893555,8477500,False,-0.001471035313459282,0.016466953621482046,0.16464128387394433,43,40,13
WMT,2002-11-07,54.34999847412109,54.88999938964844,53.54999923706055,54.0,35.968807220458984,7455600,False,-0.006276154640752162,0.016645440317277247,0.1664258446023965,43,40,13
WMT,2002-11-08,54.0,54.79999923706055,53.52000045776367,54.02999877929688,35.98876953125,7453000,False,0.000554835562959608,0.013801562012820548,0.13799194079785865,44,48,16
WMT,2002-11-11,54.040000915527344,54.040000915527344,53.0,53.0,35.302703857421875,5925200,True,-0.01924737478856139,0.013430180212673453,0.13427875997588393,44,48,16
WMT,2002-11-12,53.59999847412109,54.75,53.33000183105469,53.84999847412109,35.86888122558594,9371300,False,0.015910543827846776,0.012681640240757288,0.1267946445262315,44,48,16
WMT,2002-11-13,53.86000061035156,54.97999954223633,53.25,54.97999954223633,36.62156677246094,11655000,False,0.020767221581030695,0.01633372141953411,0.1633091904408612,43,40,13
WMT,2002-11-14,55.04999923706055,55.59999847412109,54.540000915527344,55.56999969482422,37.01454162597656,10737900,False,0.01067352940929399,0.015849696775292566,0.15846977443919125,43,40,13
WMT,2002-11-15,55.56999969482422,56.20000076293945,55.0,55.4900016784668,36.96125793457031,11539300,False,-0.001440571131032319,0.016036653124031117,0.16033901716569926,43,40,13
WMT,2002-11-18,55.25,55.5,53.52999877929688,53.68000030517578,35.755653381347656,9040200,True,-0.033161888041613054,0.02160802298192298,0.21604315694922743,41,40,13
WMT,2002-11-19,53.68999862670898,53.68999862670898,52.56999969482422,52.91999816894531,35.249420166015625,10348300,False,-0.014259313247002874,0.021151934915408444,0.2114830587940606,41,40,13
WMT,2002-11-20,53.04999923706055,54.5,53.0,54.400001525878906,36.2352294921875,7463400,False,0.0275827560489456,0.023223648876270427,0.2321966439644786,40,40,13
WMT,2002-11-21,54.400001525878906,54.79999923706055,53.810001373291016,53.95000076293945,35.93548583984375,8441400,False,-0.008306565189617456,0.022135154207711862,0.22131356480843875,41,40,13
WMT,2002-11-22,53.959999084472656,54.790000915527344,53.52000045776367,53.7599983215332,35.808929443359375,8124400,False,-0.003527982693895747,0.02204913406733825,0.22045351098939767,41,40,13
WMT,2002-11-25,53.45000076293945,54.09999847412109,53.02000045776367,53.81999969482422,35.848907470703125,9359900,True,0.0011158034686275914,0.016166866264931263,0.16164092516810544,43,40,13
WMT,2002-11-26,53.400001525878906,53.900001525878906,53.06999969482422,53.2400016784668,35.46257400512695,7896900,False,-0.01083520457732112,0.015440462194352942,0.15437813075328094,43,40,13
WMT,2002-11-27,53.25,55.0099983215332,53.25,54.84000015258789,36.5283203125,8288000,False,0.029609971718371163,0.016308455532948594,0.1630565749236701,43,40,13
WMT,2002-11-29,54.7400016784668,55.15999984741211,53.83000183105469,53.900001525878906,35.90217208862305,4420200,True,-0.01729006118173758,0.018073585262757035,0.18070484378990465,42,40,13
WMT,2002-12-02,55.959999084472656,56.7400016784668,54.25,54.380001068115234,36.22190475463867,13776600,True,0.008866242024274992,0.01834840787577783,0.18345259840714656,42,40,13
WMT,2002-12-03,54.380001068115234,54.380001068115234,53.54999923706055,53.93000030517578,35.922176361083984,7852000,False,-0.008309208833999783,0.018973124139110727,0.18969868921521701,42,40,13
WMT,2002-12-04,53.900001525878906,55.130001068115234,53.40999984741211,54.43999862670898,36.261863708496094,8449800,False,0.009411771759539148,0.018114731021723122,0.18111623078581549,42,40,13
WMT,2002-12-05,54.43999862670898,54.43999862670898,53.02000045776367,53.02000045776367,35.31603240966797,8258000,False,-0.026429565731265314,0.015857799425732396,0.15855078704187783,43,40,13
WMT,2002-12-06,52.75,53.4900016784668,52.02999877929688,53.040000915527344,35.32935333251953,8940400,False,0.00037712082309392765,0.014859021811093227,0.14856472449754496,44,48,16
WMT,2002-12-09,53.040000915527344,53.040000915527344,51.810001373291016,51.84999847412109,34.536705017089844,8087800,True,-0.0226914855457176,0.015143085057514034,0.1514048695946387,43,40,13
WMT,2002-12-10,51.86000061035156,52.59000015258789,51.54999923706055,52.4900016784668,34.9630012512207,6413000,False,0.012267723228398848,0.018070344688011143,0.18067244360229756,42,40,13
WMT,2002-12-11,51.79999923706055,52.4900016784668,51.630001068115234,52.0,34.636627197265625,5828200,False,-0.009378683580385652,0.016058410708066906,0.16055655567658536,43,40,13
WMT,2002-12-12,52.25,52.41999816894531,51.2599983215332,51.380001068115234,34.2236442565918,8668300,False,-0.011994953942840194,0.013228138650999664,0.1322586910017129,44,48,16
WMT,2002-12-13,51.380001068115234,51.380001068115234,50.36000061035156,50.540000915527344,33.66412353515625,10007300,False,-0.016484070966159073,0.01325465659907505,0.13252382498564166,44,48,16
WMT,2002-12-16,50.54999923706055,52.06999969482422,50.36000061035156,51.93999862670898,34.59664535522461,9138400,True,0.027324035551668208,0.018708699763509293,0.18705489913192,42,40,13
WMT,2002-12-17,51.84999847412109,51.86000061035156,50.84999847412109,50.93999862670898,33.930564880371094,7243200,False,-0.019440495249677336,0.019028983446873506,0.1902571864550693,42,40,13
WMT,2002-12-18,50.95000076293945,50.95000076293945,49.95000076293945,50.380001068115234,33.607025146484375,7738600,False,-0.009581100207020446,0.01903819527331239,0.19034928891473396,42,40,13
WMT,2002-12-19,50.130001068115234,51.20000076293945,50.0,50.15999984741211,33.460262298583984,7750800,False,-0.004376592158593696,0.018744584050108173,0.18741368043126322,42,40,13
WMT,2002-12-20,50.16999816894531,51.25,50.16999816894531,50.790000915527344,33.88052749633789,13003400,False,0.012481904515543601,0.018594850742338076,0.18591660425089426,42,40,13
WMT,2002-12-23,50.52999877929688,50.540000915527344,49.400001525878906,49.59000015258789,33.08005905151367,8539400,True,-0.02390978394601333,0.014269594834597873,0.14267146601204508,44,48,16
WMT,2002-12-24,49.29999923706055,49.869998931884766,49.2400016784668,49.70000076293945,33.15341567993164,4215600,False,0.0022150931597635167,0.013564292927010753,0.1356196570221662,44,48,16
WMT,2002-12-26,49.25,50.650001525878906,49.25,49.7599983215332,33.19343948364258,7309300,True,0.001206502055517299,0.013438056286732617,0.13435750720350076,44,48,16
WMT,2002-12-27,49.52999877929688,49.97999954223633,48.95000076293945,49.15999984741211,32.793216705322266,5689600,False,-0.01213056424358313,0.014141163754213933,0.14138737555732095,44,48,16
WMT,2002-12-30,49.15999984741211,50.75,49.150001525878906,50.63999938964844,33.78046798706055,7886000,True,0.029661079014467025,0.020020119151624962,0.20016684301174453,41,40,13
WMT,2002-12-31,50.59999847412109,50.619998931884766,49.75,50.5099983215332,33.69375991821289,7826300,False,-0.002570110670946405,0.015591009999215387,0.15588335050714128,43,40,13
WMT,2003-01-02,50.650001525878906,51.61000061035156,50.52000045776367,51.59999847412109,34.42083740234375,7545500,True,0.02134946485272197,0.017387462034566908,0.1738447886891488,43,40,13
WMT,2003-01-03,51.61000061035156,51.61000061035156,49.84999847412109,50.0,33.353538513183594,8389300,False,-0.03149825035658826,0.02488395445036914,0.2487968511203469,40,40,13
WMT,2003-01-06,50.20000076293945,50.54999923706055,49.66999816894531,50.18999862670898,33.48030090332031,7438400,True,0.0037933640577441047,0.023784036306076416,0.23779955680621487,40,40,13
WMT,2003-01-07,50.31999969482422,50.7599983215332,50.09999847412109,50.459999084472656,33.66039276123047,6669000,False,0.005364624045080498,0.019333763747942698,0.19330446655441066,42,40,13
WMT,2003-01-08,50.400001525878906,51.36000061035156,49.86000061035156,49.9900016784668,33.34687042236328,7796900,False,-0.009357929630888419,0.019731065884690247,0.19727680627088645,42,40,13
WMT,2003-01-09,50.75,52.0,50.75,51.91999816894531,34.634315490722656,9884800,False,0.037881040216686195,0.025249787670995522,0.2524545556668085,39,40,13
WMT,2003-01-10,51.91999816894531,52.0,51.209999084472656,51.619998931884766,34.434181213378906,7426600,False,-0.00579525679635594,0.018681250463997955,0.18678045323155068,42,40,13
WMT,2003-01-13,51.619998931884766,52.18000030517578,51.0,51.27999877929688,34.20738983154297,6920800,True,-0.006608013296779709,0.019597561352062056,0.1959419899982383,42,40,13
WMT,2003-01-14,51.0,51.540000915527344,50.70000076293945,51.40999984741211,34.29409408569336,6759600,False,0.0025314575829398596,0.019599929779556775,0.19596567020967612,42,40,13
WMT,2003-01-15,51.45000076293945,51.68000030517578,50.52999877929688,50.59000015258789,33.74711227416992,6503500,False,-0.016078303844875377,0.020908579531787663,0.2090499224825152,41,40,13
WMT,2003-01-16,51.09999847412109,51.22999954223633,49.97999954223633,50.29999923706055,33.55365753173828,8086900,False,-0.005748976595889328,0.006600287990039634,0.06599155579088213,47,48,16
WMT,2003-01-17,50.29999923706055,50.43000030517578,49.70000076293945,49.970001220703125,33.333518981933594,8661200,False,-0.0065824080526944015,0.0065934358813479355,0.06592304646012326,47,48,16
WMT,2003-01-21,50.06999969482422,50.290000915527344,48.97999954223633,49.0099983215332,32.69314193725586,7827400,True,-0.019398137544413295,0.008769218776396708,0.08767714242141113,46,48,16
WMT,2003-01-22,49.02000045776367,49.59000015258789,47.75,48.06999969482422,32.06609344482422,11097600,False,-0.019366136315324967,0.006777857599019826,0.0677669472246294,47,48,16
WMT,2003-01-23,48.06999969482422,48.7599983215332,47.34000015258789,48.56999969482422,32.399620056152344,10896500,False,0.010347503164819314,0.012274996869798868,0.12272890849439605,45,48,16
WMT,2003-01-24,48.400001525878906,48.68999862670898,47.18999862670898,47.29999923706055,31.55244827270508,8425500,False,-0.02649551032226304,0.014555296321020398,0.14552799069842876,44,48,16
WMT,2003-01-27,47.04999923706055,48.310001373291016,46.91999816894531,47.09999847412109,31.41902732849121,11255800,True,-0.004237510478759911,0.014820887230642931,0.14818344412051515,44,48,16
WMT,2003-01-28,47.09999847412109,48.29999923706055,47.09999847412109,48.18000030517578,32.139461517333984,9656900,False,0.022670930619150223,0.02035747708491477,0.2035398435398711,41,40,13
WMT,2003-01-29,48.18000030517578,48.52999877929688,47.34000015258789,48.09999847412109,32.086116790771484,8967300,False,-0.0016611680341300657,0.018328202462771788,0.1832505789434992,42,40,13
WMT,2003-01-30,48.11000061035156,49.09000015258789,47.5,47.56999969482422,31.732561111450195,8250400,False,-0.011080119741650749,0.01783894674070062,0.17835886113848962,42,40,13
WMT,2003-01-31,47.20000076293945,48.45000076293945,47.150001525878906,47.79999923706055,31.88597679138184,8744500,False,0.004822996012673909,0.01283163891035538,0.12829437386959933,44,48,16
WMT,2003-02-03,47.77000045776367,48.4900016784668,47.709999084472656,48.06999969482422,32.06609344482422,7407600,True,0.005632878780160164,0.012363013143003632,0.12360892021698495,45,48,16
WMT,2003-02-04,48.08000183105469,49.209999084472656,47.0,47.150001525878906,31.45238304138184,8018400,False,-0.019324440245893606,0.01073028408430894,0.10728443090214852,45,48,16
WMT,2003-02-05,47.59999847412109,47.77000045776367,46.650001525878906,46.7400016784668,31.17890167236328,7409600,False,-0.008733115036893276,0.010757925259305016,0.10756079522816457,45,48,16
WMT,2003-02-06,48.5,48.5,46.43999862670898,46.790000915527344,31.21223831176757,8363600,False,0.0010686338664509778,0.01062032903403334,0.10618506904919582,45,48,16
WMT,2003-02-07,47.5,47.59999847412109,46.75,46.790000915527344,31.21223831176757,8193100,False,0.0,0.009891365923642736,0.0988966886267913,46,48,16
WMT,2003-02-10,46.79999923706055,47.09999847412109,46.25,47.02000045776367,31.36567497253418,7758300,True,0.004903869758509821,0.009712637446490953,0.09710971049959742,46,48,16
WMT,2003-02-11,47.150001525878906,47.619998931884766,47.02000045776367,47.25,31.519102096557617,7643300,False,0.004879636554666858,0.0055760652478048026,0.05575108562678035,47,48,16
WMT,2003-02-12,47.41999816894531,48.11000061035156,47.34000015258789,47.84999847412109,31.919340133666992,7739000,False,0.012618322064179207,0.004951017622225857,0.049501681764767394,48,48,16
WMT,2003-02-13,47.650001525878906,47.95000076293945,47.15999984741211,47.63999938964844,31.77925491333008,8022300,False,-0.004398384173832257,0.006356135341781403,0.06355044820082863,47,48,16
WMT,2003-02-14,47.63999938964844,49.15999984741211,47.31999969482422,49.150001525878906,32.786521911621094,8735900,False,0.03120379792188237,0.01337752869369055,0.13375233512022938,44,48,16
WMT,2003-02-18,49.650001525878906,49.790000915527344,48.77000045776367,49.08000183105469,32.739845275878906,9132900,True,-0.0014246675236398451,0.014233487840803371,0.1423104580228442,44,48,16
WMT,2003-02-19,49.06999969482422,49.31999969482422,48.310001373291016,48.77000045776367,32.53303146362305,5523200,False,-0.006336920162361791,0.015763349498990345,0.15760644982213096,43,40,13
WMT,2003-02-20,48.77000045776367,48.880001068115234,47.970001220703125,48.08000183105469,32.0727653503418,6124100,False,-0.014248687365039262,0.017561573416050146,0.17558560378120508,42,40,13
WMT,2003-02-21,48.45000076293945,49.130001068115234,47.900001525878906,48.900001525878906,32.6197624206543,7836800,False,0.016911075363829263,0.01849718080705659,0.18494007247031943,42,40,13
WMT,2003-02-24,48.70000076293945,48.93999862670898,47.63999938964844,47.63999938964844,31.77925491333008,6894800,True,-0.02610459823467076,0.015952354405607733,0.159496174612718,43,40,13
WMT,2003-02-25,47.27999877929688,48.5099983215332,46.7599983215332,48.43000030517578,32.30624008178711,10072500,False,0.016446687266226112,0.019010253034775906,0.19006991446984833,42,40,13
WMT,2003-02-26,48.43000030517578,48.560001373291016,47.79999923706055,47.83000183105469,31.905994415283203,6941600,False,-0.0124664981139352,0.019497516860535722,0.19494171672923952,42,40,13
WMT,2003-02-27,48.04999923706055,48.5,47.650001525878906,48.15999984741211,32.12613296508789,7377800,False,0.006875905147015183,0.01897410642857979,0.1897085104245943,42,40,13
WMT,2003-02-28,48.29999923706055,48.75,47.720001220703125,48.060001373291016,32.059425354003906,7850500,False,-0.002078587048195638,0.01657490667823304,0.16572062922646988,43,40,13
WMT,2003-03-03,48.59999847412109,48.68000030517578,47.77000045776367,47.790000915527344,31.87931251525879,6663400,True,-0.005633934017584347,0.011261333124291551,0.11259401018150607,45,48,16
WMT,2003-03-04,48.0,48.0,46.900001525878906,46.900001525878906,31.285627365112305,6468100,False,-0.01879848645020945,0.009823873034001998,0.09822187552788773,46,48,16
WMT,2003-03-05,46.90999984741211,47.880001068115234,46.79999923706055,47.880001068115234,31.939350128173828,7945100,False,0.020679993462097843,0.014698355955293084,0.14695834159384058,44,48,16
WMT,2003-03-06,47.45000076293945,48.52000045776367,47.09999847412109,47.400001525878906,31.61916160583496,9160400,False,-0.01007547918501489,0.014731080530788783,0.14728553120326615,44,48,16
WMT,2003-03-07,46.900001525878906,48.20000076293945,46.59999847412109,48.119998931884766,32.09944534301758,9182800,False,0.015075434202636252,0.01689126376935127,0.16888365736401098,43,40,13
WMT,2003-03-10,47.790000915527344,48.2400016784668,47.04999923706055,47.130001068115234,31.43905067443848,6350800,True,-0.020787978681214743,0.019386148638851766,0.19382822558678045,42,40,13
WMT,2003-03-11,47.400001525878906,47.90999984741211,46.79999923706055,46.79999923706055,31.21891593933105,6988800,False,-0.007026581063082984,0.017585844540671358,0.17582827338546556,42,40,13
WMT,2003-03-12,46.810001373291016,47.5,46.5,47.5,31.68587303161621,8465800,False,0.014846744654674181,0.015953254874069588,0.15950517775240342,43,40,13
WMT,2003-03-13,48.5,49.56999969482422,48.209999084472656,49.54999923706055,33.05336380004883,10811900,False,0.042252404379228475,0.024087915960628717,0.24083783198562592,40,40,13
WMT,2003-03-14,49.5,50.209999084472656,49.040000915527344,49.36000061035156,32.92662811279297,8820000,False,-0.00384164470009278,0.024354126703078585,0.2434994826725389,40,40,13
WMT,2003-03-17,49.5,51.97999954223633,49.36000061035156,51.970001220703125,34.667667388916016,12380400,True,0.05152578150210356,0.026521001451202966,0.2651645124482844,39,40,13
WMT,2003-03-18,51.709999084472656,52.41999816894531,51.4900016784668,52.25,34.85444259643555,10765100,False,0.005373129696921643,0.02386073784589784,0.23856644060765061,40,40,13
WMT,2003-03-19,52.560001373291016,53.09000015258789,52.02999877929688,53.04999923706055,35.449180603027344,8942800,False,0.01691953180947852,0.02372231207872338,0.23718242043289847,40,40,13
WMT,2003-03-20,52.720001220703125,53.34000015258789,52.20000076293945,53.11000061035156,35.48926544189453,7912700,False,0.0011301302852941384,0.022219606254678913,0.22215794038379102,41,40,13
WMT,2003-03-21,53.31999969482422,54.86000061035156,52.900001525878906,54.66999816894531,36.53169631958008,12771200,False,0.0289500072349684,0.020312830581816935,0.20309345510886706,41,40,13
WMT,2003-03-24,54.36000061035156,54.36000061035156,52.52000045776367,52.52000045776367,35.09500503540039,8444700,True,-0.04012146240973049,0.026144951180263786,0.2614046549280809,39,40,13
WMT,2003-03-25,52.619998931884766,53.75,52.56999969482422,53.470001220703125,35.729835510253906,7462100,False,0.01792725467593957,0.027081851354422808,0.27077204923069387,39,40,13
WMT,2003-03-26,53.310001373291016,53.970001220703125,53.16999816894531,53.33000183105469,35.63627624511719,6638100,False,-0.002621953653753129,0.02632409101704723,0.2631957459458219,39,40,13
WMT,2003-03-27,53.0,53.900001525878906,52.869998931884766,53.540000915527344,35.77659225463867,6972600,False,0.003929717235575169,0.02635590177555801,0.2635137989532335,39,40,13
WMT,2003-03-28,53.02999877929688,53.52000045776367,52.68000030517578,53.130001068115234,35.50262451171875,6132000,False,-0.007687208263015649,0.021501383519659436,0.21497694528784322,41,40,13
WMT,2003-03-31,51.66999816894531,52.959999084472656,51.66999816894531,52.02999877929688,34.76758575439453,8518000,True,-0.020921114778439418,0.014343275642858044,0.14340814768053528,44,48,16
WMT,2003-04-01,52.09999847412109,52.59999847412109,51.52000045776367,52.41999816894531,35.02817916870117,8706200,False,0.0074673477828129785,0.011137701275303568,0.11135790380670356,45,48,16
WMT,2003-04-02,53.02999877929688,54.369998931884766,52.79999923706055,54.06999969482422,36.1307487487793,8333000,False,0.030991412025651647,0.019303362824838285,0.19300050948220918,42,40,13
WMT,2003-04-03,53.79999923706055,54.56999969482422,53.79999923706055,54.04999923706055,36.11739730834961,7014500,False,-0.00036959953466812116,0.01933374294850589,0.19330425859572817,42,40,13
WMT,2003-04-04,53.79999923706055,54.709999084472656,53.79999923706055,54.59999847412109,36.48490524291992,6139400,False,0.01012395091088602,0.018758880018008895,0.18755661558268827,42,40,13
WMT,2003-04-07,55.709999084472656,55.709999084472656,54.27999877929688,54.31999969482422,36.29782104492188,8551000,True,-0.0051409069040404595,0.013912636842027783,0.13910249851892376,44,48,16
WMT,2003-04-08,54.400001525878906,54.84999847412109,54.18999862670898,54.560001373291016,36.45820236206055,6622900,False,0.004408750489843517,0.014042318728140095,0.14039909488492508,44,48,16
WMT,2003-04-09,54.54999923706055,55.060001373291016,53.5099983215332,53.70000076293945,35.883522033691406,7519100,False,-0.015888269801112975,0.009893249100693939,0.09891551716633777,46,48,16
WMT,2003-04-10,53.540000915527344,54.58000183105469,53.22999954223633,54.58000183105469,36.47153091430664,8751900,False,0.016253787452027234,0.01270769533061786,0.12705515072213766,44,48,16
WMT,2003-04-11,54.09999847412109,54.45000076293945,52.970001220703125,52.97999954223633,35.402400970458984,10802600,False,-0.02975233943517104,0.017792272626116337,0.17789220007139273,42,40,13
WMT,2003-04-14,52.97999954223633,54.20000076293945,52.61000061035156,52.650001525878906,35.181888580322266,7625500,True,-0.006248220643567337,0.017785425958685052,0.17782374514390242,42,40,13
WMT,2003-04-15,54.29999923706055,55.47999954223633,54.06999969482422,55.290000915527344,36.945987701416016,8849200,False,0.04892563303592231,0.030819045633780986,0.30813758012264963,37,40,13
WMT,2003-04-16,55.290000915527344,55.4900016784668,54.47999954223633,54.540000915527344,36.44482421875,7462100,False,-0.013657602626340873,0.030497923529497567,0.30492691002878647,37,40,13
WMT,2003-04-17,54.540000915527344,55.5,54.369998931884766,55.40999984741211,37.02616500854492,7225800,False,0.015825373485759017,0.03045231230797756,0.3044708760687274,37,40,13
WMT,2003-04-21,55.41999816894531,55.45000076293945,54.77000045776367,54.97999954223633,36.73884582519531,6671600,True,-0.0077901604876357425,0.02576723715618448,0.2576281627309762,39,40,13
WMT,2003-04-22,54.47999954223633,56.0,54.400001525878906,55.9900016784668,37.41374206542969,8804800,False,0.018203407209163833,0.024830058114376195,0.24825798023032364,40,40,13
WMT,2003-04-23,55.400001525878906,55.97999954223633,55.400001525878906,55.97999954223633,37.40706634521485,6521300,False,-0.00017844555209592947,0.014127015556527362,0.14124591785450819,44,48,16
WMT,2003-04-24,55.97999954223633,55.97999954223633,54.77999877929688,55.11000061035156,36.82570266723633,6492900,False,-0.01566358286303577,0.014716104504532103,0.1471357966350572,44,48,16
WMT,2003-04-25,55.11000061035156,55.47999954223633,54.2599983215332,55.0,36.75221252441406,7411300,False,-0.001997614829644482,0.0125537892418139,0.1255163538906676,44,48,16
WMT,2003-04-28,55.0,56.40999984741211,54.5,56.09000015258789,37.4805793762207,9186800,True,0.0196244869351364,0.014882444545633191,0.14879891165657524,44,48,16
WMT,2003-04-29,56.09000015258789,57.02000045776367,56.040000915527344,56.58000183105469,37.80799865722656,8434500,False,0.008697769401251174,0.01311644750407738,0.13114197116091314,44,48,16
WMT,2003-04-30,57.5099983215332,57.5099983215332,55.88999938964844,56.31999969482422,37.63426208496094,12546800,False,-0.004605823783328365,0.013453534963158341,0.13451226741100364,44,48,16
WMT,2003-05-01,56.31999969482422,56.31999969482422,55.130001068115234,55.93999862670898,37.38034439086914,8090500,False,-0.006769845921782778,0.011035309465244508,0.11033416137967027,45,48,16
WMT,2003-05-02,55.150001525878906,56.40999984741211,55.13999938964844,56.150001525878906,37.52066040039063,7184600,False,0.0037467100490020918,0.01067955332919091,0.1067772103896895,45,48,16
WMT,2003-05-05,56.150001525878906,56.150001525878906,55.5,55.58000183105469,37.13977813720703,7315700,True,-0.010203143054690772,0.007812655989944964,0.07811315573100115,46,48,16
WMT,2003-05-06,55.58000183105469,56.2400016784668,55.54999923706055,55.90999984741211,37.36028289794922,7562200,False,0.00591960332872652,0.0069254343939103725,0.06924246197613051,47,48,16
WMT,2003-05-07,55.90999984741211,55.959999084472656,54.97999954223633,55.08000183105469,36.8056640625,8209100,False,-0.014956437473813249,0.008994168429206155,0.08992625300354273,46,48,16
WMT,2003-05-08,54.630001068115234,55.45000076293945,54.630001068115234,55.0099983215332,36.75889205932617,9161400,False,-0.0012715908840305538,0.008976128623385596,0.08974588589621944,46,48,16
WMT,2003-05-09,55.45000076293945,55.810001373291016,54.45000076293945,55.79999923706055,37.28677368164063,6498600,False,0.014258513592261822,0.011831555992495897,0.11829526053257113,45,48,16
WMT,2003-05-12,55.709999084472656,56.95000076293945,55.43000030517578,56.70000076293945,37.88817596435547,7552500,True,0.016000412798933463,0.012649778530978798,0.1264760820935599,44,48,16
WMT,2003-05-13,55.7599983215332,56.31999969482422,55.47999954223633,55.4900016784668,37.079627990722656,9215700,False,-0.021571375545569246,0.016871446793228502,0.16868552160275543,43,40,13
WMT,2003-05-14,55.880001068115234,55.97999954223633,53.900001525878906,53.900001525878906,36.01715087890625,12075300,False,-0.029072469724395082,0.020479668080537514,0.20476154385309234,41,40,13
WMT,2003-05-15,53.84999847412109,54.38999938964844,53.43000030517578,53.7599983215332,35.92361068725586,11579800,False,-0.0026004796815533118,0.02043861506792744,0.2043510841616168,41,40,13
WMT,2003-05-16,53.09999847412109,54.04999923706055,52.91999816894531,52.91999816894531,35.3623046875,10481600,False,-0.015748345169346128,0.017746006251213472,0.1774296157015513,42,40,13
WMT,2003-05-19,52.63999938964844,53.5,52.209999084472656,52.470001220703125,35.06159973144531,8629200,True,-0.008539906614608747,0.010440013444540442,0.10438222252159833,45,48,16
WMT,2003-05-20,52.47999954223633,53.25,52.47999954223633,52.810001373291016,35.28880310058594,9557300,False,0.0064592141603036475,0.013458672618446488,0.1345636351492135,44,48,16
WMT,2003-05-21,52.79999923706055,53.20000076293945,52.56999969482422,52.59000015258789,35.14178466796875,6937700,False,-0.004174852171816523,0.008151360528864445,0.08149962000505409,46,48,16
WMT,2003-05-22,52.650001525878906,53.2400016784668,52.58000183105469,52.900001525878906,35.34894561767578,7459200,False,0.005877696124631284,0.009521393097335335,0.09519759512583809,46,48,16
WMT,2003-05-23,52.75,52.75,52.0,52.0,34.74755096435547,7154000,False,-0.017159471276508718,0.00999454967013404,0.09992834905942226,46,48,16
WMT,2003-05-27,52.0,52.59999847412109,51.630001068115234,52.5,35.08163070678711,15886800,True,0.00956855811240873,0.010950315834349415,0.10948437089423275,45,48,16
WMT,2003-05-28,52.59999847412109,53.79999923706055,52.59999847412109,53.34999847412109,35.64963912963867,10737300,False,0.016061372424505664,0.012992785745702812,0.1299055657435603,44,48,16
WMT,2003-05-29,53.34999847412109,53.93999862670898,52.560001373291016,52.810001373291016,35.28880310058594,8332800,False,-0.010173303213220257,0.01395107500220743,0.13948681417239556,44,48,16
WMT,2003-05-30,52.709999084472656,53.52000045776367,52.56999969482422,52.61000061035156,35.155147552490234,11122700,False,-0.003794668164909076,0.013746122360974536,0.13743763939717063,44,48,16
WMT,2003-06-02,52.959999084472656,53.43999862670898,52.400001525878906,52.459999084472656,35.05491256713867,9538600,True,-0.0028552903466950133,0.010724525550226873,0.10722685544124078,45,48,16
WMT,2003-06-03,52.66999816894531,52.84999847412109,52.119998931884766,52.84999847412109,35.315521240234375,7396300,False,0.007406799998956223,0.01036877150942272,0.10366992540015964,45,48,16
WMT,2003-06-04,52.970001220703125,53.9900016784668,52.970001220703125,53.86000061035156,35.99043655395508,9043700,False,0.018930689393110427,0.011414638290545696,0.1141267988184804,45,48,16
WMT,2003-06-05,53.09999847412109,55.2599983215332,53.09999847412109,54.619998931884766,36.498268127441406,10604400,False,0.014011559013944814,0.010062081427662782,0.10060355077052024,45,48,16
WMT,2003-06-06,54.959999084472656,55.310001373291016,53.619998931884766,53.619998931884766,35.83006286621094,9471700,False,-0.01847752501505242,0.014889624432228764,0.14887069820400453,44,48,16
WMT,2003-06-09,53.95000076293945,54.2599983215332,53.59999847412109,53.790000915527344,35.94365692138672,5980000,True,0.0031653410289207667,0.01445358840945388,0.14451108608295674,44,48,16
WMT,2003-06-10,54.400001525878906,54.900001525878906,54.29999923706055,54.7599983215332,36.591835021972656,8273500,False,0.017872501775057448,0.01560026425906288,0.155975877228089,43,40,13
WMT,2003-06-11,54.7599983215332,55.38999938964844,53.4900016784668,55.38999938964844,37.012813568115234,9185300,False,0.011439036655198602,0.014501014837416087,0.14498526899308933,44,48,16
WMT,2003-06-12,55.58000183105469,55.59000015258789,54.459999084472656,55.02999877929688,36.77225112915039,7138300,False,-0.006520650007468047,0.014431292962858479,0.14428816986928492,44,48,16
WMT,2003-06-13,55.0099983215332,55.18999862670898,53.959999084472656,54.08000183105469,36.13743591308594,8265500,False,-0.017414181413825832,0.014066596399138426,0.14064182994172514,44,48,16
WMT,2003-06-16,54.470001220703125,55.25,54.20000076293945,55.25,36.91926193237305,8703700,True,0.021404084515040497,0.016663906693273695,0.1666104766796125,43,40,13
WMT,2003-06-17,54.38999938964844,55.380001068115234,54.38999938964844,55.060001373291016,36.79228973388672,6721200,False,-0.0034451133153517526,0.015335078502947186,0.15332447464594942,43,40,13
WMT,2003-06-18,54.84999847412109,55.2400016784668,54.619998931884766,55.2400016784668,36.97303009033203,5705600,False,0.004900425255932397,0.014487573003543844,0.14485087371651192,44,48,16
WMT,2003-06-19,55.25,55.34000015258789,54.31999969482422,54.4900016784668,36.47103500366211,6175100,False,-0.013670346369627837,0.015577382117021562,0.15574709506655102,43,40,13
WMT,2003-06-20,54.75,54.810001373291016,53.79999923706055,54.2599983215332,36.31707382202149,12928500,False,-0.004230400095168369,0.013170751879221763,0.13168492174237828,44,48,16
WMT,2003-06-23,54.04999923706055,54.20000076293945,52.66999816894531,53.7400016784668,35.96905517578125,6252300,True,-0.009628993556944363,0.007024955253294428,0.07023749982210184,47,48,16
WMT,2003-06-24,54.0,54.97999954223633,53.95000076293945,54.59999847412109,36.54463577270508,7409200,False,0.015875420984019784,0.011878681688388027,0.11876643663796876,45,48,16
WMT,2003-06-25,54.75,55.36000061035156,54.09000015258789,54.18000030517578,36.26353073120117,8544300,False,-0.007721838133910605,0.011554878341946078,0.11552895872272556,45,48,16
WMT,2003-06-26,53.79999923706055,54.400001525878906,53.79999923706055,54.38999938964844,36.40409851074219,5681600,False,0.0038687915468533724,0.010447035435415414,0.10445243038272319,45,48,16
WMT,2003-06-27,54.5,54.77000045776367,53.5099983215332,53.79999923706055,36.00918960571289,5706800,False,-0.010907192046716323,0.011443455363548967,0.11441492010708099,45,48,16
WMT,2003-06-30,54.0,54.56999969482422,53.66999816894531,53.66999816894531,35.92218399047852,7895300,True,-0.0024191296041111863,0.010619584435330436,0.10617762433967426,45,48,16
WMT,2003-07-01,53.5,54.4900016784668,53.0,54.34999847412109,36.37733459472656,7440500,False,0.01259086162812575,0.009403885852957478,0.09402272428915696,46,48,16
WMT,2003-07-02,54.7599983215332,55.75,54.7599983215332,55.72999954223633,37.30099487304688,10044600,False,0.02507409376327138,0.013855457234762029,0.13853080054927866,44,48,16
WMT,2003-07-03,55.5,56.150001525878906,54.95000076293945,54.959999084472656,36.785606384277344,4868900,False,-0.01391336069249176,0.01646134368078257,0.16458519409192093,43,40,13
WMT,2003-07-07,55.59999847412109,56.65999984741211,55.540000915527344,56.54999923706055,37.84981536865234,10770300,True,0.028519464095491706,0.018048480766287466,0.1804538418969761,42,40,13
WMT,2003-07-08,56.5,56.77000045776367,56.25,56.70000076293945,37.95021438598633,7175300,False,0.0026490510985614753,0.017305744640387657,0.17302775494983266,43,40,13
WMT,2003-07-09,56.70000076293945,56.70000076293945,55.65999984741211,55.7599983215332,37.321048736572266,7307300,False,-0.016717676216644252,0.021159863310960817,0.2115623291468416,41,40,13
WMT,2003-07-10,55.22999954223633,55.9900016784668,54.720001220703125,55.630001068115234,37.23404693603516,7519400,False,-0.0023338938604855267,0.018015557489491883,0.18012466561546336,42,40,13
WMT,2003-07-11,55.75,57.02000045776367,55.470001220703125,56.52999877929688,37.83643341064453,7126600,False,0.016048902347724974,0.017350859752040027,0.17347882866239067,43,40,13
WMT,2003-07-14,57.29999923706055,57.70000076293945,55.880001068115234,56.650001525878906,37.91674041748047,9021600,True,0.002120228971588364,0.011762054284707698,0.11760036269872085,45,48,16
WMT,2003-07-15,57.08000183105469,57.70000076293945,56.93999862670898,57.31999969482422,38.36516952514648,7759800,False,0.011757290127257508,0.012860518931699146,0.12858312453360443,44,48,16
WMT,2003-07-16,57.22999954223633,57.5,56.34000015258789,56.650001525878906,37.91674041748047,6482300,False,-0.011757290127257522,0.011111103581646579,0.11109197250377818,45,48,16
WMT,2003-07-17,56.59999847412109,57.08000183105469,55.709999084472656,55.79999923706055,37.34782791137695,6294300,False,-0.01511795933292079,0.0138313154112826,0.1382894237345941,44,48,16
WMT,2003-07-18,56.400001525878906,57.06999969482422,55.959999084472656,57.0,38.1510124206543,6635200,False,0.021277540367749568,0.01539917595936201,0.15396533923813627,43,40,13
WMT,2003-07-21,56.84999847412109,56.959999084472656,55.72999954223633,55.959999084472656,37.45491409301758,6151900,True,-0.018414376480269976,0.017796119096879507,0.17793065817963719,42,40,13
WMT,2003-07-22,56.04999923706055,57.119998931884766,56.02999877929688,56.900001525878906,38.08407211303711,6536900,False,0.016658221155441456,0.018876506684744464,0.18873268043805363,42,40,13
WMT,2003-07-23,56.91999816894531,56.97999954223633,55.970001220703125,56.5,37.81633758544922,5202600,False,-0.0070549194430341335,0.018345556793527833,0.18342409247624644,42,40,13
WMT,2003-07-24,57.0,57.0,55.59999847412109,55.630001068115234,37.23404693603516,7419000,False,-0.015517637586279425,0.018425704544403728,0.18422543247556494,42,40,13
WMT,2003-07-25,55.52000045776367,56.290000915527344,55.0,56.18999862670898,37.60886001586914,6218100,False,0.010016078439177374,0.015544340507163133,0.1554167356574338,43,40,13
WMT,2003-07-28,56.18999862670898,56.459999084472656,55.5,56.15999984741211,37.58877182006836,6179900,True,-0.0005342773645441042,0.012904720208907164,0.12902506146958403,44,48,16
WMT,2003-07-29,56.15999984741211,56.27999877929688,55.25,55.4900016784668,37.14034271240234,7553600,False,-0.012001600528615592,0.010115450912840484,0.10113715405630866,45,48,16
WMT,2003-07-30,55.75,56.02000045776367,55.369998931884766,55.900001525878906,37.41474914550781,5359900,False,0.00736120539534268,0.011366988734432155,0.11365038500965527,45,48,16
WMT,2003-07-31,56.25,57.25,55.90999984741211,55.90999984741211,37.42144775390625,8921300,False,0.0001790205460422463,0.008570649795315067,0.08569179329525746,46,48,16
WMT,2003-08-01,55.720001220703125,56.0,55.20000076293945,55.27000045776367,36.99308013916016,6373400,False,-0.011513137518304361,0.008315461056684884,0.08314034373609702,46,48,16
WMT,2003-08-04,54.77999877929688,56.09999847412109,54.77999877929688,55.83000183105469,37.36790084838867,6595600,True,0.010081197926159127,0.01031375859247268,0.10311989061628259,45,48,16
WMT,2003-08-05,55.400001525878906,55.95000076293945,55.2400016784668,55.29999923706055,37.01316452026367,7424700,False,-0.009538422605265124,0.009708638153981352,0.09706972443608479,46,48,16
WMT,2003-08-06,55.0099983215332,56.2400016784668,55.0099983215332,55.7400016784668,37.30765914916992,6342800,False,0.00792499748227031,0.009828006418002256,0.09826320227624627,46,48,16
WMT,2003-08-07,56.47999954223633,57.5,56.27999877929688,57.0,38.1510124206543,13387900,False,0.02235365058187971,0.014257398883972832,0.14254952743037866,44,48,16
WMT,2003-08-08,57.31999969482422,57.790000915527344,57.15999984741211,57.77000045776367,38.666385650634766,6622600,False,0.013418339483552911,0.011658943429999772,0.11656943105886329,45,48,16
WMT,2003-08-11,57.880001068115234,58.29999923706055,57.27999877929688,57.70000076293945,38.619537353515625,7043200,True,-0.0012123372804802,0.012428833392300085,0.12426700978219354,45,48,16
WMT,2003-08-12,58.04999923706055,58.79999923706055,57.900001525878906,58.79999923706055,39.35577774047852,6869900,False,0.018884496100844674,0.009319370196022567,0.09317771272326168,46,48,16
WMT,2003-08-13,58.5,58.650001525878906,57.84999847412109,58.06999969482422,38.86717224121094,9404700,False,-0.012492800491153358,0.014650076454928327,0.14647562942329823,44,48,16
WMT,2003-08-14,58.06999969482422,58.47999954223633,57.75,57.93000030517578,38.77347946166992,6681400,False,-0.0024134991905896933,0.01272453510552237,0.12722351957919267,44,48,16
WMT,2003-08-15,58.04999923706055,58.18000030517578,57.75,58.09999847412109,38.88725280761719,3235400,False,0.002930011706503088,0.011424593830664001,0.1142263371389502,45,48,16
WMT,2003-08-18,58.5,59.150001525878906,58.380001068115234,58.91999816894531,39.43608856201172,6811600,True,0.014014844824173353,0.012609175731740226,0.1260701237633686,44,48,16
WMT,2003-08-19,59.04999923706055,59.04999923706055,58.400001525878906,58.880001068115234,39.40930938720703,5327000,False,-0.0006792831675895934,0.009578462652407506,0.09576819276236384,46,48,16
WMT,2003-08-20,58.45000076293945,59.09999847412109,58.40999984741211,58.77999877929688,39.34239959716797,3941900,False,-0.0016992597875536974,0.006794051669314847,0.06792886014342447,47,48,16
WMT,2003-08-21,58.7599983215332,59.43000030517578,58.709999084472656,59.18999862670898,39.6168212890625,5906400,False,0.006951000623767992,0.006404435984039008,0.06403337175402635,47,48,16
WMT,2003-08-22,59.43999862670898,59.47999954223633,58.38999938964844,58.400001525878906,39.08805847167969,6936500,False,-0.013436797681027452,0.010287409617127959,0.10285644606975405,45,48,16
WMT,2003-08-25,58.400001525878906,59.09999847412109,58.33000183105469,59.09999847412109,39.55656051635742,6045400,True,0.011914549092739743,0.009647649662436109,0.09645994415854489,46,48,16
WMT,2003-08-26,58.72999954223633,59.34999847412109,58.369998931884766,59.09999847412109,39.55656051635742,6746000,False,0.0,0.009629720699687101,0.09628068529176373,46,48,16
WMT,2003-08-27,59.25,59.369998931884766,59.09999847412109,59.11000061035156,39.563270568847656,4992700,False,0.00016961746288598133,0.009547000098872282,0.09545362120729282,46,48,16
WMT,2003-08-28,59.25,59.45000076293945,58.86000061035156,59.29999923706055,39.69045639038086,4802800,False,0.0032095886363025044,0.00911241711982498,0.0911085370305347,46,48,16
WMT,2003-08-29,59.04999923706055,59.31999969482422,58.709999084472656,59.16999816894531,39.60342788696289,5177400,False,-0.0021950882884865866,0.005540534880453774,0.05539584291269661,47,48,16
WMT,2003-09-02,58.959999084472656,59.95000076293945,58.91999816894531,59.91999816894531,40.10541915893555,6733800,True,0.012595788986187212,0.0058272072172401495,0.05826207443703152,47,48,16
WMT,2003-09-03,59.95000076293945,60.09999847412109,59.36000061035156,59.97999954223633,40.14556884765625,7628000,False,0.0010006030596719112,0.005725186770662122,0.05724204500766048,47,48,16
WMT,2003-09-04,60.04999923706055,60.20000076293945,59.7400016784668,60.08000183105469,40.21250915527344,9906400,False,0.001666050875401369,0.005580388148655105,0.05579430721848539,47,48,16
WMT,2003-09-05,59.09999847412109,59.209999084472656,58.5,58.88999938964844,39.416015625,10593500,False,-0.02000589858323776,0.011809493474251488,0.11807467320277423,45,48,16
WMT,2003-09-08,58.54999923706055,58.63999938964844,58.04999923706055,58.59000015258789,39.21520614624024,8558000,True,-0.00510763818227441,0.011930485825451356,0.11928438912828011,45,48,16
WMT,2003-09-09,58.56999969482422,58.56999969482422,56.900001525878906,57.060001373291016,38.19118118286133,10107500,False,-0.02645995359886475,0.012765718668330208,0.127635284548661,44,48,16
WMT,2003-09-10,56.560001373291016,57.47999954223633,56.560001373291016,56.84999847412109,38.050594329833984,10847200,False,-0.0036879259808165004,0.011919909542118913,0.11917864444067765,45,48,16
WMT,2003-09-11,57.09999847412109,57.869998931884766,57.0099983215332,57.5,38.48566436767578,8395300,False,0.011369113974146864,0.014866100694943067,0.14863550119080726,44,48,16
WMT,2003-09-12,57.18000030517578,57.52999877929688,56.720001220703125,57.47999954223633,38.4722785949707,7970800,False,-0.00034787241770655147,0.013708899020619688,0.1370654698576813,44,48,16
WMT,2003-09-15,57.5,58.04999923706055,57.5,57.75,38.65299987792969,6077000,True,0.0046864430780294035,0.01434718276337442,0.1434472121822551,44,48,16
WMT,2003-09-16,57.970001220703125,58.52000045776367,57.70000076293945,58.41999816894531,39.10143661499024,6259800,False,0.011534819860986513,0.006837941027178556,0.0683676784211208,47,48,16
WMT,2003-09-17,58.16999816894531,58.5,57.59000015258789,57.59000015258789,38.54591369628906,6701500,False,-0.01430911409304013,0.010673434479966461,0.10671603239555037,45,48,16
WMT,2003-09-18,57.61000061035156,58.4900016784668,57.61000061035156,58.4900016784668,39.14826965332031,7511900,False,0.01550612929362193,0.011640950075747615,0.11638952838752711,45,48,16
WMT,2003-09-19,57.540000915527344,58.4900016784668,57.540000915527344,58.13999938964844,38.91403198242188,8365300,False,-0.006001318665005558,0.012350627946963214,0.123485089505853,45,48,16
WMT,2003-09-22,57.68999862670898,57.75,56.75,57.06999969482422,38.1978645324707,9250900,True,-0.018575293164689272,0.015258116328362102,0.15255498494404798,43,40,13
WMT,2003-09-23,57.290000915527344,57.90999984741211,57.18999862670898,57.619998931884766,38.56600570678711,6602600,False,0.009591595513373007,0.014834293404219571,0.14831748285531887,44,48,16
WMT,2003-09-24,57.220001220703125,57.5,56.54999923706055,56.619998931884766,37.89666748046875,7978800,False,-0.017508028324823822,0.015510609991662356,0.15507948837384802,43,40,13
WMT,2003-09-25,56.59000015258789,57.47999954223633,56.59000015258789,56.88999938964844,38.077392578125,7543200,False,0.004757556418587189,0.012731555127667977,0.12729370775640164,44,48,16
WMT,2003-09-26,56.70000076293945,57.09000015258789,56.61000061035156,56.79999923706055,38.01713943481445,6575200,False,-0.0015836395680251091,0.01284493566880761,0.1284273186408824,44,48,16
WMT,2003-09-29,57.27000045776367,57.34999847412109,56.470001220703125,57.22999954223633,38.30495071411133,8669300,True,0.007542053500398262,0.010942887034374175,0.10941009564006732,45,48,16
WMT,2003-09-30,56.880001068115234,57.34999847412109,55.79999923706055,55.84999847412109,37.38128662109375,12824700,False,-0.02440892782308274,0.01405036777735174,0.14047957156729338,44,48,16
WMT,2003-10-01,56.02000045776367,57.09999847412109,56.0099983215332,57.060001373291016,38.19118118286133,10932700,False,0.021434408398046525,0.016772510521082886,0.1676963286261926,43,40,13
WMT,2003-10-02,56.970001220703125,57.13999938964844,56.52000045776367,57.060001373291016,38.251502990722656,6188700,False,0.0015782235025943025,0.016680439977769138,0.16677578115842226,43,40,13
WMT,2003-10-03,57.95000076293945,58.220001220703125,57.369998931884766,57.47999954223633,38.53306579589844,9632800,False,0.0073338711573853604,0.016822964730230584,0.16820078415341802,43,40,13
WMT,2003-10-06,57.56999969482422,58.45000076293945,57.4900016784668,57.9900016784668,38.87495040893555,4122700,True,0.008833370311145216,0.016925560116379513,0.16922656199207464,43,40,13
WMT,2003-10-07,57.7400016784668,58.900001525878906,57.709999084472656,58.900001525878906,39.48497772216797,7145400,False,0.015570193895187049,0.007691809196293118,0.07690489513124252,46,48,16
WMT,2003-10-08,59.0,59.02000045776367,58.2400016784668,58.52000045776367,39.230247497558594,5576700,False,-0.006472219652819188,0.00828419287012116,0.08282771551726573,46,48,16
WMT,2003-10-09,59.18000030517578,59.40999984741211,58.52000045776367,58.959999084472656,39.52519607543945,8126700,False,0.007490274792101708,0.008025809105906214,0.08024432118396084,46,48,16
WMT,2003-10-10,58.45000076293945,58.9900016784668,58.369998931884766,58.41999816894531,39.16321563720703,4819900,False,-0.009200414235054487,0.010612202124581683,0.10610381389801214,45,48,16
WMT,2003-10-13,58.43000030517578,59.18999862670898,58.43000030517578,58.95000076293945,39.51851272583008,4566200,True,0.009031309072185675,0.010638600591571408,0.10636775327607793,45,48,16
WMT,2003-10-14,58.869998931884766,59.54999923706055,58.68000030517578,59.33000183105469,39.77324295043945,5283000,False,0.006425159810500767,0.00858641591849497,0.08584942747712991,46,48,16
WMT,2003-10-15,59.34000015258789,59.34000015258789,58.650001525878906,59.06999969482422,39.59894561767578,6727300,False,-0.00439190643660155,0.00814534923912367,0.08143951742121197,46,48,16
WMT,2003-10-16,59.16999816894531,59.63999938964844,58.95000076293945,59.38999938964844,39.813472747802734,6838000,False,0.0054028741700166555,0.007832828557296313,0.07831484679445487,46,48,16
WMT,2003-10-17,59.59999847412109,59.630001068115234,58.63999938964844,58.84000015258789,39.44476318359375,7193000,False,-0.009304073442334962,0.007868134178781346,0.07866784243547496,46,48,16
WMT,2003-10-20,59.0,59.13999938964844,58.54999923706055,59.0,39.552032470703125,6845900,True,0.0027157899798700954,0.0067742176661444164,0.06773055414090562,47,48,16
WMT,2003-10-21,58.84999847412109,59.470001220703125,58.650001525878906,58.970001220703125,39.53190994262695,5272900,False,-0.0005088903738577717,0.005815319805204591,0.05814322071190049,47,48,16
WMT,2003-10-22,58.970001220703125,58.970001220703125,58.04999923706055,58.2400016784668,39.04254531860352,5510800,False,-0.012456235293642723,0.007721748284954877,0.07720423465138651,46,48,16
WMT,2003-10-23,58.150001525878906,58.75,58.150001525878906,58.70000076293945,39.35091400146485,6418100,False,0.007867244947137374,0.00842523473463772,0.08423789217700248,46,48,16
WMT,2003-10-24,58.709999084472656,58.709999084472656,57.0,58.11000061035156,38.955379486083984,8478400,False,-0.010102326688731709,0.008596084780187115,0.0859460995051921,46,48,16
WMT,2003-10-27,58.11000061035156,58.43999862670898,57.75,57.790000915527344,38.74089431762695,7014800,True,-0.005521132553740471,0.008123660403294415,0.08122266627443997,46,48,16
WMT,2003-10-28,57.790000915527344,58.77000045776367,57.77999877929688,58.7599983215332,39.39114761352539,8032200,False,0.016645368365415567,0.01249114410572516,0.12489001000999661,45,48,16
WMT,2003-10-29,58.54999923706055,58.959999084472656,58.31999969482422,58.84999847412109,39.45148086547852,5386600,False,0.0015304731689909617,0.010631678630879961,0.10629854554516661,45,48,16
WMT,2003-10-30,58.84999847412109,59.150001525878906,58.540000915527344,58.79999923706055,39.41795349121094,6114500,False,-0.0008501994862935352,0.010150048020193671,0.10148306577160751,45,48,16
WMT,2003-10-31,58.79999923706055,59.18000030517578,58.7599983215332,58.95000076293945,39.51851272583008,5913300,False,0.0025478538332711323,0.008305267493010542,0.08303842558844371,46,48,16
WMT,2003-11-03,58.77000045776367,59.93000030517578,58.52000045776367,59.040000915527344,39.5788459777832,5486800,True,0.0015255443327825584,0.007024395624489286,0.07023190449420517,47,48,16
WMT,2003-11-04,58.81999969482422,58.900001525878906,58.34999847412109,58.65999984741211,39.3240966796875,7646000,False,-0.006457305005381572,0.003640066850366675,0.03639442324350313,48,48,16
WMT,2003-11-05,58.65999984741211,58.66999816894531,57.7599983215332,57.91999816894531,38.82801055908203,7967500,False,-0.012695570248211756,0.006357378715789994,0.06356287980765861,47,48,16
WMT,2003-11-06,57.91999816894531,58.70000076293945,57.75,58.61000061035156,39.29056167602539,7996500,False,0.01184242132159688,0.009352010121875667,0.0935040559814946,46,48,16
WMT,2003-11-07,58.75,58.79999923706055,58.209999084472656,58.41999816894531,39.16321563720703,6617700,False,-0.0032463994729717855,0.009215078959997468,0.09213497929541181,46,48,16
WMT,2003-11-10,58.34999847412109,58.470001220703125,57.83000183105469,58.119998931884766,38.96209335327149,5579200,True,-0.005148721479266626,0.00909440295646634,0.09092842630383587,46,48,16
WMT,2003-11-11,58.130001068115234,58.470001220703125,57.93999862670898,58.27999877929688,39.069366455078125,4936200,False,0.002749485134564566,0.009186698495234064,0.09185122334012143,46,48,16
WMT,2003-11-12,58.27999877929688,58.34999847412109,57.81999969482422,57.959999084472656,38.85483169555664,8613300,False,-0.005506256250308771,0.007332710028301772,0.07331451955752183,47,48,16
WMT,2003-11-13,56.34999847412109,56.400001525878906,55.400001525878906,55.52000045776367,37.21914291381836,27996900,False,-0.04300921367033669,0.018289575954554185,0.18286438013279643,42,40,13
WMT,2003-11-14,55.52000045776367,55.95000076293945,54.5,55.0,36.87051773071289,16168500,False,-0.009410969171862942,0.017852935593156788,0.17849872566238686,42,40,13
WMT,2003-11-17,55.0,55.0099983215332,54.36000061035156,55.0,36.87051773071289,10353100,True,0.0,0.018488767387783576,0.1848559527124869,42,40,13
WMT,2003-11-18,55.0099983215332,55.29999923706055,54.52999877929688,54.720001220703125,36.68284606933594,10099500,False,-0.00510301797064923,0.017321777911504778,0.17318806015273178,43,40,13
WMT,2003-11-19,54.59999847412109,55.34000015258789,54.54999923706055,55.209999084472656,37.01131057739258,7160200,False,0.008914320975296139,0.019819813775244454,0.1981641329117344,42,40,13
WMT,2003-11-20,55.150001525878906,55.59000015258789,54.959999084472656,55.06999969482422,36.91746520996094,8741100,False,-0.0025388062182594012,0.006842346857496674,0.06841172916522198,47,48,16
WMT,2003-11-21,55.20000076293945,55.22999954223633,54.66999816894531,54.810001373291016,36.74314880371094,8607200,False,-0.004732969823540258,0.005743637273009673,0.05742651837562195,47,48,16
WMT,2003-11-24,55.150001525878906,56.15999984741211,55.09999847412109,56.08000183105469,37.59453201293945,10144800,True,0.022906833463554994,0.012077285330157322,0.12075213231153165,45,48,16
WMT,2003-11-25,56.0,56.2599983215332,55.7599983215332,56.040000915527344,37.56772232055664,8085600,False,-0.0007133818366023008,0.011400796522402702,0.11398840488536244,45,48,16
WMT,2003-11-26,56.02000045776367,56.20000076293945,55.18999862670898,55.70000076293945,37.33979034423828,7017000,False,-0.006085709475077543,0.011994785051550829,0.11992727107113733,45,48,16
WMT,2003-11-28,55.59999847412109,56.0,55.5099983215332,55.63999938964844,37.29957580566406,3167600,True,-0.0010775692383221027,0.011880903514731332,0.1187886510894159,45,48,16
WMT,2003-12-01,55.63999938964844,55.65999984741211,53.95000076293945,54.5,36.53535461425781,19745300,True,-0.020701542734872545,0.015696734793612256,0.15694041705915374,43,40,13
WMT,2003-12-02,54.33000183105469,54.54999923706055,52.9900016784668,53.02000045776367,35.54317855834961,21667700,False,-0.02753215653872013,0.012202509458026596,0.12200415874327529,45,48,16
WMT,2003-12-03,53.290000915527344,53.720001220703125,52.68000030517578,52.68999862670898,35.32197570800781,17702600,False,-0.006242943265068498,0.01122328932146882,0.1122136374250048,45,48,16
WMT,2003-12-04,53.13999938964844,53.22999954223633,52.13999938964844,53.02000045776367,35.54317855834961,17592500,False,0.006242943265068563,0.013958537813025253,0.13956142947663444,44,48,16
WMT,2003-12-05,52.84999847412109,53.650001525878906,52.70000076293945,53.47999954223633,35.85155487060547,13538800,False,0.008638682860910444,0.016012463685558746,0.16009716428277831,43,40,13
WMT,2003-12-08,53.47999954223633,53.59999847412109,53.0,53.400001525878906,35.797935485839844,10426300,True,-0.001496713919624843,0.014402112422932935,0.14399641453506154,44,48,16
WMT,2003-12-09,53.5,53.52999877929688,52.54999923706055,52.61000061035156,35.2683219909668,9983400,False,-0.014905056733918214,0.00955148267517168,0.09549843927953378,46,48,16
WMT,2003-12-10,52.900001525878906,53.25,52.560001373291016,52.95000076293945,35.496280670166016,9713600,False,0.006442754121573795,0.009678128881772927,0.09676468405873764,46,48,16
WMT,2003-12-11,53.150001525878906,53.540000915527344,52.7400016784668,52.810001373291016,35.40240478515625,11684400,False,-0.0026481715216026616,0.009279005829774568,0.0927741383138968,46,48,16
WMT,2003-12-12,52.97999954223633,53.0,52.0099983215332,52.5,35.19459533691406,11523500,False,-0.005887220366147224,0.007732617554197147,0.07731290869541153,46,48,16
WMT,2003-12-15,53.06999969482422,53.06999969482422,50.5,50.7400016784668,34.014747619628906,24709700,True,-0.034098345159602375,0.0153775653290931,0.15374927001279048,43,40,13
WMT,2003-12-16,51.0,51.4900016784668,50.59999847412109,51.38999938964844,34.450477600097656,16733300,False,0.012728676846000818,0.0180125071289058,0.18009416724310406,42,40,13
WMT,2003-12-17,51.310001373291016,52.400001525878906,51.25,51.900001525878906,34.85340881347656,16365300,False,0.011628085359344389,0.01893931981467283,0.18936070396889396,42,40,13
WMT,2003-12-18,52.88999938964844,53.209999084472656,52.52999877929688,52.59999847412109,35.32349395751953,15363100,False,0.013397347466649012,0.020451657205063825,0.204481483156595,41,40,13
WMT,2003-12-19,52.68999862670898,53.0099983215332,52.34000015258789,52.34999847412109,35.155609130859375,14488100,False,-0.004764111256814887,0.020383012011879927,0.20379514899926623,41,40,13
WMT,2003-12-22,52.09999847412109,53.20000076293945,52.08000183105469,53.06999969482422,35.639122009277344,11428700,True,0.013659784812193682,0.007917804693644963,0.07916446236444333,46,48,16
WMT,2003-12-23,52.900001525878906,53.31999969482422,52.52000045776367,52.77000045776367,35.43766784667969,9912100,False,-0.005668649427171869,0.009955916419238757,0.09954208283351111,46,48,16
WMT,2003-12-24,52.83000183105469,52.95000076293945,52.2599983215332,52.43999862670898,35.21604919433594,3627900,False,-0.006273396176472518,0.010474205743368364,0.10472408684617422,45,48,16
WMT,2003-12-26,52.31999969482422,53.02999877929688,52.31999969482422,52.52000045776367,35.269775390625,3119300,True,0.0015244542292073514,0.008405894911091647,0.08404452712286355,46,48,16
WMT,2003-12-29,52.68000030517578,52.900001525878906,52.27000045776367,52.900001525878906,35.52497100830078,7835600,True,0.0072094819462304085,0.00852249807852903,0.0852103587412641,46,48,16
WMT,2003-12-30,52.95000076293945,53.119998931884766,52.52000045776367,52.77999877929688,35.44437026977539,6140200,False,-0.0022714251457872643,0.005588917357336063,0.055879584671737564,47,48,16
WMT,2003-12-31,52.95000076293945,53.16999816894531,52.70000076293945,53.04999923706055,35.62569046020508,6764200,False,0.00510258699591508,0.0054601152636372064,0.05459178472041158,47,48,16
WMT,2004-01-02,53.34999847412109,53.400001525878906,52.130001068115234,52.29999923706055,35.122039794921875,8793900,True,-0.014238171938782523,0.008467479439050974,0.08466026674192503,46,48,16
WMT,2004-01-05,52.79999923706055,52.79999923706055,51.58000183105469,52.119998931884766,35.00114822387695,13451400,True,-0.0034479804535262485,0.008457182527368497,0.08455731529150447,46,48,16
WMT,2004-01-06,52.34999847412109,53.400001525878906,52.29999923706055,53.34000015258789,35.8204460144043,13314500,False,0.02313798075400771,0.013851484068620822,0.13849107570462496,44,48,16
WMT,2004-01-07,53.34000015258789,53.5099983215332,52.810001373291016,53.47999954223633,35.91447448730469,12228900,False,0.0026215551949886127,0.013676329628501543,0.13673983181578328,44,48,16
WMT,2004-01-08,54.13999938964844,54.33000183105469,52.900001525878906,53.2599983215332,35.76671600341797,13433600,False,-0.004122662923277048,0.013880989925557871,0.13878608365081724,44,48,16
WMT,2004-01-09,53.150001525878906,53.150001525878906,52.27000045776367,52.400001525878906,35.18918991088867,11081500,False,-0.01627880974008454,0.014451588036171331,0.1444910857821703,44,48,16
WMT,2004-01-12,52.59999847412109,52.79999923706055,52.09999847412109,52.5099983215332,35.26306915283203,8949500,True,0.002097286020510042,0.014296125901293559,0.14293673115966923,44,48,16
WMT,2004-01-13,52.38999938964844,52.7599983215332,52.11000061035156,52.7599983215332,35.430931091308594,8477100,False,0.0047489816215472045,0.008542702194884446,0.08541236524062988,46,48,16
WMT,2004-01-14,52.7599983215332,53.18000030517578,52.7599983215332,53.13999938964844,35.68614196777344,7812600,False,0.007177234974280434,0.009385153604474849,0.09383543394323637,46,48,16
WMT,2004-01-15,53.16999816894531,53.63999938964844,52.59999847412109,53.4900016784668,35.921173095703125,10128000,False,0.006564468217311943,0.009783177559381887,0.09781499060288414,46,48,16
WMT,2004-01-16,53.650001525878906,53.75,53.130001068115234,53.47999954223633,35.91447448730469,9719600,False,-0.00018649817028827944,0.0030962535485045306,0.030957223244985486,48,48,16
WMT,2004-01-20,53.27999877929688,53.45000076293945,52.77000045776367,52.95000076293945,35.55854415893555,7981500,True,-0.009959933901540433,0.007114554192328835,0.07113333548760851,47,48,16
WMT,2004-01-21,52.900001525878906,53.52999877929688,52.900001525878906,53.45000076293945,35.894309997558594,9061200,False,0.00939831764746348,0.00788038251823759,0.07879030481556992,46,48,16
WMT,2004-01-22,53.4900016784668,53.66999816894531,52.95000076293945,53.18000030517578,35.712989807128906,7656000,False,-0.005064304294488101,0.008002964212822171,0.08001591144808758,46,48,16
WMT,2004-01-23,53.47999954223633,54.43999862670898,53.08000183105469,54.209999084472656,36.404693603515625,12559400,False,0.019183228733300292,0.011677448030563115,0.11675444531616641,45,48,16
WMT,2004-01-26,54.220001220703125,54.68000030517578,53.77000045776367,54.61000061035156,36.673316955566406,9147300,True,0.007351720712417449,0.011702375828180905,0.11700368052373927,45,48,16
WMT,2004-01-27,54.5,54.95000076293945,54.36000061035156,54.43000030517578,36.55243682861328,9527000,False,-0.0033015771230699284,0.009936396172143829,0.09934691385343619,46,48,16
WMT,2004-01-28,54.43999862670898,54.59000015258789,53.130001068115234,53.27000045776367,35.77342987060547,10027500,False,-0.02154241960322249,0.015168978160589552,0.15166375620061495,43,40,13
WMT,2004-01-29,53.380001068115234,54.5,53.22999954223633,54.47999954223633,36.58600234985352,10501300,False,0.022460282329683934,0.01792224991022365,0.1791917499105299,42,40,13
WMT,2004-01-30,54.25,54.70000076293945,53.84000015258789,53.84999847412109,36.16292190551758,7812000,False,-0.011631380628660811,0.01702863204653813,0.17025710445322192,43,40,13
WMT,2004-02-02,54.20000076293945,54.97999954223633,54.150001525878906,54.68999862670898,36.727046966552734,11783300,True,0.015479121024930194,0.01839771768995878,0.18394561194814216,42,40,13
WMT,2004-02-03,54.68999862670898,55.150001525878906,54.5,55.0099983215332,36.94194412231445,8271100,False,0.00583414438360716,0.018405153075788307,0.18401995304955115,42,40,13
WMT,2004-02-04,54.95000076293945,55.95000076293945,54.91999816894531,55.38999938964844,37.19712829589844,11641500,False,0.0068839593752961495,0.012807955662882382,0.12805758202820056,44,48,16
WMT,2004-02-05,55.84000015258789,56.540000915527344,55.77000045776367,56.25,37.7746467590332,12572400,False,0.015406594978820324,0.011059318880572731,0.11057421434001533,45,48,16
WMT,2004-02-06,56.5,57.59000015258789,56.209999084472656,57.58000183105469,38.66782379150391,15102100,False,0.02336967070152079,0.007201463698823783,0.07200228144197815,47,48,16
WMT,2004-02-09,57.04999923706055,57.540000915527344,57.040000915527344,57.31999969482422,38.49320983886719,8420600,True,-0.004525969715360607,0.010538134349213597,0.10536326322236196,45,48,16
WMT,2004-02-10,57.150001525878906,57.59999847412109,56.81999969482422,57.52999877929688,38.63424682617188,9199800,False,0.003657248679160992,0.010764498101637132,0.10762651237446472,45,48,16
WMT,2004-02-11,57.70000076293945,58.29999923706055,56.90999984741211,57.06999969482422,38.32533264160156,10602500,False,-0.008028002382579965,0.01325948679632011,0.13257211867092622,44,48,16
WMT,2004-02-12,56.77000045776367,57.45000076293945,56.75,56.97999954223633,38.26488494873047,7976000,False,-0.0015784706539213424,0.012386366142021626,0.12384241014044073,45,48,16
WMT,2004-02-13,57.33000183105469,57.33000183105469,56.18999862670898,56.31999969482422,37.82167816162109,7133200,False,-0.011650198981588039,0.0058868666193237235,0.05885856610027259,47,48,16
WMT,2004-02-17,57.380001068115234,57.84000015258789,56.47999954223633,57.52000045776367,38.62752151489258,7694700,True,0.021082580447557373,0.012826649189391578,0.12824448522082207,44,48,16
WMT,2004-02-18,57.59999847412109,57.650001525878906,56.68999862670898,57.20000076293945,38.4126205444336,7989400,False,-0.0055789494180008255,0.012958085381179924,0.1295586216337227,44,48,16
WMT,2004-02-19,58.20000076293945,58.95000076293945,57.70000076293945,58.380001068115234,39.20505905151367,20616400,False,0.020419730297693416,0.015229692709360086,0.15227079752041117,43,40,13
WMT,2004-02-20,58.70000076293945,59.54999923706055,58.61000061035156,59.43000030517578,39.91018295288086,16842000,False,0.01782570728066799,0.01574472349686238,0.1574202217574702,43,40,13
WMT,2004-02-23,59.43999862670898,60.150001525878906,59.220001220703125,60.04999923706055,40.32654571533203,20399700,True,0.010378451530526023,0.011130651247491356,0.11128741562430926,45,48,16
WMT,2004-02-24,59.95000076293945,60.0,59.45000076293945,59.95000076293945,40.25939178466797,13778300,False,-0.0016666418060468512,0.011553172140229027,0.11551189963288415,45,48,16
WMT,2004-02-25,59.75,60.0,59.43999862670898,59.880001068115234,40.21238327026367,12299400,False,-0.0011683231721766817,0.01033502589490779,0.10333252715233769,45,48,16
WMT,2004-02-26,59.52000045776367,59.72999954223633,59.130001068115234,59.400001525878906,39.8900260925293,10462900,False,-0.008048669709624246,0.010421033335099198,0.10419245399134645,45,48,16
WMT,2004-02-27,59.400001525878906,60.08000183105469,59.25,59.560001373291016,39.99748992919922,12633900,False,0.0026903803458001125,0.006762380188679468,0.06761219967580799,47,48,16
WMT,2004-03-01,59.66999816894531,60.52000045776367,59.54999923706055,60.45000076293945,40.595157623291016,10803900,True,0.014832088757179427,0.008475522651532298,0.0847406850670042,46,48,16
WMT,2004-03-02,60.400001525878906,60.40999984741211,59.47999954223633,59.54999923706055,39.99076843261719,10771900,False,-0.015000150838677602,0.011285121376966165,0.11283185189476364,45,48,16
WMT,2004-03-03,59.54999923706055,60.59000015258789,59.470001220703125,60.36000061035156,40.53471374511719,10007800,False,0.013510098202386089,0.013103332816172751,0.13101084678272776,44,48,16
WMT,2004-03-04,60.810001373291016,61.310001373291016,60.11000061035156,61.04999923706055,40.99808120727539,11159600,False,0.01136652929078034,0.012387633191222928,0.12385507845857831,45,48,16
WMT,2004-03-05,60.79999923706055,60.810001373291016,60.20000076293945,60.2400016784668,40.45415496826172,9863800,False,-0.013355908935261243,0.015077465514078878,0.1507487867436922,43,40,13
WMT,2004-03-08,60.04999923706055,60.97999954223633,60.02000045776367,60.459999084472656,40.60186004638672,8077800,True,0.0036445226573224607,0.013494282721393662,0.13491967508245636,44,48,16
WMT,2004-03-09,60.20000076293945,60.84999847412109,60.060001373291016,60.27999877929688,40.48100280761719,9767300,False,-0.002981081920860953,0.010983848281906988,0.10981963783821154,45,48,16
WMT,2004-03-10,59.95000076293945,60.2599983215332,58.68999862670898,58.7599983215332,39.460235595703125,13751700,False,-0.02553932651691443,0.01447114705276438,0.1446866423907096,44,48,16
WMT,2004-03-11,58.310001373291016,58.83000183105469,57.59999847412109,57.900001525878906,38.88270950317383,14920600,False,-0.014743805039174836,0.011279448683317173,0.11277513469091026,45,48,16
WMT,2004-03-12,57.9900016784668,58.52000045776367,57.900001525878906,58.47999954223633,39.2722053527832,9203700,False,0.00996735969750472,0.014276751135444195,0.1427430167424479,44,48,16
WMT,2004-03-15,58.04999923706055,58.790000915527344,57.66999816894531,57.900001525878906,38.88270950317383,10799900,True,-0.009967359697504773,0.013255771578002475,0.13253497286194735,44,48,16
WMT,2004-03-16,58.20000076293945,58.380001068115234,57.27000045776367,57.970001220703125,38.92971420288086,7986000,False,0.0012081542557286476,0.013824094646219597,0.13821722847262569,44,48,16
WMT,2004-03-17,57.970001220703125,59.130001068115234,57.970001220703125,58.34999847412109,39.272979736328125,7981000,False,0.00877892360894507,0.011068876992121762,0.11066977905666028,45,48,16
WMT,2004-03-18,58.150001525878906,59.18999862670898,57.959999084472656,58.93999862670898,39.67008209228516,9070400,False,0.010060560007212477,0.008632192159678923,0.08630711135070429,46,48,16
WMT,2004-03-19,58.84999847412109,59.09999847412109,58.470001220703125,58.59999847412109,39.441219329833984,8965300,False,-0.005785858576223447,0.008787491322364884,0.08785983653089849,46,48,16
WMT,2004-03-22,58.29999923706055,58.5,57.54999923706055,58.09999847412109,39.10472106933594,9077200,True,-0.00856824216369197,0.008368865877781198,0.08367430032044576,46,48,16
WMT,2004-03-23,58.15999984741211,58.79999923706055,57.93000030517578,58.209999084472656,39.17874526977539,9325000,False,0.0018911840766365402,0.008375854532836745,0.08374417488057061,46,48,16
WMT,2004-03-24,58.290000915527344,59.41999816894531,58.16999816894531,58.58000183105469,39.42779159545898,9530300,False,0.006336550849872606,0.007885725679864352,0.07884372726457885,46,48,16
WMT,2004-03-25,59.25,59.970001220703125,59.15999984741211,59.81999969482422,40.26236724853516,11043800,False,0.02094627941259998,0.011677328895531702,0.11675325417025217,45,48,16
WMT,2004-03-26,59.70000076293945,59.959999084472656,59.29999923706055,59.40999984741211,39.986419677734375,6867600,False,-0.006877329091413977,0.0118900533474476,0.11888013371821694,45,48,16
WMT,2004-03-29,59.650001525878906,60.45000076293945,59.630001068115234,60.130001068115234,40.47101974487305,8420400,True,0.012046267709540176,0.010476134935084723,0.10474337545342492,45,48,16
WMT,2004-03-30,59.900001525878906,60.2400016784668,59.810001373291016,60.0,40.38352584838867,6470300,False,-0.0021642303470608614,0.011096459052061296,0.11094555233353458,45,48,16
WMT,2004-03-31,59.83000183105469,60.06999969482422,59.5,59.68999862670898,40.17488861083984,8472000,False,-0.005179786753018254,0.012167572984354533,0.12165485394703825,45,48,16
WMT,2004-04-01,58.75,59.68999862670898,58.09999847412109,58.34999847412109,39.272979736328125,14494400,False,-0.022705395124453475,0.012406164590085311,0.124040360652894,45,48,16
WMT,2004-04-02,59.0,60.13999938964844,58.29999923706055,58.59999847412109,39.441219329833984,10625100,False,0.004274701430988874,0.012968622321890144,0.12966397296260304,44,48,16
WMT,2004-04-05,58.560001373291016,59.27999877929688,58.13999938964844,58.63999938964844,39.46816253662109,8421400,True,0.0006828898464760876,0.010486521905975574,0.1048472273414147,45,48,16
WMT,2004-04-06,58.5,59.06999969482422,58.400001525878906,59.02000045776367,39.723915100097656,6902200,False,0.00645906662042194,0.011710910026815178,0.11708900786796335,45,48,16
WMT,2004-04-07,58.70000076293945,58.790000915527344,57.95000076293945,57.97999954223633,39.02394104003906,10385200,False,-0.01777807118596682,0.0134450535985009,0.13442746831590066,44,48,16
WMT,2004-04-08,57.9900016784668,58.09999847412109,56.150001525878906,56.68999862670898,38.15569686889648,14725900,False,-0.02250025587686986,0.013380779991223333,0.1337848425173083,44,48,16
WMT,2004-04-12,56.79999923706055,57.43000030517578,56.79999923706055,57.34000015258789,38.59319305419922,7161800,True,0.011400840442466063,0.014999997652928669,0.1499742410437456,44,48,16
WMT,2004-04-13,57.400001525878906,57.59999847412109,56.33000183105469,56.470001220703125,38.007625579833984,13147900,False,-0.01528910242616396,0.015357451265705835,0.1535481638886024,43,40,13
WMT,2004-04-14,56.47999954223633,57.4900016784668,56.38999938964844,57.41999816894531,38.64703369140625,10070200,False,0.016683211381966843,0.01811987498477131,0.18116766159080355,42,40,13
WMT,2004-04-15,57.43000030517578,58.09999847412109,57.11000061035156,57.790000915527344,38.89605712890625,8682600,False,0.00642286220341888,0.017229517862758722,0.17226561795577267,43,40,13
WMT,2004-04-16,58.20000076293945,58.70000076293945,57.72999954223633,58.43999862670898,39.33354568481445,8850200,False,0.011184848216317425,0.012485541653368487,0.12483399509855349,45,48,16
WMT,2004-04-19,58.0,58.70000076293945,57.93999862670898,58.369998931884766,39.286434173583984,7265800,True,-0.001198461687581655,0.012414553807354766,0.12412423843221432,45,48,16
WMT,2004-04-20,58.5,59.150001525878906,58.09999847412109,58.09999847412109,39.10472106933594,8164300,False,-0.004636069698177041,0.008741563820100938,0.0874006403060427,46,48,16
WMT,2004-04-21,57.20000076293945,58.58000183105469,57.20000076293945,58.34999847412109,39.272979736328125,6540600,False,0.004293540732702931,0.006246799908359143,0.06245728145333311,47,48,16
WMT,2004-04-22,58.25,58.70000076293945,57.720001220703125,58.59999847412109,39.441219329833984,10065100,False,0.004274701430988874,0.0060413696654239065,0.06040333148050568,47,48,16
WMT,2004-04-23,58.22999954223633,59.119998931884766,58.06999969482422,58.970001220703125,39.69028472900391,6396600,False,0.00629499526407801,0.004554132075011618,0.045533507228882344,48,48,16
WMT,2004-04-26,58.77000045776367,59.13999938964844,57.959999084472656,58.13999938964844,39.131629943847656,7017100,True,-0.014175350653289325,0.008597246774876856,0.08595771745845603,46,48,16
WMT,2004-04-27,58.150001525878906,59.08000183105469,58.150001525878906,58.59999847412109,39.441219329833984,8613100,False,0.007880355389211306,0.009009607957218507,0.09008062179407877,46,48,16
WMT,2004-04-28,58.209999084472656,58.720001220703125,57.880001068115234,57.97999954223633,39.02394104003906,8523400,False,-0.010636114719068779,0.010319569097298736,0.10317798569546406,45,48,16
WMT,2004-04-29,58.08000183105469,58.34999847412109,56.9900016784668,57.56999969482422,38.747989654541016,8689700,False,-0.00709645603757963,0.010040733838486813,0.10039011150480445,45,48,16
WMT,2004-04-30,57.77000045776367,58.04999923706055,56.869998931884766,57.0,38.364356994628906,8538400,False,-0.00995004928933105,0.008582467655676685,0.08580995162297884,46,48,16
WMT,2004-05-03,57.0,57.52000045776367,56.08000183105469,56.540000915527344,38.05474472045898,11194000,True,-0.00810305175800981,0.0076568305695323005,0.07655516887643994,46,48,16
WMT,2004-05-04,56.59999847412109,56.7599983215332,55.54999923706055,56.0,37.69130706787109,12762100,False,-0.009596287411572271,0.0014434196289126622,0.01443171981507315,49,48,16
WMT,2004-05-05,55.900001525878906,56.34999847412109,55.84000015258789,55.86000061035156,37.59706878662109,8765400,False,-0.0025033965574719082,0.0029948769397338247,0.029943631089055588,48,48,16
WMT,2004-05-06,55.79999923706055,55.79999923706055,54.41999816894531,54.58000183105469,36.73553466796875,16024600,False,-0.023181555859058,0.007607443785293531,0.07606138576692362,46,48,16
WMT,2004-05-07,54.43999862670898,55.09000015258789,53.59999847412109,53.900001525878906,36.27787399291992,13930100,False,-0.012536510140046314,0.00763440534032121,0.0763309550592792,46,48,16
WMT,2004-05-10,53.5,55.34999847412109,53.5,55.220001220703125,37.16630172729492,14234900,True,0.02419445963206156,0.01779511346251004,0.1779206035613087,42,40,13
WMT,2004-05-11,55.220001220703125,55.68000030517578,54.220001220703125,54.52999877929688,36.7018928527832,9647900,False,-0.012574153086683986,0.01804697007374419,0.18043873756343748,42,40,13
WMT,2004-05-12,54.09999847412109,55.09000015258789,53.45000076293945,55.060001373291016,37.05861282348633,12302900,False,0.009672459497126452,0.01930005465166428,0.19296743342629952,42,40,13
WMT,2004-05-13,55.060001373291016,55.619998931884766,53.79999923706055,55.25,37.186500549316406,13221100,False,0.0034450173621635716,0.01562286539594996,0.156201849820205,43,40,13
WMT,2004-05-14,55.29999923706055,55.70000076293945,54.65999984741211,55.060001373291016,37.05861282348633,8573600,False,-0.0034450173621635855,0.013875316100556395,0.13872935513538007,44,48,16
WMT,2004-05-17,54.650001525878906,55.25,54.13999938964844,54.70000076293945,36.81630706787109,8432000,True,-0.006559915730247361,0.008667903033980653,0.08666415882459938,46,48,16
WMT,2004-05-18,55.04999923706055,55.63999938964844,55.0099983215332,55.209999084472656,37.159576416015625,8850600,False,0.00928064109001353,0.007344000088932303,0.07342740079347797,47,48,16
WMT,2004-05-19,55.619998931884766,56.08000183105469,54.75,54.77999877929688,36.95718002319336,10540100,False,-0.005461569168651718,0.006730998728046338,0.06729843891062687,47,48,16
WMT,2004-05-20,54.77999877929688,55.040000915527344,54.04999923706055,54.84000015258789,36.99766159057617,7449000,False,0.0010947646034415695,0.006458992423822497,0.06457884254941544,47,48,16
WMT,2004-05-21,55.0,55.70000076293945,54.84000015258789,55.09000015258789,37.166316986083984,8585500,False,0.004548183349327055,0.006693122792038599,0.06691974453426655,47,48,16
WMT,2004-05-24,55.27000045776367,55.68000030517578,54.43999862670898,54.9900016784668,37.09885787963867,9549500,True,-0.0018167095175086827,0.005688888237671349,0.056879121955120564,47,48,16
WMT,2004-05-25,54.84000015258789,55.58000183105469,54.5099983215332,55.4900016784668,37.43619537353516,8567400,False,0.009051842925072717,0.00561134079996364,0.05610378062612841,47,48,16
WMT,2004-05-26,55.20000076293945,55.47999954223633,54.900001525878906,55.27999877929688,37.29448699951172,6675900,False,-0.003792513044833111,0.005123339243095204,0.05122460232137578,47,48,16
WMT,2004-05-27,55.5,56.38999938964844,55.5,55.970001220703125,37.76002502441406,9867400,False,0.012405489895546434,0.0069101346178731485,0.06908949046557339,47,48,16
WMT,2004-05-28,55.970001220703125,56.04999923706055,55.70000076293945,55.72999954223633,37.59809494018555,6163100,False,-0.004297621372078179,0.007831066646866195,0.07829723071306219,46,48,16
WMT,2004-06-01,55.45000076293945,55.70000076293945,54.900001525878906,55.43999862670898,37.40245819091797,7995200,True,-0.005216953337380297,0.008405594085753842,0.08404151938561132,46,48,16
WMT,2004-06-02,55.43999862670898,56.68999862670898,55.18999862670898,56.34999847412109,38.01637268066406,10183500,False,0.016280497659884895,0.010388912100897636,0.10387129675971,45,48,16
WMT,2004-06-03,56.04999923706055,57.470001220703125,56.04999923706055,56.59999847412109,38.18503952026367,9752800,False,0.004426876357752376,0.009654769790140986,0.09653113321959551,46,48,16
WMT,2004-06-04,57.04999923706055,57.34999847412109,56.380001068115234,56.59000015258789,38.17828369140625,7156600,False,-0.00017693910089067175,0.008747849194896741,0.08746348327018759,46,48,16
WMT,2004-06-07,56.709999084472656,57.54999923706055,56.58000183105469,57.5,38.7922248840332,7013800,True,0.01595297275458004,0.009629107620844294,0.0962745555551946,46,48,16
WMT,2004-06-08,57.25,57.83000183105469,57.119998931884766,57.68000030517578,38.91364669799805,6971400,False,0.003125167000038853,0.007667778634859954,0.0766646307461284,46,48,16
WMT,2004-06-09,57.5,57.75,56.9900016784668,57.02999877929688,38.47514724731445,5774100,False,-0.011332497153503955,0.009792079129673156,0.09790399103337886,46,48,16
WMT,2004-06-10,57.43000030517578,57.61000061035156,56.650001525878906,57.20000076293945,38.58981704711914,6281500,False,0.002975927789813218,0.00973831484482466,0.09736644042824003,46,48,16
WMT,2004-06-14,56.70000076293945,56.84999847412109,56.06999969482422,56.380001068115234,38.0366096496582,6351900,True,-0.014439326821958256,0.012321479851524545,0.12319365856083339,45,48,16
WMT,2004-06-15,56.650001525878906,57.0,56.540000915527344,56.709999084472656,38.25925827026367,8709200,False,0.005836469489304215,0.00937189273338679,0.09370284798402309,46,48,16
WMT,2004-06-16,56.70000076293945,56.709999084472656,56.02999877929688,56.119998931884766,37.86120223999024,6859500,False,-0.010458677102305945,0.009204260109629233,0.09202680935362352,46,48,16
WMT,2004-06-17,56.0,56.290000915527344,55.68000030517578,55.84999847412109,37.67903518676758,5242800,False,-0.00482305622955006,0.00861141746263713,0.08609940002341962,46,48,16
WMT,2004-06-18,55.81999969482422,56.11000061035156,55.45000076293945,55.619998931884766,37.523887634277344,12935800,False,-0.004126110177184964,0.007669896449110172,0.07668580525509815,46,48,16
WMT,2004-06-21,55.20000076293945,55.869998931884766,54.869998931884766,54.93000030517578,37.05837631225586,8005500,True,-0.0124833262644102,0.007137907828312214,0.07136683177962529,47,48,16
WMT,2004-06-22,54.16999816894531,54.75,53.72999954223633,54.060001373291016,36.471439361572266,14241700,False,-0.015964936447978854,0.005058207024092935,0.050573391878655935,47,48,16
WMT,2004-06-23,54.060001373291016,54.06999969482422,52.59000015258789,53.54999923706055,36.127349853515625,23284800,False,-0.009479278878782785,0.005034154956815614,0.05033291247199782,47,48,16
WMT,2004-06-24,53.58000183105469,53.86000061035156,53.040000915527344,53.150001525878906,35.85749435424805,10148700,False,-0.00749759942872289,0.004548154620890089,0.04547374294318093,48,48,16
WMT,2004-06-25,53.68999862670898,54.09000015258789,52.5099983215332,52.5099983215332,35.42572784423828,13404800,False,-0.01211426130908829,0.0032164467451133816,0.03215894899569016,48,48,16
WMT,2004-06-28,52.40999984741211,53.2599983215332,52.09999847412109,52.459999084472656,35.391990661621094,14806500,True,-0.0009527893832568412,0.005595755439566516,0.055947953761949165,47,48,16
WMT,2004-06-29,52.209999084472656,52.5099983215332,51.93000030517578,51.97999954223633,35.06816101074219,15237300,False,-0.009191916941881768,0.004193294517525195,0.041925750742764535,48,48,16
WMT,2004-06-30,52.09999847412109,53.0,52.02000045776367,52.5,35.418975830078125,14127100,False,0.009954091816772904,0.008789550723094756,0.0878804270048848,46,48,16
WMT,2004-07-01,53.09999847412109,53.20000076293945,51.54999923706055,51.7599983215332,34.91975784301758,16904300,False,-0.01419492059321602,0.009903109919657078,0.09901410843776892,46,48,16
WMT,2004-07-02,52.0,52.45000076293945,51.5099983215332,51.93000030517578,35.03444290161133,12181600,False,0.003278864174581126,0.00964440487639047,0.09642750186516565,46,48,16
WMT,2004-07-06,51.79999923706055,52.41999816894531,51.58000183105469,52.08000183105469,35.135623931884766,10446500,True,0.002883882115675264,0.00991927668238157,0.0991757483277103,46,48,16
WMT,2004-07-07,52.150001525878906,52.7599983215332,52.150001525878906,52.31999969482422,35.29755401611328,9751600,False,0.004598127594137085,0.009114384518536483,0.09112820764218514,46,48,16
WMT,2004-07-08,51.900001525878906,52.52000045776367,51.810001373291016,52.18000030517578,35.203094482421875,11839200,False,-0.002679680037752889,0.007768710132810301,0.07767377255753104,46,48,16
WMT,2004-07-09,52.20000076293945,52.630001068115234,51.709999084472656,51.7599983215332,34.91975784301758,9179200,False,-0.008081193846640388,0.005307939402351609,0.05307028719557498,47,48,16
WMT,2004-07-12,51.720001220703125,52.31999969482422,51.5,52.209999084472656,35.22334671020508,8376800,True,0.008656325231912423,0.0065401544621823795,0.0653903236833615,47,48,16
WMT,2004-07-13,52.22999954223633,53.09999847412109,52.22999954223633,53.0099983215332,35.76305389404297,10684700,False,0.015206224822744767,0.009180601637209402,0.09179026522024988,46,48,16
WMT,2004-07-14,52.630001068115234,53.29999923706055,52.36000061035156,52.58000183105469,35.472938537597656,9203000,False,-0.008145235309069073,0.010489032557989122,0.10487232955402628,45,48,16
WMT,2004-07-15,52.83000183105469,52.93999862670898,52.209999084472656,52.33000183105469,35.30428695678711,6787900,False,-0.004765710970827636,0.010710694918327815,0.10708857285145572,45,48,16
WMT,2004-07-16,52.75,52.95000076293945,52.25,52.650001525878906,35.52017974853516,11396400,False,0.006096578498577033,0.009672877865485666,0.09671218290503003,46,48,16
WMT,2004-07-19,52.65999984741211,53.29999923706055,52.65999984741211,52.86000061035156,35.661865234375,9624500,True,0.003980938535597922,0.009255877316505474,0.09254289286277999,46,48,16
WMT,2004-07-20,52.5,53.40999984741211,52.5,53.25,35.92496490478516,8733300,False,0.007350537927516822,0.006928610141405272,0.06927421400245175,47,48,16
WMT,2004-07-21,53.36000061035156,53.900001525878906,53.11000061035156,53.119998931884766,35.837257385253906,10407300,False,-0.0024443937326312465,0.005358458479801892,0.05357539129453176,47,48,16
WMT,2004-07-22,52.75,53.150001525878906,52.15999984741211,52.90999984741211,35.695594787597656,10228300,False,-0.003960775463309642,0.005109025095537252,0.05108148540456928,47,48,16
WMT,2004-07-23,52.900001525878906,53.88999938964844,52.869998931884766,53.15999984741211,35.864261627197266,9120100,False,0.004714015941114903,0.00487790586266268,0.048770689606930664,48,48,16
WMT,2004-07-26,53.09999847412109,53.13999938964844,52.16999816894531,52.650001525878906,35.52017974853516,7829800,True,-0.009640323208288759,0.006849843325640178,0.06848668098497182,47,48,16
WMT,2004-07-27,52.97999954223633,53.93000030517578,52.880001068115234,53.900001525878906,36.36348724365234,9634900,False,0.023464194902437792,0.012825252940178793,0.12823052512423802,44,48,16
WMT,2004-07-28,53.880001068115234,54.060001373291016,52.7599983215332,53.90999984741211,36.3702392578125,9942600,False,0.00018566391423436007,0.01262795036890954,0.12625783792342982,44,48,16
WMT,2004-07-29,54.08000183105469,54.18999862670898,53.130001068115234,53.47999954223633,36.08012390136719,8777900,False,-0.008008708153980346,0.013294157775687968,0.1329187689796296,44,48,16
WMT,2004-07-30,53.34999847412109,53.380001068115234,52.52999877929688,53.0099983215332,35.76305389404297,8957100,False,-0.008826782881372088,0.01399993788007993,0.13997535911711495,44,48,16
WMT,2004-08-02,53.02000045776367,53.72999954223633,52.84999847412109,53.18000030517578,35.87774658203125,7131700,True,0.0032018845465851876,0.01306561726775251,0.13063375600706553,44,48,16
WMT,2004-08-03,53.0099983215332,53.11000061035156,52.52999877929688,52.869998931884766,35.66859436035156,8858300,False,-0.005846639107333428,0.005293039071861034,0.05292130945515589,47,48,16
WMT,2004-08-04,52.4900016784668,53.540000915527344,52.47999954223633,53.20000076293945,35.89124298095703,6906600,False,0.006222745812110948,0.006893059211432013,0.06891876569742499,47,48,16
WMT,2004-08-05,53.0,53.25,52.0,52.04999923706055,35.11537551879883,9762900,False,-0.021854254106879484,0.01108786859480866,0.11085966249964975,45,48,16
WMT,2004-08-06,52.0,52.02000045776367,51.13999938964844,51.33000183105469,34.629638671875,11393400,False,-0.013929159127715961,0.011697754853954726,0.11695747870967975,45,48,16
WMT,2004-08-09,51.20000076293945,51.75,51.08000183105469,51.369998931884766,34.65662384033203,7222400,True,0.0007789471922153513,0.011239636954905137,0.11237708571174465,45,48,16
WMT,2004-08-10,51.70000076293945,52.130001068115234,51.400001525878906,52.11000061035156,35.155860900878906,7136600,False,0.014302472479706112,0.01477827981102687,0.14775744302587476,44,48,16
WMT,2004-08-11,51.95000076293945,52.18999862670898,51.52000045776367,51.630001068115234,34.83203125,8614500,False,-0.0092539424138961,0.013990721965713033,0.13988321578518387,44,48,16
WMT,2004-08-12,52.58000183105469,53.38999938964844,52.47999954223633,52.650001525878906,35.52017974853516,14352600,False,0.019563576943887714,0.014502438907533739,0.14499950725098973,44,48,16
WMT,2004-08-13,52.97999954223633,53.5,52.84999847412109,53.400001525878906,36.02615737915039,9930900,False,0.014144289880667574,0.011842600228443188,0.1184056839434561,45,48,16
WMT,2004-08-16,53.5,54.29999923706055,53.45000076293945,54.29999923706055,36.633338928222656,7758600,True,0.01671345698831536,0.011586083839417786,0.11584096015819233,45,48,16
WMT,2004-08-17,54.38999938964844,54.970001220703125,53.720001220703125,54.970001220703125,37.08536529541016,11527900,False,0.012263699891860278,0.01148032903735572,0.11478359358101202,45,48,16
WMT,2004-08-18,54.70000076293945,54.709999084472656,54.11000061035156,54.459999084472656,36.828392028808594,7682600,False,-0.00695335513369723,0.010484248064103967,0.10482449282392756,45,48,16
WMT,2004-08-19,54.2400016784668,54.95000076293945,54.02999877929688,54.86000061035156,37.098907470703125,10535200,False,0.007318450724404948,0.009400690283809757,0.09399077408031552,46,48,16
WMT,2004-08-20,54.68999862670898,54.84999847412109,54.400001525878906,54.650001525878906,36.95689392089844,8795200,False,-0.0038353166454720435,0.010200928228468414,0.10199178055921698,45,48,16
WMT,2004-08-23,53.81999969482422,53.970001220703125,53.2400016784668,53.79999923706055,36.382080078125,11165400,True,-0.015675856430767583,0.011216905856776826,0.1121498137301908,45,48,16
WMT,2004-08-24,53.95000076293945,54.18000030517578,53.630001068115234,53.86000061035156,36.42263412475586,6676400,False,0.001114050134505866,0.00863946327694173,0.08637981004828153,46,48,16
WMT,2004-08-25,53.95000076293945,54.290000915527344,53.56999969482422,54.09999847412109,36.58492660522461,7307200,False,0.004445916181037055,0.009030648336058588,0.09029098948351623,46,48,16
WMT,2004-08-26,54.0,54.290000915527344,53.83000183105469,53.880001068115234,36.43616485595703,4747800,False,-0.004074492782737442,0.007633245208144216,0.07631935572794722,46,48,16
WMT,2004-08-27,53.81999969482422,54.02000045776367,53.52999877929688,53.560001373291016,36.21976852416992,4586400,False,-0.005956759801577638,0.007707833032185368,0.07706510599808092,46,48,16
WMT,2004-08-30,53.54999923706055,53.83000183105469,53.15999984741211,53.20000076293945,35.9763298034668,5506700,True,-0.006743844860400181,0.004832581282645912,0.04831752157011339,48,48,16
WMT,2004-08-31,53.209999084472656,53.61000061035156,52.45000076293945,52.66999816894531,35.61791229248047,8659000,False,-0.010012551143871801,0.005425649085011979,0.054247182067758,47,48,16
WMT,2004-09-01,52.459999084472656,52.93999862670898,52.130001068115234,52.630001068115234,35.590858459472656,7435800,False,-0.0007598455646345223,0.003413926666531186,0.03413340939370437,48,48,16
WMT,2004-09-02,52.09999847412109,53.18000030517578,52.09999847412109,53.119998931884766,35.92222213745117,12037700,False,0.009267284998480814,0.007538452630352849,0.07537159258559335,46,48,16
WMT,2004-09-03,53.25,53.959999084472656,53.09999847412109,53.25,36.01011657714844,8373600,False,0.0024438099750835594,0.007606293812209086,0.07604988800908719,46,48,16
WMT,2004-09-07,53.150001525878906,53.43000030517578,52.61000061035156,53.290000915527344,36.03717422485352,9391600,True,0.0007511080201896604,0.006940396212209338,0.06939205448913892,47,48,16
WMT,2004-09-08,53.04999923706055,53.560001373291016,53.0,53.08000183105469,35.89516067504883,9098600,False,-0.0039485367606290015,0.004913321242695719,0.04912478264511816,48,48,16
WMT,2004-09-09,53.08000183105469,53.34999847412109,52.5099983215332,52.56999969482422,35.55028533935547,9019300,False,-0.009654303629422873,0.007087934326737013,0.07086718250337519,47,48,16
WMT,2004-09-10,52.5099983215332,53.59000015258789,52.25,53.45000076293945,36.145389556884766,9178900,False,0.01660122136838249,0.009788539881644737,0.09786860462538005,46,48,16
WMT,2004-09-13,53.619998931884766,53.90999984741211,53.15999984741211,53.34999847412109,36.077762603759766,8686100,True,-0.0018727228282439923,0.009845860498694564,0.09844171245093553,46,48,16
WMT,2004-09-14,53.54999923706055,53.61000061035156,53.11000061035156,53.220001220703125,35.98984146118164,7134900,False,-0.002439964179139991,0.009918569805678717,0.09916868077346962,46,48,16
WMT,2004-09-15,53.2599983215332,53.34999847412109,52.58000183105469,52.90999984741211,35.78022003173828,6902300,False,-0.005841489366416875,0.010128330833679571,0.1012659311666283,45,48,16
WMT,2004-09-16,52.79999923706055,53.08000183105469,52.4900016784668,52.77000045776367,35.68552780151367,9734300,False,-0.002650004750819272,0.008990593517445576,0.08989051001941055,46,48,16
WMT,2004-09-17,52.77999877929688,52.970001220703125,52.13999938964844,52.47999954223633,35.48941802978516,16822100,False,-0.0055106545067226415,0.0018632439075499578,0.018629242309223224,49,48,16
WMT,2004-09-20,52.130001068115234,52.34999847412109,52.0099983215332,52.20000076293945,35.300071716308594,8381400,True,-0.005349572816919139,0.0016664842015800207,0.016661982830014542,49,48,16
WMT,2004-09-21,52.619998931884766,52.79999923706055,52.20000076293945,52.2599983215332,35.34062957763672,10187200,False,0.0011482860459116455,0.002965481175998659,0.02964972388599533,48,48,16
WMT,2004-09-22,52.02000045776367,52.18000030517578,51.560001373291016,51.66999816894531,34.9416618347168,10760400,False,-0.011353415504052387,0.004575551811580904,0.04574766784474806,48,48,16
WMT,2004-09-23,52.2599983215332,52.900001525878906,51.09999847412109,52.540000915527344,35.52999496459961,13508500,False,0.01669740220790713,0.010772549395658604,0.10770701150107988,45,48,16
WMT,2004-09-24,52.75,53.2400016784668,52.560001373291016,52.810001373291016,35.71257400512695,7935400,False,0.005125571491484767,0.010677698863186142,0.10675866891134786,45,48,16
WMT,2004-09-27,53.0099983215332,53.34000015258789,52.5099983215332,52.52000045776367,35.5164680480957,8999100,True,-0.005506362204878621,0.010702141260665791,0.10700305095033999,45,48,16
WMT,2004-09-28,52.720001220703125,52.900001525878906,52.20000076293945,52.77999877929688,35.69229888916016,8469500,False,0.004938470527746031,0.010829066016187484,0.10827208074084214,45,48,16
WMT,2004-09-29,52.59999847412109,53.02999877929688,52.290000915527344,53.0,35.841068267822266,12199800,False,0.004159446117605976,0.007872492987970102,0.07871142304895663,46,48,16
WMT,2004-09-30,52.619998931884766,53.45000076293945,52.619998931884766,53.20000076293945,35.9763298034668,12383800,False,0.0037668225029588148,0.004508329764668816,0.04507556270844632,48,48,16
WMT,2004-10-01,53.5,53.77000045776367,52.91999816894531,53.130001068115234,35.928985595703125,9168000,False,-0.0013168488127044103,0.00448978112003949,0.04489010808604975,48,48,16
WMT,2004-10-04,53.560001373291016,53.97999954223633,53.29999923706055,53.310001373291016,36.05071258544922,8775500,True,0.0033822621896258715,0.002473374838001978,0.024729504812530376,49,48,16
WMT,2004-10-05,53.20000076293945,53.619998931884766,52.91999816894531,53.40999984741211,36.11833190917969,9727300,False,0.0018739154437034883,0.0022370075241181855,0.022366237208928493,49,48,16
WMT,2004-10-06,53.40999984741211,53.9900016784668,53.2599983215332,53.97999954223633,36.5037956237793,7806000,False,0.010615699308507297,0.004371193454468803,0.04370443489111822,48,48,16
WMT,2004-10-07,53.47999954223633,54.380001068115234,53.47999954223633,53.54999923706055,36.21299743652344,8037500,False,-0.007998145276227105,0.0067961423713012795,0.06794976357627286,47,48,16
WMT,2004-10-08,53.40999984741211,53.540000915527344,52.63999938964844,52.84999847412109,35.73963165283203,11804700,False,-0.01315789622024423,0.009475763956173062,0.09474138200010111,46,48,16
WMT,2004-10-11,53.06999969482422,53.09000015258789,52.5,52.900001525878906,35.77345275878906,6490300,True,0.0009458718990201003,0.00925038474776638,0.09248797659898542,46,48,16
WMT,2004-10-12,52.52000045776367,52.9900016784668,52.52000045776367,52.91999816894531,35.786983489990234,7524500,False,0.0003781623498040427,0.009135688898727845,0.0913412148921885,46,48,16
WMT,2004-10-13,53.0,53.31999969482422,52.34999847412109,52.54999923706055,35.53675842285156,7995400,False,-0.007016628321492849,0.005983340785706604,0.05982314224344123,47,48,16
WMT,2004-10-14,52.619998931884766,52.65999984741211,52.060001373291016,52.09999847412109,35.23246383666992,8650500,False,-0.008599683641976908,0.0060550213725429755,0.06053982512947196,47,48,16
WMT,2004-10-15,52.540000915527344,53.08000183105469,52.25,52.52999877929688,35.523231506347656,9929200,False,0.008218965415566425,0.006789692191146859,0.06788527284129825,47,48,16
WMT,2004-10-18,52.45000076293945,53.16999816894531,52.34999847412109,52.91999816894531,35.786983489990234,7844300,True,0.007397346547903282,0.007835403078437818,0.07834058758876579,46,48,16
WMT,2004-10-19,53.02000045776367,53.36000061035156,52.61000061035156,52.68000030517578,35.624664306640625,7683500,False,-0.004546022053901988,0.008093096030070536,0.08091707498147506,46,48,16
WMT,2004-10-20,52.63999938964844,52.93000030517578,52.209999084472656,52.47999954223633,35.48941802978516,8675300,False,-0.0038036471953475084,0.007599429848224988,0.07598126014574445,46,48,16
WMT,2004-10-21,52.41999816894531,52.61000061035156,52.0099983215332,52.11000061035156,35.239192962646484,9691900,False,-0.007075668745318803,0.007201804824754401,0.0720056921160148,47,48,16
WMT,2004-10-22,52.31999969482422,52.47999954223633,51.93999862670898,51.9900016784668,35.158058166503906,8629200,False,-0.002305056824394974,0.0055650422795739665,0.05564087485657091,47,48,16
WMT,2004-10-25,52.150001525878906,52.40999984741211,51.90999984741211,52.29999923706055,35.367698669433594,8345200,True,0.0059450938153168525,0.004951714354191549,0.04950864788904177,48,48,16
WMT,2004-10-26,52.29999923706055,52.95000076293945,52.22999954223633,52.81999969482422,35.7193489074707,8918200,False,0.009893591544597177,0.007100428265215074,0.07099210045231423,47,48,16
WMT,2004-10-27,52.5099983215332,53.790000915527344,52.5,53.720001220703125,36.32796096801758,11725900,False,0.016895191194832553,0.009552214698767849,0.09550575825956308,46,48,16
WMT,2004-10-28,53.709999084472656,54.34000015258789,53.70000076293945,53.9900016784668,36.51054000854492,8409700,False,0.005013266897959926,0.0070337154241966356,0.07032508650130478,47,48,16
WMT,2004-10-29,53.81999969482422,54.310001373291016,53.59999847412109,53.91999816894531,36.46321487426758,10006800,False,-0.0012970455196676409,0.00670387991835418,0.06702729734142822,47,48,16
WMT,2004-11-01,53.91999816894531,53.91999816894531,53.4900016784668,53.84999847412109,36.415863037109375,8974600,True,-0.0012994633076724058,0.007765978581576946,0.07764646173171805,46,48,16
WMT,2004-11-02,53.04999923706055,54.66999816894531,53.04999923706055,54.150001525878906,36.61874008178711,10796700,False,0.005555656027024889,0.0074353382196498926,0.07434062539188652,47,48,16
WMT,2004-11-03,54.77999877929688,54.86000061035156,53.90999984741211,54.47999954223633,36.8419075012207,11109500,False,0.006075854578290634,0.0037687640264139686,0.03768117419832063,48,48,16
WMT,2004-11-04,54.29999923706055,56.34999847412109,54.18000030517578,56.2599983215332,38.045631408691406,16588400,False,0.03215027781682519,0.01383426152125498,0.13831887977967908,44,48,16
WMT,2004-11-05,56.5,56.95000076293945,56.34000015258789,56.470001220703125,38.18763732910156,12389700,False,0.0037255672493937174,0.013133509425529601,0.13131256110230857,44,48,16
WMT,2004-11-08,56.470001220703125,56.970001220703125,56.209999084472656,56.52999877929688,38.22822570800781,9228300,True,0.001062302540599318,0.012694759594957184,0.12692581555936358,44,48,16
WMT,2004-11-09,56.70000076293945,56.77999877929688,55.95000076293945,56.31999969482422,38.086219787597656,7971400,False,-0.003721604301529056,0.01405912997718884,0.14056717853236422,44,48,16
WMT,2004-11-10,56.400001525878906,56.709999084472656,56.04999923706055,56.04999923706055,37.903621673583984,6305400,False,-0.00480586515113315,0.015200016887398521,0.15197409021558264,43,40,13
WMT,2004-11-11,56.43999862670898,56.810001373291016,56.119998931884766,56.619998931884766,38.28907775878906,7085000,False,0.010118013312756122,0.006045501999510704,0.06044464773153094,47,48,16
WMT,2004-11-12,56.52000045776367,56.93000030517578,56.40999984741211,56.84999847412109,38.44460678100586,6491100,False,0.0040537408344496215,0.006080429894285598,0.0607938667535151,47,48,16
WMT,2004-11-15,56.900001525878906,57.88999938964844,56.77999877929688,57.70000076293945,39.01943206787109,10319400,True,0.01484135985090252,0.008545281187789407,0.08543815074490316,46,48,16
WMT,2004-11-16,57.0,57.150001525878906,56.65999984741211,56.88999938964844,38.471675872802734,12232200,False,-0.014137501266465935,0.011637850843445645,0.11635854138185811,45,48,16
WMT,2004-11-17,57.34999847412109,57.34999847412109,55.84999847412109,56.2400016784668,38.03209686279297,16166700,False,-0.01149182143362157,0.012929751192364874,0.12927532835852024,44,48,16
WMT,2004-11-18,56.2400016784668,56.43000030517578,55.45000076293945,55.79999923706055,37.73455810546875,11294700,False,-0.007854122291024604,0.012121808424737349,0.12119728686908951,45,48,16
WMT,2004-11-19,55.84999847412109,55.84999847412109,55.15999984741211,55.25,37.36262512207031,9847000,False,-0.009905458727527907,0.011715478666433216,0.11713468642573191,45,48,16
WMT,2004-11-22,55.47999954223633,55.88999938964844,54.83000183105469,55.68000030517578,37.65341567993164,8941000,True,0.007752795569281729,0.008629247502233709,0.08627766982839888,46,48,16
WMT,2004-11-23,55.45000076293945,55.95000076293945,55.34999847412109,55.650001525878906,37.63312149047852,8970900,False,-0.0005391186979080351,0.007986418593179855,0.07985048363897253,46,48,16
WMT,2004-11-24,55.95000076293945,55.95000076293945,55.18999862670898,55.5,37.53169250488281,7191600,False,-0.002698843827839775,0.006935433041587276,0.06934243129822668,47,48,16
WMT,2004-11-26,55.29999923706055,55.7400016784668,55.29999923706055,55.31999969482422,37.40995407104492,3555200,True,-0.003248888875065147,0.006352664702284938,0.06351574776043775,47,48,16
WMT,2004-11-29,53.75,53.900001525878906,53.09999847412109,53.150001525878906,35.942501068115234,25158000,True,-0.04001635160869805,0.01856896002576141,0.18565774150581202,42,40,13
WMT,2004-11-30,53.20000076293945,53.22999954223633,52.060001373291016,52.060001373291016,35.20539855957031,27650900,False,-0.02072103001797573,0.016918774081992924,0.16915871329100324,43,40,13
WMT,2004-12-01,52.5,52.9900016784668,52.34999847412109,52.81999969482422,35.7193489074707,19990300,False,0.014493089153812677,0.020698772021772213,0.20695220734895972,41,40,13
WMT,2004-12-02,52.58000183105469,53.27000045776367,52.150001525878906,53.0,35.841068267822266,16154400,False,0.0034018660746049224,0.021435748279942893,0.21432070550101293,41,40,13
WMT,2004-12-03,52.90999984741211,53.47999954223633,52.77000045776367,52.93000030517578,35.793731689453125,11286800,False,-0.0013216086395831325,0.021586720792643788,0.2158301716045868,41,40,13
WMT,2004-12-06,52.93000030517578,52.93000030517578,52.52000045776367,52.52000045776367,35.5164680480957,9072100,True,-0.007776308005768797,0.013084004664710006,0.13081759842939633,44,48,16
WMT,2004-12-07,52.5099983215332,53.09999847412109,52.33000183105469,52.5,35.5029411315918,9549500,False,-0.00038093577019936853,0.008213082496182468,0.08211673378189792,46,48,16
WMT,2004-12-08,52.25,52.54999923706055,52.09999847412109,52.5099983215332,35.50970458984375,10574800,False,0.00019048602410722088,0.004093944558024974,0.04093242160241874,48,48,16
WMT,2004-12-09,52.119998931884766,52.88999938964844,52.119998931884766,52.77000045776367,35.68552780151367,11553300,False,0.004939195033361436,0.0045555351458527885,0.045547535530046375,48,48,16
WMT,2004-12-10,52.45000076293945,53.08000183105469,52.43000030517578,52.709999084472656,35.64496612548828,8439000,False,-0.001137288645130052,0.004551709537379577,0.04550928600890806,48,48,16
WMT,2004-12-13,52.720001220703125,53.18000030517578,52.5,52.95000076293945,35.80725860595703,9796500,True,0.004542692971937723,0.0028813407589989106,0.028808464075652775,48,48,16
WMT,2004-12-14,52.84999847412109,53.630001068115234,52.77000045776367,53.5099983215332,36.18596267700195,10210500,False,0.01052064506432544,0.004594050973437528,0.045932627724315174,48,48,16
WMT,2004-12-15,53.380001068115234,53.650001525878906,52.79999923706055,53.02999877929688,35.94868087768555,11717600,False,-0.0065788820309521795,0.006521116730492506,0.0651999790294858,47,48,16
WMT,2004-12-16,52.79999923706055,52.95000076293945,52.52999877929688,52.75,35.75886917114258,8849600,False,-0.00529406317009101,0.007125293041906861,0.07124070555875203,47,48,16
WMT,2004-12-17,52.13999938964844,52.84000015258789,52.0,52.02000045776367,35.26403045654297,17717900,False,-0.01393484987193114,0.009665922035473751,0.0966426365390236,46,48,16
WMT,2004-12-20,52.290000915527344,52.70000076293945,52.130001068115234,52.20000076293945,35.38603210449219,9477100,True,0.0034536917533030858,0.009488079982529572,0.09486452113306836,46,48,16
WMT,2004-12-21,52.20000076293945,52.59999847412109,52.18000030517578,52.59999847412109,35.65717315673828,9294400,False,0.00763316823210347,0.008548989598123818,0.08547522848573023,46,48,16
WMT,2004-12-22,52.34999847412109,53.25,52.33000183105469,52.970001220703125,35.908016204833984,12506000,False,0.007010225994040589,0.009236983433137365,0.09235398644532145,46,48,16
WMT,2004-12-23,52.90999984741211,53.15999984741211,52.54999923706055,52.54999923706055,35.623313903808594,8369500,False,-0.007960254729045725,0.009669503861220275,0.0966784486511529,46,48,16
WMT,2004-12-27,53.04999923706055,53.4900016784668,52.72999954223633,52.790000915527344,35.7859992980957,9692300,True,0.004556427402872168,0.0063301822353803465,0.06329096166454466,47,48,16
WMT,2004-12-28,52.84999847412109,53.400001525878906,52.84000015258789,53.22999954223633,36.084259033203125,6617700,False,0.008299996529539843,0.006783550809923739,0.06782386956583056,47,48,16
WMT,2004-12-29,53.22999954223633,53.4900016784668,53.209999084472656,53.43999862670898,36.22662734985352,5782200,False,0.00393767820384822,0.006470283497557027,0.0646917339146734,47,48,16
WMT,2004-12-30,53.630001068115234,53.630001068115234,53.02000045776367,53.060001373291016,35.969032287597656,6585600,False,-0.007136056562988613,0.007397106572444536,0.07395837451384348,47,48,16
WMT,2004-12-31,53.06999969482422,53.18000030517578,52.560001373291016,52.81999969482422,35.80632400512695,8406700,False,-0.004533828032029365,0.006545679138127722,0.06544556096413225,47,48,16
WMT,2005-01-03,53.75,54.29999923706055,53.29999923706055,53.34999847412109,36.16562271118164,16078400,True,0.009984492773076014,0.00763698423673574,0.07635673959881371,46,48,16
WMT,2005-01-04,53.77000045776367,53.88999938964844,53.02000045776367,53.220001220703125,36.07748794555664,10596700,False,-0.0024399505654896765,0.006939391555816314,0.06938200964889696,47,48,16
WMT,2005-01-05,53.5,53.63999938964844,53.11000061035156,53.290000915527344,36.12492752075195,8241500,False,0.0013140718829260658,0.006657110693375799,0.06655968533357118,47,48,16
WMT,2005-01-06,53.900001525878906,54.18999862670898,53.150001525878906,54.04999923706055,36.6401481628418,14028800,False,0.014161443458819048,0.008064182858777729,0.08062799287485488,46,48,16
WMT,2005-01-07,54.04999923706055,54.33000183105469,53.75,53.9900016784668,36.59946060180664,9660300,False,-0.0011110809002718687,0.007299838519680056,0.07298586086892915,47,48,16
WMT,2005-01-10,53.79999923706055,54.33000183105469,53.59000015258789,53.720001220703125,36.41644287109375,8654000,True,-0.005013102770647239,0.007500648087203012,0.07499361201532337,47,48,16
WMT,2005-01-11,53.58000183105469,53.75,53.41999816894531,53.59000015258789,36.32833099365234,6663400,False,-0.0024224948639053846,0.00749842802481153,0.07497141520036806,47,48,16
WMT,2005-01-12,53.59000015258789,54.13999938964844,53.400001525878906,54.08000183105469,36.66048812866211,8336900,False,0.009101652335091996,0.008250850716731954,0.08249435118848306,46,48,16
WMT,2005-01-13,54.09999847412109,54.20000076293945,53.52000045776367,53.63999938964844,36.36219787597656,9589100,False,-0.008169842227191101,0.006523483243940408,0.06522364010373932,47,48,16
WMT,2005-01-14,53.630001068115234,54.060001373291016,53.4900016784668,53.9900016784668,36.59946060180664,7486700,False,0.006503787526651622,0.007464672300118701,0.07463391586811315,47,48,16
WMT,2005-01-18,53.59999847412109,54.5,53.52999877929688,54.4900016784668,36.93842315673828,9895600,True,0.009218784609854166,0.007781882754260014,0.07780547617177071,46,48,16
WMT,2005-01-19,54.290000915527344,54.59999847412109,53.75,53.77999877929688,36.45710372924805,6947300,False,-0.013115958095575348,0.010564041683871343,0.10562229211974337,45,48,16
WMT,2005-01-20,53.720001220703125,54.16999816894531,53.29999923706055,53.369998931884766,36.17918395996094,9002000,False,-0.00765240444850524,0.009870266274433648,0.0986857283353539,46,48,16
WMT,2005-01-21,53.34000015258789,53.47999954223633,53.0,53.0099983215332,35.93512725830078,8581200,False,-0.006768632447904092,0.009692408888097944,0.0969074596217909,46,48,16
WMT,2005-01-24,53.02000045776367,53.27999877929688,52.77000045776367,53.06999969482422,35.975799560546875,8577100,True,0.0011311857149474032,0.00871190052809563,0.0871040582792791,46,48,16
WMT,2005-01-25,53.18999862670898,53.45000076293945,53.11000061035156,53.27999877929688,36.11817169189453,6419000,False,0.003949631680796089,0.0069358709783285755,0.06934680991427192,47,48,16
WMT,2005-01-26,53.34999847412109,53.68999862670898,53.220001220703125,53.27999877929688,36.11817169189453,7178600,False,0.0,0.005094234744538586,0.05093360727037753,47,48,16
WMT,2005-01-27,53.060001373291016,53.380001068115234,52.869998931884766,53.08000183105469,35.98258590698242,6634100,False,-0.0037610130392972175,0.004210131539458995,0.042094092074835714,48,48,16
WMT,2005-01-28,52.900001525878906,52.91999816894531,52.29999923706055,52.43000030517578,35.54195022583008,11121500,False,-0.012321401287609592,0.0062975053255350955,0.06296424862984365,47,48,16
WMT,2005-01-31,52.54999923706055,52.900001525878906,52.220001220703125,52.400001525878906,35.52161407470703,10231500,True,-0.0005723369458972953,0.0061156621881081,0.061146129243718116,47,48,16
WMT,2005-02-01,52.400001525878906,52.95000076293945,52.34999847412109,52.61000061035156,35.663970947265625,10191700,False,0.003999603635655949,0.006128947610529614,0.06127896067414324,47,48,16
WMT,2005-02-02,52.630001068115234,53.29999923706055,52.630001068115234,53.060001373291016,35.969032287597656,9210600,False,0.008517392006504993,0.007927930213094117,0.07926570018658818,46,48,16
WMT,2005-02-03,53.02999877929688,53.43999862670898,53.02000045776367,53.41999816894531,36.21305847167969,7761800,False,0.0067614310195826255,0.008340434570096237,0.08339003602317097,46,48,16
WMT,2005-02-04,53.400001525878906,53.58000183105469,53.130001068115234,53.459999084472656,36.240177154541016,7447300,False,0.000748584487451418,0.0038552180194709198,0.038545565799834376,48,48,16
WMT,2005-02-07,53.70000076293945,53.7400016784668,53.45000076293945,53.5099983215332,36.27407836914063,6241000,True,0.0009350221366731838,0.0034573480625605746,0.03456754885593929,48,48,16
WMT,2005-02-08,53.29999923706055,53.56999969482422,53.20000076293945,53.20000076293945,36.06393814086914,5760100,False,-0.005809969073785774,0.0056696081525220736,0.05668635418245649,47,48,16
WMT,2005-02-09,52.86000061035156,53.09000015258789,52.27000045776367,52.52000045776367,35.602970123291016,8400200,False,-0.01286435778867204,0.007507851971979876,0.07506563850339192,46,48,16
WMT,2005-02-10,52.459999084472656,52.83000183105469,52.22999954223633,52.2599983215332,35.42669677734375,9131700,False,-0.004963382640401743,0.0056771631929439055,0.05676189162449721,47,48,16
WMT,2005-02-11,52.11000061035156,52.630001068115234,52.09999847412109,52.09999847412109,35.318260192871094,10429600,False,-0.0030655660569406037,0.005033736036439482,0.05032872398697791,47,48,16
WMT,2005-02-14,52.29999923706055,52.5099983215332,52.09999847412109,52.150001525878906,35.352149963378906,7799400,True,0.0009590937149141961,0.005041021360282673,0.05040156472598477,47,48,16
WMT,2005-02-15,52.59000015258789,52.959999084472656,52.369998931884766,52.70000076293945,35.724979400634766,9483500,False,0.010490937381566302,0.008553787197506442,0.08552319624831854,46,48,16
WMT,2005-02-16,52.7400016784668,52.95000076293945,52.540000915527344,52.59999847412109,35.65717315673828,7572200,False,-0.0018998100186537192,0.006086027328198213,0.06084983148912779,47,48,16
WMT,2005-02-17,52.88999938964844,53.040000915527344,52.33000183105469,52.70000076293945,35.724979400634766,14965300,False,0.0018998100186537969,0.005327664323169909,0.05326750256172506,47,48,16
WMT,2005-02-18,52.810001373291016,53.0,52.63999938964844,52.720001220703125,35.73853302001953,9764100,False,0.0003793157959406076,0.004752772217472153,0.04751956784673342,48,48,16
WMT,2005-02-22,52.59999847412109,52.68000030517578,51.970001220703125,52.0,35.250465393066406,11491200,True,-0.01375073119115628,0.008729910958952746,0.08728413168736657,46,48,16
WMT,2005-02-23,52.02999877929688,52.119998931884766,51.2400016784668,51.59999847412109,34.979305267333984,13645700,False,-0.007722123271881286,0.006463140840653976,0.06462031960029437,47,48,16
WMT,2005-02-24,51.75,51.810001373291016,51.27000045776367,51.459999084472656,34.884395599365234,9931800,False,-0.0027169968145736123,0.006399864223654817,0.06398766199395055,47,48,16
WMT,2005-02-25,51.400001525878906,51.4900016784668,51.09999847412109,51.4900016784668,34.90473175048828,11468000,False,0.0005827885365777357,0.006096592186015497,0.06095546194118141,47,48,16
WMT,2005-02-28,51.79999923706055,52.290000915527344,51.59999847412109,51.61000061035156,34.986087799072266,10864900,True,0.00232809075223816,0.006544016103605929,0.0654289334721815,47,48,16
WMT,2005-03-01,52.0099983215332,52.310001373291016,51.91999816894531,52.040000915527344,35.27757263183594,10462800,False,0.008296934805396297,0.005947559533435751,0.05946539111060234,47,48,16
WMT,2005-03-02,52.040000915527344,52.40999984741211,51.79999923706055,51.95000076293945,35.21656799316406,9118200,False,-0.0017307723268816253,0.004354215749686524,0.04353468697193172,48,48,16
WMT,2005-03-03,52.79999923706055,53.18000030517578,52.66999816894531,52.86000061035156,35.83344650268555,19475800,False,0.01736506361692,0.00766550812355852,0.07664192952862874,46,48,16
WMT,2005-03-04,53.209999084472656,53.4900016784668,52.95000076293945,53.09999847412109,35.99613571166992,11556300,False,0.004529874243012669,0.0072409433783969645,0.07239701050245118,47,48,16
WMT,2005-03-07,53.09999847412109,53.36000061035156,52.59000015258789,52.77999877929688,35.77922821044922,10268600,True,-0.0060440839220383125,0.009081937025541782,0.0908037883823793,46,48,16
WMT,2005-03-08,52.59999847412109,52.75,52.25,52.41999816894531,35.53517150878906,9411100,False,-0.006844554687865912,0.009973126250763091,0.09971415162185848,46,48,16
WMT,2005-03-09,52.400001525878906,52.59000015258789,52.27999877929688,52.45000076293945,35.55552673339844,10108200,False,0.0005726550918460266,0.009841503124605782,0.0983981461859914,46,48,16
WMT,2005-03-10,52.45000076293945,52.560001373291016,52.06999969482422,52.150001525878906,35.352149963378906,8096500,False,-0.005736398009100455,0.005014010254088508,0.05013150000697923,47,48,16
WMT,2005-03-11,52.22999954223633,52.2400016784668,51.470001220703125,51.59999847412109,34.979305267333984,9248600,False,-0.010602601285530878,0.004025127989446373,0.04024437398517158,48,48,16
WMT,2005-03-14,51.77999877929688,51.93999862670898,51.13999938964844,51.29999923706055,34.77592086791992,15325500,True,-0.005831390335165312,0.004022114768011427,0.04021424694060405,48,48,16
WMT,2005-03-15,51.54999923706055,51.650001525878906,51.0099983215332,51.02999877929688,34.59291458129883,13994200,False,-0.005276337998366024,0.003970234595385855,0.03969553422512442,48,48,16
WMT,2005-03-16,50.91999816894531,51.54999923706055,50.86000061035156,51.33000183105469,34.89884567260742,17478600,False,0.008804873172034705,0.007334649209671601,0.07333390804416799,47,48,16
WMT,2005-03-17,51.5099983215332,52.43000030517578,51.400001525878906,52.33000183105469,35.578739166259766,19034200,False,0.01929449164558006,0.012408658823754056,0.12406529871022648,45,48,16
WMT,2005-03-18,52.34000015258789,52.34000015258789,51.45000076293945,51.45000076293945,34.98044204711914,86798700,False,-0.016959138373987374,0.01413559530505935,0.14133170061955946,44,48,16
WMT,2005-03-21,51.52000045776367,51.7599983215332,51.119998931884766,51.16999816894531,34.790069580078125,22030400,True,-0.005457117485423744,0.014097893062661885,0.1409547428812959,44,48,16
WMT,2005-03-22,51.16999816894531,51.34000015258789,50.84999847412109,50.900001525878906,34.60649490356445,18045000,False,-0.005290610740630291,0.014099250477538386,0.14096831470114513,44,48,16
WMT,2005-03-23,50.900001525878906,51.18000030517578,50.58000183105469,50.650001525878906,34.43653106689453,17582700,False,-0.004923427894700571,0.013288452601939588,0.13286172703050844,44,48,16
WMT,2005-03-24,51.02000045776367,51.02999877929688,50.52000045776367,50.65999984741211,34.44334030151367,12503700,False,0.00019771333790404488,0.006310464252849622,0.06309381566936634,47,48,16
WMT,2005-03-28,50.65999984741211,51.18000030517578,50.5099983215332,50.9900016784668,34.66768264770508,12244000,True,0.006492253322486514,0.005197762173177157,0.05196870393482594,47,48,16
WMT,2005-03-29,50.900001525878906,51.27000045776367,50.72999954223633,50.77000045776367,34.51811218261719,13902900,False,-0.004323740110800933,0.005019866672772453,0.05019005414596521,47,48,16
WMT,2005-03-30,50.900001525878906,51.18000030517578,50.70000076293945,50.84000015258789,34.56570053100586,11150600,False,0.0013776991757258688,0.0046567994506064615,0.046560004838485866,48,48,16
WMT,2005-03-31,50.75,50.88999938964844,50.060001373291016,50.11000061035156,34.06937789916992,15975900,False,-0.01446290423808157,0.007889510857150214,0.07888157254321143,46,48,16
WMT,2005-04-01,50.25,50.5,48.5,48.9900016784668,33.30790710449219,29161300,False,-0.022604152631178334,0.011812451576473842,0.11810424914978386,45,48,16
WMT,2005-04-04,49.33000183105469,49.61000061035156,48.720001220703125,49.40999984741211,33.59345626831055,17573600,True,0.008536474698001633,0.012403950364420853,0.12401822219519486,45,48,16
WMT,2005-04-05,49.54999923706055,49.790000915527344,49.22999954223633,49.66999816894531,33.77021789550781,13083100,False,0.005247992633423459,0.013476547710626903,0.13474235540273444,44,48,16
WMT,2005-04-06,49.880001068115234,49.95000076293945,49.34999847412109,49.5,33.65467071533203,14464500,False,-0.003427437424684046,0.013130102449676918,0.13127849718912785,44,48,16
WMT,2005-04-07,49.290000915527344,49.290000915527344,48.459999084472656,48.900001525878906,33.246726989746094,25792300,False,-0.012195523433492683,0.012770572344264194,0.12768381298055242,44,48,16
WMT,2005-04-08,48.900001525878906,49.040000915527344,48.52000045776367,48.56999969482422,33.02235412597656,13173300,False,-0.0067715959650245,0.008542814667446382,0.08541348977328014,46,48,16
WMT,2005-04-11,48.56999969482422,48.70000076293945,48.2400016784668,48.5099983215332,32.981571197509766,11774800,True,-0.001235772977349563,0.006477251126391524,0.06476139824866241,47,48,16
WMT,2005-04-12,48.20000076293945,48.83000183105469,47.77000045776367,48.630001068115234,33.06314849853516,20094900,False,0.0024703668328894357,0.0055770438319185794,0.05576086978896203,47,48,16
WMT,2005-04-13,48.7599983215332,49.09000015258789,48.4900016784668,48.56999969482422,33.02235412597656,12498000,False,-0.0012345938555398041,0.005739970583627052,0.05738985777273216,47,48,16
WMT,2005-04-14,48.400001525878906,49.5,47.91999816894531,47.959999084472656,32.60761260986328,19744500,False,-0.01263895314093808,0.005903342998295526,0.059023301621478674,47,48,16
WMT,2005-04-15,47.970001220703125,48.2400016784668,47.4900016784668,47.70000076293945,32.43085479736328,17211300,False,-0.005435498551350349,0.00576855028005127,0.057675605702809066,47,48,16
WMT,2005-04-18,47.90999984741211,47.959999084472656,47.54999923706055,47.880001068115234,32.55322265625,15085200,True,0.003766091889423738,0.006650557460378826,0.06649416424697874,47,48,16
WMT,2005-04-19,47.75,47.88999938964844,47.18000030517578,47.59999847412109,32.36285400390625,14637100,False,-0.005865086365321368,0.0060772907954424,0.060762481150832826,47,48,16
WMT,2005-04-20,47.400001525878906,47.95000076293945,47.29999923706055,47.34999847412109,32.1928825378418,13978400,False,-0.005265894804719577,0.005834554427290268,0.05833553393192953,47,48,16
WMT,2005-04-21,47.88999938964844,47.90999984741211,47.5,47.77999877929688,32.4852409362793,10436600,False,0.009040472231989135,0.006796317456938519,0.06795151413225095,47,48,16
WMT,2005-04-22,47.47999954223633,47.56999969482422,46.650001525878906,46.810001373291016,31.82573890686035,23246900,False,-0.020510499166392953,0.011266901024164114,0.11264967962738977,45,48,16
WMT,2005-04-25,47.060001373291016,47.43999862670898,46.900001525878906,47.02000045776367,31.96852684020996,13741200,True,0.004476520581408349,0.011389462534732081,0.11387508445437099,45,48,16
WMT,2005-04-26,47.0,47.18000030517578,46.900001525878906,47.0,31.95491600036621,11741600,False,-0.00042584815349778853,0.011381759919652559,0.1137980715189471,45,48,16
WMT,2005-04-27,46.70000076293945,47.470001220703125,46.650001525878906,47.290000915527344,32.152076721191406,10899400,False,0.00615100893317556,0.011833685691648714,0.11831655387017594,45,48,16
WMT,2005-04-28,47.02000045776367,47.59000015258789,46.93000030517578,47.04999923706055,31.988916397094727,12062500,False,-0.005087563135260989,0.010691230747183407,0.10689396453467653,45,48,16
WMT,2005-04-29,47.150001525878906,47.27999877929688,46.20000076293945,47.13999938964844,32.050106048583984,16996600,False,0.0019110119978186446,0.004407954986183162,0.04407198713652742,48,48,16
WMT,2005-05-02,47.47999954223633,47.900001525878906,47.31999969482422,47.79999923706055,32.49883270263672,11673500,True,0.01390367963934044,0.007189024030586588,0.07187790610233635,47,48,16
WMT,2005-05-03,47.56999969482422,48.5,47.540000915527344,48.400001525878906,32.90678787231445,14666900,False,0.012474782949341949,0.00780999210202746,0.07808652142225676,46,48,16
WMT,2005-05-04,48.400001525878906,48.61000061035156,48.2400016784668,48.45000076293945,32.940773010253906,12170900,False,0.0010322368969047449,0.008094357702082377,0.08092968953694367,46,48,16
WMT,2005-05-05,48.34999847412109,49.220001220703125,48.310001373291016,48.56999969482422,33.02235412597656,10836700,False,0.002473538198078344,0.006276559721884324,0.06275482852969355,47,48,16
WMT,2005-05-06,48.84999847412109,49.150001525878906,48.650001525878906,48.959999084472656,33.28752136230469,10242300,False,0.007997862998349068,0.005767831557422671,0.05766841970963498,47,48,16
WMT,2005-05-09,48.900001525878906,49.459999084472656,48.900001525878906,49.25,33.48468780517578,10191500,True,0.005905661004005219,0.004556179494432413,0.04555397791033421,48,48,16
WMT,2005-05-10,49.0,49.02000045776367,48.540000915527344,48.720001220703125,33.124324798583984,9501300,False,-0.010820353235731748,0.007321607598332818,0.07320351430626366,47,48,16
WMT,2005-05-11,48.75,48.93999862670898,48.130001068115234,48.59999847412109,33.04273223876953,10346300,False,-0.002466260547910335,0.007520195253528526,0.07518905014151885,46,48,16
WMT,2005-05-12,46.79999923706055,47.869998931884766,46.59999847412109,47.650001525878906,32.3968391418457,32523500,False,-0.019740779422942237,0.011603437284140697,0.11601446483212839,45,48,16
WMT,2005-05-13,47.400001525878906,47.54999923706055,46.93000030517578,47.130001068115234,32.04331588745117,12544900,False,-0.01097225172589384,0.009719795200819711,0.09718127576233088,46,48,16
WMT,2005-05-16,47.130001068115234,47.4900016784668,46.709999084472656,47.220001220703125,32.1045036315918,11505300,True,0.001907711381506746,0.00840452785855764,0.08403085894297456,46,48,16
WMT,2005-05-17,47.09999847412109,47.380001068115234,46.93000030517578,47.0,31.95491600036621,16559100,False,-0.0046702859307817144,0.008415142672480874,0.08413698887037803,46,48,16
WMT,2005-05-18,47.09000015258789,47.66999816894531,46.970001220703125,47.58000183105469,32.45282745361328,18465100,False,0.015461537563532139,0.01332007345352401,0.13317788129447958,44,48,16
WMT,2005-05-19,47.83000183105469,47.970001220703125,47.29999923706055,47.5099983215332,32.405086517333984,10418800,False,-0.0014721702249946924,0.00983685305491631,0.09835165346721801,46,48,16
WMT,2005-05-20,47.400001525878906,47.43999862670898,47.02999877929688,47.18000030517578,32.18002700805664,10135900,False,-0.006969420907482873,0.008826453805294338,0.08824939451228815,46,48,16
WMT,2005-05-23,47.33000183105469,48.02999877929688,47.27000045776367,47.84999847412109,32.63698196411133,11658500,True,0.014100080641291306,0.010680640252658406,0.10678807775953063,45,48,16
WMT,2005-05-24,47.7400016784668,47.84999847412109,47.560001373291016,47.650001525878906,32.50056457519531,7895800,False,-0.004188600756712175,0.010592701116325895,0.10590883727332055,45,48,16
WMT,2005-05-25,47.52000045776367,47.84999847412109,47.13999938964844,47.29999923706055,32.26186752319336,9483200,False,-0.007371499962153888,0.00886665060865979,0.0886512935803151,46,48,16
WMT,2005-05-26,47.45000076293945,47.5,47.220001220703125,47.310001373291016,32.268672943115234,7287300,False,0.00021092090343358542,0.008884731216523133,0.08883206863806219,46,48,16
WMT,2005-05-27,47.2400016784668,47.31999969482422,47.15999984741211,47.27000045776367,32.241390228271484,5618600,False,-0.0008458437375231867,0.008226933706368681,0.08225522211924836,46,48,16
WMT,2005-05-31,47.45000076293945,47.470001220703125,47.130001068115234,47.22999954223633,32.2140998840332,11405800,True,-0.0008467966288511861,0.0031361830720918332,0.03135644997380266,48,48,16
WMT,2005-06-01,47.25,48.16999816894531,47.2400016784668,47.91999816894531,32.684722900390625,10936200,False,0.014503537841463115,0.008058898897429669,0.08057516232706308,46,48,16
WMT,2005-06-02,47.84000015258789,48.43999862670898,47.83000183105469,48.220001220703125,32.88935852050781,9491200,False,0.00624137708000901,0.00664398716331833,0.06642847254902788,47,48,16
WMT,2005-06-03,48.09999847412109,48.15999984741211,47.290000915527344,47.34999847412109,32.295955657958984,10523500,False,-0.01820714566459642,0.012063345500068426,0.12061275792719947,45,48,16
WMT,2005-06-06,47.34999847412109,48.13999938964844,47.209999084472656,47.72999954223633,32.555145263671875,8885000,True,0.007993418218005695,0.01251660761900265,0.1251446014550395,44,48,16
WMT,2005-06-07,47.95000076293945,48.09000015258789,47.7400016784668,47.7599983215332,32.57560348510742,8321700,False,0.0006282200804200143,0.012451811825049612,0.12449675468560772,45,48,16
WMT,2005-06-08,47.880001068115234,47.880001068115234,47.29999923706055,47.56999969482422,32.44601821899414,8326000,False,-0.003985918354018561,0.010486729219536362,0.10484930012133485,45,48,16
WMT,2005-06-09,47.54999923706055,48.09999847412109,47.45000076293945,47.81999969482422,32.61652755737305,9485100,False,0.00524140968362509,0.010311057604482749,0.1030928853704665,45,48,16
WMT,2005-06-10,47.79999923706055,48.02999877929688,47.63999938964844,47.97999954223633,32.72566604614258,8689400,False,0.0033405242230578566,0.004578950297101083,0.04578164686917061,48,48,16
WMT,2005-06-13,48.0,48.709999084472656,47.9900016784668,48.27999877929688,32.9302864074707,12273300,True,0.006233129401728543,0.0041082643105480755,0.04107559455926032,48,48,16
WMT,2005-06-14,48.41999816894531,49.709999084472656,48.400001525878906,49.68000030517578,33.88518524169922,16154100,False,0.028585111535091204,0.012245231759442926,0.12243130845881575,45,48,16
WMT,2005-06-15,50.0099983215332,50.29999923706055,49.38999938964844,49.84999847412109,34.00114059448242,15782900,False,0.0034161656010485873,0.010815593165177164,0.10813737534610005,45,48,16
WMT,2005-06-16,49.70000076293945,49.95000076293945,49.22999954223633,49.34999847412109,33.660091400146484,10093200,False,-0.010081166797507578,0.013982563100102546,0.13980164112723906,44,48,16
WMT,2005-06-17,49.75,49.75,48.630001068115234,48.93000030517578,33.37362289428711,17582900,False,-0.008547049877774293,0.015535701951093718,0.15533036491790428,43,40,13
WMT,2005-06-20,48.560001373291016,48.959999084472656,48.54999923706055,48.86000061035156,33.32587432861328,7629200,True,-0.001431752136630499,0.01562843338103364,0.15625752011805363,43,40,13
WMT,2005-06-21,49.0,49.09000015258789,48.5099983215332,48.52999877929688,33.10079574584961,8500700,False,-0.006776779383952217,0.005581713182561223,0.05580755528418682,47,48,16
WMT,2005-06-22,48.70000076293945,48.93000030517578,48.29999923706055,48.790000915527344,33.27814102172852,10602100,False,0.005343432916597447,0.0063011188214321225,0.06300037738914152,47,48,16
WMT,2005-06-23,48.790000915527344,48.88999938964844,47.79999923706055,47.880001068115234,32.65745162963867,11181000,False,-0.01882769843424036,0.008960629860351963,0.08959092485710006,46,48,16
WMT,2005-06-24,47.81999969482422,47.84999847412109,47.2400016784668,47.369998931884766,32.3095817565918,15712200,False,-0.010709222188567576,0.009161310312310652,0.09159738506937509,46,48,16
WMT,2005-06-27,47.369998931884766,47.70000076293945,47.36000061035156,47.52000045776367,32.41191101074219,7980900,True,0.003162143981610742,0.009987335665282664,0.0998562213879716,46,48,16
WMT,2005-06-28,47.70000076293945,48.63999938964844,47.65999984741211,48.43000030517578,33.03257751464844,9393200,False,0.018968292891604822,0.014719595761970074,0.14717070321948894,44,48,16
WMT,2005-06-29,48.59999847412109,49.04999923706055,48.5,48.540000915527344,33.10761260986328,10296200,False,0.00226897223201528,0.014481318897703734,0.14478834338827587,44,48,16
WMT,2005-06-30,48.34000015258789,49.0,48.06999969482422,48.20000076293945,32.875728607177734,10495200,False,-0.007028590944863946,0.011512565777747395,0.1151059056763757,45,48,16
WMT,2005-07-01,48.25,48.52999877929688,48.150001525878906,48.27999877929688,32.9302864074707,9532700,False,0.0016581406055681494,0.009416392506776897,0.0941477693696939,46,48,16
WMT,2005-07-05,49.400001525878906,49.900001525878906,49.2599983215332,49.79999923706055,33.967037200927734,15367800,True,0.030997766448556546,0.015319094466727086,0.15316466170754825,43,40,13
WMT,2005-07-06,49.91999816894531,49.93000030517578,49.220001220703125,49.380001068115234,33.680564880371094,10853400,False,-0.008469599046442946,0.015924942208238098,0.1592220996701096,43,40,13
WMT,2005-07-07,49.04999923706055,49.880001068115234,49.0,49.5099983215332,33.76922607421875,11715000,False,0.0026289553653858965,0.01591661929322475,0.15913888479959562,43,40,13
WMT,2005-07-08,49.380001068115234,50.0,49.25,49.900001525878906,34.03523635864258,9375300,False,0.007846434870376536,0.014692994457724973,0.14690473581687713,44,48,16
WMT,2005-07-11,49.84999847412109,50.08000183105469,49.59999847412109,49.79999923706055,33.967037200927734,8881800,True,-0.0020057911893194198,0.015107320019036535,0.15104728057191535,43,40,13
WMT,2005-07-12,49.65999984741211,50.22999954223633,49.630001068115234,50.09000015258789,34.164833068847656,8652500,False,0.005806281930201942,0.006542277521500281,0.06541155063400912,47,48,16
WMT,2005-07-13,49.95000076293945,50.2400016784668,49.88999938964844,50.13999938964844,34.19893264770508,8771900,False,0.000997592257476608,0.0038908048017696475,0.03890137256660401,48,48,16
WMT,2005-07-14,50.31999969482422,50.68999862670898,50.11000061035156,50.5099983215332,34.451290130615234,10083800,False,0.007352011673081886,0.004312124636799291,0.0431138480587525,48,48,16
WMT,2005-07-15,50.36000061035156,50.41999816894531,49.959999084472656,50.25,34.27396011352539,9095000,False,-0.005160560638340738,0.005235552573594265,0.0523465431020333,47,48,16
WMT,2005-07-18,50.18000030517578,50.34999847412109,49.95000076293945,49.9900016784668,34.09661865234375,8042500,True,-0.005187665867352875,0.00590346900361881,0.05902456145852427,47,48,16
WMT,2005-07-19,49.9900016784668,50.150001525878906,49.560001373291016,49.7599983215332,33.93975067138672,9577000,False,-0.00461130599672228,0.00550264575129552,0.05501701662746662,47,48,16
WMT,2005-07-20,49.54999923706055,50.060001373291016,49.29999923706055,50.0,34.103450775146484,9158200,False,0.004811661300842735,0.00613286638251751,0.06131814167058783,47,48,16
WMT,2005-07-21,49.70000076293945,49.70000076293945,49.0,49.38999938964844,33.687374114990234,12498700,False,-0.012275463105689836,0.006084515200302056,0.06083471280452299,47,48,16
WMT,2005-07-22,49.4900016784668,49.720001220703125,49.2599983215332,49.540000915527344,33.7896842956543,7736600,False,0.0030324457371214146,0.006904896444175672,0.06903711771572958,47,48,16
WMT,2005-07-25,49.540000915527344,49.869998931884766,49.310001373291016,49.45000076293945,33.728302001953125,6598700,True,-0.001818250631516459,0.006782571406154115,0.06781407720849668,47,48,16
WMT,2005-07-26,49.63999938964844,49.869998931884766,49.52000045776367,49.52999877929688,33.78285217285156,7431800,False,0.0016160346667746296,0.006794453832520096,0.06793288108548584,47,48,16
WMT,2005-07-27,49.5099983215332,50.0099983215332,49.45000076293945,49.79999923706055,33.967037200927734,6693500,False,0.005437218674122894,0.006930924101798261,0.0692973496363214,47,48,16
WMT,2005-07-28,49.95000076293945,49.97999954223633,49.54999923706055,49.81999969482422,33.98066329956055,6516000,False,0.00040107608396184783,0.002729875270966018,0.027294069064556326,48,48,16
WMT,2005-07-29,49.70000076293945,49.9900016784668,49.33000183105469,49.34999847412109,33.660091400146484,6815700,False,-0.00947873219388604,0.005534775950990763,0.05533826349865778,47,48,16
WMT,2005-08-01,49.619998931884766,49.75,49.43999862670898,49.52999877929688,33.78285217285156,6944300,True,0.0036404374358013957,0.005807594426656687,0.058065980180848055,47,48,16
WMT,2005-08-02,49.650001525878906,49.869998931884766,49.45000076293945,49.79999923706055,33.967037200927734,6330200,False,0.005437218674122894,0.0062544790988328155,0.06253406018288808,47,48,16
WMT,2005-08-03,49.52999877929688,49.7400016784668,49.470001220703125,49.68000030517578,33.88518524169922,10585300,False,-0.002412654913465461,0.005862595002384531,0.05861589157367697,47,48,16
WMT,2005-08-04,49.68999862670898,49.84000015258789,49.2400016784668,49.290000915527344,33.619178771972656,9265600,False,-0.007881204437432066,0.006665591758473888,0.06664448143359458,47,48,16
WMT,2005-08-05,49.09999847412109,49.59999847412109,49.02999877929688,49.31999969482422,33.63963317871094,9285300,False,0.0006082298148192839,0.005268928636842231,0.052680246471224455,47,48,16
WMT,2005-08-08,49.47999954223633,49.540000915527344,49.09999847412109,49.150001525878906,33.523685455322266,7226200,True,-0.003452713205166218,0.004947912277709426,0.04947063364744052,48,48,16
WMT,2005-08-09,49.150001525878906,49.560001373291016,49.09000015258789,49.220001220703125,33.57141876220703,7797200,False,0.0014228553780343007,0.003701332452513996,0.03700697415162534,48,48,16
WMT,2005-08-10,49.310001373291016,49.75,48.7599983215332,48.84000015258789,33.31224060058594,10971100,False,-0.007750157852682163,0.004425300099618356,0.0442454085118803,48,48,16
WMT,2005-08-11,49.02999877929688,49.29999923706055,48.650001525878906,48.95000076293945,33.38727188110352,9560900,False,0.002249830902054707,0.004179105261270354,0.04178388252471322,48,48,16
WMT,2005-08-12,48.81999969482422,49.09999847412109,48.560001373291016,48.70000076293945,33.216758728027344,10298800,False,-0.005120216420529927,0.004280260442741688,0.04279526078755205,48,48,16
WMT,2005-08-15,48.81999969482422,49.150001525878906,48.5,49.09999847412109,33.489585876464844,10345200,True,0.008179991613798718,0.0063259967804869385,0.06324911429659263,47,48,16
WMT,2005-08-16,48.060001373291016,48.20000076293945,47.150001525878906,47.56999969482422,32.44601821899414,29758300,False,-0.031656790636399174,0.015230579491253745,0.1522796638178967,43,40,13
WMT,2005-08-17,47.310001373291016,47.61000061035156,47.11000061035156,47.11000061035156,32.233890533447266,11811600,False,-0.006559330407255643,0.015221695714194716,0.15219084128919652,43,40,13
WMT,2005-08-18,47.18000030517578,47.459999084472656,46.5,47.2400016784668,32.32285690307617,8477200,False,0.00275622392648587,0.015296644059886629,0.15294019615729107,43,40,13
WMT,2005-08-19,47.380001068115234,47.380001068115234,46.5099983215332,46.58000183105469,31.871280670166016,14443800,False,-0.014069312211851677,0.015617940220348424,0.15615260651430998,43,40,13
WMT,2005-08-22,46.86000061035156,47.18999862670898,46.33000183105469,46.66999816894531,31.93284797668457,10222200,True,0.001929885320370369,0.014153664307958747,0.14151235964757775,44,48,16
WMT,2005-08-23,46.43000030517578,46.650001525878906,46.29999923706055,46.34000015258789,31.70704460144043,8823400,False,-0.007096313764005243,0.007008772409496552,0.07007569914901693,47,48,16
WMT,2005-08-24,46.34999847412109,46.459999084472656,45.470001220703125,45.54999923706055,31.166492462158203,15640100,False,-0.017195325207769757,0.009062348701387455,0.09060793874851016,46,48,16
WMT,2005-08-25,45.83000183105469,45.95000076293945,45.15999984741211,45.290000915527344,30.98859405517578,12566900,False,-0.005724355084514902,0.007500986928054369,0.07499699984248792,47,48,16
WMT,2005-08-26,45.31999969482422,46.04999923706055,45.209999084472656,45.70000076293945,31.26915168762207,14597000,False,0.009012839391067442,0.009886897007030233,0.0988520071279834,46,48,16
WMT,2005-08-29,45.43999862670898,45.95000076293945,45.290000915527344,45.650001525878906,31.23493194580078,10575800,True,-0.001094960305023559,0.009533755740563395,0.0953212003475403,46,48,16
WMT,2005-08-30,45.36000061035156,45.5,44.75,45.18999862670898,30.920185089111328,22993500,False,-0.010127872397262797,0.009838081142997938,0.09836393224100443,46,48,16
WMT,2005-08-31,45.290000915527344,45.29999923706055,44.70000076293945,44.959999084472656,30.762813568115234,21881200,False,-0.005102600906977144,0.007242519916769359,0.07241277318130934,47,48,16
WMT,2005-09-01,44.95000076293945,45.13999938964844,44.720001220703125,45.0,30.79020500183105,16940600,False,0.0008900111208290856,0.007134121395388614,0.07132897394676964,47,48,16
WMT,2005-09-02,45.150001525878906,45.18000030517578,44.52999877929688,44.54999923706055,30.48228073120117,11796400,False,-0.01005106482137856,0.005042645390586329,0.050417802242673664,47,48,16
WMT,2005-09-06,44.84999847412109,45.72999954223633,44.79999923706055,45.68999862670898,31.26230812072754,16944800,True,0.02526760334507496,0.014737067517005589,0.14734539079356612,44,48,16
WMT,2005-09-07,45.83000183105469,45.97999954223633,45.36000061035156,45.86000061035156,31.37862014770508,13345700,False,0.0037136154863511143,0.0135717900376317,0.13569461526558818,44,48,16
WMT,2005-09-08,45.59999847412109,45.86000061035156,45.31999969482422,45.86000061035156,31.37862014770508,10544300,False,0.0,0.012995104399929137,0.1299287483077101,44,48,16
WMT,2005-09-09,45.650001525878906,46.119998931884766,44.900001525878906,45.88999938964844,31.39914894104004,10780500,False,0.000654014768752845,0.013009481396221309,0.13007249360402928,44,48,16
WMT,2005-09-12,45.720001220703125,46.130001068115234,45.54999923706055,45.88999938964844,31.39914894104004,11434300,True,0.0,0.010920405670061365,0.10918532056820032,45,48,16
WMT,2005-09-13,46.47999954223633,46.47999954223633,45.02999877929688,45.06999969482422,30.838077545166016,16434100,False,-0.01803057841459077,0.008688860724818332,0.08687369977588058,46,48,16
WMT,2005-09-14,45.18000030517578,45.29999923706055,44.56999969482422,44.70000076293945,30.58492088317871,15362900,False,-0.008243104437653864,0.008096369333084894,0.08094980239561493,46,48,16
WMT,2005-09-15,44.70000076293945,44.79999923706055,44.22999954223633,44.31999969482422,30.324913024902344,18444400,False,-0.008537519178965086,0.007632575080652895,0.07631265560277128,46,48,16
WMT,2005-09-16,44.209999084472656,44.470001220703125,43.83000183105469,43.869998931884766,30.017004013061523,96786800,False,-0.010205565200305597,0.006418556245924347,0.06417455014675624,47,48,16
WMT,2005-09-19,44.0,44.2400016784668,43.81999969482422,44.0099983215332,30.11279296875,34095500,True,0.003186075507540015,0.007587539895153098,0.07586238101460976,46,48,16
WMT,2005-09-20,44.08000183105469,44.150001525878906,43.09000015258789,43.209999084472656,29.56542015075684,26317500,False,-0.0183446567765929,0.007688184861033849,0.0768686579969193,46,48,16
WMT,2005-09-21,43.02000045776367,43.13999938964844,42.43000030517578,42.4900016784668,29.07277488708496,27188000,False,-0.016803274890499112,0.008542133109127359,0.08540667535943904,46,48,16
WMT,2005-09-22,42.45000076293945,43.52999877929688,42.310001373291016,43.18999862670898,29.551740646362305,22190000,False,0.01634048187222032,0.014720617383884239,0.14718091768583458,44,48,16
WMT,2005-09-23,43.29999923706055,43.650001525878906,42.869998931884766,43.20000076293945,29.558574676513672,18215400,False,0.00023122969804797753,0.014566408800131858,0.14563909642387068,44,48,16
WMT,2005-09-26,43.77000045776367,43.83000183105469,43.02000045776367,43.11000061035156,29.49699592590332,15623500,True,-0.0020854517973467506,0.014185463214087212,0.14183029415150125,44,48,16
WMT,2005-09-27,43.45000076293945,43.45000076293945,42.900001525878906,43.09999847412109,29.490142822265625,14359500,False,-0.00023235925030322518,0.011752851782887026,0.1175083534692401,45,48,16
WMT,2005-09-28,43.04999923706055,43.400001525878906,42.7599983215332,43.130001068115234,29.51067543029785,18555900,False,0.0006960109866008086,0.007537446110531422,0.07536152911426444,46,48,16
WMT,2005-09-29,43.290000915527344,43.58000183105469,43.0099983215332,43.540000915527344,29.79121208190918,16016000,False,0.009461376564071696,0.004511958067932188,0.04511183951600265,48,48,16
WMT,2005-09-30,43.47999954223633,43.869998931884766,43.34999847412109,43.81999969482422,29.9827938079834,13653300,False,0.0064102239508571236,0.004870441106972934,0.048696054857309344,48,48,16
WMT,2005-10-03,44.150001525878906,44.41999816894531,43.68999862670898,43.7599983215332,29.94175338745117,16613900,True,-0.0013697367396028647,0.00469653828718762,0.04695732502440317,48,48,16
WMT,2005-10-04,43.7599983215332,44.290000915527344,43.7599983215332,43.84999847412109,30.00332832336425,13798200,False,0.0020543789686169813,0.004406292341830268,0.04405536354559624,48,48,16
WMT,2005-10-05,43.970001220703125,43.970001220703125,43.5,43.5,29.763845443725582,14243200,False,-0.008013902824174277,0.006825203174341483,0.06824032174707532,47,48,16
WMT,2005-10-06,43.95000076293945,44.45000076293945,43.29999923706055,43.93000030517578,30.05807304382324,20465700,False,0.009836861808592385,0.006933047496720882,0.06931857994244041,47,48,16
WMT,2005-10-07,44.02000045776367,44.22999954223633,43.75,44.02999877929688,30.12647247314453,12259400,False,0.002272990788000108,0.006474542754988108,0.06473431918137919,47,48,16
WMT,2005-10-10,44.66999816894531,45.0,44.45000076293945,44.540000915527344,30.47544860839844,18902100,True,0.011517126404211396,0.0077554795972656415,0.07754148990170508,46,48,16
WMT,2005-10-11,44.9900016784668,45.20000076293945,44.54999923706055,45.02000045776367,30.80386734008789,17153300,False,0.010718849289938872,0.008291815946983798,0.08290393320698444,46,48,16
WMT,2005-10-12,45.060001373291016,45.150001525878906,44.59999847412109,44.93999862670898,30.74913215637207,15741300,False,-0.0017784737897658422,0.005926734371834097,0.05925717522430107,47,48,16
WMT,2005-10-13,44.900001525878906,45.09999847412109,44.61000061035156,44.7599983215332,30.62596893310547,12455900,False,-0.004013464300841821,0.007104749330314243,0.07103530368965753,47,48,16
WMT,2005-10-14,45.18000030517578,45.2599983215332,44.59999847412109,45.040000915527344,30.81755447387696,11857800,False,0.006236171073594618,0.007120748766061634,0.07119527059691066,47,48,16
WMT,2005-10-17,45.27999877929688,45.290000915527344,44.84000015258789,45.2400016784668,30.95439720153809,9794300,True,0.004430585332093314,0.006001083589327492,0.060000539838334276,47,48,16
WMT,2005-10-18,45.20000076293945,45.5,45.040000915527344,45.130001068115234,30.879150390625,11988100,False,-0.0024338518809868567,0.004542101724731412,0.04541322436654389,48,48,16
WMT,2005-10-19,45.130001068115234,46.06999969482422,44.77999877929688,45.9900016784668,31.46755599975586,17058200,False,0.018875835266951944,0.009085293800183879,0.09083735036958435,46,48,16
WMT,2005-10-20,46.150001525878906,46.56999969482422,45.400001525878906,45.59999847412109,31.200714111328125,18926800,False,-0.008516064050968337,0.010297166318074423,0.10295399633965366,45,48,16
WMT,2005-10-21,45.77999877929688,46.09999847412109,45.59999847412109,45.720001220703125,31.282819747924805,13367300,False,0.0026280742711740773,0.010202615822575221,0.10200865360488102,45,48,16
WMT,2005-10-24,46.09000015258789,46.34999847412109,45.709999084472656,46.209999084472656,31.61809539794922,10366800,True,0.010660538864953549,0.01078525294784747,0.10783402522749287,45,48,16
WMT,2005-10-25,45.959999084472656,46.08000183105469,45.25,45.38999938964844,31.05702781677246,14979100,False,-0.017904474400052727,0.014691375620121277,0.1468885502182787,44,48,16
WMT,2005-10-26,45.16999816894531,45.97999954223633,45.060001373291016,45.58000183105469,31.18702888488769,11912100,False,0.00417714602908287,0.011347448482644731,0.11345501601697743,45,48,16
WMT,2005-10-27,45.43999862670898,45.68000030517578,44.720001220703125,44.7400016784668,30.612293243408203,12430300,False,-0.01860059923916184,0.013528264935721882,0.13525943892247708,44,48,16
WMT,2005-10-28,44.9900016784668,45.54999923706055,44.7599983215332,45.5,31.132305145263672,12353000,False,0.01684436244551382,0.01640676966297687,0.16403954754646832,43,40,13
WMT,2005-10-31,46.09999847412109,47.54999923706055,45.9900016784668,47.310001373291016,32.370758056640625,22501700,True,0.0390094554490211,0.02438635736655122,0.24382173400913837,40,40,13
WMT,2005-11-01,47.119998931884766,47.22999954223633,46.83000183105469,46.9900016784668,32.15180206298828,11783500,False,-0.006786985318922932,0.022220100273038987,0.2221628797198048,41,40,13
WMT,2005-11-02,46.75,47.77000045776367,46.61000061035156,47.560001373291016,32.54179763793945,12558400,False,0.01205684337034566,0.02225556494415967,0.22251746558430005,41,40,13
WMT,2005-11-03,48.0,48.130001068115234,47.130001068115234,47.45000076293945,32.466522216796875,16028500,False,-0.002315871413205458,0.01810105306336734,0.1809794746695213,42,40,13
WMT,2005-11-04,47.400001525878906,47.75,47.08000183105469,47.68999862670898,32.63075637817383,10464700,False,0.005045817993487112,0.018041741110297126,0.18038645690029578,42,40,13
WMT,2005-11-07,47.91999816894531,48.18999862670898,47.75,48.04999923706055,32.877079010009766,12175100,True,0.0075204375572444655,0.007593345424348902,0.0759204263460254,46,48,16
WMT,2005-11-08,47.79999923706055,47.84999847412109,47.369998931884766,47.61000061035156,32.576026916503906,7506200,False,-0.009199081150938853,0.008411396830699037,0.0840995368792978,46,48,16
WMT,2005-11-09,47.52999877929688,48.369998931884766,47.31999969482422,48.20000076293945,32.9797248840332,13416200,False,0.012316327997840819,0.00848464552033718,0.08483189810295337,46,48,16
WMT,2005-11-10,48.25,49.29999923706055,48.150001525878906,49.040000915527344,33.55447006225586,18937600,False,0.01727711518385375,0.009994380126517594,0.09992665391414365,46,48,16
WMT,2005-11-11,49.15999984741211,49.47999954223633,48.77000045776367,49.0,33.5271110534668,12118600,False,-0.0008156936628796365,0.010549452204546115,0.10547642235765063,45,48,16
WMT,2005-11-14,49.40999984741211,49.68999862670898,49.0099983215332,49.29999923706055,33.73235321044922,13834200,True,0.006103016022485618,0.010497810683009883,0.10496009574361088,45,48,16
WMT,2005-11-15,48.79999923706055,49.119998931884766,48.310001373291016,48.77999877929688,33.376564025878906,16849600,False,-0.010603434915907066,0.010984738056798168,0.10982853406053716,45,48,16
WMT,2005-11-16,48.77999877929688,49.20000076293945,48.33000183105469,48.880001068115234,33.44498443603516,11752200,False,0.002047855389239963,0.010170887288269434,0.10169142269844739,45,48,16
WMT,2005-11-17,49.040000915527344,49.29999923706055,48.86000061035156,49.2400016784668,33.69130325317383,6703500,False,0.00733790713983388,0.0071601532009823365,0.0715892473399561,47,48,16
WMT,2005-11-18,49.65999984741211,49.79999923706055,49.0099983215332,49.5,33.86921310424805,13152800,False,0.005266693385595534,0.007328770660151417,0.07327513263478948,47,48,16
WMT,2005-11-21,49.540000915527344,49.79999923706055,49.40999984741211,49.619998931884766,33.95131301879883,9840200,True,0.0024210945962163063,0.006994617645074976,0.06993417579012064,47,48,16
WMT,2005-11-22,49.34000015258789,50.22999954223633,48.720001220703125,50.20000076293945,34.34816360473633,15482700,False,0.01162102761872542,0.003937349084653501,0.03936673553944877,48,48,16
WMT,2005-11-23,50.29999923706055,50.720001220703125,50.06999969482422,50.56999969482422,34.60132598876953,11904600,False,0.007343448753553748,0.0033672247596687427,0.03366647045150906,48,48,16
WMT,2005-11-25,50.68999862670898,50.869998931884766,50.31999969482422,50.4900016784668,34.54658889770508,6317300,True,-0.0015831888087288488,0.004984703046251426,0.049838478210964515,48,48,16
WMT,2005-11-28,50.619998931884766,50.65999984741211,49.83000183105469,50.0,34.21132278442383,16693100,True,-0.00975215105238455,0.008249935294372582,0.08248519853547884,46,48,16
WMT,2005-11-29,50.0099983215332,50.09999847412109,48.81999969482422,49.0099983215332,33.533935546875,18482900,False,-0.01999873735248686,0.012805599850874778,0.12803402794998953,44,48,16
WMT,2005-11-30,49.119998931884766,49.18000030517578,48.52999877929688,48.560001373291016,33.22602462768555,11770000,False,-0.009224484309300092,0.010197169212076442,0.10195419684463908,45,48,16
WMT,2005-12-01,48.59000015258789,48.75,47.52999877929688,48.02999877929688,32.863380432128906,23882800,False,-0.010974462091898491,0.006556673261813553,0.0655554833383802,47,48,16
WMT,2005-12-02,47.83000183105469,48.459999084472656,47.5099983215332,47.970001220703125,32.822349548339844,10951700,False,-0.0012493090702629657,0.00666847398661183,0.06667329876993719,47,48,16
WMT,2005-12-05,47.88999938964844,47.88999938964844,47.09000015258789,47.13999938964844,32.254417419433594,20066700,True,-0.017454663911468035,0.007379438610978074,0.07378172521208805,47,48,16
WMT,2005-12-06,47.40999984741211,47.91999816894531,47.31999969482422,47.619998931884766,32.582862854003906,20522000,False,0.010131462722142244,0.01059295978005955,0.10591142346686792,45,48,16
WMT,2005-12-07,47.79999923706055,48.060001373291016,47.41999816894531,47.75,32.67179870605469,10770200,False,0.0027258100798004635,0.010956175896145124,0.1095429614580859,45,48,16
WMT,2005-12-08,47.7599983215332,47.880001068115234,47.5,47.70000076293945,32.63761138916016,12361400,False,-0.0010469339706888929,0.010098196315128644,0.10096463768289156,45,48,16
WMT,2005-12-09,47.59999847412109,48.459999084472656,47.58000183105469,48.08000183105469,32.89760208129883,11183800,False,0.007934423109253037,0.010928679023133613,0.1092680399043367,45,48,16
WMT,2005-12-12,48.34999847412109,48.880001068115234,48.29999923706055,48.68000030517578,33.30813217163086,15462000,True,0.012401806482255081,0.005505727700503901,0.055047830831852315,47,48,16
WMT,2005-12-13,48.400001525878906,49.709999084472656,48.36000061035156,49.470001220703125,33.84868621826172,20294200,False,0.016098610206461864,0.006962761089548875,0.06961566489112979,47,48,16
WMT,2005-12-14,49.459999084472656,49.68999862670898,49.13999938964844,49.5099983215332,33.97906494140625,12293200,False,0.0038444112179172266,0.00678169877103079,0.0678053523544429,47,48,16
WMT,2005-12-15,49.380001068115234,49.54999923706055,48.81999969482422,49.2599983215332,33.8074951171875,9213400,False,-0.005062071019302492,0.008189615862696243,0.08188210770872242,46,48,16
WMT,2005-12-16,49.58000183105469,49.630001068115234,49.04999923706055,49.27000045776367,33.81436538696289,12616000,False,0.00020319671028891639,0.008693674066365517,0.08692182493310568,46,48,16
WMT,2005-12-19,49.119998931884766,49.7400016784668,48.900001525878906,48.959999084472656,33.601619720458984,9458000,True,-0.006311451872466555,0.009000735920927452,0.08999191665291471,46,48,16
WMT,2005-12-20,48.84000015258789,48.95000076293945,48.43999862670898,48.59999847412109,33.35452651977539,9339200,False,-0.0073807808924745985,0.004782737716015036,0.047819171420377234,48,48,16
WMT,2005-12-21,48.84999847412109,48.93999862670898,48.470001220703125,48.650001525878906,33.38887023925781,7799100,False,0.0010291272000298116,0.003861066895370894,0.038604044523921806,48,48,16
WMT,2005-12-22,48.650001525878906,48.79999923706055,48.36000061035156,48.59999847412109,33.35452651977539,6699000,False,-0.001029127200029737,0.003875533094788387,0.03874868169844845,48,48,16
WMT,2005-12-23,48.5,48.58000183105469,48.16999816894531,48.34000015258789,33.17608642578125,7157400,False,-0.00536416287080292,0.00362538126574877,0.036247592593371396,48,48,16
WMT,2005-12-27,48.40999984741211,48.45000076293945,47.36000061035156,47.72999954223633,32.75745391845703,13065500,True,-0.012698791262296356,0.005411814496727485,0.05410885992090656,47,48,16
WMT,2005-12-28,47.84000015258789,48.29999923706055,47.75,47.84000015258789,32.83294677734375,7262500,False,0.00230194941400193,0.006078010891095595,0.060769680871897165,47,48,16
WMT,2005-12-29,47.869998931884766,48.02000045776367,47.41999816894531,47.47999954223633,32.58587646484375,7720600,False,-0.0075535289382093725,0.005807853548414192,0.058068570953848084,47,48,16
WMT,2005-12-30,47.470001220703125,47.470001220703125,46.75,46.79999923706055,32.11916732788086,10423200,False,-0.014425992270526782,0.006626237750041002,0.06625100886891061,47,48,16
WMT,2006-01-03,46.36000061035156,46.65999984741211,45.56999969482422,46.22999954223633,31.72800064086914,23413500,True,-0.012253372976730348,0.00677321571810423,0.06772053637954531,47,48,16
WMT,2006-01-04,46.2400016784668,46.5,46.09999847412109,46.31999969482422,31.789766311645508,14087200,False,0.0019448319173729865,0.007819177565261086,0.07817836029510014,46,48,16
WMT,2006-01-05,46.0,46.400001525878906,45.290000915527344,45.68999862670898,31.357383728027344,20758200,False,-0.01369465893163027,0.006777796957174621,0.06776634091022053,47,48,16
WMT,2006-01-06,45.68999862670898,45.880001068115234,45.09999847412109,45.880001068115234,31.48777198791504,21129800,False,0.004149514644137159,0.009107410018884736,0.09105847461181188,46,48,16
WMT,2006-01-09,45.88999938964844,46.150001525878906,45.560001373291016,45.709999084472656,31.371097564697266,14877400,True,-0.0037122702981624697,0.008083931178631003,0.08082544219120898,46,48,16
WMT,2006-01-10,45.5,46.02999877929688,45.459999084472656,45.86000061035156,31.474056243896484,13422200,False,0.0032765858645713904,0.00741865963282969,0.0741738681391243,47,48,16
WMT,2006-01-11,46.060001373291016,46.59999847412109,45.7599983215332,46.56999969482422,31.961326599121094,14179300,False,0.015363032971725319,0.010718072101610934,0.10716233202725868,45,48,16
WMT,2006-01-12,46.25,46.38999938964844,45.66999816894531,45.7400016784668,31.39169883728028,11425000,False,-0.01798313842102201,0.012256755690900928,0.1225465280017946,45,48,16
WMT,2006-01-13,45.68000030517578,45.88999938964844,45.310001373291016,45.400001525878906,31.158344268798828,10259300,False,-0.007461406563885459,0.012424605818154579,0.1242247412939845,45,48,16
WMT,2006-01-17,45.400001525878906,45.41999816894531,44.70000076293945,44.95000076293945,30.849506378173828,17117900,True,-0.009961333643506804,0.01293088673364448,0.1292866818230689,44,48,16
WMT,2006-01-18,44.650001525878906,45.38999938964844,44.61000061035156,45.18000030517578,31.00735664367676,13191600,False,0.005103737901780785,0.013188342938901955,0.13186080215821136,44,48,16
WMT,2006-01-19,45.18000030517578,45.88999938964844,45.060001373291016,45.79999923706055,31.43288993835449,18141600,False,0.013630307569342817,0.012595013340391396,0.1259285241482853,44,48,16
WMT,2006-01-20,45.63999938964844,45.70000076293945,44.810001373291016,45.0,30.88385009765625,19353600,False,-0.017621398274013905,0.012490436653740581,0.1248829367039257,45,48,16
WMT,2006-01-23,45.0,45.470001220703125,44.540000915527344,45.25,31.05541229248047,15611000,True,0.005539705413018849,0.012748271795235872,0.12746084575130567,44,48,16
WMT,2006-01-24,45.54999923706055,45.90999984741211,45.5,45.720001220703125,31.37796211242676,18185800,False,0.010332700827414224,0.012268880720475573,0.12266775749463622,45,48,16
WMT,2006-01-25,45.70000076293945,46.16999816894531,45.65999984741211,45.970001220703125,31.54954719543457,18986500,False,0.005453433963589688,0.012282031977368104,0.12279924749995924,45,48,16
WMT,2006-01-26,46.209999084472656,46.5099983215332,45.83000183105469,46.31999969482422,31.789766311645508,16798500,False,0.007585186976640645,0.011288828314745161,0.11286891491256303,45,48,16
WMT,2006-01-27,45.9900016784668,46.52000045776367,44.880001068115234,45.84000015258789,31.460329055786133,13385900,False,-0.010417066820898177,0.00813692222389805,0.08135526172717994,46,48,16
WMT,2006-01-30,46.400001525878906,46.95000076293945,46.209999084472656,46.40999984741211,31.851512908935547,15269000,True,0.01235752488274699,0.009043314832047337,0.09041763271150538,46,48,16
WMT,2006-01-31,46.43999862670898,46.52999877929688,46.02999877929688,46.11000061035156,31.6456356048584,12925400,False,-0.0064846384548905645,0.009696882716797597,0.09695219023304265,46,48,16
WMT,2006-02-01,46.04999923706055,46.380001068115234,45.56999969482422,46.13999938964844,31.666223526000977,15193000,False,0.0006503654181346945,0.009467140928840278,0.09465516652129527,46,48,16
WMT,2006-02-02,46.29999923706055,46.47999954223633,45.470001220703125,46.27999877929688,31.762300491333008,18513100,False,0.003029458443194303,0.008842021961389637,0.08840504936296656,46,48,16
WMT,2006-02-03,45.9900016784668,46.209999084472656,45.43999862670898,45.4900016784668,31.22011947631836,11329500,False,-0.017217325365960764,0.011057198771126897,0.1105530168830273,45,48,16
WMT,2006-02-06,45.43999862670898,45.5099983215332,45.04999923706055,45.08000183105469,30.93872833251953,12184800,True,-0.009053998777852394,0.00807740594774235,0.08076020107765654,46,48,16
WMT,2006-02-07,45.0,45.470001220703125,44.68000030517578,44.7400016784668,30.70539665222168,16189800,False,-0.007570317356342468,0.008114407502754504,0.08113015314423587,46,48,16
WMT,2006-02-08,44.77999877929688,45.5099983215332,44.52000045776367,45.400001525878906,31.158344268798828,12344600,False,0.014643657297602081,0.01231920212478165,0.12317088520129862,45,48,16
WMT,2006-02-09,45.47999954223633,45.970001220703125,45.33000183105469,45.70000076293945,31.36425018310547,13131800,False,0.006586631937617805,0.012862076714547864,0.12859869968940466,44,48,16
WMT,2006-02-10,45.59999847412109,45.95000076293945,45.310001373291016,45.75,31.3985652923584,8037700,False,0.0010934854471463305,0.0098970192855099,0.09895321254599392,46,48,16
WMT,2006-02-13,45.470001220703125,45.81999969482422,45.470001220703125,45.5099983215332,31.23384094238281,7161400,True,-0.005260047942559108,0.009027305448523128,0.09025756634355145,46,48,16
WMT,2006-02-14,45.41999816894531,46.63999938964844,45.27999877929688,46.45000076293945,31.878963470458984,14872400,False,0.020444187318154394,0.010286888570120643,0.10285123649364088,45,48,16
WMT,2006-02-15,46.290000915527344,46.93000030517578,45.88999938964844,46.88999938964844,32.18095779418945,11835300,False,0.009428564849452814,0.009624771422977936,0.09623120101614269,46,48,16
WMT,2006-02-16,46.84999847412109,47.02000045776367,46.34999847412109,46.630001068115234,32.00250625610352,9074400,False,-0.005560684533138399,0.011016798332737283,0.1101490818141352,45,48,16
WMT,2006-02-17,46.630001068115234,46.630001068115234,45.79999923706055,46.09999847412109,31.638765335083008,15355200,False,-0.01143110037730504,0.013081535848776674,0.1307929145058088,44,48,16
WMT,2006-02-21,45.709999084472656,46.459999084472656,45.470001220703125,45.7400016784668,31.39169883728028,15374300,True,-0.007839630135483121,0.013461339859014104,0.13459030297870686,44,48,16
WMT,2006-02-22,45.93000030517578,45.9900016784668,45.43999862670898,45.47999954223633,31.2132511138916,9910700,False,-0.005700769884979728,0.007990230366948962,0.07988859483680599,46,48,16
WMT,2006-02-23,45.5,45.95000076293945,45.34000015258789,45.70000076293945,31.36425018310547,14826400,False,0.004825995258712081,0.006055543720433526,0.06054504771218556,47,48,16
WMT,2006-02-24,45.70000076293945,45.75,45.2599983215332,45.45000076293945,31.192665100097656,9652200,False,-0.00548574086584495,0.006054338578867656,0.0605329983641874,47,48,16
WMT,2006-02-27,45.54999923706055,45.880001068115234,45.54999923706055,45.7599983215332,31.405412673950195,9051700,True,0.006797281978911066,0.0067561957729112155,0.0675503661287233,47,48,16
WMT,2006-02-28,45.56999969482422,45.810001373291016,45.220001220703125,45.36000061035156,31.130889892578125,12302300,False,-0.00877968583112343,0.0069865482414903715,0.06985349559894471,47,48,16
WMT,2006-03-01,45.36000061035156,45.5099983215332,45.02999877929688,45.150001525878906,30.98677635192871,12042000,False,-0.004640026192995964,0.006848235818511178,0.0684706086716807,47,48,16
WMT,2006-03-02,45.0099983215332,45.47999954223633,44.93000030517578,45.060001373291016,30.92500305175781,12518600,False,-0.001995527224866923,0.00589721099750359,0.058961992134228806,47,48,16
WMT,2006-03-03,44.869998931884766,45.5,44.86000061035156,45.33000183105469,31.110307693481445,9508600,False,0.005974184400389888,0.006765553743477061,0.06764392977891816,47,48,16
WMT,2006-03-06,45.4900016784668,45.540000915527344,44.970001220703125,45.119998931884766,30.9661922454834,9749300,True,-0.004643164709827534,0.005481141873017468,0.05480201473887511,47,48,16
WMT,2006-03-07,45.18999862670898,45.36000061035156,45.04999923706055,45.27000045776367,31.06913948059082,11246500,False,0.0033189902188300487,0.0048215414863199005,0.048207142547824156,48,48,16
WMT,2006-03-08,45.20000076293945,45.630001068115234,45.15999984741211,45.27000045776367,31.06913948059082,14478100,False,0.0,0.004208278361926771,0.04207556347900888,48,48,16
WMT,2006-03-09,45.20000076293945,45.38999938964844,45.11000061035156,45.2400016784668,31.048540115356445,7233700,False,-0.0006632368151378044,0.004047424025756633,0.0404672960949802,48,48,16
WMT,2006-03-10,45.43999862670898,45.47999954223633,45.209999084472656,45.33000183105469,31.110307693481445,9321900,False,0.001987411306135395,0.003039916173515113,0.030393946153086396,48,48,16
WMT,2006-03-13,45.34999847412109,45.459999084472656,45.220001220703125,45.27000045776367,31.06913948059082,8837700,True,-0.0013241744909975443,0.0019336288238360443,0.019332970712732166,49,48,16
WMT,2006-03-14,45.18999862670898,45.58000183105469,45.15999984741211,45.540000915527344,31.25443649291992,13714300,False,0.005946307008889796,0.0029338532040008576,0.029333498430106873,48,48,16
WMT,2006-03-15,45.5,45.56999969482422,45.220001220703125,45.31999969482422,31.21859359741211,13990700,False,-0.001147467935805064,0.003090817176456999,0.030902868851689906,48,48,16
WMT,2006-03-16,45.560001373291016,46.43999862670898,45.41999816894531,46.36000061035156,31.93501663208008,18556100,False,0.02268924188024327,0.009983497009690603,0.09981784141802971,46,48,16
WMT,2006-03-17,46.59999847412109,46.790000915527344,46.290000915527344,46.68999862670898,32.16233444213867,12438300,False,0.0070929222275001765,0.009776714679723662,0.09775037289466001,46,48,16
WMT,2006-03-20,47.02999877929688,48.06999969482422,46.9900016784668,47.7599983215332,32.8994026184082,19702000,True,0.022658470059969876,0.01072288788777285,0.10721048162643688,45,48,16
WMT,2006-03-21,48.20000076293945,48.45000076293945,47.720001220703125,48.11000061035156,33.1405029296875,13890300,False,0.00730168768288675,0.010565006541727802,0.10563193904290201,45,48,16
WMT,2006-03-22,47.90999984741211,48.220001220703125,47.7400016784668,48.09999847412109,33.13361358642578,9025800,False,-0.0002079044926946774,0.010283554900319819,0.1028179055152076,45,48,16
WMT,2006-03-23,48.18999862670898,48.869998931884766,48.04999923706055,48.540000915527344,33.43668746948242,14733200,False,0.00910544108140268,0.008332030114799294,0.08330600588971965,46,48,16
WMT,2006-03-24,48.70000076293945,48.720001220703125,48.02000045776367,48.18999862670898,33.19562149047852,9726300,False,-0.0072357399746527315,0.011203119248144973,0.1120119712975471,45,48,16
WMT,2006-03-27,48.18999862670898,48.29999923706055,47.900001525878906,47.95000076293945,33.03028869628906,8663800,True,-0.00499300461717297,0.007252585933544911,0.07251341607880687,47,48,16
WMT,2006-03-28,47.95000076293945,48.31999969482422,47.65999984741211,47.75,32.89250183105469,10044300,False,-0.004180255865351936,0.006450357177382289,0.06449250490049968,47,48,16
WMT,2006-03-29,47.79999923706055,48.18000030517578,47.5,48.04999923706055,33.09917449951172,8681800,False,0.006263618554526851,0.007360133261172743,0.07358870483620998,47,48,16
WMT,2006-03-30,48.04999923706055,48.18000030517578,47.310001373291016,47.65999984741211,32.83052062988281,9793600,False,-0.008149752734785198,0.005776451418087152,0.05775460352719085,47,48,16
WMT,2006-03-31,47.93999862670898,47.93999862670898,47.20000076293945,47.2400016784668,32.54121398925781,10091000,False,-0.008851181051883074,0.006064511979479479,0.060634714915809275,47,48,16
WMT,2006-04-03,47.27000045776367,47.310001373291016,46.52999877929688,46.77000045776367,32.21744155883789,14109000,True,-0.009999439471873673,0.006657451440991833,0.06656309222511107,47,48,16
WMT,2006-04-04,46.68999862670898,46.77000045776367,46.34999847412109,46.5,32.031455993652344,8715100,False,-0.0057895494482430344,0.006647809850200046,0.06646669285926382,47,48,16
WMT,2006-04-05,46.58000183105469,46.970001220703125,46.5,46.869998931884766,32.286319732666016,7763700,False,0.007925183049387658,0.007372703353196635,0.07371438418995076,47,48,16
WMT,2006-04-06,46.880001068115234,47.09000015258789,46.34999847412109,46.560001373291016,32.07279586791992,8763900,False,-0.0066354127518536855,0.007239476402697268,0.0723823432623434,47,48,16
WMT,2006-04-07,46.5,46.77000045776367,45.810001373291016,46.02000045776367,31.70081329345703,12457500,False,-0.011665853571834863,0.00773813350057302,0.0773680586954649,46,48,16
WMT,2006-04-10,45.97999954223633,46.0,45.5099983215332,45.70000076293945,31.48039436340332,9582500,True,-0.006977385601365464,0.0073826198183452275,0.07381353182776432,47,48,16
WMT,2006-04-11,45.59999847412109,45.7599983215332,45.27000045776367,45.5,31.34261512756348,9653700,False,-0.00438627368714954,0.007354070193819263,0.07352808456507562,47,48,16
WMT,2006-04-12,45.77999877929688,45.959999084472656,45.650001525878906,45.900001525878906,31.618144989013672,9285200,False,0.008752487100701731,0.007700392233259376,0.07699071077499453,46,48,16
WMT,2006-04-13,45.959999084472656,46.0099983215332,45.619998931884766,45.77000045776367,31.528589248657227,7199000,False,-0.0028364348997601714,0.007584403939805131,0.0758310268414865,46,48,16
WMT,2006-04-17,45.79999923706055,46.27999877929688,45.630001068115234,45.81999969482422,31.56302833557129,9225100,True,0.0010917168287401832,0.0061231484899929856,0.06122097941832403,47,48,16
WMT,2006-04-18,46.13999938964844,46.52000045776367,46.06999969482422,46.400001525878906,31.96256828308105,10545900,False,0.01257903072453055,0.007367215405206805,0.073659514125721,47,48,16
WMT,2006-04-19,46.31999969482422,46.70000076293945,46.25,46.470001220703125,32.01078796386719,10743200,False,0.0015074928922516181,0.006272040165700346,0.06270964072205318,47,48,16
WMT,2006-04-20,46.369998931884766,46.709999084472656,46.2599983215332,46.400001525878906,31.96256828308105,8844900,False,-0.0015074928922516391,0.006093804764861609,0.06092759251201907,47,48,16
WMT,2006-04-21,46.59999847412109,46.59999847412109,45.68000030517578,45.81999969482422,31.56302833557129,10118100,False,-0.012579030724530614,0.00897165779113704,0.08970118524433766,46,48,16
WMT,2006-04-24,45.619998931884766,45.7400016784668,45.400001525878906,45.540000915527344,31.37015914916992,12143600,True,-0.006129350758596423,0.009368354313262288,0.09366746985364302,46,48,16
WMT,2006-04-25,45.65999984741211,45.93000030517578,45.5,45.630001068115234,31.43217086791992,9205900,False,0.001974822873181483,0.0060877654554220735,0.060867209779262715,47,48,16
WMT,2006-04-26,45.75,46.02999877929688,45.66999816894531,45.97999954223633,31.673259735107425,10582300,False,0.00764086506776091,0.007711735268180519,0.07710412166296884,46,48,16
WMT,2006-04-27,45.77999877929688,46.08000183105469,45.619998931884766,45.63999938964844,31.43904685974121,12791700,False,-0.007422132487186698,0.008040893202189056,0.08039513626701575,46,48,16
WMT,2006-04-28,45.58000183105469,45.66999816894531,44.9900016784668,45.02999877929688,31.018844604492188,15376800,False,-0.013455740673399592,0.008299150379357067,0.0829772649470366,46,48,16
WMT,2006-05-01,45.91999816894531,46.58000183105469,45.540000915527344,45.93000030517578,31.638818740844727,18546900,True,0.01978989758028468,0.012995416718100117,0.12993187095357583,44,48,16
WMT,2006-05-02,46.119998931884766,46.2599983215332,45.900001525878906,46.15999984741211,31.79722785949707,9598300,False,0.004994303914230696,0.01308093468989814,0.13078690394843132,44,48,16
WMT,2006-05-03,46.31999969482422,46.84000015258789,46.290000915527344,46.68999862670898,32.16233444213867,11793200,False,0.011416918294730476,0.013565708343586471,0.13563380875949416,44,48,16
WMT,2006-05-04,46.91999816894531,46.97999954223633,46.119998931884766,46.400001525878906,31.96256828308105,10585300,False,-0.006230553086474877,0.013344081031036764,0.13341791587982307,44,48,16
WMT,2006-05-05,46.59999847412109,47.34000015258789,46.52000045776367,47.25,32.54808807373047,9080500,False,0.018153151830345153,0.010631408622831347,0.10629584592793309,45,48,16
WMT,2006-05-08,47.25,47.900001525878906,47.09999847412109,47.56999969482422,32.76853942871094,9878300,True,0.006750262544187444,0.00898656315736876,0.08985021333352837,46,48,16
WMT,2006-05-09,47.68999862670898,48.16999816894531,47.58000183105469,47.869998931884766,32.975196838378906,14506900,False,0.0062867765677627205,0.008932266972066817,0.0893073446364363,46,48,16
WMT,2006-05-10,47.709999084472656,48.09000015258789,47.58000183105469,47.77999877929688,32.913169860839844,9449800,False,-0.0018827905127927012,0.00936059614319205,0.09358990146362764,46,48,16
WMT,2006-05-11,47.900001525878906,47.900001525878906,47.02999877929688,47.25,32.54808807373047,11204500,False,-0.011154248599157451,0.010916516191713362,0.10914643245789558,45,48,16
WMT,2006-05-12,47.2599983215332,47.45000076293945,46.52999877929688,46.540000915527344,32.05902099609375,11408100,False,-0.01514001869594641,0.009955248601192629,0.09953540579882478,46,48,16
WMT,2006-05-15,46.25,47.560001373291016,46.08000183105469,47.43000030517578,32.67208480834961,17050900,True,0.01894242762981826,0.013727558814140863,0.1372520357782983,44,48,16
WMT,2006-05-16,47.869998931884766,48.310001373291016,47.68999862670898,48.06999969482422,33.112945556640625,17685000,False,0.013403272622787796,0.014934608243822405,0.14932045914124667,44,48,16
WMT,2006-05-17,47.650001525878906,47.68000030517578,46.83000183105469,46.84000015258789,32.378807067871094,15513800,False,-0.02242020441564342,0.01831105499190694,0.18307913365475453,42,40,13
WMT,2006-05-18,47.02000045776367,47.38999938964844,46.650001525878906,47.220001220703125,32.64151382446289,10941200,False,0.008080802510158285,0.01826201844721005,0.1825888523397513,42,40,13
WMT,2006-05-19,47.45000076293945,47.47999954223633,46.88999938964844,47.31999969482422,32.71064376831055,13027900,False,0.002115613995879545,0.016046228280119177,0.16043475229849122,43,40,13
WMT,2006-05-22,47.290000915527344,47.77000045776367,47.09999847412109,47.34999847412109,32.73136138916016,9915300,True,0.0006331597417253112,0.013709779630817565,0.13707427444879777,44,48,16
WMT,2006-05-23,47.59999847412109,47.9900016784668,47.5,47.52000045776367,32.8488883972168,11022600,False,0.0035842234288080976,0.011967328474893403,0.11965275241179256,45,48,16
WMT,2006-05-24,47.52999877929688,48.13999938964844,47.369998931884766,48.02999877929688,33.20143508911133,16235000,False,0.010675194951113706,0.004215773878915793,0.04215050578884582,48,48,16
WMT,2006-05-25,48.81999969482422,49.83000183105469,48.650001525878906,49.45000076293945,34.18303298950195,25807000,False,0.02913630898261414,0.011776509069374079,0.11774488574532066,45,48,16
WMT,2006-05-26,49.59999847412109,50.0,49.45000076293945,49.650001525878906,34.32126998901367,17434300,False,0.004035868730506816,0.011514945971861156,0.11512970353381592,45,48,16
WMT,2006-05-30,48.619998931884766,48.709999084472656,48.22999954223633,48.29999923706055,33.388084411621094,19274000,True,-0.027566196089332713,0.020451085091910265,0.20447576300663356,41,40,13
WMT,2006-05-31,48.47999954223633,48.720001220703125,48.09999847412109,48.45000076293945,33.49177169799805,12049600,False,0.0031007055182962705,0.020454526367263713,0.2045101698559743,41,40,13
WMT,2006-06-01,48.25,48.56999969482422,47.91999816894531,48.38999938964844,33.450294494628906,13468200,False,-0.0012391971457087411,0.02015629682806174,0.20152838613616758,41,40,13
WMT,2006-06-02,48.16999816894531,48.34999847412109,47.31999969482422,47.83000183105469,33.063167572021484,13776000,False,-0.011640689931324008,0.013237582603462295,0.13235311432335653,44,48,16
WMT,2006-06-05,47.77000045776367,48.040000915527344,47.09999847412109,47.18999862670898,32.62076568603516,12445900,True,-0.01347083081041586,0.011953625888130209,0.1195157500536792,45,48,16
WMT,2006-06-06,47.34000015258789,47.4900016784668,46.54999923706055,47.02999877929688,32.51016616821289,16464300,False,-0.003396224220388857,0.007029382674801609,0.07028176644104965,47,48,16
WMT,2006-06-07,47.06999969482422,47.72999954223633,46.91999816894531,47.040000915527344,32.51707077026367,9688200,False,0.0002123603093657829,0.00623750121883841,0.06236431051188093,47,48,16
WMT,2006-06-08,47.09000015258789,47.540000915527344,46.84000015258789,47.29999923706055,32.696807861328125,16265400,False,0.005512248311041877,0.007986222539250448,0.07984852343604805,46,48,16
WMT,2006-06-09,47.150001525878906,47.4900016784668,47.0,47.130001068115234,32.57928466796875,7494600,False,-0.003600807456071105,0.006944794947351973,0.06943603429365844,47,48,16
WMT,2006-06-12,47.09999847412109,47.41999816894531,46.91999816894531,46.9900016784668,32.48251724243164,7468900,True,-0.0029746331656715134,0.0038785008957925972,0.03877835461663644,48,48,16
WMT,2006-06-13,47.09000015258789,47.93000030517578,47.02999877929688,47.52999877929688,32.855796813964844,14181300,False,0.011426178900427082,0.0063331312754224475,0.06332044700529972,47,48,16
WMT,2006-06-14,47.560001373291016,47.900001525878906,47.369998931884766,47.709999084472656,32.9802131652832,10429800,False,0.003779588084630463,0.0062657702024311954,0.06264695184673329,47,48,16
WMT,2006-06-15,47.7400016784668,48.75,47.310001373291016,48.65999984741211,33.63692092895508,15733300,False,0.0197165202789167,0.009933397406695275,0.09931693134393045,46,48,16
WMT,2006-06-16,48.560001373291016,49.15999984741211,48.20000076293945,48.310001373291016,33.394996643066406,16742300,False,-0.007218213205220953,0.010865381001516293,0.10863516828853516,45,48,16
WMT,2006-06-19,48.45000076293945,48.900001525878906,48.0,48.27000045776367,33.367332458496094,11618700,True,-0.0008287364004797604,0.010510907112510012,0.10509103756907719,45,48,16
WMT,2006-06-20,48.25,48.59000015258789,48.209999084472656,48.43000030517578,33.477935791015625,8699700,False,0.003309237477869258,0.009954790689834257,0.09953082747087927,46,48,16
WMT,2006-06-21,48.29999923706055,49.0,48.29999923706055,48.900001525878906,33.80284881591797,9969800,False,0.009658494698907227,0.010300106941140896,0.10298339752509345,45,48,16
WMT,2006-06-22,48.709999084472656,49.18999862670898,48.27000045776367,48.47999954223633,33.51249313354492,8465900,False,-0.008626784762148391,0.007561440063170125,0.07560142747424362,46,48,16
WMT,2006-06-23,48.34999847412109,48.630001068115234,47.7599983215332,47.93999862670898,33.13920211791992,8247000,False,-0.011201363064922304,0.008558500373136328,0.08557031991822525,46,48,16
WMT,2006-06-26,48.09000015258789,48.20000076293945,47.79999923706055,48.06999969482422,33.22908020019531,6776400,True,0.0027084665771063424,0.00877521477452883,0.08773709211540252,46,48,16
WMT,2006-06-27,47.95000076293945,48.27000045776367,47.56999969482422,47.630001068115234,32.9249267578125,8423100,False,-0.009195379070959622,0.009077183228944175,0.09075625857248874,46,48,16
WMT,2006-06-28,47.650001525878906,47.93000030517578,47.36000061035156,47.91999816894531,33.125389099121094,7287700,False,0.006070007515034132,0.007852631659394663,0.07851284383926986,46,48,16
WMT,2006-06-29,48.11000061035156,48.720001220703125,47.90999984741211,48.709999084472656,33.67149353027344,10966900,False,0.016351559456720583,0.01136990545639411,0.11367954722505698,45,48,16
WMT,2006-06-30,48.70000076293945,48.84999847412109,48.15999984741211,48.16999816894531,33.29820251464844,11119600,False,-0.011148173092261458,0.0113557139564318,0.1135376565737805,45,48,16
WMT,2006-07-03,47.75,48.04999923706055,47.09999847412109,47.56999969482422,32.88345718383789,9097300,True,-0.01253370683598611,0.012730718315837188,0.1272853410738112,44,48,16
WMT,2006-07-05,47.209999084472656,47.34000015258789,46.7599983215332,47.02000045776367,32.503257751464844,11523000,True,-0.011629387335673312,0.013111138712212023,0.13108889235055007,44,48,16
WMT,2006-07-06,46.83000183105469,47.13999938964844,46.5099983215332,46.720001220703125,32.295867919921875,10174000,False,-0.006401028949448524,0.012209949781417314,0.1220785492118248,45,48,16
WMT,2006-07-07,46.47999954223633,46.630001068115234,45.880001068115234,46.0,31.79816436767578,10525400,False,-0.01553073003621523,0.003295533203289619,0.032949677888871244,48,48,16
WMT,2006-07-10,46.25,46.72999954223633,46.04999923706055,46.18000030517578,31.9226016998291,7308700,True,0.0039057123138834765,0.007644983184748454,0.07643671535515131,46,48,16
WMT,2006-07-11,46.0,46.209999084472656,45.40999984741211,46.130001068115234,31.88802719116211,13206100,False,-0.0010836599686085407,0.007824160095261823,0.07822817704658425,46,48,16
WMT,2006-07-12,46.209999084472656,46.25,45.11000061035156,45.150001525878906,31.210590362548828,13258500,False,-0.021473144260779866,0.010371933542821603,0.10370154030904997,45,48,16
WMT,2006-07-13,44.54999923706055,44.619998931884766,43.709999084472656,44.15999984741211,30.52622604370117,26306500,False,-0.022171287495607896,0.01199124480449008,0.11989187467452928,45,48,16
WMT,2006-07-14,43.93000030517578,44.02999877929688,42.810001373291016,43.04999923706055,29.758941650390625,20072300,False,-0.02545653791235925,0.013588112152103798,0.13585780840646872,44,48,16
WMT,2006-07-17,43.22999954223633,43.93000030517578,42.720001220703125,43.02000045776367,29.73819923400879,17697300,True,-0.0006972576131850308,0.01222200203738719,0.12219905109347637,45,48,16
WMT,2006-07-18,42.7599983215332,43.22999954223633,42.310001373291016,43.16999816894531,29.84189414978028,20375200,False,0.0034808612938630333,0.013543459614770771,0.1354113596434657,44,48,16
WMT,2006-07-19,43.27999877929688,44.33000183105469,43.22999954223633,44.20000076293945,30.553905487060547,17608700,False,0.023579266440222322,0.020110606756195547,0.20107156380793015,41,40,13
WMT,2006-07-20,44.34999847412109,44.61000061035156,44.150001525878906,44.290000915527344,30.61609268188477,10252400,False,0.0020332587251901567,0.017457273512354907,0.1745427836915249,43,40,13
WMT,2006-07-21,44.5099983215332,44.5099983215332,43.560001373291016,43.720001220703125,30.22208976745605,12976300,False,-0.012952669100008819,0.013160452665632172,0.13158194727683598,44,48,16
WMT,2006-07-24,44.02999877929688,44.88999938964844,44.02999877929688,44.43000030517578,30.71288108825684,11650200,True,0.016109039760661754,0.014066767345553424,0.14064353911258246,44,48,16
WMT,2006-07-25,44.209999084472656,44.79999923706055,43.93999862670898,44.66999816894531,30.87879180908203,10678900,False,0.005387453021230901,0.013991802622140972,0.13989402049538177,44,48,16
WMT,2006-07-26,44.45000076293945,44.470001220703125,43.630001068115234,43.66999816894531,30.187519073486328,12347400,False,-0.02264103579109021,0.015361805699262121,0.15359170075326664,43,40,13
WMT,2006-07-27,43.970001220703125,44.0,43.470001220703125,43.52999877929688,30.090749740600582,8706800,False,-0.0032107563114249513,0.015160060624019207,0.1515745961347228,43,40,13
WMT,2006-07-28,43.77000045776367,44.540000915527344,43.77000045776367,44.459999084472656,30.73362159729004,12361300,False,0.021139414436736424,0.01733482627929433,0.17331852144355173,43,40,13
WMT,2006-07-31,45.02000045776367,45.119998931884766,44.33000183105469,44.5,30.761274337768555,13463400,True,0.0008993508134914643,0.015804572272781536,0.15801860683415853,43,40,13
WMT,2006-08-01,44.34999847412109,44.380001068115234,43.790000915527344,44.09000015258789,30.47785186767578,9644300,False,-0.009256320632760601,0.015985360766323845,0.159826181590889,43,40,13
WMT,2006-08-02,44.29999923706055,44.43000030517578,44.0,44.369998931884766,30.67138290405273,7989700,False,0.006329815353402919,0.011545205726226459,0.11543224916082943,45,48,16
WMT,2006-08-03,44.27000045776367,45.130001068115234,44.16999816894531,44.72999954223633,30.920255661010746,11035500,False,0.008081425246444018,0.011077452770748711,0.11075552212947236,45,48,16
WMT,2006-08-04,45.150001525878906,45.45000076293945,44.650001525878906,44.869998931884766,31.017030715942383,9733000,False,0.0031249394135652907,0.006796652969385875,0.06795486868108604,47,48,16
WMT,2006-08-07,44.59999847412109,45.04999923706055,44.5,44.81999969482422,30.982471466064453,7335000,True,-0.0011148235789298275,0.006924521615626568,0.06923333575934554,47,48,16
WMT,2006-08-08,44.81999969482422,44.9900016784668,44.369998931884766,44.459999084472656,30.73362159729004,7690500,False,-0.008064386615213397,0.0064701355654313425,0.06469025484722359,47,48,16
WMT,2006-08-09,44.77999877929688,44.880001068115234,43.86000061035156,43.900001525878906,30.34651565551757,10279600,False,-0.01267551587647815,0.008356779074989697,0.08355345302984989,46,48,16
WMT,2006-08-10,43.900001525878906,44.93999862670898,43.75,44.88999938964844,31.030851364135746,12140800,False,0.022300209396034106,0.013522766613798464,0.13520446513671,44,48,16
WMT,2006-08-11,44.900001525878906,44.93999862670898,44.29999923706055,44.68999862670898,30.892616271972656,8244500,False,-0.004464715141703816,0.013610180393289604,0.1360784529558607,44,48,16
WMT,2006-08-14,44.84000015258789,45.43000030517578,44.72999954223633,45.09999847412109,31.176023483276367,10970900,True,0.009132121534989476,0.014305373254168755,0.14302918882274432,44,48,16
WMT,2006-08-15,44.77999877929688,44.88999938964844,44.04999923706055,44.54999923706055,30.795827865600582,18589400,False,-0.012270099389590523,0.015091678242291585,0.15089088964105135,43,40,13
WMT,2006-08-16,44.54999923706055,44.68000030517578,44.04999923706055,44.43000030517578,30.82913589477539,16454100,False,0.001080991545822591,0.013252926877565177,0.13250653073822494,44,48,16
WMT,2006-08-17,44.5,45.0,44.33000183105469,44.630001068115234,30.96791648864746,12368200,False,0.00449150313253141,0.008282548915135572,0.08281127878794228,46,48,16
WMT,2006-08-18,44.720001220703125,44.7400016784668,44.29999923706055,44.4900016784668,30.870779037475582,9083600,False,-0.0031416423079529293,0.008140378323102918,0.08138981678960161,46,48,16
WMT,2006-08-21,44.29999923706055,44.380001068115234,44.02000045776367,44.09000015258789,30.59321975708008,9482300,True,-0.009031666424860797,0.006930298011280368,0.06929108980532553,47,48,16
WMT,2006-08-22,44.20000076293945,44.369998931884766,43.97999954223633,44.06999969482422,30.579345703125,8267400,False,-0.00045360380388154197,0.005075328857809224,0.05074458083990063,47,48,16
WMT,2006-08-23,44.09999847412109,44.150001525878906,43.47999954223633,43.7599983215332,30.364238739013672,10579600,False,-0.007059245345152647,0.0053730277743185536,0.05372105924316991,47,48,16
WMT,2006-08-24,43.93999862670898,43.959999084472656,43.65999984741211,43.70000076293945,30.322608947753903,7480100,False,-0.00137195452973526,0.0036970615229843674,0.03696427218395988,48,48,16
WMT,2006-08-25,43.59999847412109,44.060001373291016,43.52000045776367,43.880001068115234,30.44750213623047,7720700,False,0.004110354978397309,0.005297764008847979,0.05296855071845424,47,48,16
WMT,2006-08-28,44.20000076293945,44.650001525878906,44.15999984741211,44.43000030517578,30.82913589477539,11202200,True,0.012456254300654451,0.007283066357663655,0.07281816802475186,47,48,16
WMT,2006-08-29,44.650001525878906,44.650001525878906,44.060001373291016,44.4900016784668,30.870779037475582,9858100,False,0.0013498608245786723,0.0072041055535891655,0.07202869545700359,47,48,16
WMT,2006-08-30,44.630001068115234,44.93999862670898,44.20000076293945,44.619998931884766,30.96097755432129,12154300,False,0.002917548709562572,0.00520853563793113,0.052076420098339675,47,48,16
WMT,2006-08-31,44.93000030517578,44.97999954223633,44.52000045776367,44.720001220703125,31.03036880493164,8784900,False,0.002238740845872168,0.004498027814703951,0.04497256088384606,48,48,16
WMT,2006-09-01,45.0,45.79999923706055,44.02000045776367,45.45000076293945,31.536895751953125,11383200,False,0.01619179029417188,0.0068101951983881035,0.06809026773671543,47,48,16
WMT,2006-09-05,45.709999084472656,45.88999938964844,45.36000061035156,45.56999969482422,31.62016868591309,10560300,True,0.0026370124373781443,0.006247041559524255,0.0624596975503835,47,48,16
WMT,2006-09-06,45.43999862670898,45.650001525878906,45.150001525878906,45.400001525878906,31.50220489501953,10109600,False,-0.0037376265032346145,0.007325125192067351,0.07323868420847587,47,48,16
WMT,2006-09-07,45.400001525878906,46.040000915527344,45.29999923706055,45.540000915527344,31.59933090209961,16007900,False,0.0030784063352831256,0.007319261791089261,0.07318006025852795,47,48,16
WMT,2006-09-08,45.68999862670898,46.810001373291016,45.54999923706055,46.720001220703125,32.41811752319336,14053500,False,0.025581502943937014,0.011875985656159802,0.11873948094126713,45,48,16
WMT,2006-09-11,46.70000076293945,47.5,46.29999923706055,47.4900016784668,32.95241928100586,17148700,True,0.016347231717040223,0.011900513941642411,0.11898472171293087,45,48,16
WMT,2006-09-12,47.650001525878906,48.63999938964844,47.470001220703125,48.06999969482422,33.35486602783203,18437100,False,0.012138988553651465,0.011423146662504683,0.11421186794026242,45,48,16
WMT,2006-09-13,47.95000076293945,48.369998931884766,47.54999923706055,48.08000183105469,33.36180877685547,11168800,False,0.00020812635128547686,0.01025448790693819,0.10252728545161165,45,48,16
WMT,2006-09-14,47.84000015258789,48.40999984741211,47.58000183105469,48.369998931884766,33.56303787231445,10160500,False,0.006013602180996747,0.009724240975106093,0.09722572587758285,46,48,16
WMT,2006-09-15,48.63999938964844,48.84000015258789,48.150001525878906,48.220001220703125,33.45894241333008,17147300,False,-0.0031063105638946945,0.00807326162598372,0.0807187649704802,46,48,16
WMT,2006-09-18,48.02000045776367,48.52999877929688,47.65999984741211,48.09999847412109,33.37567901611328,10830500,True,-0.0024916260019820402,0.006458355499033173,0.06457247439429363,47,48,16
WMT,2006-09-19,48.2400016784668,48.5,48.0,48.5,33.653255462646484,11422600,False,0.008282334649479686,0.005118528651107943,0.051176504655032505,47,48,16
WMT,2006-09-20,48.77000045776367,49.02000045776367,48.41999816894531,48.869998931884766,33.90997695922852,13711900,False,0.007599480453955538,0.005595720943410799,0.05594760885957703,47,48,16
WMT,2006-09-21,48.869998931884766,49.060001373291016,48.209999084472656,48.459999084472656,33.6254768371582,13051700,False,-0.008425257816793846,0.0072887003462871434,0.07287449824475638,47,48,16
WMT,2006-09-22,47.83000183105469,48.619998931884766,47.59999847412109,48.290000915527344,33.50752258300781,11771800,False,-0.0035140505131453204,0.007339446161590459,0.0733818693332295,47,48,16
WMT,2006-09-25,48.25,49.0,48.02999877929688,48.81999969482422,33.87527084350586,12196400,True,0.01091530620911354,0.008436167361691713,0.08434719969044176,46,48,16
WMT,2006-09-26,48.93000030517578,49.84999847412109,48.79999923706055,49.25,34.17365646362305,14979000,False,0.008769793861801344,0.008515329437672116,0.08513868463192709,46,48,16
WMT,2006-09-27,49.060001373291016,49.7599983215332,49.040000915527344,49.5,34.34712219238281,15714800,False,0.005063167778821568,0.008249371089151747,0.082479557451277,46,48,16
WMT,2006-09-28,49.5,49.84000015258789,49.02999877929688,49.810001373291016,34.562225341796875,12772500,False,0.006243096351085444,0.005522977266234856,0.05522029689409394,47,48,16
WMT,2006-09-29,49.61000061035156,49.95000076293945,49.310001373291016,49.31999969482422,34.22221755981445,12582300,False,-0.009886263141699395,0.008205459383642325,0.08204051573546536,46,48,16
WMT,2006-10-02,48.619998931884766,48.86000061035156,48.02999877929688,48.43999862670898,33.611610412597656,18006000,True,-0.018003514122979715,0.01173855913530091,0.11736545151526447,45,48,16
WMT,2006-10-03,48.459999084472656,49.5,48.060001373291016,49.459999084472656,34.31935501098633,14986500,False,0.020837925781806488,0.015141629578603188,0.1513903173026944,43,40,13
WMT,2006-10-04,48.310001373291016,49.61000061035156,48.130001068115234,49.54999923706055,34.381797790527344,24777600,False,0.0018178092852747486,0.014984666455755469,0.14982095537573792,44,48,16
WMT,2006-10-05,49.470001220703125,49.470001220703125,48.09999847412109,48.40999984741211,33.590797424316406,25071000,False,-0.023275147067829724,0.017596633184246323,0.17593614131114693,42,40,13
WMT,2006-10-06,48.41999816894531,48.97999954223633,48.2400016784668,48.31999969482422,33.52833938598633,15445600,False,-0.0018611102384929615,0.017485187698972598,0.17482187766535126,43,40,13
WMT,2006-10-09,48.18999862670898,48.52999877929688,47.970001220703125,48.220001220703125,33.45894241333008,9645300,True,-0.002071945468415193,0.01567536083645985,0.1567267141589131,43,40,13
WMT,2006-10-10,48.4900016784668,48.4900016784668,47.880001068115234,48.119998931884766,33.38954544067383,9662900,False,-0.002076247341227293,0.010077463995075517,0.10075735005278738,45,48,16
WMT,2006-10-11,48.02999877929688,48.45000076293945,47.869998931884766,48.310001373291016,33.52140045166016,10006100,False,0.003941214098979672,0.010498538107832474,0.10496736874379453,45,48,16
WMT,2006-10-12,48.4900016784668,48.66999816894531,48.08000183105469,48.31999969482422,33.52833938598633,12425000,False,0.00020697871066282502,0.002595705822246214,0.025952604771788144,48,48,16
WMT,2006-10-13,48.27999877929688,48.52000045776367,48.119998931884766,48.459999084472656,33.6254768371582,8802100,False,0.0028929858162440847,0.0027782756951527025,0.027777990265849057,48,48,16
WMT,2006-10-16,48.310001373291016,48.459999084472656,48.11000061035156,48.31999969482422,33.52833938598633,6618600,True,-0.002892985816244223,0.0029902739859329615,0.029897609448331593,48,48,16
WMT,2006-10-17,48.20000076293945,48.31999969482422,47.63999938964844,48.27999877929688,33.500579833984375,11116000,False,-0.0008282858775599935,0.002774727180917121,0.027742511211676646,48,48,16
WMT,2006-10-18,48.43000030517578,48.56999969482422,48.15999984741211,48.34999847412109,33.549163818359375,10282600,False,0.0014491925019056635,0.0022040140442847467,0.02203635901748451,49,48,16
WMT,2006-10-19,48.43000030517578,48.9900016784668,48.38999938964844,48.4900016784668,33.646297454833984,10093000,False,0.002891079316682293,0.0025207380285289147,0.025203055456806695,48,48,16
WMT,2006-10-20,48.72999954223633,49.72999954223633,48.650001525878906,49.369998931884766,34.25689697265625,18955600,False,0.017984896923174246,0.008272687640874236,0.08271268296431031,46,48,16
WMT,2006-10-23,49.369998931884766,52.150001525878906,49.02999877929688,51.27999877929688,35.58222198486328,53101600,True,0.03795821477724312,0.01634354165503663,0.16340737594731516,43,40,13
WMT,2006-10-24,51.29999923706055,51.900001525878906,51.04999923706055,51.29999923706055,35.59610366821289,18782300,False,0.0003900536686763749,0.01611396933382958,0.1611120466123165,43,40,13
WMT,2006-10-25,51.04999923706055,51.77999877929688,50.54999923706055,50.84999847412109,35.28385543823242,17283400,False,-0.008810678049177982,0.018317447798301866,0.18314305075057033,42,40,13
WMT,2006-10-26,50.77000045776367,51.75,50.650001525878906,51.75,35.90834045410156,14230000,False,0.01754408684095091,0.01804941788839578,0.18046321151023947,42,40,13
WMT,2006-10-27,51.58000183105469,51.59999847412109,50.630001068115234,50.72999954223633,35.20059967041016,12533200,False,-0.01990647458769402,0.022775922837536593,0.2277201517403935,40,40,13
WMT,2006-10-30,49.220001220703125,49.720001220703125,49.09999847412109,49.52999877929688,34.3679313659668,26087300,True,-0.023939216698820293,0.016686838858567612,0.16683975898785164,43,40,13
WMT,2006-10-31,49.59999847412109,49.77999877929688,49.119998931884766,49.27999877929688,34.194461822509766,17582600,False,-0.0050602059099813185,0.01626051026535282,0.1625772045073746,43,40,13
WMT,2006-11-01,49.380001068115234,49.70000076293945,48.650001525878906,48.84999847412109,33.896087646484375,16787500,False,-0.008764096873300157,0.016259967723021802,0.16257178001490394,43,40,13
WMT,2006-11-02,47.66999816894531,48.369998931884766,47.65999984741211,48.290000915527344,33.50752258300781,24382500,False,-0.011529630728999667,0.007857857131684607,0.07856508959683013,46,48,16
WMT,2006-11-03,48.29999923706055,48.470001220703125,47.20000076293945,47.52999877929688,32.980159759521484,18014100,False,-0.015863807085855903,0.007263059224147909,0.07261813101581945,47,48,16
WMT,2006-11-06,47.7400016784668,48.209999084472656,47.20000076293945,47.4900016784668,32.95241928100586,17430700,True,-0.000841480207697259,0.005786197279766558,0.0578520454230168,47,48,16
WMT,2006-11-07,47.68999862670898,47.9900016784668,47.40999984741211,47.650001525878906,33.06342315673828,17884700,False,0.003362949748099359,0.007860386412771703,0.07859037806821528,46,48,16
WMT,2006-11-08,47.29999923706055,47.5099983215332,47.02999877929688,47.02999877929688,32.63322830200195,30111600,False,-0.013096588459457457,0.008363740926428958,0.08362305959979882,46,48,16
WMT,2006-11-09,47.11000061035156,47.209999084472656,46.310001373291016,46.38999938964844,32.18915557861328,27230600,False,-0.01370142978086358,0.008670035611231041,0.08668548093824197,46,48,16
WMT,2006-11-10,46.310001373291016,46.68999862670898,46.310001373291016,46.470001220703125,32.24467468261719,13199000,False,0.001723290933304921,0.008253895621581799,0.08252479501284037,46,48,16
WMT,2006-11-13,46.470001220703125,46.84000015258789,45.970001220703125,46.31999969482422,32.14057540893555,24180600,True,-0.003233640134735404,0.008054977121385979,0.08053595129521461,46,48,16
WMT,2006-11-14,47.83000183105469,48.20000076293945,47.18999862670898,47.65999984741211,33.07036209106445,28621800,False,0.028518212812786395,0.0172188532029397,0.17215898965493187,43,40,13
WMT,2006-11-15,47.77000045776367,48.08000183105469,47.58000183105469,47.68000030517578,33.084259033203125,16474300,False,0.0004201351956042668,0.01562799230846728,0.15625311014913795,43,40,13
WMT,2006-11-16,47.959999084472656,47.9900016784668,47.5,47.90999984741211,33.24385070800781,11076400,False,0.004812197525379003,0.012670461010688042,0.12668287140573628,44,48,16
WMT,2006-11-17,47.75,47.81999969482422,47.40999984741211,47.5,32.95934295654297,15820900,False,-0.00859503861393011,0.014360011222735742,0.1435754747660895,44,48,16
WMT,2006-11-20,47.5,48.2400016784668,47.41999816894531,47.720001220703125,33.11200714111328,12335800,True,0.004621199840155188,0.013734281418085664,0.1373192502837794,44,48,16
WMT,2006-11-21,47.7599983215332,47.97999954223633,47.59999847412109,47.810001373291016,33.17446517944336,8744200,False,0.0018844887841357072,0.0054804097755342856,0.054794695020102424,47,48,16
WMT,2006-11-22,47.880001068115234,48.209999084472656,47.7599983215332,48.02999877929688,33.32711410522461,10822100,False,0.004590844173135048,0.0057514466153725735,0.057504598400767694,47,48,16
WMT,2006-11-24,47.7599983215332,48.04999923706055,47.54999923706055,47.900001525878906,33.236900329589844,5081400,True,-0.0027105886457216635,0.005639057360158686,0.05638089867479582,47,48,16
WMT,2006-11-27,47.43999862670898,47.68999862670898,46.54999923706055,46.61000061035156,32.341800689697266,23502500,True,-0.02730018187095088,0.013482212165066567,0.1347989902286305,44,48,16
WMT,2006-11-28,46.52999877929688,46.88999938964844,46.47999954223633,46.709999084472656,32.41118240356445,13365200,False,0.0021429666126452553,0.013137152587739542,0.1313489864738371,44,48,16
WMT,2006-11-29,46.88999938964844,47.33000183105469,46.630001068115234,46.88999938964844,32.53608322143555,12673300,False,0.003846227262854642,0.013394011427004185,0.13391713417395165,44,48,16
WMT,2006-11-30,46.5,46.72999954223633,46.02000045776367,46.09999847412109,31.987905502319336,24220700,False,-0.016991848122973975,0.013456742654809761,0.1345443388240835,44,48,16
WMT,2006-12-01,46.0,46.09999847412109,45.41999816894531,45.869998931884766,31.828338623046875,25024700,False,-0.005000833690579502,0.013260612511277822,0.13258337388911495,44,48,16
WMT,2006-12-04,46.25,46.5099983215332,45.869998931884766,46.290000915527344,32.11975860595703,14495900,True,0.00911432905478722,0.010083351407030525,0.10081621407130886,45,48,16
WMT,2006-12-05,46.25,46.54999923706055,46.06999969482422,46.47999954223633,32.25160598754883,10470400,False,0.004096466396271807,0.010289613565359682,0.10287848177075884,45,48,16
WMT,2006-12-06,46.4900016784668,46.75,46.36000061035156,46.540000915527344,32.2932243347168,9839100,False,0.0012895952387812532,0.010050117436044887,0.10048393138095339,45,48,16
WMT,2006-12-07,46.70000076293945,46.79999923706055,46.36000061035156,46.369998931884766,32.175270080566406,14205400,False,-0.0036592877448519802,0.005768276656469431,0.057672869936446464,47,48,16
WMT,2006-12-08,46.29999923706055,46.619998931884766,46.25,46.34999847412109,32.1613883972168,10540600,False,-0.0004315326252084727,0.004832697572070275,0.04831868426483934,48,48,16
WMT,2006-12-11,46.45000076293945,46.45000076293945,45.91999816894531,46.0,31.918535232543945,16503200,True,-0.007579732110223917,0.0045159183409336605,0.04515143545137974,48,48,16
WMT,2006-12-12,45.91999816894531,46.16999816894531,45.58000183105469,45.650001525878906,31.675668716430664,18002900,False,-0.007638045034343772,0.004064936816611253,0.04064239395684331,48,48,16
WMT,2006-12-13,45.900001525878906,46.02999877929688,45.79999923706055,45.900001525878906,31.96678733825684,17372300,False,0.00914863034397658,0.006935797153259686,0.06934607179024464,47,48,16
WMT,2006-12-14,46.119998931884766,46.61000061035156,45.90999984741211,46.52000045776367,32.39858627319336,18438400,False,0.013417320169339551,0.009619410390953133,0.09617759989381357,46,48,16
WMT,2006-12-15,46.630001068115234,46.88999938964844,46.38999938964844,46.45000076293945,32.349815368652344,16087800,False,-0.001506474678230629,0.009681920854674436,0.09680259728186746,46,48,16
WMT,2006-12-18,46.5,46.79999923706055,46.27999877929688,46.369998931884766,32.29412078857422,12870200,True,-0.0017231188931031785,0.00865924583930681,0.08657760173100383,46,48,16
WMT,2006-12-19,46.130001068115234,46.2400016784668,45.5,46.09000015258789,32.09910583496094,17349900,False,-0.0060570205922623735,0.008221615809111325,0.08220205227058743,46,48,16
WMT,2006-12-20,46.0,46.130001068115234,45.869998931884766,45.869998931884766,31.94590377807617,13936800,False,-0.004784208793973213,0.007822305035331196,0.07820962963000301,46,48,16
WMT,2006-12-21,45.95000076293945,46.060001373291016,45.61000061035156,45.709999084472656,31.834447860717773,11281600,False,-0.003494995808187899,0.0019569207209486766,0.019565849721966812,49,48,16
WMT,2006-12-22,45.5,45.79999923706055,45.0,45.540000915527344,31.716053009033203,11098700,False,-0.0037260127627273014,0.0016086786991252717,0.01608402698232741,49,48,16
WMT,2006-12-26,44.79999923706055,46.290000915527344,44.79999923706055,46.11000061035156,32.11305236816406,10493300,True,0.012439606546398642,0.007650087144596077,0.07648774619676718,46,48,16
WMT,2006-12-27,45.75,46.25,45.75,46.15999984741211,32.147857666015625,12124100,False,0.0010832495598494894,0.0071491855438200295,0.0714795895855348,47,48,16
WMT,2006-12-28,45.810001373291016,46.20000076293945,45.810001373291016,46.0099983215332,32.04338836669922,7100500,False,-0.0032549420055739543,0.006905673903457585,0.06904489097466236,47,48,16
WMT,2006-12-29,46.20000076293945,46.61000061035156,46.02999877929688,46.18000030517578,32.161800384521484,10810500,False,0.0036885539745059107,0.0065777664607488545,0.06576637913814647,47,48,16
WMT,2007-01-03,47.09000015258789,48.29999923706055,47.060001373291016,47.54999923706055,33.115909576416016,35687300,True,0.029234393912790393,0.012861541452291387,0.12859334798518898,44,48,16
WMT,2007-01-04,47.79999923706055,47.9900016784668,47.31999969482422,47.77999877929688,33.276092529296875,17073000,False,0.00482537831703566,0.012749197983827417,0.12747010604815998,44,48,16
WMT,2007-01-05,47.5,47.79999923706055,47.150001525878906,47.38999938964844,33.004486083984375,13556900,False,-0.008195702913286952,0.014413449268631336,0.14410976354142727,44,48,16
WMT,2007-01-08,46.90999984741211,47.310001373291016,46.900001525878906,47.0,32.732879638671875,16396400,True,-0.00826342789558381,0.015299896343478253,0.15297271341326663,43,40,13
WMT,2007-01-09,47.0,47.66999816894531,47.0,47.38999938964844,33.004486083984375,14643200,False,0.008263427895583828,0.01539384677754771,0.15391205656326679,43,40,13
WMT,2007-01-10,47.04999923706055,47.619998931884766,46.5099983215332,47.27999877929688,32.927879333496094,13348100,False,-0.0023237990773276244,0.007515612692691785,0.07514323239544787,46,48,16
WMT,2007-01-11,47.27000045776367,47.72999954223633,47.209999084472656,47.59999847412109,33.15073776245117,14823200,False,0.006745276572983171,0.007933912498116875,0.07932551277301353,46,48,16
WMT,2007-01-12,47.619998931884766,48.11000061035156,47.209999084472656,47.97999954223633,33.41539764404297,13910800,False,0.00795182939632153,0.007417532026025478,0.07416259400571638,47,48,16
WMT,2007-01-16,47.93000030517578,48.47999954223633,47.790000915527344,48.310001373291016,33.64521789550781,14482400,True,0.00685413187292025,0.00442278767617391,0.044220288587999,48,48,16
WMT,2007-01-17,48.31999969482422,48.40999984741211,48.09000015258789,48.20000076293945,33.568599700927734,11305400,False,-0.0022798356202982126,0.005216869575320902,0.05215974517370681,47,48,16
WMT,2007-01-18,48.20000076293945,48.77999877929688,48.08000183105469,48.38999938964844,33.70093536376953,13656200,False,0.003934495263874485,0.004143809791072709,0.041430988379150435,48,48,16
WMT,2007-01-19,48.4900016784668,48.7400016784668,48.18999862670898,48.310001373291016,33.64521789550781,11960300,False,-0.001654659643576374,0.004737700355432219,0.0473688750851173,48,48,16
WMT,2007-01-22,48.15999984741211,48.27000045776367,47.59999847412109,47.959999084472656,33.40146255493164,12719900,True,-0.007271244837278929,0.005550475892730974,0.055495235979680764,47,48,16
WMT,2007-01-23,47.77999877929688,48.150001525878906,47.459999084472656,47.810001373291016,33.297000885009766,11274300,False,-0.0031323586765348316,0.004014083990174809,0.04013395294063782,48,48,16
WMT,2007-01-24,48.06999969482422,48.70000076293945,47.9900016784668,48.61000061035156,33.854148864746094,13491600,False,0.016594228597246304,0.009245532782250005,0.09243946526833552,46,48,16
WMT,2007-01-25,48.61000061035156,48.63999938964844,48.09000015258789,48.150001525878906,33.533782958984375,9760100,False,-0.009508180787210569,0.010322910326381583,0.10321139225374812,45,48,16
WMT,2007-01-26,48.04999923706055,48.36000061035156,47.470001220703125,47.66999816894531,33.199501037597656,11058400,False,-0.01001853040576787,0.011104698441753439,0.11102793209414084,45,48,16
WMT,2007-01-29,48.150001525878906,48.150001525878906,47.5,47.630001068115234,33.171630859375,9537000,True,-0.0008398283730949536,0.010806560115314836,0.10804706034547414,45,48,16
WMT,2007-01-30,47.75,47.84000015258789,46.90999984741211,47.27999877929688,32.927879333496094,16342400,False,-0.007375323359584154,0.011139924059906554,0.11138012783910343,45,48,16
WMT,2007-01-31,47.20000076293945,47.959999084472656,47.040000915527344,47.68999862670898,33.21342086791992,14894300,False,0.008634342159081371,0.007864628953093217,0.07863279619250696,46,48,16
WMT,2007-02-01,47.5099983215332,48.08000183105469,47.43999862670898,47.77999877929688,33.276092529296875,13235400,False,0.001885159831533053,0.007444387733149387,0.07443110500063745,47,48,16
WMT,2007-02-02,47.75,48.41999816894531,47.63999938964844,48.08000183105469,33.48503875732422,12611700,False,0.006259537735238122,0.00627933467041205,0.06278257325399356,47,48,16
WMT,2007-02-05,48.43999862670898,48.900001525878906,48.41999816894531,48.52000045776367,33.79146194458008,14214900,True,0.009109430574312165,0.00682124077582907,0.06820070456023557,47,48,16
WMT,2007-02-06,48.61000061035156,48.77000045776367,48.31999969482422,48.58000183105469,33.833255767822266,8961900,False,0.001236051845452879,0.003696251952878719,0.03695617787188226,48,48,16
WMT,2007-02-07,48.38999938964844,48.75,48.27999877929688,48.58000183105469,33.833255767822266,10084300,False,0.0,0.0038362689756867643,0.03835610787285406,48,48,16
WMT,2007-02-08,48.36000061035156,48.59999847412109,48.130001068115234,48.310001373291016,33.64521789550781,10791600,False,-0.00557328430339269,0.005709926027503407,0.05708946375891976,47,48,16
WMT,2007-02-09,48.369998931884766,48.540000915527344,47.66999816894531,47.970001220703125,33.40843200683594,12406000,False,-0.007062609515361585,0.006410973088589316,0.0640987315838237,47,48,16
WMT,2007-02-12,48.150001525878906,48.2400016784668,47.68000030517578,47.7400016784668,33.248252868652344,10330400,True,-0.004806102998046872,0.0036414925100340585,0.036408677394173666,48,48,16
WMT,2007-02-13,47.79999923706055,48.16999816894531,47.7400016784668,47.97999954223633,33.41539764404297,10068400,False,0.005014580640488284,0.004957279030800729,0.04956428510782178,48,48,16
WMT,2007-02-14,48.08000183105469,48.130001068115234,47.75,47.869998931884766,33.338775634765625,12275700,False,-0.002295648022098913,0.004772391226732636,0.047715724279017706,48,48,16
WMT,2007-02-15,47.900001525878906,48.540000915527344,47.81999969482422,48.36000061035156,33.68003845214844,11296500,False,0.010184178028331645,0.0071919848485790154,0.07190750920238725,47,48,16
WMT,2007-02-16,48.34999847412109,48.84999847412109,48.25,48.47999954223633,33.76361083984375,17103700,False,0.002478289100521415,0.005937311335549525,0.059362926714566056,47,48,16
WMT,2007-02-20,49.810001373291016,50.290000915527344,49.40999984741211,50.2599983215332,35.00327682495117,36502900,True,0.03605806051217068,0.015093504657329188,0.15090915065784835,43,40,13
WMT,2007-02-21,49.90999984741211,50.41999816894531,49.869998931884766,49.970001220703125,34.80131149291992,23789100,False,-0.005786608028568166,0.01672202242273068,0.16719153426506575,43,40,13
WMT,2007-02-22,50.09000015258789,50.18000030517578,49.54999923706055,49.68999862670898,34.606300354003906,10632900,False,-0.005619316005187597,0.017296161013696302,0.17293193512554075,43,40,13
WMT,2007-02-23,49.65999984741211,49.88999938964844,49.290000915527344,49.56999969482422,34.522735595703125,11050600,False,-0.0024176468789377584,0.01771361002043204,0.1771057089759276,42,40,13
WMT,2007-02-26,49.709999084472656,50.04999923706055,49.45000076293945,49.97999954223633,34.80827713012695,10662800,True,0.00823709730146832,0.017700540524758997,0.17697503644252183,42,40,13
WMT,2007-02-27,49.59999847412109,49.77999877929688,48.20000076293945,48.20000076293945,33.568599700927734,20652700,False,-0.036264109755077475,0.01660984439975193,0.16606994649903428,43,40,13
WMT,2007-02-28,48.5,48.65999984741211,48.0099983215332,48.310001373291016,33.64521789550781,21331800,False,0.0022798356202982347,0.01730087561545436,0.1729790730542824,43,40,13
WMT,2007-03-01,47.77999877929688,48.20000076293945,47.18999862670898,47.88999938964844,33.35269927978516,20456600,False,-0.008732225920101665,0.017305717338312335,0.17302748197592158,43,40,13
WMT,2007-03-02,47.84999847412109,48.31999969482422,47.709999084472656,47.810001373291016,33.297000885009766,18359700,False,-0.0016713775937120968,0.017362333997600926,0.17359355143164454,43,40,13
WMT,2007-03-05,47.650001525878906,48.27000045776367,47.43999862670898,47.470001220703125,33.06019973754883,14331300,True,-0.0071371953744452715,0.015159992638285371,0.1515739163940275,43,40,13
WMT,2007-03-06,47.84000015258789,48.290000915527344,47.75,48.040000915527344,33.45716857910156,14918600,False,0.011935936868443636,0.008298161086424902,0.08296737371504415,46,48,16
WMT,2007-03-07,48.04999923706055,48.25,47.61000061035156,47.93000030517578,33.38057327270508,13327000,False,-0.0022919786876392312,0.008142981133985148,0.08141584043278309,46,48,16
WMT,2007-03-08,48.04999923706055,48.150001525878906,47.380001068115234,47.880001068115234,33.34575271606445,20395700,False,-0.0010436828129049233,0.007115711706177719,0.07114490864015166,47,48,16
WMT,2007-03-09,47.77999877929688,48.130001068115234,47.150001525878906,47.41999816894531,33.02538299560547,13950500,False,-0.009653961927802641,0.008359567249415566,0.08358132999043966,46,48,16
WMT,2007-03-12,47.52999877929688,47.630001068115234,47.09999847412109,47.2599983215332,32.91394805908203,12197200,True,-0.003379926390704574,0.007897792849855454,0.07896437826085471,46,48,16
WMT,2007-03-13,46.97999954223633,47.130001068115234,46.02999877929688,46.18000030517578,32.161800384521484,23987000,False,-0.02311709624256964,0.009131352838951043,0.09129786173379521,46,48,16
WMT,2007-03-14,46.18000030517578,46.220001220703125,45.060001373291016,45.72999954223633,32.000858306884766,27585500,False,-0.005016700319423886,0.008788055322390156,0.08786547556349675,46,48,16
WMT,2007-03-15,45.75,46.15999984741211,45.4900016784668,46.0,32.18977737426758,13290800,False,0.0058862047661867615,0.010605200880126208,0.10603381346548764,45,48,16
WMT,2007-03-16,46.220001220703125,46.79999923706055,45.75,46.209999084472656,32.33673095703125,18992400,False,0.004554836163576389,0.011592817568307994,0.11590828589404044,45,48,16
WMT,2007-03-19,46.5,46.81999969482422,46.380001068115234,46.59000015258789,32.60264587402344,12079500,True,0.008189681399150264,0.012883813073517372,0.12881602598604378,44,48,16
WMT,2007-03-20,46.47999954223633,47.400001525878906,46.43999862670898,47.29999923706055,33.0994987487793,15267000,False,0.01512469186785878,0.007266458414762075,0.07265211708997214,47,48,16
WMT,2007-03-21,47.220001220703125,47.84999847412109,46.95000076293945,47.77000045776367,33.42838287353516,13632000,False,0.009887187024265687,0.004124386728014204,0.04123679107270117,48,48,16
WMT,2007-03-22,47.619998931884766,48.20000076293945,47.560001373291016,48.0099983215332,33.59633255004883,15117300,False,0.005011584964458268,0.004290283270560699,0.042895471869583444,48,48,16
WMT,2007-03-23,48.0099983215332,48.150001525878906,47.75,47.90999984741211,33.526363372802734,7993900,False,-0.002084815027979866,0.006363859703785142,0.0636276785681835,47,48,16
WMT,2007-03-26,47.84000015258789,47.91999816894531,47.150001525878906,47.84000015258789,33.47737503051758,12706100,True,-0.0014622572465783782,0.00738094748188876,0.07379681133242615,47,48,16
WMT,2007-03-27,47.56999969482422,47.79999923706055,47.02999877929688,47.4900016784668,33.23245620727539,12950500,False,-0.007342843450344995,0.006709326815939572,0.06708175697204374,47,48,16
WMT,2007-03-28,47.16999816894531,47.18999862670898,46.459999084472656,46.63999938964844,32.63764953613281,18080500,False,-0.018060479248464472,0.008618085191967108,0.08616606587690083,46,48,16
WMT,2007-03-29,46.93000030517578,47.040000915527344,46.36000061035156,46.720001220703125,32.69361877441406,12563100,False,0.0017133986044102919,0.007764467964928993,0.07763135815700245,46,48,16
WMT,2007-03-30,46.86000061035156,47.09000015258789,46.63999938964844,46.95000076293945,32.854576110839844,15187300,False,0.004911124104031495,0.00904642542671687,0.0904487333213556,46,48,16
WMT,2007-04-02,47.060001373291016,47.52000045776367,46.84999847412109,47.400001525878906,33.16946792602539,13746300,True,0.009538773560313313,0.01096660520298562,0.10964723663293638,45,48,16
WMT,2007-04-03,47.5099983215332,48.290000915527344,47.470001220703125,48.09999847412109,33.6593017578125,17161900,False,0.014659632561774367,0.012515518261754472,0.12513370975156718,44,48,16
WMT,2007-04-04,48.0,48.31999969482422,47.900001525878906,48.04999923706055,33.62432861328125,10973900,False,-0.0010395737414293305,0.006257375011040149,0.06256301433644686,47,48,16
WMT,2007-04-05,47.88999938964844,48.45000076293945,47.86000061035156,48.27000045776367,33.77827453613281,9515400,False,0.004567959792288797,0.005893055707644443,0.058920446364865264,47,48,16
WMT,2007-04-09,48.27000045776367,48.54999923706055,47.88999938964844,48.470001220703125,33.91823959350586,8537800,True,0.0041350801768669536,0.0059561544693486086,0.059551325723405345,47,48,16
WMT,2007-04-10,48.45000076293945,48.45000076293945,47.93999862670898,47.93999862670898,33.54734420776367,9750700,False,-0.010995209748201883,0.009343194161042553,0.09341591149870133,46,48,16
WMT,2007-04-11,47.95000076293945,48.11000061035156,47.060001373291016,47.27000045776367,33.0784912109375,17725400,False,-0.01407444224727616,0.008623157189793259,0.08621677715313919,46,48,16
WMT,2007-04-12,47.380001068115234,47.5,46.900001525878906,47.2599983215332,33.071495056152344,11571900,False,-0.00021152399890131217,0.00868946963715144,0.08687978785450119,46,48,16
WMT,2007-04-13,47.400001525878906,47.41999816894531,46.83000183105469,47.40999984741211,33.17647171020508,12421400,False,0.003169206453905832,0.008389552308665097,0.08388112913758966,46,48,16
WMT,2007-04-16,47.630001068115234,48.119998931884766,47.5099983215332,48.06999969482422,33.63832473754883,14250000,True,0.013825092888473332,0.011252465311813753,0.1125053472712278,45,48,16
WMT,2007-04-17,48.18999862670898,48.43000030517578,47.88999938964844,48.16999816894531,33.70829772949219,12391300,False,0.0020779963288171583,0.009988093020767844,0.09986379364342911,46,48,16
WMT,2007-04-18,48.0,48.18000030517578,47.83000183105469,47.970001220703125,33.5683479309082,7993500,False,-0.004160433359257751,0.006701288877901939,0.06700139138235212,47,48,16
WMT,2007-04-19,47.75,48.380001068115234,47.650001525878906,48.34000015258789,33.827266693115234,8050300,False,0.007683587054641026,0.006703189185240922,0.06702039119538596,47,48,16
WMT,2007-04-20,48.59000015258789,49.84000015258789,48.5099983215332,49.7599983215332,34.820945739746094,23421400,False,0.028951910618259268,0.012668089422992601,0.12665915959771323,44,48,16
WMT,2007-04-23,49.72999954223633,49.95000076293945,48.84000015258789,48.93000030517578,34.24011993408203,14055500,True,-0.016821040775883894,0.016874095679676848,0.16871200592254626,43,40,13
WMT,2007-04-24,48.560001373291016,48.97999954223633,48.130001068115234,48.68999862670898,34.07218933105469,18552900,False,-0.0049165646165507115,0.017310555015701386,0.17307585044981239,43,40,13
WMT,2007-04-25,48.77000045776367,49.09999847412109,48.630001068115234,48.810001373291016,34.156158447265625,14503000,False,0.002461415565217359,0.016957005275807513,0.1695409596359165,43,40,13
WMT,2007-04-26,48.77999877929688,49.060001373291016,48.56999969482422,48.70000076293945,34.079185485839844,9231100,False,-0.0022561033516770657,0.016922408023011887,0.1691950464664428,43,40,13
WMT,2007-04-27,48.52000045776367,48.68999862670898,48.31999969482422,48.34000015258789,33.827266693115234,9302100,False,-0.007419617439364975,0.007170716257596076,0.07169485978306461,47,48,16
WMT,2007-04-30,48.25,48.65999984741211,47.869998931884766,47.91999816894531,33.53335189819336,13988700,True,-0.00872666155132176,0.004458676882128342,0.04457911907245762,48,48,16
WMT,2007-05-01,47.91999816894531,48.560001373291016,47.5099983215332,48.33000183105469,33.82026672363281,14785600,False,0.008519707383036606,0.00714010345495137,0.07138878427898177,47,48,16
WMT,2007-05-02,48.29999923706055,48.7400016784668,48.16999816894531,48.27999877929688,33.7852668762207,12118400,False,-0.0010354137797700933,0.006821141956378147,0.06819971653527081,47,48,16
WMT,2007-05-03,48.52000045776367,48.75,48.20000076293945,48.36000061035156,33.84126663208008,10951600,False,0.001656147838844952,0.007031879444331847,0.07030672985264629,47,48,16
WMT,2007-05-04,48.400001525878906,48.5,48.04999923706055,48.27000045776367,33.77827453613281,9605800,False,-0.001863133439856477,0.006237108387626776,0.062360382873744825,47,48,16
WMT,2007-05-07,48.43000030517578,48.880001068115234,48.27999877929688,48.61000061035156,34.01619338989258,8893300,True,0.0070188567822885685,0.004697336279415528,0.046965303577567535,48,48,16
WMT,2007-05-08,48.369998931884766,48.63999938964844,48.08000183105469,48.09999847412109,33.6593017578125,10172500,False,-0.010547242833148198,0.0063883248343930416,0.06387228789945493,47,48,16
WMT,2007-05-09,48.06999969482422,48.27999877929688,47.84000015258789,47.93000030517578,33.54035949707031,15225800,False,-0.003539969777535147,0.00649361303962364,0.06492498930886043,47,48,16
WMT,2007-05-10,47.5,48.33000183105469,47.45000076293945,47.75,33.41437911987305,17850200,False,-0.003763154885536581,0.006293684747557157,0.06292604940502725,47,48,16
WMT,2007-05-11,47.84000015258789,47.90999984741211,47.40999984741211,47.77999877929688,33.43538284301758,15889300,False,0.0006283858975394462,0.006457079840425838,0.06455971999686687,47,48,16
WMT,2007-05-14,47.63999938964844,48.0,47.4900016784668,47.84000015258789,33.47737503051758,12971400,True,0.0012551326338123348,0.004714849565232948,0.04714040638820944,48,48,16
WMT,2007-05-15,47.959999084472656,48.09999847412109,47.40999984741211,47.619998931884766,33.323421478271484,19379800,False,-0.004609340991939215,0.0027291489415767014,0.027286807016825988,48,48,16
WMT,2007-05-16,47.4900016784668,47.7400016784668,46.97999954223633,47.18000030517578,33.16877365112305,16516500,False,-0.004651616800956962,0.002923720109302314,0.029232184868464968,48,48,16
WMT,2007-05-17,47.470001220703125,47.470001220703125,47.02000045776367,47.11000061035156,33.11954498291016,12626000,False,-0.0014852896642283352,0.0027995661535285296,0.0279908583215827,48,48,16
WMT,2007-05-18,47.31999969482422,47.369998931884766,47.18000030517578,47.27000045776367,33.23202896118164,13743100,False,0.0033905476341566892,0.0035608087498367235,0.03560197822127157,48,48,16
WMT,2007-05-21,47.130001068115234,47.400001525878906,46.619998931884766,46.619998931884766,32.77504348754883,21022300,True,-0.01384678211803352,0.006293047529251392,0.0629196783152446,47,48,16
WMT,2007-05-22,46.56999969482422,46.79999923706055,46.470001220703125,46.540000915527344,32.71881484985352,11196900,False,-0.0017170663918018856,0.006382953684505403,0.06381858561585667,47,48,16
WMT,2007-05-23,46.880001068115234,47.13999938964844,46.31999969482422,46.33000183105469,32.571189880371094,14253600,False,-0.004522138470249197,0.006378196170161784,0.06377101863488453,47,48,16
WMT,2007-05-24,46.40999984741211,46.95000076293945,46.34999847412109,46.650001525878906,32.796142578125,14731400,False,0.006882752510654691,0.007980315770056425,0.07978946587834762,46,48,16
WMT,2007-05-25,46.79999923706055,47.0,46.63999938964844,46.90999984741211,32.97892761230469,8796000,False,0.005557896150398234,0.008392015260074742,0.0839057544260021,46,48,16
WMT,2007-05-29,47.16999816894531,47.540000915527344,46.7599983215332,46.93999862670898,33.000022888183594,14948200,True,0.0006394547484527878,0.004814298206060625,0.04813472217252231,48,48,16
WMT,2007-05-30,46.650001525878906,47.150001525878906,46.470001220703125,47.119998931884766,33.12657165527344,16038300,False,0.0038274743302242216,0.004557709650413759,0.045569276844860125,48,48,16
WMT,2007-05-31,47.09999847412109,47.79999923706055,47.09999847412109,47.59999847412109,33.46402359008789,17483900,False,0.010135209701138568,0.003527781138231438,0.03527175877066897,48,48,16
WMT,2007-06-01,47.900001525878906,49.93999862670898,47.72999954223633,49.470001220703125,34.7786865234375,49104400,False,0.03853380385051892,0.015366618402035159,0.15363981952384623,43,40,13
WMT,2007-06-04,50.150001525878906,51.43999862670898,50.150001525878906,51.209999084472656,36.001930236816406,54679300,True,0.03456781177863507,0.017742455302730473,0.17739411230908117,42,40,13
WMT,2007-06-05,50.90999984741211,51.20000076293945,50.36000061035156,50.52000045776367,35.516849517822266,32728500,False,-0.013565336525087872,0.021798844719561745,0.21795104693289252,41,40,13
WMT,2007-06-06,50.15999984741211,51.040000915527344,50.150001525878906,50.75,35.678550720214844,25261100,False,0.004542469875792587,0.02171186415896785,0.2170813905594409,41,40,13
WMT,2007-06-07,50.38999938964844,50.75,49.61000061035156,49.7599983215332,34.98255157470703,24799800,False,-0.01970027731192962,0.026826531711234496,0.268219290850545,39,40,13
WMT,2007-06-08,49.88999938964844,50.150001525878906,49.59999847412109,50.08000183105469,35.20751953125,14736100,False,0.006410272089919509,0.021205788141341244,0.2120214986574463,41,40,13
WMT,2007-06-11,49.900001525878906,50.119998931884766,49.54999923706055,49.810001373291016,35.0177116394043,12639700,True,-0.005405702505757777,0.01128497506118757,0.11283038898801157,45,48,16
WMT,2007-06-12,49.61000061035156,49.810001373291016,48.900001525878906,48.90999984741211,34.3849983215332,19065800,False,-0.01823360637314091,0.012265103262765777,0.12262998939851984,45,48,16
WMT,2007-06-13,49.18000030517578,49.540000915527344,48.970001220703125,49.5,34.799781799316406,14142800,False,0.01199074266831155,0.014232620771515108,0.14230178881759173,44,48,16
WMT,2007-06-14,49.29999923706055,49.650001525878906,48.97999954223633,49.27999877929688,34.64511489868164,13366800,False,-0.004454385094506662,0.01170050703444498,0.11698499579266815,45,48,16
WMT,2007-06-15,49.34000015258789,49.68000030517578,49.209999084472656,49.34000015258789,34.68729019165039,22726300,False,0.0012166114276844161,0.010982542939092716,0.10980658664964457,45,48,16
WMT,2007-06-18,49.31999969482422,49.45000076293945,49.06999969482422,49.11000061035156,34.52560806274414,11030600,True,-0.004672031574520536,0.01094682913470589,0.10944950987992566,45,48,16
WMT,2007-06-19,48.93000030517578,48.970001220703125,47.77000045776367,48.810001373291016,34.3146858215332,14846900,False,-0.006127890784264109,0.007477307679934149,0.07476024798775525,47,48,16
WMT,2007-06-20,48.84999847412109,49.25,48.560001373291016,48.59000015258789,34.16002655029297,17991400,False,-0.004517274447110679,0.0028394100186114055,0.028389228612319843,48,48,16
WMT,2007-06-21,48.709999084472656,48.790000915527344,48.08000183105469,48.38999938964844,34.019412994384766,16512700,False,-0.004124814055816846,0.002821608157716835,0.028211240546014496,48,48,16
WMT,2007-06-22,48.25,48.43000030517578,47.83000183105469,47.83000183105469,33.62571716308594,20450600,False,-0.011640166132878318,0.0031253762245197075,0.031248400039382267,48,48,16
WMT,2007-06-25,48.0,48.119998931884766,47.68999862670898,47.81999969482422,33.618682861328125,17820600,True,-0.0002092159876782534,0.0041469887710452995,0.04146277272470261,48,48,16
WMT,2007-06-26,47.90999984741211,48.4900016784668,47.75,47.970001220703125,33.724159240722656,16074900,False,0.003132521953418578,0.005534057561110871,0.05533108083239987,47,48,16
WMT,2007-06-27,47.83000183105469,48.4900016784668,47.7599983215332,48.459999084472656,34.068634033203125,17901800,False,0.01016266598890117,0.008127244100748006,0.08125849710042865,46,48,16
WMT,2007-06-28,48.33000183105469,48.5,48.16999816894531,48.209999084472656,33.89286422729492,13553200,False,-0.005172640460204148,0.008255423410813319,0.08254007028392864,46,48,16
WMT,2007-06-29,48.5,48.650001525878906,47.869998931884766,48.11000061035156,33.82257461547852,14131500,False,-0.0020760298762797762,0.00586062147859777,0.058596159721782747,47,48,16
WMT,2007-07-02,48.20000076293945,48.4900016784668,48.13999938964844,48.33000183105469,33.977230072021484,10544200,True,0.0045621289174198314,0.0059678917386388804,0.0596686782786833,47,48,16
WMT,2007-07-03,48.34000015258789,48.470001220703125,48.130001068115234,48.470001220703125,34.07565689086914,6212100,False,0.002892658691564663,0.005958692194609147,0.059576698622037266,47,48,16
WMT,2007-07-05,48.36000061035156,48.459999084472656,48.08000183105469,48.09000015258789,33.80851745605469,11198600,True,-0.007870488707272283,0.005254585581567539,0.05253684052684749,47,48,16
WMT,2007-07-06,48.09000015258789,48.4900016784668,47.9900016784668,48.38999938964844,34.019412994384766,13106700,False,0.006218565613008679,0.005729914617653481,0.05728931536601028,47,48,16
WMT,2007-07-09,48.40999984741211,48.83000183105469,48.2599983215332,48.5,34.09675216674805,10701300,True,0.0022708032788962378,0.005520764678528581,0.05519817481316637,47,48,16
WMT,2007-07-10,48.38999938964844,48.38999938964844,47.4900016784668,47.58000183105469,33.44996643066406,16731700,False,-0.01915135237040502,0.010392217244176409,0.10390434252186571,45,48,16
WMT,2007-07-11,47.70000076293945,47.88999938964844,47.22999954223633,47.68000030517578,33.5202751159668,13685900,False,0.0020997000909675906,0.01028284416697924,0.10281079940120652,45,48,16
WMT,2007-07-12,48.900001525878906,49.2400016784668,47.68000030517578,48.83000183105469,34.32874298095703,24974100,False,0.023832507942054278,0.01530002146339307,0.15297396439774663,43,40,13
WMT,2007-07-13,48.7599983215332,49.2599983215332,48.66999816894531,49.150001525878906,34.553714752197266,13101000,False,0.006532071548174138,0.015316865279344765,0.15314237365834027,43,40,13
WMT,2007-07-16,49.13999938964844,49.13999938964844,48.70000076293945,48.93999862670898,34.40605926513672,11749500,True,-0.004282372290672555,0.015683334782571345,0.15680643993913426,43,40,13
WMT,2007-07-17,48.7599983215332,48.880001068115234,48.29999923706055,48.34999847412109,33.991302490234375,14098900,False,-0.012128007515989438,0.01349950807566915,0.13497191966007457,44,48,16
WMT,2007-07-18,48.43000030517578,48.7400016784668,47.959999084472656,48.040000915527344,33.77335357666016,19622800,False,-0.006432546927606233,0.014196357633227444,0.14193921965135622,44,48,16
WMT,2007-07-19,48.36000061035156,48.97999954223633,48.09999847412109,48.790000915527344,34.300628662109375,15415600,False,0.015491546492243446,0.01106036456004417,0.11058466934065818,45,48,16
WMT,2007-07-20,48.5,48.869998931884766,47.91999816894531,48.060001373291016,33.78741836547852,18975200,False,-0.015075186861729168,0.011973554484208476,0.11971500182298343,45,48,16
WMT,2007-07-23,48.29999923706055,48.400001525878906,47.95000076293945,48.11000061035156,33.82257461547852,12695400,True,0.0010399720993458834,0.012229944326941524,0.12227846036243904,45,48,16
WMT,2007-07-24,47.720001220703125,48.65999984741211,47.720001220703125,48.02000045776367,33.75929260253906,21879900,False,-0.0018727517909658173,0.011223123485562599,0.11221197935046713,45,48,16
WMT,2007-07-25,48.400001525878906,48.45000076293945,47.54999923706055,47.869998931884766,33.65384292602539,15487900,False,-0.003128463368224846,0.010944314234069219,0.10942436518837223,45,48,16
WMT,2007-07-26,47.5099983215332,47.77000045776367,46.52999877929688,46.81999969482422,32.91566848754883,26642800,False,-0.022178462199308954,0.009922046187900678,0.09920343863126267,46,48,16
WMT,2007-07-27,46.720001220703125,46.880001068115234,45.72999954223633,45.93999862670898,32.296993255615234,23421300,False,-0.018974652390229885,0.01071490305505894,0.1071306469988697,45,48,16
WMT,2007-07-30,46.20000076293945,46.459999084472656,45.79999923706055,46.209999084472656,32.486812591552734,17950000,True,0.00586010274226194,0.01198782673499711,0.11985769984397902,45,48,16
WMT,2007-07-31,46.34000015258789,46.810001373291016,45.900001525878906,45.95000076293945,32.30402374267578,27186700,False,-0.0056424440299079285,0.011614227103318954,0.11612234451182571,45,48,16
WMT,2007-08-01,46.04999923706055,46.25,45.47999954223633,46.220001220703125,32.493839263916016,22037000,False,0.0058587137098827,0.013288609368147188,0.13286329442362077,44,48,16
WMT,2007-08-02,46.20000076293945,47.11000061035156,46.08000183105469,46.72999954223633,32.852394104003906,16667800,False,0.010974111896926224,0.012043987979673277,0.12041921593493227,45,48,16
WMT,2007-08-03,46.70000076293945,47.0,45.5,45.52000045776367,32.001731872558594,20450800,False,-0.026234599800670305,0.01493584838824816,0.1493328584577893,44,48,16
WMT,2007-08-06,45.70000076293945,47.04999923706055,45.70000076293945,47.02000045776367,33.056270599365234,20651200,True,0.032421256640248336,0.02159625343028218,0.215925481625831,41,40,13
WMT,2007-08-07,46.79999923706055,47.47999954223633,46.54999923706055,47.060001373291016,33.08439636230469,19249600,False,0.0008504832481075737,0.021100450447791727,0.2109683024497587,41,40,13
WMT,2007-08-08,47.06999969482422,48.41999816894531,46.70000076293945,48.41999816894531,34.04050827026367,24431000,False,0.028489472911511878,0.023662909511081544,0.2365884966734241,40,40,13
WMT,2007-08-09,47.5,48.0,46.38999938964844,46.45000076293945,32.65553665161133,23575600,False,-0.04153681795314756,0.03267203785471794,0.32666432315455446,36,32,10
WMT,2007-08-10,46.209999084472656,47.27000045776367,45.70000076293945,46.06999969482422,32.38838577270508,21670500,False,-0.008214522470036413,0.03011415567821363,0.30108988994618263,37,40,13
WMT,2007-08-13,46.68999862670898,46.72999954223633,46.08000183105469,46.16999816894531,32.458702087402344,15566200,True,0.002168681573122962,0.025215585225659427,0.25211258989455926,39,40,13
WMT,2007-08-14,44.060001373291016,44.18999862670898,43.52000045776367,43.81999969482422,30.80659294128418,63327000,False,-0.05223985269460201,0.03286510535906974,0.32859466695228945,36,32,10
WMT,2007-08-15,43.97999954223633,43.97999954223633,43.09000015258789,43.27999877929688,30.58048439025879,28780500,False,-0.007366683132409178,0.02388961251084054,0.23885513771683503,40,40,13
WMT,2007-08-16,43.04999923706055,43.95000076293945,42.91999816894531,43.5,30.73593521118164,36268200,False,0.005070457635347428,0.023168553826492095,0.23164578799323385,40,40,13
WMT,2007-08-17,44.68999862670898,44.70000076293945,43.18999862670898,43.4900016784668,30.72886085510254,30440800,False,-0.00023019212827816621,0.023772014377964053,0.23767935815110494,40,40,13
WMT,2007-08-20,43.70000076293945,43.81999969482422,42.959999084472656,43.59000015258789,30.799535751342773,22958600,True,0.0022973108750201808,0.02378924155571554,0.23785160037196293,40,40,13
WMT,2007-08-21,43.58000183105469,43.75,43.18999862670898,43.70000076293945,30.87725830078125,19597700,False,0.0025203187608606693,0.004759471158608046,0.0475865457647237,48,48,16
WMT,2007-08-22,43.790000915527344,43.88999938964844,43.43000030517578,43.75,30.912580490112305,18914300,False,0.0011433010303900646,0.0019599835746576485,0.01959647300412055,49,48,16
WMT,2007-08-23,43.75,43.83000183105469,43.02999877929688,43.16999816894531,30.502779006958008,23765700,False,-0.013345442203951162,0.0066987658342746335,0.06697616527486325,47,48,16
WMT,2007-08-24,43.15999984741211,43.91999816894531,43.130001068115234,43.7400016784668,30.9055118560791,17961600,False,0.013116750770885751,0.009440803014549725,0.09439183256633098,46,48,16
WMT,2007-08-27,43.77000045776367,44.02999877929688,43.560001373291016,43.81999969482422,30.9620418548584,19788400,True,0.0018274527153810565,0.009428814544008787,0.09427196842953216,46,48,16
WMT,2007-08-28,43.650001525878906,44.20000076293945,43.400001525878906,43.400001525878906,30.66527557373047,27930000,False,-0.00963107230526854,0.010464972062688096,0.10463176588159107,45,48,16
WMT,2007-08-29,43.56999969482422,44.31999969482422,43.45000076293945,44.18999862670898,31.22346878051757,22592500,False,0.018039090929309824,0.013707924608760625,0.13705572741088842,44,48,16
WMT,2007-08-30,43.209999084472656,43.650001525878906,43.15999984741211,43.31999969482422,30.608736038208008,23951300,False,-0.019884556897072483,0.01570466293895231,0.15701968491024085,43,40,13
WMT,2007-08-31,43.54999923706055,43.93999862670898,43.34999847412109,43.630001068115234,30.827800750732425,20822900,False,0.007131444980369946,0.014718112535392089,0.1471558734984799,44,48,16
WMT,2007-09-04,43.5099983215332,43.63999938964844,43.27000045776367,43.29999923706055,30.59462547302246,19388600,True,-0.007592549242852974,0.014946277194925377,0.14943712863186512,44,48,16
WMT,2007-09-05,43.220001220703125,43.220001220703125,42.34999847412109,42.45000076293945,29.99403190612793,30785100,False,-0.01982592998636016,0.016766087071216563,0.16763210514823784,43,40,13
WMT,2007-09-06,43.5,43.59999847412109,42.650001525878906,42.7599983215332,30.21305656433105,29431900,False,0.0072757421082814515,0.013541385276025298,0.1353906198149525,44,48,16
WMT,2007-09-07,42.43999862670898,42.880001068115234,42.310001373291016,42.38999938964844,29.951641082763672,25381800,False,-0.008690050374974648,0.011574061049257331,0.1157207528840805,45,48,16
WMT,2007-09-10,42.59000015258789,42.68000030517578,42.09000015258789,42.27000045776367,29.86685371398925,18215600,True,-0.00283482310423701,0.009831536151371225,0.09829849355397487,46,48,16
WMT,2007-09-11,42.38999938964844,43.02000045776367,42.310001373291016,42.93999862670898,30.340251922607425,18897400,False,0.015725983163573282,0.013810523575576569,0.13808154105007187,44,48,16
WMT,2007-09-12,42.79999923706055,43.20000076293945,42.58000183105469,42.709999084472656,30.17773628234864,15651100,False,-0.005370833887166849,0.010064607952502079,0.1006288116841563,45,48,16
WMT,2007-09-13,42.86000061035156,43.470001220703125,42.77000045776367,43.060001373291016,30.425046920776367,17141500,False,0.00816173773600748,0.010204679231584447,0.10202928415478388,45,48,16
WMT,2007-09-14,42.810001373291016,43.540000915527344,42.650001525878906,43.31999969482422,30.608736038208008,14842700,False,0.006019278607359528,0.008556352166167475,0.08554884153421394,46,48,16
WMT,2007-09-17,43.22999954223633,43.540000915527344,42.9900016784668,43.31999969482422,30.608736038208008,14025200,True,0.0,0.008040419707091401,0.08039040212841442,46,48,16
WMT,2007-09-18,43.4900016784668,44.650001525878906,43.34999847412109,44.43999862670898,31.40011405944824,27919300,False,0.02552606571600138,0.011699102291382817,0.1169709507721632,45,48,16
WMT,2007-09-19,44.56999969482422,45.04999923706055,44.40999984741211,44.75,31.61915779113769,22186200,False,0.006951670731096246,0.009583104824680529,0.09581460652052233,46,48,16
WMT,2007-09-20,44.68000030517578,44.83000183105469,43.959999084472656,44.31999969482422,31.315326690673828,16768700,False,-0.009655547780085797,0.012874403169370819,0.12872194308914425,44,48,16
WMT,2007-09-21,44.56999969482422,44.790000915527344,44.150001525878906,44.22999954223633,31.251724243164062,21042900,False,-0.0020330978835919385,0.013330712543865975,0.13328425394441934,44,48,16
WMT,2007-09-24,44.31999969482422,44.470001220703125,43.86000061035156,43.970001220703125,31.068021774291992,16751600,True,-0.005895499025230383,0.014032657806823046,0.14030250224699056,44,48,16
WMT,2007-09-25,43.290000915527344,43.29999923706055,42.68000030517578,43.15999984741211,30.49569702148437,21317800,False,-0.01859345901864175,0.009425118185690586,0.09423501118818954,46,48,16
WMT,2007-09-26,43.29999923706055,43.59999847412109,42.95000076293945,43.29999923706055,30.59462547302246,19146600,False,0.003238762997969418,0.008236092175160893,0.08234679109399196,46,48,16
WMT,2007-09-27,43.560001373291016,44.02000045776367,43.47999954223633,43.61000061035156,30.813644409179688,14204300,False,0.007133236786277929,0.009922385098339374,0.09920682715418122,46,48,16
WMT,2007-09-28,43.61000061035156,44.0,43.5099983215332,43.650001525878906,30.84192276000977,13055700,False,0.000917300873588949,0.010097543385787887,0.1009581095097144,45,48,16
WMT,2007-10-01,43.83000183105469,44.66999816894531,43.65999984741211,44.470001220703125,31.421300888061523,15185900,True,0.0186111420995338,0.013497553907766002,0.1349523813338076,44,48,16
WMT,2007-10-02,44.45000076293945,45.11000061035156,44.36000061035156,44.869998931884766,31.703933715820312,18352900,False,0.008954730011144107,0.006834306902424902,0.06833134340864958,47,48,16
WMT,2007-10-03,44.68999862670898,45.59999847412109,44.4900016784668,45.130001068115234,31.887659072875977,17053700,False,0.005778306854610951,0.006499435071104018,0.06498319963480884,47,48,16
WMT,2007-10-04,45.060001373291016,45.34000015258789,44.77000045776367,45.0,31.795812606811523,9553600,False,-0.0028844699361838624,0.00824937706051591,0.08247961715467356,46,48,16
WMT,2007-10-05,45.45000076293945,45.880001068115234,44.970001220703125,45.369998931884766,32.05721664428711,13122700,False,0.008187724243988071,0.007690656755379914,0.07689337269935255,46,48,16
WMT,2007-10-08,45.20000076293945,45.400001525878906,45.08000183105469,45.27000045776367,31.9865665435791,8070200,True,-0.002206307180821109,0.005705723887614095,0.057047449569635124,47,48,16
WMT,2007-10-09,45.02999877929688,45.4900016784668,44.630001068115234,45.209999084472656,31.944175720214844,12247800,False,-0.0013261485187193473,0.0050984430914327835,0.05097568351906167,47,48,16
WMT,2007-10-10,45.09999847412109,45.7400016784668,45.09999847412109,45.59000015258789,32.212677001953125,15830000,False,0.00837020015632002,0.005733187068428733,0.05732203425922128,47,48,16
WMT,2007-10-11,47.34999847412109,47.70000076293945,46.720001220703125,46.900001525878906,33.13827896118164,41096600,False,0.028329007492204385,0.01229044003968797,0.12288331369745122,45,48,16
WMT,2007-10-12,46.97999954223633,47.27999877929688,46.79999923706055,47.060001373291016,33.251338958740234,13996700,False,0.0034059574492933016,0.012483061613846155,0.12480919895833224,45,48,16
WMT,2007-10-15,47.0099983215332,47.06999969482422,46.2599983215332,46.45000076293945,32.8203125,16446000,True,-0.013047428477102812,0.015196747981108512,0.1519414067611428,43,40,13
WMT,2007-10-16,46.27999877929688,46.29999923706055,45.58000183105469,45.86000061035156,32.403438568115234,18018500,False,-0.012783061437195556,0.01715431608626435,0.1715137292144646,43,40,13
WMT,2007-10-17,46.13999938964844,46.36000061035156,45.27999877929688,45.9900016784668,32.495296478271484,23915600,False,0.0028308093041378964,0.01688584987540263,0.16882952771313867,43,40,13
WMT,2007-10-18,45.77999877929688,46.040000915527344,45.34000015258789,45.88999938964844,32.42463684082031,19021600,False,-0.0021768249516210454,0.00811177062794235,0.08110378892019862,46,48,16
WMT,2007-10-19,45.84000015258789,46.02000045776367,44.959999084472656,44.97999954223633,31.78165435791016,22970800,False,-0.020029313837776428,0.009203997624044662,0.09202418494812413,46,48,16
WMT,2007-10-22,44.79999923706055,45.459999084472656,44.63999938964844,45.25,31.972450256347656,21218500,True,0.005985386170644192,0.010910450641125379,0.10908578735867669,45,48,16
WMT,2007-10-23,45.5099983215332,45.58000183105469,43.5,43.93000030517578,31.03975296020508,38072000,False,-0.02960586597088655,0.015463907052175768,0.15461253910718292,43,40,13
WMT,2007-10-24,44.09999847412109,44.18000030517578,43.27000045776367,43.869998931884766,30.99735450744629,22283300,False,-0.0013668741529300453,0.014787387537030768,0.14784850465979457,44,48,16
WMT,2007-10-25,43.959999084472656,44.25,43.27999877929688,43.880001068115234,31.004432678222656,21283800,False,0.00022832150905327363,0.015118092169963359,0.15115498359941174,43,40,13
WMT,2007-10-26,44.54999923706055,44.810001373291016,44.11000061035156,44.63999938964844,31.54143142700196,17033500,False,0.01717178111779707,0.017303246901803328,0.17300278184935772,43,40,13
WMT,2007-10-29,44.720001220703125,45.13999938964844,44.619998931884766,45.0099983215332,31.8028564453125,13703000,True,0.008254146075383184,0.01757677088900686,0.17573755243647843,42,40,13
WMT,2007-10-30,44.7400016784668,45.84999847412109,44.68999862670898,45.369998931884766,32.05721664428711,16429000,False,0.007966215252219574,0.007421644768521086,0.07420371437444304,47,48,16
WMT,2007-10-31,45.709999084472656,45.810001373291016,44.52999877929688,45.209999084472656,31.944175720214844,22122300,False,-0.0035324556995404615,0.008030166646265461,0.08028788911132434,46,48,16
WMT,2007-11-01,44.70000076293945,44.93999862670898,43.93999862670898,44.02999877929688,31.11040687561035,19866800,False,-0.026447481193316944,0.016852896301745208,0.16850004851498784,43,40,13
WMT,2007-11-02,44.15999984741211,44.380001068115234,43.65999984741211,44.18999862670898,31.22346878051757,18035400,False,0.003627627119452885,0.014458279810152462,0.14455799204090963,44,48,16
WMT,2007-11-05,44.25,44.380001068115234,43.77999877929688,44.02999877929688,31.11040687561035,12579200,True,-0.0036276271194528712,0.013274097512882504,0.1327182007689539,44,48,16
WMT,2007-11-06,44.0099983215332,44.400001525878906,43.810001373291016,44.290000915527344,31.29411125183105,12562400,False,0.005887551490892174,0.012814459776578531,0.12812261200605868,44,48,16
WMT,2007-11-07,44.0,44.59000015258789,43.81999969482422,43.93000030517578,31.03975296020508,17609600,False,-0.008161204399557857,0.012865422938004158,0.12863215618285434,44,48,16
WMT,2007-11-08,44.18999862670898,44.380001068115234,42.81999969482422,43.619998931884766,30.820701599121094,20800200,False,-0.0070821424840441394,0.006329266101277252,0.06328180189532437,47,48,16
WMT,2007-11-09,43.150001525878906,43.40999984741211,42.5,42.900001525878906,30.31197929382324,20431400,False,-0.016643603428591877,0.008155402233501018,0.08154003011706999,46,48,16
WMT,2007-11-12,42.97999954223633,44.56999969482422,42.65999984741211,43.31999969482422,30.608736038208008,25479500,True,0.009742469043682178,0.010845424691661791,0.10843563942901709,45,48,16
WMT,2007-11-13,45.0,46.34999847412109,45.0,45.970001220703125,32.48115921020508,40735900,False,0.05937474496786008,0.03056480439388105,0.30559560392516877,37,40,13
WMT,2007-11-14,46.2400016784668,47.08000183105469,46.119998931884766,46.5099983215332,32.86271667480469,29110400,False,0.011678578783860303,0.029293486786693225,0.292884609052025,38,40,13
WMT,2007-11-15,46.290000915527344,47.060001373291016,45.869998931884766,46.20000076293945,32.6436767578125,21829900,False,-0.006687613891671222,0.029231675769706943,0.29226660493128104,38,40,13
WMT,2007-11-16,46.41999816894531,46.59999847412109,45.619998931884766,46.34000015258789,32.74259567260742,18925200,False,0.0030256806691327243,0.02559598459734825,0.25591593096051,39,40,13
WMT,2007-11-19,46.0,46.34999847412109,45.25,45.470001220703125,32.12788009643555,14989800,True,-0.018952658183152147,0.030023197528886943,0.30018046450974933,37,40,13
WMT,2007-11-20,45.45000076293945,46.209999084472656,44.70000076293945,45.5,32.149078369140625,25569500,False,0.0006595916788742616,0.011497667952647578,0.1149569529855657,45,48,16
WMT,2007-11-21,45.02999877929688,45.40999984741211,44.68000030517578,44.86000061035156,31.69686889648437,17478900,False,-0.014165880659720556,0.009397417349352297,0.0939580503511123,46,48,16
WMT,2007-11-23,45.22999954223633,46.25,44.869998931884766,45.72999954223633,32.31159210205078,13583100,True,0.019208151428584726,0.015145194926501978,0.15142596466461739,43,40,13
WMT,2007-11-26,46.0,46.380001068115234,45.0,45.02999877929688,31.81698989868164,21989600,True,-0.015425633795596977,0.01583308423385662,0.15830367752695756,43,40,13
WMT,2007-11-27,45.27000045776367,46.18000030517578,45.150001525878906,45.83000183105469,32.38225173950195,21013800,False,0.01761006623469314,0.01662593003962077,0.16623077529960154,43,40,13
WMT,2007-11-28,46.08000183105469,47.52000045776367,46.0,47.22999954223633,33.3714485168457,28587800,False,0.030090212687053895,0.02088420649751906,0.20880623395662712,41,40,13
WMT,2007-11-29,46.79999923706055,47.84999847412109,46.7599983215332,47.540000915527344,33.590484619140625,14764800,False,0.006542131424697203,0.017261659985471387,0.17258698403668174,43,40,13
WMT,2007-11-30,47.70000076293945,48.22999954223633,47.59999847412109,47.900001525878906,33.8448486328125,16397300,False,0.007543974583016093,0.01675807788266824,0.16755202700411384,43,40,13
WMT,2007-12-03,47.709999084472656,48.310001373291016,47.56999969482422,47.869998931884766,33.82365417480469,12276100,True,-0.0006264202050141732,0.011911449467673826,0.11909405821117061,45,48,16
WMT,2007-12-04,47.4900016784668,48.560001373291016,47.4900016784668,48.18999862670898,34.04976272583008,16460500,False,0.0066626787861081066,0.01167963016519142,0.11677626291856259,45,48,16
WMT,2007-12-05,48.540000915527344,49.119998931884766,48.5099983215332,48.900001525878906,34.55144119262695,17449200,False,0.014626198422220038,0.005406659804981423,0.05405732184734698,47,48,16
WMT,2007-12-06,48.4900016784668,49.40999984741211,48.0,49.27000045776367,34.81285858154297,20289400,False,0.007537555412877563,0.005406226594348364,0.05405299048427558,47,48,16
WMT,2007-12-07,49.2599983215332,49.38999938964844,48.79999923706055,49.02000045776367,34.636226654052734,14387000,False,-0.005086670551295079,0.007657561877535927,0.07656248070177157,46,48,16
WMT,2007-12-10,49.060001373291016,49.68000030517578,48.91999816894531,49.43000030517578,34.925899505615234,12558100,True,0.008328512711192787,0.007153586553014182,0.07152359212666791,47,48,16
WMT,2007-12-11,49.40999984741211,50.04999923706055,48.619998931884766,49.02999877929688,34.643287658691406,26056000,False,-0.00812467165563212,0.009647058923235988,0.09645403778007451,46,48,16
WMT,2007-12-12,49.619998931884766,49.63999938964844,47.61000061035156,48.22999954223633,34.23162078857422,23946000,False,-0.011954187141341274,0.009269168878465975,0.09267578567806138,46,48,16
WMT,2007-12-13,47.810001373291016,48.47999954223633,47.75,48.33000183105469,34.30259704589844,16399900,False,0.0020712655646115837,0.008136889471602645,0.08135493426041898,46,48,16
WMT,2007-12-14,48.16999816894531,48.20000076293945,47.59999847412109,47.630001068115234,33.80576705932617,13588200,False,-0.014589655937970049,0.009716363662211918,0.09714696626374135,46,48,16
WMT,2007-12-17,47.59999847412109,48.15999984741211,47.2599983215332,47.83000183105469,33.94770050048828,16507500,True,0.004189708774910672,0.008399658780340484,0.08398217651467711,46,48,16
WMT,2007-12-18,48.08000183105469,48.54999923706055,46.869998931884766,48.2400016784668,34.23871612548828,16863900,False,0.008535934469084806,0.010281883771526645,0.10280119709443036,45,48,16
WMT,2007-12-19,48.150001525878906,48.4900016784668,47.84999847412109,48.08000183105469,34.12517166137695,13121100,False,-0.0033217703730055977,0.008897445600606933,0.08895919066484026,46,48,16
WMT,2007-12-20,48.08000183105469,48.34000015258789,47.31999969482422,47.84999847412109,33.96190643310547,14158700,False,-0.004795786388833868,0.008907598961076443,0.08906070684942187,46,48,16
WMT,2007-12-21,47.81999969482422,48.5,47.79999923706055,48.209999084472656,34.2174186706543,23247600,False,0.007495334791974216,0.006150834185566857,0.061497788873734104,47,48,16
WMT,2007-12-24,48.119998931884766,49.08000183105469,48.119998931884766,48.7400016784668,34.593589782714844,6325000,True,0.010933566238582907,0.007272806094142726,0.07271558299306956,47,48,16
WMT,2007-12-26,48.20000076293945,48.5,47.91999816894531,48.380001068115234,34.33808898925781,9346600,True,-0.007413194284674583,0.008109134273643223,0.0810774299003986,46,48,16
WMT,2007-12-27,48.209999084472656,48.29999923706055,47.619998931884766,47.77000045776367,33.905128479003906,10758400,False,-0.012688918708702658,0.010078653196090335,0.1007692400226242,45,48,16
WMT,2007-12-28,48.0,48.470001220703125,47.77000045776367,48.08000183105469,34.12517166137695,8610900,False,0.006468998351654077,0.010355373582009286,0.10353596911284003,45,48,16
WMT,2007-12-31,47.84000015258789,48.08000183105469,47.33000183105469,47.52999877929688,33.73478698730469,12176400,True,-0.011505724096659873,0.0108325741573198,0.10830715613325001,45,48,16
WMT,2008-01-02,47.40999984741211,47.630001068115234,46.459999084472656,46.900001525878906,33.28764343261719,19918600,True,-0.01334329973180732,0.008247156868364282,0.0824574190423394,46,48,16
WMT,2008-01-03,46.720001220703125,46.900001525878906,46.22999954223633,46.380001068115234,32.91857147216797,19801000,False,-0.011149279086262797,0.008383207639223025,0.0838176933287139,46,48,16
WMT,2008-01-04,45.90999984741211,46.369998931884766,45.369998931884766,45.720001220703125,32.45012283325195,20351200,False,-0.01433275249660084,0.008620201313860707,0.08618722346520796,46,48,16
WMT,2008-01-07,45.79999923706055,46.810001373291016,45.59000015258789,46.560001373291016,33.046329498291016,20326500,True,0.018206272625798697,0.013831373595153991,0.138290005473482,44,48,16
WMT,2008-01-08,46.59000015258789,47.08000183105469,45.880001068115234,45.970001220703125,32.62755584716797,19017100,False,-0.012753298359451895,0.013956629293842665,0.1395423475592536,44,48,16
WMT,2008-01-09,45.970001220703125,47.0,45.2400016784668,46.900001525878906,33.28764343261719,27197600,False,0.020029057316516767,0.017500088122854005,0.17497085633951842,43,40,13
WMT,2008-01-10,47.09999847412109,48.77000045776367,47.09999847412109,48.400001525878906,34.352291107177734,35694800,False,0.031482455308975865,0.020786762313186723,0.20783195929822304,41,40,13
WMT,2008-01-11,48.060001373291016,48.61000061035156,47.5,47.720001220703125,33.86964797973633,28185000,False,-0.014149441843494872,0.02073646666638379,0.20732908912239995,41,40,13
WMT,2008-01-14,47.97999954223633,47.97999954223633,43.11000061035156,47.66999816894531,33.83415985107422,20562600,True,-0.0010483348883694424,0.020280789034671683,0.2027730946110747,41,40,13
WMT,2008-01-15,46.9900016784668,47.43000030517578,46.77000045776367,46.9900016784668,33.35152816772461,24480100,False,-0.014367345178627162,0.020637984604784738,0.20634443747201403,41,40,13
WMT,2008-01-16,46.68000030517578,48.04999923706055,46.68000030517578,47.4900016784668,33.7064094543457,25324300,False,0.010584417365303045,0.019233060383198684,0.1922976056836634,42,40,13
WMT,2008-01-17,47.54999923706055,47.93000030517578,47.09999847412109,47.47999954223633,33.699302673339844,27911400,False,-0.00021086583934400394,0.01056098241882216,0.10559170471803045,45,48,16
WMT,2008-01-18,47.88999938964844,48.5099983215332,47.41999816894531,47.58000183105469,33.77028274536133,33709400,False,0.0021040620827053923,0.008976282627434044,0.08974742567247927,46,48,16
WMT,2008-01-22,46.470001220703125,49.52999877929688,46.09000015258789,49.20000076293945,34.92007827758789,45128500,True,0.033480765553943324,0.017637212198485037,0.17634186183214756,42,40,13
WMT,2008-01-23,48.5,50.36000061035156,48.310001373291016,50.15999984741211,35.60145950317383,50422200,False,0.01932466170266573,0.013770716754132894,0.13768354113217096,44,48,16
WMT,2008-01-24,50.209999084472656,50.2400016784668,48.47999954223633,48.90999984741211,34.71427536010742,35716500,False,-0.025235638281102722,0.022147797257875895,0.2214399736184067,41,40,13
WMT,2008-01-25,49.09000015258789,49.2599983215332,47.9900016784668,48.09000015258789,34.13225555419922,24975700,False,-0.016908148138470712,0.02443850224527167,0.2443430933314107,40,40,13
WMT,2008-01-28,48.060001373291016,48.77999877929688,47.900001525878906,48.709999084472656,34.57231140136719,23440900,True,0.012810265300298326,0.024854798060172392,0.24850533724197782,40,40,13
WMT,2008-01-29,49.09999847412109,49.18999862670898,48.130001068115234,49.0099983215332,34.78522872924805,21741500,False,0.006139721689293123,0.01933242416889969,0.19329107306229543,42,40,13
WMT,2008-01-30,48.79999923706055,50.0,48.5,49.15999984741211,34.891685485839844,24486700,False,0.0030557277292612853,0.01622306288901576,0.16220279499244156,43,40,13
WMT,2008-01-31,48.84999847412109,51.29999923706055,48.72999954223633,50.7400016784668,36.013118743896484,46217900,False,0.0316347190306932,0.017520882624899675,0.17517876568286245,42,40,13
WMT,2008-02-01,50.900001525878906,51.47999954223633,50.310001373291016,51.18000030517578,36.32541275024414,25745800,False,0.008634290468623908,0.0113006052514793,0.11298666407422224,45,48,16
WMT,2008-02-04,51.0,51.25,49.83000183105469,50.06999969482422,35.53757095336914,20321300,True,-0.02192709854385996,0.01904912387554442,0.190458556186859,42,40,13
WMT,2008-02-05,49.459999084472656,50.65999984741211,49.459999084472656,49.560001373291016,35.17559814453125,28403700,False,-0.010237865876994861,0.020281440619728783,0.20277960934372166,41,40,13
WMT,2008-02-06,49.59999847412109,50.02999877929688,48.5099983215332,48.83000183105469,34.657470703125,28492300,False,-0.014839300571174427,0.02163359699891697,0.21629885324184417,41,40,13
WMT,2008-02-07,47.84999847412109,50.0,47.84000015258789,49.84000015258789,35.37433624267578,36286200,False,0.02047328522508758,0.01757458727783814,0.1757157200712114,42,40,13
WMT,2008-02-08,49.66999816894531,50.09999847412109,48.63999938964844,48.7599983215332,34.6077995300293,22542300,False,-0.021907515725973395,0.017575931510003057,0.17572916008656236,42,40,13
WMT,2008-02-11,48.84000015258789,49.68000030517578,48.34000015258789,49.59999847412109,35.20399856567383,21552900,True,0.017080595164827825,0.019352468312043722,0.1934914801040133,42,40,13
WMT,2008-02-12,49.47999954223633,50.720001220703125,49.47999954223633,50.25,35.66534423828125,23367400,False,0.013019795906752828,0.019636222267675363,0.19632853282386536,42,40,13
WMT,2008-02-13,50.619998931884766,51.0099983215332,50.220001220703125,50.65999984741211,35.95633316040039,16078600,False,0.008125766773590263,0.016997465781309607,0.16994549527287628,43,40,13
WMT,2008-02-14,50.58000183105469,50.900001525878906,49.7599983215332,49.970001220703125,35.46659851074219,18011900,False,-0.013713867900646987,0.0172767354456164,0.17273771277317537,43,40,13
WMT,2008-02-15,49.68000030517578,50.0,49.11000061035156,49.43999862670898,35.090423583984375,25832500,False,-0.010663105666806071,0.014059711203677525,0.14057298980004118,44,48,16
WMT,2008-02-19,50.09999847412109,50.31999969482422,49.29999923706055,49.65999984741211,35.246578216552734,22027200,True,0.004440191794472349,0.011797650606004744,0.11795626483910762,45,48,16
WMT,2008-02-20,49.29999923706055,49.970001220703125,49.0099983215332,49.70000076293945,35.27498245239258,21676800,False,0.0008055476114364772,0.009538608763299624,0.09536972224857485,46,48,16
WMT,2008-02-21,49.84999847412109,50.22999954223633,49.59999847412109,49.790000915527344,35.33884811401367,22399700,False,0.0018088716763541778,0.008145479938464607,0.08144082419038057,46,48,16
WMT,2008-02-22,49.900001525878906,50.20000076293945,49.470001220703125,49.970001220703125,35.46659851074219,19518900,False,0.00360849458454304,0.006131053793917974,0.06130001889444947,47,48,16
WMT,2008-02-25,50.18999862670898,50.400001525878906,49.70000076293945,50.33000183105469,35.72211456298828,25536400,True,0.0071785860001059324,0.0024761040309162962,0.024756792059199173,49,48,16
WMT,2008-02-26,50.18999862670898,51.47999954223633,50.18999862670898,51.400001525878906,36.48155975341797,31028600,False,0.021036968142527115,0.008273854401207703,0.08272434856583509,46,48,16
WMT,2008-02-27,50.9900016784668,51.56999969482422,50.91999816894531,51.43000030517578,36.50285339355469,29191300,False,0.000583512008187963,0.008315152018534989,0.08313725388481462,46,48,16
WMT,2008-02-28,51.130001068115234,51.400001525878906,50.630001068115234,50.70000076293945,35.98473358154297,18397000,False,-0.01429565136397544,0.012710283638906906,0.12708102936426938,44,48,16
WMT,2008-02-29,50.380001068115234,50.66999816894531,49.52999877929688,49.59000015258789,35.19690704345703,20219400,False,-0.022136570675015024,0.017154933745587405,0.17151990474797746,43,40,13
WMT,2008-03-03,49.43000030517578,50.02000045776367,49.220001220703125,49.88999938964844,35.40980911254883,19752100,True,0.00603066467140193,0.01701642865751237,0.17013509150031042,43,40,13
WMT,2008-03-04,49.72999954223633,50.02000045776367,49.619998931884766,49.869998931884766,35.39563751220703,24989100,False,-0.0004002969038846674,0.011711462415043629,0.11709453080251575,45,48,16
WMT,2008-03-05,49.959999084472656,50.18999862670898,49.2599983215332,49.54999923706055,35.16849899291992,22994800,False,-0.006437811472620002,0.011124403790440501,0.11122495177255842,45,48,16
WMT,2008-03-06,50.2400016784668,50.400001525878906,49.84999847412109,49.97999954223633,35.47370147705078,27516400,False,0.008640851532820295,0.012265302213175141,0.1226319785612744,45,48,16
WMT,2008-03-07,49.68000030517578,50.7400016784668,49.68000030517578,49.900001525878906,35.416927337646484,24346300,False,-0.0016017392564216945,0.006071196664753831,0.06070155029964292,47,48,16
WMT,2008-03-10,50.0,50.0,48.63999938964844,48.84999847412109,34.671653747558594,24325300,True,-0.021267421001783877,0.010981574889229538,0.10979690781189527,45,48,16
WMT,2008-03-11,49.84999847412109,50.38999938964844,49.540000915527344,50.25,35.66534423828125,28354700,False,0.028257009445714507,0.018424933916997722,0.1842177275236698,42,40,13
WMT,2008-03-12,50.02000045776367,50.720001220703125,49.93999862670898,50.290000915527344,35.86359405517578,26273700,False,0.005543220108227449,0.01790326042180957,0.17900188760664115,42,40,13
WMT,2008-03-13,49.93000030517578,50.66999816894531,49.459999084472656,50.59999847412109,36.08465576171875,29852900,False,0.0061450390451568354,0.01777285462685064,0.17769805339418357,42,40,13
WMT,2008-03-14,50.709999084472656,50.709999084472656,49.16999816894531,49.81999969482422,35.52839279174805,27481400,False,-0.015535553063556235,0.019739738973199968,0.19736352227557175,42,40,13
WMT,2008-03-17,49.34000015258789,50.400001525878906,49.290000915527344,49.95000076293945,35.62112045288086,22126100,True,0.0026065593256968597,0.015565339025245414,0.15562668481111375,43,40,13
WMT,2008-03-18,50.2599983215332,51.0099983215332,50.220001220703125,50.97999954223633,36.355655670166016,26380000,False,0.020411048061746533,0.012842770863011561,0.1284056742970777,44,48,16
WMT,2008-03-19,50.81999969482422,51.45000076293945,50.65999984741211,50.77999877929688,36.21300506591797,25829900,False,-0.003931470872978473,0.013220962450425306,0.13218694130817163,44,48,16
WMT,2008-03-20,50.84999847412109,53.4900016784668,50.79999923706055,53.22999954223633,37.9601936340332,44533300,False,0.04711976445130787,0.024428417249964092,0.24424226068115434,40,40,13
WMT,2008-03-24,53.45000076293945,54.150001525878906,53.22999954223633,53.630001068115234,38.24544525146485,22246400,True,0.0074864000584287365,0.020180862465809475,0.2017740003663973,41,40,13
WMT,2008-03-25,53.52999877929688,53.709999084472656,52.90999984741211,53.04999923706055,37.83184051513672,20327500,False,-0.010873385063894432,0.022921118310602905,0.22917185735928447,40,40,13
WMT,2008-03-26,52.880001068115234,53.400001525878906,52.65999984741211,52.900001525878906,37.72487258911133,19226400,False,-0.0028314624365113616,0.02315528356884587,0.2315131081845434,40,40,13
WMT,2008-03-27,53.0099983215332,53.220001220703125,52.27999877929688,52.369998931884766,37.34689712524414,18981300,False,-0.010069794790153819,0.024051248848574246,0.24047122377481986,40,40,13
WMT,2008-03-28,52.0099983215332,52.66999816894531,51.77000045776367,52.119998931884766,37.16861343383789,15048000,False,-0.004785152252430356,0.007378596178920271,0.07377330233687013,47,48,16
WMT,2008-03-31,52.20000076293945,53.11000061035156,51.630001068115234,52.68000030517578,37.56797409057617,19594400,True,0.01068725429193704,0.008672917570911164,0.08671429559046698,46,48,16
WMT,2008-04-01,53.18999862670898,54.15999984741211,52.810001373291016,54.08000183105469,38.56637573242188,24232600,False,0.026228867294049066,0.014667397068078571,0.1466488058378367,44,48,16
WMT,2008-04-02,54.310001373291016,54.88999938964844,54.0,54.459999084472656,38.83735656738281,21720300,False,0.007001779732745834,0.014200028082705714,0.14197591784875133,44,48,16
WMT,2008-04-03,54.09999847412109,55.20000076293945,53.9900016784668,54.93000030517578,39.17253112792969,23190400,False,0.00859318306859575,0.01109485647671527,0.11092952932961173,45,48,16
WMT,2008-04-04,54.90999984741211,54.95000076293945,54.220001220703125,54.400001525878906,38.79456329345703,20728100,False,-0.009695649124744968,0.012771177619066243,0.12768986469010335,44,48,16
WMT,2008-04-07,54.68999862670898,54.810001373291016,53.90999984741211,54.22999954223633,38.67333221435547,18858100,True,-0.003129843072952956,0.013660545410514063,0.1365820167168803,44,48,16
WMT,2008-04-08,54.0099983215332,54.84999847412109,53.9900016784668,54.45000076293945,38.830223083496094,15757000,False,0.004048616423887398,0.007644659526305829,0.07643347932602562,46,48,16
WMT,2008-04-09,54.369998931884766,54.59999847412109,53.7400016784668,54.13999938964844,38.60915756225586,19530800,False,-0.0057093979808902325,0.007410923382867372,0.0740965189125798,47,48,16
WMT,2008-04-10,54.54999923706055,55.33000183105469,54.40999984741211,54.65999984741211,38.97999954223633,28967600,False,0.009559191457151058,0.007734871737536388,0.07733544666130315,46,48,16
WMT,2008-04-11,54.25,55.13999938964844,54.130001068115234,54.79999923706055,39.07981491088867,23461100,False,0.0025574086680534864,0.00604088021176951,0.060398437783717014,47,48,16
WMT,2008-04-14,54.88999938964844,55.34000015258789,54.86000061035156,55.150001525878906,39.32942199707031,17423500,True,0.006366799096630129,0.005719332093420262,0.05718350828010755,47,48,16
WMT,2008-04-15,55.209999084472656,56.38999938964844,55.18999862670898,56.27000045776367,40.12812423706055,25633500,False,0.02010455092436903,0.00947424094352763,0.09472615448667852,46,48,16
WMT,2008-04-16,56.45000076293945,57.119998931884766,56.34999847412109,57.06999969482422,40.69864273071289,28132800,False,0.014117302727840357,0.006825999546282958,0.0682482841001553,47,48,16
WMT,2008-04-17,56.77999877929688,56.959999084472656,56.18999862670898,56.66999816894531,40.41339111328125,20980100,False,-0.007033550507410406,0.010478738210241825,0.10476940373855857,45,48,16
WMT,2008-04-18,57.0,57.36000061035156,56.13999938964844,56.310001373291016,40.15665817260742,19735700,False,-0.006372934157731548,0.012107212778855177,0.12105135545200728,45,48,16
WMT,2008-04-21,56.06999969482422,56.47999954223633,55.75,56.380001068115234,40.20657730102539,14373500,True,0.001242337607345123,0.012225089420825402,0.12222991963083688,45,48,16
WMT,2008-04-22,56.25,56.560001373291016,55.84000015258789,56.54999923706055,40.32780838012695,14537300,False,0.0030106685398373994,0.008588698627537293,0.08587225065111084,46,48,16
WMT,2008-04-23,56.310001373291016,57.27000045776367,56.310001373291016,56.91999816894531,40.59165954589844,15216800,False,0.006521350365298804,0.005954725878893408,0.05953704226988499,47,48,16
WMT,2008-04-24,57.02000045776367,57.68000030517578,57.0099983215332,57.45000076293945,40.96962356567383,19341500,False,0.009268287868484111,0.005964033715716624,0.05963010466866798,47,48,16
WMT,2008-04-25,57.93000030517578,58.040000915527344,57.13999938964844,57.650001525878906,41.11227416992188,16982400,False,0.0034758150530212685,0.003181760591271313,0.0318121469682795,48,48,16
WMT,2008-04-28,57.5,57.93999862670898,57.20000076293945,57.34999847412109,40.8983154296875,12469100,True,-0.005217843859276945,0.005445261955064196,0.054443277118492665,47,48,16
WMT,2008-04-29,57.40999984741211,58.79999923706055,57.400001525878906,58.61000061035156,41.796871185302734,17691400,False,0.02173261004058426,0.009797931842505693,0.0979625081202089,46,48,16
WMT,2008-04-30,58.70000076293945,59.040000915527344,57.880001068115234,57.97999954223633,41.34759140014648,20268400,False,-0.01080731401931655,0.012710436099167347,0.12708255370529783,44,48,16
WMT,2008-05-01,58.20000076293945,59.09000015258789,57.630001068115234,58.06999969482422,41.41176986694336,18653000,False,0.0015509660461211377,0.012326519209068824,0.12324404349025395,45,48,16
WMT,2008-05-02,58.88999938964844,58.88999938964844,56.900001525878906,57.5,41.00530242919922,19488800,False,-0.009863750846045573,0.01336667306050997,0.13364379741342589,44,48,16
WMT,2008-05-05,57.08000183105469,57.34000015258789,56.810001373291016,56.970001220703125,40.62732696533203,18498200,True,-0.009260467727518144,0.013835828935305253,0.1383345512309706,44,48,16
WMT,2008-05-06,56.9900016784668,57.2400016784668,56.02999877929688,56.34999847412109,40.18517303466797,21193400,False,-0.010942820549064551,0.005308788522465422,0.05307877693987832,47,48,16
WMT,2008-05-07,56.27000045776367,56.84999847412109,56.02999877929688,56.83000183105469,40.52749633789063,25029800,False,0.008482568065405906,0.008615195251832767,0.0861371714338257,46,48,16
WMT,2008-05-08,57.38999938964844,57.59999847412109,56.75,57.15999984741211,40.7628173828125,26499000,False,0.005789661559523293,0.009465385694712228,0.09463761719146875,46,48,16
WMT,2008-05-09,56.83000183105469,57.4900016784668,56.61000061035156,57.18000030517578,40.777076721191406,12992000,False,0.0003497512151799444,0.008730232720723166,0.08728734875302432,46,48,16
WMT,2008-05-12,57.68999862670898,58.369998931884766,57.63999938964844,58.02000045776367,41.376121520996094,18205100,True,0.014583861130305825,0.009634874215841254,0.09633221161142118,46,48,16
WMT,2008-05-13,57.34999847412109,57.5,56.369998931884766,56.650001525878906,40.39912414550781,29000600,False,-0.023895834412038162,0.01486318555636866,0.14860635480656442,44,48,16
WMT,2008-05-14,56.880001068115234,57.59999847412109,56.650001525878906,57.45000076293945,41.14247894287109,17469400,False,0.018233033512149444,0.016616425279144108,0.16613574400214584,43,40,13
WMT,2008-05-15,57.56999969482422,57.56999969482422,56.650001525878906,57.119998931884766,40.90615463256836,16672700,False,-0.005760606935939665,0.016933591097385094,0.16930685802338194,43,40,13
WMT,2008-05-16,57.38999938964844,57.43000030517578,56.59000015258789,57.040000915527344,40.848876953125,14540900,False,-0.0014012027811342814,0.016960781142103105,0.16957871182062123,43,40,13
WMT,2008-05-19,56.95000076293945,57.04999923706055,56.15999984741211,56.400001525878906,40.39053726196289,15555900,True,-0.011283797617707416,0.01540846677935909,0.15405823149785366,43,40,13
WMT,2008-05-20,56.150001525878906,56.38999938964844,55.47999954223633,55.95000076293945,40.06827545166016,21835600,False,-0.008010646012265197,0.011678631575231945,0.11676627873224796,45,48,16
WMT,2008-05-21,55.93999862670898,56.20000076293945,55.04999923706055,55.22999954223633,39.552642822265625,20367300,False,-0.01295237104181089,0.004577075487573658,0.04576290199050577,48,48,16
WMT,2008-05-22,55.20000076293945,56.209999084472656,55.09000015258789,56.04999923706055,40.139869689941406,15065200,False,0.014737582685066579,0.011257189456377974,0.11255258061165846,45,48,16
WMT,2008-05-23,55.880001068115234,55.97999954223633,55.400001525878906,55.75,39.9250373840332,13558200,False,-0.005366466516683322,0.011186981761025979,0.11185062411343259,45,48,16
WMT,2008-05-27,55.79999923706055,56.68000030517578,55.79999923706055,56.400001525878906,40.39053726196289,17280200,True,0.011591900885692837,0.012372366765863299,0.1237024403975774,45,48,16
WMT,2008-05-28,56.810001373291016,57.2400016784668,56.560001373291016,57.09000015258789,40.88467025756836,20417300,False,0.012159651118577352,0.012395768694181101,0.12393641953008327,45,48,16
WMT,2008-05-29,56.93000030517578,58.150001525878906,56.93000030517578,57.93999862670898,41.49338912963867,18545800,False,0.014778934004963367,0.008481284982678737,0.08479829849204105,46,48,16
WMT,2008-05-30,57.97999954223633,58.08000183105469,57.5,57.7400016784668,41.35016250610352,12122700,False,-0.003457764989796488,0.009551295227287121,0.09549656512229238,46,48,16
WMT,2008-06-02,57.40999984741211,57.9900016784668,56.52000045776367,57.20000076293945,40.96344757080078,17280800,True,-0.009396205078346643,0.010828599704217484,0.10826741842119326,45,48,16
WMT,2008-06-03,57.790000915527344,58.04999923706055,57.36000061035156,57.77000045776367,41.37164306640625,17073100,False,0.00991554966075442,0.010602303500206984,0.10600484463732811,45,48,16
WMT,2008-06-04,57.4900016784668,58.02000045776367,57.34000015258789,57.68000030517578,41.30719375610352,14710600,False,-0.001559028303582135,0.009978334095406695,0.09976622113319908,46,48,16
WMT,2008-06-05,58.5,59.900001525878906,58.40999984741211,59.79999923706055,42.8254280090332,35740200,False,0.0360953707780625,0.018056740837838706,0.18053642844068948,42,40,13
WMT,2008-06-06,59.33000183105469,59.56999969482422,58.33000183105469,58.369998931884766,41.80132675170898,23520900,False,-0.024203959034962412,0.02266160182202591,0.22657713772577348,40,40,13
WMT,2008-06-09,58.97999954223633,59.7400016784668,58.43999862670898,59.56999969482422,42.66070175170898,23345000,True,0.02035008328537982,0.022770277895373694,0.22766371200378785,40,40,13
WMT,2008-06-10,59.2599983215332,59.95000076293945,59.04999923706055,59.77999877929688,42.81110000610352,21243200,False,0.003519252116526253,0.02282376779074467,0.22819851918492132,40,40,13
WMT,2008-06-11,59.650001525878906,59.77999877929688,58.470001220703125,58.52000045776367,41.90875625610352,20755700,False,-0.021302629946289627,0.026111362765067037,0.26106882840373397,39,40,13
WMT,2008-06-12,58.91999816894531,59.83000183105469,58.72999954223633,59.11000061035156,42.331275939941406,19249100,False,0.010031411811451384,0.01962036449125574,0.1961699822668451,42,40,13
WMT,2008-06-13,59.380001068115234,59.75,58.86000061035156,59.18000030517578,42.38141632080078,20883900,False,0.0011837750725780109,0.015365183881678741,0.15362547678148764,43,40,13
WMT,2008-06-16,58.900001525878906,59.38999938964844,58.5,59.310001373291016,42.47451019287109,18090100,True,0.00219416399641152,0.011929015652329516,0.11926968991943672,45,48,16
WMT,2008-06-17,59.4900016784668,59.52999877929688,58.5,58.68999862670898,42.030494689941406,13559000,False,-0.010508716961947146,0.012281626370823279,0.12279519213040985,45,48,16
WMT,2008-06-18,58.20000076293945,59.40999984741211,57.59000015258789,57.66999816894531,41.300025939941406,22236700,False,-0.01753229082007126,0.010975451913763206,0.10973568856241671,45,48,16
WMT,2008-06-19,57.619998931884766,58.25,57.369998931884766,57.68999862670898,41.3143424987793,20677100,False,0.0003465876275946225,0.008744882863129553,0.08743382504184904,46,48,16
WMT,2008-06-20,57.400001525878906,57.70000076293945,56.20000076293945,56.2599983215332,40.29026794433594,27051900,False,-0.02509976610594189,0.011626205745675182,0.11624211038363963,45,48,16
WMT,2008-06-23,56.59999847412109,57.0,56.43000030517578,56.63999938964844,40.56240081787109,14295800,True,0.00673159971908128,0.012931500243066713,0.12929281586469354,44,48,16
WMT,2008-06-24,56.31999969482422,57.84999847412109,56.25,57.31999969482422,41.04938125610352,19625600,False,0.011934213558644605,0.015919028400708503,0.15916297174112912,43,40,13
WMT,2008-06-25,57.41999816894531,58.72999954223633,57.34999847412109,58.119998931884766,41.62231063842773,22062300,False,0.013860574074399815,0.01579469236825079,0.1579198247397964,43,40,13
WMT,2008-06-26,57.75,58.27000045776367,56.83000183105469,56.83000183105469,40.6984748840332,21051600,False,-0.022445717316641533,0.019160827466409472,0.19157540044573634,42,40,13
WMT,2008-06-27,56.650001525878906,57.34999847412109,55.84999847412109,56.29999923706055,40.31892776489258,28653500,False,-0.00936958933278995,0.015583273923375093,0.15580600302151829,43,40,13
WMT,2008-06-30,56.72999954223633,57.81999969482422,56.02000045776367,56.20000076293945,40.247314453125,22242200,True,-0.001777750299792362,0.015142144764876114,0.15139546828151892,43,40,13
WMT,2008-07-01,56.0,57.06999969482422,55.61000061035156,57.02999877929688,40.84170913696289,22714900,False,0.014660562026535593,0.015784981332264015,0.15782273104114636,43,40,13
WMT,2008-07-02,57.25,57.79999923706055,56.45000076293945,56.5,40.4621467590332,20767500,False,-0.009336952871962864,0.013574224272461966,0.13571895343747584,44,48,16
WMT,2008-07-03,56.86000061035156,57.56999969482422,56.02999877929688,56.59999847412109,40.53375625610352,11793600,False,0.0017682256277807707,0.00991082194136035,0.09909121542329137,46,48,16
WMT,2008-07-07,56.75,57.869998931884766,56.20000076293945,56.90999984741211,40.75577163696289,22230900,True,0.0054623501609917776,0.008874242875060504,0.08872720321827605,46,48,16
WMT,2008-07-08,57.16999816894531,59.290000915527344,56.90999984741211,59.11000061035156,42.331275939941406,32714300,False,0.03792873184512915,0.017776096175092137,0.17773046331507647,42,40,13
WMT,2008-07-09,59.290000915527344,59.290000915527344,57.59999847412109,57.66999816894531,41.300025939941406,25496700,False,-0.024663068713028924,0.02314137152798162,0.23137401164477975,40,40,13
WMT,2008-07-10,58.04999923706055,58.13999938964844,56.06999969482422,57.209999084472656,40.970611572265625,29887300,False,-0.008008109286018573,0.022982377416494414,0.22978434331599418,40,40,13
WMT,2008-07-11,56.68000030517578,57.34000015258789,55.63999938964844,56.290000915527344,40.31175231933594,27891700,False,-0.016211971499776292,0.02448273983943632,0.24478539337464764,40,40,13
WMT,2008-07-14,57.0,57.130001068115234,55.97999954223633,56.310001373291016,40.32606506347656,21049600,True,0.0003549883852382684,0.02424597867977252,0.24241818798896664,40,40,13
WMT,2008-07-15,55.97999954223633,56.79999923706055,55.34000015258789,56.2400016784668,40.27595901489258,26589600,False,-0.0012432952053335737,0.010505439299358328,0.10503636881868357,45,48,16
WMT,2008-07-16,56.20000076293945,57.11000061035156,55.63999938964844,56.959999084472656,40.79157257080078,26412700,False,0.012720764990885154,0.01072097077123399,0.1071913137502438,45,48,16
WMT,2008-07-17,56.97999954223633,57.90999984741211,55.41999816894531,57.68000030517578,41.30719375610352,24770300,False,0.012561162317865781,0.011944795983235558,0.11942746615419438,45,48,16
WMT,2008-07-18,57.900001525878906,58.06999969482422,57.060001373291016,57.91999816894531,41.47907257080078,20650700,False,0.004152356889261326,0.006624574765486034,0.06623438187654238,47,48,16
WMT,2008-07-21,58.08000183105469,58.630001068115234,57.0,57.310001373291016,41.04221725463867,16644700,True,-0.010587798569051924,0.009855398613871948,0.09853707723817177,46,48,16
WMT,2008-07-22,57.209999084472656,59.560001373291016,57.150001525878906,59.060001373291016,42.29547500610352,25911900,False,0.030078880403533074,0.0147897343202226,0.1478719684653386,44,48,16
WMT,2008-07-23,57.5,58.9900016784668,56.68999862670898,58.09000015258789,41.60082626342773,31232300,False,-0.016560077307544538,0.018634109109806226,0.186309120570022,42,40,13
WMT,2008-07-24,57.9900016784668,58.11000061035156,56.790000915527344,56.970001220703125,40.79874420166016,21235500,False,-0.0194687276062497,0.020351109604334425,0.20347617965874965,41,40,13
WMT,2008-07-25,57.09999847412109,57.59999847412109,56.58000183105469,56.83000183105469,40.6984748840332,16452200,False,-0.0024606819556721293,0.02002482906805555,0.2002139340952501,41,40,13
WMT,2008-07-28,56.790000915527344,57.20000076293945,55.95000076293945,56.02000045776367,40.11839294433594,15433700,True,-0.014355713541144765,0.020411314037793435,0.20407812070063513,41,40,13
WMT,2008-07-29,56.400001525878906,57.5,56.09000015258789,57.45000076293945,41.14247894287109,17666100,False,0.02520623260908034,0.018357427897971144,0.18354278315343392,42,40,13
WMT,2008-07-30,57.61000061035156,59.0,57.61000061035156,58.560001373291016,41.937408447265625,19417200,False,0.019137092976273785,0.019873150140612077,0.19869740505624567,42,40,13
WMT,2008-07-31,58.06999969482422,59.369998931884766,57.90999984741211,58.619998931884766,41.98036956787109,18614500,False,0.0010238861269866672,0.01621528968577583,0.16212507629652162,43,40,13
WMT,2008-08-01,58.75,58.77999877929688,57.36000061035156,57.75,41.35732269287109,17295600,False,-0.014952621473011232,0.01857902532935811,0.18575837727274463,42,40,13
WMT,2008-08-04,57.58000183105469,59.06999969482422,57.54999923706055,58.43000030517578,41.84430694580078,13831100,True,0.011706256626168452,0.015877775487345376,0.1587505133850926,43,40,13
WMT,2008-08-05,59.02000045776367,60.9900016784668,58.83000183105469,60.34000015258789,43.21213912963867,37575100,False,0.032165701214653876,0.01789378987790785,0.17890719841622954,42,40,13
WMT,2008-08-06,60.16999816894531,61.0,59.70000076293945,60.7599983215332,43.51292037963867,23821500,False,0.006936460065761479,0.017120092666474403,0.17117155373366266,43,40,13
WMT,2008-08-07,58.38999938964844,59.0,56.880001068115234,56.959999084472656,40.79157257080078,37876100,False,-0.06458240877691035,0.036909375563907304,0.3690304302490874,35,32,10
WMT,2008-08-08,57.060001373291016,58.4900016784668,56.810001373291016,57.86000061035156,41.43611526489258,23915800,False,0.015677344511683265,0.037535734175653035,0.37529294172351013,34,32,10
WMT,2008-08-11,57.869998931884766,59.79999923706055,57.34000015258789,58.560001373291016,41.937408447265625,24349200,True,0.0120253817046678,0.03756006985500415,0.3755362567643131,34,32,10
WMT,2008-08-12,58.709999084472656,59.7400016784668,58.400001525878906,59.25,42.43154144287109,20309000,False,0.011713755980621783,0.03420577556147529,0.3419990687894111,36,32,10
WMT,2008-08-13,58.900001525878906,58.95000076293945,57.22999954223633,57.880001068115234,41.61760330200195,22639700,False,-0.01936875357454188,0.034194186663895954,0.3418831996966813,36,32,10
WMT,2008-08-14,57.52000045776367,58.900001525878906,56.88999938964844,58.09999847412109,41.77579879760742,26814500,False,0.0037939616655493958,0.01417267208616568,0.14170240481801522,44,48,16
WMT,2008-08-15,58.130001068115234,59.93000030517578,58.130001068115234,59.369998931884766,42.688961029052734,22565100,False,0.02162316717622668,0.015503764201148077,0.15501104221402323,43,40,13
WMT,2008-08-18,59.5,59.59999847412109,58.630001068115234,58.83000183105469,42.30068588256836,12916200,True,-0.009137062263037002,0.01630125564071395,0.16298458835417376,43,40,13
WMT,2008-08-19,58.5,58.810001373291016,57.88999938964844,58.20000076293945,41.847686767578125,15337700,False,-0.010766779601796339,0.015953986788157973,0.15951249563754277,43,40,13
WMT,2008-08-20,58.52000045776367,58.650001525878906,57.68000030517578,58.36000061035156,41.96272277832031,12856900,False,0.0027451502410415596,0.012992886962028494,0.12990657773316033,44,48,16
WMT,2008-08-21,57.88999938964844,58.59000015258789,57.47999954223633,58.5,42.06340408325195,11381900,False,0.0023964297028911717,0.01295024256052378,0.1294802068830832,44,48,16
WMT,2008-08-22,58.709999084472656,59.5099983215332,58.709999084472656,59.43999862670898,42.73929214477539,12724900,False,0.015940586881935885,0.010799453633828629,0.10797600772319742,45,48,16
WMT,2008-08-25,59.27000045776367,59.290000915527344,58.29999923706055,58.54999923706055,42.09934997558594,11965200,True,-0.015086387303473125,0.012312099453584961,0.12309987067537978,45,48,16
WMT,2008-08-26,58.54999923706055,59.18000030517578,58.040000915527344,59.0,42.42290878295898,10970600,False,0.007656217253198598,0.011361364097388908,0.11359414828940867,45,48,16
WMT,2008-08-27,58.9900016784668,59.86000061035156,58.47999954223633,59.290000915527344,42.63143539428711,11727200,False,0.00490338338737379,0.011402986720227788,0.1140103031058924,45,48,16
WMT,2008-08-28,59.41999816894531,60.040000915527344,59.02000045776367,59.880001068115234,43.055660247802734,12112000,False,0.009901801816221337,0.011765250133732119,0.1176323157058491,45,48,16
WMT,2008-08-29,59.61000061035156,59.880001068115234,59.060001373291016,59.06999969482422,42.47323989868164,12853800,False,-0.013619474840969441,0.01210368778446823,0.12101611155596823,45,48,16
WMT,2008-09-02,59.900001525878906,60.9900016784668,59.5,59.650001525878906,42.890281677246094,23022600,True,0.009771037766139733,0.009904308259396189,0.09902608977916938,46,48,16
WMT,2008-09-03,59.59000015258789,60.22999954223633,59.15999984741211,59.790000915527344,42.99096298217773,15823500,False,0.0023446644597457573,0.009658727373226638,0.09657070226042948,46,48,16
WMT,2008-09-04,60.0,60.88999938964844,59.70000076293945,59.77999877929688,42.9837646484375,27613000,False,-0.00016745231896455297,0.009630497984581484,0.0962884568071204,46,48,16
WMT,2008-09-05,59.400001525878906,60.880001068115234,59.02000045776367,60.7400016784668,43.67401885986328,22823700,False,0.015930913114779444,0.011176034817270572,0.11174117345754231,45,48,16
WMT,2008-09-08,61.38999938964844,62.0099983215332,60.25,62.0,44.58000946044922,28564100,True,0.02053214897373145,0.008769703231318732,0.0876819861394524,46,48,16
WMT,2008-09-09,61.650001525878906,62.36000061035156,60.90999984741211,61.130001068115234,43.9544563293457,25367900,False,-0.014131525745055079,0.013788155200103114,0.13785789567274356,44,48,16
WMT,2008-09-10,61.45000076293945,62.47999954223633,61.209999084472656,62.02000045776367,44.59438705444336,23569000,False,0.014453985883404743,0.014281389055989954,0.14278938799062843,44,48,16
WMT,2008-09-11,61.52000045776367,63.22999954223633,61.27000045776367,63.16999816894531,45.4212760925293,28990100,False,0.018372631361975655,0.014257016374824958,0.1425457029951706,44,48,16
WMT,2008-09-12,62.709999084472656,62.869998931884766,61.58000183105469,62.40999984741211,44.87480926513672,19141600,False,-0.012104035230544097,0.017081528537936035,0.17078597861272748,43,40,13
WMT,2008-09-15,61.20000076293945,62.5,61.09000015258789,61.630001068115234,44.31397247314453,25802300,True,-0.012576563404852177,0.01615304667678516,0.16150275299690217,43,40,13
WMT,2008-09-16,61.0,63.18000030517578,61.0,62.13999938964844,44.680660247802734,33389900,False,0.008240718312433962,0.01470844413875259,0.1470592061201463,44,48,16
WMT,2008-09-17,61.68000030517578,61.97999954223633,59.220001220703125,59.63999938964844,42.883087158203125,41250600,False,-0.041063241882995635,0.022858758762286675,0.22854836886635585,40,40,13
WMT,2008-09-18,60.540000915527344,61.65999984741211,59.09999847412109,61.47999954223633,44.20612335205078,41697400,False,0.03038580740002488,0.02662237981041237,0.266178122105598,39,40,13
WMT,2008-09-19,63.220001220703125,63.84999847412109,59.45000076293945,59.70000076293945,42.926231384277344,44546700,False,-0.029380223613959155,0.028742857483189107,0.28737926073129694,38,40,13
WMT,2008-09-22,59.45000076293945,59.91999816894531,58.75,58.88999938964844,42.34381866455078,22084300,True,-0.013660641139984449,0.028781787410664963,0.287768493214006,38,40,13
WMT,2008-09-23,58.90999984741211,59.90999984741211,58.33000183105469,58.400001525878906,41.991493225097656,22176600,False,-0.008355396601672045,0.02719596335218455,0.2719129734264361,39,40,13
WMT,2008-09-24,58.900001525878906,59.380001068115234,58.150001525878906,58.91999816894531,42.36538314819336,17200400,False,0.008864538079739255,0.02286917128231159,0.22865247620185164,40,40,13
WMT,2008-09-25,59.34000015258789,60.470001220703125,59.02000045776367,60.119998931884766,43.22822952270508,21429500,False,0.020162149421932497,0.019394819193092445,0.19391491625312335,42,40,13
WMT,2008-09-26,59.08000183105469,60.900001525878906,59.08000183105469,60.709999084472656,43.652462005615234,21199800,False,0.00976594101996938,0.013969617727159416,0.1396722096081751,44,48,16
WMT,2008-09-29,60.04999923706055,60.84999847412109,58.27000045776367,58.45000076293945,42.02745056152344,27535200,True,-0.03793669444295596,0.022793765368449494,0.22789854643710464,40,40,13
WMT,2008-09-30,59.18000030517578,60.0099983215332,57.7400016784668,59.88999938964844,43.06283950805664,26925700,False,0.024337443231565063,0.024925030516197686,0.2492075413044548,40,40,13
WMT,2008-10-01,59.5099983215332,60.29999923706055,58.9900016784668,59.65999984741211,42.89747619628906,23363700,False,-0.003847438539493527,0.02508503294944495,0.250807291120864,39,40,13
WMT,2008-10-02,59.65999984741211,59.84999847412109,58.22999954223633,58.84999847412109,42.3150520324707,21199900,False,-0.013670131512773291,0.023650479877631542,0.23646422166443753,40,40,13
WMT,2008-10-03,59.400001525878906,60.220001220703125,58.869998931884766,59.72999954223633,42.947792053222656,31118600,False,0.014842376966050485,0.024497468510862114,0.24493265481893428,40,40,13
WMT,2008-10-06,58.68999862670898,59.54999923706055,54.54999923706055,57.900001525878906,41.6319694519043,39728800,True,-0.031116871168332432,0.022162266781134168,0.22158464402563846,41,40,13
WMT,2008-10-07,58.720001220703125,58.720001220703125,54.45000076293945,54.84000015258789,39.431739807128906,34551400,False,-0.05429729770450241,0.02639356220814774,0.26389033866515277,39,40,13
WMT,2008-10-08,53.709999084472656,56.77000045776367,52.75,54.54999923706055,39.22320938110352,47796100,False,-0.005302423223427312,0.026211173894893358,0.26206676845611115,39,40,13
WMT,2008-10-09,54.66999816894531,55.34000015258789,49.7599983215332,51.38999938964844,36.95107650756836,41184600,False,-0.05967386649764315,0.031824447801732804,0.3181898768343675,37,40,13
WMT,2008-10-10,49.02999877929688,54.22999954223633,47.400001525878906,50.95000076293945,36.63470458984375,51587500,False,-0.008598777164694484,0.02511954316585087,0.25115233407576887,39,40,13
WMT,2008-10-13,52.68000030517578,54.709999084472656,51.20000076293945,54.5,39.18726348876953,29554100,True,0.06735577902585535,0.051028352619066616,0.5101959768815663,29,32,10
WMT,2008-10-14,56.02999877929688,56.06999969482422,52.720001220703125,54.43999862670898,39.14413833618164,28559900,False,-0.0011010949872027026,0.045250195526903514,0.4524243195400397,31,32,10
WMT,2008-10-15,53.43999862670898,53.59999847412109,49.880001068115234,50.04999923706055,35.987586975097656,27945200,False,-0.08407661526394143,0.058650116707219584,0.5864005411077505,26,24,8
WMT,2008-10-16,50.56999969482422,55.02000045776367,48.72999954223633,54.619998931884766,39.2735481262207,47390100,False,0.08737714383993038,0.06814040182298381,0.6812871097898199,22,24,8
WMT,2008-10-17,53.75,55.380001068115234,49.709999084472656,53.77000045776367,38.66237258911133,31223000,False,-0.015684374047957108,0.06875180364527918,0.6874000790310923,22,24,8
WMT,2008-10-20,54.650001525878906,54.68999862670898,52.380001068115234,54.43000030517578,39.13692855834961,28415000,True,0.012199643131902143,0.06143971719094591,0.614291759829404,25,24,8
WMT,2008-10-21,54.18000030517578,55.5,53.560001373291016,53.66999816894531,38.5904655456543,19444300,False,-0.01406124630298938,0.061756792071543956,0.6174619646302323,25,24,8
WMT,2008-10-22,53.08000183105469,53.56999969482422,51.13999938964844,52.27000045776367,37.58382797241211,28203700,False,-0.026431388613813306,0.0462310094873587,0.4622307763627617,31,32,10
WMT,2008-10-23,52.369998931884766,53.18000030517578,50.0,52.7599983215332,37.9361457824707,34945300,False,0.009330521412094452,0.016868207504266628,0.16865313427078252,43,40,13
WMT,2008-10-24,50.0,52.970001220703125,49.9900016784668,51.400001525878906,36.95826721191406,29809800,False,-0.026115009288729424,0.01876049539350084,0.18757276656610913,42,40,13
WMT,2008-10-27,50.84999847412109,52.0099983215332,49.59999847412109,49.66999816894531,35.714351654052734,26744800,True,-0.03423674776121271,0.017048361270998798,0.17045436284841192,43,40,13
WMT,2008-10-28,50.93999862670898,55.720001220703125,50.79999923706055,55.16999816894531,39.66901016235352,42005400,False,0.10501766730277437,0.058130391507639025,0.5812041808041084,26,24,8
WMT,2008-10-29,55.130001068115234,56.79999923706055,53.54999923706055,55.02000045776367,39.56116485595703,34233900,False,-0.00272233080327765,0.05579319421784672,0.55783621783395,27,24,8
WMT,2008-10-30,55.959999084472656,56.0,53.810001373291016,54.75,39.36702728271485,23324700,False,-0.004919356683422913,0.0562145701620708,0.5620492543217764,27,24,8
WMT,2008-10-31,55.0,56.77000045776367,54.27000045776367,55.810001373291016,40.12919998168945,26031500,False,0.019175653478481772,0.053021302578340326,0.5301220571714442,28,32,10
WMT,2008-11-03,56.7599983215332,57.20000076293945,55.7599983215332,55.970001220703125,40.244239807128906,18757100,True,0.0028626348281531274,0.0463256637273746,0.463177156364707,31,32,10
WMT,2008-11-04,56.79999923706055,57.25,55.560001373291016,56.130001068115234,40.35929489135742,23054700,False,0.0028548416096546994,0.009435825177260783,0.09434206273391352,46,48,16
WMT,2008-11-05,55.880001068115234,56.0,54.0,54.130001068115234,38.92121887207031,22190000,False,-0.03628215065287445,0.02044169988323082,0.2043819270220351,41,40,13
WMT,2008-11-06,55.58000183105469,56.34999847412109,53.060001373291016,53.4900016784668,38.461036682128906,32448100,False,-0.01189387958729089,0.02081760446856776,0.20814032793616888,41,40,13
WMT,2008-11-07,53.86000061035156,54.70000076293945,53.400001525878906,54.38999938964844,39.1081657409668,19437700,False,0.01668559305583108,0.020123143025549125,0.20119690499299733,41,40,13
WMT,2008-11-10,55.11000061035156,55.72999954223633,54.34999847412109,55.18000030517578,39.67621612548828,18201900,True,0.0144206304621898,0.021862979555478286,0.21859228525596455,41,40,13
WMT,2008-11-11,54.9900016784668,55.63999938964844,53.119998931884766,54.75,39.36702728271485,23785800,False,-0.007823323194144983,0.021688091367043364,0.21684370342715859,41,40,13
WMT,2008-11-12,53.150001525878906,54.709999084472656,52.31999969482422,52.619998931884766,37.835487365722656,28374100,False,-0.03968111352534411,0.022932153320864547,0.22928218852914145,40,40,13
WMT,2008-11-13,52.970001220703125,54.95000076293945,51.060001373291016,54.93000030517578,39.4964485168457,37741900,False,0.04296327548947626,0.03093081509140447,0.3092550829361038,37,40,13
WMT,2008-11-14,54.400001525878906,55.119998931884766,52.5,52.709999084472656,37.90018844604492,25751700,False,-0.04125467263173319,0.036036995284019366,0.36030812419244745,35,32,10
WMT,2008-11-17,52.77000045776367,53.06999969482422,51.18000030517578,51.810001373291016,37.253074645996094,26964900,True,-0.01722160201580685,0.0342269277843555,0.3422105547273592,36,32,10
WMT,2008-11-18,51.68000030517578,53.56999969482422,50.970001220703125,52.720001220703125,37.90739059448242,36628700,False,0.01741161331943431,0.036866740526136726,0.36860415302028626,35,32,10
WMT,2008-11-19,52.5,53.79999923706055,50.72999954223633,51.0,36.67064666748047,29776200,False,-0.03316947886039315,0.035539343836013655,0.3553324635326336,35,32,10
WMT,2008-11-20,50.61000061035156,53.5,50.36000061035156,50.65999984741211,36.42618560791016,40830000,False,-0.006688715868259158,0.023113564143634538,0.2310959855104189,40,40,13
WMT,2008-11-21,51.400001525878906,53.040000915527344,50.20000076293945,52.91999816894531,38.05120468139648,40259200,False,0.043644843447840455,0.03019275863850391,0.3018757846900411,37,40,13
WMT,2008-11-24,53.29999923706055,54.11000061035156,52.22999954223633,52.77000045776367,37.9433479309082,30407600,True,-0.0028385409006393757,0.028695083760986315,0.28690160547461097,38,40,13
WMT,2008-11-25,53.75,55.150001525878906,53.34999847412109,54.68000030517578,39.316680908203125,27371400,False,0.03555467602260073,0.031841510891086985,0.3183604784527788,37,40,13
WMT,2008-11-26,53.810001373291016,56.75,53.70000076293945,56.68999862670898,40.76194763183594,23745300,False,0.03610011072141196,0.02391371248500915,0.2390960961102122,40,40,13
WMT,2008-11-28,56.58000183105469,57.0,55.5099983215332,55.880001068115234,40.17954254150391,9071800,True,-0.014391016040263445,0.02628609967446286,0.2628158977016983,39,40,13
WMT,2008-12-01,55.369998931884766,55.72999954223633,52.93999862670898,53.0099983215332,38.11591720581055,25945400,True,-0.05272600477316523,0.0372892938538845,0.3728289613233134,35,32,10
WMT,2008-12-02,53.77000045776367,54.2599983215332,52.220001220703125,53.45000076293945,38.43227767944336,24462500,False,0.0082657017660246,0.037383224753405477,0.37376810916134423,35,32,10
WMT,2008-12-03,52.68999862670898,54.5099983215332,52.5,54.380001068115234,39.100982666015625,25215300,False,0.01724992771271199,0.03409611389224075,0.34090264024351535,36,32,10
WMT,2008-12-04,55.11000061035156,56.20000076293945,54.0,55.11000061035156,39.625885009765625,28793000,False,0.013334967780664286,0.029030320267755535,0.29025339537726164,38,40,13
WMT,2008-12-05,54.290000915527344,58.709999084472656,54.0,58.209999084472656,41.85488128662109,37656500,False,0.0547258612276444,0.0386810766079852,0.3867444009836171,34,32,10
WMT,2008-12-08,58.58000183105469,59.22999954223633,56.5099983215332,57.560001373291016,41.387508392333984,27061600,True,-0.011229322159034473,0.024023481161480283,0.24019359454488165,40,40,13
WMT,2008-12-09,57.18000030517578,57.33000183105469,54.90999984741211,55.810001373291016,40.12919998168945,30404800,False,-0.030874857234688708,0.032312126514121554,0.32306582724822736,37,40,13
WMT,2008-12-10,55.959999084472656,56.130001068115234,54.18000030517578,55.25,39.72654342651367,21298600,False,-0.01008468396955614,0.032800200953313416,0.3279457342511701,36,32,10
WMT,2008-12-11,54.5,55.459999084472656,54.09999847412109,54.790000915527344,39.56622695922852,24949600,False,-0.004043664635570691,0.03237233555839031,0.3236678143902995,37,40,13
WMT,2008-12-12,53.75,54.880001068115234,53.75,54.630001068115234,39.450679779052734,23624800,False,-0.0029246212565289757,0.0112477365251201,0.1124580675174673,45,48,16
WMT,2008-12-15,54.9900016784668,55.119998931884766,54.0099983215332,54.709999084472656,39.50844192504883,16719000,True,0.0014630901421755934,0.01274959381634811,0.12747406369423733,44,48,16
WMT,2008-12-16,55.0099983215332,55.970001220703125,54.13999938964844,55.2400016784668,39.89118576049805,22996000,False,0.009641022540019516,0.0073249172687803125,0.07323660533233933,47,48,16
WMT,2008-12-17,55.18999862670898,56.08000183105469,54.66999816894531,55.18999862670898,39.8550910949707,22195600,False,-0.0009052376967414528,0.0054480890151958035,0.05447154286942364,47,48,16
WMT,2008-12-18,55.459999084472656,56.209999084472656,54.77999877929688,55.40999984741211,40.01395797729492,26941400,False,0.003978189140557131,0.004872507257431747,0.04871671281700457,48,48,16
WMT,2008-12-19,55.68000030517578,56.90999984741211,55.52999877929688,55.7400016784668,40.25226211547852,32438200,False,0.005937861234499954,0.004064220223343708,0.04063522925362642,48,48,16
WMT,2008-12-22,55.9900016784668,56.5,55.47999954223633,55.9900016784668,40.43280029296875,17015300,True,0.0044751400916701245,0.00380487967040848,0.038042268674680454,48,48,16
WMT,2008-12-23,56.150001525878906,56.400001525878906,55.16999816894531,55.290000915527344,39.92729949951172,12854300,False,-0.012581056081949059,0.007583695068036539,0.07582393934001137,46,48,16
WMT,2008-12-24,55.630001068115234,55.81999969482422,55.27000045776367,55.43999862670898,40.035606384277344,4560700,False,0.0027089298419294165,0.007626400665565039,0.0762509220453324,46,48,16
WMT,2008-12-26,55.70000076293945,55.7400016784668,55.20000076293945,55.34999847412109,39.97060394287109,6373700,True,-0.0016249352504822676,0.007471809104664338,0.07470527166895892,47,48,16
WMT,2008-12-29,55.34999847412109,55.400001525878906,54.52000045776367,55.11000061035156,39.79731369018555,10047600,True,-0.00434486772226565,0.006732860888457182,0.06731705731982798,47,48,16
WMT,2008-12-30,55.2400016784668,55.400001525878906,54.33000183105469,55.04999923706055,39.75399398803711,13975700,False,-0.001089101051753944,0.005722624988918869,0.057216431585475104,47,48,16
WMT,2008-12-31,55.27000045776367,56.33000183105469,54.77000045776367,56.060001373291016,40.48334884643555,13881900,False,0.018180436237989216,0.008976561949766811,0.08975021841657381,46,48,16
WMT,2009-01-02,55.97999954223633,57.5099983215332,55.77999877929688,57.18000030517578,41.29214096069336,16054800,True,0.019781440373371737,0.011763708315208305,0.11761690016590794,45,48,16
WMT,2009-01-05,56.959999084472656,57.34999847412109,55.68000030517578,56.52000045776367,40.815528869628906,16021300,True,-0.011609571804222403,0.014046035585462144,0.14043625708113605,44,48,16
WMT,2009-01-06,56.61000061035156,56.79999923706055,55.59999847412109,56.02000045776367,40.4544563293457,19146000,False,-0.008885812275785474,0.014858632281374996,0.14856082986867852,44,48,16
WMT,2009-01-07,55.4900016784668,56.209999084472656,55.060001373291016,55.540000915527344,40.10782623291016,16782000,False,-0.008605323097874948,0.015763256192803346,0.15760551692034633,43,40,13
WMT,2009-01-08,51.310001373291016,51.81999969482422,50.310001373291016,51.380001068115234,37.10371017456055,92838800,False,-0.07785451385435425,0.03612675084604143,0.36120552581911275,35,32,10
WMT,2009-01-09,51.58000183105469,52.40999984741211,51.25,51.58000183105469,37.2481575012207,28697300,False,0.003885511229365206,0.0325558785480381,0.3255029293821977,36,32,10
WMT,2009-01-12,51.5,52.18999862670898,51.15999984741211,51.38999938964844,37.11094284057617,18435400,True,-0.003690599153523614,0.03328783462626505,0.33282123434793287,36,32,10
WMT,2009-01-13,51.59000015258789,52.70000076293945,51.560001373291016,52.119998931884766,37.63809967041016,24993400,False,0.014104945077401808,0.036474756926745525,0.36468498955236306,35,32,10
WMT,2009-01-14,51.27999877929688,52.0,51.2400016784668,51.560001373291016,37.233699798583984,20477000,False,-0.010802566715959366,0.03640016701731396,0.3639392184319032,35,32,10
WMT,2009-01-15,51.560001373291016,51.84000015258789,50.33000183105469,51.34999847412109,37.082061767578125,28060700,False,-0.004080917378951465,0.009499321100573603,0.09497691302713025,46,48,16
WMT,2009-01-16,51.900001525878906,52.04999923706055,51.0099983215332,51.560001373291016,37.233699798583984,21674600,False,0.004080917378951535,0.009520281976289414,0.09518648582172848,46,48,16
WMT,2009-01-20,51.40999984741211,51.63999938964844,50.43999862670898,50.560001373291016,36.51158142089844,22569400,True,-0.019584750293275797,0.013033533802288527,0.1303129763980051,44,48,16
WMT,2009-01-21,50.220001220703125,50.31999969482422,48.52000045776367,49.13999938964844,35.486122131347656,39078400,False,-0.028487815289998216,0.012765823948701734,0.1276363371717468,44,48,16
WMT,2009-01-22,48.93999862670898,49.59999847412109,47.77000045776367,48.869998931884766,35.29114532470703,31114400,False,-0.005509602358785187,0.01308216162597379,0.13079917120413445,44,48,16
WMT,2009-01-23,48.09000015258789,48.59999847412109,48.0,48.34999847412109,34.91563415527344,23091300,False,-0.010697392848724249,0.012567682253380494,0.12565526017010326,44,48,16
WMT,2009-01-26,48.63999938964844,48.9900016784668,48.02999877929688,48.59999847412109,35.09615707397461,18882400,True,0.0051569404410546065,0.012917093164367907,0.1291487697959204,44,48,16
WMT,2009-01-27,48.95000076293945,49.29999923706055,48.52999877929688,48.790000915527344,35.23337173461914,16478500,False,0.0039020547150490025,0.013639862083351656,0.13637521893162624,44,48,16
WMT,2009-01-28,49.5099983215332,49.63999938964844,48.5099983215332,48.72999954223633,35.19003677368164,24663700,False,-0.0012306977843041403,0.006597046672101789,0.0659591481726306,47,48,16
WMT,2009-01-29,48.560001373291016,49.06999969482422,47.790000915527344,47.86000061035156,34.5617790222168,18873100,False,-0.018014577388403306,0.009938163015889992,0.09936457925952524,46,48,16
WMT,2009-01-30,48.0,48.29999923706055,46.91999816894531,47.119998931884766,34.02738571166992,20614700,False,-0.015582756434707488,0.010930157036937997,0.10928281750655328,45,48,16
WMT,2009-02-02,46.56999969482422,47.02000045776367,46.25,46.56999969482422,33.63019943237305,20861100,True,-0.011741206586504753,0.009458411171079116,0.09456788392132297,46,48,16
WMT,2009-02-03,47.02999877929688,48.0,46.56999969482422,47.810001373291016,34.52568054199219,22551800,False,0.026278954745111178,0.018131203681350475,0.18128092911995833,42,40,13
WMT,2009-02-04,46.88999938964844,47.59000015258789,46.290000915527344,46.41999816894531,33.52190399169922,26506100,False,-0.029504335009784045,0.021181369156092263,0.2117773507005925,41,40,13
WMT,2009-02-05,47.16999816894531,48.97999954223633,47.15999984741211,48.560001373291016,35.067264556884766,33293100,False,0.04506898592902481,0.03134811383978833,0.31342735446077,37,40,13
WMT,2009-02-06,48.84000015258789,50.08000183105469,48.52999877929688,49.630001068115234,35.8399658203125,28297100,False,0.021795572840533538,0.030275921824287996,0.302707273864862,37,40,13
WMT,2009-02-09,49.560001373291016,49.560001373291016,48.77000045776367,49.27999877929688,35.58721923828125,16277300,True,-0.007077071194188762,0.029485506079195416,0.29480447252968034,38,40,13
WMT,2009-02-10,49.0,49.27999877929688,47.34000015258789,47.720001220703125,34.460670471191406,25607600,False,-0.03216787582141699,0.033395033342125575,0.3338930375857759,36,32,10
WMT,2009-02-11,47.97999954223633,48.52000045776367,47.75,48.22999954223633,34.82896423339844,17759300,False,0.0106306587473001,0.029204074743026498,0.2919906420195389,38,40,13
WMT,2009-02-12,47.97999954223633,48.290000915527344,47.02999877929688,48.130001068115234,34.75675201416016,22392700,False,-0.0020754904613905396,0.02038014568994683,0.20376649069768182,41,40,13
WMT,2009-02-13,47.75,48.11000061035156,46.47999954223633,46.52999877929688,33.601314544677734,25666900,False,-0.03380866614489838,0.01944988281362875,0.19446545798587095,42,40,13
WMT,2009-02-17,47.52999877929688,48.880001068115234,47.29999923706055,48.2400016784668,34.8361930847168,38919100,True,0.036091687935366164,0.029608848114388034,0.2960376812637625,38,40,13
WMT,2009-02-18,48.93999862670898,50.0,48.52000045776367,50.0,36.10717010498047,47356000,False,0.03583458599068288,0.029203605764273298,0.2919859530366334,38,40,13
WMT,2009-02-19,49.43999862670898,50.66999816894531,49.43999862670898,50.45000076293945,36.432125091552734,27311000,False,0.008959479394678513,0.029194625309951754,0.2918961639011772,38,40,13
WMT,2009-02-20,49.9900016784668,50.650001525878906,49.52999877929688,50.02000045776367,36.12159729003906,29581400,False,-0.008559993545181468,0.029944055577908555,0.2993891807837557,38,40,13
WMT,2009-02-23,50.34999847412109,50.43999862670898,48.790000915527344,48.880001068115234,35.29836654663086,23619000,True,-0.02305425993085684,0.026392404272987304,0.263878761300217,39,40,13
WMT,2009-02-24,48.77999877929688,50.36000061035156,48.68999862670898,50.0099983215332,36.114383697509766,26226300,False,0.02285453695472624,0.023620950522809856,0.2361689787797142,40,40,13
WMT,2009-02-25,48.970001220703125,50.060001373291016,48.560001373291016,49.209999084472656,35.53666687011719,25476600,False,-0.01612619333741816,0.01881952705956112,0.1881629819461235,42,40,13
WMT,2009-02-26,49.5099983215332,49.63999938964844,48.13999938964844,48.25,34.84342193603516,23169100,False,-0.019700667257869838,0.01855855651737357,0.18555372427122574,42,40,13
WMT,2009-02-27,47.869998931884766,50.0,47.58000183105469,49.2400016784668,35.5583381652832,28161700,False,0.020310310532426996,0.022721727644547315,0.22717829279315566,40,40,13
WMT,2009-03-02,48.810001373291016,49.4900016784668,47.959999084472656,48.040000915527344,34.69175338745117,25350800,True,-0.024672672125732452,0.023084905580769127,0.23080944905124118,40,40,13
WMT,2009-03-03,48.34000015258789,48.56999969482422,47.0,47.380001068115234,34.215145111083984,28041800,False,-0.013833618618722487,0.017868235811198237,0.1786517015922279,42,40,13
WMT,2009-03-04,47.959999084472656,49.20000076293945,47.150001525878906,48.4900016784668,35.01673126220703,31810400,False,0.02315759778016946,0.02287772484338169,0.22873799713721385,40,40,13
WMT,2009-03-05,50.34999847412109,51.0,49.290000915527344,49.75,35.92662811279297,46265200,False,0.02565276738009658,0.023555833480740262,0.23551792008028205,40,40,13
WMT,2009-03-06,50.150001525878906,50.150001525878906,48.09999847412109,48.90999984741211,35.320037841796875,33772800,False,-0.017028303575991922,0.023850412125548445,0.23846320111998787,40,40,13
WMT,2009-03-09,48.560001373291016,49.11000061035156,47.29999923706055,47.5099983215332,34.30902099609375,26508900,True,-0.029042124739450597,0.024972494820760117,0.24968210291560478,40,40,13
WMT,2009-03-10,47.61000061035156,48.91999816894531,47.27000045776367,48.66999816894531,35.14670181274414,32532500,False,0.02412245967453635,0.026293166092448708,0.26288654975770837,39,40,13
WMT,2009-03-11,48.65999984741211,48.810001373291016,47.150001525878906,47.459999084472656,34.46624755859375,26065900,False,-0.01955026854522756,0.02600655150428751,0.2600208956205459,39,40,13
WMT,2009-03-12,47.869998931884766,49.119998931884766,47.31999969482422,48.93999862670898,35.541046142578125,25130000,False,0.0307077444077907,0.02746448985841719,0.2745977777780225,39,40,13
WMT,2009-03-13,48.66999816894531,49.470001220703125,48.34000015258789,49.18999862670898,35.72258758544922,20571500,False,0.005094936255253031,0.0262239813016075,0.2621948205495938,39,40,13
WMT,2009-03-16,49.34000015258789,49.54999923706055,48.65999984741211,48.79999923706055,35.439361572265625,16380500,True,-0.007960082938610393,0.021132020822098765,0.21128395202755984,41,40,13
WMT,2009-03-17,48.900001525878906,50.0,48.790000915527344,50.0,36.310848236083984,18622600,False,0.024293434855062492,0.02116780831922102,0.21164176559819847,41,40,13
WMT,2009-03-18,48.95000076293945,51.09999847412109,48.95000076293945,50.43999862670898,36.630367279052734,20190900,False,0.00876105736552992,0.015471933079883841,0.1546927856140135,43,40,13
WMT,2009-03-19,50.79999923706055,50.90999984741211,49.61000061035156,49.95000076293945,36.27452087402344,20751500,False,-0.009762012944842684,0.013857219349685167,0.13854841867525067,44,48,16
WMT,2009-03-20,50.13999938964844,50.38999938964844,48.9900016784668,49.59000015258789,36.01309585571289,26308300,False,-0.007232944447502882,0.014703589540842247,0.14701066847007313,44,48,16
WMT,2009-03-23,50.27999877929688,51.47999954223633,49.34999847412109,51.47999954223633,37.38565444946289,19679700,True,0.03740441389211076,0.020260496670818185,0.20257020578813426,41,40,13
WMT,2009-03-24,51.0,51.59999847412109,50.59000015258789,51.08000183105469,37.09515380859375,20636600,False,-0.007800723992489681,0.019956054205778062,0.19952630346945857,42,40,13
WMT,2009-03-25,51.27000045776367,52.290000915527344,50.63999938964844,51.68000030517578,37.530879974365234,23444700,False,0.011677724121442589,0.02016157670592801,0.2015811758561475,41,40,13
WMT,2009-03-26,52.060001373291016,53.0,51.95000076293945,52.7599983215332,38.315185546875,25049500,False,0.02068224698262187,0.019217773497182584,0.1921447630512021,42,40,13
WMT,2009-03-27,52.36000061035156,53.0,52.040000915527344,52.56999969482422,38.17721176147461,20284400,False,-0.0036075202213643105,0.018411901199172544,0.18408742270564293,42,40,13
WMT,2009-03-30,52.0,52.15999984741211,51.2599983215332,51.7599983215332,37.5889778137207,16718400,True,-0.01552792268973977,0.014775172846017561,0.14772637870639937,44,48,16
WMT,2009-03-31,52.040000915527344,52.45000076293945,51.060001373291016,52.09999847412109,37.83589172363281,21178600,False,0.00654730444926892,0.01399050828649317,0.1398810793595945,44,48,16
WMT,2009-04-01,51.380001068115234,53.04999923706055,51.220001220703125,52.81999969482422,38.3587532043457,22652400,False,0.013724578375298314,0.014299529301811883,0.14297075932564057,44,48,16
WMT,2009-04-02,53.34000015258789,54.56999969482422,53.20000076293945,53.63999938964844,38.95425415039063,21847600,False,0.015405240165095306,0.012922439987452091,0.1292022288532216,44,48,16
WMT,2009-04-03,53.70000076293945,54.29999923706055,52.95000076293945,53.79999923706055,39.070457458496094,16522300,False,0.002978630529344026,0.012364889635484322,0.12362768192229501,45,48,16
WMT,2009-04-06,53.40999984741211,53.75,52.900001525878906,53.43000030517578,38.8017578125,15510800,True,-0.006901067638976041,0.008991351831003679,0.08989809185395355,46,48,16
WMT,2009-04-07,52.959999084472656,53.02000045776367,52.0,52.38999938964844,38.046478271484375,14277700,False,-0.01965702530763193,0.014683492464654021,0.1468097321887305,44,48,16
WMT,2009-04-08,52.65999984741211,53.02000045776367,52.27000045776367,52.61000061035156,38.20627212524414,17254300,False,0.004191169153598868,0.01317772741554936,0.13175466513773146,44,48,16
WMT,2009-04-09,50.040000915527344,51.34000015258789,49.650001525878906,50.65999984741211,36.79014205932617,42324500,False,-0.0377697634285694,0.01756137706510071,0.17558364060858989,42,40,13
WMT,2009-04-13,50.79999923706055,51.97999954223633,50.619998931884766,51.52999877929688,37.42193222045898,19346600,True,0.01702702508234562,0.021191833899109846,0.21188198017641602,41,40,13
WMT,2009-04-14,51.20000076293945,51.29999923706055,50.54999923706055,51.119998931884766,37.12419509887695,17935700,False,-0.007988039499132047,0.02117533611945977,0.21171703068514433,41,40,13
WMT,2009-04-15,50.7599983215332,51.41999816894531,50.619998931884766,51.290000915527344,37.24765396118164,13008700,False,0.0033200458848127333,0.020729315124072414,0.20725758596918237,41,40,13
WMT,2009-04-16,51.29999923706055,51.4900016784668,50.27000045776367,50.77999877929688,36.87727737426758,21246500,False,-0.009993389879184116,0.02025144170763411,0.20247967169188755,41,40,13
WMT,2009-04-17,51.18999862670898,51.25,50.13999938964844,50.20000076293945,36.45608901977539,24024000,False,-0.011487076254982418,0.012040885670946412,0.12038819817029255,45,48,16
WMT,2009-04-20,50.09000015258789,50.43999862670898,49.18999862670898,49.27000045776367,35.78070068359375,20298400,True,-0.01869983480361246,0.007969663711822408,0.07968296357173636,46,48,16
WMT,2009-04-21,49.65999984741211,50.0,48.93000030517578,49.83000183105469,36.187381744384766,15571600,False,0.011301826473234597,0.012140962851673617,0.12138879827521522,45,48,16
WMT,2009-04-22,49.59000015258789,50.22999954223633,48.81999969482422,48.959999084472656,35.55557632446289,20390500,False,-0.017613484886866874,0.012115798142011656,0.12113719435367047,45,48,16
WMT,2009-04-23,49.0,49.18000030517578,48.27000045776367,48.86000061035156,35.482948303222656,16252200,False,-0.0020447509833778463,0.012516652610587445,0.1251450512936954,44,48,16
WMT,2009-04-24,48.81999969482422,49.560001373291016,47.720001220703125,47.869998931884766,34.76400375366211,26931000,False,-0.02046977504876285,0.013775867932418773,0.13773504407715675,44,48,16
WMT,2009-04-27,47.7599983215332,48.93999862670898,47.63999938964844,48.5099983215332,35.22877883911133,20608100,True,0.01328085267285363,0.015725841856272665,0.15723143774679066,43,40,13
WMT,2009-04-28,48.27999877929688,49.369998931884766,48.02999877929688,48.470001220703125,35.19972229003906,27141600,False,-0.0008251361382113389,0.013759889798400426,0.13757529015064673,44,48,16
WMT,2009-04-29,48.84999847412109,51.09999847412109,48.5,50.45000076293945,36.63763046264648,34321900,False,0.0400376738499827,0.02249179550547413,0.22487936589683488,41,40,13
WMT,2009-04-30,50.84000015258789,50.84999847412109,49.93000030517578,50.400001525878906,36.6013298034668,23055700,False,-0.000991293760053193,0.02240240267287757,0.22398559094209003,41,40,13
WMT,2009-05-01,50.5,50.52000045776367,49.22999954223633,50.04999923706055,36.34715270996094,15777300,False,-0.0069687021135144646,0.018927348281074303,0.18924100917246056,42,40,13
WMT,2009-05-04,50.209999084472656,51.34999847412109,50.18999862670898,50.84000015258789,36.920860290527344,21201900,True,0.015660839778263862,0.019094046696888172,0.19090770732624318,42,40,13
WMT,2009-05-05,50.66999816894531,51.380001068115234,49.95000076293945,50.459999084472656,36.6448974609375,19648700,False,-0.007502515639535308,0.020188630897259783,0.20185167135260795,41,40,13
WMT,2009-05-06,50.66999816894531,51.09000015258789,49.06999969482422,49.5099983215332,35.95498275756836,26089300,False,-0.01900651820208306,0.012664845521886469,0.1266267261522108,44,48,16
WMT,2009-05-07,50.86000061035156,51.150001525878906,49.540000915527344,49.88999938964844,36.23094940185547,31263100,False,0.007646032419045034,0.013685144360144539,0.13682796400878428,44,48,16
WMT,2009-05-08,50.400001525878906,50.400001525878906,49.75,50.13999938964844,36.412506103515625,18534600,False,0.004998580489469229,0.013652834615725229,0.1365049219983972,44,48,16
WMT,2009-05-11,49.970001220703125,51.02999877929688,49.72999954223633,50.630001068115234,36.76835632324219,17994500,True,0.00972530283627198,0.012166944452939614,0.12164856971125995,45,48,16
WMT,2009-05-12,50.880001068115234,51.33000183105469,50.65999984741211,50.900001525878906,36.96442794799805,17204100,False,0.005318450642159368,0.011752530448143828,0.11750514067312191,45,48,16
WMT,2009-05-13,50.29999923706055,50.29999923706055,49.540000915527344,50.02999877929688,36.52853775024414,19184800,False,-0.011862232116203974,0.008615890794640297,0.0861441256685587,46,48,16
WMT,2009-05-14,50.09999847412109,50.369998931884766,48.75,49.09999847412109,35.84952926635742,26330500,False,-0.01876337495532216,0.012432104568168604,0.12429971592852457,45,48,16
WMT,2009-05-15,48.959999084472656,49.34000015258789,48.119998931884766,48.150001525878906,35.155887603759766,20056100,False,-0.019538332687940217,0.013699499720105736,0.13697149297891514,44,48,16
WMT,2009-05-18,48.79999923706055,49.97999954223633,48.68999862670898,49.91999816894531,36.448238372802734,18838400,True,0.03610102369653484,0.023402990881451376,0.2339897563193345,40,40,13
WMT,2009-05-19,49.91999816894531,50.0,49.34999847412109,49.36000061035156,36.03934860229492,14621000,False,-0.011281769043825197,0.023327102513927847,0.2332310028457186,40,40,13
WMT,2009-05-20,49.7599983215332,50.29999923706055,48.84999847412109,48.93999862670898,35.73268508911133,20185300,False,-0.008545539637542177,0.023131972810845326,0.23128004059878926,40,40,13
WMT,2009-05-21,48.810001373291016,49.52999877929688,48.66999816894531,49.11000061035156,35.8568229675293,15717000,False,0.0034680501712838823,0.021779313646506822,0.21775576971179172,41,40,13
WMT,2009-05-22,49.369998931884766,49.77000045776367,49.11000061035156,49.25,35.959041595458984,11344700,False,0.0028466884742036434,0.01885253187171808,0.18849297344135982,42,40,13
WMT,2009-05-26,49.18000030517578,50.65999984741211,49.15999984741211,50.0,36.50662612915039,17347300,True,0.01511322461080092,0.0105869342450683,0.10585117845496161,45,48,16
WMT,2009-05-27,50.2400016784668,50.81999969482422,49.25,49.31999969482422,36.010154724121094,17464800,False,-0.013692807547120024,0.01127972126421154,0.11277786003218708,45,48,16
WMT,2009-05-28,49.5099983215332,49.790000915527344,48.91999816894531,49.54999923706055,36.17808532714844,15405600,False,0.004652583463296657,0.010331854388741523,0.10330081753202595,45,48,16
WMT,2009-05-29,49.900001525878906,49.970001220703125,49.06999969482422,49.7400016784668,36.31681823730469,12839900,False,0.0038273884836591346,0.010341711784504473,0.1033993745773284,45,48,16
WMT,2009-06-01,50.18000030517578,50.70000076293945,49.58000183105469,50.59000015258789,36.93743515014648,19992500,True,0.016944593203148613,0.012198223200073821,0.12196130351767732,45,48,16
WMT,2009-06-02,50.380001068115234,50.84999847412109,49.869998931884766,49.93000030517578,36.45552062988281,17399300,False,-0.013132634904307557,0.013066955086377343,0.13064713189801938,44,48,16
WMT,2009-06-03,49.75,50.97999954223633,49.70000076293945,50.880001068115234,37.1491584777832,19736900,False,0.018848214299913228,0.012817899941758484,0.1281570077555692,44,48,16
WMT,2009-06-04,50.83000183105469,51.0,50.25,50.869998931884766,37.141845703125,15292000,False,-0.0001968683762576209,0.01314617887271809,0.13143923383723174,44,48,16
WMT,2009-06-05,51.119998931884766,51.75,50.209999084472656,51.06999969482422,37.28789138793945,25327200,False,0.003924395757887714,0.013143610784489793,0.13141355736101595,44,48,16
WMT,2009-06-08,50.9900016784668,51.060001373291016,50.400001525878906,50.810001373291016,37.09803771972656,18975200,True,-0.0051045697146166495,0.011889627540949578,0.11887587638379264,45,48,16
WMT,2009-06-09,50.86000061035156,51.15999984741211,50.5,50.61000061035156,36.9520263671875,14404600,False,-0.003943589882573153,0.009691546048503861,0.09689883270622336,46,48,16
WMT,2009-06-10,50.810001373291016,50.84999847412109,49.72999954223633,50.060001373291016,36.5504264831543,19830500,False,-0.010927632066963521,0.0055601280674863396,0.0555917411670049,47,48,16
WMT,2009-06-11,50.04999923706055,50.25,49.290000915527344,49.31999969482422,36.010154724121094,21608000,False,-0.014891880263186686,0.0071884175508602115,0.07187184234560942,47,48,16
WMT,2009-06-12,49.34999847412109,49.86000061035156,49.209999084472656,49.84000015258789,36.38981246948242,15338400,False,0.010487883907459252,0.009668384942362546,0.0966672613823039,46,48,16
WMT,2009-06-15,49.09999847412109,49.20000076293945,48.220001220703125,48.459999084472656,35.38222885131836,24607100,True,-0.028079174016904178,0.014201066592104208,0.1419863011609664,44,48,16
WMT,2009-06-16,48.5099983215332,48.619998931884766,48.04999923706055,48.25,35.22890853881836,20710100,False,-0.004342673383266806,0.014163305441992943,0.14160875444663273,44,48,16
WMT,2009-06-17,48.29999923706055,48.88999938964844,48.09999847412109,48.560001373291016,35.45523834228516,19272000,False,0.006403998264323589,0.015771620789899504,0.15768914854017446,43,40,13
WMT,2009-06-18,48.650001525878906,48.88999938964844,48.400001525878906,48.68000030517578,35.5428581237793,13927100,False,0.0024682302861127477,0.015250213974039478,0.15247597495888557,43,40,13
WMT,2009-06-19,49.04999923706055,49.04999923706055,48.09999847412109,48.16999816894531,35.17049026489258,23767800,False,-0.010531853158804994,0.013537104234334236,0.13534781674302215,44,48,16
WMT,2009-06-22,48.09999847412109,48.900001525878906,48.02000045776367,48.59000015258789,35.47715759277344,20028400,True,0.008681655039716192,0.007918608479043516,0.0791724988393748,46,48,16
WMT,2009-06-23,48.720001220703125,48.83000183105469,48.25,48.34999847412109,35.30191802978516,16237200,False,-0.004951743704369458,0.008016498113100689,0.08015122723076946,46,48,16
WMT,2009-06-24,48.5,48.77000045776367,48.11000061035156,48.5099983215332,35.41874694824219,16681300,False,0.003303957189033,0.007543325625175168,0.07542031417322272,46,48,16
WMT,2009-06-25,48.43999862670898,49.45000076293945,48.31999969482422,49.150001525878906,35.886016845703125,19862900,False,0.013106461939490341,0.009682997229098364,0.0968133591793719,46,48,16
WMT,2009-06-26,49.040000915527344,49.060001373291016,48.43000030517578,48.630001068115234,35.50635528564453,20536600,False,-0.010636014123415435,0.009716542186321632,0.0971487511985448,46,48,16
WMT,2009-06-29,48.709999084472656,48.900001525878906,48.400001525878906,48.7599983215332,35.60128402709961,17324300,True,0.0026700027948465474,0.00901428330835429,0.0901273672839399,46,48,16
WMT,2009-06-30,48.86000061035156,49.08000183105469,48.29999923706055,48.43999862670898,35.367645263671875,16839100,False,-0.006584278777632115,0.009295293164579232,0.09293698371777444,46,48,16
WMT,2009-07-01,48.54999923706055,48.63999938964844,48.16999816894531,48.369998931884766,35.316532135009766,18431600,False,-0.0014462398644855246,0.009162517313101054,0.0916094530064287,46,48,16
WMT,2009-07-02,48.2599983215332,48.400001525878906,47.7599983215332,47.790000915527344,34.893043518066406,19986200,False,-0.012063703531995484,0.006199912301558315,0.06198848583035921,47,48,16
WMT,2009-07-06,47.7400016784668,48.18000030517578,47.56999969482422,47.72999954223633,34.849239349365234,20255200,True,-0.0012561726591191601,0.00569852513830407,0.05697547442742406,47,48,16
WMT,2009-07-07,47.900001525878906,48.04999923706055,47.72999954223633,47.84000015258789,34.92955017089844,15093100,False,0.0023018701684747113,0.0055965301150878435,0.05595569918805219,47,48,16
WMT,2009-07-08,48.11000061035156,48.5,47.97999954223633,48.369998931884766,35.316532135009766,18879800,False,0.011018006022639954,0.008298783998896251,0.08297360177102715,46,48,16
WMT,2009-07-09,48.79999923706055,48.84999847412109,47.880001068115234,48.08000183105469,35.10478973388672,15123200,False,-0.006013605925440723,0.008699665807173865,0.08698173206116362,46,48,16
WMT,2009-07-10,47.93999862670898,48.2400016784668,47.34999847412109,47.56999969482422,34.732421875,15971100,False,-0.010663982112787738,0.008274953435185372,0.08273533701999994,46,48,16
WMT,2009-07-13,47.59999847412109,47.93999862670898,47.41999816894531,47.83000183105469,34.9222412109375,16034300,True,0.00545031150604187,0.008737979379727635,0.08736480205213154,46,48,16
WMT,2009-07-14,47.86000061035156,48.150001525878906,47.540000915527344,48.130001068115234,35.14128875732422,13466400,False,0.0062528468143297055,0.009121121824223475,0.09119556913986439,46,48,16
WMT,2009-07-15,48.34999847412109,48.56999969482422,47.959999084472656,48.54999923706055,35.44794845581055,18741700,False,0.008688622792689654,0.008535529853485059,0.08534065413221716,46,48,16
WMT,2009-07-16,48.34999847412109,48.59000015258789,47.9900016784668,48.5099983215332,35.41874694824219,18863300,False,-0.0008241250436365407,0.007791674554198867,0.0779033773713749,46,48,16
WMT,2009-07-17,48.61000061035156,48.709999084472656,48.02000045776367,48.4900016784668,35.404136657714844,14412300,False,-0.0004125867231243986,0.004235629480648282,0.042349027739928616,48,48,16
WMT,2009-07-20,48.65999984741211,48.84999847412109,48.220001220703125,48.81999969482422,35.64507293701172,17107200,True,0.006782262723012829,0.004401566611467991,0.044008114349905765,48,48,16
WMT,2009-07-21,48.90999984741211,48.95000076293945,48.45000076293945,48.86000061035156,35.674285888671875,17188100,False,0.0008192152530514796,0.004407121314163951,0.044063651846665816,48,48,16
WMT,2009-07-22,48.79999923706055,49.52999877929688,48.65999984741211,49.16999816894531,35.900630950927734,15038500,False,0.00632472454802896,0.003718773878538696,0.037181358487629844,48,48,16
WMT,2009-07-23,49.18000030517578,49.4900016784668,48.63999938964844,48.7599983215332,35.60128402709961,26663000,False,-0.008373165190047317,0.00615767038924822,0.06156613918167783,47,48,16
WMT,2009-07-24,48.810001373291016,49.18999862670898,48.7599983215332,48.93999862670898,35.73268508911133,13091400,False,0.003684113256610639,0.006190515678513879,0.061894535721694476,47,48,16
WMT,2009-07-27,49.09999847412109,49.09999847412109,48.52999877929688,48.970001220703125,35.75458526611328,14270200,True,0.0006127014663799049,0.005541868417986148,0.055409176000070934,47,48,16
WMT,2009-07-28,48.7599983215332,48.9900016784668,48.65999984741211,48.91999816894531,35.718101501464844,11806000,False,-0.0010209149667452166,0.0055857198657962735,0.055847615242273684,47,48,16
WMT,2009-07-29,48.91999816894531,49.56999969482422,48.79999923706055,49.369998931884766,36.046653747558594,16607500,False,0.009156431745419245,0.0064351599110479005,0.06434055831109507,47,48,16
WMT,2009-07-30,49.54999923706055,50.400001525878906,49.5,49.97999954223633,36.49204254150391,17376900,False,0.012280187372552376,0.005645615275051435,0.056446466572313295,47,48,16
WMT,2009-07-31,50.04999923706055,50.43000030517578,49.77000045776367,49.880001068115234,36.41902160644531,14661900,False,-0.002003014503372713,0.006474563312698339,0.06473452472321065,47,48,16
WMT,2009-08-03,50.220001220703125,50.220001220703125,49.52000045776367,49.84000015258789,36.38981246948242,15200500,True,-0.000802351497605974,0.0066767609036130155,0.0667561537220913,47,48,16
WMT,2009-08-04,49.61000061035156,50.27999877929688,49.5,49.84999847412109,36.39712524414063,18267200,False,0.00020093645680176653,0.006488628165316506,0.06487514911833446,47,48,16
WMT,2009-08-05,49.93999862670898,49.970001220703125,49.18000030517578,49.20000076293945,35.92252349853516,17716400,False,-0.013125300448211252,0.009019324467354825,0.09017777022483227,46,48,16
WMT,2009-08-06,49.25,49.380001068115234,48.75,48.97999954223633,35.76190948486328,16211000,False,-0.0044811481588755125,0.0053701604267159956,0.05369239068665062,47,48,16
WMT,2009-08-07,49.27999877929688,49.5,48.93999862670898,49.290000915527344,35.988250732421875,13394900,False,0.0063091705350167915,0.00715066775455347,0.07149440914984129,47,48,16
WMT,2009-08-10,49.380001068115234,49.72999954223633,49.0099983215332,49.720001220703125,36.30220031738281,13048100,True,0.008685837595266971,0.008753311912962858,0.08751810107846716,46,48,16
WMT,2009-08-11,49.709999084472656,50.34999847412109,49.52000045776367,50.040000915527344,36.53584671020508,16251600,False,0.0064155260538597235,0.009298768324099777,0.09297172935065112,46,48,16
WMT,2009-08-12,50.09999847412109,50.84000015258789,50.09999847412109,50.5099983215332,37.0813102722168,18309800,False,0.014819196141420125,0.006973219330046192,0.06972022935290702,47,48,16
WMT,2009-08-13,51.83000183105469,52.0,50.54999923706055,51.880001068115234,38.08707046508789,32144000,False,0.02676179023301713,0.008640370947136886,0.08638888519294396,46,48,16
WMT,2009-08-14,51.869998931884766,52.25,51.540000915527344,51.790000915527344,38.0210075378418,17238000,False,-0.0017360297506199384,0.010625428426899477,0.1062360542288324,45,48,16
WMT,2009-08-17,51.29999923706055,51.86000061035156,51.13999938964844,51.56999969482422,37.85948944091797,17714200,True,-0.00425717667371421,0.0127008146862258,0.12698635608333386,44,48,16
WMT,2009-08-18,51.63999938964844,51.84999847412109,51.2400016784668,51.36000061035156,37.70532989501953,12285100,False,-0.00408019925473631,0.013919786645127599,0.13917398428300973,44,48,16
WMT,2009-08-19,51.06999969482422,51.84999847412109,50.95000076293945,51.66999816894531,37.932899475097656,14330100,False,0.006017334584166748,0.01310607849570811,0.13103829886732088,44,48,16
WMT,2009-08-20,51.59999847412109,51.81999969482422,51.25,51.709999084472656,37.9622688293457,9300900,False,0.0007739453346024155,0.004255532148335897,0.04254802026981166,48,48,16
WMT,2009-08-21,51.970001220703125,52.09999847412109,51.25,51.36000061035156,37.70532989501953,21093800,False,-0.00679127991876924,0.0050940652118162694,0.05093191223402154,47,48,16
WMT,2009-08-24,51.52000045776367,51.70000076293945,51.150001525878906,51.54999923706055,37.844818115234375,11619100,True,0.003692603717814364,0.005319353624477338,0.053184409833459304,47,48,16
WMT,2009-08-25,51.68000030517578,52.560001373291016,51.560001373291016,51.66999816894531,37.932899475097656,16582400,False,0.0023247308663525233,0.004866385273795865,0.04865550348412882,48,48,16
WMT,2009-08-26,51.7400016784668,52.2400016784668,51.560001373291016,51.79999923706055,38.0283432006836,14291600,False,0.002512959831905672,0.004207497588449653,0.042067757083810206,48,48,16
WMT,2009-08-27,51.650001525878906,51.7400016784668,51.119998931884766,51.2400016784668,37.61722183227539,17217400,False,-0.010869782415609432,0.006575601323771415,0.06574473148309608,47,48,16
WMT,2009-08-28,51.36000061035156,51.400001525878906,50.61000061035156,51.130001068115234,37.53646087646485,14793300,False,-0.002149222339797252,0.006002005607733297,0.06000975844048599,47,48,16
WMT,2009-08-31,51.02000045776367,51.470001220703125,50.72999954223633,50.869998931884766,37.34560012817383,17242600,True,-0.005097647127743157,0.0055948751405937545,0.05593915228254989,47,48,16
WMT,2009-09-01,50.810001373291016,51.380001068115234,50.63999938964844,50.970001220703125,37.41899871826172,16615700,False,0.0019634590381203084,0.005516255066805946,0.055153086433077717,47,48,16
WMT,2009-09-02,50.790000915527344,51.04999923706055,50.77000045776367,50.91999816894531,37.38230514526367,13441400,False,-0.000981094554401504,0.004869761022097395,0.048689255175375104,48,48,16
WMT,2009-09-03,51.150001525878906,51.84999847412109,50.9900016784668,51.7400016784668,37.98430252075195,16295600,False,0.015975514817799692,0.008242863763864782,0.08241449536302081,46,48,16
WMT,2009-09-04,51.70000076293945,52.09999847412109,51.5,51.68000030517578,37.94023513793945,13269900,False,-0.0011608207075034058,0.008131310186892254,0.08129915098568996,46,48,16
WMT,2009-09-08,51.720001220703125,51.79999923706055,51.33000183105469,51.400001525878906,37.73468780517578,14132200,True,-0.005432389760285272,0.008206824642162696,0.08205416597829598,46,48,16
WMT,2009-09-09,51.52000045776367,51.52000045776367,50.84000015258789,51.11000061035156,37.521785736083984,15089900,False,-0.0056580551028526885,0.0089099185104898,0.08908389836390614,46,48,16
WMT,2009-09-10,50.90999984741211,51.290000915527344,50.72999954223633,51.02999877929688,37.46305465698242,22864400,False,-0.0015664790590604895,0.008938843418877298,0.08937309782133589,46,48,16
WMT,2009-09-11,50.9900016784668,51.040000915527344,50.619998931884766,50.720001220703125,37.2354736328125,16089800,False,-0.0060933390129740165,0.002406467191440474,0.024060543140318007,49,48,16
WMT,2009-09-14,50.369998931884766,50.52999877929688,50.20000076293945,50.380001068115234,36.98586654663086,16543500,True,-0.006726044735637307,0.00203336607023413,0.020330172057588743,49,48,16
WMT,2009-09-15,50.52000045776367,50.58000183105469,49.83000183105469,49.93000030517578,36.65550231933594,26395900,False,-0.008972305882829889,0.002690256795924691,0.026897952287533132,48,48,16
WMT,2009-09-16,49.97999954223633,50.18000030517578,49.75,50.040000915527344,36.73626327514648,17611200,False,0.0022008187908874382,0.004490030623663551,0.04489260269421717,48,48,16
WMT,2009-09-17,50.09999847412109,50.13999938964844,49.84999847412109,49.959999084472656,36.67753219604492,17768100,False,-0.0016000015052735183,0.004485078733413172,0.044843092287668036,48,48,16
WMT,2009-09-18,50.0,50.400001525878906,49.93999862670898,50.11000061035156,36.78765106201172,33445600,False,0.002997854046072791,0.005311596744883444,0.05310685434599329,47,48,16
WMT,2009-09-21,50.02999877929688,50.970001220703125,50.02000045776367,50.90999984741211,37.37494659423828,15283100,True,0.01583838290118056,0.009025591271799159,0.09024042751732358,46,48,16
WMT,2009-09-22,51.02999877929688,51.29999923706055,50.91999816894531,50.9900016784668,37.43369674682617,14541500,False,0.0015706785216848213,0.006735116440981432,0.0673396089752206,47,48,16
WMT,2009-09-23,51.040000915527344,51.130001068115234,50.400001525878906,50.400001525878906,37.00054550170898,14016800,False,-0.01163862548983783,0.009874832517633256,0.09873138293304969,46,48,16
WMT,2009-09-24,50.65999984741211,50.84000015258789,50.34000015258789,50.70000076293945,37.22078323364258,11943000,False,0.005934638521901355,0.009871054264890773,0.09869360688797046,46,48,16
WMT,2009-09-25,50.400001525878906,50.63999938964844,49.41999816894531,49.470001220703125,36.31779861450195,26342100,False,-0.02455935328489204,0.015764788918232298,0.15762084154493988,43,40,13
WMT,2009-09-28,49.59999847412109,49.70000076293945,49.33000183105469,49.5,36.33982849121094,14791900,True,0.0006064023354908088,0.012438916079119051,0.12436781935152444,45,48,16
WMT,2009-09-29,49.650001525878906,49.68000030517578,49.18000030517578,49.22999954223633,36.14160919189453,17100400,False,-0.005469532608886356,0.011804121058730898,0.1180209582650179,45,48,16
WMT,2009-09-30,49.27999877929688,49.310001373291016,48.72999954223633,49.09000015258789,36.038822174072266,22091300,False,-0.002848059657066014,0.01159806823910365,0.11596078359342477,45,48,16
WMT,2009-10-01,49.06999969482422,49.369998931884766,48.72999954223633,49.0,35.97277069091797,22467100,False,-0.0018344685640152647,0.010152483656139093,0.10150741795224283,45,48,16
WMT,2009-10-02,48.88999938964844,49.34000015258789,48.84000015258789,49.08000183105469,36.03149032592773,15093800,False,0.0016310048099257336,0.002823652668772018,0.02823168214880013,48,48,16
WMT,2009-10-05,49.0,49.18999862670898,48.84999847412109,49.060001373291016,36.01679611206055,14217500,True,-0.00040789905762894207,0.0026586564397098208,0.02658200294209361,48,48,16
WMT,2009-10-06,49.22999954223633,49.63999938964844,49.130001068115234,49.47999954223633,36.32516098022461,17582800,False,0.008525252791543255,0.004523568415579241,0.0452279230726078,48,48,16
WMT,2009-10-07,49.52999877929688,49.70000076293945,49.31999969482422,49.4900016784668,36.33248901367188,11620200,False,0.00020171402385675316,0.004054005774595054,0.0405331022910625,48,48,16
WMT,2009-10-08,49.52999877929688,49.869998931884766,49.400001525878906,49.7400016784668,36.516021728515625,14961800,False,0.005038760608411268,0.0037417665116557036,0.03741124537035527,48,48,16
WMT,2009-10-09,49.810001373291016,50.02999877929688,49.619998931884766,49.970001220703125,36.68487930297852,16382800,False,0.004613546325026516,0.003706981988492545,0.03706345981850588,48,48,16
WMT,2009-10-12,50.02999877929688,50.209999084472656,49.470001220703125,49.61000061035156,36.42059326171875,16357600,True,-0.007230298453231303,0.006058296533753776,0.060572571122388154,47,48,16
WMT,2009-10-13,49.68000030517578,50.58000183105469,49.650001525878906,50.34000015258789,36.956504821777344,20853900,False,0.014607312176025329,0.007952730352068404,0.07951365902674987,46,48,16
WMT,2009-10-14,50.630001068115234,50.63999938964844,50.09999847412109,50.18999862670898,36.84638595581055,16072200,False,-0.0029841364348900494,0.00839309736021892,0.0839165735708854,46,48,16
WMT,2009-10-15,50.27999877929688,50.9900016784668,50.20000076293945,50.95000076293945,37.404327392578125,21684900,False,0.015028864054461178,0.01007681012030203,0.100750812426905,45,48,16
WMT,2009-10-16,50.79999923706055,51.40999984741211,50.619998931884766,51.220001220703125,37.60254287719727,16543300,False,0.0052852744107492996,0.010078062932331867,0.10076333839775464,45,48,16
WMT,2009-10-19,51.34999847412109,51.970001220703125,51.25,51.88999938964844,38.09441757202149,15411400,True,0.01299607315635021,0.00776491431282869,0.07763582087020064,46,48,16
WMT,2009-10-20,51.97999954223633,52.0,51.5,51.70000076293945,37.95493316650391,13241400,False,-0.0036682643723687986,0.008702474592537084,0.08700981509576472,46,48,16
WMT,2009-10-21,51.66999816894531,51.970001220703125,50.36000061035156,50.630001068115234,37.16939926147461,21903800,False,-0.02091366434607885,0.014648376473591625,0.146458632526588,44,48,16
WMT,2009-10-22,50.619998931884766,50.75,50.02999877929688,50.47999954223633,37.05928421020508,24604200,False,-0.0029669159385356946,0.012642140371514479,0.12639971360370159,44,48,16
WMT,2009-10-23,50.68000030517578,50.709999084472656,49.97999954223633,50.43999862670898,37.02992248535156,15113400,False,-0.0007926046910262358,0.012063064864091462,0.12060995204891678,45,48,16
WMT,2009-10-26,50.58000183105469,50.61000061035156,49.81999969482422,49.84000015258789,36.58943176269531,15273700,True,-0.01196685257211759,0.00834448997864136,0.08343058315076059,46,48,16
WMT,2009-10-27,49.959999084472656,50.11000061035156,49.77000045776367,49.869998931884766,36.61146545410156,15590700,False,0.0006020060657572358,0.009091647237017718,0.09090087383733558,46,48,16
WMT,2009-10-28,49.810001373291016,50.369998931884766,49.72999954223633,49.900001525878906,36.63348007202149,17017100,False,0.0006011232153893873,0.005271982798094124,0.05271078284372105,47,48,16
WMT,2009-10-29,50.150001525878906,50.470001220703125,49.810001373291016,50.400001525878906,37.00054550170898,14389100,False,0.009970077485849254,0.007801550327480697,0.07800211816033585,46,48,16
WMT,2009-10-30,50.38999938964844,50.45000076293945,49.619998931884766,49.68000030517578,36.47197723388672,17635100,False,-0.014388437122005007,0.010053105992584903,0.10051381181888917,45,48,16
WMT,2009-11-02,49.810001373291016,50.34999847412109,49.68999862670898,50.27999877929688,36.91245651245117,15037700,True,0.012004850241112428,0.010438130508789896,0.10436339639464443,45,48,16
WMT,2009-11-03,50.15999984741211,50.56999969482422,49.52000045776367,49.900001525878906,36.63348007202149,16204300,False,-0.007586490604956748,0.011273751773416314,0.11271817536608603,45,48,16
WMT,2009-11-04,50.040000915527344,50.77999877929688,49.86000061035156,50.380001068115234,36.98586654663086,14521700,False,0.009573276103964915,0.012056315038067844,0.12054246536935241,45,48,16
WMT,2009-11-05,50.5099983215332,51.34999847412109,50.4900016784668,51.27999877929688,37.64658737182617,16686400,False,0.017706454840130677,0.013728981477370656,0.1372662599697339,44,48,16
WMT,2009-11-06,51.02999877929688,51.27000045776367,50.70000076293945,51.25,37.62457275390625,12365300,False,-0.0005849416565615413,0.010168259154484272,0.10166514586968307,45,48,16
WMT,2009-11-09,51.65999984741211,52.02999877929688,51.40999984741211,52.0,38.175174713134766,15284500,True,0.014528060105016281,0.01058119509703932,0.1057937968213241,45,48,16
WMT,2009-11-10,51.77000045776367,52.470001220703125,51.7599983215332,52.310001373291016,38.40277099609375,16821500,False,0.005944190615107582,0.0071930576769691145,0.07191823564563732,47,48,16
WMT,2009-11-11,52.59000015258789,53.0,52.18000030517578,52.970001220703125,38.88729476928711,23297400,False,0.012537966313372829,0.007328389260178698,0.07327131928942995,47,48,16
WMT,2009-11-12,53.369998931884766,53.7400016784668,53.11000061035156,53.2400016784668,39.08549880981445,28265100,False,0.005083939110935527,0.006090954175760119,0.06089909151175791,47,48,16
WMT,2009-11-13,53.27999877929688,53.54999923706055,53.060001373291016,53.20000076293945,39.05613327026367,17635700,False,-0.0007515978397550846,0.006146473293844148,0.061454187438485915,47,48,16
WMT,2009-11-16,53.34999847412109,53.459999084472656,52.810001373291016,53.15999984741211,39.026763916015625,15346400,True,-0.0007522609096581894,0.0055263634328678495,0.05525415275078013,47,48,16
WMT,2009-11-17,53.400001525878906,53.79999923706055,53.09999847412109,53.65999984741211,39.39384841918945,17711300,False,0.009362007599765703,0.005957734155659318,0.05956711987624573,47,48,16
WMT,2009-11-18,53.79999923706055,54.400001525878906,53.61000061035156,54.150001525878906,39.75357055664063,13360900,False,0.009089989769136263,0.005004244277356205,0.05003385699513569,47,48,16
WMT,2009-11-19,54.0,54.650001525878906,53.7599983215332,54.540000915527344,40.039886474609375,17368300,False,0.007176456752953535,0.005160140677350782,0.05159255352373641,47,48,16
WMT,2009-11-20,54.52999877929688,54.869998931884766,54.0,54.27999877929688,39.8489990234375,15050500,False,-0.004778832831633422,0.006410908529290793,0.06409808610160282,47,48,16
WMT,2009-11-23,54.77999877929688,54.84999847412109,54.52000045776367,54.68000030517578,40.14265823364258,11932200,True,0.007342278920440696,0.005906908821641414,0.05905895373705693,47,48,16
WMT,2009-11-24,54.7599983215332,54.91999816894531,54.52999877929688,54.84999847412109,40.26746368408203,10599900,False,0.003104224883233446,0.005574290506079769,0.05573334125445316,47,48,16
WMT,2009-11-25,54.86000061035156,55.09000015258789,54.77999877929688,54.959999084472656,40.34822082519531,9063200,False,0.0020035100766923612,0.004944886995684011,0.049440386017660626,48,48,16
WMT,2009-11-27,54.09000015258789,54.84000015258789,54.09000015258789,54.630001068115234,40.105953216552734,7528700,True,-0.00602251763307584,0.0056152397135034405,0.05614276307216317,47,48,16
WMT,2009-11-30,54.52999877929688,54.70000076293945,54.09999847412109,54.54999923706055,40.04722213745117,11928700,True,-0.0014654713142206852,0.005026263796919013,0.05025401441188936,47,48,16
WMT,2009-12-01,54.84999847412109,55.08000183105469,54.619998931884766,54.75,40.19404983520508,12007600,False,0.003659659375219145,0.0040352918320719616,0.040345994973329746,48,48,16
WMT,2009-12-02,54.66999816894531,54.880001068115234,54.47999954223633,54.56999969482422,40.06190490722656,10040300,False,-0.00329309015941401,0.003918906962873833,0.03918234596278761,48,48,16
WMT,2009-12-03,54.72999954223633,54.77000045776367,54.310001373291016,54.43999862670898,39.96646499633789,11407900,False,-0.002385153071336846,0.0035450615028792447,0.03544453276923744,48,48,16
WMT,2009-12-04,54.709999084472656,54.79999923706055,53.95000076293945,54.2400016784668,39.81964111328125,11121200,False,-0.003680441519236166,0.0029729513157123453,0.02972441246661868,48,48,16
WMT,2009-12-07,54.13999938964844,54.97999954223633,54.13999938964844,54.93000030517578,40.3261947631836,11362700,True,0.012640966051410926,0.006957515165851298,0.06956321465458166,47,48,16
WMT,2009-12-08,54.81999969482422,54.84999847412109,54.060001373291016,54.40999984741211,39.94445037841797,15841600,False,-0.009511503541077604,0.00825501556829107,0.08253599255844128,46,48,16
WMT,2009-12-09,54.2400016784668,54.27000045776367,53.7599983215332,54.06999969482422,39.8950080871582,12682800,False,-0.0012385429092410336,0.008178412644877273,0.08177009475188574,46,48,16
WMT,2009-12-10,54.27999877929688,54.869998931884766,54.209999084472656,54.68999862670898,40.35245513916016,10113100,False,0.011401033469455597,0.009706308437697278,0.09704643127033666,46,48,16
WMT,2009-12-11,54.81999969482422,55.0,54.63999938964844,54.650001525878906,40.32295608520508,11399600,False,-0.0007313022598106634,0.0093643084137576,0.0936270178001431,46,48,16
WMT,2009-12-14,54.58000183105469,54.59999847412109,53.810001373291016,54.06999969482422,39.8950080871582,14874400,True,-0.010669731209644819,0.008849456475768475,0.0884793817513638,46,48,16
WMT,2009-12-15,53.959999084472656,54.06999969482422,53.4900016784668,53.97999954223633,39.82859802246094,15213700,False,-0.0016660079316157311,0.007857859427059868,0.07856511254664457,46,48,16
WMT,2009-12-16,54.209999084472656,54.22999954223633,53.130001068115234,53.31999969482422,39.34163284301758,17179200,False,-0.012301879516941895,0.00947962258446199,0.09477996166274451,46,48,16
WMT,2009-12-17,53.09999847412109,53.20000076293945,52.36000061035156,52.7599983215332,38.92844009399414,15640400,False,-0.010558226712704032,0.005518467928234727,0.05517521125076072,47,48,16
WMT,2009-12-18,53.060001373291016,53.060001373291016,52.310001373291016,52.84999847412109,38.99484634399414,26051900,False,0.0017044010618982243,0.006284917503030678,0.0628383920017178,47,48,16
WMT,2009-12-21,52.93999862670898,53.540000915527344,52.93000030517578,53.400001525878906,39.40065383911133,13432100,True,0.010352918695565028,0.009281456177701314,0.09279863758910402,46,48,16
WMT,2009-12-22,53.459999084472656,53.75,53.25,53.34000015258789,39.356388092041016,11957400,False,-0.001124109048439583,0.009296689642875682,0.09295094610480209,46,48,16
WMT,2009-12-23,53.45000076293945,53.61000061035156,53.25,53.31999969482422,39.34163284301758,8631000,False,-0.0003749839963196159,0.007466061444361375,0.07464780492718608,47,48,16
WMT,2009-12-24,53.41999816894531,53.7400016784668,53.369998931884766,53.59999847412109,39.5482292175293,4473100,False,0.0052376019276194775,0.004717599392497531,0.04716789994297855,48,48,16
WMT,2009-12-28,53.790000915527344,53.9900016784668,53.61000061035156,53.97999954223633,39.82859802246094,7425300,True,0.007064277589322483,0.004909452088816421,0.0490860977446298,48,48,16
WMT,2009-12-29,53.970001220703125,54.20000076293945,53.900001525878906,54.11000061035156,39.92451477050781,7264200,False,0.0024053429623773445,0.003522622038202826,0.03522017662184719,48,48,16
WMT,2009-12-30,53.93000030517578,54.34999847412109,53.88999938964844,54.29999923706055,40.06472396850586,6797000,False,0.003505705112476607,0.0028246372142245978,0.02824152591414198,48,48,16
WMT,2009-12-31,54.25,54.369998931884766,53.41999816894531,53.45000076293945,39.43754196166992,9764800,False,-0.01577804130935918,0.009262464416013657,0.09260875255637978,46,48,16
WMT,2010-01-04,53.7400016784668,54.66999816894531,53.66999816894531,54.22999954223633,40.0130615234375,20753100,True,0.014487734592741705,0.01117489114700806,0.11172973871711146,45,48,16
WMT,2010-01-05,54.09000015258789,54.18999862670898,53.56999969482422,53.68999862670898,39.61462020874024,15648400,False,-0.01000769158358377,0.011950593380434433,0.11948543017959277,45,48,16
WMT,2010-01-06,53.5,53.83000183105469,53.41999816894531,53.56999969482422,39.52610778808594,12517200,False,-0.0022368370825044674,0.011791645874257444,0.1178962278239487,45,48,16
WMT,2010-01-07,53.720001220703125,53.75,53.2599983215332,53.59999847412109,39.5482292175293,10662700,False,0.0005595097185293444,0.011517808038665742,0.11515831929141575,45,48,16
WMT,2010-01-08,53.43000030517578,53.52999877929688,53.02000045776367,53.33000183105469,39.34901428222656,11363200,False,-0.00504999540765051,0.009217608638792757,0.09216027174319655,46,48,16
WMT,2010-01-11,53.33000183105469,54.43999862670898,53.09999847412109,54.209999084472656,39.99829864501953,13987700,True,0.016365994792127057,0.009984880897594181,0.09983167792272998,46,48,16
WMT,2010-01-12,54.0,54.75,53.86000061035156,54.72999954223633,40.38197326660156,15117000,False,0.009546559780390243,0.008890822658812228,0.08889297260986985,46,48,16
WMT,2010-01-13,54.790000915527344,55.20000076293945,54.40999984741211,55.0099983215332,40.58858108520508,13290700,False,0.005103293874134226,0.008217705403593184,0.08216295492448605,46,48,16
WMT,2010-01-14,54.72999954223633,54.84000015258789,54.15999984741211,54.209999084472656,39.99829864501953,13772000,False,-0.01464985365452452,0.012242717170267547,0.12240616688134087,45,48,16
WMT,2010-01-15,54.34000015258789,54.54999923706055,53.59999847412109,53.68000030517578,39.60725021362305,19087500,False,-0.009824731630030016,0.013111179738034722,0.1310893025383891,44,48,16
WMT,2010-01-19,53.90999984741211,54.2599983215332,53.5,54.02999877929688,39.8654899597168,14618500,True,0.00649884864739509,0.010820659752602341,0.1081880325276113,45,48,16
WMT,2010-01-20,53.91999816894531,53.93999862670898,53.22999954223633,53.86000061035156,39.74006271362305,13308600,False,-0.00315122113155856,0.009192399571212172,0.09190822431857042,46,48,16
WMT,2010-01-21,54.06999969482422,54.06999969482422,52.84000015258789,52.91999816894531,39.04650115966797,16028700,False,-0.017606541933348915,0.009659740046704116,0.09658082725776108,46,48,16
WMT,2010-01-22,52.959999084472656,53.470001220703125,52.68999862670898,52.93999862670898,39.061256408691406,19415900,False,0.0003778177650548566,0.009306320247101565,0.09304723562383994,46,48,16
WMT,2010-01-25,53.13999938964844,53.220001220703125,52.77999877929688,52.880001068115234,39.01698684692383,12003300,True,-0.001133979573964911,0.008923195900757895,0.08921664948657783,46,48,16
WMT,2010-01-26,52.81999969482422,53.86000061035156,52.72999954223633,53.61000061035156,39.55559158325195,15584000,False,0.013709952849564572,0.011148223857130067,0.11146311157138224,45,48,16
WMT,2010-01-27,53.52000045776367,53.77000045776367,53.09999847412109,53.400001525878906,39.40065383911133,13192100,False,-0.003924653260448662,0.011181125980187532,0.11179207635180724,45,48,16
WMT,2010-01-28,53.380001068115234,53.45000076293945,52.5099983215332,52.61000061035156,38.81776809692383,16960100,False,-0.014904328618718005,0.010247314335799711,0.10245556204791786,45,48,16
WMT,2010-01-29,53.68000030517578,54.150001525878906,53.400001525878906,53.43000030517578,39.42278289794922,24280800,False,0.015465812876073699,0.012737806394803286,0.12735620970246003,44,48,16
WMT,2010-02-01,53.619998931884766,53.77999877929688,53.310001373291016,53.47999954223633,39.45968627929688,11019500,True,0.0009356548907463297,0.012650225839360166,0.1264805544099269,44,48,16
WMT,2010-02-02,53.59000015258789,53.720001220703125,53.33000183105469,53.4900016784668,39.46706771850586,11387900,False,0.00018704530103203146,0.01091604070425189,0.10914167839907438,45,48,16
WMT,2010-02-03,53.72999954223633,54.5,53.63999938964844,54.27000045776367,40.04256820678711,17988900,False,0.014476497902089951,0.012445644581634415,0.124435092832591,45,48,16
WMT,2010-02-04,53.880001068115234,54.29999923706055,52.959999084472656,52.970001220703125,39.08338928222656,21029900,False,-0.024245543233281694,0.016032904712503137,0.1603015394815665,43,40,13
WMT,2010-02-05,52.77000045776367,53.52999877929688,52.7599983215332,53.45000076293945,39.43754196166992,15545800,False,0.009020654119735157,0.014829615415703714,0.14827071099618194,44,48,16
WMT,2010-02-08,53.380001068115234,53.540000915527344,52.91999816894531,52.93000030517578,39.05387878417969,10505900,True,-0.00977600429207301,0.015435516212257812,0.15432867941814768,43,40,13
WMT,2010-02-09,53.209999084472656,53.619998931884766,52.81999969482422,53.25,39.28998565673828,10825000,False,0.006027468495817803,0.015863824608351947,0.15861102853067172,43,40,13
WMT,2010-02-10,53.27000045776367,53.5,52.959999084472656,53.2400016784668,39.28260040283203,9408400,False,-0.00018798551246362305,0.013488167152084906,0.13485852988184682,44,48,16
WMT,2010-02-11,53.130001068115234,53.45000076293945,52.90999984741211,53.08000183105469,39.16453552246094,11579600,False,-0.0030100517532354256,0.0074415761905292175,0.07440299439819746,47,48,16
WMT,2010-02-12,53.11000061035156,53.11000061035156,52.65999984741211,52.900001525878906,39.03174591064453,17038400,False,-0.0033963185212014507,0.005725737610431343,0.05724755246027729,47,48,16
WMT,2010-02-16,53.2400016784668,53.720001220703125,52.900001525878906,53.560001373291016,39.51871490478516,15771200,True,0.012399042037471497,0.006758279594950063,0.06757120077389975,47,48,16
WMT,2010-02-17,53.68999862670898,54.25,53.650001525878906,54.060001373291016,39.88763046264648,15534200,False,0.009291907604711847,0.00733357161931901,0.07332313398946311,47,48,16
WMT,2010-02-18,53.20000076293945,53.5,52.90999984741211,53.470001220703125,39.45230484008789,29457500,False,-0.010973792442125173,0.009713119030663152,0.09711452551506577,46,48,16
WMT,2010-02-19,53.18999862670898,53.58000183105469,53.06999969482422,53.4900016784668,39.46706771850586,15090400,False,0.0003741255945542247,0.009491211268437702,0.0948958286198046,46,48,16
WMT,2010-02-22,53.52000045776367,53.91999816894531,53.34000015258789,53.83000183105469,39.71792984008789,12097200,True,0.006336123472497337,0.00922013345515924,0.0921855155750357,46,48,16
WMT,2010-02-23,53.75,54.08000183105469,53.45000076293945,53.619998931884766,39.56298828125,14138000,False,-0.00390867713877876,0.00809439798958983,0.08093009234289696,46,48,16
WMT,2010-02-24,53.7400016784668,53.95000076293945,53.47999954223633,53.91999816894531,39.78433990478516,10624200,False,0.005579323281500943,0.0071723868625667465,0.07171156296651553,47,48,16
WMT,2010-02-25,53.459999084472656,54.27999877929688,53.25,54.150001525878906,39.95404052734375,13510100,False,0.004256441574271381,0.00426819266641206,0.042674603728931226,48,48,16
WMT,2010-02-26,54.220001220703125,54.2400016784668,53.5,54.06999969482422,39.8950080871582,15952900,False,-0.0014786012348268348,0.00457151670743457,0.0457073237263101,48,48,16
WMT,2010-03-01,54.040000915527344,54.130001068115234,53.540000915527344,53.900001525878906,39.76957321166992,12128700,True,-0.0031490777231599656,0.0043671832919925276,0.043664340146588446,48,48,16
WMT,2010-03-02,53.83000183105469,53.88999938964844,53.470001220703125,53.59000015258789,39.54084777832031,14081700,False,-0.005767869205669051,0.004861963054573943,0.04861128887910804,48,48,16
WMT,2010-03-03,53.34999847412109,53.75,53.150001525878906,53.65999984741211,39.59249496459961,11631200,False,0.0013053206606066414,0.0038897084374340525,0.03889041080427959,48,48,16
WMT,2010-03-04,54.02000045776367,54.09000015258789,53.75,53.959999084472656,39.81385040283203,11211800,False,0.005575272620495177,0.004349937141684121,0.04349190823271247,48,48,16
WMT,2010-03-05,53.970001220703125,54.16999816894531,53.5,54.13999938964844,39.94667816162109,11375100,False,0.003330667034727256,0.00465646931611077,0.04655670405994048,48,48,16
WMT,2010-03-08,54.0099983215332,54.27999877929688,53.93000030517578,54.150001525878906,39.95404052734375,7556700,True,0.00018428784782669627,0.004269076726676208,0.04268344281479113,48,48,16
WMT,2010-03-09,54.119998931884766,54.5,53.91999816894531,54.060001373291016,39.88763046264648,12584600,False,-0.0016635443419202713,0.002803240685166975,0.028027597333575776,48,48,16
WMT,2010-03-10,53.66999816894531,54.02000045776367,53.52999877929688,53.630001068115234,39.79339218139648,12697000,False,-0.002365389450637727,0.003370833647848568,0.03370255314154037,48,48,16
WMT,2010-03-11,53.63999938964844,53.9900016784668,53.52999877929688,53.970001220703125,40.04567337036133,10673900,False,0.006319764062478856,0.0036293161027892195,0.03628693421277872,48,48,16
WMT,2010-03-12,54.15999984741211,54.2400016784668,53.790000915527344,53.900001525878906,39.99373245239258,10477900,False,-0.0012978838292475308,0.0035264413070118907,0.035258362757220996,48,48,16
WMT,2010-03-15,54.38999938964844,55.540000915527344,54.34999847412109,55.41999816894531,41.12156677246094,24373900,True,0.027809969717350735,0.012820483484536382,0.12818283875076564,44,48,16
WMT,2010-03-16,55.880001068115234,56.27000045776367,55.59999847412109,55.9900016784668,41.54452133178711,18453000,False,0.010232932506007139,0.012186449366352556,0.121843585380823,45,48,16
WMT,2010-03-17,56.04999923706055,56.130001068115234,55.65999984741211,55.91999816894531,41.49257659912109,12495200,False,-0.0012511212635349905,0.011954288932582444,0.11952237936061665,45,48,16
WMT,2010-03-18,55.88999938964844,55.95000076293945,55.540000915527344,55.93999862670898,41.507415771484375,9472200,False,0.0003575704550704135,0.01249419306342126,0.12492049435586301,45,48,16
WMT,2010-03-19,55.34000015258789,56.27000045776367,55.150001525878906,55.34000015258789,41.06221771240234,17184100,False,-0.01078368292429869,0.01463778165245249,0.14635270249272392,44,48,16
WMT,2010-03-22,55.310001373291016,55.93999862670898,55.130001068115234,55.619998931884766,41.26997756958008,9874100,True,0.005046878622714178,0.00783532317751404,0.07833978871661396,46,48,16
WMT,2010-03-23,55.630001068115234,56.0,55.61000061035156,55.88999938964844,41.47031021118164,9369300,False,0.00484245434594068,0.006447131310798051,0.06446025176927436,47,48,16
WMT,2010-03-24,55.72999954223633,56.0,55.43000030517578,55.58000183105469,41.24029159545898,8698900,False,-0.005562024787351436,0.006870827078192811,0.0686964825086885,47,48,16
WMT,2010-03-25,55.630001068115234,55.9900016784668,55.59999847412109,55.61000061035156,41.26255035400391,9793100,False,0.0005395876932005364,0.006881746982997538,0.0688056628214627,47,48,16
WMT,2010-03-26,55.61000061035156,55.959999084472656,55.470001220703125,55.5099983215332,41.18836212158203,9947300,False,-0.0017995738364978977,0.004513989245521536,0.045132147807006154,48,48,16
WMT,2010-03-29,55.5,55.75,55.43000030517578,55.7400016784668,41.35901641845703,9776500,True,0.004134705256923957,0.0043035438623609465,0.04302805503639779,48,48,16
WMT,2010-03-30,55.77999877929688,56.04999923706055,55.65999984741211,55.90999984741211,41.48514175415039,6941300,False,0.00304488417580993,0.0038989509914679663,0.0389828204871752,48,48,16
WMT,2010-03-31,55.810001373291016,55.900001525878906,55.5,55.59999847412109,41.255130767822266,9966900,False,-0.0055598458120340866,0.0038981639409624187,0.038974951332461726,48,48,16
WMT,2010-04-01,55.75,55.84999847412109,55.16999816894531,55.4900016784668,41.17351913452149,11788100,False,-0.0019801770395304987,0.003984514822773398,0.03983831199842365,48,48,16
WMT,2010-04-05,55.70000076293945,55.72999954223633,55.220001220703125,55.4900016784668,41.17351913452149,10748800,True,0.0,0.003910694034226166,0.03910023076722691,48,48,16
WMT,2010-04-06,55.43999862670898,55.630001068115234,55.290000915527344,55.52999877929688,41.20320129394531,9567200,False,0.0007206443896771121,0.003231651014528887,0.032310965603890754,48,48,16
WMT,2010-04-07,55.5,55.900001525878906,55.13999938964844,55.27999877929688,41.017696380615234,12935200,False,-0.004512362023242253,0.0027400756121950254,0.027396054976128046,48,48,16
WMT,2010-04-08,55.290000915527344,55.70000076293945,55.15999984741211,55.380001068115234,41.09189224243164,11139700,False,0.0018072403784994556,0.0024962102036689454,0.024957819290579056,49,48,16
WMT,2010-04-09,55.380001068115234,55.380001068115234,54.630001068115234,55.06999969482422,40.86188125610352,12535100,False,-0.005613203161781109,0.003320766377772372,0.033201966341158864,48,48,16
WMT,2010-04-12,55.02000045776367,55.09999847412109,54.58000183105469,55.02000045776367,40.82476806640625,11954300,True,-0.0009086721651269351,0.0032407169399759138,0.032401609303959036,48,48,16
WMT,2010-04-13,54.90999984741211,55.209999084472656,54.65999984741211,54.720001220703125,40.60218048095703,12851100,False,-0.005467186081530299,0.0032660214399014413,0.03265461088830139,48,48,16
WMT,2010-04-14,54.630001068115234,54.90999984741211,54.34000015258789,54.63999938964844,40.54281997680664,14686900,False,-0.0014630726330483368,0.0031823673625142254,0.031818213639671626,48,48,16
WMT,2010-04-15,54.150001525878906,54.36000061035156,53.91999816894531,54.130001068115234,40.16438674926758,17659300,False,-0.009377997737427028,0.003466565237141537,0.03465970478784889,48,48,16
WMT,2010-04-16,54.11000061035156,54.59000015258789,53.84000015258789,54.11000061035156,40.1495475769043,19232000,False,-0.00036952921449162455,0.0038432760723821325,0.038426166817736813,48,48,16
WMT,2010-04-19,54.0,54.47999954223633,54.0,54.38999938964844,40.35731887817383,11315600,True,0.0051615910966444955,0.005482507951613518,0.05481567318105551,47,48,16
WMT,2010-04-20,54.4900016784668,54.81999969482422,54.380001068115234,54.52000045776367,40.45378112792969,9092300,False,0.002387352617740336,0.005474575448393306,0.054736361758643645,47,48,16
WMT,2010-04-21,54.43999862670898,54.56999969482422,54.18000030517578,54.470001220703125,40.41668319702149,11499300,False,-0.0009174655746101316,0.005461791363980407,0.05460854284815939,47,48,16
WMT,2010-04-22,54.369998931884766,54.650001525878906,54.150001525878906,54.4900016784668,40.431522369384766,10921200,False,0.00036708724518872223,0.002483228696024915,0.024828026486502387,49,48,16
WMT,2010-04-23,54.470001220703125,54.61000061035156,53.91999816894531,54.52999877929688,40.46119689941406,16595800,False,0.0007336761980220695,0.002339804483315993,0.023394030432235167,49,48,16
WMT,2010-04-26,54.52999877929688,54.70000076293945,54.0099983215332,54.040000915527344,40.09760665893555,14751000,True,-0.009026765375557789,0.004482199199722366,0.04481430189117393,48,48,16
WMT,2010-04-27,53.59999847412109,54.41999816894531,53.52999877929688,54.040000915527344,40.09760665893555,19174600,False,0.0,0.0041035316047816515,0.041028275621496066,48,48,16
WMT,2010-04-28,53.91999816894531,54.09999847412109,53.52000045776367,53.61000061035156,39.77854537963867,14904200,False,-0.007988942083744604,0.0048816399387104845,0.048808023960857025,48,48,16
WMT,2010-04-29,53.65999984741211,54.22999954223633,53.54999923706055,53.70000076293945,39.8453369140625,13320000,False,0.0016776762992640741,0.005147842521875977,0.05146959306892515,47,48,16
WMT,2010-04-30,53.81999969482422,54.150001525878906,53.63999938964844,53.63999938964844,39.80081558227539,16279400,False,-0.0011179783336385013,0.004878783464942771,0.04877946412402995,48,48,16
WMT,2010-05-03,53.880001068115234,53.95000076293945,53.470001220703125,53.7400016784668,39.87500762939453,12301000,True,0.0018623483403654127,0.0040360235553639845,0.04035331095083283,48,48,16
WMT,2010-05-04,53.59000015258789,54.56999969482422,53.54999923706055,54.02000045776367,40.0827751159668,18670900,False,0.005196941362232091,0.0049582465788434804,0.04957395892822779,48,48,16
WMT,2010-05-05,54.11000061035156,54.95000076293945,53.81999969482422,54.77000045776367,40.6392707824707,16609900,False,0.013788165964525272,0.005766309251094154,0.057653199258169724,47,48,16
WMT,2010-05-06,54.34999847412109,54.77999877929688,51.52999877929688,53.22999954223633,39.49660873413086,24067500,False,-0.02852004637531681,0.015966982820162803,0.159642433660308,43,40,13
WMT,2010-05-07,53.040000915527344,53.619998931884766,51.79999923706055,52.400001525878906,38.88074493408203,28945100,False,-0.015715674153305093,0.017114053685680298,0.17111117428679676,43,40,13
WMT,2010-05-10,53.060001373291016,53.2400016784668,51.83000183105469,52.58000183105469,39.01430130004883,27090300,True,0.0034291396769811195,0.017277303298660812,0.17274339032935443,43,40,13
WMT,2010-05-11,52.34999847412109,52.77000045776367,52.16999816894531,52.459999084472656,38.92525100708008,19623300,False,-0.002285112733715087,0.01655090913615814,0.16548069497828713,43,40,13
WMT,2010-05-12,52.5,52.560001373291016,52.130001068115234,52.47999954223633,39.166316986083984,13610100,False,0.006173950682202115,0.014516283247500948,0.14513792689793736,44,48,16
WMT,2010-05-13,52.630001068115234,52.970001220703125,52.36000061035156,52.400001525878906,39.10661315917969,12458000,False,-0.0015255296658055564,0.008436734815560658,0.084352873255551,46,48,16
WMT,2010-05-14,52.40999984741211,52.70000076293945,52.02000045776367,52.119998931884766,38.89764022827149,18648300,False,-0.005358000923511519,0.004639398451535963,0.046386024702662884,48,48,16
WMT,2010-05-17,52.40999984741211,52.91999816894531,52.040000915527344,52.72999954223633,39.3528938293457,16945400,True,0.011635926658541336,0.0069791730531424435,0.06977975636907095,47,48,16
WMT,2010-05-18,53.31999969482422,54.45000076293945,53.20000076293945,53.709999084472656,40.08427810668945,32227700,False,0.018414677338649682,0.009636766488850354,0.09635113109494069,46,48,16
WMT,2010-05-19,53.52999877929688,53.7599983215332,52.790000915527344,53.040000915527344,39.584259033203125,20418700,False,-0.012552650194082162,0.012654706399298945,0.1265253523220211,44,48,16
WMT,2010-05-20,52.369998931884766,52.959999084472656,51.29999923706055,51.29999923706055,38.285675048828125,27256000,False,-0.03335573346418726,0.020514357272725367,0.20510837625874795,41,40,13
WMT,2010-05-21,50.72999954223633,51.369998931884766,50.5099983215332,51.369998931884766,38.33790969848633,24548600,False,0.0013634093973019078,0.02064285980571966,0.2063931811169844,41,40,13
WMT,2010-05-24,51.040000915527344,51.540000915527344,50.900001525878906,51.0,38.061771392822266,13557800,True,-0.007228813110286605,0.018979086536567626,0.18975830296010485,42,40,13
WMT,2010-05-25,50.25,50.5,50.0,50.27999877929688,37.52443313598633,24062400,False,-0.01421813179539693,0.01280094917075202,0.1279875291279306,44,48,16
WMT,2010-05-26,50.36000061035156,50.59999847412109,50.0099983215332,50.02000045776367,37.33038330078125,19078100,False,-0.005184710326828046,0.013307910074906311,0.13305626837700282,44,48,16
WMT,2010-05-27,50.52000045776367,50.72999954223633,50.31999969482422,50.70000076293945,37.83787155151367,13980400,False,0.013502933187251636,0.010461785285158539,0.10459990357384748,45,48,16
WMT,2010-05-28,50.75,50.93000030517578,50.5,50.560001373291016,37.73340225219727,14019500,False,-0.002764790392054431,0.010256031822301094,0.10254272195634617,45,48,16
WMT,2010-06-01,50.79999923706055,51.5099983215332,50.52000045776367,50.91999816894531,38.00206756591797,16053600,True,0.007094864304691735,0.01082651821453107,0.10824660709553953,45,48,16
WMT,2010-06-02,51.22999954223633,51.7400016784668,51.02000045776367,51.720001220703125,38.599117279052734,13665800,False,0.015588839915320098,0.009363978100683257,0.09362371523611758,46,48,16
WMT,2010-06-03,51.72999954223633,52.08000183105469,51.47999954223633,51.720001220703125,38.599117279052734,10509100,False,0.0,0.008060991384396221,0.08059608360665017,46,48,16
WMT,2010-06-04,51.40999984741211,51.70000076293945,50.220001220703125,50.400001525878906,37.61399459838867,24041900,False,-0.025853229877505126,0.015510797602181868,0.1550813641571599,43,40,13
WMT,2010-06-07,50.459999084472656,51.369998931884766,50.31999969482422,50.7400016784668,37.86774826049805,19500600,True,0.006723602514927527,0.01584628554917225,0.1584356680306264,43,40,13
WMT,2010-06-08,50.790000915527344,50.97999954223633,50.52999877929688,50.77999877929688,37.89757537841797,20315500,False,0.0007873554293244705,0.01545729525806466,0.1545464325099224,43,40,13
WMT,2010-06-09,50.959999084472656,51.36000061035156,50.59000015258789,50.9900016784668,38.0543212890625,16530900,False,0.004127510702258212,0.013141924437428936,0.13139669678367186,44,48,16
WMT,2010-06-10,51.209999084472656,51.68000030517578,51.060001373291016,51.220001220703125,38.2259635925293,15850500,False,0.004500313375071063,0.01353358156671727,0.13531259611069085,44,48,16
WMT,2010-06-11,50.970001220703125,51.27000045776367,50.54999923706055,50.86000061035156,37.957305908203125,14027400,False,-0.007052960571716602,0.005393276994656242,0.05392351670497354,47,48,16
WMT,2010-06-14,51.11000061035156,51.459999084472656,50.88999938964844,51.2400016784668,38.24088668823242,13900100,True,0.0074432760048171506,0.005563860124737027,0.05562905533642375,47,48,16
WMT,2010-06-15,51.20000076293945,51.650001525878906,51.060001373291016,51.63999938964844,38.5394172668457,14310800,False,0.007776267286986693,0.006051770165918717,0.06050731864132232,47,48,16
WMT,2010-06-16,51.5,51.58000183105469,50.91999816894531,50.97999954223633,38.04684829711914,15900700,False,-0.012863292339999648,0.009371850663421236,0.09370242735654695,46,48,16
WMT,2010-06-17,51.04999923706055,51.4900016784668,50.959999084472656,51.40999984741211,38.367767333984375,12667300,False,0.008399464447367335,0.009986117333493161,0.09984404016036758,46,48,16
WMT,2010-06-18,51.40999984741211,51.90999984741211,51.40999984741211,51.54999923706055,38.47224807739258,25425800,False,0.002719437450345461,0.008985646535060824,0.08984104868309727,46,48,16
WMT,2010-06-21,51.709999084472656,51.880001068115234,50.709999084472656,51.02000045776367,38.07669448852539,14655200,True,-0.01033475045537528,0.010086935715380484,0.1008520510052131,45,48,16
WMT,2010-06-22,51.06999969482422,51.470001220703125,50.59999847412109,50.68000030517578,37.82295989990234,13658200,False,-0.006686078768220148,0.00900686759258156,0.09005322284935101,46,48,16
WMT,2010-06-23,50.7599983215332,51.040000915527344,50.400001525878906,50.810001373291016,37.91998672485352,15945900,False,0.002562004314526002,0.007645094968048897,0.0764378329963692,46,48,16
WMT,2010-06-24,50.72999954223633,50.83000183105469,49.95000076293945,50.02999877929688,37.33784866333008,14819200,False,-0.015470805651018453,0.00801150466674963,0.08010130133451131,46,48,16
WMT,2010-06-25,49.95000076293945,50.20000076293945,48.79999923706055,48.79999923706055,36.419883728027344,45333200,False,-0.02489263988922404,0.010197642657497416,0.10195893048655882,45,48,16
WMT,2010-06-28,49.060001373291016,49.77000045776367,49.0099983215332,49.56999969482422,36.99455642700195,14697200,True,0.015655896462404423,0.015725071180263325,0.15722373230894557,43,40,13
WMT,2010-06-29,49.16999816894531,49.2599983215332,48.43000030517578,48.900001525878906,36.49452972412109,20350800,False,-0.013608399441240614,0.016125910349583782,0.16123143628266612,43,40,13
WMT,2010-06-30,48.959999084472656,48.970001220703125,48.0099983215332,48.06999969482422,35.87509536743164,18388800,False,-0.01711904638283196,0.015554251787233575,0.1555158314533619,43,40,13
WMT,2010-07-01,48.09999847412109,48.40999984741211,47.77000045776367,48.34000015258789,36.07659530639648,18114400,False,0.005600993217833339,0.016868655665249033,0.16865761511169708,43,40,13
WMT,2010-07-02,48.43999862670898,48.43999862670898,47.84000015258789,48.0,35.82284164428711,13581300,False,-0.007058600914065865,0.01369223998961414,0.13689890812951375,44,48,16
WMT,2010-07-06,49.34000015258789,49.43999862670898,48.2599983215332,48.56999969482422,36.24826049804688,18225600,True,0.01180566918289079,0.012407207783800757,0.12405079080024173,45,48,16
WMT,2010-07-07,48.65999984741211,48.970001220703125,48.15999984741211,48.91999816894531,36.50946044921875,16176200,False,0.007180023505443869,0.011886439971934712,0.11884400616255392,45,48,16
WMT,2010-07-08,49.31999969482422,49.31999969482422,48.790000915527344,49.18000030517578,36.70349884033203,12650000,False,0.005300669371167925,0.006999789727405864,0.06998588773969147,47,48,16
WMT,2010-07-09,49.25,49.54999923706055,49.150001525878906,49.43000030517578,36.89007186889648,11607200,False,0.0050703730360812434,0.0069841755091546,0.06982977234648222,47,48,16
WMT,2010-07-12,49.77999877929688,50.33000183105469,49.68000030517578,50.119998931884766,37.40502166748047,13440900,True,0.01386250478993228,0.0039787196651870195,0.03978037036530771,48,48,16
WMT,2010-07-13,50.34999847412109,50.68999862670898,50.09999847412109,50.540000915527344,37.71847534179688,13219800,False,0.008345071938215116,0.0035713389583830377,0.03570726224006324,48,48,16
WMT,2010-07-14,50.04999923706055,50.36000061035156,50.040000915527344,50.34999847412109,37.57667922973633,10708300,False,-0.003766411809428163,0.0063986764829069166,0.06397578662427753,47,48,16
WMT,2010-07-15,50.34000015258789,50.43999862670898,49.90999984741211,50.40999984741211,37.6214599609375,12255600,False,0.0011910065056549121,0.0067282828656437445,0.06727128494620417,47,48,16
WMT,2010-07-16,50.150001525878906,50.33000183105469,49.52000045776367,49.66999816894531,37.069183349609375,15922200,False,-0.014788644259507655,0.011084061384196042,0.11082159692555217,45,48,16
WMT,2010-07-19,49.720001220703125,49.810001373291016,49.09000015258789,49.52000045776367,36.95722579956055,11896000,True,-0.0030248025454139484,0.008427447439508915,0.08426001542937821,46,48,16
WMT,2010-07-20,49.2599983215332,51.02999877929688,49.2599983215332,50.880001068115234,37.97222518920898,16283900,False,0.02709379198287599,0.015560688482163989,0.155580187359233,43,40,13
WMT,2010-07-21,51.0,51.0,50.11000061035156,50.34999847412109,37.57667922973633,12311100,False,-0.010471351683609296,0.016378298874293293,0.1637548885069449,43,40,13
WMT,2010-07-22,50.54999923706055,51.09000015258789,50.5099983215332,50.86000061035156,37.957305908203125,11984200,False,0.010078374643392526,0.017009943948582244,0.17007025553681973,43,40,13
WMT,2010-07-23,50.90999984741211,51.810001373291016,50.900001525878906,51.66999816894531,38.561805725097656,13046400,False,0.015800298252942487,0.014936695085898509,0.1493413239816142,44,48,16
WMT,2010-07-26,51.66999816894531,51.66999816894531,50.90999984741211,51.130001068115234,38.158790588378906,14112100,True,-0.010506144715084735,0.016587565415004012,0.16584719487559374,43,40,13
WMT,2010-07-27,50.79999923706055,51.29999923706055,50.65999984741211,50.959999084472656,38.03191375732422,12295200,False,-0.0033305099204385333,0.012060786052548959,0.12058716784324713,45,48,16
WMT,2010-07-28,50.79999923706055,51.38999938964844,50.79999923706055,51.130001068115234,38.158790588378906,9328500,False,0.003330509920438608,0.010446576056685182,0.10444783738357663,45,48,16
WMT,2010-07-29,51.22999954223633,51.77999877929688,50.79999923706055,51.060001373291016,38.10655975341797,9630500,False,-0.0013697135827155772,0.009759725454935884,0.0975805097951834,46,48,16
WMT,2010-07-30,50.61000061035156,51.25,50.5,51.18999862670898,38.20356750488281,13551400,False,0.0025424621136389105,0.00555611018308773,0.05555156921650028,47,48,16
WMT,2010-08-02,51.54999923706055,51.70000076293945,50.95000076293945,51.40999984741211,38.367767333984375,13861000,True,0.0042888133303902905,0.003276927285895599,0.03276365063709058,48,48,16
WMT,2010-08-03,51.25,51.650001525878906,51.02999877929688,51.290000915527344,38.27821350097656,10668600,False,-0.0023368185202826534,0.0029560576311124893,0.02955550460510304,48,48,16
WMT,2010-08-04,51.040000915527344,51.709999084472656,51.0099983215332,51.59999847412109,38.50956726074219,8068900,False,0.006025814459452047,0.0035971783304898056,0.03596561162853816,48,48,16
WMT,2010-08-05,51.63999938964844,51.66999816894531,51.220001220703125,51.619998931884766,38.52448654174805,7439000,False,0.0003873424922085571,0.003278109981146827,0.03277547556045344,48,48,16
WMT,2010-08-06,51.41999816894531,51.790000915527344,51.11000061035156,51.790000915527344,38.651363372802734,8270300,False,0.0032879960635285263,0.00331537561792849,0.03314806799164296,48,48,16
WMT,2010-08-09,51.83000183105469,52.34000015258789,51.79999923706055,52.060001373291016,38.85286712646485,8265400,True,0.005199824742169078,0.0034712631310117054,0.034706675666377335,48,48,16
WMT,2010-08-10,51.90999984741211,52.47999954223633,51.68999862670898,52.220001220703125,38.97228240966797,8845800,False,0.0030688120133927875,0.002187721866555125,0.021873465192666294,49,48,16
WMT,2010-08-11,51.619998931884766,51.619998931884766,50.97999954223633,51.02000045776367,38.29892349243164,11306300,False,-0.017428897468606572,0.009289326261894939,0.09287732492834229,46,48,16
WMT,2010-08-12,50.560001373291016,50.77999877929688,50.0099983215332,50.43000030517578,37.85602569580078,12796900,False,-0.011631621971129508,0.010308377538698519,0.1030660893108112,45,48,16
WMT,2010-08-13,50.33000183105469,50.7400016784668,50.0,50.400001525878906,37.83351516723633,10095300,False,-0.0005948121489829885,0.009802965616186515,0.09801283722057512,46,48,16
WMT,2010-08-16,50.16999816894531,50.56999969482422,50.060001373291016,50.40999984741211,37.84102630615234,9648700,True,0.00019851164723122473,0.008797819612097501,0.08796310170798514,46,48,16
WMT,2010-08-17,50.790000915527344,51.619998931884766,50.65999984741211,51.02000045776367,38.29892349243164,16315500,False,0.012027922472881356,0.01143866175123354,0.11436699220832404,45,48,16
WMT,2010-08-18,51.0,51.31999969482422,50.619998931884766,50.86000061035156,38.178829193115234,15745000,False,-0.0031406361670601683,0.008488958026263437,0.08487501576325251,46,48,16
WMT,2010-08-19,50.70000076293945,50.959999084472656,50.0,50.060001373291016,37.57827758789063,15634100,False,-0.015854992654427004,0.00994312319655735,0.0994141725560203,46,48,16
WMT,2010-08-20,50.16999816894531,50.470001220703125,50.02999877929688,50.220001220703125,37.69840240478516,11701700,False,0.003191557302275568,0.010168343690534544,0.10166599108514736,45,48,16
WMT,2010-08-23,50.56999969482422,51.5,50.38999938964844,51.13999938964844,38.389007568359375,14657800,True,0.018153440347313,0.0132693956159081,0.13267118986625123,44,48,16
WMT,2010-08-24,50.66999816894531,51.720001220703125,50.59999847412109,51.29999923706055,38.50912094116211,16700800,False,0.003123963425755402,0.012295786843022473,0.12293677255728949,45,48,16
WMT,2010-08-25,51.25,51.790000915527344,51.09000015258789,51.54999923706055,38.69678497314453,14842400,False,0.004861400157199163,0.012126308938004942,0.12124228428023795,45,48,16
WMT,2010-08-26,51.619998931884766,51.619998931884766,50.75,50.970001220703125,38.26139068603516,11898700,False,-0.011315209301884475,0.010443306650189227,0.10441514892793553,45,48,16
WMT,2010-08-27,51.02000045776367,51.25,50.720001220703125,51.0,38.28390884399414,11935000,False,0.000588361630219686,0.010533449188505135,0.10531641965360432,45,48,16
WMT,2010-08-30,51.02000045776367,51.25,50.52999877929688,50.54999923706055,37.94612121582031,8502500,True,-0.008862382417459439,0.007303840915263946,0.07302587795786074,47,48,16
WMT,2010-08-31,50.5099983215332,51.09999847412109,50.119998931884766,50.13999938964844,37.63833618164063,25359400,False,-0.008144180589443394,0.006932839767559654,0.06931650300722891,47,48,16
WMT,2010-09-01,50.4900016784668,51.43000030517578,50.459999084472656,51.20000076293945,38.43404769897461,13431500,False,0.020920615294548525,0.013244234015730437,0.13241961703421454,44,48,16
WMT,2010-09-02,51.119998931884766,51.810001373291016,51.119998931884766,51.7599983215332,38.85442733764648,11206100,False,0.010878304534307997,0.012785851778600012,0.12783658110899573,44,48,16
WMT,2010-09-03,51.86000061035156,52.09000015258789,51.54999923706055,52.040000915527344,39.06460571289063,9613100,False,0.005394802188017214,0.012732623122313335,0.12730438587049753,44,48,16
WMT,2010-09-07,52.06999969482422,52.560001373291016,51.84000015258789,51.86000061035156,38.92948532104492,10583800,True,-0.0034648913843716824,0.011538325601070607,0.11536345971349686,45,48,16
WMT,2010-09-08,51.88999938964844,51.97999954223633,51.52000045776367,51.83000183105469,38.906959533691406,8960000,False,-0.000578797966027739,0.009716855081825482,0.0971518796167487,46,48,16
WMT,2010-09-09,52.060001373291016,52.09999847412109,51.84000015258789,51.90999984741211,38.96702194213867,7289700,False,0.0015425542451724156,0.005572878805761488,0.055719226673323595,47,48,16
WMT,2010-09-10,51.900001525878906,52.06999969482422,51.720001220703125,51.970001220703125,39.01206207275391,8160400,False,0.0011551850394985457,0.003235724625642466,0.03235169472593479,48,48,16
WMT,2010-09-13,52.25,52.470001220703125,52.0099983215332,52.209999084472656,39.19221115112305,7868000,True,0.004607149701511085,0.002964504563371479,0.029639959435297132,48,48,16
WMT,2010-09-14,52.15999984741211,53.02999877929688,52.150001525878906,52.65999984741211,39.53001403808594,11201400,False,0.00858220050388343,0.0036076366621469315,0.03607017700175707,48,48,16
WMT,2010-09-15,52.470001220703125,53.09999847412109,52.40999984741211,52.86000061035156,39.68015670776367,10198100,False,0.003790999263875961,0.0029799395947268364,0.029794283266978146,48,48,16
WMT,2010-09-16,52.65999984741211,53.27999877929688,52.54999923706055,53.150001525878906,39.89786148071289,10742700,False,0.005471493787561733,0.002695598682378255,0.0269513619869979,48,48,16
WMT,2010-09-17,53.16999816894531,53.33000183105469,52.880001068115234,53.0099983215332,39.792755126953125,20799800,False,-0.002637861750377523,0.004111826100819054,0.04111120635100902,48,48,16
WMT,2010-09-20,53.09999847412109,53.66999816894531,53.09000015258789,53.540000915527344,40.19060516357422,9260100,True,0.009948402179206308,0.00493292373620276,0.04932077394820409,48,48,16
WMT,2010-09-21,53.52000045776367,53.959999084472656,53.31999969482422,53.56999969482422,40.21314239501953,9425100,False,0.0005606015321395371,0.0047916574520083105,0.04790835347672514,48,48,16
WMT,2010-09-22,53.52000045776367,54.0,53.45000076293945,53.81999969482422,40.40079116821289,9910000,False,0.004655500701156401,0.0048235786125207245,0.04822751031473639,48,48,16
WMT,2010-09-23,53.72999954223633,53.91999816894531,53.52999877929688,53.650001525878906,40.27316665649414,7291200,False,-0.0031639607533088436,0.005486247955866416,0.05485306680686179,47,48,16
WMT,2010-09-24,53.95000076293945,54.38999938964844,53.84000015258789,54.08000183105469,40.59596633911133,9768400,False,0.007983303024958598,0.005357975736068562,0.05357056468544155,47,48,16
WMT,2010-09-27,53.90999984741211,54.0099983215332,53.470001220703125,53.47999954223633,40.14556503295898,8662200,True,-0.011156736078196249,0.007415406877797999,0.07414134616955693,47,48,16
WMT,2010-09-28,53.52999877929688,53.9900016784668,53.04999923706055,53.81999969482422,40.40079116821289,11147300,False,0.00633739380654641,0.00799559323060751,0.07994221427233003,46,48,16
WMT,2010-09-29,53.79999923706055,53.810001373291016,53.11000061035156,53.34999847412109,40.0479850769043,9864100,False,-0.008771006087846204,0.008659150265023109,0.08657664615214355,46,48,16
WMT,2010-09-30,53.52999877929688,53.9900016784668,53.13999938964844,53.52000045776367,40.17560195922852,10901000,False,0.003181532880427735,0.008863471730864868,0.0886195102563643,46,48,16
WMT,2010-10-01,53.59999847412109,53.619998931884766,53.20000076293945,53.36000061035156,40.05548477172852,8229400,False,-0.0029942826936303836,0.007495417602842949,0.07494131614566112,47,48,16
WMT,2010-10-04,53.34000015258789,53.70000076293945,53.13999938964844,53.56999969482422,40.21314239501953,7142500,True,0.003928255199892402,0.006145047282218355,0.06143992976883514,47,48,16
WMT,2010-10-05,53.93999862670898,54.25,53.83000183105469,54.0,40.53590774536133,10216000,False,0.007994324855898287,0.0065789303382372015,0.06577801591616614,47,48,16
WMT,2010-10-06,53.91999816894531,54.630001068115234,53.900001525878906,54.560001373291016,40.95628356933594,10413800,False,0.01031705114253895,0.0051058016432531965,0.05104925641220356,47,48,16
WMT,2010-10-07,54.65999984741211,54.81999969482422,54.040000915527344,54.36000061035156,40.806148529052734,7769800,False,-0.0036724741466253224,0.006319253815669538,0.06318169621731869,47,48,16
WMT,2010-10-08,54.34999847412109,54.59000015258789,54.02000045776367,54.40999984741211,40.84368896484375,8793600,False,0.0009195471684574222,0.005571540814144626,0.05570584905274626,47,48,16
WMT,2010-10-11,54.52000045776367,54.7400016784668,54.43000030517578,54.61000061035156,40.99381256103516,7037300,True,0.0036688257042173447,0.005572388870892775,0.05571432816521738,47,48,16
WMT,2010-10-12,54.45000076293945,54.45000076293945,53.75,53.91999816894531,40.47586441040039,15034800,False,-0.012715286184847106,0.008594671288798728,0.08593196701643441,46,48,16
WMT,2010-10-13,54.18000030517578,54.52000045776367,53.72999954223633,53.81999969482422,40.40079116821289,13613600,False,-0.0018564878384834801,0.006237414913860508,0.0623634476101753,47,48,16
WMT,2010-10-14,53.869998931884766,53.869998931884766,52.93000030517578,53.25,39.97291564941406,15546900,False,-0.010647252139342643,0.007205381773096002,0.07204145546246304,47,48,16
WMT,2010-10-15,53.36000061035156,53.58000183105469,53.02000045776367,53.34999847412109,40.0479850769043,12559000,False,0.0018762460514964408,0.007383371737695378,0.07382104973119832,47,48,16
WMT,2010-10-18,53.25,53.900001525878906,53.25,53.7599983215332,40.35573959350586,9229900,True,0.007655267733171633,0.008535116319740748,0.08533651950427361,46,48,16
WMT,2010-10-19,53.45000076293945,53.7599983215332,53.130001068115234,53.31999969482422,40.02545928955078,10225000,False,-0.008217895908491328,0.007440161207230377,0.07438884699289493,47,48,16
WMT,2010-10-20,53.290000915527344,53.84000015258789,53.25,53.470001220703125,40.13806915283203,9742300,False,0.0028095055080896796,0.007784627232425046,0.07783291624472176,46,48,16
WMT,2010-10-21,53.68999862670898,54.34000015258789,53.59000015258789,54.02999877929688,40.55842590332031,9602200,False,0.0104183100482169,0.007137945864910827,0.07136721208035206,47,48,16
WMT,2010-10-22,53.959999084472656,54.09999847412109,53.86000061035156,54.060001373291016,40.58095169067383,5795500,False,0.0005552368923737721,0.007209781673241276,0.07208544691501016,47,48,16
WMT,2010-10-25,54.18000030517578,54.400001525878906,53.900001525878906,53.95000076293945,40.49837875366211,7963100,True,-0.0020368437950078404,0.006817909157320829,0.06816739409120871,47,48,16
WMT,2010-10-26,53.84000015258789,54.72999954223633,53.83000183105469,54.560001373291016,40.95628356933594,10293600,False,0.011243300906774384,0.005949786370681282,0.059487655662474534,47,48,16
WMT,2010-10-27,54.2400016784668,54.630001068115234,53.54999923706055,53.869998931884766,40.43832778930664,13020300,False,-0.012727200559714406,0.00987778819245701,0.098760934610238,46,48,16
WMT,2010-10-28,54.18999862670898,54.22999954223633,53.59000015258789,54.08000183105469,40.59596633911133,8183600,False,0.0038906675340831323,0.008772351157371124,0.08770846085693143,46,48,16
WMT,2010-10-29,54.040000915527344,54.59000015258789,53.61000061035156,54.16999816894531,40.66352081298828,8032900,False,0.0016626855966614445,0.00879797844453949,0.08796468975989633,46,48,16
WMT,2010-11-01,54.04999923706055,54.5,54.02000045776367,54.310001373291016,40.76861953735352,8207500,True,0.0025812604769642894,0.008719400395811209,0.08717904408891707,46,48,16
WMT,2010-11-02,54.54999923706055,54.9900016784668,54.4900016784668,54.790000915527344,41.128936767578125,8849200,False,0.008799274882977439,0.008068989261173436,0.08067604865247069,46,48,16
WMT,2010-11-03,54.77000045776367,54.95000076293945,54.220001220703125,54.90999984741211,41.219017028808594,9189200,False,0.0021877968548830603,0.0029004588584177443,0.028999612268931232,48,48,16
WMT,2010-11-04,55.0,55.5,54.95000076293945,55.36000061035156,41.55681991577149,13246800,False,0.008161917165960224,0.003493284022231396,0.03492684679734649,48,48,16
WMT,2010-11-05,55.45000076293945,55.720001220703125,54.900001525878906,55.20000076293945,41.43670654296875,10261400,False,-0.0028945259176184754,0.004819618128803337,0.04818791227256168,48,48,16
WMT,2010-11-08,54.90999984741211,55.08000183105469,54.5099983215332,54.90999984741211,41.219017028808594,9941100,True,-0.0052673912483418425,0.006340566361625893,0.06339478511096196,47,48,16
WMT,2010-11-09,55.08000183105469,55.209999084472656,54.83000183105469,55.04999923706055,41.32411193847656,10047100,False,0.002546425554048876,0.005232799167080035,0.05231901376090864,47,48,16
WMT,2010-11-10,54.7599983215332,54.7599983215332,54.09000015258789,54.5099983215332,40.91874313354492,11236900,False,-0.009857928383952184,0.006994855307187859,0.06993655200349275,47,48,16
WMT,2010-11-11,54.52000045776367,54.52000045776367,53.959999084472656,54.34000015258789,40.791133880615234,12566100,False,-0.003123474452295783,0.0044825752087183325,0.044818061336015215,48,48,16
WMT,2010-11-12,54.09999847412109,54.34000015258789,53.86000061035156,54.130001068115234,40.63348007202149,10677800,False,-0.003872391846830687,0.004458859388671987,0.044580943824767724,48,48,16
WMT,2010-11-15,54.16999816894531,54.34999847412109,53.869998931884766,53.95000076293945,40.49837875366211,11459500,True,-0.0033304165635997494,0.004395677537486769,0.04394923371397368,48,48,16
WMT,2010-11-16,54.56999969482422,55.34999847412109,54.2400016784668,54.2599983215332,40.73108673095703,23555200,False,0.005729660106395217,0.005569204004639709,0.05568248496695954,47,48,16
WMT,2010-11-17,54.34999847412109,54.43999862670898,53.560001373291016,53.77000045776367,40.36325073242188,14504700,False,-0.009071866982130578,0.005329292609879084,0.05328378263516643,47,48,16
WMT,2010-11-18,54.13999938964844,54.650001525878906,53.900001525878906,53.97999954223633,40.52089691162109,11587300,False,0.003898078508847437,0.006073992322509017,0.06072950208068671,47,48,16
WMT,2010-11-19,54.09999847412109,54.45000076293945,53.95000076293945,54.38999938964844,40.82867431640625,10307500,False,0.007566822262655349,0.006965595465813787,0.06964400379084153,47,48,16
WMT,2010-11-22,54.20000076293945,54.59999847412109,53.91999816894531,54.380001068115234,40.82116317749024,9501800,True,-0.0001839841735816429,0.006614544928745055,0.06613410071731651,47,48,16
WMT,2010-11-23,54.20000076293945,54.2599983215332,53.560001373291016,53.66999816894531,40.288185119628906,13851400,False,-0.013142399500881632,0.008712053039211893,0.08710558312877852,46,48,16
WMT,2010-11-24,53.7400016784668,54.18000030517578,53.7400016784668,54.0099983215332,40.54341506958008,10312400,False,0.006315124223305195,0.008383348671419712,0.08381910340871192,46,48,16
WMT,2010-11-26,53.68999862670898,53.93000030517578,53.56999969482422,53.7400016784668,40.34073257446289,4155000,True,-0.005011684619340821,0.008529942648367657,0.08528479166700707,46,48,16
WMT,2010-11-29,53.650001525878906,53.91999816894531,53.43000030517578,53.84999847412109,40.42331314086914,10787600,True,0.0020449841127664703,0.00745024017287801,0.07448961935689691,47,48,16
WMT,2010-11-30,53.7599983215332,54.43000030517578,53.59999847412109,54.09000015258789,40.60346603393555,17556900,False,0.004446756782329378,0.00799933586324921,0.0799796341775148,46,48,16
WMT,2010-12-01,54.41999816894531,54.84999847412109,54.38999938964844,54.70000076293945,41.06137466430664,17882900,False,0.01121445717600892,0.0059674987940349,0.059664749506818285,47,48,16
WMT,2010-12-02,54.709999084472656,54.900001525878906,54.380001068115234,54.75,41.09891128540039,15774900,False,0.0009137413111830427,0.005887160648904653,0.05886150589161554,47,48,16
WMT,2010-12-03,54.630001068115234,54.7599983215332,54.310001373291016,54.619998931884766,41.00131988525391,10096900,False,-0.0023773732356096224,0.005085329176526143,0.05084456686952995,47,48,16
WMT,2010-12-06,54.880001068115234,54.93999862670898,54.470001220703125,54.4900016784668,40.903751373291016,8632900,True,-0.002382479048372642,0.005696081921440467,0.0569510464506135,47,48,16
WMT,2010-12-07,54.540000915527344,55.34000015258789,54.540000915527344,55.09000015258789,41.3541374206543,15893300,False,0.010950695543750647,0.006905203792071884,0.06904019066737514,47,48,16
WMT,2010-12-08,54.86000061035156,54.95000076293945,54.45000076293945,54.4900016784668,41.12996673583984,12479700,False,-0.005435501519413823,0.0063456338358349965,0.06344545115879101,47,48,16
WMT,2010-12-09,54.720001220703125,54.77000045776367,54.31999969482422,54.34000015258789,41.0167236328125,10732800,False,-0.002757096463769244,0.006472841263556241,0.06471730718630818,47,48,16
WMT,2010-12-10,54.310001373291016,54.400001525878906,54.13999938964844,54.27999877929688,40.97144317626953,12049900,False,-0.001104560887478517,0.006400273047745418,0.06399174953343735,47,48,16
WMT,2010-12-13,54.310001373291016,54.400001525878906,54.0,54.209999084472656,40.91859817504883,11325200,True,-0.0012906333342651525,0.006323041988651475,0.0632195714477723,47,48,16
WMT,2010-12-14,54.09999847412109,54.58000183105469,54.02000045776367,54.45000076293945,41.099754333496094,10746200,False,0.004417461397261727,0.0036031727538669706,0.03602554557768179,48,48,16
WMT,2010-12-15,54.22999954223633,54.34000015258789,54.040000915527344,54.22999954223633,40.93370056152344,10550200,False,-0.0040484458197129645,0.0032332377220036243,0.032326829956325215,48,48,16
WMT,2010-12-16,54.09000015258789,54.630001068115234,54.0,54.630001068115234,41.235626220703125,12335300,False,0.007348898422956404,0.004667164738130681,0.04666363993001147,48,48,16
WMT,2010-12-17,54.68000030517578,54.75,54.380001068115234,54.40999984741211,41.06957244873047,21562200,False,-0.004035079192140434,0.005165105509430709,0.05164219332637673,47,48,16
WMT,2010-12-20,54.560001373291016,54.560001373291016,53.61000061035156,53.77000045776367,40.58647918701172,13615600,True,-0.011832531416114836,0.007630814825804901,0.07629505607435937,46,48,16
WMT,2010-12-21,53.7599983215332,53.86000061035156,53.63999938964844,53.650001525878906,40.49589920043945,8291900,False,-0.002234271516320547,0.006853145106808984,0.06851969313179623,47,48,16
WMT,2010-12-22,53.59000015258789,53.650001525878906,53.15999984741211,53.310001373291016,40.23928451538086,11458800,False,-0.006356969475263953,0.0070205039421356984,0.070192994347626,47,48,16
WMT,2010-12-23,53.16999816894531,53.68999862670898,53.13999938964844,53.59999847412109,40.45817947387695,9061700,False,0.005425089824236121,0.006298183786878816,0.0629710320792452,47,48,16
WMT,2010-12-27,53.560001373291016,53.72999954223633,53.22999954223633,53.56999969482422,40.435543060302734,5876200,True,-0.000559658115757898,0.006456474532908421,0.06455366796021837,47,48,16
WMT,2010-12-28,53.630001068115234,53.93000030517578,53.5099983215332,53.7400016784668,40.56383895874024,6789100,False,0.0031678267791258857,0.004613044128697499,0.04612252669037161,48,48,16
WMT,2010-12-29,53.56999969482422,54.2599983215332,53.56999969482422,54.08000183105469,40.82048416137695,7628700,False,0.00630701450948171,0.005177422361032004,0.05176534071037595,47,48,16
WMT,2010-12-30,54.0,54.18999862670898,53.84000015258789,54.06999969482422,40.81293487548828,6303800,False,-0.000184955769322458,0.0031431665087061915,0.0314262723584689,48,48,16
WMT,2010-12-31,53.970001220703125,54.25,53.790000915527344,53.93000030517578,40.70726013183594,7093900,False,-0.0025926042702611317,0.003512424295464484,0.035118216690723895,48,48,16
WMT,2011-01-03,54.22999954223633,54.79999923706055,54.150001525878906,54.560001373291016,41.18279266357422,14298300,True,0.011614057159068589,0.005576617812328531,0.05575661032398306,47,48,16
WMT,2011-01-04,54.61000061035156,54.880001068115234,54.27999877929688,54.77000045776367,41.34130096435547,12154400,False,0.003841508309655676,0.005569819362755076,0.05568863749234372,47,48,16
WMT,2011-01-05,54.75,55.06999969482422,54.31999969482422,54.40999984741211,41.06957244873047,14215600,False,-0.00659450601852679,0.006936948751768458,0.0693575857995356,47,48,16
WMT,2011-01-06,54.310001373291016,54.380001068115234,53.77999877929688,53.959999084472656,40.72990798950195,15585500,False,-0.008304854985519887,0.008185258820200924,0.08183854475914401,46,48,16
WMT,2011-01-07,53.88999938964844,54.150001525878906,53.7599983215332,54.08000183105469,40.82048416137695,7968600,False,0.0022213555749063013,0.008146979323369443,0.0814558154669353,46,48,16
WMT,2011-01-10,53.650001525878906,54.11000061035156,53.540000915527344,53.72999954223633,40.556297302246094,10479300,True,-0.006492952474171778,0.005641581327632895,0.05640613401916868,47,48,16
WMT,2011-01-11,53.95000076293945,54.52000045776367,53.72999954223633,54.290000915527344,40.97899627685547,12023400,False,0.010368583787241875,0.007930355447868092,0.07928994837335432,46,48,16
WMT,2011-01-12,54.52000045776367,55.31999969482422,54.34000015258789,54.84999847412109,41.40169906616211,13553300,False,0.010262270723917654,0.008886935897470806,0.08885411166496936,46,48,16
WMT,2011-01-13,54.70000076293945,55.36000061035156,54.68999862670898,54.790000915527344,41.35639953613281,12865600,False,-0.0010947456579726252,0.0073231138459575965,0.07321857419824346,47,48,16
WMT,2011-01-14,54.72999954223633,54.9900016784668,54.41999816894531,54.810001373291016,41.37149810791016,9285600,False,0.00036501766332691643,0.007422197142964671,0.07420923717117042,47,48,16
WMT,2011-01-18,55.11000061035156,55.400001525878906,54.75,55.13999938964844,41.62057495117188,10534200,True,0.006002442930256262,0.00538478818591041,0.05383864318175849,47,48,16
WMT,2011-01-19,55.040000915527344,55.150001525878906,54.709999084472656,55.02999877929688,41.537559509277344,9895000,False,-0.001996568826612392,0.005244134068251839,0.052432343325344626,47,48,16
WMT,2011-01-20,55.119998931884766,56.27000045776367,55.119998931884766,55.9900016784668,42.26219177246094,19612500,False,0.017294808495182154,0.00799726328784029,0.07995891197934181,46,48,16
WMT,2011-01-21,56.150001525878906,56.2400016784668,55.380001068115234,55.72999954223633,42.06593322753906,12958800,False,-0.004654648713286015,0.008704163180260429,0.08702669807588939,46,48,16
WMT,2011-01-24,55.38999938964844,56.04999923706055,55.29999923706055,56.04999923706055,42.30746078491211,11074200,True,0.005725222267886797,0.008565560597237143,0.08564091004601183,46,48,16
WMT,2011-01-25,56.119998931884766,57.290000915527344,55.79999923706055,57.2599983215332,43.220794677734375,20481100,False,0.021358289321836504,0.01150054653149374,0.11498573383525158,45,48,16
WMT,2011-01-26,57.38999938964844,57.75,57.0,57.31999969482422,43.26608657836914,13211200,False,0.0010473705171777025,0.01093586144254019,0.10933985177553049,45,48,16
WMT,2011-01-27,57.459999084472656,57.790000915527344,57.02000045776367,57.56999969482422,43.45478820800781,10173200,False,0.004351937821832843,0.009692463213525458,0.09690800278285994,46,48,16
WMT,2011-01-28,57.68999862670898,57.900001525878906,56.5,56.70000076293945,42.7981071472168,14598200,False,-0.015227169976774889,0.01305092195044112,0.13048682804669734,44,48,16
WMT,2011-01-31,56.45000076293945,56.560001373291016,55.70000076293945,56.06999969482422,42.32255554199219,15688500,True,-0.01117370419764747,0.014430053631480333,0.14427577868182345,44,48,16
WMT,2011-02-01,56.369998931884766,56.58000183105469,55.90999984741211,56.33000183105469,42.51882553100586,12851600,False,0.004626759646272671,0.009280823886938534,0.09279231576629704,46,48,16
WMT,2011-02-02,56.15999984741211,56.18000030517578,55.650001525878906,55.86000061035156,42.164058685302734,14038600,False,-0.008378763299775594,0.009139619959572525,0.09138051875611694,46,48,16
WMT,2011-02-03,55.91999816894531,56.040000915527344,55.38999938964844,55.91999816894531,42.20934295654297,11283600,False,0.001073425385423363,0.008371951406976273,0.08370515031855622,46,48,16
WMT,2011-02-04,56.040000915527344,56.09999847412109,55.66999816894531,56.02999877929688,42.29236602783203,7106000,False,0.0019650039981736556,0.006950076432177696,0.06948884008047583,47,48,16
WMT,2011-02-07,56.06999969482422,56.2400016784668,55.83000183105469,56.06999969482422,42.32255554199219,6720700,True,0.0007135742699059623,0.004927810118795844,0.049269646547564765,48,48,16
WMT,2011-02-08,56.09999847412109,56.470001220703125,55.95000076293945,56.380001068115234,42.55655288696289,8819400,False,0.005513675676073139,0.00514707783347471,0.05146194749688784,47,48,16
WMT,2011-02-09,56.2599983215332,56.72999954223633,56.09999847412109,56.72999954223633,42.820743560791016,8581300,False,0.006188800256173827,0.0025717868898904508,0.02571345648592612,48,48,16
WMT,2011-02-10,56.150001525878906,56.15999984741211,55.29999923706055,55.59000015258789,41.960243225097656,15762000,False,-0.02030006770643921,0.010933413256300121,0.10931537411348123,45,48,16
WMT,2011-02-11,55.52999877929688,55.880001068115234,55.310001373291016,55.68999862670898,42.035736083984375,9582500,False,0.0017975355447959866,0.010921605727897707,0.10919731908762535,45,48,16
WMT,2011-02-14,55.2599983215332,55.310001373291016,54.66999816894531,54.79999923706055,41.36394500732422,16273900,True,-0.016110507810139996,0.012635222831149465,0.12633055006847066,44,48,16
WMT,2011-02-15,54.77999877929688,55.04999923706055,54.5099983215332,54.95000076293945,41.4771728515625,11330700,False,0.0027336162928307834,0.012130999805234998,0.12128918490442088,45,48,16
WMT,2011-02-16,54.900001525878906,55.20000076293945,54.43000030517578,54.54999923706055,41.17524337768555,15397100,False,-0.007306037274832432,0.01035160752597095,0.10349831501387641,45,48,16
WMT,2011-02-17,54.52000045776367,54.900001525878906,54.34999847412109,54.75,41.326202392578125,8539000,False,0.003659552434686868,0.008524340340530696,0.08522877820051313,46,48,16
WMT,2011-02-18,54.68000030517578,55.56999969482422,54.5,55.380001068115234,41.80173873901367,19974600,False,0.011441195999758999,0.010705844700632093,0.10704007899601363,45,48,16
WMT,2011-02-22,53.810001373291016,54.0099983215332,52.95000076293945,53.66999816894531,40.51099395751953,28696600,True,-0.03136454227644318,0.01659856222084627,0.16595714406680417,43,40,13
WMT,2011-02-23,53.459999084472656,53.59999847412109,52.900001525878906,53.02999877929688,40.02791976928711,20118600,False,-0.011996188154839145,0.016373195837090834,0.1637038668901977,43,40,13
WMT,2011-02-24,53.130001068115234,53.16999816894531,51.880001068115234,52.09000015258789,39.31840133666992,23538700,False,-0.01788456817427896,0.017072860107973497,0.17069930918552137,43,40,13
WMT,2011-02-25,52.09000015258789,52.16999816894531,51.52000045776367,51.75,39.06175231933594,20322800,False,-0.00654884999871891,0.01570157770734094,0.15698883788745688,43,40,13
WMT,2011-02-28,51.75,52.43000030517578,51.68000030517578,51.97999954223633,39.23537063598633,17901500,True,0.004434865411599763,0.01329639552119477,0.13294114259539921,44,48,16
WMT,2011-03-01,52.15999984741211,52.59999847412109,51.95000076293945,52.06999969482422,39.30329895019531,17644000,False,0.0017298060052452224,0.009302160344967248,0.09300564373963797,46,48,16
WMT,2011-03-02,52.27000045776367,52.369998931884766,51.720001220703125,51.970001220703125,39.227821350097656,11144200,False,-0.0019222347280864417,0.008768770079256008,0.08767265621983351,46,48,16
WMT,2011-03-03,52.18999862670898,52.27000045776367,51.70000076293945,52.0099983215332,39.25800704956055,12514000,False,0.0007692013084836248,0.004164185070210198,0.04163470621267308,48,48,16
WMT,2011-03-04,52.400001525878906,52.4900016784668,51.72999954223633,52.06999969482422,39.30329895019531,15726000,False,0.0011530334196027863,0.0022735307546199205,0.022731406851064673,49,48,16
WMT,2011-03-07,52.2599983215332,52.290000915527344,51.75,52.02000045776367,39.26555633544922,13031200,True,-0.0009607526420502664,0.0015340411426569998,0.015337779473248419,49,48,16
WMT,2011-03-08,52.09999847412109,52.540000915527344,52.0099983215332,52.43999862670898,39.58258438110352,11915500,False,0.008041527705970193,0.003910814539628671,0.03910143561450092,48,48,16
WMT,2011-03-09,52.27000045776367,52.84000015258789,52.220001220703125,52.66999816894531,40.034854888916016,11383000,False,0.011361213743257412,0.0053302726920377245,0.053293581775226556,47,48,16
WMT,2011-03-10,52.34999847412109,53.880001068115234,52.2599983215332,52.650001525878906,40.01963806152344,18311300,False,-0.0003801617377119613,0.005529426450721335,0.05528477767409739,47,48,16
WMT,2011-03-11,52.63999938964844,52.95000076293945,52.13999938964844,52.59000015258789,39.974029541015625,14539300,False,-0.00114030339692531,0.005891595991513444,0.05890585170798922,47,48,16
WMT,2011-03-14,52.34999847412109,52.52000045776367,52.060001373291016,52.31999969482422,39.76881408691406,10216400,True,-0.005146942290880606,0.006878252480759424,0.06877072379459662,47,48,16
WMT,2011-03-15,51.77000045776367,52.34999847412109,51.380001068115234,52.060001373291016,39.5711784362793,13856600,False,-0.004982003479749111,0.006741972163263721,0.06740815443568553,47,48,16
WMT,2011-03-16,51.52000045776367,51.869998931884766,50.970001220703125,51.380001068115234,39.05430221557617,16404800,False,-0.013147993816201268,0.005065660707364704,0.05064791592309442,47,48,16
WMT,2011-03-17,51.7400016784668,51.869998931884766,51.040000915527344,51.369998931884766,39.04669570922852,10882700,False,-0.00019478640667369942,0.005108056148060156,0.05107179759222082,47,48,16
WMT,2011-03-18,51.630001068115234,51.88999938964844,51.25,51.52000045776367,39.16073226928711,11805200,False,0.002916261123158702,0.006087245035404373,0.06086200647196997,47,48,16
WMT,2011-03-21,51.72999954223633,52.0,51.68000030517578,51.91999816894531,39.46475601196289,8716700,True,0.007733503843379941,0.00797274293956433,0.07971375056612669,46,48,16
WMT,2011-03-22,51.970001220703125,52.13999938964844,51.790000915527344,52.0,39.52556991577149,8428000,False,0.0015397813620792544,0.007799427554781603,0.07798089407538454,46,48,16
WMT,2011-03-23,51.84999847412109,51.880001068115234,51.380001068115234,51.63999938964844,39.25192642211914,13529000,False,-0.006947278270619042,0.005335957978343136,0.05335042488403891,47,48,16
WMT,2011-03-24,51.83000183105469,52.95000076293945,51.77000045776367,52.59000015258789,39.974029541015625,15069300,False,0.018229457935505643,0.00923412171034667,0.09232537412727031,46,48,16
WMT,2011-03-25,52.560001373291016,52.66999816894531,52.27999877929688,52.34999847412109,39.7916145324707,7612600,False,-0.004573781824641677,0.010156186069523338,0.1015444357338572,45,48,16
WMT,2011-03-28,52.310001373291016,52.5,52.0099983215332,52.18999862670898,39.66998672485352,8354700,True,-0.0030613000664341037,0.010097760071878554,0.10096027599885289,45,48,16
WMT,2011-03-29,52.04999923706055,52.380001068115234,52.040000915527344,52.2599983215332,39.72320556640625,8709700,False,0.0013406401226042878,0.010095675563596874,0.10093943449242551,45,48,16
WMT,2011-03-30,52.52999877929688,52.7400016784668,52.08000183105469,52.36000061035156,39.79921340942383,8553400,False,0.0019116085034242799,0.009078958295894066,0.09077400619650652,46,48,16
WMT,2011-03-31,52.150001525878906,52.31999969482422,51.88999938964844,52.04999923706055,39.563575744628906,10899700,False,-0.005938257960571709,0.003524929930993559,0.03524325159010446,48,48,16
WMT,2011-04-01,52.25,52.36000061035156,51.91999816894531,52.130001068115234,39.62438201904297,7959900,False,0.0015357457896963927,0.0034963227193703676,0.034957228555245634,48,48,16
WMT,2011-04-04,52.310001373291016,52.83000183105469,52.060001373291016,52.650001525878906,40.01963806152344,9220100,True,0.009925648832847918,0.00561671641415177,0.05615752754507219,47,48,16
WMT,2011-04-05,52.70000076293945,53.18999862670898,52.66999816894531,52.7400016784668,40.08805084228516,8868400,False,0.0017080207488144893,0.005612340771153612,0.056113778622378256,47,48,16
WMT,2011-04-06,52.66999816894531,53.209999084472656,52.66999816894531,52.97999954223633,40.27048873901367,8365100,False,0.004540605419759197,0.005743680873762095,0.05742695430834038,47,48,16
WMT,2011-04-07,52.84999847412109,53.2400016784668,52.75,53.0,40.285675048828125,12167100,False,0.000377036573746249,0.0038446482314341726,0.038439886054044886,48,48,16
WMT,2011-04-08,53.0099983215332,53.150001525878906,52.27000045776367,52.540000915527344,39.936031341552734,9733300,False,-0.00871699037592264,0.006817361976428752,0.06816192322108583,47,48,16
WMT,2011-04-11,52.540000915527344,52.91999816894531,52.400001525878906,52.81999969482422,40.14884948730469,7466700,True,0.005314827081270308,0.00560873665396631,0.056077743634086595,47,48,16
WMT,2011-04-12,52.68999862670898,53.75,52.66999816894531,53.52000045776367,40.680931091308594,13416300,False,0.01316567447960805,0.007987807819526236,0.07986437351894167,46,48,16
WMT,2011-04-13,53.720001220703125,53.959999084472656,53.5,53.630001068115234,40.76454544067383,8596300,False,0.002053260225153363,0.007940222542873868,0.07938860239444405,46,48,16
WMT,2011-04-14,53.47999954223633,53.7400016784668,53.220001220703125,53.5,40.66573333740234,7414800,False,-0.002426914245015312,0.008216449954351017,0.08215040258603777,46,48,16
WMT,2011-04-15,53.54999923706055,53.68999862670898,53.29999923706055,53.54999923706055,40.70374298095703,8714600,False,0.0009342482719346202,0.005917100548277026,0.059160853517474736,47,48,16
WMT,2011-04-18,53.08000183105469,53.650001525878906,52.90999984741211,53.310001373291016,40.52132034301758,9507400,True,-0.004491789533672171,0.006845338681259476,0.06844164226978004,47,48,16
WMT,2011-04-19,53.2599983215332,53.470001220703125,53.09999847412109,53.34999847412109,40.55171585083008,6147800,False,0.0007498302928723217,0.002724555568486591,0.027240881166771903,48,48,16
WMT,2011-04-20,53.75,53.95000076293945,53.63999938964844,53.68999862670898,40.81016540527344,7400800,False,0.006353108353628537,0.004111354281600923,0.04110648896832761,48,48,16
WMT,2011-04-21,53.81999969482422,53.93000030517578,53.41999816894531,53.58000183105469,40.72654724121094,5853300,False,-0.002051056282806037,0.004053808242841329,0.040531127312430346,48,48,16
WMT,2011-04-25,53.59999847412109,53.65999984741211,53.22999954223633,53.369998931884766,40.56690979003906,5813800,True,-0.003927441695791396,0.004429001775461991,0.04428241891935398,48,48,16
WMT,2011-04-26,53.38999938964844,54.22999954223633,53.27999877929688,53.90999984741211,40.977386474609375,11991200,False,0.010067660656888362,0.005849380865944516,0.05848377288076152,47,48,16
WMT,2011-04-27,53.880001068115234,54.61000061035156,53.880001068115234,54.41999816894531,41.36504364013672,9716100,False,0.009415802497866898,0.006541026808159407,0.06539904564644838,47,48,16
WMT,2011-04-28,54.290000915527344,54.79999923706055,54.27999877929688,54.68999862670898,41.57026290893555,9824600,False,0.004948910088728332,0.006442619159513027,0.06441513799791894,47,48,16
WMT,2011-04-29,54.40999984741211,55.15999984741211,54.33000183105469,54.97999954223633,41.79068756103516,9815200,False,0.005288451357329237,0.005586582912279253,0.05585624422637522,47,48,16
WMT,2011-05-02,55.08000183105469,55.08000183105469,54.66999816894531,55.040000915527344,41.83628845214844,8176700,True,0.001090578610082724,0.003667267536809424,0.0366663834397318,48,48,16
WMT,2011-05-03,55.08000183105469,55.77000045776367,54.959999084472656,55.459999084472656,42.15553665161133,11122600,False,0.007601924032324998,0.003138471497293809,0.03137933029957289,48,48,16
WMT,2011-05-04,55.310001373291016,55.790000915527344,55.20000076293945,55.369998931884766,42.08712768554688,8163800,False,-0.0016240934837341698,0.0036802778401351668,0.03679646415122086,48,48,16
WMT,2011-05-05,55.150001525878906,55.59999847412109,54.88999938964844,55.06999969482422,41.85911560058594,11130100,False,-0.005432349007235456,0.005232223521366397,0.05231325829140721,47,48,16
WMT,2011-05-06,55.29999923706055,55.54999923706055,54.86000061035156,55.02000045776367,41.821083068847656,8042600,False,-0.0009089972290171978,0.004791848754449077,0.04791026617291534,48,48,16
WMT,2011-05-09,54.970001220703125,55.36000061035156,54.70000076293945,55.09999847412109,41.88189697265625,6546500,True,0.0014530883961116395,0.0048124227912101905,0.04811597124166592,48,48,16
WMT,2011-05-10,55.150001525878906,55.59999847412109,55.09999847412109,55.52999877929688,42.2087516784668,8755100,False,0.007773904878502151,0.004878553341292827,0.0487771632823535,48,48,16
WMT,2011-05-11,55.11000061035156,55.61000061035156,55.040000915527344,55.16999816894531,42.21257019042969,9422200,False,9.046321192224598e-05,0.004772800325648227,0.04771981456628289,48,48,16
WMT,2011-05-12,55.2400016784668,55.83000183105469,54.90999984741211,55.720001220703125,42.633392333984375,8950000,False,0.009919755326571375,0.00486303347389616,0.048621991235812526,48,48,16
WMT,2011-05-13,55.77000045776367,56.02999877929688,55.34000015258789,55.720001220703125,42.633392333984375,8952500,False,0.0,0.004662100615875769,0.046613007395973384,48,48,16
WMT,2011-05-16,55.61000061035156,56.470001220703125,55.47999954223633,56.060001373291016,42.8935432434082,14173500,True,0.006083503635304727,0.004525472866203577,0.04524696431138655,48,48,16
WMT,2011-05-17,55.560001373291016,56.290000915527344,55.2400016784668,55.540000915527344,42.49567794799805,14590500,False,-0.009318932042145331,0.007298658848601131,0.07297406618210076,47,48,16
WMT,2011-05-18,55.5,55.540000915527344,54.95000076293945,55.18000030517578,42.2202262878418,11416100,False,-0.006502973281039838,0.008132268138277846,0.08130872885598935,46,48,16
WMT,2011-05-19,55.22999954223633,55.59999847412109,55.040000915527344,55.47999954223633,42.44976806640625,7691800,False,0.0054220469167447,0.00692482096241714,0.06923632871366217,47,48,16
WMT,2011-05-20,55.54999923706055,55.68999862670898,55.18000030517578,55.290000915527344,42.304386138916016,8798900,False,-0.0034306771495340263,0.006987578445651756,0.069863795873038,47,48,16
WMT,2011-05-23,54.9900016784668,55.5,54.9900016784668,55.220001220703125,42.25083160400391,7339400,True,-0.001266735359517273,0.005619572826818282,0.056186086770992086,47,48,16
WMT,2011-05-24,55.2400016784668,55.310001373291016,54.61000061035156,54.77999877929688,41.91417694091797,12240600,False,-0.007999915032569398,0.0052700095546838995,0.05269105379511115,47,48,16
WMT,2011-05-25,54.630001068115234,54.70000076293945,54.20000076293945,54.560001373291016,41.7458381652832,10197800,False,-0.004024359847768096,0.004935344331787354,0.04934497575103587,48,48,16
WMT,2011-05-26,54.52999877929688,54.70000076293945,54.18999862670898,54.619998931884766,41.7917594909668,5771700,False,0.0010994170672241398,0.0033899088767985718,0.03389327270368337,48,48,16
WMT,2011-05-27,54.75,55.09000015258789,54.619998931884766,54.70000076293945,41.85296630859375,5315500,False,0.0014634952285720953,0.003941156247093117,0.03940480063189898,48,48,16
WMT,2011-05-31,54.880001068115234,55.220001220703125,54.810001373291016,55.220001220703125,42.25083160400391,8901100,True,0.009461362584541212,0.006577652142683068,0.06576523615362403,47,48,16
WMT,2011-06-01,54.97999954223633,55.16999816894531,54.25,54.29999923706055,41.54691696166992,11181600,False,-0.016800718677860916,0.009693254219356255,0.09691591148403976,46,48,16
WMT,2011-06-02,54.209999084472656,54.209999084472656,53.150001525878906,53.54999923706055,40.97306442260742,14784900,False,-0.013908432360836507,0.011166374048296214,0.11164458234277334,45,48,16
WMT,2011-06-03,53.150001525878906,53.84999847412109,53.040000915527344,53.65999984741211,41.05720520019531,13287400,False,0.002051457528629536,0.01127703002445161,0.11275095225194597,45,48,16
WMT,2011-06-06,53.86000061035156,54.18999862670898,53.5,53.7599983215332,41.13373947143555,11242300,True,0.0018623534178055243,0.01132264880429588,0.11320706178227981,45,48,16
WMT,2011-06-07,53.93999862670898,54.29999923706055,53.77000045776367,53.83000183105469,41.18729782104492,9908300,False,0.001301207052965188,0.009421895416830695,0.09420278902889292,46,48,16
WMT,2011-06-08,53.61000061035156,53.91999816894531,53.43000030517578,53.68999862670898,41.08018493652344,11660600,False,-0.0026040165921682756,0.006783601218328455,0.06782437356339205,47,48,16
WMT,2011-06-09,53.72999954223633,54.22999954223633,53.61000061035156,53.619998931884766,41.02661895751953,11340800,False,-0.0013047880093488538,0.0020923738619530218,0.020920148735150447,49,48,16
WMT,2011-06-10,53.66999816894531,53.84000015258789,52.68999862670898,52.720001220703125,40.33799362182617,14585400,False,-0.01692730430697019,0.007708999799799102,0.07707677167239588,46,48,16
WMT,2011-06-13,52.90999984741211,53.25,52.58000183105469,52.619998931884766,40.261474609375,12545100,True,-0.0018987478979591867,0.007218641151319766,0.07217402649559468,47,48,16
WMT,2011-06-14,52.86000061035156,53.2599983215332,52.77000045776367,52.90999984741211,40.48336410522461,8797400,False,0.005496080193634682,0.008206614139156024,0.08205206130938913,46,48,16
WMT,2011-06-15,52.63999938964844,52.63999938964844,51.790000915527344,52.31999969482422,40.03193664550781,15324000,False,-0.011213575205350438,0.00886235332769967,0.08860832814355585,46,48,16
WMT,2011-06-16,52.459999084472656,52.970001220703125,52.20000076293945,52.83000183105469,40.422142028808594,11743700,False,0.009700153164579008,0.011136850352332563,0.11134939603692146,45,48,16
WMT,2011-06-17,53.060001373291016,53.290000915527344,52.81999969482422,52.81999969482422,40.41450881958008,20564300,False,-0.0001888551584235871,0.007952465040544589,0.07951100636670652,46,48,16
WMT,2011-06-20,52.70000076293945,53.5,52.70000076293945,53.040000915527344,40.58283996582031,15198100,True,0.0041564666278128114,0.007979891313214894,0.07978522203817262,46,48,16
WMT,2011-06-21,53.09999847412109,53.290000915527344,52.75,53.290000915527344,40.77412796020508,10891000,False,0.004702445328453918,0.007890162058842668,0.07888808344286968,46,48,16
WMT,2011-06-22,53.09999847412109,53.290000915527344,52.83000183105469,53.0099983215332,40.55987930297852,10582500,False,-0.005268378135772138,0.00563342820405779,0.05632461677172607,47,48,16
WMT,2011-06-23,53.36000061035156,53.70000076293945,52.66999816894531,53.290000915527344,40.77412796020508,18154400,False,0.005268378135772209,0.004469410267403401,0.04468643450994656,48,48,16
WMT,2011-06-24,53.18999862670898,53.41999816894531,52.34999847412109,52.40999984741211,40.10079574584961,20767100,False,-0.016651583497659928,0.00948724025055914,0.0948561252540916,46,48,16
WMT,2011-06-27,52.31999969482422,52.7599983215332,52.27000045776367,52.290000915527344,40.00898742675781,10167000,True,-0.002292063606946072,0.008938554572497658,0.08937020985311303,46,48,16
WMT,2011-06-28,52.43999862670898,52.52999877929688,52.13999938964844,52.52999877929688,40.192604064941406,10987700,False,0.004578885669976446,0.008912593964227587,0.08911064831100987,46,48,16
WMT,2011-06-29,52.619998931884766,52.790000915527344,52.43000030517578,52.63999938964844,40.27679061889648,8866800,False,0.002092387671126338,0.00902521032904016,0.09023661874331682,46,48,16
WMT,2011-06-30,52.65999984741211,53.15999984741211,52.54999923706055,53.13999938964844,40.65934753417969,9984300,False,0.009453373313390367,0.009945476144931412,0.09943769800280904,46,48,16
WMT,2011-07-01,53.18999862670898,53.650001525878906,53.0,53.5099983215332,40.94244003295898,9479800,False,0.006938417476622619,0.004522688560206696,0.045219126028449595,48,48,16
WMT,2011-07-05,53.34000015258789,53.560001373291016,53.02000045776367,53.38999938964844,40.85063552856445,9212500,True,-0.0022447998761625275,0.004505865216399329,0.045050921454175205,48,48,16
WMT,2011-07-06,53.43000030517578,53.95000076293945,53.43000030517578,53.720001220703125,41.103118896484375,8078200,False,0.0061616253824658025,0.0045970030546133465,0.04596214347118974,48,48,16
WMT,2011-07-07,54.56999969482422,54.810001373291016,54.18999862670898,54.4900016784668,41.69227981567383,12820300,False,0.014231971167880409,0.006009393163396534,0.06008362132229425,47,48,16
WMT,2011-07-08,54.25,54.31999969482422,53.77000045776367,54.08000183105469,41.37856674194336,9133300,False,-0.0075529401250238664,0.008503707215842683,0.08502248235387068,46,48,16
WMT,2011-07-11,53.81999969482422,54.08000183105469,53.70000076293945,53.869998931884766,41.217899322509766,7548400,True,-0.0038904236400442147,0.00878554909628202,0.08784041760234579,46,48,16
WMT,2011-07-12,53.86000061035156,54.41999816894531,53.7599983215332,53.93999862670898,41.27146530151367,9485700,False,0.0012987367953983255,0.00856410201187249,0.08562632669485919,46,48,16
WMT,2011-07-13,54.06999969482422,54.27000045776367,53.84000015258789,54.02000045776367,41.33267211914063,10153400,False,0.0014819313109399137,0.008252435635757664,0.08251019765949569,46,48,16
WMT,2011-07-14,53.52000045776367,53.70000076293945,53.380001068115234,53.630001068115234,41.03426361083984,15522100,False,-0.0072458641627384515,0.004414499706973788,0.044137423115660775,48,48,16
WMT,2011-07-15,53.72999954223633,53.970001220703125,53.459999084472656,53.630001068115234,41.03426361083984,10183500,False,0.0,0.0037933331364255565,0.03792682314523154,48,48,16
WMT,2011-07-18,53.40999984741211,53.540000915527344,53.18000030517578,53.31999969482422,40.79706573486328,8219400,True,-0.005797254967949197,0.004151203744003094,0.04150491522265439,48,48,16
WMT,2011-07-19,53.400001525878906,54.02999877929688,53.34000015258789,53.970001220703125,41.294410705566406,8585400,False,0.01211699624213934,0.007665941663783925,0.07664626418705812,46,48,16
WMT,2011-07-20,53.90999984741211,53.970001220703125,53.59999847412109,53.88999938964844,41.233192443847656,8857900,False,-0.0014835829616051518,0.007648071529925067,0.07646759350824577,46,48,16
WMT,2011-07-21,54.0,54.68999862670898,53.90999984741211,54.470001220703125,41.676979064941406,10610600,False,0.010705341729063999,0.007888717866778507,0.07887364400002739,46,48,16
WMT,2011-07-22,54.58000183105469,54.720001220703125,54.25,54.52000045776367,41.71524810791016,6802500,False,0.0009178084565563653,0.0078085806672939006,0.07807240949651875,46,48,16
WMT,2011-07-25,54.02999877929688,54.400001525878906,53.95000076293945,53.970001220703125,41.294410705566406,8177600,True,-0.010139567224015147,0.009191243579337748,0.09189666638316063,46,48,16
WMT,2011-07-26,54.02999877929688,54.09000015258789,53.5099983215332,53.59000015258789,41.0036735534668,10931400,False,-0.007065495247245174,0.008068387916187612,0.08067003623433963,46,48,16
WMT,2011-07-27,53.43999862670898,53.75,53.16999816894531,53.25,40.74352645874024,12200100,False,-0.0063646943965280514,0.008368748607104343,0.08367312781487843,46,48,16
WMT,2011-07-28,53.310001373291016,53.54999923706055,52.970001220703125,52.9900016784668,40.544578552246094,8908600,False,-0.004894893384448842,0.004070566188049124,0.04069867801291336,48,48,16
WMT,2011-07-29,52.77999877929688,53.150001525878906,52.66999816894531,52.709999084472656,40.3303337097168,13193200,False,-0.005298190445120222,0.0020788399521859736,0.02078483285759954,49,48,16
WMT,2011-08-01,52.790000915527344,52.9900016784668,52.06999969482422,52.619998931884766,40.261474609375,10688000,True,-0.0017088366307795233,0.002063875193243739,0.0206352109432037,49,48,16
WMT,2011-08-02,52.2400016784668,52.54999923706055,51.66999816894531,51.68000030517578,39.5422477722168,15239600,False,-0.01802538251396723,0.006264041442462301,0.06262966721307663,47,48,16
WMT,2011-08-03,51.7599983215332,52.04999923706055,51.0099983215332,51.27999877929688,39.2361946105957,21455400,False,-0.0077700114940907694,0.0062454166321336815,0.06244345106436455,47,48,16
WMT,2011-08-04,50.9900016784668,50.9900016784668,50.06999969482422,50.09999847412109,38.33333206176758,26071200,False,-0.02327984616681913,0.0090717354399509,0.09070179002932378,46,48,16
WMT,2011-08-05,50.59000015258789,50.91999816894531,49.59000015258789,50.84999847412109,38.90718460083008,27298900,False,0.014859121155426579,0.014940145978135895,0.14937582698329466,44,48,16
WMT,2011-08-08,50.79999923706055,51.33000183105469,48.77000045776367,48.91999816894531,37.430477142333984,33042900,True,-0.0386936582531219,0.01988758580797144,0.19884173696257484,42,40,13
WMT,2011-08-09,49.34000015258789,50.90999984741211,48.66999816894531,50.81999969482422,38.88422393798828,23988900,False,0.03810334464549256,0.03047893178608597,0.3047370251787915,37,40,13
WMT,2011-08-10,50.02000045776367,50.060001373291016,48.310001373291016,48.40999984741211,37.30820083618164,27002900,False,-0.041375450028067993,0.03505701427187386,0.3505099954237334,35,32,10
WMT,2011-08-11,48.84999847412109,50.400001525878906,48.84999847412109,49.72999954223633,38.32548522949219,21599500,False,0.026901921547178662,0.037434911544966414,0.37428488839796126,35,32,10
WMT,2011-08-12,50.09999847412109,50.310001373291016,49.27999877929688,49.75,38.34090042114258,15160400,False,0.0004021369137805974,0.03654406211859021,0.36537792256394047,35,32,10
WMT,2011-08-15,49.880001068115234,50.08000183105469,49.290000915527344,49.97999954223633,38.518165588378906,14829700,True,0.004612740975170665,0.03059755511084992,0.3059230549044752,37,40,13
WMT,2011-08-16,51.43999862670898,52.47999954223633,51.119998931884766,51.91999816894531,40.01325988769531,25595500,False,0.038080932893546166,0.030591627868459904,0.3058637926499406,37,40,13
WMT,2011-08-17,51.720001220703125,52.18000030517578,51.15999984741211,51.54999923706055,39.72812271118164,15513400,False,-0.007151578828956815,0.0190822378414742,0.1907896390325485,42,40,13
WMT,2011-08-18,50.5099983215332,51.95000076293945,50.310001373291016,51.790000915527344,39.91308975219727,25045700,False,0.004645016515137863,0.017427136765447708,0.17424146792804862,43,40,13
WMT,2011-08-19,51.4900016784668,52.7400016784668,51.47999954223633,52.29999923706055,40.30612182617188,23035700,False,0.0097990297132118,0.016885305794275687,0.16882408783534883,43,40,13
WMT,2011-08-22,52.2400016784668,52.63999938964844,52.08000183105469,52.18999862670898,40.22134017944336,13771300,True,-0.002105658763913489,0.017669988674030034,0.17666957035302122,42,40,13
WMT,2011-08-23,52.15999984741211,53.209999084472656,52.130001068115234,53.209999084472656,41.0074348449707,17170000,False,0.019355682938086174,0.01033624356082949,0.10334470172240613,45,48,16
WMT,2011-08-24,53.02000045776367,53.41999816894531,52.810001373291016,53.369998931884766,41.1307373046875,11395700,False,0.0030023203368117427,0.008138173073755627,0.08136776807967347,46,48,16
WMT,2011-08-25,53.380001068115234,53.4900016784668,52.54999923706055,52.70000076293945,40.61438751220703,10970800,False,-0.012633332229112584,0.012073054888652299,0.12070983515464696,45,48,16
WMT,2011-08-26,52.790000915527344,53.2400016784668,51.95000076293945,52.900001525878906,40.76852416992188,10460200,False,0.0037879411987449124,0.01157601024132553,0.115740241460535,45,48,16
WMT,2011-08-29,53.11000061035156,53.43999862670898,53.0,53.18999862670898,40.99201965332031,8477000,True,0.005467087903760448,0.011351753363957466,0.11349805744422291,45,48,16
WMT,2011-08-30,52.86000061035156,53.130001068115234,52.40999984741211,52.81999969482422,40.70688629150391,13484200,False,-0.006980130669126063,0.007917580160669842,0.07916221741992319,46,48,16
WMT,2011-08-31,53.0,53.380001068115234,52.86000061035156,53.18999862670898,40.99201965332031,13230200,False,0.0069801306691260265,0.008645815372144317,0.08644332010202208,46,48,16
WMT,2011-09-01,53.20000076293945,53.54999923706055,52.650001525878906,52.650001525878906,40.57585906982422,12492600,False,-0.010204119588047761,0.007836228349881924,0.0783488388872892,46,48,16
WMT,2011-09-02,52.25,52.63999938964844,51.970001220703125,52.02999877929688,40.098052978515625,10809500,False,-0.011845506586984312,0.00889912167336506,0.08897594851678466,46,48,16
WMT,2011-09-06,51.47999954223633,51.790000915527344,50.869998931884766,51.68000030517578,39.828311920166016,17114400,True,-0.006749764806456092,0.007442494070322877,0.07441217162132834,47,48,16
WMT,2011-09-07,52.04999923706055,52.560001373291016,51.84999847412109,52.41999816894531,40.39860534667969,10403500,False,0.014217249073900444,0.011503191820375335,0.11501218218554723,45,48,16
WMT,2011-09-08,52.08000183105469,52.75,52.060001373291016,52.209999084472656,40.23676681518555,11602500,False,-0.004014088221149651,0.010477100365657542,0.10475302810276456,45,48,16
WMT,2011-09-09,51.900001525878906,52.18000030517578,51.20000076293945,51.36000061035156,39.58170318603516,12027800,False,-0.016414204298271097,0.011731089871456,0.11729077169182614,45,48,16
WMT,2011-09-12,50.84999847412109,51.83000183105469,50.81999969482422,51.81999969482422,39.93621063232422,11229300,True,0.008916476249927915,0.012343629203067882,0.12341511407463972,45,48,16
WMT,2011-09-13,51.790000915527344,51.79999923706055,51.220001220703125,51.59000015258789,39.75895309448242,10770800,False,-0.004448396159907255,0.012107367293110847,0.12105290032946397,45,48,16
WMT,2011-09-14,51.709999084472656,52.790000915527344,51.58000183105469,52.20000076293945,40.22905731201172,12507600,False,0.011754502404061066,0.01139584915119526,0.11393893966148935,45,48,16
WMT,2011-09-15,52.220001220703125,52.5099983215332,51.93999862670898,52.5099983215332,40.46796798706055,10999200,False,0.005921194051232329,0.011569152367276079,0.11567167448609024,45,48,16
WMT,2011-09-16,52.75,53.150001525878906,52.54999923706055,52.650001525878906,40.57585906982422,35684600,False,0.0026625382936465293,0.006255779365068004,0.0625470606143741,47,48,16
WMT,2011-09-19,52.18000030517578,52.619998931884766,52.040000915527344,52.45000076293945,40.421722412109375,9028900,True,-0.003805961633789939,0.006807854504615095,0.06806686481491203,47,48,16
WMT,2011-09-20,52.43999862670898,52.91999816894531,52.16999816894531,52.290000915527344,40.29841995239258,8421200,False,-0.0030550628878399603,0.006477068975024099,0.06475957704750514,47,48,16
WMT,2011-09-21,52.36000061035156,52.59000015258789,51.290000915527344,51.31999969482422,39.55086135864258,10473900,False,-0.018724788091267708,0.009470638108634393,0.09469013231912748,46,48,16
WMT,2011-09-22,50.650001525878906,51.22999954223633,49.93999862670898,50.27999877929688,38.74935150146485,21320300,False,-0.020473452742840674,0.01029602636587952,0.10294259877351981,45,48,16
WMT,2011-09-23,50.18000030517578,50.959999084472656,50.02999877929688,50.79999923706055,39.15010833740234,12703000,False,0.010289169458619475,0.01268429901032297,0.1268212276602392,44,48,16
WMT,2011-09-26,50.93999862670898,51.84999847412109,50.79999923706055,51.83000183105469,39.94391632080078,11360600,True,0.020073188611387294,0.017745663956315497,0.1774261933398467,42,40,13
WMT,2011-09-27,52.36000061035156,52.86000061035156,51.79999923706055,52.02999877929688,40.098052978515625,11492500,False,0.003851400698747061,0.017947452051078654,0.1794437280797844,42,40,13
WMT,2011-09-28,52.119998931884766,52.41999816894531,51.290000915527344,51.310001373291016,39.543155670166016,11460200,False,-0.013935154860007477,0.016859540411076734,0.16856647820900933,43,40,13
WMT,2011-09-29,51.810001373291016,52.400001525878906,51.31999969482422,51.93000030517578,40.0209846496582,10344400,False,0.012011308670405669,0.012782464380872782,0.12780271294347936,44,48,16
WMT,2011-09-30,51.84999847412109,52.59000015258789,51.709999084472656,51.900001525878906,39.99785614013672,13619300,False,-0.0005780766113900531,0.012891608800059073,0.1288939698763382,44,48,16
WMT,2011-10-03,51.880001068115234,52.91999816894531,51.84999847412109,51.959999084472656,40.044090270996094,15500200,True,0.0011552476688631709,0.009403555231968104,0.09401941864650942,46,48,16
WMT,2011-10-04,51.7400016784668,52.97999954223633,51.630001068115234,52.880001068115234,40.753116607666016,18697500,False,0.017551214082180428,0.012203038002224944,0.12200944327843585,45,48,16
WMT,2011-10-05,52.70000076293945,53.25,52.130001068115234,52.650001525878906,40.57585906982422,13604500,False,-0.004359032363067519,0.009220331931290938,0.09218749999582732,46,48,16
WMT,2011-10-06,52.7400016784668,52.900001525878906,52.33000183105469,52.75,40.65292739868164,10021200,False,0.0018975625596124347,0.008414650097941857,0.08413206397009766,46,48,16
WMT,2011-10-07,53.08000183105469,54.02999877929688,52.900001525878906,53.70000076293945,41.38505935668945,13912900,False,0.017849082463849537,0.010223626833854325,0.10221872766909462,45,48,16
WMT,2011-10-10,54.18999862670898,55.18000030517578,54.18999862670898,54.810001373291016,42.240509033203125,12188400,True,0.02045975970839752,0.011152989820029416,0.11151076302341649,45,48,16
WMT,2011-10-11,54.77999877929688,54.790000915527344,54.38999938964844,54.720001220703125,42.17116165161133,10213500,False,-0.0016430760493334115,0.011494632883422286,0.11492660750057893,45,48,16
WMT,2011-10-12,55.04999923706055,56.38999938964844,55.0,55.20000076293945,42.54107666015625,22097300,False,0.008733504559875096,0.00964841916641874,0.09646763787813376,46,48,16
WMT,2011-10-13,55.040000915527344,55.310001373291016,54.720001220703125,55.02000045776367,42.4023551940918,10501100,False,-0.0032662110856882184,0.010860415571947873,0.10858552251203502,45,48,16
WMT,2011-10-14,55.27999877929688,55.470001220703125,54.630001068115234,55.459999084472656,42.74143981933594,10706000,False,0.007965029462546956,0.009535272833524112,0.09533636867427213,46,48,16
WMT,2011-10-17,54.790000915527344,55.459999084472656,54.47999954223633,54.77999877929688,42.21738815307617,8970200,True,-0.012336759469996145,0.008735263450687768,0.08733764742145043,46,48,16
WMT,2011-10-18,54.93999862670898,56.18999862670898,54.810001373291016,55.88999938964844,43.07283020019531,14070400,False,0.020060230825615,0.012404423602714279,0.1240229537661945,45,48,16
WMT,2011-10-19,55.709999084472656,56.43000030517578,55.70000076293945,56.25,43.35026931762695,12985200,False,0.006420507296073306,0.012236533804146774,0.1223443438289301,45,48,16
WMT,2011-10-20,56.20000076293945,56.880001068115234,56.04999923706055,56.369998931884766,43.44275665283203,12645800,False,0.002131216631245454,0.011686503844848603,0.11684498792196703,45,48,16
WMT,2011-10-21,56.7400016784668,57.41999816894531,56.650001525878906,56.91999816894531,43.86662673950195,14498600,False,0.009709687557784018,0.011828024967067665,0.11825995633646667,45,48,16
WMT,2011-10-24,56.880001068115234,57.0,56.59999847412109,56.77999877929688,43.75872421264648,9279500,True,-0.0024628165302142827,0.008534492947814288,0.08533028685452779,46,48,16
WMT,2011-10-25,56.65999984741211,57.150001525878906,56.54999923706055,56.709999084472656,43.70479202270508,10104300,False,-0.0012332501389895258,0.005128341544388957,0.051274616751868465,47,48,16
WMT,2011-10-26,57.09999847412109,57.43999862670898,56.59999847412109,57.369998931884766,44.21342468261719,12724700,False,0.011570715459596412,0.006374702705929966,0.0637360899863005,47,48,16
WMT,2011-10-27,57.79999923706055,57.959999084472656,57.45000076293945,57.810001373291016,44.55252456665039,15325500,False,0.007640351654624684,0.006458789676133964,0.06457681542038418,47,48,16
WMT,2011-10-28,57.84999847412109,57.869998931884766,56.959999084472656,57.150001525878906,44.04387283325195,11292800,False,-0.011482573492908021,0.009061459614975112,0.09059904940979166,46,48,16
WMT,2011-10-31,56.58000183105469,57.290000915527344,56.58000183105469,56.720001220703125,43.712493896484375,9480900,True,-0.007552284220203686,0.009778041208455965,0.09776363590605863,46,48,16
WMT,2011-11-01,55.81999969482422,56.7400016784668,55.68000030517578,56.22999954223633,43.33486557006836,13788100,False,-0.008676442289257286,0.010511574330045709,0.1050977085996895,45,48,16
WMT,2011-11-02,56.77000045776367,57.18999862670898,56.540000915527344,56.86000061035156,43.82038116455078,8920300,False,0.01114151207299764,0.010376999084558481,0.10375218703547232,45,48,16
WMT,2011-11-03,57.04999923706055,57.52999877929688,56.59999847412109,57.41999816894531,44.251953125,9575600,False,0.009800476353331797,0.010899369866463057,0.10897499862333085,45,48,16
WMT,2011-11-04,57.08000183105469,57.5,56.900001525878906,57.5,44.31361389160156,7006100,False,0.0013924322655254795,0.009313743112879103,0.09312145154620968,46,48,16
WMT,2011-11-07,57.34000015258789,57.959999084472656,57.04999923706055,57.93999862670898,44.65270614624024,8520100,True,0.007622972300951977,0.00813842860399903,0.08137032294369444,46,48,16
WMT,2011-11-08,58.02000045776367,59.400001525878906,57.84999847412109,59.31999969482422,45.71624374389648,20104300,False,0.02353876425451133,0.008092231721281073,0.08090843337647442,46,48,16
WMT,2011-11-09,58.52999877929688,58.93000030517578,57.59999847412109,58.04999923706055,44.73747634887695,13946800,False,-0.021642130291318097,0.01652839588925302,0.165255601135198,43,40,13
WMT,2011-11-10,58.33000183105469,58.4900016784668,57.5099983215332,58.130001068115234,44.79913711547852,9410000,False,0.001377330992619334,0.016234185539342277,0.16231400241258329,43,40,13
WMT,2011-11-11,58.5099983215332,59.25,58.380001068115234,59.20000076293945,45.62375259399414,8397900,False,0.018239592703055967,0.017644809717687743,0.1764178239891162,42,40,13
WMT,2011-11-14,58.810001373291016,58.97999954223633,58.36000061035156,58.88999938964844,45.38484954833984,10552100,True,-0.005250132158682643,0.01824622628583831,0.18243095782063415,42,40,13
WMT,2011-11-15,57.970001220703125,58.04999923706055,57.22999954223633,57.459999084472656,44.28277206420898,16005900,False,-0.024582630007580507,0.01754882572445594,0.17545814873646862,42,40,13
WMT,2011-11-16,57.09999847412109,57.41999816894531,56.63999938964844,56.68000030517578,43.68166732788086,11780800,False,-0.013667206823045706,0.01611801740486551,0.16115252037740316,43,40,13
WMT,2011-11-17,56.540000915527344,57.18999862670898,56.2599983215332,56.72999954223633,43.7202033996582,10223800,False,0.0008818134887430637,0.016072177826176932,0.16069420323745065,43,40,13
WMT,2011-11-18,57.02999877929688,57.36000061035156,56.61000061035156,57.22999954223633,44.10552978515625,8982300,False,0.008774850922816576,0.01291669345184035,0.12914477335643132,44,48,16
WMT,2011-11-21,56.93000030517578,57.290000915527344,56.380001068115234,56.65999984741211,43.6662483215332,9932200,True,-0.01000971248129735,0.01295213924041294,0.12949917042784242,44,48,16
WMT,2011-11-22,56.560001373291016,57.130001068115234,56.5,56.84999847412109,43.81266784667969,7497300,False,0.003347541745871073,0.009396637225702427,0.09395025045307119,46,48,16
WMT,2011-11-23,56.650001525878906,57.0,56.31999969482422,56.63999938964844,43.65083312988281,8260400,False,-0.0037006271113988304,0.0071198823651994975,0.07118660807477266,47,48,16
WMT,2011-11-25,56.68999862670898,57.33000183105469,56.68999862670898,56.88999938964844,43.843509674072266,4258800,True,0.004404327170827038,0.007414592499298555,0.07413320378179113,47,48,16
WMT,2011-11-28,57.52999877929688,58.0,57.0,57.25,44.12095260620117,9288100,True,0.006308089538361877,0.00678713241174251,0.06785967943906651,47,48,16
WMT,2011-11-29,57.34000015258789,58.29999923706055,57.34000015258789,58.16999816894531,44.82996368408203,10817200,False,0.015941962678408896,0.007069040401680332,0.07067827566910245,47,48,16
WMT,2011-11-30,58.7599983215332,59.0,58.310001373291016,58.900001525878906,45.3925666809082,14845200,False,0.012471614060435348,0.007608888679770878,0.07607583223269264,46,48,16
WMT,2011-12-01,58.63999938964844,59.150001525878906,58.459999084472656,58.61000061035156,45.1690559387207,8787300,False,-0.004936112881942222,0.008053773130068817,0.08052391344773006,46,48,16
WMT,2011-12-02,58.880001068115234,58.970001220703125,58.040000915527344,58.09000015258789,44.76830673217773,11199100,False,-0.008911799210818663,0.010794929107489769,0.1079307702225355,45,48,16
WMT,2011-12-05,58.2599983215332,58.5099983215332,58.0,58.34000015258789,44.96097183227539,10515200,True,0.004294370784386456,0.010732825117548668,0.10730983687489686,45,48,16
WMT,2011-12-06,58.56999969482422,59.0099983215332,58.400001525878906,58.77999877929688,45.30008316040039,11401600,False,0.007514047419354683,0.008838314822826897,0.08836798433767422,46,48,16
WMT,2011-12-07,58.34999847412109,59.20000076293945,58.2599983215332,58.5099983215332,45.37374877929688,15754600,False,0.0016248488351686431,0.0067322665619451785,0.06731111507439354,47,48,16
WMT,2011-12-08,58.38999938964844,58.54999923706055,57.869998931884766,57.97999954223633,44.96274185180664,10350300,False,-0.00909952911855974,0.007674186098682716,0.07672869439107481,46,48,16
WMT,2011-12-09,58.15999984741211,58.4900016784668,57.470001220703125,58.31999969482422,45.226409912109375,10058900,False,0.0058470183237674545,0.006591702297373861,0.06590571359469133,47,48,16
WMT,2011-12-12,57.869998931884766,58.43999862670898,57.7599983215332,58.09000015258789,45.048038482666016,10037100,True,-0.003951764087009179,0.006909377382291175,0.0690819194089422,47,48,16
WMT,2011-12-13,58.130001068115234,58.34999847412109,57.41999816894531,57.59999847412109,44.66805648803711,10972100,False,-0.008470816008555211,0.006471446710037763,0.0647033640437579,47,48,16
WMT,2011-12-14,57.720001220703125,58.119998931884766,57.52000045776367,57.650001525878906,44.70683288574219,8984200,False,0.0008677247135033442,0.006349439823076929,0.06348350450128067,47,48,16
WMT,2011-12-15,57.83000183105469,58.400001525878906,57.83000183105469,57.95000076293945,44.93947219848633,8557400,False,0.0051901711901996776,0.00610729101362564,0.06106243186131175,47,48,16
WMT,2011-12-16,58.29999923706055,58.4900016784668,58.09000015258789,58.27000045776367,45.18764114379883,14913900,False,0.005507101322079166,0.006025841470452753,0.06024807617250746,47,48,16
WMT,2011-12-19,58.29999923706055,58.56999969482422,57.61000061035156,57.77999877929688,44.8076400756836,7235400,True,-0.00844496114358424,0.006988649932873871,0.06987450890690926,47,48,16
WMT,2011-12-20,58.369998931884766,59.27000045776367,58.2400016784668,59.18999862670898,45.90107727050781,11067400,False,0.024109924452047213,0.011856756130940858,0.11854721868116073,45,48,16
WMT,2011-12-21,59.18999862670898,59.65999984741211,59.15999984741211,59.38999938964844,46.0561752319336,8574500,False,0.0033732653874635377,0.011666305978210532,0.11664304390905206,45,48,16
WMT,2011-12-22,59.40999984741211,59.540000915527344,59.04999923706055,59.18999862670898,45.90107727050781,7901700,False,-0.003373265387463444,0.01241008224566086,0.12407953048713055,45,48,16
WMT,2011-12-23,59.31999969482422,60.0,59.13999938964844,59.9900016784668,46.52147674560547,6190600,False,0.013425484726375638,0.013099202946298,0.13096955516959513,44,48,16
WMT,2011-12-27,59.95000076293945,59.97999954223633,59.65999984741211,59.83000183105469,46.39739608764648,4866400,True,-0.0026707326063958392,0.011708048664599778,0.11706039915504651,45,48,16
WMT,2011-12-28,59.77000045776367,59.93999862670898,59.630001068115234,59.72999954223633,46.31984329223633,5241700,False,-0.0016728887532710894,0.007007795656981576,0.07006593329968078,47,48,16
WMT,2011-12-29,59.720001220703125,59.9900016784668,59.34000015258789,59.9900016784668,46.52147674560547,6332200,False,0.004343621359666988,0.007074806582810733,0.07073592758737351,47,48,16
WMT,2011-12-30,59.88999938964844,59.93999862670898,59.68999862670898,59.7599983215332,46.34309387207031,4665300,False,-0.0038417900766654083,0.007166449024017707,0.07165219476857061,47,48,16
WMT,2012-01-03,59.970001220703125,61.060001373291016,59.869998931884766,60.33000183105469,46.78512573242188,12668800,True,0.009493044789340127,0.005641106503867851,0.05640138659617304,47,48,16
WMT,2012-01-04,60.209999084472656,60.34999847412109,59.470001220703125,59.709999084472656,46.3043327331543,9593300,False,-0.010329789912174665,0.007623010544424861,0.07621702665035911,46,48,16
WMT,2012-01-05,59.34999847412109,59.619998931884766,58.369998931884766,59.41999816894531,46.079437255859375,12768200,False,-0.0048687322800402225,0.007885712141873044,0.07884359190789289,46,48,16
WMT,2012-01-06,59.41999816894531,59.45000076293945,58.869998931884766,59.0,45.75372314453125,8069400,False,-0.007093635364949948,0.007586535724638597,0.0758523410323194,46,48,16
WMT,2012-01-09,59.02999877929688,59.54999923706055,58.91999816894531,59.18000030517578,45.89332580566406,6679300,True,0.0030465305911538793,0.008079378882809482,0.08077992704336454,46,48,16
WMT,2012-01-10,59.43000030517578,59.709999084472656,58.97999954223633,59.040000915527344,45.78476333618164,6907300,False,-0.0023683416886828576,0.005054365418408426,0.05053498241285105,47,48,16
WMT,2012-01-11,59.060001373291016,59.52999877929688,59.040000915527344,59.400001525878906,46.06393051147461,6365600,False,0.006078867826232138,0.005487444519184721,0.054865030387102,47,48,16
WMT,2012-01-12,59.790000915527344,60.0,59.400001525878906,59.5,46.1414794921875,7236400,False,0.001682092167797783,0.005114441329830394,0.051135638454871284,47,48,16
WMT,2012-01-13,59.18000030517578,59.61000061035156,59.0099983215332,59.540000915527344,46.1724967956543,7729300,False,0.0006719958533105845,0.0031032823672452613,0.031027499373053366,48,48,16
WMT,2012-01-17,59.869998931884766,60.11000061035156,59.52000045776367,59.84999847412109,46.41289520263672,8500000,True,0.005193021102752755,0.0034446802002810815,0.03444089196738686,48,48,16
WMT,2012-01-18,59.790000915527344,60.02999877929688,59.650001525878906,60.0099983215332,46.53697967529297,5911400,False,0.0026699239031893396,0.0023031680048950973,0.023027728505206756,49,48,16
WMT,2012-01-19,59.93000030517578,60.72999954223633,59.75,60.61000061035156,47.00227737426758,9234600,False,0.00994879693338696,0.003708887809485744,0.03708251475862212,48,48,16
WMT,2012-01-20,60.75,61.25,60.66999816894531,61.0099983215332,47.31247329711914,10378800,False,0.006577911495910481,0.003576931901318186,0.03576318207360641,48,48,16
WMT,2012-01-23,60.810001373291016,60.97999954223633,60.5099983215332,60.90999984741211,47.23490905761719,7134100,True,-0.001640748902207581,0.004345485224970744,0.04344739670372911,48,48,16
WMT,2012-01-24,60.75,62.0,60.75,61.38999938964844,47.60715103149414,7362800,False,0.0078497638062754,0.004598843338041143,0.0459805431480947,48,48,16
WMT,2012-01-25,61.18000030517578,61.61000061035156,61.040000915527344,61.470001220703125,47.66919708251953,5915800,False,0.0013024441222743612,0.004813730118390085,0.04812904227048452,48,48,16
WMT,2012-01-26,61.79999923706055,61.84000015258789,60.77000045776367,60.970001220703125,47.28144073486328,7436200,False,-0.008167580800913163,0.006499461257534727,0.06498346145418789,47,48,16
WMT,2012-01-27,60.86000061035156,61.119998931884766,60.540000915527344,60.709999084472656,47.07982635498047,6287300,False,-0.004273250940811453,0.006043953923865045,0.06042916963110665,47,48,16
WMT,2012-01-30,60.470001220703125,61.31999969482422,60.34999847412109,61.29999923706055,47.53734588623047,7636900,True,0.009671037219796105,0.007643087121324557,0.07641775797398705,46,48,16
WMT,2012-01-31,61.52999877929688,61.56999969482422,60.58000183105469,61.36000061035156,47.58388519287109,9761500,False,0.0009785262412220482,0.0067287646550854355,0.06727610201401527,47,48,16
WMT,2012-02-01,61.790000915527344,62.630001068115234,61.790000915527344,62.18000030517578,48.21979522705078,12130600,False,0.013275468555302141,0.009073549724714225,0.09071992976418992,46,48,16
WMT,2012-02-02,62.400001525878906,62.470001220703125,61.81999969482422,61.93999862670898,48.03366088867188,6211300,False,-0.003867592456643182,0.007970498146554324,0.07969130648741643,46,48,16
WMT,2012-02-03,62.31999969482422,62.43000030517578,61.70000076293945,62.02999877929688,48.10346221923828,7727200,False,0.001452120483231509,0.0069867594515423586,0.06985560733709165,47,48,16
WMT,2012-02-06,61.84999847412109,61.97999954223633,61.70000076293945,61.880001068115234,47.98714065551758,5480600,True,-0.0024210821258326704,0.006752527398662513,0.06751368868006341,47,48,16
WMT,2012-02-07,61.619998931884766,61.900001525878906,61.619998931884766,61.68999862670898,47.83979034423828,6084400,False,-0.0030753448091358046,0.007121636033155404,0.07120414174556483,47,48,16
WMT,2012-02-08,61.90999984741211,62.02000045776367,61.22999954223633,61.619998931884766,47.78550338745117,7260000,False,-0.0011354101096192862,0.002079946254546043,0.020795893983118045,49,48,16
WMT,2012-02-09,61.58000183105469,62.15999984741211,61.58000183105469,61.959999084472656,48.04917907714844,6453100,False,0.005502733420912274,0.0034991570946895905,0.0349855674455021,48,48,16
WMT,2012-02-10,61.68000030517578,61.90999984741211,61.380001068115234,61.900001525878906,48.00264358520508,5501000,False,-0.0009689664244673736,0.003425898857238749,0.03425311076010073,48,48,16
WMT,2012-02-13,62.0099983215332,62.08000183105469,61.72999954223633,61.790000915527344,47.91735458374024,4175000,True,-0.0017783366465809216,0.0033430809201201125,0.033425073479591484,48,48,16
WMT,2012-02-14,61.90999984741211,62.2400016784668,61.790000915527344,62.220001220703125,48.25080490112305,5173100,False,0.006934762097887015,0.004157062471346159,0.04156349244427061,48,48,16
WMT,2012-02-15,62.31999969482422,62.43999862670898,61.59000015258789,61.7599983215332,47.89406967163086,5833700,False,-0.007420819219963488,0.005841894481720255,0.05840892188290312,47,48,16
WMT,2012-02-16,61.77000045776367,62.18999862670898,61.70000076293945,62.040000915527344,48.11120223999024,7256400,False,0.004523354483772087,0.005643331886879185,0.056423636608198297,47,48,16
WMT,2012-02-17,62.31999969482422,62.56999969482422,61.90999984741211,62.47999954223633,48.45243453979492,8191800,False,0.007067540775517814,0.006311420340675274,0.06310337490726364,47,48,16
WMT,2012-02-21,60.33000183105469,60.5,59.66999816894531,60.06999969482422,46.58349990844727,23894800,True,-0.03933618636085777,0.019757935776292125,0.1975454590862509,42,40,13
WMT,2012-02-22,59.58000183105469,59.900001525878906,58.369998931884766,58.59999847412109,45.44353866577149,28630200,False,-0.02477575226497747,0.01979928979748095,0.19795892834707376,42,40,13
WMT,2012-02-23,58.59000015258789,58.900001525878906,58.209999084472656,58.540000915527344,45.39701843261719,14880300,False,-0.001024217347558667,0.02036672751264855,0.20363233194625646,41,40,13
WMT,2012-02-24,58.75,58.95000076293945,58.5,58.790000915527344,45.59087753295898,9925900,False,0.004261212804725525,0.02031799224583833,0.20314506289321763,41,40,13
WMT,2012-02-27,58.70000076293945,58.77999877929688,58.290000915527344,58.459999084472656,45.3349609375,12258800,True,-0.0056291429485404,0.01821749824846939,0.18214372673561868,42,40,13
WMT,2012-02-28,58.43999862670898,59.09999847412109,58.34999847412109,58.93000030517578,45.69944763183594,10761900,False,0.008007711539857089,0.012800712753398748,0.12798516536001897,44,48,16
WMT,2012-02-29,58.84000015258789,59.33000183105469,58.720001220703125,59.08000183105469,45.81577301025391,11484400,False,0.0025422097056876517,0.005200255422710144,0.05199363215248931,47,48,16
WMT,2012-03-01,59.36000061035156,59.41999816894531,58.63999938964844,58.81999969482422,45.61415100097656,16283900,False,-0.0044104233550269325,0.005816565172286078,0.05815567224603992,47,48,16
WMT,2012-03-02,58.9900016784668,59.27999877929688,58.79999923706055,59.0099983215332,45.76148223876953,9848100,False,0.003224740781398565,0.005686258081849226,0.05685282490945584,47,48,16
WMT,2012-03-05,58.959999084472656,59.59000015258789,58.75,59.400001525878906,46.06393051147461,9651000,True,0.006587487218928883,0.004820283644435675,0.04819456628706035,48,48,16
WMT,2012-03-06,59.040000915527344,59.220001220703125,58.75,58.970001220703125,45.73047256469727,9057100,False,-0.007265353930297868,0.005753300293401169,0.05752313200069954,47,48,16
WMT,2012-03-07,59.11000061035156,59.86000061035156,59.11000061035156,59.86000061035156,46.420654296875,14916900,False,0.01497962448013434,0.008888391400174344,0.08886866419479976,46,48,16
WMT,2012-03-08,59.84000015258789,59.95000076293945,59.45000076293945,59.77000045776367,46.661109924316406,7795600,False,0.0051665579038595675,0.007979141817794981,0.07977772836988227,46,48,16
WMT,2012-03-09,59.83000183105469,60.20000076293945,59.83000183105469,60.08000183105469,46.90311813354492,6292900,False,0.005173104164921249,0.007946444458229507,0.07945081087306459,46,48,16
WMT,2012-03-12,60.16999816894531,60.900001525878906,60.09000015258789,60.68000030517578,47.37151336669922,7576800,True,0.00993690624695883,0.00825641475239885,0.08254998199893988,46,48,16
WMT,2012-03-13,60.93000030517578,61.08000183105469,60.52000045776367,61.0,47.62133026123047,8734600,False,0.0052597113827317875,0.004357248218468802,0.043565006456949926,48,48,16
WMT,2012-03-14,60.84000015258789,61.150001525878906,60.68999862670898,61.08000183105469,47.68380355834961,6375000,False,0.0013110165961360003,0.0030587700843151783,0.030582452913445402,48,48,16
WMT,2012-03-15,60.88999938964844,61.2599983215332,60.77999877929688,61.22999954223633,47.80088806152344,6755000,False,0.0024524258259663477,0.0033323756622208748,0.033318039267602635,48,48,16
WMT,2012-03-16,61.40999984741211,61.470001220703125,60.77000045776367,60.84000015258789,47.49641799926758,12077100,False,-0.006389920362444967,0.005986844461278106,0.059858172987902504,47,48,16
WMT,2012-03-19,60.58000183105469,60.880001068115234,60.459999084472656,60.7400016784668,47.41836166381836,8251900,True,-0.0016447670915567055,0.004436740037892739,0.04435978826712999,48,48,16
WMT,2012-03-20,60.33000183105469,60.86000061035156,60.290000915527344,60.59999847412109,47.30906295776367,7911500,False,-0.002307647547577053,0.0034618770075079642,0.034612830535105485,48,48,16
WMT,2012-03-21,60.45000076293945,60.720001220703125,60.369998931884766,60.560001373291016,47.27783203125,7302800,False,-0.0006603647926540823,0.0031894598027117763,0.03188912587315242,48,48,16
WMT,2012-03-22,60.22999954223633,60.77000045776367,60.22999954223633,60.650001525878906,47.34811019897461,5710800,False,0.0014853892915608184,0.002889126225768902,0.028886305385832766,48,48,16
WMT,2012-03-23,60.61000061035156,60.84999847412109,60.40999984741211,60.75,47.42617034912109,6957700,False,0.0016472858954290211,0.0017991920480005742,0.01798883360746027,49,48,16
WMT,2012-03-26,60.900001525878906,61.31999969482422,60.7599983215332,61.20000076293945,47.77747344970703,6214800,True,0.007380068263263305,0.0036661309679926852,0.03665501970157475,48,48,16
WMT,2012-03-27,61.34999847412109,61.5,61.02000045776367,61.09000015258789,47.69159698486328,7351600,False,-0.001799043137528044,0.0035385991228693734,0.03537992005663961,48,48,16
WMT,2012-03-28,61.150001525878906,61.47999954223633,60.97999954223633,61.18999862670898,47.7696647644043,7124000,False,0.001635591139570312,0.0033119287285812817,0.03311360501199653,48,48,16
WMT,2012-03-29,60.77000045776367,60.95000076293945,60.619998931884766,60.81999969482422,47.48081588745117,6691700,False,-0.006065056268813487,0.004957541549416508,0.04956690984357656,48,48,16
WMT,2012-03-30,61.06999969482422,61.41999816894531,60.91999816894531,61.20000076293945,47.77747344970703,6941400,False,0.006228508266771307,0.005591584377794516,0.055906250300516956,47,48,16
WMT,2012-04-02,61.08000183105469,61.4900016784668,60.970001220703125,61.36000061035156,47.90237808227539,6465900,True,0.0026108883222944806,0.004662197111471066,0.04661397218636892,48,48,16
WMT,2012-04-03,61.13999938964844,61.40999984741211,60.2400016784668,60.650001525878906,47.34811019897461,11180100,False,-0.011638242480986888,0.0072468978015244375,0.07245654451772629,47,48,16
WMT,2012-04-04,60.52999877929688,60.59000015258789,60.02000045776367,60.2599983215332,47.04364013671875,10851700,False,-0.006451223059903242,0.007289587017018153,0.0728833634308061,47,48,16
WMT,2012-04-05,60.20000076293945,60.68999862670898,60.06999969482422,60.66999816894531,47.36370849609375,6528700,False,0.006780607448780595,0.008176720146658205,0.08175317267351308,46,48,16
WMT,2012-04-09,60.220001220703125,60.34000015258789,60.08000183105469,60.130001068115234,46.942161560058594,6831700,True,-0.008940053115311562,0.00786709796662928,0.07865748209178278,46,48,16
WMT,2012-04-10,60.02999877929688,60.38999938964844,59.54999923706055,59.93000030517578,46.786014556884766,9553100,False,-0.003331914779532427,0.007121424354484788,0.07120202532203562,47,48,16
WMT,2012-04-11,60.290000915527344,60.290000915527344,59.65999984741211,59.79999923706055,46.684513092041016,7747700,False,-0.0021718397722664284,0.005989462021891416,0.05988434410308868,47,48,16
WMT,2012-04-12,59.79999923706055,60.20000076293945,59.560001373291016,60.13999938964844,46.949951171875,7367700,False,0.005669681414186487,0.006577807291708126,0.06576678737768554,47,48,16
WMT,2012-04-13,60.0,60.209999084472656,59.75,59.77000045776367,46.661109924316406,6692600,False,-0.006171111849995273,0.00550679067633753,0.05505845876644171,47,48,16
WMT,2012-04-16,59.93999862670898,60.810001373291016,59.869998931884766,60.58000183105469,47.29345703125,6844600,True,0.013460902979406072,0.008001950008659275,0.080005771146528,46,48,16
WMT,2012-04-17,61.11000061035156,61.95000076293945,61.09000015258789,61.869998931884766,48.300540924072266,10676400,False,0.021070803071490955,0.011148177665298294,0.1114626497323158,45,48,16
WMT,2012-04-18,61.54999923706055,62.25,61.54999923706055,62.060001373291016,48.44886016845703,7957300,False,0.0030660522732262703,0.010363104359755713,0.10361326362661431,45,48,16
WMT,2012-04-19,61.959999084472656,62.04999923706055,61.470001220703125,61.75,48.20684814453125,6379600,False,-0.00500772347335043,0.011812528782898152,0.11810502108156394,45,48,16
WMT,2012-04-20,61.70000076293945,62.4900016784668,61.65999984741211,62.45000076293945,48.75332260131836,8997700,False,0.011272262393979647,0.010024174499523192,0.10022454652601459,45,48,16
WMT,2012-04-23,59.150001525878906,60.2400016784668,59.130001068115234,59.540000915527344,46.48154830932617,38007300,True,-0.04771792775478101,0.026563832438469513,0.26559274883585476,39,40,13
WMT,2012-04-24,59.2599983215332,59.34999847412109,57.650001525878906,57.77000045776367,45.09974670410156,30090600,False,-0.030178793115222344,0.02454098218162352,0.2453677168701737,40,40,13
WMT,2012-04-25,57.90999984741211,58.43000030517578,57.18000030517578,57.36000061035156,44.779666900634766,28011800,False,-0.007122457607360588,0.023184974277495805,0.23180996433071457,40,40,13
WMT,2012-04-26,57.59000015258789,59.43000030517578,57.56999969482422,58.95000076293945,46.02094268798828,25092900,False,0.027342396139871616,0.030341737826718826,0.30336532096870067,37,40,13
WMT,2012-04-27,59.18000030517578,59.459999084472656,58.93999862670898,59.02999877929688,46.08340835571289,9027900,False,0.0013564109967457035,0.028954875312028106,0.28949907526084545,38,40,13
WMT,2012-04-30,58.81999969482422,58.9900016784668,58.52999877929688,58.90999984741211,45.989723205566406,7482600,True,-0.0020350167500407935,0.020569671937191444,0.20566142800007736,41,40,13
WMT,2012-05-01,58.95000076293945,59.27000045776367,58.47999954223633,59.06999969482422,46.11460876464844,9915700,False,0.002711829790083312,0.01334757042448745,0.13345280382758,44,48,16
WMT,2012-05-02,58.959999084472656,59.31999969482422,58.81999969482422,59.0099983215332,46.06778335571289,7347700,False,-0.0010159296561068974,0.012258869189559672,0.12256765936225385,45,48,16
WMT,2012-05-03,59.20000076293945,59.20000076293945,58.810001373291016,58.9900016784668,46.05218505859375,6891900,False,-0.00033865181538190873,0.0018966979034203161,0.018963724870929358,49,48,16
WMT,2012-05-04,58.86000061035156,59.18000030517578,58.68000030517578,58.70000076293945,45.82577896118164,6944500,False,-0.0049284190849927705,0.002767921561613326,0.027674466695035004,48,48,16
WMT,2012-05-07,58.54999923706055,59.36000061035156,58.54999923706055,59.18999862670898,46.208309173583984,8658200,True,0.008312841969655043,0.004934490502028165,0.04933643891835911,48,48,16
WMT,2012-05-08,59.060001373291016,59.369998931884766,58.630001068115234,59.04999923706055,46.09901428222656,10273300,False,-0.0023680665485768986,0.005003106893172611,0.050022485104709,47,48,16
WMT,2012-05-09,58.47999954223633,59.2400016784668,58.27000045776367,59.02999877929688,46.396114349365234,11157600,False,0.006424145645317906,0.00570739591750181,0.05706416699981176,47,48,16
WMT,2012-05-10,59.34999847412109,59.61000061035156,59.09000015258789,59.18999862670898,46.52186584472656,7740700,False,0.002706722033206799,0.005634783843792034,0.05633817084319836,47,48,16
WMT,2012-05-11,59.08000183105469,59.650001525878906,58.810001373291016,59.41999816894531,46.70264053344727,7473600,False,0.003878270260247562,0.004077311801580542,0.040766122574783084,48,48,16
WMT,2012-05-14,59.09000015258789,59.54999923706055,58.91999816894531,59.06999969482422,46.42753601074219,6201000,True,-0.005907973829835654,0.004991703694585702,0.04990847268329979,48,48,16
WMT,2012-05-15,58.95000076293945,59.650001525878906,58.95000076293945,59.34999847412109,46.64761734008789,10561400,False,0.004729119031039912,0.0048196102902151655,0.048187833900128624,48,48,16
WMT,2012-05-16,59.52999877929688,59.65999984741211,59.150001525878906,59.18999862670898,46.52186584472656,10838100,False,-0.002699415461451709,0.0046221645622168085,0.04621371537764326,48,48,16
WMT,2012-05-17,61.34000015258789,62.5,61.25,61.68000030517578,48.47895431518555,29292400,False,0.041207336833954174,0.018960697724413913,0.18957444638823992,42,40,13
WMT,2012-05-18,61.869998931884766,62.630001068115234,61.7599983215332,62.43000030517578,49.06843566894531,16630700,False,0.012086197890143976,0.018843451656991562,0.18840218687301274,42,40,13
WMT,2012-05-21,62.380001068115234,63.09999847412109,62.13999938964844,63.040000915527344,49.54787063598633,11149900,True,0.009723315793551264,0.01674891212382381,0.1674603851413556,43,40,13
WMT,2012-05-22,62.9900016784668,63.95000076293945,62.900001525878906,63.72999954223633,50.0901985168457,12074400,False,0.01088606475892792,0.016205471537357255,0.1620269116573263,43,40,13
WMT,2012-05-23,63.38999938964844,64.69000244140625,63.290000915527344,64.58000183105469,50.75827026367188,15682200,False,0.013249214940927418,0.013356767953031274,0.13354476333282495,44,48,16
WMT,2012-05-24,64.70999908447266,65.18000030517578,64.45999908447266,65.06999969482422,51.14339447021485,11302700,False,0.007558778185296365,0.0021952132856104412,0.02194836653019699,49,48,16
WMT,2012-05-25,64.86000061035156,65.5,64.80000305175781,65.30999755859375,51.332027435302734,10179900,False,0.003681530158859268,0.0036227592730803866,0.03622137716523856,48,48,16
WMT,2012-05-29,65.4000015258789,65.76000213623047,65.20999908447266,65.68000030517578,51.622840881347656,10036900,True,0.005649353435087273,0.003874368465099132,0.03873703739971025,48,48,16
WMT,2012-05-30,65.41000366210938,65.94999694824219,65.33000183105469,65.44000244140625,51.43421173095703,9979700,False,-0.003660678357355549,0.006150757089140127,0.0614970180417411,47,48,16
WMT,2012-05-31,65.4000015258789,66.66000366210938,65.37999725341797,65.81999969482422,51.73287963867188,16765500,False,0.005790000243884965,0.004392729991817554,0.04391976331438358,48,48,16
WMT,2012-06-01,65.43000030517578,65.87999725341797,65.12999725341797,65.55000305175781,51.52066802978516,15300700,False,-0.004110501042847546,0.004962008544039287,0.049611572125784785,48,48,16
WMT,2012-06-04,65.9000015258789,66.12999725341797,65.4000015258789,65.98999786376953,51.86649703979492,13876800,True,0.006690004501189376,0.005455132184842129,0.05454196248192563,47,48,16
WMT,2012-06-05,65.73999786376953,65.9000015258789,65.43000030517578,65.5,51.48137664794922,9341000,False,-0.007452928846325998,0.00637607197835086,0.0637497803612497,47,48,16
WMT,2012-06-06,65.5999984741211,65.97000122070312,65.45999908447266,65.93000030517578,51.8193473815918,10846900,False,0.0065434573226830104,0.00675294469054881,0.067517860882979,47,48,16
WMT,2012-06-07,66.08000183105469,66.08000183105469,65.77999877929688,65.87000274658203,51.77218627929688,12546700,False,-0.0009105204621746982,0.006338947805985192,0.06337860233150973,47,48,16
WMT,2012-06-08,66.19000244140625,68.2300033569336,66.08000183105469,68.22000122070312,53.619232177734375,18012600,False,0.03505475236214361,0.016232578992002363,0.1622979396955363,43,40,13
WMT,2012-06-11,68.38999938964844,68.4800033569336,67.47000122070312,67.52999877929688,53.0769157409668,10491400,True,-0.010165711090097772,0.018199815711832622,0.18196693170716682,42,40,13
WMT,2012-06-12,67.66999816894531,67.8499984741211,67.30000305175781,67.72000122070312,53.22623443603516,8987800,False,0.0028093013805108157,0.017040544018863457,0.17037620373911258,43,40,13
WMT,2012-06-13,67.58999633789062,67.75,66.95999908447266,67.06999969482422,52.71535110473633,10748900,False,-0.009644697856664598,0.01854144965515927,0.18538268499931432,42,40,13
WMT,2012-06-14,67.0999984741211,67.79000091552734,67.08999633789062,67.62999725341797,53.1555061340332,9994400,False,0.008314990107114435,0.01846055115159921,0.18457383876122005,42,40,13
WMT,2012-06-15,68.05000305175781,68.05999755859375,67.58999633789062,67.75,53.249813079833984,12742000,False,0.0017725987984637185,0.008169698156720027,0.08168296482175455,46,48,16
WMT,2012-06-18,67.47000122070312,68.27999877929688,67.43000030517578,68.12000274658203,53.54062271118164,7553500,True,0.005446374444495143,0.006850611641164936,0.068494362822021,47,48,16
WMT,2012-06-19,68.08999633789062,68.25,67.69999694824219,67.80999755859375,53.29697036743164,7906000,False,-0.004561180370096069,0.00733852782694398,0.07337268756235084,47,48,16
WMT,2012-06-20,67.86000061035156,68.54000091552734,67.77999877929688,68.5199966430664,53.8550033569336,8989800,False,0.010415823715630497,0.00591065589294326,0.05909641802122775,47,48,16
WMT,2012-06-21,68.48999786376953,68.66000366210938,67.68000030517578,67.69999694824219,53.21053314208984,9843600,False,-0.01203894399298802,0.008758152118511229,0.08756649482961358,46,48,16
WMT,2012-06-22,68.08999633789062,68.3499984741211,67.19000244140625,67.30000305175781,52.896121978759766,11400700,False,-0.005926340495564846,0.009084766626655248,0.0908320795387693,46,48,16
WMT,2012-06-25,67.05999755859375,68.2300033569336,67.05999755859375,68.18000030517578,53.58779525756836,11830600,True,0.012991314083588373,0.01093126889743486,0.10929393420390363,45,48,16
WMT,2012-06-26,68.4800033569336,68.91999816894531,68.25,68.58000183105469,53.90218734741211,10811800,False,0.005849716945602239,0.01079398658979186,0.10792134666263337,45,48,16
WMT,2012-06-27,68.58999633789062,68.75,68.26000213623047,68.58999633789062,53.91004943847656,8797800,False,0.00014584784274530846,0.009783451010177652,0.09781772464168245,46,48,16
WMT,2012-06-28,67.91999816894531,68.3499984741211,67.48999786376953,68.30000305175781,53.68211364746094,8578400,False,-0.004237039677973594,0.007754319644580573,0.0775298923649844,46,48,16
WMT,2012-06-29,68.94000244140625,69.72000122070312,68.55999755859375,69.72000122070312,54.79817581176758,10663400,False,0.020577038452524194,0.009934586823501524,0.09932882347131136,46,48,16
WMT,2012-07-02,69.5999984741211,69.94999694824219,69.1500015258789,69.3499984741211,54.50736999511719,10425200,True,-0.0053209834987271235,0.010559606468614167,0.10557794757666734,45,48,16
WMT,2012-07-03,69.6500015258789,70.7699966430664,69.30000305175781,70.75,55.60774612426758,9394700,False,0.019986588539617132,0.012991172840296605,0.1298894394567589,44,48,16
WMT,2012-07-05,70.37000274658203,71.30000305175781,70.37000274658203,71.08000183105469,55.86712646484375,12440500,True,0.0046536192892697005,0.012614314661905223,0.12612150424815965,44,48,16
WMT,2012-07-06,70.7300033569336,71.36000061035156,70.7300033569336,71.36000061035156,56.08718490600586,8009200,False,0.003931223762186852,0.011226442843929065,0.11224516723911096,45,48,16
WMT,2012-07-09,71.26000213623047,71.76000213623047,71.0199966430664,71.76000213623047,56.40157699584961,11150400,True,0.0055897656466094,0.009079939067606835,0.09078381223092488,46,48,16
WMT,2012-07-10,71.93000030517578,72.58000183105469,71.63999938964844,72.11000061035156,56.67665863037109,13328200,False,0.004865342576882634,0.00683515344752166,0.06833980740720033,47,48,16
WMT,2012-07-11,72.12999725341797,72.44000244140625,71.77999877929688,72.26000213623047,56.7945556640625,12243900,False,0.0020780085389752734,0.0013371803617914899,0.01336950941849814,49,48,16
WMT,2012-07-12,72.06999969482422,72.62000274658203,71.63999938964844,72.30999755859375,56.83384704589844,10195800,False,0.0006915767970838012,0.0020188398133014177,0.020184934410950536,49,48,16
WMT,2012-07-13,72.2699966430664,73.23999786376953,72.1500015258789,73.18000030517578,57.51766586303711,8180100,False,0.011960086072365353,0.004356101185851635,0.043553538098741316,48,48,16
WMT,2012-07-16,72.91999816894531,73.18000030517578,72.58000183105469,72.9800033569336,57.3604621887207,8080600,True,-0.0027368790754233466,0.005526363626939916,0.05525415469116783,47,48,16
WMT,2012-07-17,72.9000015258789,73.0999984741211,72.30999755859375,73.0999984741211,57.454776763916016,12176300,False,0.001642893352299944,0.005496436973885118,0.05495493950575769,47,48,16
WMT,2012-07-18,72.88999938964844,73.45999908447266,72.72000122070312,72.8499984741211,57.258296966552734,9495100,False,-0.0034255901809470577,0.006168874357824129,0.06167815964479583,47,48,16
WMT,2012-07-19,72.8499984741211,72.86000061035156,70.2300033569336,71.52999877929688,56.22079849243164,16878000,False,-0.018285788740207778,0.010906580456056586,0.10904709214806259,45,48,16
WMT,2012-07-20,71.45999908447266,72.48999786376953,71.30999755859375,72.25,56.78670501708984,11052000,False,0.010015463355250276,0.010294264602238203,0.10292498415976331,45,48,16
WMT,2012-07-23,71.62000274658203,71.98999786376953,71.26000213623047,71.8499984741211,56.47230529785156,6656500,True,-0.00555188546918791,0.010383088969954797,0.10381307544102333,45,48,16
WMT,2012-07-24,71.68000030517578,72.23999786376953,71.44999694824219,72.13999938964844,56.70024871826172,7475700,False,0.004028251030023275,0.010706460459883913,0.10704623553207411,45,48,16
WMT,2012-07-25,72.26000213623047,72.45999908447266,71.87000274658203,72.08000183105469,56.65309143066406,6981900,False,-0.0008320405954734402,0.010721936966621302,0.10720097404641615,45,48,16
WMT,2012-07-26,72.69999694824219,73.94999694824219,72.69000244140625,73.66999816894531,57.90277862548828,8192400,False,0.021818816810906076,0.010610315397345946,0.10608494986271139,45,48,16
WMT,2012-07-27,73.83999633789062,74.80000305175781,73.79000091552734,74.5199966430664,58.57085800170898,10861500,False,0.011471895656374605,0.010770473283045721,0.10768625393693602,45,48,16
WMT,2012-07-30,74.45999908447266,75.23999786376953,74.44999694824219,74.9800033569336,58.93243408203125,9145600,True,0.006154333468599147,0.008642984530314243,0.08641501654059469,46,48,16
WMT,2012-07-31,74.76000213623047,74.9800033569336,74.43000030517578,74.43000030517578,58.500125885009766,8322900,False,-0.007362696513950018,0.011237506491439895,0.11235578473232692,45,48,16
WMT,2012-08-01,74.69999694824219,74.79000091552734,73.41999816894531,73.62000274658203,57.86347961425781,9699000,False,-0.010942469865066827,0.013510264825217519,0.13507946870021054,44,48,16
WMT,2012-08-02,73.05000305175781,74.16000366210938,72.94000244140625,74.05000305175781,58.20145797729492,8093000,False,0.0058239693289498864,0.009644318338173002,0.09642663663146454,46,48,16
WMT,2012-08-03,74.73999786376953,74.95999908447266,74.25,74.55000305175781,58.59446334838867,8740000,False,0.006729804429955628,0.008529349056224511,0.08527885676400125,46,48,16
WMT,2012-08-06,74.91999816894531,74.91999816894531,74.27999877929688,74.27999877929688,58.38222885131836,6117500,True,-0.0036286669755747525,0.007885523976412886,0.07884171057612667,46,48,16
WMT,2012-08-07,74.41000366210938,74.5999984741211,73.97000122070312,73.98999786376953,58.154293060302734,7614500,False,-0.003911839446414964,0.007422687459877396,0.07421413949906129,47,48,16
WMT,2012-08-08,73.6500015258789,74.51000213623047,73.43000030517578,74.30999755859375,58.721675872802734,6578300,False,0.009709220379313484,0.006296769603283268,0.06295689266960353,47,48,16
WMT,2012-08-09,74.27999877929688,74.5199966430664,73.76000213623047,73.8499984741211,58.358158111572266,5284700,False,-0.006209761613028657,0.007161427870999463,0.07160199185317691,47,48,16
WMT,2012-08-10,73.8499984741211,74.25,73.43000030517578,73.68000030517578,58.22384262084961,5644200,False,-0.0023042244824633875,0.006295966294044491,0.06294886095545286,47,48,16
WMT,2012-08-13,73.41000366210938,73.69000244140625,73.18000030517578,73.4000015258789,58.00257873535156,6301000,True,-0.003807467359276837,0.0063132032523645866,0.06312120096521642,47,48,16
WMT,2012-08-14,73.83999633789062,74.2699966430664,73.56999969482422,74.01000213623047,58.484619140625,7242000,False,0.008276328482636503,0.007326622271183952,0.07325365243110428,47,48,16
WMT,2012-08-15,73.91000366210938,74.5199966430664,73.81999969482422,74.44999694824219,58.832298278808594,7774400,False,0.005927195560694316,0.006349964958079232,0.06348875495032995,47,48,16
WMT,2012-08-16,72.58000183105469,72.75,71.77999877929688,72.1500015258789,57.01480102539063,17813200,False,-0.03138009331673148,0.015808835772584077,0.1580612345173003,43,40,13
WMT,2012-08-17,72.41000366210938,72.69000244140625,71.83999633789062,71.98999786376953,56.88834762573242,9734900,False,-0.002220367972392991,0.015812000821714613,0.15809287957833307,43,40,13
WMT,2012-08-20,72.01000213623047,72.41000366210938,71.66000366210938,72.30000305175781,57.13331985473633,5548700,True,0.004296948314171142,0.016325833688777224,0.16323032666626652,43,40,13
WMT,2012-08-21,72.30000305175781,72.33999633789062,71.43000030517578,71.43000030517578,56.44584655761719,7634200,False,-0.012105771059328826,0.015313308549921183,0.15310681246638266,43,40,13
WMT,2012-08-22,71.3499984741211,71.8499984741211,71.3499984741211,71.7699966430664,56.71450805664063,6661000,False,0.004748341496913462,0.015069800543477722,0.15067215018846536,43,40,13
WMT,2012-08-23,71.80000305175781,71.94000244140625,71.4000015258789,71.55999755859375,56.54855728149414,6005100,False,-0.002930362045260835,0.006848219883395698,0.06847044934786575,47,48,16
WMT,2012-08-24,71.38999938964844,72.19999694824219,71.3499984741211,72.11000061035156,56.98317337036133,5190100,False,0.007656330251416142,0.007972011195434225,0.07970643438027854,46,48,16
WMT,2012-08-27,72.16999816894531,72.79000091552734,72.06999969482422,72.5,57.29136657714844,5766900,True,0.005393921588356557,0.008122053424809005,0.08120659924667774,46,48,16
WMT,2012-08-28,72.18000030517578,72.70999908447266,72.16000366210938,72.41000366210938,57.220252990722656,4822700,False,-0.0012420328318830753,0.004562223700439734,0.045614409600367375,48,48,16
WMT,2012-08-29,72.61000061035156,73.0199966430664,72.43000030517578,72.7699966430664,57.50473785400391,4230800,False,0.004959432888769427,0.004586537549823349,0.04585750637894905,48,48,16
WMT,2012-08-30,72.62999725341797,72.75,72.1500015258789,72.25,57.09382247924805,5237200,False,-0.007171418814485418,0.006059375237865886,0.060583356312777364,47,48,16
WMT,2012-08-31,72.58999633789062,72.94999694824219,72.36000061035156,72.5999984741211,57.37041091918945,5885100,False,0.004832758147278809,0.005496453902589975,0.05495510876376169,47,48,16
WMT,2012-09-04,72.7699966430664,73.83999633789062,72.56999969482422,73.51000213623047,58.08949661254883,8524100,True,0.01245618511705117,0.007379006364433311,0.07377740348824552,47,48,16
WMT,2012-09-05,73.86000061035156,73.94999694824219,73.37000274658203,73.55000305175781,58.12112045288086,7964100,False,0.0005442504637046653,0.0071768569600121805,0.0717562562716268,47,48,16
WMT,2012-09-06,73.9800033569336,74.80999755859375,73.83999633789062,74.80999755859375,59.116790771484375,6508500,False,0.016985875086298535,0.00956398188131987,0.09562340989613638,46,48,16
WMT,2012-09-07,74.69999694824219,74.80000305175781,73.5,73.81999969482422,58.33445739746094,6621400,False,-0.013322037129100244,0.011751387779841827,0.11749371595057712,45,48,16
WMT,2012-09-10,73.88999938964844,74.12000274658203,73.5,73.51000213623047,58.08949661254883,6500100,True,-0.00420808842090298,0.012330106250333402,0.12327990774861552,45,48,16
WMT,2012-09-11,73.72000122070312,74.41999816894531,73.55000305175781,74.05999755859375,58.524112701416016,5291400,False,0.00745398592434801,0.011494024179656878,0.11492052150727748,45,48,16
WMT,2012-09-12,74.05999755859375,74.3499984741211,73.75,74.06999969482422,58.532020568847656,4297800,False,0.00013511239817587387,0.011503899546722622,0.1150192582347745,45,48,16
WMT,2012-09-13,73.94999694824219,75.19000244140625,73.94999694824219,75.13999938964844,59.37758255004883,7407400,False,0.0143427923465433,0.010637262664933629,0.10635437630517994,45,48,16
WMT,2012-09-14,74.83999633789062,74.98999786376953,74.26000213623047,74.5,58.87181854248047,8535700,False,-0.008554243607189767,0.00915645652711535,0.09154885554505796,46,48,16
WMT,2012-09-17,74.36000061035156,74.68000030517578,73.87000274658203,73.98999786376953,58.46879196166992,6854600,True,-0.0068693722304970315,0.009659033130866372,0.09657375931223865,46,48,16
WMT,2012-09-18,73.8499984741211,74.16999816894531,73.68000030517578,73.94999694824219,58.43719100952149,5304100,False,-0.0005406216536563228,0.009027011423418867,0.09025462659696752,46,48,16
WMT,2012-09-19,74.25,74.62999725341797,73.98999786376953,74.37000274658203,58.76910018920898,5655900,False,0.005663690293823183,0.00942311998724576,0.09421503263204896,46,48,16
WMT,2012-09-20,74.31999969482422,74.81999969482422,74.31999969482422,74.75,59.06939697265625,4523200,False,0.005096762785454278,0.006582061502651756,0.06580932218817508,47,48,16
WMT,2012-09-21,74.95999908447266,75.08999633789062,74.33000183105469,74.44999694824219,58.832298278808594,10562300,False,-0.004021978020875563,0.005514096592888185,0.05513150539719232,47,48,16
WMT,2012-09-24,74.19999694824219,74.95999908447266,74.18000030517578,74.73999786376953,59.06147766113281,4413700,True,0.0038879011072854176,0.004162158208579696,0.04161444107385315,48,48,16
WMT,2012-09-25,74.91000366210938,75.05000305175781,74.26000213623047,74.26000213623047,58.68217468261719,6424700,False,-0.006442883043971161,0.0056426252718566085,0.05641657167031143,47,48,16
WMT,2012-09-26,74.16000366210938,74.83999633789062,74.13999938964844,74.19000244140625,58.62685775756836,4804900,False,-0.0009430975262214987,0.004962226731390282,0.049613753624950845,48,48,16
WMT,2012-09-27,74.37000274658203,74.5,73.83000183105469,73.9800033569336,58.46091079711914,5390100,False,-0.0028345756966837335,0.0038821189704374348,0.03881452915555666,48,48,16
WMT,2012-09-28,73.86000061035156,74.05999755859375,73.41999816894531,73.80000305175781,58.31867218017578,6021000,False,-0.0024360197845591097,0.003745231287852889,0.03744588718781301,48,48,16
WMT,2012-10-01,73.80000305175781,74.48999786376953,73.80000305175781,74.05000305175781,58.51622772216797,4662300,True,0.0033817931189455107,0.003556732757870501,0.03556122529478593,48,48,16
WMT,2012-10-02,73.9800033569336,74.36000061035156,73.62999725341797,73.75,58.27915954589844,4236500,False,-0.004059552476987593,0.002884289886025426,0.02883795028610274,48,48,16
WMT,2012-10-03,74.02999877929688,74.75,73.75,74.19999694824219,58.634761810302734,8164700,False,0.006083165406894018,0.004440911206429448,0.04440149279602612,48,48,16
WMT,2012-10-04,74.51000213623047,75.01000213623047,74.51000213623047,74.72000122070312,59.04568099975586,5000900,False,0.006983672898254745,0.004995362714116571,0.04994505660083122,48,48,16
WMT,2012-10-05,74.94000244140625,75.5,74.88999938964844,75.12999725341797,59.36966323852539,5205100,False,0.005471977457944696,0.004467441931619965,0.04466675452918454,48,48,16
WMT,2012-10-08,75.16000366210938,75.55000305175781,75.05999755859375,75.25,59.46449279785156,4545900,True,0.0015959987030393944,0.0045569588100863685,0.04556176972980244,48,48,16
WMT,2012-10-09,75.16000366210938,75.37999725341797,74.12999725341797,74.13999938964844,58.58734130859375,8307300,False,-0.014860720096765955,0.009131595221931875,0.09130028514774723,46,48,16
WMT,2012-10-10,74.6500015258789,76.80999755859375,74.63999938964844,75.41999816894531,59.59883117675781,19364800,False,0.01711730812787551,0.011639511976992768,0.11637514986732367,45,48,16
WMT,2012-10-11,76.5999984741211,76.61000061035156,74.94999694824219,75.01000213623047,59.27482986450195,8325500,False,-0.005451201077541781,0.011969210430556555,0.11967156873955405,45,48,16
WMT,2012-10-12,75.41999816894531,76.04000091552734,75.30000305175781,75.80999755859375,59.90702819824219,8029300,False,0.010609068756305094,0.012673009967224931,0.12670835659786223,44,48,16
WMT,2012-10-15,75.87000274658203,77.3499984741211,75.55999755859375,77.1500015258789,60.9659423828125,9669600,True,0.017521556230992576,0.014480635059068535,0.14478150617518534,44,48,16
WMT,2012-10-16,77.5999984741211,77.5999984741211,76.69000244140625,76.91000366210938,60.77628707885742,6310100,False,-0.0031156889144745054,0.010987297618789995,0.10985412528901671,45,48,16
WMT,2012-10-17,77.33000183105469,77.5,76.4800033569336,77.02999877929688,60.87110137939453,7494500,False,0.0015588385568897473,0.0096459543097675,0.09644299354057419,46,48,16
WMT,2012-10-18,77.0199966430664,77.2300033569336,76.16999816894531,76.55999755859375,60.49969100952149,7325700,False,-0.006120278559832689,0.009816866570396819,0.09815182291282068,46,48,16
WMT,2012-10-19,76.58000183105469,76.70999908447266,75.43000030517578,75.62000274658203,59.75687026977539,6942500,False,-0.012354089947036606,0.011269029401158754,0.11267095974568123,45,48,16
WMT,2012-10-22,75.68000030517578,75.77999877929688,75.08999633789062,75.6500015258789,59.78056716918945,5425400,True,0.0003964766224234951,0.005596235704863965,0.055952755590932816,47,48,16
WMT,2012-10-23,75.05000305175781,75.48999786376953,74.51000213623047,74.76000213623047,59.07725524902344,5833900,False,-0.011834646043352022,0.006556312088290455,0.06555187222281438,47,48,16
WMT,2012-10-24,74.93000030517578,75.0,74.5199966430664,74.81999969482422,59.12469100952149,4583200,False,0.000802622368684432,0.0063534273161803155,0.06352337259097539,47,48,16
WMT,2012-10-25,75.30000305175781,75.5,74.88999938964844,75.31999969482422,59.519798278808594,4432900,False,0.0066603806423367155,0.008433794066675965,0.08432347081214489,46,48,16
WMT,2012-10-26,75.19999694824219,75.41999816894531,74.68000030517578,75.11000061035156,59.35387420654297,4446900,False,-0.002791605181386787,0.006779677971446725,0.06778514782568669,47,48,16
WMT,2012-10-31,75.25,75.68000030517578,74.12999725341797,75.0199966430664,59.28273010253906,6551200,True,-0.0011993619161043021,0.006713951868996788,0.06712799956741558,47,48,16
WMT,2012-11-01,75.12999725341797,75.16000366210938,73.1500015258789,73.44999694824219,58.04207992553711,12943600,False,-0.021149770844200548,0.010476745030882206,0.10474947536465883,45,48,16
WMT,2012-11-02,73.45999908447266,73.56999969482422,72.70999908447266,72.7699966430664,57.50473785400391,8563500,False,-0.0093009215747235,0.010404953826433472,0.10403168649229103,45,48,16
WMT,2012-11-05,72.66000366210938,73.19999694824219,72.6500015258789,73.13999938964844,57.79711532592773,4767700,True,0.005071524707213555,0.009953025626783575,0.0995131798686899,46,48,16
WMT,2012-11-06,73.16999816894531,74.27999877929688,73.12999725341797,73.76000213623047,58.28707885742188,5334400,False,0.008441570267318649,0.011900094856473338,0.11898053158026428,45,48,16
WMT,2012-11-07,73.41999816894531,73.9000015258789,72.86000061035156,73.11000061035156,57.77341079711914,6809900,False,-0.008851787819080324,0.012001417514983058,0.11999358432614673,45,48,16
WMT,2012-11-08,73.01000213623047,73.9800033569336,72.4800033569336,72.4800033569336,57.27556991577149,7137100,False,-0.008654470219722678,0.008680366908625616,0.08678877618678796,46,48,16
WMT,2012-11-09,72.12999725341797,72.5999984741211,71.91999816894531,72.30999755859375,57.14121627807617,6891400,False,-0.0023484962987729992,0.00786934844796596,0.0786799830440003,46,48,16
WMT,2012-11-12,72.2699966430664,72.5999984741211,71.9000015258789,72.4800033569336,57.27556991577149,4382800,True,0.002348496298772996,0.007401203750201152,0.07399933926188461,47,48,16
WMT,2012-11-13,71.97000122070312,72.30000305175781,71.18000030517578,71.80999755859375,56.74611282348633,8977400,False,-0.009287021292411397,0.005171017141974904,0.051701299509234834,47,48,16
WMT,2012-11-14,71.86000061035156,72.0,71.08000183105469,71.30999755859375,56.35100936889648,9111300,False,-0.006987004696209383,0.004917106338677348,0.04916262711084791,48,48,16
WMT,2012-11-15,69.66000366210938,69.69000244140625,67.8499984741211,68.72000122070312,54.304325103759766,23048900,False,-0.036996277046086885,0.015388935530358758,0.15386295251760065,43,40,13
WMT,2012-11-16,68.58999633789062,68.69000244140625,67.87999725341797,68.02999877929688,53.75906753540039,12257100,False,-0.01009152465794064,0.01471920936746241,0.14716683993734908,44,48,16
WMT,2012-11-19,68.1500015258789,69.12999725341797,67.6500015258789,69.0199966430664,54.54136276245117,12835700,True,0.014447012469365684,0.01827439960660558,0.18271264269136,42,40,13
WMT,2012-11-20,69.23999786376953,69.23999786376953,68.44999694824219,69.0,54.52559280395508,9394600,False,-0.0002891794040476467,0.018771710509374866,0.18768489848308287,42,40,13
WMT,2012-11-21,68.86000061035156,69.05999755859375,68.68000030517578,68.88999938964844,54.43864440917969,7039600,False,-0.001595907344526949,0.018996729172285967,0.18993469904783042,42,40,13
WMT,2012-11-23,69.33999633789062,70.23999786376953,68.87999725341797,70.19999694824219,55.47385787963867,5134900,True,0.01883760375395951,0.012012854422746754,0.120107933781489,45,48,16
WMT,2012-11-26,70.12999725341797,70.2300033569336,69.44999694824219,69.91000366210938,55.24468612670898,9073200,True,-0.004139723517295485,0.010424969257667728,0.10423180646417214,45,48,16
WMT,2012-11-27,69.9000015258789,70.16999816894531,69.44999694824219,69.5,54.92070770263672,7382300,False,-0.005881690189515118,0.009995116455915084,0.09993401594479871,46,48,16
WMT,2012-11-28,69.45999908447266,70.80999755859375,69.29000091552734,70.55999755859375,55.75834274291992,10496400,False,0.015136577876574553,0.01160047383246343,0.1159848353997477,45,48,16
WMT,2012-11-29,70.4800033569336,71.04000091552734,70.12999725341797,70.83000183105469,55.97171401977539,9620500,False,0.0038194115786631716,0.011135888034128173,0.11133977450592623,45,48,16
WMT,2012-11-30,70.97000122070312,72.12000274658203,70.8499984741211,72.0199966430664,56.91205978393555,12485200,False,0.016660809332272434,0.010511818408657943,0.10510014896704634,45,48,16
WMT,2012-12-03,72.11000061035156,72.33999633789062,71.33999633789062,71.33999633789062,56.37468719482422,9086800,True,-0.009487016511408777,0.0118731543552143,0.11871117278947316,45,48,16
WMT,2012-12-04,71.47000122070312,72.5999984741211,71.44999694824219,72.12000274658203,56.99110794067383,12820500,False,0.010875005467431743,0.010673387761657467,0.106715565292615,45,48,16
WMT,2012-12-05,71.94000244140625,72.0199966430664,71.2300033569336,71.6500015258789,56.93388748168945,9513200,False,-0.0010045287003768346,0.010178287407070302,0.1017654111900774,45,48,16
WMT,2012-12-06,71.66999816894531,71.8499984741211,71.0999984741211,71.58999633789062,56.88621520996094,7166100,False,-0.0008376775875051876,0.010428708580256576,0.10426919327450745,45,48,16
WMT,2012-12-07,71.9000015258789,72.58999633789062,71.8499984741211,72.29000091552734,57.442413330078125,7283000,False,0.009729890320352055,0.008477074253878713,0.08475619842838529,46,48,16
WMT,2012-12-10,72.08000183105469,72.33999633789062,71.79000091552734,72.1500015258789,57.3311653137207,5901600,True,-0.001938565521986288,0.0063599351013084735,0.06358843927685455,47,48,16
WMT,2012-12-11,72.25,72.69999694824219,70.81999969482422,70.88999938964844,56.32997131347656,14595000,False,-0.017617629486663143,0.009788891952472246,0.09787212472960748,46,48,16
WMT,2012-12-12,70.19999694824219,70.3499984741211,68.91000366210938,68.94000244140625,54.78048324584961,23401900,False,-0.02789275827763769,0.01491805022709679,0.1491549073825683,44,48,16
WMT,2012-12-13,69.04000091552734,69.36000061035156,69.0,69.04000091552734,54.85995101928711,14243500,False,0.001449607307486745,0.015213664200210546,0.1521105399290178,43,40,13
WMT,2012-12-14,69.05000305175781,69.30000305175781,68.73999786376953,68.75,54.629512786865234,10502300,False,-0.0042093287273818015,0.012326622366629255,0.1232450748888709,45,48,16
WMT,2012-12-17,68.95999908447266,69.51000213623047,68.88999938964844,69.19999694824219,54.98709487915039,10531700,True,0.0065242551890352446,0.014161826183085887,0.14159396439552566,44,48,16
WMT,2012-12-18,69.11000061035156,69.66000366210938,68.91000366210938,69.5,55.2254524230957,11589800,False,0.004325422493254841,0.013970243072345196,0.1396784619871286,44,48,16
WMT,2012-12-19,69.43000030517578,69.5,68.5199966430664,68.5199966430664,54.44674301147461,9973200,False,-0.014200910177511041,0.00829596428266619,0.08294540944651171,46,48,16
WMT,2012-12-20,68.33000183105469,69.05999755859375,68.16999816894531,69.0,54.82816696166992,9686300,False,0.006981026098984298,0.00907368498632869,0.09072128214826633,46,48,16
WMT,2012-12-21,68.87000274658203,69.16000366210938,68.2699966430664,68.6500015258789,54.5500373840332,13231000,False,-0.005085659958685936,0.009180356592038634,0.09178781518896603,46,48,16
WMT,2012-12-24,68.51000213623047,68.80999755859375,68.30999755859375,68.56999969482422,54.4864616394043,2904800,True,-0.001166137071584349,0.008360664724802411,0.08359230286137034,46,48,16
WMT,2012-12-26,68.55999755859375,68.6500015258789,67.7300033569336,67.98999786376953,54.025611877441406,6092900,True,-0.008494032374985522,0.007957299484852237,0.07955934251533027,46,48,16
WMT,2012-12-27,68.02999877929688,68.41999816894531,67.79000091552734,68.19000244140625,54.18450164794922,7384200,False,0.0029366919509129395,0.006165816086085374,0.061647582174482976,47,48,16
WMT,2012-12-28,67.91000366210938,68.3499984741211,67.54000091552734,67.61000061035156,53.7236442565918,5513400,False,-0.008541712760175787,0.004952928287224625,0.04952078513662846,48,48,16
WMT,2012-12-31,67.48999786376953,68.30000305175781,67.37000274658203,68.2300033569336,54.21631622314453,7012500,True,0.009128693130501266,0.007597617998852573,0.075963144760609,46,48,16
WMT,2013-01-02,68.93000030517578,69.23999786376953,68.44999694824219,69.23999786376953,55.018856048583984,10390800,True,0.014694063253846402,0.01041719797826396,0.10415410700331314,45,48,16
WMT,2013-01-03,69.25,69.3499984741211,68.37999725341797,68.80000305175781,54.669227600097656,8910100,False,-0.006374979322109185,0.009917456023278476,0.0991575448603829,46,48,16
WMT,2013-01-04,68.7300033569336,69.18000030517578,68.33999633789062,69.05999755859375,54.87582778930664,6438000,False,0.0037719718782293966,0.009936435515137789,0.09934730721587505,46,48,16
WMT,2013-01-07,68.83000183105469,68.91999816894531,68.12999725341797,68.4000015258789,54.351375579833984,6201400,True,-0.009603033376818643,0.010238961132914342,0.10237204435064856,45,48,16
WMT,2013-01-08,68.27999877929688,68.88999938964844,68.20999908447266,68.58999633789062,54.50235748291016,5866900,False,0.0027740343973254164,0.00955457085080127,0.09552931573744888,46,48,16
WMT,2013-01-09,68.66000366210938,68.70999908447266,68.22000122070312,68.56999969482422,54.4864616394043,5055200,False,-0.00029169677672602934,0.005830022648029351,0.05829022391449089,47,48,16
WMT,2013-01-10,68.66000366210938,69.02999877929688,67.72000122070312,68.36000061035156,54.31959533691406,11453800,False,-0.003067226916384941,0.005371251524807161,0.05370329979556603,47,48,16
WMT,2013-01-11,68.5999984741211,68.79000091552734,68.20999908447266,68.62999725341797,54.53413772583008,6224500,False,0.003941852257698565,0.0054116080081598366,0.05410679538950237,47,48,16
WMT,2013-01-14,68.48999786376953,68.66999816894531,68.11000061035156,68.30000305175781,54.27193832397461,5490400,True,-0.004819582121020939,0.0037258205433690966,0.0372518130459759,48,48,16
WMT,2013-01-15,68.19000244140625,69.23999786376953,68.0999984741211,68.9800033569336,54.81225204467773,6140400,False,0.009906442677491979,0.005915400320264004,0.05914385415442454,47,48,16
WMT,2013-01-16,68.94000244140625,69.37000274658203,68.88999938964844,69.20999908447266,54.99501037597656,4917900,False,0.0033287142584559385,0.005918843496572325,0.05917828001005255,47,48,16
WMT,2013-01-17,69.30000305175781,69.31999969482422,68.70999908447266,68.8499984741211,54.70896911621094,7232600,False,-0.005214795476130547,0.0064221330337531565,0.06421031188835195,47,48,16
WMT,2013-01-18,68.8499984741211,69.19999694824219,68.8499984741211,69.19999694824219,54.98709487915039,7813400,False,0.005070853935432197,0.00655114465276572,0.06550020673333257,47,48,16
WMT,2013-01-22,69.05000305175781,69.6500015258789,68.95999908447266,69.58000183105469,55.28903198242188,5747900,True,0.005476033052271184,0.005548963678841725,0.05548011643529259,47,48,16
WMT,2013-01-23,69.38999938964844,69.63999938964844,69.1500015258789,69.48999786376953,55.21749877929688,6365400,False,-0.0012946422735980237,0.004604317370189998,0.0460352740777901,48,48,16
WMT,2013-01-24,69.6500015258789,69.98999786376953,69.3499984741211,69.79000091552734,55.45589065551758,9139000,False,0.00430803187891245,0.0047222985863289305,0.04721488381888895,48,48,16
WMT,2013-01-25,69.91000366210938,70.0,68.93000030517578,69.0,54.82816696166992,7967700,False,-0.01138388424285745,0.007151594553538045,0.07150367554957865,47,48,16
WMT,2013-01-28,69.08000183105469,69.5,68.80000305175781,69.3499984741211,55.106258392333984,7054800,True,0.0050592345925121514,0.007149713315199351,0.07148486639383103,47,48,16
WMT,2013-01-29,69.20999908447266,70.19999694824219,69.19999694824219,69.88999938964844,55.53535842895508,9560900,False,0.007756614560592121,0.007609808579901173,0.07608502965572359,46,48,16
WMT,2013-01-30,70.12000274658203,70.12000274658203,69.5,69.75,55.42411422729492,7020600,False,-0.0020051327979317374,0.007667196341540287,0.07665880881197198,46,48,16
WMT,2013-01-31,69.69000244140625,70.44000244140625,69.69000244140625,69.94999694824219,55.58303451538086,7016200,False,0.0028632461685098903,0.007525350307640301,0.07524059183811384,46,48,16
WMT,2013-02-01,70.11000061035156,70.54000091552734,69.94999694824219,70.48999786376953,56.01212692260742,6449800,False,0.007690199402481004,0.004056887481522781,0.0405619144161972,48,48,16
WMT,2013-02-04,69.44000244140625,69.9000015258789,69.12999725341797,69.62999725341797,55.32875061035156,10759300,True,-0.012275543516734355,0.00835111900125922,0.0834968620035297,46,48,16
WMT,2013-02-05,69.87000274658203,71.06999969482422,69.76000213623047,70.7699966430664,56.23461532592773,10525500,False,0.016239822394496315,0.010659100725210507,0.1065727194404039,45,48,16
WMT,2013-02-06,70.4800033569336,71.31999969482422,70.30000305175781,71.30999755859375,56.66370391845703,9757800,False,0.007601364865083542,0.010508188127656255,0.10506385238550005,45,48,16
WMT,2013-02-07,71.44000244140625,71.63999938964844,70.9000015258789,71.2300033569336,56.60014343261719,8306900,False,-0.0011223438722659808,0.010803189474507825,0.10801335972041011,45,48,16
WMT,2013-02-08,71.19999694824219,71.63999938964844,71.06999969482422,71.4800033569336,56.79880142211914,5906600,False,0.0035037044301003445,0.010569216652106162,0.10567403292340216,45,48,16
WMT,2013-02-11,71.25,71.51000213623047,70.52999877929688,71.4000015258789,56.7352180480957,6202600,True,-0.0011200762726030794,0.007250447142122835,0.07249203183410907,47,48,16
WMT,2013-02-12,71.48999786376953,71.66000366210938,71.0999984741211,71.4000015258789,56.7352180480957,4762000,False,0.0,0.0037703318546707305,0.037696849790966394,48,48,16
WMT,2013-02-13,71.29000091552734,71.69999694824219,71.20999908447266,71.38999938964844,56.72727584838867,3968600,False,-0.00013999691787572655,0.0019077678987853904,0.019074405831796752,49,48,16
WMT,2013-02-14,71.0999984741211,71.2300033569336,70.75,70.81999969482422,56.27434158325195,6821000,False,-0.008016463853015049,0.0042174840888026454,0.04216760495350842,48,48,16
WMT,2013-02-15,69.54000091552734,70.0,68.12999725341797,69.30000305175781,55.06653594970703,25683700,False,-0.021696488116428582,0.009279140609116892,0.09277548587607921,46,48,16
WMT,2013-02-19,69.19000244140625,69.44999694824219,68.54000091552734,68.76000213623047,54.63746643066406,14682300,True,-0.007822352833063699,0.008836351344454874,0.08834835292269246,46,48,16
WMT,2013-02-20,68.72000122070312,69.8499984741211,68.30000305175781,69.20999908447266,54.99501037597656,11973600,False,0.006522614892113033,0.010543441302318456,0.1054163236482748,45,48,16
WMT,2013-02-21,70.0,71.47000122070312,69.72000122070312,70.26000213623047,55.8293571472168,20413100,False,0.01505738410702107,0.014270121387529594,0.14267673063795577,44,48,16
WMT,2013-02-22,70.22000122070312,70.54000091552734,69.88999938964844,70.4000015258789,55.94060516357422,9165200,False,0.0019906610111443588,0.014125178596858677,0.14122755140949175,44,48,16
WMT,2013-02-25,70.5,71.33999633789062,70.44000244140625,70.44000244140625,55.9724006652832,11817600,True,0.0005682181857056385,0.00838895595718292,0.08387516664592772,46,48,16
WMT,2013-02-26,70.69000244140625,71.38999938964844,70.61000061035156,71.11000061035156,56.50479888916016,10557600,False,0.009466846652655375,0.005858906923852022,0.058579017115985656,47,48,16
WMT,2013-02-27,70.91999816894531,71.95999908447266,70.58000183105469,71.66000366210938,56.94182968139648,8819000,False,0.007704644195119117,0.0058727246497992545,0.05871717066839518,47,48,16
WMT,2013-02-28,71.58999633789062,71.87999725341797,70.77999877929688,70.77999877929688,56.2425651550293,18883600,False,-0.012356357505039066,0.008588839989947366,0.08587366403267618,46,48,16
WMT,2013-03-01,70.77999877929688,71.9000015258789,70.77999877929688,71.73999786376953,57.00537490844727,8902300,False,0.013471702701387096,0.010153439442989102,0.10151697418090008,45,48,16
WMT,2013-03-04,71.5199966430664,73.26000213623047,71.51000213623047,73.26000213623047,58.21321487426758,10567200,True,0.020966828630232817,0.01239543199046909,0.12393305307064549,45,48,16
WMT,2013-03-05,73.47000122070312,74.04000091552734,72.98999786376953,73.72000122070312,58.5787239074707,9142000,False,0.0062591687460026345,0.012373867124198582,0.12371744140676647,45,48,16
WMT,2013-03-06,73.75,74.12999725341797,73.25,73.37999725341797,58.30854034423828,7149600,False,-0.004622985167095133,0.013433273399656446,0.1343096865387351,44,48,16
WMT,2013-03-07,73.48999786376953,73.61000061035156,73.19999694824219,73.31999969482422,58.260868072509766,6680000,False,-0.0008179208427615658,0.01041278721870237,0.10411000697523434,45,48,16
WMT,2013-03-08,73.30000305175781,73.38999938964844,72.83999633789062,73.02999877929688,58.40481948852539,5744600,False,0.002467760522882981,0.009865036234177007,0.0986334369059639,46,48,16
WMT,2013-03-11,73.08999633789062,73.23999786376953,72.80999755859375,72.9800033569336,58.36484909057617,5148700,True,-0.0006846024313797525,0.004075022213865477,0.04074323062587649,48,48,16
WMT,2013-03-12,72.94999694824219,73.9000015258789,72.83999633789062,73.5999984741211,58.86068344116211,8153400,False,0.008459544552456143,0.0048875339563907915,0.04886695402529806,48,48,16
WMT,2013-03-13,73.88999938964844,74.19999694824219,73.54000091552734,73.6500015258789,58.90064239501953,5326100,False,0.000678643096233918,0.0038352356038392223,0.038345775927334,48,48,16
WMT,2013-03-14,73.87000274658203,74.0,73.12999725341797,73.22000122070312,58.556766510009766,6353200,False,-0.005855345706994292,0.005189777814501085,0.05188887404682384,47,48,16
WMT,2013-03-15,73.01000213623047,73.5,72.43000030517578,72.5,57.9809684753418,17195100,False,-0.009881824463313042,0.006960936307256947,0.06959742019898822,47,48,16
WMT,2013-03-18,72.29000091552734,72.7300033569336,72.01000213623047,72.25,57.78102111816406,5771000,True,-0.003454459563378909,0.006994264255140621,0.06993064249708796,47,48,16
WMT,2013-03-19,72.41999816894531,72.87000274658203,72.19000244140625,72.44999694824219,57.94096374511719,5752800,False,0.0027642583038510853,0.005058804467078406,0.05057936528347814,47,48,16
WMT,2013-03-20,72.80999755859375,73.37999725341797,72.73999786376953,72.98999786376953,58.3728141784668,6320300,False,0.007425645102708747,0.006900071244836267,0.0689888740009267,47,48,16
WMT,2013-03-21,72.87000274658203,73.47000122070312,72.8499984741211,73.12999725341797,58.484806060791016,5506700,False,0.0019167242389762555,0.006628282122950127,0.06627144909047268,47,48,16
WMT,2013-03-22,73.3499984741211,74.29000091552734,73.29000091552734,74.27999877929688,59.40448760986328,7323800,False,0.015602777455766244,0.007144484578500656,0.07143258799778399,47,48,16
WMT,2013-03-25,74.13999938964844,75.11000061035156,74.12000274658203,74.8499984741211,59.86035537719727,10438700,True,0.00764466671024935,0.005439684634327748,0.054387513480133494,47,48,16
WMT,2013-03-26,74.93000030517578,75.08999633789062,74.43000030517578,74.7699966430664,59.79634475708008,6642400,False,-0.0010699045878989112,0.0063864190789775675,0.06385323361500343,47,48,16
WMT,2013-03-27,74.30999755859375,74.95999908447266,74.23999786376953,74.77999877929688,59.80434799194336,5970300,False,0.00013383258393034978,0.006879751107371485,0.06878570748952459,47,48,16
WMT,2013-03-28,74.83999633789062,74.97000122070312,74.37999725341797,74.83000183105469,59.84437561035156,7368300,False,0.0006690856148960904,0.0070334484441343,0.07032241715873894,47,48,16
WMT,2013-04-01,75.0,75.93000030517578,74.9000015258789,75.43000030517578,60.324180603027344,8415400,True,0.007985575553749392,0.004376491242066376,0.04375740367768346,48,48,16
WMT,2013-04-02,75.55000305175781,76.05000305175781,75.41999816894531,76.0199966430664,60.79603958129883,6642800,False,0.007791620007597836,0.004415193203634671,0.04414435689243786,48,48,16
WMT,2013-04-03,76.30999755859375,76.68000030517578,75.72000122070312,76.0,60.78004455566406,7453900,False,-0.000263127832099452,0.004235704672443956,0.04234977952887885,48,48,16
WMT,2013-04-04,75.95999908447266,76.58000183105469,75.95999908447266,76.19999694824219,60.93999481201172,7508200,False,0.0026281678718939935,0.003909276667997287,0.03908605953671237,48,48,16
WMT,2013-04-05,75.55000305175781,76.41000366210938,75.43000030517578,76.38999938964844,61.09194564819336,5880300,False,0.002490346611545317,0.0036234099402116804,0.03622788272020235,48,48,16
WMT,2013-04-08,76.0999984741211,77.44999694824219,75.83000183105469,77.29000091552734,61.81170654296875,8075100,True,0.01171273775000705,0.0048061540568820485,0.048053294653647625,48,48,16
WMT,2013-04-09,77.23999786376953,78.45999908447266,77.0199966430664,78.12000274658203,62.47548294067383,8669900,False,0.010681434047590607,0.0053840482131379255,0.05383124472360441,47,48,16
WMT,2013-04-10,78.27999877929688,78.37999725341797,77.37000274658203,77.37000274658203,61.87570190429688,8599000,False,-0.009646642101635983,0.008567510554924279,0.08566040627734214,46,48,16
WMT,2013-04-11,77.36000061035156,78.37000274658203,77.2699966430664,77.79000091552734,62.21156311035156,7129100,False,0.005413319830823525,0.008581235927857207,0.08579763645805863,46,48,16
WMT,2013-04-12,77.62999725341797,78.8499984741211,77.58000183105469,78.55999755859375,62.82740783691406,6336800,False,0.009850524226996518,0.008856472350393652,0.08854952846048435,46,48,16
WMT,2013-04-15,78.44000244140625,79.27999877929688,78.43000030517578,78.47000122070312,62.7553939819336,8545500,True,-0.0011468746011541865,0.008498349000216204,0.08496890939069271,46,48,16
WMT,2013-04-16,78.2300033569336,78.86000061035156,78.02999877929688,78.68000030517578,62.92333221435547,6854400,False,0.0026725021403310937,0.007376451541482824,0.07375185964204861,47,48,16
WMT,2013-04-17,78.52999877929688,79.06999969482422,78.11000061035156,78.51000213623047,62.787391662597656,7248600,False,-0.002162752715979159,0.004916395184581184,0.04915551679001286,48,48,16
WMT,2013-04-18,78.76000213623047,79.05000305175781,76.61000061035156,77.16000366210938,61.70774459838867,14218900,False,-0.017344840345818534,0.00997230333236843,0.09970592384979238,46,48,16
WMT,2013-04-19,77.5,78.44000244140625,77.4000015258789,78.29000091552734,62.611446380615234,7840500,False,0.014538667654169286,0.0114343798704769,0.11432418074717748,45,48,16
WMT,2013-04-22,78.29000091552734,78.44000244140625,77.5,77.97000122070312,62.35552215576172,5154900,True,-0.004095875664379228,0.011539497509776417,0.115375176789912,45,48,16
WMT,2013-04-23,78.11000061035156,79.22000122070312,78.05000305175781,79.08999633789062,63.2512092590332,6653600,False,0.01426201088743122,0.013524725478997282,0.13522405042787453,44,48,16
WMT,2013-04-24,79.2300033569336,79.5,77.91999816894531,78.02999877929688,62.40349960327149,8083600,False,-0.013492888956232928,0.015057664085693544,0.15055080643313576,43,40,13
WMT,2013-04-25,78.18000030517578,78.83000183105469,77.87999725341797,78.6500015258789,62.89936828613281,5729100,False,0.007914763321691004,0.012278941154718342,0.12276834457638389,45,48,16
WMT,2013-04-26,78.58000183105469,79.1500015258789,78.56999969482422,79.04000091552734,63.21124649047852,5923600,False,0.00494611560993735,0.010853188860904108,0.10851326780046049,45,48,16
WMT,2013-04-29,79.08000183105469,79.25,78.1500015258789,78.38999938964844,62.69139099121094,6156800,True,-0.008258102673820262,0.011564983211665714,0.11562999008300397,45,48,16
WMT,2013-04-30,78.27999877929688,78.30000305175781,77.37000274658203,77.72000122070312,62.15559387207031,7965800,False,-0.008583313553262376,0.009353755887086597,0.09352151063839574,46,48,16
WMT,2013-05-01,77.8499984741211,78.66000366210938,77.69000244140625,78.05999755859375,62.42750930786133,6260300,False,0.004365212627254261,0.007874048444878727,0.07872697494934655,46,48,16
WMT,2013-05-02,77.91000366210938,78.48999786376953,77.80000305175781,78.45999908447266,62.74741744995117,4519600,False,0.005111388468548874,0.007251636760664594,0.07250392597849896,47,48,16
WMT,2013-05-03,78.91999816894531,79.33999633789062,78.9000015258789,79.25,63.37919235229492,5604100,False,0.010018190250056172,0.008455870160200291,0.08454419387144985,46,48,16
WMT,2013-05-06,79.0999984741211,79.16000366210938,78.7699966430664,78.83000183105469,63.04328536987305,4805700,True,-0.005314051408433928,0.0077651736417118835,0.07763841371410218,46,48,16
WMT,2013-05-07,79.0999984741211,79.13999938964844,78.7699966430664,78.83000183105469,63.04328536987305,6571100,False,0.0,0.00577853732748992,0.05777545904242522,47,48,16
WMT,2013-05-08,78.55999755859375,78.66000366210938,77.77999877929688,78.25,62.95479965209961,8008500,False,-0.0014045567804448695,0.00596978779005846,0.059687635539825,47,48,16
WMT,2013-05-09,78.30999755859375,78.95999908447266,77.9000015258789,78.4000015258789,63.075477600097656,6516800,False,0.0019150633881163486,0.005674614972741105,0.05673641379444884,47,48,16
WMT,2013-05-10,78.47000122070312,78.91000366210938,78.27999877929688,78.88999938964844,63.46971893310547,5831200,False,0.006230858527964278,0.004251339289030304,0.042506098870441524,48,48,16
WMT,2013-05-13,78.80000305175781,78.94000244140625,77.91999816894531,78.5,63.15593719482422,7713900,True,-0.004956063252104584,0.004134880527938425,0.04134171106773815,48,48,16
WMT,2013-05-14,77.9800033569336,78.86000061035156,77.66999816894531,78.77999877929688,63.38121032714844,10013700,False,0.00356058872406952,0.0043585688955392774,0.04357821096176995,48,48,16
WMT,2013-05-15,78.80000305175781,79.95999908447266,78.6500015258789,79.86000061035156,64.2500991821289,8001100,False,0.013615817026759288,0.006748424795096306,0.06747266968323543,47,48,16
WMT,2013-05-16,78.0999984741211,78.86000061035156,77.33999633789062,78.5,63.15593719482422,12128600,False,-0.017176405750828763,0.011791504571518426,0.11789481503899153,45,48,16
WMT,2013-05-17,78.30000305175781,78.58999633789062,77.4000015258789,77.87000274658203,62.649070739746094,10669300,False,-0.008058013047861839,0.011712366122344442,0.1171035663250339,45,48,16
WMT,2013-05-20,77.87999725341797,77.9000015258789,77.36000061035156,77.4000015258789,62.27092742919922,5582600,True,-0.006054186216803631,0.011777638677759064,0.1177561798911022,45,48,16
WMT,2013-05-21,77.62000274658203,78.18000030517578,77.25,77.38999938964844,62.26288604736328,7484300,False,-0.00012914375016111036,0.01138682414274807,0.11384870506121818,45,48,16
WMT,2013-05-22,77.19000244140625,77.80000305175781,76.75,77.02999877929688,61.973262786865234,9031300,False,-0.004662472040282387,0.006285151479835748,0.06284073136833465,47,48,16
WMT,2013-05-23,76.83000183105469,76.94000244140625,76.25,76.33000183105469,61.410099029541016,8048200,False,-0.009128745722578406,0.003518137802105452,0.03517534195447421,48,48,16
WMT,2013-05-24,76.31999969482422,77.41000366210938,76.1500015258789,77.30999755859375,62.19852828979492,7589600,False,0.01275703759309257,0.008574176498163812,0.08572705427298329,46,48,16
WMT,2013-05-28,77.5199966430664,78.04000091552734,77.05999755859375,77.31999969482422,62.20660018920898,6059200,True,0.00012976795288216334,0.008179769593146922,0.08178366190646703,46,48,16
WMT,2013-05-29,77.05000305175781,77.05000305175781,76.05999755859375,76.2300033569336,61.32964706420898,5882300,False,-0.014197741561637148,0.010293108708841169,0.10291342720895846,45,48,16
WMT,2013-05-30,76.48999786376953,76.54000091552734,75.61000061035156,75.62999725341797,60.8469123840332,6228000,False,-0.007902288203734722,0.01052175482483938,0.10519949608095838,45,48,16
WMT,2013-05-31,75.36000061035156,75.62999725341797,74.81999969482422,74.83999633789062,60.21132659912109,9745700,False,-0.010500592613004928,0.010715834108727727,0.10713995593814946,45,48,16
WMT,2013-06-03,75.05999755859375,75.80000305175781,74.63999938964844,75.69000244140625,60.89517593383789,8440500,True,0.011293474565335544,0.010150709254300895,0.10148967697820085,45,48,16
WMT,2013-06-04,75.7699966430664,76.37999725341797,75.47000122070312,75.94000244140625,61.09632110595703,9344000,False,0.003297694663715522,0.01058104138111704,0.1057922599258316,45,48,16
WMT,2013-06-05,75.72000122070312,75.94999694824219,75.06999969482422,75.25,60.541202545166016,6778600,False,-0.009127486290085817,0.009499373657823738,0.09497743850945917,46,48,16
WMT,2013-06-06,75.2699966430664,75.73999786376953,74.83999633789062,75.62999725341797,60.8469123840332,9425100,False,0.005036909674039621,0.009452000689237862,0.09450379010136967,46,48,16
WMT,2013-06-07,76.37999725341797,76.87000274658203,76.19000244140625,76.33000183105469,61.410099029541016,8347200,False,0.009213224219397336,0.007972694158653459,0.07971326284071135,46,48,16
WMT,2013-06-10,76.27999877929688,76.6500015258789,75.66000366210938,75.75,60.94345474243164,6731500,True,-0.007627838102293575,0.008100895894848487,0.080995060247032,46,48,16
WMT,2013-06-11,75.41999816894531,75.83000183105469,74.98999786376953,75.25,60.541202545166016,6006400,False,-0.006622295791143346,0.008350770623452734,0.08349337882317638,46,48,16
WMT,2013-06-12,75.47000122070312,75.70999908447266,74.6500015258789,74.83999633789062,60.21132659912109,4731100,False,-0.005463682938965357,0.007683979116440161,0.0768266077667755,46,48,16
WMT,2013-06-13,74.77999877929688,75.33000183105469,74.55999755859375,75.0,60.34005737304688,7239500,False,0.0021357004559359126,0.007199669779098101,0.07198434532254816,47,48,16
WMT,2013-06-14,74.83999633789062,75.2699966430664,74.80000305175781,74.87000274658203,60.23546600341797,6351500,False,-0.0017348694483434852,0.004026886237037162,0.04026195344445531,48,48,16
WMT,2013-06-17,75.0,75.44999694824219,74.51000213623047,74.94999694824219,60.29982376098633,6480600,True,0.001067865913956791,0.0038688701274704985,0.038682063456917964,48,48,16
WMT,2013-06-18,75.0,75.87999725341797,74.80000305175781,75.7300033569336,60.92737579345703,6739700,False,0.010353413104338722,0.005866651540980691,0.05865644999983813,47,48,16
WMT,2013-06-19,75.73999786376953,75.95999908447266,74.33999633789062,74.45999908447266,59.9056282043457,8329100,False,-0.016912133416619526,0.009959205264947913,0.09957496564793238,46,48,16
WMT,2013-06-20,74.5,74.66000366210938,73.01000213623047,73.02999877929688,58.75515365600586,9069700,False,-0.01939158973191921,0.012566831393857099,0.1256467530346884,44,48,16
WMT,2013-06-21,73.5199966430664,74.19999694824219,73.25,73.51000213623047,59.14132690429688,14564500,False,0.006551079855137902,0.013657382377152012,0.13655039181007392,44,48,16
WMT,2013-06-24,73.05000305175781,74.79000091552734,72.9000015258789,74.19999694824219,59.69642639160156,9697300,True,0.009342208333320232,0.014825754095760901,0.14823210442161777,44,48,16
WMT,2013-06-25,74.2699966430664,74.75,73.83999633789062,74.37000274658203,59.83320617675781,7217800,False,0.002288634908681457,0.013525951308215095,0.13523630661689834,44,48,16
WMT,2013-06-26,74.62000274658203,75.18000030517578,74.54000091552734,75.01000213623047,60.34810256958008,5478400,False,0.008568712533070812,0.011979741535772342,0.11977686172350203,45,48,16
WMT,2013-06-27,75.4800033569336,76.11000061035156,75.23999786376953,75.26000213623047,60.54923248291016,7087800,False,0.0033272875502042987,0.0031220481219686926,0.03121512472389535,48,48,16
WMT,2013-06-28,75.11000061035156,75.66000366210938,74.44999694824219,74.48999786376953,59.92974090576172,14548300,False,-0.010283902982089746,0.007869116055233528,0.07867765951539205,46,48,16
WMT,2013-07-01,74.98999786376953,75.27999877929688,74.0999984741211,74.58999633789062,60.01021957397461,6697700,True,0.0013419827715291897,0.006924483614495881,0.06923295581323718,47,48,16
WMT,2013-07-02,74.30999755859375,75.68000030517578,74.20999908447266,74.70999908447266,60.106746673583984,6726400,False,0.0016072187535791861,0.006900639794803029,0.06899455852513353,47,48,16
WMT,2013-07-03,74.41000366210938,75.12000274658203,74.08999633789062,74.76000213623047,60.14697647094727,2316400,False,0.0006690819678945304,0.005464255473544553,0.054633179716129784,47,48,16
WMT,2013-07-05,75.1500015258789,75.26000213623047,74.41000366210938,75.20999908447266,60.509033203125,5443900,True,0.006001488361238463,0.006052273325470769,0.06051234937357235,47,48,16
WMT,2013-07-08,75.68000030517578,76.7699966430664,75.68000030517578,76.70999908447266,61.7158203125,6713400,True,0.019747642020550273,0.008036323303350922,0.08034944511920668,46,48,16
WMT,2013-07-09,76.95999908447266,77.44000244140625,76.73999786376953,77.02999877929688,61.973262786865234,5273100,False,0.004162741604514983,0.007731926925681633,0.07730600359516725,46,48,16
WMT,2013-07-10,76.95999908447266,77.5,76.44999694824219,76.7699966430664,61.764102935791016,5144300,False,-0.0033807096031728636,0.008763872647658323,0.08762369030637665,46,48,16
WMT,2013-07-11,77.44999694824219,77.75,77.33000183105469,77.62999725341797,62.455997467041016,4680700,False,0.011139931206344359,0.00858808261263124,0.08586609155894664,46,48,16
WMT,2013-07-12,77.61000061035156,77.66999816894531,77.33000183105469,77.62999725341797,62.455997467041016,4457700,False,0.0,0.0092497603844419,0.09248173403696032,46,48,16
WMT,2013-07-15,77.30000305175781,77.30000305175781,76.69999694824219,77.02999877929688,61.973262786865234,4887200,True,-0.007759221603171568,0.007238707044820982,0.07237465100356731,47,48,16
WMT,2013-07-16,76.9800033569336,77.44999694824219,76.9000015258789,77.37000274658203,62.24681091308594,4707600,False,0.004404257061704996,0.007267234150670019,0.07265987311812203,47,48,16
WMT,2013-07-17,77.62000274658203,77.79000091552734,77.08999633789062,77.19999694824219,62.110050201416016,5351300,False,-0.0021994888835047293,0.007111598033744018,0.07110377897363958,47,48,16
WMT,2013-07-18,77.22000122070312,77.55000305175781,77.01000213623047,77.33999633789062,62.22267150878906,4149900,False,0.0018116122067511325,0.004607627323581314,0.04606836793281853,48,48,16
WMT,2013-07-19,77.44999694824219,78.16999816894531,77.33999633789062,78.08000183105469,62.81804275512695,6825900,False,0.009522910184041186,0.006552226133391618,0.06551101968409598,47,48,16
WMT,2013-07-22,77.88999938964844,78.25,77.7300033569336,77.87000274658203,62.649070739746094,4158200,True,-0.0026934885617454466,0.005048058665749091,0.05047192570674885,47,48,16
WMT,2013-07-23,77.95999908447266,78.62999725341797,77.80000305175781,78.55000305175781,63.19618225097656,5252900,False,0.008695043240783707,0.0058275403412695395,0.05826540510578475,47,48,16
WMT,2013-07-24,78.68000030517578,78.69000244140625,77.72000122070312,78.2300033569336,62.93870544433594,4930000,False,-0.004082568573480895,0.00629211179606914,0.06291032258885886,47,48,16
WMT,2013-07-25,78.05000305175781,78.45999908447266,77.62999725341797,78.01000213623047,62.7617073059082,5920200,False,-0.0028161921116281845,0.006768718963331764,0.06767557654689968,47,48,16
WMT,2013-07-26,77.93000030517578,78.02999877929688,77.0999984741211,78.0,62.75365829467773,5349100,False,-0.00012825539252498438,0.0051783949489159565,0.05177506492054712,47,48,16
WMT,2013-07-29,77.83000183105469,78.25,77.77999877929688,77.98999786376953,62.74562072753906,3465000,True,-0.00012808945537019558,0.004994012811642321,0.04993155989211545,48,48,16
WMT,2013-07-30,78.20999908447266,78.36000061035156,77.69000244140625,77.88999938964844,62.665157318115234,4533700,False,-0.001283197851390948,0.0017347020237965293,0.017344044010909495,49,48,16
WMT,2013-07-31,77.91999816894531,78.4800033569336,77.7300033569336,77.94000244140625,62.70538711547852,6040800,False,0.0006417743326528248,0.0013475500822729119,0.013473188831990142,49,48,16
WMT,2013-08-01,78.41999816894531,78.66999816894531,78.11000061035156,78.22000122070312,62.930660247802734,5168700,False,0.0035861264099809704,0.0018375374968060273,0.018372222306254953,49,48,16
WMT,2013-08-02,78.25,78.75,78.0,78.75,63.3570442199707,6123900,False,0.00675260658416285,0.0032488029287307293,0.03248245531838191,48,48,16
WMT,2013-08-05,78.62000274658203,79.0,78.43000030517578,78.7699966430664,63.37316131591797,3906100,True,0.0002543528745338691,0.0031927279874761016,0.031921802113573344,48,48,16
WMT,2013-08-06,78.55999755859375,78.56999969482422,77.55999755859375,77.87000274658203,62.649070739746094,6700900,False,-0.011491600057719011,0.006909744148727122,0.06908558644404077,47,48,16
WMT,2013-08-07,77.16000366210938,77.62999725341797,76.62000274658203,77.37000274658203,62.62480163574219,5819700,False,-0.00038745675929573924,0.006899256192962489,0.06898072488057284,47,48,16
WMT,2013-08-08,77.51000213623047,77.88999938964844,76.93000030517578,77.25,62.52766036987305,4474700,False,-0.0015523671499601548,0.0065579051650814036,0.06556780025748313,47,48,16
WMT,2013-08-09,77.20999908447266,77.31999969482422,76.7699966430664,76.9000015258789,62.24435424804688,5764600,False,-0.004541188335611268,0.004809277020704089,0.048084518933801175,48,48,16
WMT,2013-08-12,76.55999755859375,77.38999938964844,76.48999786376953,77.08000183105469,62.39006423950195,5787000,True,0.0023381993450677617,0.0052872353921187,0.05286328261510185,47,48,16
WMT,2013-08-13,77.16999816894531,77.25,76.22000122070312,76.86000061035156,62.21198272705078,6381000,False,-0.0028584062306777703,0.0025988750692536484,0.0259842918043876,48,48,16
WMT,2013-08-14,76.80999755859375,77.22000122070312,76.2300033569336,76.4000015258789,61.839656829833984,6820100,False,-0.006002774595435723,0.0031963963874269957,0.031958479819211044,48,48,16
WMT,2013-08-15,74.45999908447266,75.08000183105469,74.02999877929688,74.41000366210938,60.22892379760742,13221500,False,-0.026392156255996436,0.011025470465797554,0.11023578826596524,45,48,16
WMT,2013-08-16,74.12000274658203,74.5,73.69999694824219,74.11000061035156,59.98609924316406,7254500,False,-0.004039842584548664,0.011061228356691356,0.11059330582511473,45,48,16
WMT,2013-08-19,73.87999725341797,73.93000030517578,73.20999908447266,73.58000183105469,59.55709838867188,5364900,True,-0.0071773669207393625,0.009704152266693213,0.0970248732596371,46,48,16
WMT,2013-08-20,73.55000305175781,73.62000274658203,73.19999694824219,73.2300033569336,59.27379989624024,6663100,False,-0.00476810380546647,0.009420978552790308,0.09419362196155205,46,48,16
WMT,2013-08-21,73.16000366210938,74.12999725341797,72.93000030517578,73.55000305175781,59.53282928466797,8077900,False,0.004360527702028966,0.011369611667230804,0.11367660983747778,45,48,16
WMT,2013-08-22,73.80999755859375,74.02999877929688,73.23999786376953,73.45999908447266,59.4599723815918,3947400,False,-0.0012245599928788432,0.004417645030471214,0.04416887095420569,48,48,16
WMT,2013-08-23,73.6500015258789,73.75,73.02999877929688,73.44000244140625,59.44376754760742,5474100,False,-0.0002725706372962175,0.004425512433906686,0.04424753149046181,48,48,16
WMT,2013-08-26,73.63999938964844,73.75,73.02999877929688,73.02999877929688,59.111934661865234,5348200,True,-0.005597938287387467,0.003981263438768937,0.039805803736776314,48,48,16
WMT,2013-08-27,72.68000030517578,73.11000061035156,72.51000213623047,72.86000061035156,58.97431564331055,5787600,False,-0.0023308231145118675,0.00361338172872588,0.03612761781073982,48,48,16
WMT,2013-08-28,72.66000366210938,72.86000061035156,72.2699966430664,72.37999725341797,58.5858039855957,5608600,False,-0.006609606613977897,0.002765996548038712,0.02765521986203331,48,48,16
WMT,2013-08-29,72.3499984741211,72.87999725341797,72.2300033569336,72.43000030517578,58.62626266479492,4088200,False,0.000690350097259524,0.003206603453348367,0.03206053296616885,48,48,16
WMT,2013-08-30,72.63999938964844,73.06999969482422,72.58000183105469,72.9800033569336,59.07143783569336,6066200,False,0.007564757713247129,0.005706636921325066,0.05705657834025353,47,48,16
WMT,2013-09-03,73.4800033569336,73.58000183105469,72.54000091552734,72.68000030517578,58.82861709594727,7157000,True,-0.004119100423063109,0.005458302666320635,0.054573661857117824,47,48,16
WMT,2013-09-04,72.69999694824219,73.12000274658203,72.44999694824219,72.91000366210938,59.01478958129883,4667500,False,0.0031596615455725275,0.005662273288732782,0.056613018128984276,47,48,16
WMT,2013-09-05,72.83999633789062,73.4800033569336,72.62000274658203,72.66999816894531,58.82051849365234,4680500,False,-0.003297335354515327,0.004804364631611319,0.04803540347105602,48,48,16
WMT,2013-09-06,72.69999694824219,73.16000366210938,72.19000244140625,72.58999633789062,58.75575637817383,5790200,False,-0.001101618878443346,0.0048807884680491164,0.04879951071511097,48,48,16
WMT,2013-09-09,72.8499984741211,73.6500015258789,72.69999694824219,73.51000213623047,59.500450134277344,5523000,True,0.012594748675400282,0.006840891020096483,0.06839717328899927,47,48,16
WMT,2013-09-10,73.66000366210938,74.20999908447266,73.56999969482422,73.95999908447266,59.86465835571289,6845300,False,0.0061024424355789735,0.006264608927906119,0.06263534109388041,47,48,16
WMT,2013-09-11,74.0,74.23999786376953,73.66000366210938,74.05000305175781,59.9375228881836,5335800,False,0.0012164142705707503,0.006350044608006392,0.06348955131294622,47,48,16
WMT,2013-09-12,74.18000030517578,74.5199966430664,73.7699966430664,73.91000366210938,59.82420349121094,5261800,False,-0.0018924147842070815,0.006018462801919046,0.060174302146746864,47,48,16
WMT,2013-09-13,74.12999725341797,74.4000015258789,73.9800033569336,74.36000061035156,60.18841552734375,4020400,False,0.0060695809696662195,0.005515776316117229,0.05514829974758278,47,48,16
WMT,2013-09-16,74.9000015258789,75.19000244140625,74.69000244140625,74.77999877929688,60.52839660644531,4200600,True,0.005632719618555849,0.0036121074362961553,0.03611487707274521,48,48,16
WMT,2013-09-17,74.83999633789062,75.47000122070312,74.79000091552734,75.1500015258789,60.82787704467773,4291800,False,0.00493556760047054,0.003428987621928184,0.034283993107603654,48,48,16
WMT,2013-09-18,75.16000366210938,76.52999877929688,74.9000015258789,76.41999816894531,61.85584259033203,6881700,False,0.016758370331047816,0.006686800409454689,0.06685653155573484,47,48,16
WMT,2013-09-19,76.5,76.52999877929688,75.62000274658203,76.20999908447266,61.68587493896485,7109500,False,-0.0027515848412159095,0.006955616551805935,0.06954423177157883,47,48,16
WMT,2013-09-20,76.31999969482422,76.44999694824219,75.83000183105469,75.83000183105469,61.37830352783203,8847600,False,-0.004998563438525858,0.008556273232805832,0.08554805233602342,46,48,16
WMT,2013-09-23,75.38999938964844,76.43000030517578,75.19999694824219,76.41999816894531,61.85584259033203,5604700,True,0.0077501482797417125,0.00871348192517501,0.08711986953687104,46,48,16
WMT,2013-09-24,76.4000015258789,76.7300033569336,75.69000244140625,75.75,61.31352996826172,6874800,False,-0.0088060223952788,0.010468556406995079,0.10466760317500386,45,48,16
WMT,2013-09-25,75.91000366210938,75.94000244140625,73.55999755859375,74.6500015258789,60.42317199707031,14972300,False,-0.014627862146877764,0.008281193247542068,0.08279772443792519,46,48,16
WMT,2013-09-26,74.77999877929688,74.9800033569336,74.22000122070312,74.62000274658203,60.39888000488281,5078100,False,-0.0004021119011359179,0.0084826591892083,0.0848120381996115,46,48,16
WMT,2013-09-27,74.37999725341797,74.45999908447266,74.06999969482422,74.36000061035156,60.18841552734375,4214600,False,-0.003490661106781563,0.00847472190802367,0.084732679005753,46,48,16
WMT,2013-09-30,74.27999877929688,74.5999984741211,73.73999786376953,73.95999908447266,59.86465835571289,6752500,True,-0.005393580456029873,0.005450566609493292,0.054496314561591715,47,48,16
WMT,2013-10-01,73.87000274658203,73.88999938964844,73.31999969482422,73.58999633789062,59.5651741027832,5675500,False,-0.005015244089357624,0.00531933773213583,0.053184250937310704,47,48,16
WMT,2013-10-02,73.38999938964844,73.72000122070312,73.04000091552734,73.72000122070312,59.67042541503906,7376100,False,0.0017654348201108525,0.003093358904345387,0.030928281769733015,48,48,16
WMT,2013-10-03,73.52999877929688,73.52999877929688,72.94999694824219,73.16000366210938,59.21714401245117,7179600,False,-0.007625416200875118,0.0035215239325260173,0.03520919744909825,48,48,16
WMT,2013-10-04,73.01000213623047,73.37999725341797,72.79000091552734,72.80000305175781,58.92575073242188,5747700,False,-0.0049329055555065405,0.003533346820699294,0.035327406046309996,48,48,16
WMT,2013-10-07,72.41999816894531,72.41999816894531,71.51000213623047,71.87000274658203,58.17300033569336,6886400,True,-0.012856853875695375,0.005284703930646697,0.05283797234360851,47,48,16
WMT,2013-10-08,71.8499984741211,73.19000244140625,71.80000305175781,72.9000015258789,59.00669479370117,9224200,False,0.014229573208849468,0.010435861527839999,0.10434071047803449,45,48,16
WMT,2013-10-09,72.83000183105469,73.33999633789062,72.56999969482422,73.0,59.08763885498047,6467400,False,0.001370837557641007,0.010402803089542677,0.10401018281340087,45,48,16
WMT,2013-10-10,73.4800033569336,74.87000274658203,73.2699966430664,74.79000091552734,60.536502838134766,7680200,False,0.024224789683495177,0.014863718420596283,0.14861168253460585,44,48,16
WMT,2013-10-11,74.61000061035156,74.83000183105469,73.83000183105469,74.81999969482422,60.56077575683594,6529200,False,0.0004008829811514125,0.014202507155242784,0.142000704320779,44,48,16
WMT,2013-10-14,74.33999633789062,74.70999908447266,73.75,74.68000030517578,60.44744873046875,5904000,True,-0.0018730472243435256,0.01118792116903647,0.11186001658179584,45,48,16
WMT,2013-10-15,74.43000030517578,75.37000274658203,73.98999786376953,74.37000274658203,60.196533203125,8993300,False,-0.004159608877421903,0.011510646111668127,0.11508671230915278,45,48,16
WMT,2013-10-16,74.80999755859375,75.62000274658203,74.56999969482422,75.5999984741211,61.1921272277832,5914500,False,0.016403778505968372,0.012569214479697624,0.1256705798044349,44,48,16
WMT,2013-10-17,75.48999786376953,76.12000274658203,71.69000244140625,75.77999877929688,61.33781433105469,6395100,False,0.002377984843064395,0.00807969169689566,0.0807830546475314,46,48,16
WMT,2013-10-18,75.80000305175781,75.93000030517578,75.4800033569336,75.70999908447266,61.28116226196289,6788500,False,-0.0009240343492803733,0.008192020244948316,0.0819061474060462,46,48,16
WMT,2013-10-21,75.72000122070312,75.81999969482422,74.81999969482422,75.1500015258789,60.82787704467773,5364100,True,-0.007424303752744559,0.009221484133853566,0.09219902004462045,46,48,16
WMT,2013-10-22,75.43000030517578,76.48999786376953,75.20999908447266,76.31999969482422,61.77490615844727,6948500,False,0.015449044871701163,0.010433185305038032,0.10431395284160842,45,48,16
WMT,2013-10-23,76.18000030517578,76.3499984741211,75.80999755859375,75.9000015258789,61.43495178222656,5870100,False,-0.005518312326410844,0.009050093579168778,0.09048540855242805,46,48,16
WMT,2013-10-24,76.02999877929688,76.51000213623047,75.81999969482422,76.41999816894531,61.85584259033203,5864300,False,0.0068276377857573005,0.009454757973980385,0.09453135821812338,46,48,16
WMT,2013-10-25,76.37000274658203,76.76000213623047,75.77999877929688,76.08000183105469,61.58061981201172,6458800,False,-0.004459350649707996,0.009823376703892661,0.0982169130783476,46,48,16
WMT,2013-10-28,76.16000366210938,77.20999908447266,76.05000305175781,77.13999938964844,62.43861389160156,7032400,True,0.013836688758455774,0.009880107653747831,0.09878412524364807,46,48,16
WMT,2013-10-29,77.25,77.62999725341797,76.75,77.05999755859375,62.37387466430664,7437600,False,-0.001037383900438212,0.008228952217881507,0.08227540377121784,46,48,16
WMT,2013-10-30,77.2699966430664,77.52999877929688,76.55999755859375,76.91000366210938,62.25247573852539,4646000,False,-0.0019482070009499749,0.007547808451880584,0.0754651347490942,46,48,16
WMT,2013-10-31,76.87999725341797,77.1500015258789,76.5999984741211,76.75,62.122955322265625,4612400,False,-0.0020827338964672956,0.007362671071555347,0.07361407858591651,47,48,16
WMT,2013-11-01,76.97000122070312,77.4000015258789,76.58999633789062,77.06999969482422,62.38197326660156,5116100,False,0.004160772122816589,0.006792328850302666,0.06791163490914205,47,48,16
WMT,2013-11-04,77.22000122070312,77.6500015258789,77.19999694824219,77.33000183105469,62.592430114746094,4704100,True,0.0033680024291753057,0.0030271339077312916,0.0302661454257727,48,48,16
WMT,2013-11-05,76.80999755859375,77.61000061035156,76.72000122070312,77.41999816894531,62.665260314941406,5085500,False,0.001162886017662486,0.002906742091260553,0.029062433817221102,48,48,16
WMT,2013-11-06,77.63999938964844,78.27999877929688,77.30000305175781,78.16000366210938,63.26425552368164,4829200,False,0.009513253858976304,0.004267979831181923,0.042672475741791116,48,48,16
WMT,2013-11-07,78.19000244140625,78.22000122070312,77.23999786376953,77.51000213623047,62.73811340332031,8347600,False,-0.008351353753503429,0.0065352189293246925,0.06534097682267492,47,48,16
WMT,2013-11-08,77.48999786376953,77.95999908447266,76.79000091552734,77.95999908447266,63.10234069824219,5793800,False,0.00578873168582658,0.0067098287215329126,0.06708677516685807,47,48,16
WMT,2013-11-11,77.86000061035156,79.06999969482422,77.79000091552734,79.01000213623047,63.95222854614258,7450500,True,0.013378511757876617,0.00839213823762042,0.08390698399046638,46,48,16
WMT,2013-11-12,78.8499984741211,78.97000122070312,78.25,78.70999908447266,63.70940017700195,5266100,False,-0.003804254487858826,0.009118649302367183,0.0911708481634055,46,48,16
WMT,2013-11-13,78.41999816894531,78.98999786376953,78.3499984741211,78.9000015258789,63.86322784423828,8286700,False,0.002411610455561424,0.008437532316296997,0.08436084689464293,46,48,16
WMT,2013-11-14,77.75,79.52999877929688,77.68000030517578,79.08000183105469,64.00892639160156,9302100,False,0.0022788168586834797,0.006275892646449355,0.06274815891984473,47,48,16
WMT,2013-11-15,78.93000030517578,79.29000091552734,78.75,79.22000122070312,64.12223815917969,5911100,False,0.0017686844182568523,0.006248605056051018,0.062475329833161224,47,48,16
WMT,2013-11-18,79.2300033569336,79.31999969482422,78.91000366210938,79.22000122070312,64.12223815917969,5962700,True,0.0,0.0026076720770970277,0.026072246789801155,48,48,16
WMT,2013-11-19,79.30000305175781,79.3499984741211,78.87999725341797,79.25,64.1465072631836,4455000,False,0.0003784102544012103,0.0011101766495178371,0.011099861765872887,49,48,16
WMT,2013-11-20,79.30999755859375,79.38999938964844,78.48999786376953,78.9000015258789,63.86322784423828,4511300,False,-0.004425911531341542,0.00264826065799344,0.026478062960965262,48,48,16
WMT,2013-11-21,78.73999786376953,79.19999694824219,78.55000305175781,78.86000061035156,63.830848693847656,3841000,False,-0.0005071363051820878,0.0023219071902784156,0.02321508820823261,49,48,16
WMT,2013-11-22,78.87000274658203,79.87000274658203,78.75,79.80999755859375,64.59979248046875,4812100,False,0.011974603067886096,0.006171892244429077,0.06170833333305936,47,48,16
WMT,2013-11-25,80.05999755859375,80.56999969482422,79.91000366210938,80.43000030517578,65.10162353515625,5670400,True,0.007738289592899993,0.0066578295916720895,0.06656687308312077,47,48,16
WMT,2013-11-26,80.44000244140625,80.68000030517578,80.11000061035156,80.68000030517578,65.30397033691406,5537800,False,0.003103347918534203,0.006495905947990942,0.06494791445859216,47,48,16
WMT,2013-11-27,80.55000305175781,81.0,80.37999725341797,80.93000030517578,65.50630950927734,4813300,False,0.0030936304696531406,0.004839188025449087,0.04838357766296111,48,48,16
WMT,2013-11-29,81.16999816894531,81.3499984741211,80.81999969482422,81.01000213623047,65.57109069824219,3447200,True,0.0009884418539984037,0.004436967774751976,0.04436206524499439,48,48,16
WMT,2013-12-02,80.88999938964844,81.27999877929688,80.37000274658203,81.11000061035156,65.65203857421875,6178400,True,0.0012337441835611866,0.00270965503090761,0.02709190135582405,48,48,16
WMT,2013-12-03,81.20999908447266,81.33000183105469,80.69999694824219,81.20999908447266,65.73295593261719,7506400,False,0.0012317596683402163,0.001071170446524288,0.010709866658852743,49,48,16
WMT,2013-12-04,80.63999938964844,81.37000274658203,79.91000366210938,80.22000122070312,65.30962371826172,7641200,False,-0.006461009667800029,0.0037192092757693807,0.037185711712925965,48,48,16
WMT,2013-12-05,79.72000122070312,79.7699966430664,78.87000274658203,79.44000244140625,64.67459869384766,6450000,False,-0.009770879338729848,0.005209988864440028,0.052090949870128946,47,48,16
WMT,2013-12-06,79.70999908447266,80.2300033569336,79.63999938964844,79.94000244140625,65.08164978027344,5088100,False,0.0062741089772547845,0.006488291157255989,0.06487177961593378,47,48,16
WMT,2013-12-09,80.23999786376953,80.43000030517578,79.69999694824219,79.94999694824219,65.08979797363281,4491600,True,0.00012519171462890025,0.006389781424337424,0.0638868512998284,47,48,16
WMT,2013-12-10,79.72000122070312,79.80000305175781,79.05000305175781,79.08000183105469,64.38153076171875,6285700,False,-0.010941021215037792,0.007245554155012149,0.0724431103578968,47,48,16
WMT,2013-12-11,79.0999984741211,79.72000122070312,79.05000305175781,79.08999633789062,64.3896255493164,5998800,False,0.0001257236145145504,0.007319809758446892,0.07318553899195705,47,48,16
WMT,2013-12-12,79.11000061035156,79.26000213623047,78.4000015258789,78.5,63.909324645996094,5691600,False,-0.0074872498387420685,0.006834166401269568,0.06832993863815397,47,48,16
WMT,2013-12-13,78.7300033569336,78.7699966430664,77.93000030517578,78.08000183105469,63.56739044189453,4981200,False,-0.0053646663851905805,0.0048407287465004984,0.048398982230061185,48,48,16
WMT,2013-12-16,78.25,78.5,77.5999984741211,77.73999786376953,63.29056930541992,6146900,True,-0.004364276020330595,0.004075976196730326,0.040752768817777243,48,48,16
WMT,2013-12-17,77.73999786376953,77.88999938964844,77.22000122070312,77.25,62.89164352416992,5765400,False,-0.006323032405528585,0.002925901563475529,0.02925399566747771,48,48,16
WMT,2013-12-18,77.27999877929688,77.9800033569336,76.80999755859375,77.94000244140625,63.45340347290039,10633700,False,0.00889253142787044,0.006708915528671195,0.06707764480500525,47,48,16
WMT,2013-12-19,77.66999816894531,77.83000183105469,77.19999694824219,77.23999786376953,62.88351440429688,5955400,False,-0.009021795743944353,0.006998405231027194,0.06997204515128423,47,48,16
WMT,2013-12-20,77.27999877929688,77.87999725341797,77.25,77.43000030517578,63.0382080078125,9568800,False,0.002456981660876583,0.007272512700186597,0.07271264955688407,47,48,16
WMT,2013-12-23,77.7300033569336,77.98999786376953,77.37000274658203,77.87000274658203,63.39641189575195,4491900,True,0.005666246263831843,0.007714197233504775,0.07712873709221921,46,48,16
WMT,2013-12-24,77.94999694824219,78.23999786376953,77.62999725341797,78.01000213623047,63.51038360595703,2094900,False,0.0017961487467290794,0.006757771629384149,0.06756612198975677,47,48,16
WMT,2013-12-26,78.05999755859375,78.5199966430664,77.97000122070312,78.38999938964844,63.81974411010742,2778200,True,0.0048591974014693005,0.005910705423441133,0.059096913241227046,47,48,16
WMT,2013-12-27,78.5999984741211,78.93000030517578,78.30000305175781,78.47000122070312,63.88487243652344,3050000,False,0.0010199839884203828,0.0020063982209611838,0.02006053983357952,49,48,16
WMT,2013-12-30,78.61000061035156,78.87999725341797,78.43000030517578,78.62999725341797,64.0151596069336,3086500,True,0.0020373288949799354,0.0020514158022571912,0.020510638409906676,49,48,16
WMT,2013-12-31,78.66000366210938,78.87000274658203,78.3499984741211,78.69000244140625,64.06400299072266,3859100,False,0.0007627062071019508,0.0016327960260925163,0.016325158873918756,49,48,16
WMT,2014-01-02,78.72000122070312,79.47000122070312,78.5,78.91000366210938,64.24311828613281,6878000,True,0.00279197927566586,0.001647883363257874,0.01647600636023845,49,48,16
WMT,2014-01-03,78.80999755859375,79.12999725341797,78.5199966430664,78.6500015258789,64.03144073486328,4957400,False,-0.0033003854392842694,0.002359403177150592,0.023589983745115773,49,48,16
WMT,2014-01-06,78.86000061035156,78.91000366210938,77.79000091552734,78.20999908447266,63.67321395874024,7280200,True,-0.0056102530730646255,0.0036294768363615234,0.036288541272731276,48,48,16
WMT,2014-01-07,78.16999816894531,78.8499984741211,77.91999816894531,78.44999694824219,63.86857986450195,5012300,False,0.003063561405314793,0.0038431350886386963,0.03842475722218817,48,48,16
WMT,2014-01-08,78.5,78.51000213623047,77.5999984741211,77.83000183105469,63.36383056640625,5955200,False,-0.007934329694219333,0.0049585311479332025,0.049576804130890016,48,48,16
WMT,2014-01-09,78.38999938964844,78.4000015258789,77.48999786376953,78.08999633789062,63.57550430297852,5916300,False,0.003335040836397693,0.005099109353075219,0.05098234499238139,47,48,16
WMT,2014-01-10,78.30999755859375,78.72000122070312,77.54000091552734,78.04000091552734,63.534793853759766,5181300,False,-0.0006405531448056469,0.005079879922702741,0.05079008368057693,47,48,16
WMT,2014-01-13,77.5999984741211,77.97000122070312,77.23999786376953,77.48999786376953,63.087039947509766,6157900,True,-0.0070723311946214945,0.005403293125569397,0.05402366082943625,47,48,16
WMT,2014-01-14,77.45999908447266,78.0,77.37999725341797,77.95999908447266,63.46967315673828,4088200,False,0.006046844386776024,0.006189057277808241,0.06187995421681517,47,48,16
WMT,2014-01-15,77.95999908447266,78.0999984741211,77.56999969482422,77.66000366210938,63.2254524230957,4992400,False,-0.0038552554411610887,0.005292023573140553,0.05291115621024153,47,48,16
WMT,2014-01-16,77.38999938964844,77.47000122070312,76.3499984741211,76.76000213623047,62.49274063110352,7201500,False,-0.011656548199020714,0.006684215590260951,0.06683068779856996,47,48,16
WMT,2014-01-17,76.7300033569336,76.81999969482422,76.02999877929688,76.19000244140625,62.02867889404297,11440700,False,-0.007453559191049803,0.006666402278037938,0.06665258523862723,47,48,16
WMT,2014-01-21,76.25,76.38999938964844,74.86000061035156,75.83999633789062,61.74374771118164,8971100,True,-0.004604122162030171,0.006546203312469945,0.06545080180822893,47,48,16
WMT,2014-01-22,76.08000183105469,76.08000183105469,75.02999877929688,75.3499984741211,61.34479141235352,5853700,False,-0.00648245074240054,0.00306622316900566,0.030656970973098,48,48,16
WMT,2014-01-23,74.83999633789062,75.12000274658203,74.47000122070312,74.95999908447266,61.02728271484375,6006300,False,-0.005189246194785342,0.002790442904369171,0.02789964148274135,48,48,16
WMT,2014-01-24,74.7300033569336,75.12000274658203,74.2300033569336,74.41999816894531,60.58767318725586,9332800,False,-0.007229562171288511,0.0012529265225099016,0.012527115579935716,49,48,16
WMT,2014-01-27,74.12999725341797,74.37000274658203,73.83000183105469,74.1500015258789,60.36784744262695,9088700,True,-0.003634823536969372,0.0014412453396061794,0.014409980652434973,49,48,16
WMT,2014-01-28,74.26000213623047,75.4000015258789,74.0999984741211,74.66999816894531,60.791202545166016,6023400,False,0.006988447426404282,0.005807787020069024,0.05806790578453904,47,48,16
WMT,2014-01-29,75.29000091552734,75.37000274658203,74.06999969482422,74.0999984741211,60.3271369934082,8433700,False,-0.007663047965156927,0.006000015350523869,0.05998985928307462,47,48,16
WMT,2014-01-30,74.54000091552734,75.08999633789062,74.36000061035156,74.75,60.85631942749024,6732900,False,0.008733631031507098,0.007869903434903418,0.07868553196118419,46,48,16
WMT,2014-01-31,73.91999816894531,75.19000244140625,73.63999938964844,74.68000030517578,60.79932403564453,10544800,False,-0.0009369955127969053,0.006990972510114444,0.06989773069447085,47,48,16
WMT,2014-02-03,74.19000244140625,74.5,72.54000091552734,72.66000366210938,59.15477752685547,10430700,True,-0.027421314228031003,0.014613617788962967,0.14611110531575247,44,48,16
WMT,2014-02-04,72.66999816894531,73.0999984741211,72.30000305175781,72.7300033569336,59.21178817749024,7755500,False,0.0009632898395590427,0.013694321652368259,0.1369197211855476,44,48,16
WMT,2014-02-05,72.2699966430664,73.16000366210938,72.2699966430664,72.87000274658203,59.32574844360352,4774300,False,0.0019227715451399197,0.013943380699454597,0.1394098843459771,44,48,16
WMT,2014-02-06,72.97000122070312,73.20999908447266,72.5,72.81999969482422,59.2850456237793,7353100,False,-0.0006863257554592444,0.012460419891054333,0.12458282057680208,45,48,16
WMT,2014-02-07,73.05000305175781,73.80000305175781,72.5,73.75,60.04219055175781,7287600,False,0.012690398495686706,0.014888457053946676,0.14885902642405377,44,48,16
WMT,2014-02-10,73.58999633789062,73.76000213623047,72.95999908447266,73.76000213623047,60.05032730102539,6204100,True,0.00013550801374668527,0.005500150289710924,0.05499206629308237,47,48,16
WMT,2014-02-11,73.9000015258789,74.8499984741211,73.66999816894531,74.80000305175781,60.89702606201172,6511200,False,0.014001341401212345,0.007137157173389841,0.0713593265182997,47,48,16
WMT,2014-02-12,74.22000122070312,75.18000030517578,74.22000122070312,74.95999908447266,61.02728271484375,5339800,False,0.002136681416445721,0.007110098719454177,0.07108878840311365,47,48,16
WMT,2014-02-13,74.68000030517578,75.48999786376953,74.55999755859375,75.36000061035156,61.35294723510742,5250200,False,0.005322187891279668,0.006222653414692033,0.0622158579447844,47,48,16
WMT,2014-02-14,75.4000015258789,75.98999786376953,75.0999984741211,75.79000091552734,61.703033447265625,4908900,False,0.005689884469061006,0.005301437820166028,0.053005282528479206,47,48,16
WMT,2014-02-18,75.48999786376953,75.6500015258789,74.86000061035156,75.33000183105469,61.32853317260742,5993800,True,-0.006087891776132197,0.0072395196936608465,0.07238277609770491,47,48,16
WMT,2014-02-19,75.01000213623047,75.31999969482422,74.41000366210938,74.8499984741211,60.93775177001953,8130300,False,-0.006392322027925029,0.005981235130478839,0.05980208930383479,47,48,16
WMT,2014-02-20,73.05000305175781,74.0,72.80999755859375,73.5199966430664,59.85494995117188,13079100,False,-0.017928745824998548,0.009808373414107624,0.09806690592163107,46,48,16
WMT,2014-02-21,73.19000244140625,73.4000015258789,72.81999969482422,73.12000274658203,59.5293083190918,8971000,False,-0.005455366468190619,0.00835763957560629,0.08356205655965551,46,48,16
WMT,2014-02-24,73.23999786376953,73.81999969482422,73.13999938964844,73.3499984741211,59.71653366088867,7321500,True,0.003140159732773142,0.007496858469446368,0.07495572233960149,47,48,16
WMT,2014-02-25,73.18000030517578,73.73999786376953,73.08999633789062,73.3499984741211,59.71653366088867,9482700,False,0.0,0.008062647044032516,0.08061263736239904,46,48,16
WMT,2014-02-26,73.94000244140625,75.0999984741211,73.79000091552734,74.77999877929688,60.88074493408203,9022200,False,0.019308021784036157,0.013543319988431302,0.13540996361962782,44,48,16
WMT,2014-02-27,74.77999877929688,74.77999877929688,74.08999633789062,74.55999755859375,60.701637268066406,5448200,False,-0.0029462787672756125,0.0097678151847827,0.09766139321410769,46,48,16
WMT,2014-02-28,74.4800033569336,75.19000244140625,74.19999694824219,74.69999694824219,60.81562042236328,7444600,False,0.0018760000002038368,0.008710012883744246,0.08708518507439536,46,48,16
WMT,2014-03-03,74.48999786376953,74.66999816894531,73.83000183105469,74.12000274658203,60.343406677246094,5347600,True,-0.007794980654143915,0.010295036498639642,0.10293270179943557,45,48,16
WMT,2014-03-04,74.7699966430664,75.48999786376953,74.66000366210938,75.12999725341797,61.16569519042969,7543800,False,0.013534806092584485,0.01133542656171013,0.11333481743363281,45,48,16
WMT,2014-03-05,75.31999969482422,75.33000183105469,74.58000183105469,74.80000305175781,60.89702606201172,5524800,False,-0.004402155867718326,0.008299357063244655,0.08297933143130508,46,48,16
WMT,2014-03-06,74.86000061035156,75.11000061035156,74.51000213623047,74.87999725341797,60.962162017822266,5106600,False,0.0010690365337276638,0.00812904632231649,0.08127651622404321,46,48,16
WMT,2014-03-07,74.95999908447266,74.95999908447266,74.36000061035156,74.58000183105469,61.10966491699219,5054600,False,0.002416658694497362,0.008149567233991892,0.08148169013308333,46,48,16
WMT,2014-03-10,74.5199966430664,74.5999984741211,74.05000305175781,74.43000030517578,60.98675155639648,4827000,True,-0.0020133826309923194,0.006912193807519539,0.06911007882908704,47,48,16
WMT,2014-03-11,74.72000122070312,74.97000122070312,74.19999694824219,74.91999816894531,61.38823318481445,9005600,False,0.00656152186168969,0.004208073060263835,0.04207351081461544,48,48,16
WMT,2014-03-12,74.8499984741211,75.75,74.81999969482422,75.52999877929688,61.88805770874024,8627600,False,0.008109057454689388,0.004114868711541466,0.041141627238028035,48,48,16
WMT,2014-03-13,75.70999908447266,76.18000030517578,74.91000366210938,74.93000030517578,61.39643478393555,5824500,False,-0.007975464241970433,0.006561915294617571,0.06560789467266835,47,48,16
WMT,2014-03-14,74.66999816894531,75.06999969482422,74.2699966430664,74.27999877929688,60.86383819580078,6619000,False,-0.008712559594531506,0.007891946886263958,0.07890592865485542,46,48,16
WMT,2014-03-17,74.30000305175781,74.8499984741211,74.01000213623047,74.68000030517578,61.19157791137695,5780400,True,0.005370355756691245,0.00829034716868756,0.08288924794400396,46,48,16
WMT,2014-03-18,74.66000366210938,74.98999786376953,74.44999694824219,74.7699966430664,61.26532745361328,3943800,False,0.0012044980384394047,0.007660968939903713,0.0765965454799549,46,48,16
WMT,2014-03-19,74.55999755859375,75.11000061035156,74.0199966430664,74.37999725341797,60.94577026367188,5761100,False,-0.005229605562855996,0.006125293518190839,0.06124242602007918,47,48,16
WMT,2014-03-20,74.0199966430664,75.68000030517578,73.86000061035156,75.37999725341797,61.76515197753906,8637500,False,0.013354864865997452,0.008728276773028728,0.08726779263189803,46,48,16
WMT,2014-03-21,75.88999938964844,77.0199966430664,75.44999694824219,76.0999984741211,62.3550910949707,17160200,False,0.009506000717722573,0.0072313481945088355,0.07230107512602021,47,48,16
WMT,2014-03-24,76.20999908447266,76.80000305175781,76.11000061035156,76.76000213623047,62.89591979980469,7279500,True,0.008635971274268692,0.0074356720011818775,0.07434396263453763,47,48,16
WMT,2014-03-25,76.87999725341797,77.13999938964844,76.16000366210938,76.87000274658203,62.986026763916016,7382200,False,0.001431610837941811,0.007403539321097731,0.07402269096371303,47,48,16
WMT,2014-03-26,77.08000183105469,77.52999877929688,76.2300033569336,76.2300033569336,62.46164321899414,7727800,False,-0.008360244542574852,0.008580797489896335,0.08579325283067761,46,48,16
WMT,2014-03-27,76.37999725341797,76.81999969482422,76.04000091552734,76.13999938964844,62.38788986206055,5596600,False,-0.0011814760326734057,0.007385043694093656,0.07383776642660667,47,48,16
WMT,2014-03-28,76.26000213623047,76.5999984741211,75.7699966430664,76.01000213623047,62.28135299682617,5871100,False,-0.0017091126684453414,0.006135147376676261,0.06134094769867525,47,48,16
WMT,2014-03-31,76.3499984741211,76.77999877929688,76.0199966430664,76.43000030517578,62.62549591064453,4695600,True,0.00551040695752261,0.005072266674188211,0.05071396425747681,47,48,16
WMT,2014-04-01,76.76000213623047,77.25,76.54000091552734,76.7699966430664,62.90409469604492,5770000,False,0.004438781987334849,0.005566398192128787,0.05565443165578089,47,48,16
WMT,2014-04-02,76.58000183105469,77.19000244140625,76.33999633789062,77.18000030517578,63.24005508422852,6078100,False,0.005326623281640977,0.0036082712386827694,0.03607652167837293,48,48,16
WMT,2014-04-03,77.19999694824219,77.55000305175781,77.0,77.45999908447266,63.46946716308594,6040500,False,0.0036210748089477735,0.0029744586608479342,0.02973948333182357,48,48,16
WMT,2014-04-04,77.58000183105469,77.9000015258789,77.25,77.30999755859375,63.34655380249024,6760200,False,-0.0019384522262735108,0.0030737746958451537,0.03073247328534359,48,48,16
WMT,2014-04-07,77.2300033569336,77.72000122070312,77.08999633789062,77.30999755859375,63.34655380249024,7675700,True,0.0,0.00311183276312846,0.031112988661977082,48,48,16
WMT,2014-04-08,77.08999633789062,78.30999755859375,76.80000305175781,78.18000030517578,64.05943298339844,7498700,False,0.011190786847394156,0.005104609865416105,0.051037340678565045,47,48,16
WMT,2014-04-09,78.19999694824219,78.22000122070312,77.27999877929688,77.97000122070312,63.88736343383789,6877800,False,-0.002689706317243464,0.005670018702004855,0.05669045897290484,47,48,16
WMT,2014-04-10,77.94999694824219,78.13999938964844,76.6500015258789,76.88999938964844,63.002418518066406,7599600,False,-0.013948471657979317,0.008942532534936059,0.08940998265250964,46,48,16
WMT,2014-04-11,76.77999877929688,77.2300033569336,76.29000091552734,76.5,62.68288803100586,7979000,False,-0.005084622606185215,0.009092535624331096,0.09090975618626387,46,48,16
WMT,2014-04-14,76.94000244140625,77.55000305175781,76.79000091552734,77.37999725341797,63.4039306640625,5375900,True,0.01143736515310875,0.010994667666472996,0.10992781312106104,45,48,16
WMT,2014-04-15,77.02999877929688,77.30999755859375,76.44000244140625,76.87999725341797,62.99422454833984,6928600,False,-0.006482809023913823,0.009277029411374784,0.09275437752083864,46,48,16
WMT,2014-04-16,77.30999755859375,77.47000122070312,77.02999877929688,77.22000122070312,63.27281951904297,5036800,False,0.0044127970975411,0.009925231123132703,0.09923528251919177,46,48,16
WMT,2014-04-17,77.08000183105469,77.75,77.08000183105469,77.66000366210938,63.633338928222656,6964700,False,0.005681684536569328,0.007592593842783321,0.07591291181985756,46,48,16
WMT,2014-04-21,77.41000366210938,77.7300033569336,77.18000030517578,77.5999984741211,63.58418655395508,4595100,True,-0.000772729645967681,0.006790231371182602,0.06789066371658488,47,48,16
WMT,2014-04-22,77.5199966430664,77.83000183105469,77.38999938964844,77.55999755859375,63.55141830444336,6465500,False,-0.000515485025203282,0.004836431401244603,0.048356016150454505,48,48,16
WMT,2014-04-23,77.81999969482422,78.27999877929688,77.56999969482422,78.04000091552734,63.94470977783203,5806200,False,0.006169484936937538,0.0033847107966520195,0.03384130082056034,48,48,16
WMT,2014-04-24,78.16999816894531,78.47000122070312,77.69999694824219,78.30999755859375,64.16594696044922,4347500,False,0.003453848542804552,0.0033106583193725503,0.03310090309954941,48,48,16
WMT,2014-04-25,78.30999755859375,78.77999877929688,78.0199966430664,78.62000274658203,64.41996002197266,5392600,False,0.003950874522730292,0.0030114254568103815,0.030109087867541916,48,48,16
WMT,2014-04-28,78.86000061035156,79.98999786376953,78.83000183105469,79.76000213623047,65.3540267944336,9598700,True,0.014395533742672138,0.005530617003934255,0.05529668116359527,47,48,16
WMT,2014-04-29,79.83999633789062,79.87000274658203,79.56999969482422,79.66999816894531,65.2802963256836,4695700,False,-0.001128807113138013,0.005701303940530786,0.05700325768210217,47,48,16
WMT,2014-04-30,79.58999633789062,79.93000030517578,79.51000213623047,79.70999908447266,65.3130874633789,6111700,False,0.0005021868249836036,0.006054578668177571,0.06053539884536549,47,48,16
WMT,2014-05-01,79.7300033569336,79.7300033569336,79.16000366210938,79.69999694824219,65.30487823486328,5098000,False,-0.0001256983062406353,0.0063732370136872565,0.06372143557856057,47,48,16
WMT,2014-05-02,79.5999984741211,79.76000213623047,79.01000213623047,79.12000274658203,64.82965850830078,5620000,False,-0.007303546788986913,0.007969898142765485,0.07968530747895412,46,48,16
WMT,2014-05-05,78.86000061035156,78.94999694824219,78.51000213623047,78.62000274658203,64.41996002197266,4591000,True,-0.006339668359290127,0.0036615949198222715,0.0366096670023653,48,48,16
WMT,2014-05-06,78.33000183105469,78.38999938964844,77.97000122070312,78.01000213623047,63.92012405395508,5638900,False,-0.007789281093620743,0.004055952107212633,0.04055256227791677,48,48,16
WMT,2014-05-07,77.8499984741211,78.0999984741211,77.52999877929688,77.95999908447266,64.27464294433594,6086200,False,0.005530955786305168,0.005775787523546792,0.05774796572083065,47,48,16
WMT,2014-05-08,78.0,78.83000183105469,78.0,78.69000244140625,64.8764877319336,4820600,False,0.009320075495801695,0.008108610138523402,0.08107218944845863,46,48,16
WMT,2014-05-09,78.5199966430664,79.27999877929688,78.5199966430664,79.19999694824219,65.29696655273438,4896400,False,0.0064603076797931066,0.007901547404220189,0.07900191736281574,46,48,16
WMT,2014-05-12,78.94999694824219,79.2300033569336,78.6500015258789,79.1500015258789,65.25574493408203,5999800,True,-0.0006314938931986546,0.0068379311755924505,0.06836757992216211,47,48,16
WMT,2014-05-13,79.16999816894531,79.37000274658203,78.98999786376953,79.13999938964844,65.24751281738281,4363700,False,-0.00012615955880295945,0.0043334385203486125,0.04332695032603053,48,48,16
WMT,2014-05-14,79.05000305175781,79.05000305175781,78.06999969482422,78.73999786376953,64.91771697998047,5608300,False,-0.005067352373982478,0.005806682266663558,0.05805686014590903,47,48,16
WMT,2014-05-15,76.27999877929688,77.44000244140625,76.25,76.83000183105469,63.343021392822266,13035800,False,-0.024555834206952825,0.011793843268406172,0.11791819799536837,45,48,16
WMT,2014-05-16,77.0,77.37999725341797,76.6500015258789,77.01000213623047,63.49140167236328,7243800,False,0.002339748841781527,0.010923548187944287,0.1092167403554138,45,48,16
WMT,2014-05-19,77.11000061035156,77.12999725341797,76.5,76.61000061035156,63.1616325378418,6131300,True,-0.005207453288253497,0.010588915979917603,0.10587099240339354,45,48,16
WMT,2014-05-20,76.36000061035156,76.37000274658203,75.5199966430664,75.69000244140625,62.40312576293945,7436700,False,-0.012081670232035675,0.01012278568655532,0.10121048920919086,45,48,16
WMT,2014-05-21,75.94000244140625,75.95999908447266,75.2699966430664,75.66000366210938,62.378414154052734,5704100,False,-0.0003960779651575687,0.010761994272373416,0.10760147837764568,45,48,16
WMT,2014-05-22,75.79000091552734,75.91999816894531,75.23999786376953,75.38999938964844,62.155799865722656,5243700,False,-0.0035751544617446352,0.005474931107328559,0.05473991773779239,47,48,16
WMT,2014-05-23,75.55999755859375,75.75,75.43000030517578,75.61000061035156,62.33717346191406,3703600,False,0.002913798581053043,0.005639014126111954,0.05638046640850512,47,48,16
WMT,2014-05-27,75.70999908447266,75.80999755859375,75.29000091552734,75.58999633789062,62.32069778442383,5370800,True,-0.00026433433238418357,0.005734436008495554,0.05733452151708388,47,48,16
WMT,2014-05-28,75.37999725341797,75.94000244140625,75.33999633789062,75.52999877929688,62.2712287902832,5036900,False,-0.0007940963447661987,0.0023040135882234805,0.02303618288772386,49,48,16
WMT,2014-05-29,75.66999816894531,76.19000244140625,75.56999969482422,75.9800033569336,62.64222717285156,4003500,False,0.00594010422002944,0.003663844809458556,0.03663216203859406,48,48,16
WMT,2014-05-30,76.05999755859375,76.80999755859375,76.01000213623047,76.7699966430664,63.29355239868164,5964800,False,0.01034385994890541,0.004627739377726537,0.046269453968033454,48,48,16
WMT,2014-06-02,76.58000183105469,77.11000061035156,76.47000122070312,76.76000213623047,63.285301208496094,4390400,True,-0.00013037233253578083,0.004935204081185078,0.049343573485640974,48,48,16
WMT,2014-06-03,76.73999786376953,76.97000122070312,76.36000061035156,76.70999908447266,63.24407958984375,7213600,False,-0.0006515738850635118,0.0050021950098917385,0.050013367836417785,47,48,16
WMT,2014-06-04,76.5999984741211,77.30000305175781,76.52999877929688,77.12999725341797,63.59036636352539,6199900,False,0.005460466697443323,0.004600363199900635,0.04599573915906369,48,48,16
WMT,2014-06-05,77.05000305175781,77.44000244140625,76.87000274658203,77.31999969482422,63.74698638916016,4695800,False,0.002459923992884453,0.004532623774975123,0.0453184611302928,48,48,16
WMT,2014-06-06,77.45999908447266,77.58999633789062,77.06999969482422,77.20999908447266,63.65632247924805,4188900,False,-0.0014232585640349335,0.0028196836269055872,0.028191998539818193,48,48,16
WMT,2014-06-09,77.06999969482422,77.76000213623047,76.69999694824219,77.01000213623047,63.49140167236328,5547600,True,-0.0025941620343396306,0.0032761828884399326,0.032756207939696115,48,48,16
WMT,2014-06-10,76.80999755859375,76.94000244140625,76.51000213623047,76.62000274658203,63.16987228393555,3365700,False,-0.0050770068708367,0.0041869914765871475,0.041862731147507014,48,48,16
WMT,2014-06-11,76.55000305175781,76.73999786376953,76.05000305175781,76.16000366210938,62.790618896484375,4463300,False,-0.006021801438527397,0.003346948168230939,0.033463739325664855,48,48,16
WMT,2014-06-12,76.05000305175781,76.19000244140625,75.58000183105469,75.7300033569336,62.43611526489258,5336600,False,-0.00566180346334613,0.002031263495147172,0.020309149914105776,49,48,16
WMT,2014-06-13,75.66999816894531,75.76000213623047,75.12000274658203,75.27999877929688,62.06511688232422,4981500,False,-0.0059597720326123585,0.0014298096828404309,0.014295643704925847,49,48,16
WMT,2014-06-16,75.11000061035156,75.4800033569336,75.0199966430664,75.33999633789062,62.11457443237305,3846900,True,0.000796548165650015,0.002920469466496994,0.029199684017537367,48,48,16
WMT,2014-06-17,75.29000091552734,75.41999816894531,74.91999816894531,74.98999786376953,61.82599639892578,6544200,False,-0.004656724638237477,0.002901551533822644,0.0290105371482778,48,48,16
WMT,2014-06-18,75.04000091552734,75.95999908447266,74.91999816894531,75.69999694824219,62.41137313842773,6740700,False,0.009423590883509681,0.006545194352885037,0.0654407139434511,47,48,16
WMT,2014-06-19,75.87999725341797,76.27999877929688,75.80000305175781,75.87000274658203,62.551544189453125,5255300,False,0.002243403288129532,0.006143961749788413,0.061429076306982945,47,48,16
WMT,2014-06-20,76.16000366210938,76.16999816894531,75.12000274658203,75.68000030517578,62.39487838745117,11330700,False,-0.002507729006928526,0.0054043763138848806,0.054034490854165645,47,48,16
WMT,2014-06-23,75.55999755859375,75.94000244140625,75.30000305175781,75.79000091552734,62.48556518554688,4267400,True,0.0014523781537330155,0.005404347869664389,0.054034206460762464,47,48,16
WMT,2014-06-24,76.02999877929688,76.20999908447266,75.68000030517578,75.97000122070312,62.63396453857422,5652300,False,0.002372122448686338,0.004305414054972309,0.04304675375382326,48,48,16
WMT,2014-06-25,75.76000213623047,75.83999633789062,75.27999877929688,75.62000274658203,62.34542465209961,4318200,False,-0.0046174077340758275,0.003168392187729894,0.03167848586902597,48,48,16
WMT,2014-06-26,75.5199966430664,75.61000061035156,74.69999694824219,74.91000366210938,61.760066986083984,6922100,False,-0.009433297415865939,0.004793276894522301,0.04792454512338865,48,48,16
WMT,2014-06-27,74.80000305175781,75.37999725341797,74.66999816894531,75.33999633789062,62.11457443237305,13960800,False,0.005723664021049425,0.006057014056431575,0.06055974854951159,47,48,16
WMT,2014-06-30,75.4000015258789,75.69000244140625,74.94000244140625,75.06999969482422,61.89196395874024,6653800,True,-0.0035903060539745797,0.005986712026903996,0.05985684887137897,47,48,16
WMT,2014-07-01,75.2699966430664,75.41999816894531,74.75,75.27999877929688,62.06511688232422,6604500,False,0.0027937578883246907,0.006064554569822669,0.06063514074616895,47,48,16
WMT,2014-07-02,75.26000213623047,75.9000015258789,75.25,75.62000274658203,62.34542465209961,4366800,False,0.004506181560466645,0.006378645681445866,0.06377551297649915,47,48,16
WMT,2014-07-03,75.61000061035156,76.05000305175781,75.5199966430664,75.75,62.45258331298828,2874000,False,0.001717314065692288,0.003600115383540556,0.03599497711994579,48,48,16
WMT,2014-07-07,75.69000244140625,76.20999908447266,75.55000305175781,76.06999969482422,62.7164306640625,5028000,True,0.004215863550918478,0.0032835561970004337,0.032829928374920755,48,48,16
WMT,2014-07-08,76.08999633789062,76.9800033569336,76.02999877929688,76.6500015258789,63.19462203979492,7960500,False,0.00759573785739867,0.002222634843713561,0.022222535064080024,49,48,16
WMT,2014-07-09,76.7699966430664,77.33000183105469,76.62000274658203,77.20999908447266,63.65632247924805,6240100,False,0.0072794488051860905,0.002426350532592743,0.024259342438006114,49,48,16
WMT,2014-07-10,76.91000366210938,77.56999969482422,76.91000366210938,77.05999755859375,63.53263473510742,5372500,False,-0.00194494531349595,0.004000793010242495,0.0400010659446397,48,48,16
WMT,2014-07-11,76.87000274658203,76.97000122070312,76.55999755859375,76.81999969482422,63.33477020263672,4547500,False,-0.0031192360716590234,0.005065099952204794,0.05064230933358256,47,48,16
WMT,2014-07-14,77.12999725341797,77.25,76.4800033569336,76.55000305175781,63.11216735839844,4822900,True,-0.0035208930875418164,0.0056718965150666005,0.05670923388175973,47,48,16
WMT,2014-07-15,76.55999755859375,76.93000030517578,76.55999755859375,76.83999633789062,63.35123825073242,4656900,False,0.0037808752022125474,0.004795027482386099,0.047942047998544256,48,48,16
WMT,2014-07-16,76.9000015258789,77.05000305175781,76.69999694824219,76.86000061035156,63.36775588989258,3724200,False,0.00026069713330234643,0.0030059703937760033,0.03005454659644599,48,48,16
WMT,2014-07-17,76.58000183105469,77.05000305175781,76.44000244140625,76.61000061035156,63.1616325378418,4630300,False,-0.0032581131854112102,0.0031719271312766455,0.0317138292395933,48,48,16
WMT,2014-07-18,76.62000274658203,77.0999984741211,76.51000213623047,77.08999633789062,63.55738830566406,4913300,False,0.006246213897396174,0.004299065324097011,0.04298327733758342,48,48,16
WMT,2014-07-21,76.76000213623047,76.91000366210938,76.4800033569336,76.7699966430664,63.29355239868164,3457600,True,-0.0041597844834966435,0.004462343127387627,0.04461577523487603,48,48,16
WMT,2014-07-22,76.83999633789062,76.88999938964844,76.4000015258789,76.63999938964844,63.18636703491211,4383200,False,-0.0016948997107000335,0.004138744248623976,0.04138034164561077,48,48,16
WMT,2014-07-23,76.62999725341797,77.05999755859375,76.58999633789062,76.98999786376953,63.47491836547852,3994300,False,0.004556275089729424,0.004743300873522375,0.04742487065721386,48,48,16
WMT,2014-07-24,76.68000030517578,76.79000091552734,76.19000244140625,76.3499984741211,62.947261810302734,7228300,False,-0.008347579806899827,0.006068807900387493,0.060677666754380896,47,48,16
WMT,2014-07-25,76.19000244140625,76.36000061035156,75.80000305175781,75.97000122070312,62.63396453857422,3948400,False,-0.0049895662085556874,0.004813369389529083,0.04812543560077676,48,48,16
WMT,2014-07-28,75.43000030517578,75.93000030517578,75.36000061035156,75.70999908447266,62.41963577270508,5509900,True,-0.0034277937651547128,0.004777502924839365,0.047766832489948105,48,48,16
WMT,2014-07-29,75.20999908447266,76.01000213623047,75.1500015258789,75.44000244140625,62.19700622558594,6293500,False,-0.0035730345546233274,0.004744508459399876,0.04743694444413463,48,48,16
WMT,2014-07-30,75.87999725341797,75.91999816894531,74.66999816894531,74.77999877929688,61.65287399291992,9977200,False,-0.008787020751535441,0.002581320957094367,0.025808780800372813,48,48,16
WMT,2014-07-31,73.98999786376953,74.25,73.54000091552734,73.58000183105469,60.66352462768555,9631600,False,-0.016177241197691972,0.005366508556683569,0.05365587825183723,47,48,16
WMT,2014-08-01,73.31999969482422,73.87999725341797,73.22000122070312,73.54000091552734,60.63055419921875,8223900,False,-0.0005436444976985339,0.006171774351729773,0.06170715460833474,47,48,16
WMT,2014-08-04,73.37999725341797,73.62999725341797,73.05999755859375,73.54000091552734,60.63055419921875,5402100,True,0.0,0.006760857301731568,0.06759697341914507,47,48,16
WMT,2014-08-05,73.30999755859375,73.5199966430664,72.7699966430664,73.33999633789062,60.46566390991211,10579900,False,-0.0027232954717854928,0.006841538600120042,0.06840364797818227,47,48,16
WMT,2014-08-06,73.19000244140625,74.29000091552734,73.18000030517578,74.19999694824219,61.57772445678711,7934800,False,0.01822452393278729,0.012260207789406402,0.12258104306408632,45,48,16
WMT,2014-08-07,74.33999633789062,74.80999755859375,73.76000213623047,73.94999694824219,61.3702278137207,7049000,False,-0.0033753606503610836,0.00900567377114418,0.09004128668321582,46,48,16
WMT,2014-08-08,74.05999755859375,74.7300033569336,73.8499984741211,74.66999816894531,61.96775817871094,4996300,False,0.00968939187824375,0.009349410064743048,0.09347805987108462,46,48,16
WMT,2014-08-11,74.29000091552734,74.5999984741211,74.0199966430664,74.36000061035156,61.710487365722656,4721400,True,-0.004160330427286009,0.009997450038776893,0.09995734776969031,46,48,16
WMT,2014-08-12,74.30999755859375,74.44000244140625,74.01000213623047,74.22000122070312,61.59430694580078,3928200,False,-0.001884443422520992,0.009872514040367326,0.09870820213820022,46,48,16
WMT,2014-08-13,74.2699966430664,74.41000366210938,73.51000213623047,74.02999877929688,61.436641693115234,6619100,False,-0.00256301915476143,0.00573702120741034,0.057360369070807764,47,48,16
WMT,2014-08-14,73.88999938964844,74.43000030517578,73.61000061035156,74.38999938964844,61.7353630065918,6136300,False,0.0048504836773165805,0.005869457591215167,0.058684505687844446,47,48,16
WMT,2014-08-15,74.6500015258789,74.6500015258789,73.48999786376953,73.9000015258789,61.32876205444336,6942700,False,-0.0066079766378212106,0.004275899320228316,0.042751657044793195,48,48,16
WMT,2014-08-18,74.1500015258789,74.68000030517578,74.05000305175781,74.48999786376953,61.81837844848633,4015700,True,0.007951771708843786,0.005914666966802489,0.05913652187802341,47,48,16
WMT,2014-08-19,74.80999755859375,74.94000244140625,74.13999938964844,74.87999725341797,62.14201354980469,5047900,False,0.005221600729553775,0.006094726709333454,0.060936810374958024,47,48,16
WMT,2014-08-20,74.83000183105469,75.05000305175781,74.51000213623047,74.95999908447266,62.20845031738281,4898300,False,0.0010685408294162505,0.0056492911958176345,0.056483219473200584,47,48,16
WMT,2014-08-21,75.05999755859375,75.91000366210938,75.0,75.55000305175781,62.69807052612305,5260600,False,0.007839826347257023,0.006100785426043357,0.06099738714712101,47,48,16
WMT,2014-08-22,75.77999877929688,76.19999694824219,75.63999938964844,75.7300033569336,62.847442626953125,4137800,False,0.00237957004693727,0.003126166329542973,0.03125629973403228,48,48,16
WMT,2014-08-25,75.93000030517578,76.0199966430664,75.51000213623047,75.69000244140625,62.814231872558594,3393600,True,-0.0005285741304981893,0.003344146906073104,0.03343573151021004,48,48,16
WMT,2014-08-26,75.83000183105469,76.1500015258789,75.44000244140625,75.5199966430664,62.67316818237305,4222900,False,-0.002248253602237161,0.003844257021383595,0.038435974624737926,48,48,16
WMT,2014-08-27,75.51000213623047,75.86000061035156,75.44000244140625,75.8499984741211,62.94702911376953,3200400,False,0.004360148625026358,0.0039877730188104836,0.039870888368709834,48,48,16
WMT,2014-08-28,75.47000122070312,75.94000244140625,75.47000122070312,75.9000015258789,62.988525390625,2923700,False,0.0006590081493754088,0.0025577913331574567,0.025573524930763133,48,48,16
WMT,2014-08-29,75.75,75.87999725341797,75.29000091552734,75.5,62.65657043457031,5080500,False,-0.005284022050320012,0.003565449915549121,0.03564838191555076,48,48,16
WMT,2014-09-02,75.41999816894531,75.94000244140625,75.41000366210938,75.75,62.8640251159668,4532400,True,0.0033055112490666923,0.003975598965731906,0.03974916872493846,48,48,16
WMT,2014-09-03,75.94999694824219,76.33000183105469,75.87999725341797,76.01000213623047,63.079811096191406,4709400,False,0.003426705075319175,0.003926495357683273,0.039258216891478306,48,48,16
WMT,2014-09-04,76.16000366210938,76.5999984741211,76.11000061035156,76.55999755859375,63.536251068115234,5282300,False,0.007209858549446665,0.00462721374934917,0.046264198586080024,48,48,16
WMT,2014-09-05,76.5199966430664,77.7300033569336,76.4800033569336,77.51000213623047,64.32463836669922,7841800,False,0.012332110211348692,0.006452426191772046,0.0645131914945907,47,48,16
WMT,2014-09-08,77.12999725341797,77.31999969482422,76.43000030517578,76.52999877929688,63.5113525390625,5938900,True,-0.012724066118655364,0.00937966455489372,0.09378055286498364,46,48,16
WMT,2014-09-09,76.55999755859375,77.0,76.16999816894531,76.73999786376953,63.6856575012207,5632000,False,0.0027407101976770418,0.0093740994894074,0.09372491175809942,46,48,16
WMT,2014-09-10,76.79000091552734,77.08000183105469,76.37000274658203,76.51000213623047,63.494747161865234,6697100,False,-0.003002199643160264,0.009668146738695295,0.09666487975431726,46,48,16
WMT,2014-09-11,76.3499984741211,76.44000244140625,76.08999633789062,76.0999984741211,63.15451049804688,4953300,False,-0.005372909223549435,0.009382327264202048,0.09380717538965841,46,48,16
WMT,2014-09-12,75.97000122070312,76.05000305175781,75.66000366210938,75.7699966430664,62.880645751953125,5652300,False,-0.0043458537327156896,0.005547159993465746,0.05546208267611454,47,48,16
WMT,2014-09-15,75.77999877929688,75.88999938964844,75.61000061035156,75.80999755859375,62.913822174072266,3748500,True,0.0005274703003292884,0.003416376014948152,0.03415789867552866,48,48,16
WMT,2014-09-16,75.63999938964844,76.56999969482422,75.5999984741211,76.31999969482422,63.33705520629883,4109500,False,0.006704660220264678,0.004898291512279074,0.04897451112744973,48,48,16
WMT,2014-09-17,76.36000061035156,76.47000122070312,76.01000213623047,76.23999786376953,63.270694732666016,4239000,False,-0.0010482846388434307,0.0047850043029470535,0.04784183340091579,48,48,16
WMT,2014-09-18,76.30999755859375,76.58000183105469,75.91000366210938,76.22000122070312,63.25410079956055,4751700,False,-0.0002623032604923137,0.004024558449162266,0.040238679559490384,48,48,16
WMT,2014-09-19,76.44999694824219,77.06999969482422,76.37999725341797,76.83999633789062,63.76861190795898,13323500,False,0.008101132644778674,0.004263204870645577,0.042624734328824125,48,48,16
WMT,2014-09-22,76.79000091552734,76.86000061035156,76.25,76.30999755859375,63.32877731323242,4450700,True,-0.006921249181099075,0.006144282581743503,0.06143228407608269,47,48,16
WMT,2014-09-23,76.0,76.22000122070312,75.56999969482422,75.5999984741211,62.73956298828125,6708000,False,-0.00934760644722313,0.006784353596572953,0.0678318960549822,47,48,16
WMT,2014-09-24,75.7300033569336,77.30999755859375,75.69999694824219,77.08000183105469,63.96780014038086,8434600,False,0.0193875966463116,0.011756315574444487,0.11754298544198995,45,48,16
WMT,2014-09-25,76.93000030517578,77.05000305175781,76.12000274658203,76.12000274658203,63.17108917236328,4963500,False,-0.012533087258023384,0.013541806199647814,0.1353948283289993,44,48,16
WMT,2014-09-26,76.25,76.56999969482422,75.86000061035156,76.48999786376953,63.47817611694336,3752900,False,0.004849416941946344,0.013110947193413049,0.131086977491149,44,48,16
WMT,2014-09-29,76.05999755859375,76.25,75.6500015258789,76.08000183105469,63.13790893554688,4959300,True,-0.005374798950776288,0.012951042346960574,0.1294882033752581,44,48,16
WMT,2014-09-30,76.04000091552734,76.72000122070312,75.7699966430664,76.47000122070312,63.461570739746094,5640700,False,0.005113172821795102,0.012096712134933896,0.12094636702874194,45,48,16
WMT,2014-10-01,76.51000213623047,76.86000061035156,75.91000366210938,76.12000274658203,63.17108917236328,6524900,False,-0.00458779081296512,0.007504336917092612,0.0750304939852965,46,48,16
WMT,2014-10-02,76.20999908447266,76.91000366210938,75.95999908447266,76.2300033569336,63.26238632202149,4921200,False,0.0014441929270609625,0.005031556018162587,0.0503069275444648,47,48,16
WMT,2014-10-03,76.56999969482422,77.4800033569336,76.52999877929688,77.31999969482422,64.16695404052734,5819700,False,0.014197403989960613,0.008006849694982695,0.08005475960337377,46,48,16
WMT,2014-10-06,77.05000305175781,77.91999816894531,76.98999786376953,77.3499984741211,64.1918716430664,5429700,True,0.00038824915574542726,0.007003212765474018,0.07002011224746897,47,48,16
WMT,2014-10-07,77.02999877929688,77.69000244140625,76.72000122070312,77.30000305175781,64.15036010742188,7059900,False,-0.000646888191453999,0.007105664521012834,0.0710444540264514,47,48,16
WMT,2014-10-08,77.41000366210938,78.48999786376953,76.80999755859375,78.23999786376953,64.93047332763672,8107100,False,0.012087351740370884,0.007060482719990111,0.07059271353460876,47,48,16
WMT,2014-10-09,78.11000061035156,78.83000183105469,77.66000366210938,77.86000061035156,64.61508178710938,7072700,False,-0.004869208571264681,0.008402764332813508,0.08401322671121313,46,48,16
WMT,2014-10-10,77.93000030517578,79.37000274658203,77.93000030517578,78.29000091552734,64.97197723388672,10078000,False,0.005508209721479158,0.006512182094495782,0.06511064799866731,47,48,16
WMT,2014-10-13,78.02999877929688,78.58000183105469,77.44999694824219,77.55999755859375,64.36613464355469,8201200,True,-0.009368422232710154,0.008468610980458303,0.0846715802146135,46,48,16
WMT,2014-10-14,77.83000183105469,78.62999725341797,77.66999816894531,77.9800033569336,64.71470642089844,7901100,False,0.0054008421662349,0.008685431041401575,0.08683940882601847,46,48,16
WMT,2014-10-15,77.58000183105469,77.69000244140625,74.36000061035156,75.19999694824219,62.4075927734375,21057700,False,-0.03630153035719111,0.017136787853548524,0.17133847696048302,43,40,13
WMT,2014-10-16,73.2300033569336,74.06999969482422,72.61000061035156,73.81999969482422,61.262351989746094,14346600,False,-0.018521452802716463,0.017609090598067038,0.17606069407617783,42,40,13
WMT,2014-10-17,74.18000030517578,74.5,73.02999877929688,74.0999984741211,61.49472427368164,11462300,False,0.0037858927331544676,0.01722652010713035,0.17223564554273618,43,40,13
WMT,2014-10-20,74.13999938964844,75.22000122070312,73.91999816894531,75.13999938964844,62.35780334472656,7040700,True,0.013937431214878492,0.020601191643566004,0.20597657098548466,41,40,13
WMT,2014-10-21,75.18000030517578,76.19999694824219,75.01000213623047,76.0199966430664,63.08810424804688,8299700,False,0.011643411376762587,0.021652916723698783,0.2164920173428239,41,40,13
WMT,2014-10-22,76.47000122070312,76.66000366210938,76.01000213623047,76.02999877929688,63.09640502929688,5927600,False,0.00013156577316044644,0.01287553188145569,0.12873322827346242,44,48,16
WMT,2014-10-23,76.37000274658203,76.6500015258789,75.77999877929688,76.25,63.27899169921875,6367100,False,0.002889594045908139,0.005973397569176522,0.0597237271377101,47,48,16
WMT,2014-10-24,76.12999725341797,76.5,75.5,76.37999725341797,63.38686752319336,4479600,False,0.0017033137534980028,0.006273095743752636,0.06272019469152154,47,48,16
WMT,2014-10-27,76.33000183105469,76.9800033569336,76.30999755859375,76.58999633789062,63.56113052368164,4107400,True,0.002745425097303587,0.004508630732033812,0.04507857186572678,48,48,16
WMT,2014-10-28,76.62999725341797,76.80000305175781,76.0,76.3499984741211,63.36197280883789,4979600,False,-0.003138244701970124,0.002495076882607782,0.024946488024405578,49,48,16
WMT,2014-10-29,76.55000305175781,76.63999938964844,75.97000122070312,76.38999938964844,63.395164489746094,5759700,False,0.0005237051321004642,0.0024722657954698787,0.024718416289992884,49,48,16
WMT,2014-10-30,76.16999816894531,76.5999984741211,75.9800033569336,76.44999694824219,63.44496154785156,4872400,False,0.0007851941214431727,0.0022251836458852562,0.022248018712818864,49,48,16
WMT,2014-10-31,76.88999938964844,77.4000015258789,76.01000213623047,76.2699966430664,63.29557800292969,7570700,False,-0.0023573138417666024,0.0024196194430591788,0.0241920430911961,49,48,16
WMT,2014-11-03,76.3499984741211,76.37999725341797,75.58999633789062,76.27999877929688,63.30389022827149,6894400,True,0.00013131532809556118,0.0018044657115733,0.018041561195166603,49,48,16
WMT,2014-11-04,76.48999786376953,77.37000274658203,76.27999877929688,77.26000213623047,64.11717224121094,6904900,False,0.012765441462811087,0.005944426429181241,0.059434065443522026,47,48,16
WMT,2014-11-05,77.87000274658203,78.2300033569336,77.30000305175781,77.69999694824219,64.4823226928711,5673800,False,0.005678893734125202,0.005991097977227078,0.05990070084963787,47,48,16
WMT,2014-11-06,78.1500015258789,78.18000030517578,77.16999816894531,77.80999755859375,64.57360076904297,4621900,False,0.0014145509782677685,0.0059286952835592745,0.05927678097721797,47,48,16
WMT,2014-11-07,77.83999633789062,79.08000183105469,77.61000061035156,78.7699966430664,65.37030029296875,9498800,False,0.012262360917276546,0.005906447043197285,0.05905433674488858,47,48,16
WMT,2014-11-10,78.5999984741211,80.12999725341797,78.41999816894531,79.44000244140625,65.92631530761719,12640500,True,0.00846965225893975,0.004737709543533443,0.047368966950365514,48,48,16
WMT,2014-11-11,79.4000015258789,79.41999816894531,78.8499984741211,79.01000213623047,65.56947326660156,5602400,False,-0.00542744251882589,0.006809445773348045,0.06808277477210288,47,48,16
WMT,2014-11-12,78.83000183105469,79.44000244140625,78.6500015258789,79.19999694824219,65.72716522216797,6791200,False,0.0024020726380259328,0.006822839040424318,0.06821668446404659,47,48,16
WMT,2014-11-13,80.95999908447266,83.05999755859375,80.86000061035156,82.94000244140625,68.83092498779297,22812400,False,0.046140821315020654,0.019817941581398497,0.19814541418539652,42,40,13
WMT,2014-11-14,82.58000183105469,83.1500015258789,82.0999984741211,82.95999908447266,68.84754180908203,10636600,False,0.00024138591540620848,0.02060824318322844,0.20604707428378732,41,40,13
WMT,2014-11-17,82.58000183105469,83.72000122070312,82.52999877929688,83.56999969482422,69.353759765625,7993400,True,0.007325838682337453,0.020640869207023217,0.20637327854528875,41,40,13
WMT,2014-11-18,83.5,83.91999816894531,83.33999633789062,83.79000091552734,69.53636932373047,6096400,False,0.0026295556714484047,0.019399202442530402,0.19395874122716492,42,40,13
WMT,2014-11-19,83.95999908447266,85.63999938964844,83.91999816894531,84.98999786376953,70.53221130371094,12189800,False,0.014219588077857531,0.01868254142719735,0.18679336064864,42,40,13
WMT,2014-11-20,84.80999755859375,85.29000091552734,84.04000091552734,84.58000183105469,70.19194793701172,7812700,False,-0.004835900696079728,0.007237824613604458,0.0723658282053887,47,48,16
WMT,2014-11-21,85.33999633789062,85.44000244140625,84.58000183105469,84.6500015258789,70.25003814697266,6649600,False,0.00082724853006546,0.007167866853694737,0.07166637063277151,47,48,16
WMT,2014-11-24,84.8499984741211,85.61000061035156,84.7699966430664,85.4000015258789,70.8724594116211,7995500,True,0.008821064130172413,0.00736797287266229,0.07366708750068947,47,48,16
WMT,2014-11-25,85.5,85.51000213623047,84.38999938964844,84.94999694824219,70.4990234375,6675500,False,-0.00528305758935529,0.008575869444909588,0.0857439808358535,46,48,16
WMT,2014-11-26,84.9000015258789,85.11000061035156,84.4800033569336,84.9800033569336,70.52389526367188,3942800,False,0.00035273452937759336,0.00569898645806454,0.05698008683354276,47,48,16
WMT,2014-11-28,86.18000030517578,88.08999633789062,85.9000015258789,87.54000091552734,72.64839935302734,7820600,True,0.029679765167072006,0.013700164099615822,0.13697813563414055,44,48,16
WMT,2014-12-01,86.72000122070312,87.06999969482422,85.75,86.22000122070312,71.55294799804688,9140900,True,-0.01519365038531876,0.016956119822445076,0.16953210662146384,43,40,13
WMT,2014-12-02,86.2699966430664,86.69999694824219,85.93000030517578,86.4000015258789,71.70233917236328,6766300,False,0.0020856644305622344,0.016710893807573932,0.16708026720685556,43,40,13
WMT,2014-12-03,85.94999694824219,86.0,84.68000030517578,84.94000244140625,70.88450622558594,6374300,False,-0.011471491820219231,0.017620002306576957,0.17616979244006634,42,40,13
WMT,2014-12-04,84.12999725341797,84.81999969482422,83.6500015258789,84.76000213623047,70.73428344726562,6901400,False,-0.002121509935382827,0.01768054562563548,0.17677512175652116,42,40,13
WMT,2014-12-05,84.80999755859375,84.81999969482422,83.51000213623047,84.12000274658203,70.20021057128906,6570100,False,-0.007579059139741394,0.006959000506002669,0.06957806550769831,47,48,16
WMT,2014-12-08,84.1500015258789,84.66999816894531,83.8499984741211,84.2300033569336,70.29199981689453,6266000,True,0.001306681109394709,0.005838917332130825,0.0583791554949023,47,48,16
WMT,2014-12-09,83.6500015258789,84.20999908447266,82.6500015258789,83.55999755859375,69.73286437988281,6633600,False,-0.007986273181507377,0.005096153615187976,0.0509527926846664,47,48,16
WMT,2014-12-10,83.93000030517578,84.30999755859375,82.9000015258789,82.9800033569336,69.24884796142578,6973600,False,-0.006965209553186784,0.0040909593677004195,0.04090257482086217,48,48,16
WMT,2014-12-11,83.19999694824219,84.5,83.16000366210938,83.83000183105469,69.95820617675781,8032800,False,0.010191500130549131,0.007920990075298388,0.07919631071582049,46,48,16
WMT,2014-12-12,83.5199966430664,85.0,83.5199966430664,83.80999755859375,69.94149780273438,7284100,False,-0.0002388621795129942,0.007334838691194806,0.07333580253430673,47,48,16
WMT,2014-12-15,84.26000213623047,84.69999694824219,83.05000305175781,83.94000244140625,70.05000305175781,6317700,True,0.0015501694044215732,0.007352597947484084,0.07351336462765584,47,48,16
WMT,2014-12-16,83.62000274658203,84.76000213623047,82.94000244140625,82.95999908447266,69.23213958740234,7437400,False,-0.011744116641306472,0.00840205915658673,0.08400617615881571,46,48,16
WMT,2014-12-17,83.27999877929688,84.26000213623047,82.94999694824219,84.2300033569336,70.29199981689453,6641000,False,0.015192792020542854,0.010372591203565078,0.10370811578813664,45,48,16
WMT,2014-12-18,84.80000305175781,85.94999694824219,84.27999877929688,85.94000244140625,71.71903228759766,8645900,False,0.02009816399571921,0.012762797409953347,0.12760607697689333,44,48,16
WMT,2014-12-19,86.26000213623047,86.33999633789062,85.16000366210938,85.16000366210938,71.06812286376953,12068800,False,-0.009117261731371597,0.014205090853106127,0.1420265368665638,44,48,16
WMT,2014-12-22,85.31999969482422,86.4000015258789,85.29000091552734,86.37999725341797,72.08622741699219,4575800,True,0.014224111483366558,0.014949284513946623,0.14946719666242242,44,48,16
WMT,2014-12-23,86.69000244140625,87.08000183105469,86.36000061035156,86.66000366210938,72.31993103027344,5552600,False,0.0032367569337621756,0.01172485093036197,0.11722839298503275,45,48,16
WMT,2014-12-24,86.97000122070312,87.06999969482422,86.38999938964844,86.43000030517578,72.12796020507812,2491800,False,-0.002657995718392375,0.011978803481423536,0.11976748278943317,45,48,16
WMT,2014-12-26,86.18000030517578,87.13999938964844,86.01000213623047,86.91000366210938,72.52853393554688,3249300,True,0.005538289265698768,0.008781640028477403,0.08780133363108453,46,48,16
WMT,2014-12-29,86.45999908447266,87.06999969482422,86.4000015258789,86.63999938964844,72.30322265625,3605600,True,-0.0031113543929852266,0.007086021530766691,0.07084805782545468,47,48,16
WMT,2014-12-30,86.5199966430664,87.12999725341797,86.4800033569336,86.79000091552734,72.42839813232422,3265400,False,0.0017297603191804912,0.0037550589915920796,0.037544147363820446,48,48,16
WMT,2014-12-31,87.08000183105469,87.44000244140625,85.86000061035156,85.87999725341797,71.66896057128906,4151400,False,-0.01054071496386728,0.006024227113788132,0.060231935375611854,47,48,16
WMT,2015-01-02,86.2699966430664,86.72000122070312,85.55000305175781,85.9000015258789,71.68566131591797,4501800,True,0.00023299904090430293,0.006060923902485185,0.06059884030192754,47,48,16
WMT,2015-01-05,85.72000122070312,86.31999969482422,85.51000213623047,85.6500015258789,71.47702026367188,6979000,True,-0.002914742831820669,0.004734807583068404,0.04733995232460668,48,48,16
WMT,2015-01-06,85.9800033569336,86.75,85.79000091552734,86.30999755859375,72.02782440185547,8205100,False,0.007676491261379059,0.00668327366802246,0.06682127019224038,47,48,16
WMT,2015-01-07,86.77999877929688,88.68000030517578,86.66999816894531,88.5999984741211,73.93885803222656,8498400,False,0.02618601448044947,0.013956094106241407,0.13953699660146202,44,48,16
WMT,2015-01-08,89.20999908447266,90.66999816894533,89.06999969482422,90.47000122070312,75.49944305419922,12713600,False,0.02088677059250092,0.012720431238139488,0.12718248794636627,44,48,16
WMT,2015-01-09,90.31999969482422,90.38999938964844,89.25,89.3499984741211,74.56475830078125,8522500,False,-0.012457292709404105,0.016081507292289927,0.16078748189202208,43,40,13
WMT,2015-01-12,89.36000061035156,90.30999755859376,89.22000122070312,90.0199966430664,75.12390899658203,7372500,True,0.0074708834890663345,0.014971829475001721,0.1496926075925994,44,48,16
WMT,2015-01-13,90.8000030517578,90.97000122070312,88.93000030517578,89.30999755859375,74.53138732910156,8215400,False,-0.007918527150087298,0.017045362104865857,0.17042437633274976,43,40,13
WMT,2015-01-14,87.6500015258789,88.5199966430664,86.5,86.61000061035156,72.27818298339844,11954300,False,-0.030698016264265722,0.019679441792208874,0.19676065391749228,42,40,13
WMT,2015-01-15,87.0,87.77999877929688,86.69999694824219,87.37999725341797,72.92076873779297,9412700,False,0.008851165135189782,0.016224019954307514,0.16221236400332284,43,40,13
WMT,2015-01-16,87.19999694824219,87.45999908447266,86.2300033569336,86.7699966430664,72.41169738769531,8408900,False,-0.007005639493038538,0.015942144696133764,0.15939409503476973,43,40,13
WMT,2015-01-20,86.81999969482422,87.69999694824219,85.55000305175781,86.69000244140625,72.34494018554688,7853100,True,-0.0009223370755240761,0.014570400556352111,0.14567900713741982,44,48,16
WMT,2015-01-21,86.0999984741211,86.91000366210938,85.70999908447266,86.63999938964844,72.30322265625,8173800,False,-0.0005768138306626329,0.014889000157008312,0.1488644565228686,44,48,16
WMT,2015-01-22,87.2300033569336,88.4000015258789,86.86000061035156,88.30000305175781,73.68852233886719,7123800,False,0.01897835061741359,0.010174653790101863,0.1017290812545871,45,48,16
WMT,2015-01-23,88.41999816894531,89.26000213623047,87.88999938964844,88.51000213623047,73.86380004882812,7565800,False,0.0023758052678550597,0.00978600287058025,0.0978432388674833,46,48,16
WMT,2015-01-26,88.30999755859375,89.16000366210938,88.12000274658203,88.62999725341797,73.96392059326172,4666700,True,0.0013545573091077211,0.008349721278532611,0.0834828871743355,46,48,16
WMT,2015-01-27,88.27999877929688,88.45999908447266,87.26000213623047,87.52999877929688,73.04592895507812,6020500,False,-0.01248900768180796,0.011240195988122476,0.11238267508478514,45,48,16
WMT,2015-01-28,88.0199966430664,88.2300033569336,86.7699966430664,86.81999969482422,72.45342254638672,5936800,False,-0.008144499309368477,0.012135731890282839,0.12133649763606426,45,48,16
WMT,2015-01-29,87.06999969482422,87.72000122070312,86.2699966430664,87.72000122070312,73.20447540283203,6522800,False,0.010312650714610226,0.00904780776447583,0.09046255432726925,46,48,16
WMT,2015-01-30,86.77999877929688,87.36000061035156,84.9000015258789,84.9800033569336,70.91788482666016,10280200,False,-0.03173390249922726,0.015860588419778675,0.15857867219726549,43,40,13
WMT,2015-02-02,84.79000091552734,85.87000274658203,83.93000030517578,85.70999908447266,71.52710723876953,6927200,True,0.008553844089790786,0.017207596478163775,0.17204644172032751,43,40,13
WMT,2015-02-03,85.83000183105469,86.52999877929688,85.66000366210938,86.19000244140625,71.92769622802734,8283500,False,0.0055848953232546,0.01758184410262263,0.17578827586852705,42,40,13
WMT,2015-02-04,86.11000061035156,87.04000091552734,86.0,86.6500015258789,72.31156158447266,8932300,False,0.005322632250357977,0.017644495070211128,0.1764146780541905,42,40,13
WMT,2015-02-05,87.11000061035156,87.36000061035156,86.55999755859375,87.27999877929688,72.8373031616211,5090800,False,0.007244202388246809,0.017227535642349665,0.1722457991525763,43,40,13
WMT,2015-02-06,87.26000213623047,88.0,86.77999877929688,87.33000183105469,72.8790283203125,5617600,False,0.0005726902318697658,0.003028011741884494,0.030274922261205275,48,48,16
WMT,2015-02-09,86.97000122070312,87.19000244140625,85.63999938964844,85.91000366210938,71.69401550292969,5456200,True,-0.016393641932448435,0.009746703321335159,0.0974503108012417,46,48,16
WMT,2015-02-10,86.62000274658203,87.41000366210938,86.41999816894531,87.29000091552734,72.84563446044922,5732100,False,0.015935327467201724,0.011954710308535987,0.11952659239719764,45,48,16
WMT,2015-02-11,86.62999725341797,87.12000274658203,85.91999816894531,86.33999633789062,72.05286407470703,5853100,False,-0.010942532934486366,0.013159242762120642,0.1315698503175513,44,48,16
WMT,2015-02-12,86.55999755859375,86.68000030517578,85.2300033569336,85.88999938964844,71.67731475830078,6941600,False,-0.00522576642010742,0.012434991964051742,0.12432858493345285,45,48,16
WMT,2015-02-13,85.83999633789062,86.16000366210938,85.31999969482422,85.80999755859375,71.61054992675781,5597000,False,-0.0009318979876132294,0.012338374948478286,0.12336258054346472,45,48,16
WMT,2015-02-17,85.43000030517578,85.97000122070312,84.97000122070312,85.95999908447266,71.7357406616211,5087200,True,0.0017466900075110625,0.01006024328849873,0.1005851725325738,45,48,16
WMT,2015-02-18,85.95999908447266,86.30000305175781,85.5199966430664,86.29000091552734,72.01113891601562,6032700,False,0.003831715751388156,0.005897006250698274,0.0589599450174596,47,48,16
WMT,2015-02-19,84.5,84.80000305175781,83.38999938964844,83.5199966430664,69.69950866699219,18646800,False,-0.032627545729444846,0.014915833944523019,0.14913274835930507,44,48,16
WMT,2015-02-20,82.7300033569336,84.37999725341797,82.55000305175781,84.30000305175781,70.35043334960938,13840400,False,0.00929567496301086,0.01658115768526104,0.1657831285719015,43,40,13
WMT,2015-02-23,84.38999938964844,84.86000061035156,84.2300033569336,84.5999984741211,70.60076904296875,6730400,True,0.0035520939491802896,0.016889204158005246,0.16886306478422447,43,40,13
WMT,2015-02-24,84.5199966430664,84.81999969482422,83.91999816894531,84.56999969482422,70.57572937011719,5197700,False,-0.0003547286325357106,0.016772264101641753,0.16769386485456292,43,40,13
WMT,2015-02-25,84.62999725341797,84.72000122070312,83.5199966430664,83.56999969482422,69.74120330810547,6808400,False,-0.011895013465745518,0.01658329616006458,0.16580450965095714,43,40,13
WMT,2015-02-26,83.8499984741211,83.86000061035156,83.2699966430664,83.80000305175781,69.93314361572266,5888100,False,0.002748399153689071,0.007841525788254382,0.07840180418220245,46,48,16
WMT,2015-02-27,83.72000122070312,84.16000366210938,83.4000015258789,83.93000030517578,70.0416488647461,5877400,False,0.001550354443599806,0.006330912085355637,0.06329825891209448,47,48,16
WMT,2015-03-02,83.93000030517578,84.0,83.19999694824219,83.95999908447266,70.06669616699219,6061500,True,0.0003575419081176315,0.0059196753404660955,0.05918659702179627,47,48,16
WMT,2015-03-03,83.66000366210938,83.81999969482422,83.16999816894531,83.37000274658203,69.57432556152344,6460800,False,-0.007051977131846106,0.006333681129478267,0.0633259446024737,47,48,16
WMT,2015-03-04,83.20999908447266,83.20999908447266,82.19999694824219,82.58000183105469,68.9150390625,6214400,False,-0.009521185707356675,0.005524177458152547,0.05523229675410241,47,48,16
WMT,2015-03-05,83.1500015258789,83.87000274658203,82.95999908447266,83.56999969482422,69.74120330810547,5997500,False,0.011916867333796315,0.008417478561431069,0.08416034375219694,46,48,16
WMT,2015-03-06,82.80999755859375,83.0999984741211,82.37999725341797,82.58999633789062,68.92340850830078,5731000,False,-0.011795428853335052,0.009615749087989858,0.09614099314587578,46,48,16
WMT,2015-03-09,82.58999633789062,83.33999633789062,82.54000091552734,82.87999725341797,69.1654052734375,4671500,True,0.0035049473776554633,0.010003600313237016,0.10001883996226993,45,48,16
WMT,2015-03-10,82.2699966430664,82.5,82.06999969482422,82.06999969482422,68.48944091796875,6311100,False,-0.009821227622461279,0.010381947196858607,0.10380165966900073,45,48,16
WMT,2015-03-11,81.81999969482422,81.97000122070312,80.54000091552734,80.69000244140625,67.74225616455078,6160900,False,-0.010969433130525763,0.010621805798562017,0.1061998341607987,45,48,16
WMT,2015-03-12,80.80999755859375,82.12000274658203,80.77999877929688,81.9000015258789,68.75808715820312,5225800,False,0.01488420794787854,0.011719970465114062,0.11717959670596449,45,48,16
WMT,2015-03-13,81.94999694824219,82.25,81.29000091552734,81.9000015258789,68.75808715820312,4762200,False,0.0,0.010600186695401656,0.10598368022107535,45,48,16
WMT,2015-03-16,82.44999694824219,83.37000274658203,82.44000244140625,83.29000091552734,69.925048828125,6519100,True,0.01682957635989696,0.013206971040590012,0.13204705121487081,44,48,16
WMT,2015-03-17,82.9800033569336,83.01000213623047,82.23999786376953,82.62000274658203,69.36255645751953,4802000,False,-0.008076747780164262,0.012828123103494033,0.12825922183305322,44,48,16
WMT,2015-03-18,81.9800033569336,82.95999908447266,81.16000366210938,82.52999877929688,69.28699493408203,10252300,False,-0.0010899643043894753,0.010834228980535389,0.10832370152622685,45,48,16
WMT,2015-03-19,82.33000183105469,82.44000244140625,81.37000274658203,81.5199966430664,68.43904876708984,7212900,False,-0.012313675154582088,0.011146267366124389,0.11144355001807571,45,48,16
WMT,2015-03-20,81.83000183105469,83.48999786376953,81.70999908447266,83.23999786376953,69.88306427001953,12365300,False,0.020879784621202525,0.014870882633856546,0.14868331237557278,44,48,16
WMT,2015-03-23,83.18000030517578,83.9000015258789,83.12000274658203,83.30999755859375,69.94184112548828,6505700,True,0.0008407208825138394,0.012793642549873242,0.12791447545510717,44,48,16
WMT,2015-03-24,83.19000244140625,83.70999908447266,82.95999908447266,83.05000305175781,69.72357177734375,5359100,False,-0.003125605993708773,0.012184687235131737,0.12182596709190212,45,48,16
WMT,2015-03-25,83.08999633789062,83.25,81.30999755859375,81.31999969482422,68.27115631103516,6645900,False,-0.02105108104179964,0.015792296427307458,0.15789586944107728,43,40,13
WMT,2015-03-26,80.93000030517578,82.30999755859375,80.6500015258789,81.88999938964844,68.74967193603516,8267200,False,0.006984596086141332,0.01528293916510956,0.15280317072299884,43,40,13
WMT,2015-03-27,81.8499984741211,82.18000030517578,81.25,81.3499984741211,68.29634857177734,5717400,False,-0.006615661161987102,0.010496176540317901,0.10494375712038854,45,48,16
WMT,2015-03-30,81.69999694824219,82.80000305175781,81.43000030517578,82.52999877929688,69.28699493408203,5701700,True,0.014400921762219882,0.013556897110983674,0.13554571155089182,44,48,16
WMT,2015-03-31,82.38999938964844,83.04000091552734,82.25,82.25,69.05191802978516,5587700,False,-0.0033985684219592833,0.013563708060509092,0.13561380936060463,44,48,16
WMT,2015-04-01,82.27999877929688,82.27999877929688,80.43000030517578,80.70999908447266,67.75902557373047,8306700,False,-0.018900987186656774,0.012819871425596716,0.12817671921147808,44,48,16
WMT,2015-04-02,80.7300033569336,81.31999969482422,80.55000305175781,80.7300033569336,67.77583312988281,5795700,False,0.0002480182057850117,0.012034401589084478,0.12032336847640793,45,48,16
WMT,2015-04-06,80.45999908447266,81.33000183105469,80.1500015258789,80.98999786376953,67.99408721923828,6380700,True,0.003215060844035894,0.012069045442174072,0.12066974756886922,45,48,16
WMT,2015-04-07,81.08999633789062,81.29000091552734,80.45999908447266,80.5,67.58273315429688,6606100,False,-0.006068225026869297,0.008543568282232543,0.08542102462816538,46,48,16
WMT,2015-04-08,80.38999938964844,81.2300033569336,80.36000061035156,81.02999877929688,68.02770233154297,6694700,False,0.0065624857346578335,0.010035842019843099,0.10034120171125716,45,48,16
WMT,2015-04-09,80.83999633789062,81.38999938964844,80.58000183105469,80.83999633789062,67.8681640625,3923600,False,-0.0023479498908842568,0.004880638913017572,0.04879801542138699,48,48,16
WMT,2015-04-10,80.86000061035156,81.0,80.55000305175781,80.6500015258789,67.70864868164062,5480300,False,-0.0023531376971794317,0.005026917444195482,0.05026054976319188,47,48,16
WMT,2015-04-13,80.4000015258789,80.91999816894531,80.2699966430664,80.29000091552734,67.40643310546875,4698100,True,-0.004473461824775709,0.004895969720173437,0.04895129718989047,48,48,16
WMT,2015-04-14,80.29000091552734,80.41999816894531,79.68000030517578,80.1500015258789,67.28888702392578,5531700,False,-0.001745362960940569,0.004283020660400253,0.04282285822843419,48,48,16
WMT,2015-04-15,80.58000183105469,80.9800033569336,79.6500015258789,79.73999786376953,66.94467163085938,6200400,False,-0.005128615392430233,0.0014916371396931781,0.014913812196128596,49,48,16
WMT,2015-04-16,79.5,79.88999938964844,79.12999725341797,79.23999786376953,66.52489471435547,8015100,False,-0.006290247464116997,0.0019064822998074282,0.0190615520477184,49,48,16
WMT,2015-04-17,78.94000244140625,79.1500015258789,77.55000305175781,77.87999725341797,65.38311767578125,11822800,False,-0.01731214858934035,0.006007086228419407,0.06006055593052971,47,48,16
WMT,2015-04-20,78.38999938964844,78.83000183105469,78.0199966430664,78.13999938964844,65.6014175415039,8847600,True,0.0033332189555983754,0.007622120123104865,0.0762081239648544,46,48,16
WMT,2015-04-21,78.61000061035156,78.83999633789062,77.91000366210938,78.02999877929688,65.50907135009766,6200200,False,-0.0014086776345311825,0.007664165821472566,0.07662850881075595,46,48,16
WMT,2015-04-22,77.7300033569336,78.63999938964844,77.55000305175781,78.43000030517578,65.84489440917969,7594700,False,0.005113264587457209,0.008995009291693933,0.08993466018575332,46,48,16
WMT,2015-04-23,78.37999725341797,79.54000091552734,78.19999694824219,79.18000030517578,66.47453308105469,7468900,False,0.009517021592408343,0.010361101265658377,0.1035932361223481,45,48,16
WMT,2015-04-24,79.37999725341797,80.93000030517578,79.23999786376953,79.83999633789062,67.02863311767578,6867800,False,0.008300974937716503,0.004334682743825294,0.043339390426084,48,48,16
WMT,2015-04-27,79.7699966430664,79.86000061035156,79.29000091552734,79.37000274658203,66.63407135009766,6449800,True,-0.005903859497746963,0.006589316761046896,0.0658818623242847,47,48,16
WMT,2015-04-28,79.45999908447266,79.4800033569336,78.7699966430664,79.0999984741211,66.4073715209961,4895900,False,-0.003407961363326685,0.006982071445696728,0.06980873532184372,47,48,16
WMT,2015-04-29,78.69999694824219,78.79000091552734,77.79000091552734,77.87999725341797,65.38311767578125,7108400,False,-0.01554398157757577,0.010460148940297552,0.10458354293271337,45,48,16
WMT,2015-04-30,77.83000183105469,78.4800033569336,77.58999633789062,78.05000305175781,65.52587127685547,8795900,False,0.0021809603572886154,0.008950227407322046,0.08948691817428232,46,48,16
WMT,2015-05-01,78.19999694824219,78.76000213623047,78.16999816894531,78.5999984741211,65.98761749267578,4999700,False,0.007022064694774025,0.008560800394559028,0.08559331618630711,46,48,16
WMT,2015-05-04,78.9800033569336,79.55000305175781,78.45999908447266,79.18000030517578,66.47453308105469,6669200,True,0.007351802448870297,0.00948940608463337,0.09487777987891388,46,48,16
WMT,2015-05-05,79.01000213623047,79.01000213623047,78.05999755859375,78.12999725341797,65.59302520751953,5855400,False,-0.013349545885056619,0.011152264514182211,0.11150351120935117,45,48,16
WMT,2015-05-06,77.91999816894531,78.12000274658203,77.16999816894531,77.6500015258789,65.60147857666016,5480100,False,0.00012886773315186613,0.008427909761002847,0.08426463785111286,46,48,16
WMT,2015-05-07,77.7300033569336,78.33999633789062,77.30000305175781,78.02999877929688,65.92250061035156,5538100,False,0.004881583923601417,0.008633243000603917,0.08631761795702718,46,48,16
WMT,2015-05-08,78.5999984741211,79.25,78.4000015258789,78.52999877929688,66.3449478149414,5347400,False,0.006387794519010945,0.008530484686249213,0.08529021111584863,46,48,16
WMT,2015-05-11,78.31999969482422,78.61000061035156,78.02999877929688,78.0999984741211,65.9816665649414,3744900,True,-0.005490689297471256,0.008092153476302807,0.08090765106093663,46,48,16
WMT,2015-05-12,78.0199966430664,79.4800033569336,77.87000274658203,78.95999908447266,66.7082290649414,8449000,False,0.010951395479039347,0.006282640056044293,0.06281562143926815,47,48,16
WMT,2015-05-13,79.18000030517578,79.43000030517578,77.9800033569336,78.16000366210938,66.03235626220703,8421200,False,-0.010183451306576283,0.008801214564966846,0.08799704541196031,46,48,16
WMT,2015-05-14,78.37000274658203,78.7699966430664,78.0199966430664,78.72000122070312,66.50544738769531,6170200,False,0.00713899161935129,0.009083643334841084,0.09082084854785864,46,48,16
WMT,2015-05-15,78.70999908447266,79.25,78.56999969482422,79.23999786376953,66.94474792480469,6617200,False,0.006583761423550445,0.009108985944276,0.09107423116191042,46,48,16
WMT,2015-05-18,79.37000274658203,79.94000244140625,79.16000366210938,79.91999816894531,67.51924133300781,8300300,True,0.00854499270791919,0.008438530049795256,0.08437082251781486,46,48,16
WMT,2015-05-19,78.18000030517578,78.36000061035156,76.2300033569336,76.43000030517578,64.5707778930664,22458600,False,-0.04465066019396334,0.022652806210506755,0.2264891967012065,40,40,13
WMT,2015-05-20,76.4800033569336,76.5,75.83000183105469,75.9000015258789,64.12300872802734,10541900,False,-0.0069587038143080265,0.022567935873383776,0.22564063894195507,40,40,13
WMT,2015-05-21,75.80000305175781,76.41999816894531,75.55999755859375,76.11000061035156,64.30043029785156,6756200,False,0.002763073221650993,0.022015494244977722,0.2201171704816122,41,40,13
WMT,2015-05-22,76.19999694824219,76.37999725341797,75.86000061035156,75.86000061035156,64.08921813964844,6815000,False,-0.0032901772270458648,0.02093763603452945,0.20934043765771154,41,40,13
WMT,2015-05-26,75.7699966430664,75.83000183105469,74.81999969482422,74.9000015258789,63.27818298339844,10573600,True,-0.01273553689796061,0.01858146489229328,0.18578276871653993,42,40,13
WMT,2015-05-27,75.01000213623047,75.51000213623047,75.0,75.19000244140625,63.52317428588867,6987100,False,0.003864179573698859,0.006901047241842419,0.06899863229647082,47,48,16
WMT,2015-05-28,75.06999969482422,75.16000366210938,74.6500015258789,74.83999633789062,63.22748565673828,5025500,False,-0.004665682461579567,0.006666974358486437,0.06665830506159419,47,48,16
WMT,2015-05-29,74.81999969482422,74.87999725341797,74.1500015258789,74.2699966430664,62.74593353271485,6375100,False,-0.0076453345908291045,0.006090764062931421,0.06089719070964737,47,48,16
WMT,2015-06-01,74.69000244140625,75.08000183105469,74.41000366210938,74.7300033569336,63.13456344604492,5646000,True,0.006174604603420272,0.007912405275741547,0.07911047744918671,46,48,16
WMT,2015-06-02,74.54000091552734,75.0,74.41999816894531,74.52999877929688,62.96557235717773,5797800,False,-0.0026802697547931654,0.005821420555213628,0.05820421774493831,47,48,16
WMT,2015-06-03,74.69999694824219,75.19999694824219,74.47000122070312,74.88999938964844,63.26970672607422,6093800,False,0.004818541370731222,0.006032218429448783,0.06031183482152364,47,48,16
WMT,2015-06-04,74.45999908447266,74.9800033569336,73.94999694824219,74.1500015258789,62.64456558227539,8982800,False,-0.009929712793701423,0.007218391495704287,0.07217153036777385,47,48,16
WMT,2015-06-05,74.16999816894531,74.2699966430664,72.9800033569336,73.05999755859375,61.72368240356445,10635100,False,-0.01480924631102881,0.009116984994821256,0.09115420794339753,46,48,16
WMT,2015-06-08,73.43000030517578,73.48999786376953,72.5999984741211,72.61000061035156,61.34351348876953,9593000,True,-0.00617825280436703,0.007430351374619684,0.07429076549751099,47,48,16
WMT,2015-06-09,72.69999694824219,72.8499984741211,72.36000061035156,72.47000122070312,61.22525024414063,8335600,False,-0.0019297458459617168,0.007515111694938273,0.07513822327747426,46,48,16
WMT,2015-06-10,72.70999908447266,73.33000183105469,72.33999633789062,72.93000030517578,61.61384963989258,11215800,False,0.006326986968245508,0.00804948279705682,0.08048101747853145,46,48,16
WMT,2015-06-11,73.2300033569336,73.66999816894531,72.83999633789062,72.94000244140625,61.62232208251953,7420000,False,0.0001374992832362133,0.00786001780153132,0.0785866925882375,46,48,16
WMT,2015-06-12,72.73999786376953,72.9000015258789,72.4000015258789,72.43000030517578,61.19145584106445,7246600,False,-0.00701660703655065,0.0053892865360875356,0.05388361896571347,47,48,16
WMT,2015-06-15,72.19999694824219,72.4000015258789,71.69999694824219,71.93000030517578,60.769020080566406,7566800,True,-0.0069274483668462635,0.0055517759008736475,0.055508233830684435,47,48,16
WMT,2015-06-16,72.22000122070312,72.58000183105469,71.72000122070312,72.3499984741211,61.12385177612305,6215600,False,0.005822041805029666,0.006531054216746179,0.06529933684228426,47,48,16
WMT,2015-06-17,72.62999725341797,72.9000015258789,72.33999633789062,72.7300033569336,61.44489669799805,5703900,False,0.005238621754380616,0.006266429699348969,0.06265354568441263,47,48,16
WMT,2015-06-18,72.73999786376953,73.4800033569336,72.73999786376953,72.9800033569336,61.65610885620117,8376600,False,0.0034315294909426945,0.006524510470466063,0.06523391060658404,47,48,16
WMT,2015-06-19,72.80000305175781,73.22000122070312,72.69999694824219,72.73999786376953,61.45333862304688,14550700,False,-0.0032941487541068085,0.005663657879040218,0.05662686165651801,47,48,16
WMT,2015-06-22,72.9800033569336,73.19000244140625,72.69000244140625,72.79000091552734,61.49557876586914,6489500,True,0.000687116981283267,0.0037478946541281343,0.0374725162810298,48,48,16
WMT,2015-06-23,72.88999938964844,72.94000244140625,72.33999633789062,72.56999969482422,61.3097038269043,7876300,False,-0.0030271512264204757,0.0038033643725723654,0.03802711829611475,48,48,16
WMT,2015-06-24,72.55999755859375,72.6500015258789,72.13999938964844,72.37999725341797,61.149208068847656,7338400,False,-0.002621219598744718,0.0029359592465346093,0.02935455524210868,48,48,16
WMT,2015-06-25,72.44999694824219,72.62999725341797,71.83000183105469,71.86000061035156,60.70989227294922,5293200,False,-0.007210256729612925,0.0028066198937537292,0.028061383621737494,48,48,16
WMT,2015-06-26,71.95999908447266,72.45999908447266,71.87000274658203,72.12000274658203,60.92954254150391,6897800,False,0.00361150160932921,0.004089087971853514,0.04088386407314567,48,48,16
WMT,2015-06-29,71.80000305175781,72.0,71.41000366210938,71.41999816894531,60.338134765625,8187800,True,-0.009753835114999781,0.0050989013012619835,0.05098026483120339,47,48,16
WMT,2015-06-30,71.80999755859375,71.80999755859375,70.77999877929688,70.93000030517578,59.92417526245117,11102600,False,-0.00688430378555812,0.005242466131965688,0.05241566682416023,47,48,16
WMT,2015-07-01,71.5999984741211,71.94999694824219,70.36000061035156,71.87999725341797,60.72677230834961,10773900,False,0.01330464287656506,0.009681993401813476,0.0968033226287888,46,48,16
WMT,2015-07-02,72.0199966430664,72.55999755859375,71.66000366210938,71.86000061035156,60.70989227294922,6586100,False,-0.00027800558533636304,0.00911954893504955,0.09117984294673,46,48,16
WMT,2015-07-06,71.37999725341797,72.69000244140625,71.37999725341797,72.52999877929688,61.275917053222656,10536500,True,0.009280240803430588,0.009991467557375844,0.099897533219819,46,48,16
WMT,2015-07-07,72.66000366210938,73.86000061035156,72.0,73.79000091552734,62.34041213989258,12421300,False,0.01722298998914733,0.00992587688388256,0.09924173901875906,46,48,16
WMT,2015-07-08,73.30000305175781,73.58999633789062,72.9000015258789,73.05999755859375,61.72368240356445,7791000,False,-0.009942196713085317,0.01099552498482526,0.10993638483368319,45,48,16
WMT,2015-07-09,73.66999816894531,73.7300033569336,72.70999908447266,72.77999877929688,61.48712158203125,8695800,False,-0.003839941053185543,0.010787236420908548,0.10785385655506032,45,48,16
WMT,2015-07-10,73.08000183105469,73.55000305175781,73.08000183105469,73.12000274658203,61.77436447143555,5579300,False,0.004660716312370834,0.01069630185714581,0.10694466693380072,45,48,16
WMT,2015-07-13,73.51000213623047,74.11000061035156,73.51000213623047,73.87999725341797,62.41645050048828,6084500,True,0.010340406420370353,0.010849525339502257,0.10847663887194309,45,48,16
WMT,2015-07-14,73.9800033569336,74.08999633789062,73.4800033569336,73.79000091552734,62.34041213989258,5518200,False,-0.0012189849664702207,0.007805841219960574,0.07804501972325337,46,48,16
WMT,2015-07-15,73.58999633789062,73.9000015258789,73.19000244140625,73.6500015258789,62.22214889526367,4566700,False,-0.0018988575568910863,0.005821167240947189,0.05820168503688503,47,48,16
WMT,2015-07-16,73.97000122070312,74.13999938964844,73.76000213623047,73.83000183105469,62.37419128417969,5231700,False,0.002440560680434178,0.004966379937142867,0.04965527855682447,48,48,16
WMT,2015-07-17,73.73999786376953,74.06999969482422,73.30999755859375,73.38999938964844,62.0024642944336,5680600,False,-0.0059774576641127355,0.006143799674269554,0.06142745582986722,47,48,16
WMT,2015-07-20,73.3499984741211,73.44000244140625,73.05999755859375,73.0999984741211,61.75748443603516,5085600,True,-0.003958957334460446,0.0031591593810066363,0.03158617364251347,48,48,16
WMT,2015-07-21,73.0999984741211,73.29000091552734,72.52999877929688,72.73999786376953,61.45333862304688,6441100,False,-0.004937008344053107,0.003326400090947324,0.03325829380715061,48,48,16
WMT,2015-07-22,72.77999877929688,73.81999969482422,72.77999877929688,73.16000366210938,61.80818557739258,6961600,False,0.005757643140064951,0.005147146649384747,0.051462635537920805,47,48,16
WMT,2015-07-23,73.06999969482422,73.22000122070312,72.41999816894531,72.51000213623047,61.25902557373047,4252900,False,-0.008924613526411402,0.005556199569770234,0.05555246292996465,47,48,16
WMT,2015-07-24,72.52999877929688,72.55999755859375,71.5,71.58000183105469,60.47334671020508,5951100,False,-0.012908477153284043,0.006977841042974313,0.06976643855271857,47,48,16
WMT,2015-07-27,71.37999725341797,71.6500015258789,71.01000213623047,71.37999725341797,60.30436325073242,6197600,True,-0.002798257555843028,0.007039926231489058,0.07038718391835126,47,48,16
WMT,2015-07-28,71.52999877929688,72.38999938964844,71.2300033569336,72.0999984741211,60.91264724731445,8592300,False,0.010036365358986424,0.009648408207902436,0.09646752831177223,46,48,16
WMT,2015-07-29,72.25,72.62999725341797,72.08999633789062,72.2300033569336,61.02246856689453,4939700,False,0.0018013079914120634,0.009018667737631077,0.09017120405434552,46,48,16
WMT,2015-07-30,72.02999877929688,72.52999877929688,71.77999877929688,72.16000366210938,60.96334457397461,4604500,False,-0.0009693585840400809,0.008286886665398136,0.08285464884829281,46,48,16
WMT,2015-07-31,72.44000244140625,72.48999786376953,71.66000366210938,71.9800033569336,60.811256408691406,7928400,False,-0.0024978647950105286,0.005309724672319306,0.05308813683226551,47,48,16
WMT,2015-08-03,71.83999633789062,72.37999725341797,71.83999633789062,72.18000030517578,60.980228424072266,5131800,True,0.002774777301187733,0.004847898915444902,0.048470671617651354,48,48,16
WMT,2015-08-04,72.41999816894531,72.80000305175781,71.93000030517578,72.25,61.039363861083984,5873400,False,0.0009692778107851349,0.0021330055485996643,0.02132639588986035,49,48,16
WMT,2015-08-05,72.38999938964844,73.69000244140625,72.25,73.51000213623047,62.52793884277344,8715800,False,0.02409451309343334,0.010926698319081567,0.1092482362621088,45,48,16
WMT,2015-08-06,73.3499984741211,73.37999725341797,72.66000366210938,72.79000091552734,61.915470123291016,6367700,False,-0.009843408660614195,0.012691367572458324,0.12689190115406562,44,48,16
WMT,2015-08-07,72.70999908447266,72.83000183105469,71.16999816894531,71.25,60.60554122924805,7797500,False,-0.021383741360304073,0.016889679104674024,0.1688678134360466,43,40,13
WMT,2015-08-10,71.5,71.75,71.33999633789062,71.4800033569336,60.80120086669922,6020100,True,0.0032232115526228296,0.016913769157712883,0.16910867263514795,43,40,13
WMT,2015-08-11,71.25,72.37000274658203,71.1500015258789,71.93000030517578,61.18397903442383,6829200,False,0.006275834890420219,0.017199984500862048,0.1719703350071744,43,40,13
WMT,2015-08-12,71.52999877929688,72.66000366210938,71.2699966430664,72.58000183105469,61.73685836791992,8841400,False,0.008995758141475189,0.012771388191838874,0.1276919700565501,44,48,16
WMT,2015-08-13,72.4000015258789,72.7699966430664,71.97000122070312,72.11000061035156,61.33707046508789,7652400,False,-0.00649673432536709,0.012374900483232927,0.12372777322417654,45,48,16
WMT,2015-08-14,72.30000305175781,72.5999984741211,72.04000091552734,72.37999725341797,61.56674575805664,5912500,False,0.003737484601924439,0.005859899135470207,0.05858893752983072,47,48,16
WMT,2015-08-17,71.83000183105469,72.2300033569336,71.76000213623047,71.91000366210938,61.16696166992188,7604400,True,-0.006514681426163254,0.007275520610741594,0.07274272350176399,47,48,16
WMT,2015-08-18,70.0,70.5,69.23999786376953,69.4800033569336,59.09999847412109,21315000,False,-0.03437630316292902,0.01674130193622821,0.16738429632219315,43,40,13
WMT,2015-08-19,68.87000274658203,69.38999938964844,67.7699966430664,68.56999969482422,58.32594680786133,16333400,False,-0.013183847506770291,0.014213892017240583,0.14211453340775718,44,48,16
WMT,2015-08-20,68.08000183105469,69.30000305175781,67.94000244140625,68.43000030517578,58.20684814453125,9860100,False,-0.002044037557767405,0.014725573919341406,0.1472304745364818,44,48,16
WMT,2015-08-21,67.91000366210938,68.30999755859375,66.54000091552734,66.54000091552734,56.59921646118164,15746500,False,-0.028007871857624923,0.013884725207815368,0.13882343006477102,44,48,16
WMT,2015-08-24,63.7400016784668,66.16000366210938,61.5,63.95000076293945,54.39614868164063,22239600,True,-0.039701786608945064,0.01555544249188926,0.15552773645702758,43,40,13
WMT,2015-08-25,65.44999694824219,65.70999908447266,63.0,63.09999847412109,53.67313766479492,14801000,False,-0.013380708410017803,0.014682190714516846,0.14679671692077056,44,48,16
WMT,2015-08-26,64.2300033569336,64.8499984741211,63.02000045776367,64.83000183105469,55.14467239379883,13928300,False,0.027047492273892575,0.025721161949812943,0.2571674897184604,39,40,13
WMT,2015-08-27,65.31999969482422,66.18000030517578,64.94999694824219,66.08000183105469,56.20793151855469,13912800,False,0.01909773823888011,0.0291194695888301,0.29114473563457915,38,40,13
WMT,2015-08-28,66.08999633789062,66.12000274658203,64.44999694824219,64.94000244140625,55.23825454711914,14303000,False,-0.017402146749602707,0.027549587043557377,0.275448603628243,38,40,13
WMT,2015-08-31,64.81999969482422,65.0,64.29000091552734,64.7300033569336,55.059608459472656,8175200,True,-0.0032393418873745364,0.01974378548414994,0.19740398044247542,42,40,13
WMT,2015-09-01,63.79999923706055,64.31999969482422,63.27000045776367,63.81999969482422,54.28556823730469,13393900,False,-0.014157975232068932,0.019901767949293908,0.19898353404350955,42,40,13
WMT,2015-09-02,64.58999633789062,64.94000244140625,64.05999755859375,64.44000244140625,54.81294250488281,9514600,False,0.009667929868892429,0.015529708992466175,0.1552704456137438,43,40,13
WMT,2015-09-03,64.72000122070312,65.01000213623047,64.38999938964844,64.86000061035156,55.17020034790039,8523800,False,0.006496615577365173,0.012041585807265739,0.12039519833226241,45,48,16
WMT,2015-09-04,64.06999969482422,64.30000305175781,63.5099983215332,63.88999938964844,54.34510803222656,9232400,False,-0.015068357832803083,0.011407525187220244,0.1140556799891723,45,48,16
WMT,2015-09-08,65.2300033569336,66.5,65.18000030517578,66.37999725341797,56.46311950683594,17706800,True,0.03823307201608103,0.02178432714420148,0.2178058960870838,41,40,13
WMT,2015-09-09,66.86000061035156,67.01000213623047,65.01000213623047,65.12000274658203,55.39134979248047,9464200,False,-0.01916423229357606,0.02296976392665078,0.2296582300585136,40,40,13
WMT,2015-09-10,64.06999969482422,64.6500015258789,63.83000183105469,64.12000274658203,54.54075622558594,14524800,False,-0.015475197788407157,0.024149650447547383,0.2414550709369963,40,40,13
WMT,2015-09-11,64.18000030517578,64.68000030517578,63.9900016784668,64.6500015258789,54.99156188964844,8062400,False,0.008231510430568306,0.02429622829362383,0.2429205979142522,40,40,13
WMT,2015-09-14,64.6500015258789,64.66999816894531,63.81999969482422,64.27999877929688,54.67684173583984,6956700,True,-0.005739502123859345,0.023247634087187028,0.2324364549222349,40,40,13
WMT,2015-09-15,64.4800033569336,64.69999694824219,64.05000305175781,64.31999969482422,54.71086883544922,6860800,False,0.0006221375423107032,0.011281262568065371,0.11279327042631145,45,48,16
WMT,2015-09-16,64.5999984741211,64.7699966430664,64.05000305175781,64.69000244140625,55.02558517456055,5625400,False,0.005735873366854429,0.009548430438653475,0.09546792215107179,46,48,16
WMT,2015-09-17,64.69999694824219,65.29000091552734,64.16000366210938,64.47000122070312,54.83845901489258,7133100,False,-0.003406507415671114,0.0059089947459301006,0.059079809401124936,47,48,16
WMT,2015-09-18,63.75,64.2300033569336,63.2599983215332,63.34000015258789,53.87728500366211,12885200,False,-0.017682794058297438,0.00875648346730395,0.0875498111804445,46,48,16
WMT,2015-09-21,63.75,64.0,63.369998931884766,63.720001220703125,54.20050811767578,7119600,True,0.005981322681006552,0.009721582051088109,0.0971991411993171,46,48,16
WMT,2015-09-22,63.22999954223633,63.81999969482422,62.91999816894531,63.59000015258789,54.08992385864258,8800800,False,-0.002042365063184526,0.009631656016973788,0.09630003514420807,46,48,16
WMT,2015-09-23,63.720001220703125,63.93000030517578,63.119998931884766,63.720001220703125,54.20050811767578,5876600,False,0.002042365063184468,0.008982678121757754,0.0898113696429712,46,48,16
WMT,2015-09-24,63.36000061035156,63.97999954223633,63.29999923706055,63.83000183105469,54.29407501220703,6956200,False,0.0017248219225122487,0.009217757870284799,0.0921617638020806,46,48,16
WMT,2015-09-25,64.06999969482422,64.45999908447266,63.619998931884766,63.77999877929688,54.25154113769531,7163000,False,-0.0007837051038519989,0.003087227791475409,0.030866981160179326,48,48,16
WMT,2015-09-28,63.59999847412109,63.95000076293945,63.47999954223633,63.65999984741211,54.14946746826172,9394400,True,-0.0018832610676736868,0.0019558156577655587,0.019554800986091768,49,48,16
WMT,2015-09-29,63.75,64.04000091552734,63.22999954223633,63.77999877929688,54.25154113769531,7640100,False,0.001883261067673703,0.001807869676972962,0.018075595008982155,49,48,16
WMT,2015-09-30,64.43000030517578,64.94000244140625,63.93000030517578,64.83999633789062,55.15317535400391,7979200,False,0.01648292063870202,0.007443954012667809,0.07442676853995558,47,48,16
WMT,2015-10-01,64.76000213623047,64.94000244140625,63.880001068115234,64.2699966430664,54.66833114624024,7837200,False,-0.008829734234244338,0.009326313083811556,0.09324712968924383,46,48,16
WMT,2015-10-02,63.7599983215332,64.9800033569336,63.40999984741211,64.9800033569336,55.27225875854492,7084000,False,0.010986546234325666,0.010099015985692366,0.10097283298222055,45,48,16
WMT,2015-10-05,65.20999908447266,65.91999816894531,65.13999938964844,65.87000274658203,56.02930450439453,6300300,True,0.013603715861577364,0.01032032429107084,0.10318553633749968,45,48,16
WMT,2015-10-06,65.54000091552734,65.94999694824219,65.18000030517578,65.68000030517578,55.8676872253418,7410900,False,-0.002888681615810365,0.01108399946475671,0.11082097783739399,45,48,16
WMT,2015-10-07,65.83999633789062,66.36000061035156,65.7699966430664,66.36000061035156,56.44610595703125,7136000,False,0.010300139085907165,0.009884061107060596,0.09882365299383863,46,48,16
WMT,2015-10-08,66.2300033569336,66.98999786376953,66.1500015258789,66.87999725341797,56.88843536376953,5974500,False,0.007805769494630779,0.006407133337322697,0.06406034065901609,47,48,16
WMT,2015-10-09,66.94000244140625,67.0199966430664,66.51000213623047,66.69000244140625,56.72679901123047,6754000,False,-0.002845330777648265,0.007641627645439249,0.07640316571915572,46,48,16
WMT,2015-10-12,66.66999816894531,67.0,66.58000183105469,66.93000030517578,56.930946350097656,5643900,True,0.0035923210997664216,0.006029030093464442,0.06027995693190607,47,48,16
WMT,2015-10-13,66.62000274658203,66.94000244140625,66.26000213623047,66.7300033569336,56.76081848144531,8858400,False,-0.002992793644958229,0.006055406814464548,0.06054367888738525,47,48,16
WMT,2015-10-14,66.61000061035156,67.94999694824219,60.02000045776367,60.02999877929688,51.0617790222168,80898100,False,-0.10581001922284188,0.048157639762329306,0.48149377359424494,30,32,10
WMT,2015-10-15,59.70000076293945,60.470001220703125,58.61000061035156,59.33000183105469,50.46635055541992,46253500,False,-0.011729464452114508,0.04608035101852538,0.4607244501590588,31,32,10
WMT,2015-10-16,59.470001220703125,59.4900016784668,58.369998931884766,58.88999938964844,50.09208679199219,26195100,False,-0.007443741200426243,0.04559701343074191,0.4558919035431873,31,32,10
WMT,2015-10-19,58.790000915527344,59.29999923706055,58.5,58.84999847412109,50.05805969238281,17805800,True,-0.0006795217403703981,0.04496587245615375,0.44958157664543685,32,32,10
WMT,2015-10-20,58.86000061035156,59.0,58.56999969482422,58.75,49.97300338745117,10423700,False,-0.0017005982504168903,0.04513263577621984,0.4512489237303855,31,32,10
WMT,2015-10-21,58.79999923706055,59.040000915527344,58.56999969482422,58.63999938964844,49.87942886352539,13117600,False,-0.0018742568249767548,0.004745680093027422,0.047448658770239086,48,48,16
WMT,2015-10-22,58.93999862670898,59.959999084472656,58.63999938964844,58.900001525878906,50.10059356689453,14588500,False,0.004424185126956464,0.004220998105070095,0.042202739087187656,48,48,16
WMT,2015-10-23,59.18999862670898,59.27999877929688,58.220001220703125,58.29999923706055,49.59022903442383,13040600,False,-0.010239036612190713,0.005267827728741006,0.05266923927903947,47,48,16
WMT,2015-10-26,58.400001525878906,58.45000076293945,57.970001220703125,58.02000045776367,49.3520622253418,10839800,True,-0.00481426629708999,0.005330167652836978,0.053292531563434775,47,48,16
WMT,2015-10-27,58.0099983215332,58.040000915527344,57.380001068115234,57.47999954223633,48.89273452758789,10511400,False,-0.009350745479900963,0.005979490184818313,0.059784642841031584,47,48,16
WMT,2015-10-28,57.65999984741211,57.720001220703125,57.15999984741211,57.63999938964844,49.0288314819336,11834700,False,0.0027797153890593506,0.006774634419379584,0.06773472095823406,47,48,16
WMT,2015-10-29,57.720001220703125,58.119998931884766,57.47999954223633,57.959999084472656,49.301025390625,12855500,False,0.005536357167707479,0.0071074775203776586,0.0710625809095379,47,48,16
WMT,2015-10-30,57.72999954223633,58.119998931884766,57.2400016784668,57.2400016784668,48.68859100341797,15805500,False,-0.012500148165058584,0.007712126359112237,0.07710803190129159,46,48,16
WMT,2015-11-02,57.290000915527344,57.61000061035156,56.77000045776367,57.61000061035156,49.00331497192383,10719200,True,0.006443216644773274,0.008853319766138647,0.08851800802682092,46,48,16
WMT,2015-11-03,57.56999969482422,58.33000183105469,57.52999877929688,58.11000061035156,49.428619384765625,10253900,False,0.008641647903420034,0.008471414459768959,0.08469961019779257,46,48,16
WMT,2015-11-04,58.58000183105469,58.7599983215332,58.18999862670898,58.369998931884766,49.6497688293457,10056500,False,0.0044641382612588916,0.008534475572634192,0.08533011313253741,46,48,16
WMT,2015-11-05,58.5099983215332,58.97999954223633,58.41999816894531,58.61000061035156,49.853912353515625,8860500,False,0.0041032413709011254,0.008431163834596423,0.08429717300403683,46,48,16
WMT,2015-11-06,58.91999816894531,59.20000076293945,58.310001373291016,58.77999877929688,49.99851989746094,9977300,False,0.0028964270930936357,0.0022572737987546724,0.022568865184460062,49,48,16
WMT,2015-11-09,58.5,58.77999877929688,58.02000045776367,58.4900016784668,49.75185012817383,8440400,True,-0.004945751520082412,0.004958064818708867,0.04957214163872739,48,48,16
WMT,2015-11-10,58.310001373291016,58.709999084472656,58.310001373291016,58.68000030517578,49.913455963134766,7614900,False,0.0032429735668549997,0.003907563473098427,0.039068930527051064,48,48,16
WMT,2015-11-11,58.5,58.72999954223633,57.470001220703125,57.58000183105469,48.97779846191406,8689900,False,-0.018923522166834576,0.009761735097407806,0.09760060277196042,46,48,16
WMT,2015-11-12,57.63999938964844,57.77000045776367,56.91999816894531,56.95000076293945,48.4419059753418,9551500,False,-0.011001837770813419,0.009452572533705152,0.09450950756492942,46,48,16
WMT,2015-11-13,56.7400016784668,57.060001373291016,56.29999923706055,56.41999816894531,47.99109649658203,12514900,False,-0.009349761000323623,0.00815012043535863,0.0814872211976235,46,48,16
WMT,2015-11-16,56.38999938964844,58.02999877929688,56.36000061035156,57.869998931884766,49.22447204589844,13321600,True,0.025375395095094358,0.017308035967940647,0.17305066429413346,43,40,13
WMT,2015-11-17,59.34000015258789,60.900001525878906,59.20000076293945,59.91999816894531,50.96819686889648,24679300,False,0.034810948261648406,0.024159962266086993,0.2415581714304125,40,40,13
WMT,2015-11-18,60.040000915527344,61.06999969482422,59.54999923706055,60.93000030517578,51.82730865478516,14877700,False,0.01671535705050892,0.020639716704213707,0.20636175549454192,41,40,13
WMT,2015-11-19,61.119998931884766,61.36000061035156,60.43000030517578,60.70000076293945,51.63167572021485,11566100,False,-0.0037818497624011803,0.01886472573460618,0.18861489114923877,42,40,13
WMT,2015-11-20,60.97999954223633,61.470001220703125,60.02000045776367,60.06999969482422,51.095802307128906,12371100,False,-0.01043300748895541,0.01918552793352921,0.19182236273835948,42,40,13
WMT,2015-11-23,60.290000915527344,60.7400016784668,59.880001068115234,60.2599983215332,51.25741958618164,10577000,True,0.003158032749392269,0.018005365231841697,0.18002276052581087,42,40,13
WMT,2015-11-24,59.95000076293945,60.41999816894531,59.86000061035156,59.91999816894531,50.96819686889648,12453900,False,-0.0056585325485443965,0.01054212212584763,0.1054031341468767,45,48,16
WMT,2015-11-25,60.0,60.709999084472656,59.880001068115234,60.2400016784668,51.24040222167969,7820200,False,0.005326479352522056,0.006472485411108515,0.06471374927236673,47,48,16
WMT,2015-11-27,60.43999862670898,60.68999862670898,59.869998931884766,59.88999938964844,50.94269180297852,5340900,True,-0.005827015983746553,0.006653393815868435,0.06652252293554169,47,48,16
WMT,2015-11-30,59.869998931884766,60.060001373291016,58.72999954223633,58.84000015258789,50.04955673217773,14942600,True,-0.01768766155146951,0.009104484957143071,0.09102922901292163,46,48,16
WMT,2015-12-01,59.130001068115234,59.290000915527344,58.650001525878906,58.9900016784668,50.17715072631836,12204100,False,0.002546109042295344,0.008985227233049205,0.08983685638237725,46,48,16
WMT,2015-12-02,58.61000061035156,59.290000915527344,58.31999969482422,58.34999847412109,50.04849624633789,13586900,False,-0.0025672979827056925,0.008971290361961084,0.08969751158297608,46,48,16
WMT,2015-12-03,58.68999862670898,59.65999984741211,58.59999847412109,59.040000915527344,50.64031982421875,15844100,False,0.011755633178452466,0.010843446278058912,0.10841585868735114,45,48,16
WMT,2015-12-04,59.04999923706055,59.84999847412109,59.02999877929688,59.65999984741211,51.172119140625,10435300,False,0.010446742230558494,0.011929145430085187,0.11927098747433382,45,48,16
WMT,2015-12-07,59.56999969482422,60.72999954223633,59.56999969482422,60.5,51.89259719848633,11595900,True,0.013981308440399095,0.006970200910702321,0.06969005033816827,47,48,16
WMT,2015-12-08,60.06999969482422,60.4900016784668,59.5,59.61000061035156,51.12923812866211,10377600,False,-0.014819635821753163,0.012230651891197012,0.12228553479102643,45,48,16
WMT,2015-12-09,59.2599983215332,60.11000061035156,58.900001525878906,59.130001068115234,50.71752166748047,8981700,False,-0.008085062397039006,0.01315798111738097,0.13155723603475758,44,48,16
WMT,2015-12-10,59.130001068115234,60.09000015258789,59.09000015258789,59.560001373291016,51.08633804321289,11359400,False,0.007245658275380869,0.012517205187324628,0.12515057611301172,44,48,16
WMT,2015-12-11,59.04999923706055,59.52999877929688,58.810001373291016,59.36000061035156,50.914798736572266,9745000,False,-0.003363481501774443,0.011610303952776482,0.11608311973734764,45,48,16
WMT,2015-12-14,59.29999923706055,60.43999862670898,59.06999969482422,60.38999938964844,51.798248291015625,14524900,True,0.017202709231998056,0.012689299361393024,0.12687122259184092,44,48,16
WMT,2015-12-15,60.63999938964844,60.84000015258789,59.56999969482422,59.63999938964844,51.15496063232422,14615400,False,-0.012496862163573094,0.012054407704584416,0.12052339530692888,45,48,16
WMT,2015-12-16,60.11000061035156,60.650001525878906,59.70000076293945,60.29999923706055,51.72106552124024,9960500,False,0.011005685662589401,0.011834903537691226,0.11832873024114345,45,48,16
WMT,2015-12-17,60.33000183105469,60.33000183105469,58.970001220703125,58.97999954223633,50.58885192871094,12976100,False,-0.02213392101137291,0.01624269607724996,0.16239909319013615,43,40,13
WMT,2015-12-18,58.93000030517578,59.400001525878906,58.75,58.84999847412109,50.47735977172852,16256700,False,-0.0022063200021806653,0.016225884195664262,0.16223100321841272,43,40,13
WMT,2015-12-21,58.81999969482422,59.58000183105469,58.66999816894531,59.54999923706055,51.077754974365234,9645500,True,0.011824164627640023,0.014770284616272849,0.14767750479568462,44,48,16
WMT,2015-12-22,59.790000915527344,60.70000076293945,59.61000061035156,60.540000915527344,51.92691421508789,9266300,False,0.016488155050984107,0.015674077847430832,0.15671388646984633,43,40,13
WMT,2015-12-23,61.0,61.119998931884766,60.43999862670898,61.09000015258789,52.39866256713867,7519800,False,0.009043833391413854,0.01544633097612319,0.1544368085019186,43,40,13
WMT,2015-12-24,60.77999877929688,61.09999847412109,60.68000030517578,60.83000183105469,52.17565155029297,2482800,False,-0.0042651268009653584,0.009024233857790612,0.09022685570615238,46,48,16
WMT,2015-12-28,60.58000183105469,60.970001220703125,60.5,60.75,52.1070442199707,5421700,True,-0.0013157952949707009,0.008823981693849384,0.08822467763923851,46,48,16
WMT,2015-12-29,61.0,61.75,60.97999954223633,61.61000061035156,52.84468078613281,7883600,False,0.014056914496655207,0.00921766098645203,0.09216079512997644,46,48,16
WMT,2015-12-30,61.65999984741211,61.869998931884766,61.4900016784668,61.68000030517578,52.90473175048828,5716700,False,0.001135722069178921,0.007599249352432618,0.07597945549749725,46,48,16
WMT,2015-12-31,61.33000183105469,61.720001220703125,61.16999816894531,61.29999923706055,52.57877731323242,6575100,False,-0.006180216749259887,0.00797886861368454,0.07977499679751396,46,48,16
WMT,2016-01-04,60.5,61.4900016784668,60.36000061035156,61.459999084472656,52.71602630615234,11989200,True,0.002606948603974358,0.007489602180752574,0.074883171902273,47,48,16
WMT,2016-01-05,62.02999877929688,63.04999923706055,61.84999847412109,62.91999816894531,53.96830368041992,13326000,False,0.023477391551498198,0.011712273176368885,0.11710263702474567,45,48,16
WMT,2016-01-06,62.47999954223633,63.95000076293945,62.470001220703125,63.54999923706055,54.50867462158203,16564600,False,0.009962951022405984,0.011230480329336639,0.1122855351660758,45,48,16
WMT,2016-01-07,62.970001220703125,65.2300033569336,62.91999816894531,65.02999877929688,55.77812194824219,26430000,False,0.023021856351390854,0.012903465012181488,0.12901251165586744,44,48,16
WMT,2016-01-08,65.08000183105469,65.41000366210938,63.40999984741211,63.540000915527344,54.50010681152344,17767900,False,-0.02317905121154059,0.019150058553129238,0.19146772978915105,42,40,13
WMT,2016-01-11,63.7599983215332,64.47000122070312,63.630001068115234,64.22000122070312,55.0833625793457,12653800,True,0.01064505949302338,0.019007251287325878,0.19003990214544406,42,40,13
WMT,2016-01-12,64.37999725341797,64.7300033569336,63.43000030517578,63.619998931884766,54.568729400634766,12195900,False,-0.009386723921666623,0.01832675455733908,0.18323610237334245,42,40,13
WMT,2016-01-13,63.72999954223633,63.72999954223633,61.83000183105469,61.91999816894531,53.11058044433594,13725700,False,-0.027084833611623768,0.0216059014793621,0.21602194556347906,41,40,13
WMT,2016-01-14,62.0,63.619998931884766,61.81999969482422,63.060001373291016,54.08839416503906,12934900,False,0.01824347376703287,0.020098804578198074,0.20095356227694403,41,40,13
WMT,2016-01-15,61.54999923706055,62.470001220703125,61.2599983215332,61.93000030517578,53.11915969848633,15174400,False,-0.018081951124550473,0.01912497835610679,0.19121697084900316,42,40,13
WMT,2016-01-19,62.25,62.79999923706055,62.0099983215332,62.560001373291016,53.65953826904297,13051300,True,0.01012155409515455,0.019018140296400313,0.19014877355392312,42,40,13
WMT,2016-01-20,61.79999923706055,62.33000183105469,60.20000076293945,60.84000015258789,52.18423080444336,17369100,False,-0.027878882828363,0.02164356460674216,0.21639851221867823,41,40,13
WMT,2016-01-21,60.97999954223633,62.790000915527344,60.90999984741211,61.880001068115234,53.076271057128906,12089200,False,0.0169495982426578,0.021369748596372813,0.21366082190092334,41,40,13
WMT,2016-01-22,62.43999862670898,63.2599983215332,62.130001068115234,62.68999862670898,53.77103042602539,9197500,False,0.013004898600672797,0.020347758202719016,0.20344267139259298,41,40,13
WMT,2016-01-25,62.77999877929688,63.81999969482422,62.54999923706055,63.45000076293945,54.42291259765625,12823400,True,0.012050398420192366,0.018464272520309286,0.1846110460635711,42,40,13
WMT,2016-01-26,63.36000061035156,64.47000122070312,63.2599983215332,64.0,54.8946647644043,9441200,False,0.008630910172590957,0.018369659653465015,0.1836650797223582,42,40,13
WMT,2016-01-27,64.0999984741211,65.18000030517578,63.88999938964844,63.95000076293945,54.85177612304688,10214300,False,-0.0007815951605164741,0.006701556073932523,0.06700406288422991,47,48,16
WMT,2016-01-28,64.02999877929688,64.51000213623047,63.43000030517578,64.22000122070312,55.0833625793457,11278300,False,0.004213153348418952,0.0057368970458256735,0.057359127667985045,47,48,16
WMT,2016-01-29,64.75,66.52999877929688,64.73999786376953,66.36000061035156,56.918907165527344,16439100,False,0.03277985255132274,0.01289601387360906,0.12893801305405642,44,48,16
WMT,2016-02-01,65.91000366210938,67.93000030517578,65.88999938964844,67.5,57.89671325683594,14728400,True,0.017033043553860653,0.013150906080777095,0.13148649780735422,44,48,16
WMT,2016-02-02,67.30000305175781,67.83999633789062,66.27999877929688,66.86000061035156,57.34776306152344,13585900,False,-0.009526779325393463,0.016519059912151465,0.16516225738191187,43,40,13
WMT,2016-02-03,67.30999755859375,67.5,65.06999969482422,66.2699966430664,56.841705322265625,12315600,False,-0.00886353285466468,0.018012041471652526,0.18008951146949914,42,40,13
WMT,2016-02-04,65.76000213623047,66.55000305175781,65.01000213623047,66.41999816894531,56.97036743164063,12833400,False,0.0022609581052536435,0.018111879911993492,0.18108772458016617,42,40,13
WMT,2016-02-05,66.86000061035156,67.52999877929688,65.87999725341797,67.0,57.467864990234375,14196500,False,0.008694658807203671,0.011420701347232443,0.11418741898296572,45,48,16
WMT,2016-02-08,66.5,67.1500015258789,65.16000366210938,66.9000015258789,57.382080078125,20743600,True,-0.0014938610203356659,0.007686328115208376,0.0768500937242821,46,48,16
WMT,2016-02-09,65.48999786376953,66.41000366210938,64.68000030517578,65.80999755859375,56.447147369384766,14642400,False,-0.016427305260794636,0.009762776859914021,0.09761101860967136,46,48,16
WMT,2016-02-10,66.19000244140625,66.58999633789062,65.6500015258789,65.79000091552734,56.429988861083984,9709300,False,-0.0003040209737055405,0.009250947253750594,0.09249360069373642,46,48,16
WMT,2016-02-11,65.0199966430664,65.76000213623047,64.77999877929688,65.31999969482422,56.026851654052734,11186700,False,-0.0071696649504239506,0.009265558577338852,0.09263968886098128,46,48,16
WMT,2016-02-12,65.5199966430664,66.25,64.87000274658203,66.18000030517578,56.76451110839844,9695500,False,0.013080256388780128,0.010774364903612338,0.10772516346575148,45,48,16
WMT,2016-02-16,66.61000061035156,66.80000305175781,65.5,65.9000015258789,56.52434158325195,11360500,True,-0.004239956169361193,0.010782605615385372,0.10780755644489837,45,48,16
WMT,2016-02-17,66.0999984741211,66.61000061035156,65.80999755859375,66.11000061035156,56.704471588134766,12426700,False,0.003181701755863128,0.00785099754889702,0.07849650553793568,46,48,16
WMT,2016-02-18,63.7400016784668,64.77999877929688,62.34999847412109,64.12000274658203,54.997596740722656,27894600,False,-0.03056358295780811,0.016221256323207672,0.16218473243388437,43,40,13
WMT,2016-02-19,63.88999938964844,64.7699966430664,63.43999862670898,64.66000366210938,55.46076583862305,15562300,False,0.008386360284156536,0.01719761249509339,0.17194661901913647,43,40,13
WMT,2016-02-22,64.66000366210938,66.13999938964844,64.66000366210938,65.62999725341797,56.292747497558594,10587300,True,0.014889859037986865,0.017609245657200092,0.17606224440147353,42,40,13
WMT,2016-02-23,65.83999633789062,66.5999984741211,65.27999877929688,66.4800033569336,57.02182769775391,11432000,False,0.01286842862010053,0.018618096097819215,0.18614901792366542,42,40,13
WMT,2016-02-24,66.19000244140625,67.33000183105469,65.72000122070312,67.12000274658203,57.57078170776367,10291200,False,0.009581040386142345,0.018957758612131788,0.18954506030805157,42,40,13
WMT,2016-02-25,67.44999694824219,68.12999725341797,67.33000183105469,68.04000091552734,58.35988998413086,9581300,False,0.013613661545300162,0.002762780438342145,0.027623064282944813,48,48,16
WMT,2016-02-26,68.08000183105469,68.19999694824219,66.30000305175781,66.51000213623047,57.04756546020508,10984300,False,-0.022743436922040627,0.015988594556429044,0.15985851394372955,43,40,13
WMT,2016-02-29,66.62999725341797,66.94999694824219,66.22000122070312,66.33999633789062,56.90175247192383,9345200,True,-0.002559261793133382,0.015357253465326279,0.15354618622417282,43,40,13
WMT,2016-03-01,66.6500015258789,66.88999938964844,66.0,66.45999908447266,57.00467300415039,10429500,False,0.0018071071900435402,0.014179116589110015,0.14176683879062935,44,48,16
WMT,2016-03-02,66.20999908447266,66.66999816894531,66.0,66.20999908447266,56.790225982666016,9165600,False,-0.0037690138530575294,0.013127708986507643,0.1312545666638982,44,48,16
WMT,2016-03-03,65.94999694824219,66.19999694824219,64.87999725341797,66.13999938964844,56.73019790649414,11846800,False,-0.001057573249116956,0.009772079442361985,0.09770402847371677,46,48,16
WMT,2016-03-04,66.13999938964844,67.27999877929688,66.08999633789062,66.77999877929688,57.27914047241211,10010500,False,0.009629856919794897,0.005352364461696583,0.0535144615689813,47,48,16
WMT,2016-03-07,66.62000274658203,68.4800033569336,66.2699966430664,67.88999938964844,58.231224060058594,12825400,True,0.016485189931485577,0.008312703409884548,0.08311277199938637,46,48,16
WMT,2016-03-08,67.7300033569336,68.47000122070312,67.48999786376953,68.04000091552734,58.35988998413086,10067900,False,0.002207131776024637,0.008280737050955137,0.08279316325475204,46,48,16
WMT,2016-03-09,67.79000091552734,67.98999786376953,67.12000274658203,67.52999877929688,58.35124588012695,7824800,False,-0.000148128179127055,0.007474068471168742,0.07472786145760942,47,48,16
WMT,2016-03-10,67.55000305175781,68.04000091552734,66.4000015258789,67.41000366210938,58.24756622314453,10225800,False,-0.0017784003531064092,0.007635536049202846,0.07634226020813911,46,48,16
WMT,2016-03-11,67.7699966430664,67.94000244140625,66.80000305175781,67.16999816894531,58.0401725769043,8290900,False,-0.0035669085712137123,0.008026491969166813,0.0802511486449788,46,48,16
WMT,2016-03-14,67.1500015258789,67.66999816894531,66.95999908447266,67.36000061035156,58.2043571472168,6712500,True,0.0028248155827921735,0.0026793611983747037,0.026789015005602396,48,48,16
WMT,2016-03-15,67.0,68.3499984741211,67.0,68.08999633789062,58.83512496948242,7566900,False,0.010778822973048562,0.0056328283475134446,0.05631861923545607,47,48,16
WMT,2016-03-16,67.94000244140625,68.33999633789062,67.25,67.98999786376953,58.748722076416016,8218000,False,-0.0014696390837431583,0.005766080286863052,0.05765091000869248,47,48,16
WMT,2016-03-17,67.81999969482422,68.91999816894531,67.26000213623047,67.44999694824219,58.28210067749024,11838100,False,-0.00797437565033399,0.007116278667463125,0.07115057728027063,47,48,16
WMT,2016-03-18,67.4800033569336,68.02999877929688,66.75,66.94999694824219,57.850059509277344,23153100,False,-0.007440542925002078,0.007796183470080271,0.07794845879424508,46,48,16
WMT,2016-03-21,67.02999877929688,68.37999725341797,66.97000122070312,67.97000122070312,58.73142623901367,9415800,True,0.015120471593861949,0.010602721050154156,0.10600901942040968,45,48,16
WMT,2016-03-22,68.0,68.68000030517578,67.79000091552734,67.87000274658203,58.6450309753418,7514500,False,-0.001472105758249768,0.009351648974225196,0.09350044512461066,46,48,16
WMT,2016-03-23,68.01000213623047,68.0999984741211,67.44000244140625,67.45999908447266,58.29074478149414,6110600,False,-0.00605951900697447,0.009672336757664728,0.09670677275519896,46,48,16
WMT,2016-03-24,67.43000030517578,68.04000091552734,67.37999725341797,68.0,58.757354736328125,6304700,False,0.0079730030401565,0.009659876531072115,0.09658219186727493,46,48,16
WMT,2016-03-28,67.93000030517578,68.58000183105469,67.93000030517578,68.12000274658203,58.86104965209961,5603500,True,0.0017632434851759288,0.0082788821754774,0.08277461768238323,46,48,16
WMT,2016-03-29,68.1500015258789,68.20999908447266,67.43000030517578,68.02999877929688,58.78328323364258,6491000,False,-0.0013220599390794997,0.005175778454364388,0.05174890446414932,47,48,16
WMT,2016-03-30,68.33000183105469,69.0,68.29000091552734,68.80000305175781,59.44863510131836,7208500,False,0.011255148370056024,0.00697811516352713,0.0697691792879383,47,48,16
WMT,2016-03-31,68.75,69.19000244140625,68.47000122070312,68.48999786376953,59.18075942993164,6283500,False,-0.0045161846731612285,0.006511074098837697,0.06509956994307384,47,48,16
WMT,2016-04-01,68.0199966430664,69.19999694824219,68.0199966430664,69.05999755859375,59.67326354980469,6602400,False,0.008287593914964825,0.006572008226144886,0.06570880667150589,47,48,16
WMT,2016-04-04,69.0,69.37000274658203,68.91999816894531,69.0999984741211,59.70785140991211,6823400,True,0.0005794528068678496,0.006652741192740295,0.06651599782396535,47,48,16
WMT,2016-04-05,69.02999877929688,69.25,68.2699966430664,68.63999938964844,59.31037902832031,5779000,False,-0.0066792096940404486,0.00782254043118557,0.07821198318467824,46,48,16
WMT,2016-04-06,68.69999694824219,69.05999755859375,68.5199966430664,69.04000091552734,59.65600204467773,5362700,False,0.005810448054819299,0.00642969763167884,0.06428594488903339,47,48,16
WMT,2016-04-07,68.83000183105469,68.93000030517578,67.94000244140625,68.22000122070312,58.94747543334961,6110500,False,-0.011947964007729394,0.008470935284801218,0.08469481927023531,46,48,16
WMT,2016-04-08,68.30999755859375,68.38999938964844,67.86000061035156,68.05999755859375,58.80918884277344,6516000,False,-0.0023486849766963603,0.006790232806268326,0.06789067806497993,47,48,16
WMT,2016-04-11,68.01000213623047,68.37000274658203,67.37999725341797,67.4000015258789,58.23891067504883,7865400,True,-0.009744415886558904,0.007026682421331313,0.07025476853916969,47,48,16
WMT,2016-04-12,67.56999969482422,68.87000274658203,67.44999694824219,68.80000305175781,59.44863510131836,7734600,False,0.020558964461534483,0.013215255311540823,0.13212987971106102,44,48,16
WMT,2016-04-13,69.01000213623047,69.41999816894531,68.87000274658203,69.1500015258789,59.75104522705078,6262700,False,0.005074019891863305,0.013144710552974767,0.13142455315899368,44,48,16
WMT,2016-04-14,69.1500015258789,69.23999786376953,68.1500015258789,68.80000305175781,59.44863510131836,6977100,False,-0.005074019891863381,0.011835309124118145,0.1183327854095483,45,48,16
WMT,2016-04-15,68.94000244140625,69.41000366210938,68.94000244140625,69.05999755859375,59.67326354980469,7584500,False,0.0037714092418034495,0.011627440722376323,0.11625445803180237,45,48,16
WMT,2016-04-18,69.05000305175781,69.9000015258789,68.8499984741211,69.86000061035156,60.36455154418945,6622900,True,0.011517964338439513,0.009539768571038646,0.09538131833608374,46,48,16
WMT,2016-04-19,69.79000091552734,70.08000183105469,69.5,69.7699966430664,60.28677749633789,8199400,False,-0.001289236666394185,0.006341130623900014,0.06340042676559877,47,48,16
WMT,2016-04-20,69.76000213623047,69.98999786376953,69.12999725341797,69.20999908447266,59.80288696289063,5412500,False,-0.008058864257655063,0.007731262944493445,0.07729936492247744,46,48,16
WMT,2016-04-21,69.47000122070312,69.68000030517578,68.23999786376953,68.47000122070312,59.16347885131836,6617600,False,-0.01074949653611441,0.009005863740919856,0.09004318605504157,46,48,16
WMT,2016-04-22,68.81999969482422,68.94000244140625,68.27999877929688,68.72000122070312,59.3795051574707,6215100,False,0.003644695586098971,0.008989378271132163,0.08987835964127368,46,48,16
WMT,2016-04-25,68.55000305175781,69.5,68.05999755859375,69.47000122070312,60.02754592895508,5896200,True,0.010854419871710796,0.008760604097403993,0.08759101041168274,46,48,16
WMT,2016-04-26,69.69999694824219,69.88999938964844,69.0999984741211,69.30000305175781,59.88066101074219,6648400,False,-0.0024499572703517605,0.008781573495420443,0.08780066841466565,46,48,16
WMT,2016-04-27,69.48999786376953,69.77999877929688,68.98999786376953,69.41999816894531,59.98435592651367,5147300,False,0.0017301952527814324,0.0079657669454055,0.07964400259324671,46,48,16
WMT,2016-04-28,69.06999969482422,69.62000274658203,68.75,68.91000366210938,59.54367446899414,4776900,False,-0.007373725690635079,0.006823919696432727,0.06822748917004992,47,48,16
WMT,2016-04-29,68.7300033569336,68.81999969482422,66.36000061035156,66.87000274658203,57.78095245361328,12099000,False,-0.03005088893389776,0.015291285959353631,0.15288662434485045,43,40,13
WMT,2016-05-02,66.62000274658203,67.69999694824219,66.52999877929688,67.58999633789062,58.403076171875,7609700,True,0.010709383580589654,0.015252694436857978,0.15250077533134224,43,40,13
WMT,2016-05-03,66.86000061035156,67.5,66.75,67.0,57.89329147338867,5922600,False,-0.008767048774158475,0.015199775740736362,0.15197167916269622,43,40,13
WMT,2016-05-04,66.8499984741211,67.48999786376953,66.44000244140625,67.19000244140625,58.05746841430664,6029500,False,0.0028318408743956314,0.015360573616058675,0.15357938203511648,43,40,13
WMT,2016-05-05,66.97000122070312,67.25,66.58000183105469,67.20999908447266,58.074745178222656,8091000,False,0.00029753611868783695,0.015635887878689376,0.15633205230493455,43,40,13
WMT,2016-05-06,66.91000366210938,68.26000213623047,66.80000305175781,68.25,58.97337341308594,9825400,False,0.015355153114988734,0.009380688360964989,0.09379078916915295,46,48,16
WMT,2016-05-09,68.25,69.0999984741211,68.16000366210938,68.94999694824219,59.57823181152344,8656200,True,0.010204225337149498,0.009293829367741712,0.09292234826083445,46,48,16
WMT,2016-05-10,68.91999816894531,69.12999725341797,68.44999694824219,68.79000091552734,59.43996047973633,6402900,False,-0.002323533761243922,0.007321007762707242,0.07319751697914548,47,48,16
WMT,2016-05-11,67.47000122070312,67.5,65.61000061035156,66.41000366210938,57.80362319946289,14597500,False,-0.0279152767071898,0.016739300688089674,0.16736428727434785,43,40,13
WMT,2016-05-12,66.55000305175781,67.05000305175781,66.37999725341797,66.8499984741211,58.18659210205078,9533500,False,0.006603493117766676,0.017083867710698895,0.170809366327039,43,40,13
WMT,2016-05-13,66.4800033569336,66.55000305175781,64.6500015258789,64.94000244140625,56.52413177490234,13744700,False,-0.02898729391663561,0.018793570273446362,0.1879034586190158,42,40,13
WMT,2016-05-16,64.86000061035156,66.3499984741211,64.68000030517578,66.0199966430664,57.46415710449219,10181800,True,0.016493740705852224,0.02049094457075555,0.20487428940820626,41,40,13
WMT,2016-05-17,66.05999755859375,66.2699966430664,64.87999725341797,65.0999984741211,56.66339111328125,9252700,False,-0.014033055904329099,0.020459715178736147,0.2045620490682584,41,40,13
WMT,2016-05-18,63.02000045776367,63.77999877929688,62.720001220703125,63.150001525878906,54.966102600097656,22255900,False,-0.030411663958561153,0.021041570524430075,0.21037960423638574,41,40,13
WMT,2016-05-19,68.0999984741211,69.33000183105469,67.5,69.19999694824219,60.232051849365234,35076700,False,0.09148795450539461,0.050905334632036,0.508966008073135,29,32,10
WMT,2016-05-20,69.33000183105469,70.13999938964844,68.8499984741211,69.86000061035156,60.806522369384766,16746600,False,0.00949242565572753,0.04687038704614559,0.46862345497099767,31,32,10
WMT,2016-05-23,69.5999984741211,70.05999755859375,69.44000244140625,69.5,60.4931640625,10099800,True,-0.005166691080346178,0.04764684780804302,0.4763867304167828,30,32,10
WMT,2016-05-24,69.6500015258789,70.41999816894531,69.55000305175781,70.23999786376953,61.13727188110352,8828000,False,0.01059132666467749,0.04574083040133695,0.4573298265024613,31,32,10
WMT,2016-05-25,70.25,71.0,70.23999786376953,70.4800033569336,61.346168518066406,7263900,False,0.0034110217483434508,0.0393660561678719,0.39359302136352964,34,32,10
WMT,2016-05-26,70.69000244140625,71.37999725341797,70.5999984741211,70.8499984741211,61.6682243347168,8693900,False,0.005236079209686618,0.006264477011398684,0.06263402215513514,47,48,16
WMT,2016-05-27,70.86000061035156,70.88999938964844,70.48999786376953,70.75,61.5811653137207,5773700,False,-0.00141272968123947,0.006080053583351321,0.06079010428980874,47,48,16
WMT,2016-05-31,70.58000183105469,71.0,70.4800033569336,70.77999877929688,61.6072998046875,8390200,True,0.000424300949504691,0.0046580881249607044,0.046572889371050606,48,48,16
WMT,2016-06-01,70.5,70.91000366210938,70.41000366210938,70.5,61.36355209350586,7220900,False,-0.003964322059158298,0.0036814954863151903,0.036808638523906395,48,48,16
WMT,2016-06-02,70.5,71.0,70.1500015258789,70.94999694824219,61.75526809692383,6508700,False,0.0063632403974197,0.004386446861540441,0.043856942791574705,48,48,16
WMT,2016-06-03,70.56999969482422,71.05000305175781,70.5199966430664,70.87000274658203,61.68562698364258,6374500,False,-0.001128331427349521,0.00386133795964625,0.038606754701610575,48,48,16
WMT,2016-06-06,71.5199966430664,71.55000305175781,71.0,71.05000305175781,61.84229278564453,9018000,True,0.0025365259334579966,0.0038894997146769177,0.03888832393481373,48,48,16
WMT,2016-06-07,71.0999984741211,71.30999755859375,70.8499984741211,71.02999877929688,61.82488632202149,7363400,False,-0.0002815049856168117,0.003921321086933647,0.03920648306147478,48,48,16
WMT,2016-06-08,70.8499984741211,71.44999694824219,70.80000305175781,71.27999877929688,62.0424919128418,6139000,False,0.0035135290304982307,0.003016903773557426,0.03016386163586813,48,48,16
WMT,2016-06-09,71.36000061035156,71.58999633789062,70.8499984741211,71.08999633789062,61.87710952758789,6069900,False,-0.0026691900477639873,0.002572878337830483,0.02572436909272997,48,48,16
WMT,2016-06-10,71.0,71.41000366210938,70.68000030517578,71.13999938964844,61.9206428527832,7511400,False,0.0007032975341257031,0.0024282327570688362,0.02427816145343582,49,48,16
WMT,2016-06-13,71.0,71.18000030517578,70.48999786376953,70.52999877929688,61.38969802856445,7907600,True,-0.008611574692345265,0.004566493344813875,0.045657098718682905,48,48,16
WMT,2016-06-14,70.66000366210938,71.16999816894531,70.19999694824219,70.94999694824219,61.75526809692383,9066400,False,0.005937248654993624,0.005681556644060974,0.056805818597826865,47,48,16
WMT,2016-06-15,71.19999694824219,71.61000061035156,71.0,71.12000274658203,61.90324020385742,8017000,False,0.0023932389221557795,0.0055169546004498506,0.055160080569327384,47,48,16
WMT,2016-06-16,71.0,71.45999908447266,70.80000305175781,71.30000305175781,62.05991363525391,6705200,False,0.0025277432844555696,0.005483643883741513,0.0548270305534175,47,48,16
WMT,2016-06-17,71.05000305175781,71.30999755859375,70.4000015258789,70.94999694824219,61.75526809692383,18059300,False,-0.004920982206611458,0.006006514814155416,0.06005484276826486,47,48,16
WMT,2016-06-20,71.30999755859375,71.77999877929688,71.05000305175781,71.0999984741211,61.88579940795898,7142500,True,0.0021114563658239257,0.003971334272067648,0.03970652910522783,48,48,16
WMT,2016-06-21,70.94999694824219,71.72000122070312,70.94999694824219,71.45999908447266,62.199161529541016,6674800,False,0.005050777876370681,0.0037430679195554913,0.03742425721652852,48,48,16
WMT,2016-06-22,71.5999984741211,72.25,71.56999969482422,71.75,62.45157241821289,8457500,False,0.0040498956672638696,0.00391858534415325,0.03917913032738279,48,48,16
WMT,2016-06-23,72.19999694824219,72.23999786376953,71.79000091552734,72.0999984741211,62.75623321533203,6970200,False,0.004866492098385324,0.004164447325022967,0.04163732831085037,48,48,16
WMT,2016-06-24,70.55000305175781,72.72000122070312,70.51000213623047,71.95999908447266,62.63434219360352,15120400,False,-0.0019441821640115355,0.0029101706027166207,0.029096713049487057,48,48,16
WMT,2016-06-27,71.63999938964844,71.7699966430664,70.87999725341797,71.5,62.23398208618164,11303400,True,-0.006412538674680542,0.005103916040128015,0.05103040361607971,47,48,16
WMT,2016-06-28,71.76000213623047,71.87000274658203,70.66999816894531,71.51000213623047,62.24268341064453,8561200,False,0.0001398065162226844,0.004607238599284326,0.046064481356782656,48,48,16
WMT,2016-06-29,71.62999725341797,72.48999786376953,71.55999755859375,72.45999908447266,63.06957244873047,7014700,False,0.013197448791717168,0.007472995649537482,0.07471713508193614,47,48,16
WMT,2016-06-30,72.56999969482422,73.19000244140625,72.31999969482422,73.0199966430664,63.55699157714844,8713600,False,0.0076985668769514745,0.007845519530001952,0.07844173474761822,46,48,16
WMT,2016-07-01,73.12999725341797,73.16999816894531,72.41999816894531,72.80999755859375,63.37422180175781,7638800,False,-0.0028798259599113005,0.007988936462342592,0.07987565801069353,46,48,16
WMT,2016-07-05,72.75,73.62000274658203,72.68000030517578,73.13999938964844,63.66144943237305,10748600,True,0.004522007358622328,0.006311570946169224,0.0631048807038094,47,48,16
WMT,2016-07-06,73.26000213623047,73.9800033569336,73.16999816894531,73.81999969482422,64.2533187866211,11062700,False,0.009254186775394992,0.0060347198251521975,0.06033684448691492,47,48,16
WMT,2016-07-07,73.7300033569336,73.93000030517578,73.1500015258789,73.52999877929688,64.00090789794922,7792800,False,-0.003936107543260299,0.0060449679642461,0.06043930829512883,47,48,16
WMT,2016-07-08,73.81999969482422,73.8499984741211,73.23999786376953,73.83999633789062,64.27072143554688,9127600,False,0.004206915230321096,0.005536962975970777,0.05536012999618068,47,48,16
WMT,2016-07-11,73.66999816894531,74.3499984741211,73.5,74.05999755859375,64.46222686767578,9040100,True,0.002975237900177969,0.004748165785585652,0.047473511431120385,48,48,16
WMT,2016-07-12,73.55999755859375,73.7300033569336,73.0,73.2699966430664,63.77460479736328,12361200,False,-0.010724355113252234,0.007779205235400604,0.07777870557699386,46,48,16
WMT,2016-07-13,73.25,73.62999725341797,72.94000244140625,73.62000274658203,64.07925415039062,6399000,False,0.004765596159651862,0.0066763398561692534,0.06675194397004448,47,48,16
WMT,2016-07-14,73.79000091552734,74.11000061035156,73.61000061035156,73.69999694824219,64.14885711669922,6646400,False,0.0010856117657306597,0.0064106381680583595,0.06409538295313706,47,48,16
WMT,2016-07-15,73.9800033569336,74.01000213623047,73.44000244140625,73.66999816894531,64.1227798461914,5994800,False,-0.00040659449718584146,0.006059217448788605,0.06058177869272316,47,48,16
WMT,2016-07-18,73.63999938964844,74.18000030517578,73.52999877929688,73.83999633789062,64.27072143554688,5457300,True,0.0023045037848773,0.005970906566951268,0.05969882138926834,47,48,16
WMT,2016-07-19,73.63999938964844,73.95999908447266,73.58000183105469,73.66000366210938,64.1140365600586,4798100,False,-0.0024408653445508275,0.0027243270954830662,0.027238596828727625,48,48,16
WMT,2016-07-20,73.87999725341797,74.11000061035156,73.62999725341797,73.79000091552734,64.22722625732422,5282000,False,0.0017638867520559228,0.001914399524984688,0.01914071071591327,49,48,16
WMT,2016-07-21,73.43000030517578,73.66000366210938,73.13999938964844,73.5199966430664,63.99219512939453,4391900,False,-0.003666080982514406,0.00258793231503478,0.025874883036674724,48,48,16
WMT,2016-07-22,73.76000213623047,73.91000366210938,73.41999816894531,73.55000305175781,64.01831817626953,4316600,False,0.0004081390905019071,0.002619872771886386,0.026194232804971174,48,48,16
WMT,2016-07-25,73.55000305175781,73.83000183105469,73.41000366210938,73.75,64.19239807128906,4734000,True,0.002715529670031027,0.002727295638035613,0.0272682771611267,48,48,16
WMT,2016-07-26,73.70999908447266,74.06999969482422,73.41000366210938,73.7300033569336,64.17499542236328,5248300,False,-0.00027113815368165175,0.002448724831579278,0.02448304704030225,49,48,16
WMT,2016-07-27,73.66000366210938,73.81999969482422,73.13999938964844,73.31999969482422,63.8181266784668,5777900,False,-0.00557638821223345,0.0033160287633278505,0.03315459832503546,48,48,16
WMT,2016-07-28,73.13999938964844,73.31999969482422,72.47000122070312,73.23999786376953,63.74849319458008,4603200,False,-0.0010917196186915057,0.003040987755368177,0.030404660133104798,48,48,16
WMT,2016-07-29,73.16999816894531,73.25,72.76000213623047,72.97000122070312,63.51346206665039,6302200,False,-0.0036936631165357596,0.003195377220055345,0.03194828989407929,48,48,16
WMT,2016-08-01,72.80999755859375,73.98999786376953,72.80999755859375,73.77999877929688,64.21849060058594,5868400,True,0.011039300333628124,0.00647761031217313,0.06476498949022368,47,48,16
WMT,2016-08-02,73.69999694824219,73.72000122070312,72.62999725341797,73.12999725341797,63.65273666381836,6513100,False,-0.008848865229880912,0.007627999840330307,0.07626691104928204,46,48,16
WMT,2016-08-03,73.0,73.4000015258789,72.51000213623047,72.94000244140625,63.48736190795898,6568100,False,-0.002601458563942751,0.007354770999957739,0.07353509142408778,47,48,16
WMT,2016-08-04,72.80000305175781,73.48999786376953,72.58999633789062,73.30000305175781,63.80070877075195,4944900,False,0.004923438529455827,0.007821212783071426,0.07819870898138176,46,48,16
WMT,2016-08-05,73.45999908447266,73.94999694824219,73.45999908447266,73.76000213623047,64.20108795166016,5415400,False,0.0062558572913983795,0.007860041568744378,0.07858693021959069,46,48,16
WMT,2016-08-08,74.0,74.06999969482422,73.04000091552734,73.33999633789062,63.83552551269531,6577200,True,-0.005710295241524487,0.006593523833776391,0.0659239258335079,47,48,16
WMT,2016-08-09,73.36000061035156,73.87999725341797,73.08000183105469,73.54000091552734,64.00961303710938,6427900,False,0.0027234141867131818,0.005096966803663561,0.05096092317423534,47,48,16
WMT,2016-08-10,73.56999969482422,74.51000213623047,73.38999938964844,73.94999694824219,64.8071060180664,8052300,False,0.01238198233349698,0.006558444504731351,0.06557319272863794,47,48,16
WMT,2016-08-11,74.5,74.80000305175781,73.52999877929688,73.80000305175781,64.67564392089844,6290300,False,-0.0020305738393823665,0.007062116318956057,0.07060904672150362,47,48,16
WMT,2016-08-12,73.80000305175781,74.12000274658203,73.55999755859375,73.88999938964844,64.75452423095703,9994200,False,0.0012188861522915062,0.006786233470736156,0.06785069157131543,47,48,16
WMT,2016-08-15,73.80999755859375,74.01000213623047,73.11000061035156,73.31999969482422,64.25498962402344,9636100,True,-0.007744190153605468,0.007377882945964177,0.07376617123100247,47,48,16
WMT,2016-08-16,72.58999633789062,73.30999755859375,72.20999908447266,72.88999938964844,63.87814331054688,9763300,False,-0.005882122623537246,0.007947465093651096,0.079461015476177,46,48,16
WMT,2016-08-17,71.98999786376953,72.94999694824219,71.98999786376953,72.93000030517578,63.913211822509766,14343300,False,0.0005488401434771275,0.00393383502078186,0.0393316009298093,48,48,16
WMT,2016-08-18,72.93000030517578,75.19000244140625,72.93000030517578,74.30000305175781,65.11384582519531,26858300,False,0.018611114289243787,0.010411688208174438,0.10409901875552661,45,48,16
WMT,2016-08-19,74.0999984741211,74.29000091552734,72.66999816894531,72.80999755859375,63.80804061889648,15346400,False,-0.020258001167875055,0.01421506161604717,0.14212622738914318,44,48,16
WMT,2016-08-22,73.05999755859375,73.13999938964844,72.44999694824219,72.69999694824219,63.71164321899414,10312100,True,-0.0015118829558407442,0.01395997473167444,0.139575796197806,44,48,16
WMT,2016-08-23,72.88999938964844,73.06999969482422,71.95999908447266,71.97000122070312,63.07191467285156,9391400,False,-0.010091749846996385,0.01439552086880988,0.1439305103029558,44,48,16
WMT,2016-08-24,71.97000122070312,72.75,71.76000213623047,72.2300033569336,63.299766540527344,10050700,False,0.003606062883670649,0.014622670511807222,0.14620161701244472,44,48,16
WMT,2016-08-25,72.37000274658203,72.58000183105469,71.05000305175781,71.22000122070312,62.41463088989258,10514200,False,-0.014081923718966544,0.009582893459469435,0.09581249323105054,46,48,16
WMT,2016-08-26,71.41000366210938,71.69000244140625,70.88999938964844,71.13999938964844,62.344520568847656,10038500,False,-0.0011239308316153,0.007228708551392264,0.07227468322368835,47,48,16
WMT,2016-08-29,71.13999938964844,71.66000366210938,71.0999984741211,71.4000015258789,62.572364807128906,7468100,True,0.0036479374307835694,0.008102530753931051,0.08101140603293105,46,48,16
WMT,2016-08-30,71.4000015258789,71.76000213623047,71.1500015258789,71.30999755859375,62.49349594116211,5774200,False,-0.0012612374943852755,0.007254127124113948,0.07252882534027766,47,48,16
WMT,2016-08-31,71.45999908447266,71.63999938964844,71.1500015258789,71.44000244140625,62.60742950439453,6311600,False,0.0018214668568888397,0.006956828982491938,0.06955635399827237,47,48,16
WMT,2016-09-01,71.56999969482422,72.86000061035156,71.41000366210938,72.83999633789062,63.83434295654297,11761400,False,0.019407383136391013,0.008587069695381585,0.08585596412431153,46,48,16
WMT,2016-09-02,72.98999786376953,73.19000244140625,72.41999816894531,72.5,63.53636169433594,8082900,False,-0.004678969259995073,0.009287577255044404,0.09285983786060678,46,48,16
WMT,2016-09-06,72.76000213623047,73.08000183105469,72.19999694824219,73.0,63.97455978393555,9570900,True,0.006873133839152705,0.009386943474663274,0.09385332957424158,46,48,16
WMT,2016-09-07,73.0,73.05000305175781,72.01000213623047,72.05999755859375,63.15076446533203,9618300,False,-0.012960546687409313,0.012198156698941991,0.12196063862045498,45,48,16
WMT,2016-09-08,71.88999938964844,72.31999969482422,71.70999908447266,71.83000183105469,62.94920349121094,9661200,False,-0.0031968468992860377,0.012430276344552951,0.12428143682905003,45,48,16
WMT,2016-09-09,71.31999969482422,71.51000213623047,70.30000305175781,70.30000305175781,61.60837936401367,12172600,False,-0.021530217446556168,0.010711228194037118,0.107093904693608,45,48,16
WMT,2016-09-12,70.79000091552734,72.23999786376953,70.72000122070312,71.94000244140625,63.04560470581055,10864000,True,0.02306045880793447,0.017383509662944493,0.1738052717540059,43,40,13
WMT,2016-09-13,71.83999633789062,71.91000366210938,71.1500015258789,71.45999908447266,62.62494659423828,7507900,False,-0.006694642114887179,0.01678857553912522,0.16785695124387565,43,40,13
WMT,2016-09-14,71.62000274658203,72.05999755859375,71.4000015258789,71.5199966430664,62.67753601074219,6980500,False,0.00083939948352877,0.016122670671983766,0.16119904506497854,43,40,13
WMT,2016-09-15,71.4800033569336,72.55999755859375,71.26000213623047,72.4000015258789,63.44874954223633,7295600,False,0.012229380098443503,0.017160417717287945,0.17157473505613643,43,40,13
WMT,2016-09-16,72.31999969482422,72.95999908447266,72.22000122070312,72.87000274658203,63.86063003540039,13935700,False,0.006470566922699239,0.01130151992006149,0.1129958091907479,45,48,16
WMT,2016-09-19,72.63999938964844,72.87000274658203,72.08999633789062,72.08999633789062,63.17704772949219,6920700,True,-0.01076198676883246,0.009379520444930907,0.09377911201260486,46,48,16
WMT,2016-09-20,72.1500015258789,72.55000305175781,71.9000015258789,71.97000122070312,63.07191467285156,5910600,False,-0.0016654882375591582,0.008669040206773903,0.08667552860148531,46,48,16
WMT,2016-09-21,72.18000030517578,72.54000091552734,71.51000213623047,72.19000244140625,63.26470565795898,6675900,False,0.003052022988331777,0.008688293662798711,0.08686803012859229,46,48,16
WMT,2016-09-22,72.43000030517578,72.54000091552734,71.98999786376953,72.2699966430664,63.334808349609375,5871900,False,0.0011074718471866193,0.00652605634973716,0.06524936674703102,47,48,16
WMT,2016-09-23,72.5999984741211,72.7699966430664,72.33999633789062,72.3499984741211,63.404930114746094,7696400,False,0.0011065475302598248,0.005479570522383732,0.054786303928502936,47,48,16
WMT,2016-09-26,72.30999755859375,72.33000183105469,71.5199966430664,71.62000274658203,62.765174865722656,5948700,True,-0.010141241177060166,0.005216039971015265,0.05215145055400197,47,48,16
WMT,2016-09-27,71.93000030517578,72.48999786376953,71.58000183105469,72.33000183105469,63.38740158081055,6344400,False,0.009864749155613526,0.007192786519094975,0.0719155245321213,47,48,16
WMT,2016-09-28,72.22000122070312,72.31999969482422,71.37999725341797,71.79000091552734,62.914154052734375,6184900,False,-0.007493965382763578,0.007946598427826227,0.07945235030486626,46,48,16
WMT,2016-09-29,71.56999969482422,71.70999908447266,70.62000274658203,70.7300033569336,61.98522186279297,7996800,False,-0.01487516349609044,0.009823774297802805,0.09822088833529743,46,48,16
WMT,2016-09-30,71.5,72.45999908447266,71.4000015258789,72.12000274658203,63.20336151123047,9982600,False,0.019461488625383452,0.014614289706953403,0.1461178233428476,44,48,16
WMT,2016-10-03,71.83000183105469,72.1500015258789,71.5999984741211,72.01000213623047,63.10694885253906,5857700,True,-0.0015266002773320823,0.013692381506101409,0.1369003230515867,44,48,16
WMT,2016-10-04,72.0,72.56999969482422,71.55000305175781,71.75,62.87908172607422,6569300,False,-0.003617343508509362,0.012831890225784123,0.12829688659270502,44,48,16
WMT,2016-10-05,71.87000274658203,72.2699966430664,71.5999984741211,71.66999816894531,62.80897903442383,6464400,False,-0.0011155029124574449,0.012410884241336564,0.12408754906790416,45,48,16
WMT,2016-10-06,71.66999816894531,71.66999816894531,68.88999938964844,69.36000061035156,60.78458786010742,20110300,False,-0.03276177381354492,0.018656277561753656,0.18653076705509872,42,40,13
WMT,2016-10-07,69.26000213623047,69.47000122070312,68.16999816894531,68.69999694824219,60.20619583129883,12653800,False,-0.00956099989085852,0.013316907896397456,0.1331462311543582,44,48,16
WMT,2016-10-10,68.75,68.95999908447266,67.75,67.9800033569336,59.57521438598633,8988400,True,-0.010535646236375526,0.01251723923752033,0.12515091655654884,44,48,16
WMT,2016-10-11,67.94999694824219,67.95999908447266,67.30000305175781,67.38999938964844,59.05816268920898,8591500,False,-0.008716854960604759,0.01190533038718339,0.1190328779047684,45,48,16
WMT,2016-10-12,67.73999786376953,67.91000366210938,67.37000274658203,67.45999908447266,59.11948776245117,8940700,False,0.0010378456249955257,0.012448403504141904,0.12446267732418445,45,48,16
WMT,2016-10-13,67.19000244140625,68.54000091552734,67.06999969482422,68.2300033569336,59.7943115234375,9193800,False,0.011349919173280439,0.009411866807197983,0.09410252013864438,46,48,16
WMT,2016-10-14,68.41999816894531,68.80999755859375,68.20999908447266,68.44999694824219,59.98709487915039,6416000,False,0.0032189223346515395,0.009008111063954894,0.09006565542966137,46,48,16
WMT,2016-10-17,68.6500015258789,68.6500015258789,67.80000305175781,68.22000122070312,59.785552978515625,7493400,True,-0.003365410959204131,0.00750140806997088,0.07500121053910015,46,48,16
WMT,2016-10-18,68.56999969482422,68.9800033569336,68.2300033569336,68.87000274658203,60.35518646240234,7857700,False,0.009482840794678015,0.0060646941107533716,0.0606365359160657,47,48,16
WMT,2016-10-19,69.22000122070312,69.33999633789062,68.69000244140625,68.88999938964844,60.372703552246094,7123300,False,0.0002901912717030639,0.006174831999812248,0.0617377258431548,47,48,16
WMT,2016-10-20,68.9800033569336,69.08000183105469,68.56999969482422,68.7300033569336,60.23248291015625,6294000,False,-0.002325284830334331,0.005158517386614923,0.0515763234014566,47,48,16
WMT,2016-10-21,68.33999633789062,68.62999725341797,67.98999786376953,68.33999633789062,59.89070129394531,7844600,False,-0.0056905341092605794,0.005886559678048754,0.05885549721414183,47,48,16
WMT,2016-10-24,68.62000274658203,69.37000274658203,68.38999938964844,69.19000244140625,60.63560485839844,7163600,True,0.012361003551303136,0.0077576930988480525,0.07756362111982606,46,48,16
WMT,2016-10-25,69.01000213623047,69.87000274658203,69.0,69.36000061035156,60.78458786010742,7629700,False,0.002454008236026242,0.006830776506815363,0.06829604550965149,47,48,16
WMT,2016-10-26,69.30000305175781,69.80999755859375,69.13999938964844,69.58999633789062,60.98614501953125,5050500,False,0.0033104398524937914,0.006839659541214955,0.06838486061303146,47,48,16
WMT,2016-10-27,69.5999984741211,70.0,69.38999938964844,69.83000183105469,61.19647979736328,7131600,False,0.0034429606651932587,0.006395121785894102,0.06394024575294056,47,48,16
WMT,2016-10-28,69.80000305175781,70.20999908447266,69.7300033569336,69.98999786376953,61.33670425415039,6952900,False,0.0022887598830542695,0.004273027153461911,0.04272294030490367,48,48,16
WMT,2016-10-31,70.05999755859375,70.16999816894531,69.8499984741211,70.0199966430664,61.36299133300781,6389000,True,0.0004284783125793885,0.0012059976238419632,0.01205790710913514,49,48,16
WMT,2016-11-01,69.9800033569336,70.05999755859375,69.13999938964844,69.30000305175781,60.73200607299805,8838600,False,-0.010336064392057923,0.005807741394495859,0.05806744960708715,47,48,16
WMT,2016-11-02,69.19999694824219,69.97000122070312,69.19999694824219,69.44999694824219,60.86345672607422,7645300,False,0.0021620988358876845,0.005656276178745149,0.05655305731834538,47,48,16
WMT,2016-11-03,69.62999725341797,70.08000183105469,69.3499984741211,69.62999725341797,61.02121353149414,6803900,False,0.002588625676721118,0.005522379364911127,0.05521431890667554,47,48,16
WMT,2016-11-04,69.70999908447266,69.94000244140625,69.12999725341797,69.16000366210938,60.60932922363281,7262100,False,-0.0067727377179645975,0.005826671078507079,0.05825671396955366,47,48,16
WMT,2016-11-07,69.62000274658203,69.83999633789062,69.16000366210938,69.77999877929688,61.15266418457031,9755400,True,0.008924600395276417,0.007768053112899098,0.07766720348566761,46,48,16
WMT,2016-11-08,69.70999908447266,70.04000091552734,69.47000122070312,69.79000091552734,61.16143035888672,7621300,False,0.00014333874381579852,0.005634395580378968,0.056334288875210976,47,48,16
WMT,2016-11-09,69.30000305175781,71.5,69.29000091552734,71.0999984741211,62.30944061279297,16779500,False,0.018596181078612654,0.009589001397650622,0.09587356213347713,46,48,16
WMT,2016-11-10,71.25,72.08999633789062,71.0,71.38999938964844,62.56362533569336,14321300,False,0.004071095268418179,0.00953029016524572,0.0952865505402487,46,48,16
WMT,2016-11-11,71.11000061035156,71.27999877929688,70.5999984741211,71.2300033569336,62.42338562011719,8223900,False,-0.0022440695774044355,0.008263642000811507,0.08262224208328138,46,48,16
WMT,2016-11-14,71.16000366210938,71.30999755859375,70.19000244140625,70.48999786376953,61.77489471435547,12917500,True,-0.010442927187416677,0.010677141006564911,0.10675309130224976,45,48,16
WMT,2016-11-15,70.79000091552734,71.41999816894531,70.3499984741211,71.41999816894531,62.58990478515625,9725100,False,0.013106952155991376,0.01163690771699871,0.11634911173551016,45,48,16
WMT,2016-11-16,71.75,72.05999755859375,71.33000183105469,71.38999938964844,62.56362533569336,11192400,False,-0.0004199553911702549,0.008650407319999016,0.08648923170216732,46,48,16
WMT,2016-11-17,69.08000183105469,69.5199966430664,68.12000274658203,69.19000244140625,60.63560485839844,23440300,False,-0.031301784838056575,0.016354666926433645,0.16351860957366493,43,40,13
WMT,2016-11-18,68.93000030517578,69.4000015258789,68.44000244140625,68.54000091552734,60.06597137451172,11135300,False,-0.00943877836128096,0.016228982965333764,0.16226198559855076,43,40,13
WMT,2016-11-21,68.54000091552734,69.4000015258789,68.41999816894531,69.37000274658203,60.79336166381836,8356000,True,0.012037118752283058,0.018265046789814256,0.18261913057006804,42,40,13
WMT,2016-11-22,69.7300033569336,70.41999816894531,69.7300033569336,70.12000274658203,61.45063018798828,10984000,False,0.010753491405933398,0.017763077799496367,0.17760030189473675,42,40,13
WMT,2016-11-23,70.22000122070312,70.88999938964844,70.18000030517578,70.83000183105469,62.07284164428711,7398900,False,0.010074469405199514,0.01883157163895111,0.1882834070751469,42,40,13
WMT,2016-11-25,71.11000061035156,71.6500015258789,70.9800033569336,71.2300033569336,62.42338562011719,4234400,True,0.005631414058517007,0.008859429116601905,0.08857909104964516,46,48,16
WMT,2016-11-28,70.93000030517578,71.5199966430664,70.80000305175781,71.19000244140625,62.38837432861328,7099200,True,-0.0005610255385647442,0.005153454309559919,0.05152570131762435,47,48,16
WMT,2016-11-29,71.37999725341797,71.79000091552734,71.19999694824219,71.37000274658203,62.54610061645508,7310100,False,0.0025249455237687547,0.004846614720193332,0.04845783186842855,48,48,16
WMT,2016-11-30,70.91999816894531,71.16000366210938,70.16999816894531,70.43000030517578,61.722293853759766,9326100,False,-0.013258702415423223,0.008828922427494949,0.08827407649888087,46,48,16
WMT,2016-12-01,70.25,70.7300033569336,70.05000305175781,70.66999816894531,61.93262100219727,6849800,False,0.003401843776568585,0.007495761401842972,0.07494475354580565,47,48,16
WMT,2016-12-02,70.58000183105469,70.94999694824219,70.44999694824219,70.87999725341797,62.116661071777344,6674200,False,0.0029672111201676362,0.007035758911778378,0.070345517871112,47,48,16
WMT,2016-12-05,70.9000015258789,70.98999786376953,69.80999755859375,69.94000244140625,61.29286956787109,10527900,True,-0.013350731273166255,0.008916559494890449,0.08915029681398029,46,48,16
WMT,2016-12-06,70.01000213623047,70.38999938964844,69.5,70.36000061035156,61.66095352172852,7778000,False,0.0059873706114306905,0.009612895721129777,0.0961124643727945,46,48,16
WMT,2016-12-07,69.93000030517578,70.6500015258789,69.9000015258789,70.5999984741211,62.3140869140625,6966200,False,0.010536627899100549,0.009045397454239682,0.09043845536027538,46,48,16
WMT,2016-12-08,70.4800033569336,70.9000015258789,70.31999969482422,70.33999633789062,62.08462524414063,6844200,False,-0.003689136747213334,0.009304883348062714,0.09303286909873812,46,48,16
WMT,2016-12-09,70.2699966430664,70.43000030517578,69.73999786376953,70.08000183105469,61.85514831542969,10756700,False,-0.0037030435726331666,0.009339078862125295,0.09337476557014425,46,48,16
WMT,2016-12-12,70.06999969482422,71.77999877929688,70.0199966430664,71.66999816894531,63.25852584838867,9084100,True,0.02243458044140796,0.010934055640808196,0.10932179685642332,45,48,16
WMT,2016-12-13,71.66999816894531,72.2300033569336,71.61000061035156,71.80000305175781,63.37326049804688,8887500,False,0.0018120992266591307,0.01112297309555815,0.11121064727837712,45,48,16
WMT,2016-12-14,71.9000015258789,72.4800033569336,71.18000030517578,71.33999633789062,62.967247009277344,8669400,False,-0.006427311311182833,0.011763093188535011,0.1176107499545474,45,48,16
WMT,2016-12-15,71.22000122070312,71.80000305175781,71.02999877929688,71.08000183105469,62.737770080566406,7136300,False,-0.003651042558780771,0.011758429433126086,0.11756412040206006,45,48,16
WMT,2016-12-16,71.06999969482422,71.63999938964844,70.5999984741211,70.9800033569336,62.64951705932617,17844800,False,-0.0014076871400075057,0.01151791375356011,0.11515937625898447,45,48,16
WMT,2016-12-19,70.83999633789062,71.75,70.83999633789062,71.58000183105469,63.1790885925293,5889300,True,0.00841739693844717,0.005710571761615442,0.05709591999215454,47,48,16
WMT,2016-12-20,71.7300033569336,71.93000030517578,71.51000213623047,71.81999969482422,63.39092254638672,6108100,False,0.0033473039899638013,0.005887773570960632,0.058867634060585386,47,48,16
WMT,2016-12-21,71.66000366210938,72.0,71.23999786376953,71.23999786376953,62.87899017333984,5101000,False,-0.008108585282812053,0.006378173722214211,0.06377079419392273,47,48,16
WMT,2016-12-22,71.23999786376953,71.23999786376953,69.20999908447266,69.58999633789062,61.42263412475586,12106800,False,-0.02343368722973175,0.012340607899659232,0.12338490622420138,45,48,16
WMT,2016-12-23,69.43000030517578,69.75,69.36000061035156,69.54000091552734,61.37850189208984,4803900,False,-0.0007187593860681571,0.012383866178391089,0.12381741479332121,45,48,16
WMT,2016-12-27,69.30000305175781,69.81999969482422,69.25,69.69999694824219,61.51972198486328,4435700,True,0.002298164293570498,0.011070363875415433,0.11068464533855236,45,48,16
WMT,2016-12-28,69.94000244140625,70.0,69.26000213623047,69.30999755859375,61.175514221191406,4875700,False,-0.00561079105130115,0.009988355280357703,0.09986641578936911,46,48,16
WMT,2016-12-29,69.20999908447266,69.5199966430664,69.12000274658203,69.26000213623047,61.1313705444336,4298400,False,-0.0007218510840043647,0.010344532063970808,0.10342757253324023,45,48,16
WMT,2016-12-30,69.12000274658203,69.43000030517578,68.83000183105469,69.12000274658203,61.0078125,6889500,False,-0.002023234207111822,0.0028596146164880302,0.028591239926071568,48,48,16
WMT,2017-01-03,69.23999786376953,69.23999786376953,68.05000305175781,68.66000366210938,60.60179901123047,10473200,True,-0.006677350454461009,0.0036581322654111906,0.03657504639912826,48,48,16
WMT,2017-01-04,68.66000366210938,69.62999725341797,68.5999984741211,69.05999755859375,60.954833984375,7918000,False,0.005808584147984648,0.004934657393416986,0.04933810754591187,48,48,16
WMT,2017-01-05,68.43000030517578,69.33000183105469,68.12000274658203,69.20999908447266,61.08723068237305,7099200,False,0.0021696904308906822,0.004669894024788817,0.0466909281139576,48,48,16
WMT,2017-01-06,68.41000366210938,68.5,68.01000213623047,68.26000213623047,60.24873352050781,9491100,False,-0.013821302124149082,0.007678749138385383,0.07677431695929744,46,48,16
WMT,2017-01-09,68.33000183105469,68.80000305175781,68.31999969482422,68.70999908447266,60.64591217041016,8685200,True,0.006570681052233966,0.008805632836508454,0.08804122054695097,46,48,16
WMT,2017-01-10,68.63999938964844,69.2699966430664,68.22000122070312,68.2300033569336,60.22226333618164,10256500,False,-0.007010125988240157,0.00885857525992054,0.08857055394779283,46,48,16
WMT,2017-01-11,68.19999694824219,68.62000274658203,68.19000244140625,68.52999877929688,60.487037658691406,6697600,False,0.004386981698553935,0.008593990911531452,0.08592516441108446,46,48,16
WMT,2017-01-12,68.36000061035156,68.55999755859375,67.91999816894531,67.97000122070312,59.99275970458984,6544900,False,-0.008205205155341727,0.008725612777083194,0.08724115724305868,46,48,16
WMT,2017-01-13,67.9800033569336,68.0199966430664,67.08000183105469,67.12999725341797,59.251346588134766,10012500,False,-0.012435376367644885,0.008333572953062496,0.08332143162530513,46,48,16
WMT,2017-01-17,68.0999984741211,69.29000091552734,68.05999755859375,68.41999816894531,60.38996124267578,13167500,True,0.019034379552910593,0.012738539779424721,0.12736354229040692,44,48,16
WMT,2017-01-18,67.87999725341797,68.11000061035156,67.54000091552734,68.11000061035156,60.116336822509766,7321500,False,-0.00454125460337448,0.012485194526413862,0.12483052442457271,45,48,16
WMT,2017-01-19,68.12999725341797,68.19000244140625,67.4800033569336,67.62000274658203,59.683868408203125,6821100,False,-0.007219858965282488,0.012462783737184471,0.1246064549824543,45,48,16
WMT,2017-01-20,67.73999786376953,67.83000183105469,67.0199966430664,67.18000030517578,59.295501708984375,12054700,False,-0.006528326350247165,0.01229818411342884,0.12296074114835799,45,48,16
WMT,2017-01-23,67.01000213623047,67.18000030517578,66.55999755859375,66.6500015258789,58.82769393920898,7951400,True,-0.007920717230404217,0.011512117652415901,0.11510142519190908,45,48,16
WMT,2017-01-24,66.88999938964844,67.41000366210938,66.66000366210938,67.4000015258789,59.48966979980469,10710600,False,0.0111899512819492,0.008034299223694334,0.08032920779535285,46,48,16
WMT,2017-01-25,67.5199966430664,67.7300033569336,66.79000091552734,66.88999938964844,59.03952026367188,8722900,False,-0.007595626024545431,0.008292370671636426,0.08290947950177001,46,48,16
WMT,2017-01-26,67.12999725341797,67.22000122070312,66.62000274658203,66.7300033569336,58.89830780029297,6504100,False,-0.0023946944450248153,0.008045037671147419,0.08043657384593687,46,48,16
WMT,2017-01-27,66.86000061035156,66.97000122070312,65.27999877929688,65.66000366210938,57.95387268066406,13433600,False,-0.016164964679400942,0.010098671737482162,0.10096939109074493,45,48,16
WMT,2017-01-30,65.62999725341797,66.4800033569336,65.62999725341797,66.41999816894531,58.62467956542969,8641500,True,0.011508365397152975,0.01204161053267499,0.12039544554393355,45,48,16
WMT,2017-01-31,66.20999908447266,66.88999938964844,65.87999725341797,66.73999786376953,58.90712738037109,9320900,False,0.004806330575733037,0.010734407621373239,0.10732565919804185,45,48,16
WMT,2017-02-01,66.45999908447266,66.70999908447266,66.04000091552734,66.2300033569336,58.45700073242188,9050000,False,-0.00767063773670352,0.01074428670714909,0.10742443310625975,45,48,16
WMT,2017-02-02,66.33999633789062,67.13999938964844,66.33999633789062,66.69999694824219,58.871826171875,8998700,False,0.007071189219146038,0.011463521731434431,0.11461554935808221,45,48,16
WMT,2017-02-03,66.81999969482422,66.93000030517578,66.44000244140625,66.5,58.6953125,7625300,False,-0.003002774525250001,0.007763358635735858,0.07762026676834642,46,48,16
WMT,2017-02-06,66.37000274658203,66.86000061035156,66.37000274658203,66.4000015258789,58.60704040527344,9097200,True,-0.0015050356485206012,0.005983412267899321,0.059823856942726454,47,48,16
WMT,2017-02-07,66.55999755859375,67.0,66.51000213623047,66.88999938964844,59.03952026367188,5805700,False,0.007352221842867688,0.00657969189115083,0.06578563013870661,47,48,16
WMT,2017-02-08,66.88999938964844,67.81999969482422,66.88999938964844,67.80999755859375,59.85153198242188,7660800,False,0.013659974065440391,0.006906012140549578,0.06904827276526915,47,48,16
WMT,2017-02-09,67.80999755859375,69.13999938964844,67.75,69.08000183105469,60.97249984741211,11080500,False,0.018555911639540356,0.009359604839825385,0.09357999013073948,46,48,16
WMT,2017-02-10,68.25,68.5999984741211,67.76000213623047,68.0199966430664,60.036888122558594,12445600,False,-0.015463764997477328,0.01345566181929928,0.13453353232336743,44,48,16
WMT,2017-02-13,68.31999969482422,68.6500015258789,67.55999755859375,67.7699966430664,59.81623458862305,8374300,True,-0.003682069824117596,0.013731749121064868,0.13729393165823167,44,48,16
WMT,2017-02-14,67.87999725341797,68.68000030517578,67.70999908447266,68.66000366210938,60.60179901123047,8462300,False,0.01304747376132083,0.014295226188913573,0.1429277355795053,44,48,16
WMT,2017-02-15,67.80000305175781,68.70999908447266,67.76000213623047,68.69000244140625,60.62827682495117,8563300,False,0.0004368192292069381,0.013547896062683877,0.13545571651098617,44,48,16
WMT,2017-02-16,68.66999816894531,69.23999786376953,68.61000061035156,68.87000274658203,60.78715133666992,8413800,False,0.002617041422176409,0.010345387353014924,0.10343612395626256,45,48,16
WMT,2017-02-17,68.83000183105469,69.79000091552734,68.69000244140625,69.37000274658203,61.22847366333008,12837400,False,0.007233897317081445,0.0064403773647672465,0.06439272389670682,47,48,16
WMT,2017-02-21,71.20999908447266,72.27999877929688,70.69999694824219,71.44999694824219,63.06435012817383,22412900,True,0.02954329843511814,0.011653156769059996,0.1165115743776357,45,48,16
WMT,2017-02-22,72.25,72.37000274658203,71.4800033569336,71.70999908447266,63.29381942749024,15242700,False,0.0036320493147751986,0.01191174777428622,0.1190970407654901,45,48,16
WMT,2017-02-23,72.0,72.5,71.16000366210938,71.30999755859375,62.94077682495117,12799700,False,-0.005593451137498843,0.013192987758518586,0.13190724238526388,44,48,16
WMT,2017-02-24,71.33999633789062,72.80000305175781,71.30000305175781,72.38999938964844,63.89401245117188,13889900,False,0.01503142126414469,0.013215605201630358,0.13213337801165018,44,48,16
WMT,2017-02-27,72.27999877929688,72.41999816894531,71.52999877929688,71.73999786376953,63.32030487060547,9254700,True,-0.009019605372344376,0.01580248685024851,0.15799775618678627,43,40,13
WMT,2017-02-28,70.87000274658203,71.0,70.0,70.93000030517578,62.60536956787109,15952600,False,-0.011354999489154829,0.010840202995244314,0.10838343142370323,45,48,16
WMT,2017-03-01,70.97000122070312,71.08000183105469,70.1500015258789,70.44999694824219,62.18171691894531,13522700,False,-0.0067900339457410515,0.01061575738938704,0.10613936044630036,45,48,16
WMT,2017-03-02,70.41999816894531,70.9000015258789,70.16999816894531,70.76000213623047,62.45532989501953,8916300,False,0.004390563201003242,0.011063733396166597,0.11061835192197264,45,48,16
WMT,2017-03-03,70.76000213623047,71.0199966430664,69.87999725341797,70.02999877929688,61.81100463867188,9297900,False,-0.010370162329123791,0.006393415866089639,0.06392318948174136,47,48,16
WMT,2017-03-06,70.0,70.44000244140625,69.77999877929688,69.87999725341797,61.67861557006836,9182600,True,-0.0021441335571230793,0.0064893293250009474,0.0648821595121997,47,48,16
WMT,2017-03-07,69.9000015258789,70.20999908447266,69.86000061035156,69.87000274658203,61.66978073120117,7282900,False,-0.00014325016209726813,0.005748846652090122,0.05747860322869837,47,48,16
WMT,2017-03-08,69.69000244140625,70.02999877929688,69.54000091552734,69.80000305175781,62.060997009277344,7979800,False,0.006323690659951753,0.0065320159202912524,0.0653089522277409,47,48,16
WMT,2017-03-09,69.75,70.04000091552734,69.55999755859375,69.86000061035156,62.114349365234375,7564500,False,0.0008593067915285895,0.006059938764314076,0.06058899061041733,47,48,16
WMT,2017-03-10,70.0,70.36000061035156,69.80000305175781,70.0999984741211,62.327735900878906,7098800,False,0.0034294948422392228,0.0032880560123710557,0.03287491880829687,48,48,16
WMT,2017-03-13,69.98999786376953,70.44999694824219,69.70999908447266,69.94999694824219,62.194366455078125,6802500,True,-0.002142101591214247,0.0032874675860667343,0.03286903555481626,48,48,16
WMT,2017-03-14,70.81999969482422,71.20999908447266,70.72000122070312,70.72000122070312,62.87898254394531,9958400,False,0.010947542891613671,0.005037731934495835,0.05036867611178192,47,48,16
WMT,2017-03-15,70.5,70.69999694824219,70.0199966430664,70.58000183105469,62.7545051574707,8813800,False,-0.0019815963002285854,0.005389009150127702,0.053880845582026035,47,48,16
WMT,2017-03-16,70.11000061035156,70.69999694824219,70.06999969482422,70.44000244140625,62.63004684448242,7061000,False,-0.00198522627989772,0.005709514786010874,0.057085352049561174,47,48,16
WMT,2017-03-17,70.58000183105469,70.75,69.80999755859375,69.88999938964844,62.14101028442383,14078400,False,-0.007838982462272102,0.006927379580281977,0.06926191050249166,47,48,16
WMT,2017-03-20,70.13999938964844,70.44999694824219,69.70999908447266,69.9800033569336,62.22105026245117,7466200,True,0.001287209117104329,0.00690627064518511,0.06905085736810825,47,48,16
WMT,2017-03-21,70.16999816894531,70.4000015258789,69.69000244140625,69.9000015258789,62.149898529052734,8746800,False,-0.0011441858706110588,0.003357062186539395,0.03356486215613524,48,48,16
WMT,2017-03-22,70.02999877929688,70.33999633789062,69.72000122070312,70.25,62.46109771728516,6455600,False,0.004994741147651801,0.004714650704200944,0.04713841811907513,48,48,16
WMT,2017-03-23,70.19999694824219,70.30999755859375,69.75,69.86000061035156,62.114349365234375,6898800,False,-0.005566895494385181,0.005164328099143348,0.05163442055730541,47,48,16
WMT,2017-03-24,69.98999786376953,70.16999816894531,69.52999877929688,69.61000061035156,61.89207077026367,5859000,False,-0.003584956856049696,0.004139238107148703,0.041385279383545304,48,48,16
WMT,2017-03-27,69.5199966430664,70.06999969482422,69.36000061035156,69.66000366210938,61.93652725219727,5792600,True,0.0007180325797692286,0.004074713169218267,0.040740140709632076,48,48,16
WMT,2017-03-28,69.33000183105469,70.37000274658203,69.33000183105469,70.31999969482422,62.52333831787109,7252200,False,0.009429793472758343,0.006145089972479814,0.061440356598206076,47,48,16
WMT,2017-03-29,70.3499984741211,71.18000030517578,70.30999755859375,70.73999786376953,62.89676284790039,6991000,False,0.005954797197817964,0.006306262428653033,0.0630518046364673,47,48,16
WMT,2017-03-30,70.69000244140625,71.72000122070312,70.63999938964844,71.58999633789062,63.65251922607422,8141500,False,0.011944206252395909,0.006339075669499201,0.06337988074727448,47,48,16
WMT,2017-03-31,71.31999969482422,72.55999755859375,71.2300033569336,72.08000183105469,64.08819580078125,9939800,False,0.006821290517282626,0.0042110893473782975,0.04210366851071836,48,48,16
WMT,2017-04-03,72.08000183105469,72.52999877929688,71.77999877929688,71.83000183105469,63.86591720581055,8291300,True,-0.003474352067998255,0.005861860969300265,0.05860855250221436,47,48,16
WMT,2017-04-04,71.73999786376953,72.05999755859375,71.52999877929688,72.01000213623047,64.02595520019531,5567300,False,0.002502709123071848,0.005705012426735662,0.057040336181503726,47,48,16
WMT,2017-04-05,71.63999938964844,72.30999755859375,71.55999755859375,71.6500015258789,63.70589065551758,6354500,False,-0.00501151787809796,0.007070474375173252,0.07069261294376433,47,48,16
WMT,2017-04-06,71.69999694824219,72.0999984741211,71.37999725341797,71.43000030517578,63.51026916503906,5941100,False,-0.0030754213134602812,0.0049607739443607345,0.04959922824720107,48,48,16
WMT,2017-04-07,72.0999984741211,72.98999786376953,71.80000305175781,72.9000015258789,64.81729125976562,10768000,False,0.020370796233146016,0.0105152782246062,0.10513474119052509,45,48,16
WMT,2017-04-10,72.98999786376953,73.4800033569336,72.7300033569336,73.05999755859375,64.9595718383789,7495900,True,0.002192696482604664,0.010036872840689928,0.10035150815114684,45,48,16
WMT,2017-04-11,73.0,73.44999694824219,72.93000030517578,73.43000030517578,65.28851318359375,5810500,False,0.0050510077673231735,0.010044878473651951,0.10043155074550816,45,48,16
WMT,2017-04-12,73.55000305175781,73.83000183105469,73.25,73.44000244140625,65.29742431640625,6627300,False,0.00013647921050206443,0.009124008755185821,0.0912244334963824,46,48,16
WMT,2017-04-13,73.37000274658203,73.66000366210938,73.1500015258789,73.1500015258789,65.0395736694336,5336400,False,-0.003956681331501398,0.009323762160844871,0.09322162483619374,46,48,16
WMT,2017-04-17,73.16000366210938,73.58000183105469,73.1500015258789,73.48999786376953,65.34187316894531,5465400,True,0.004637163469875302,0.0036913063450334524,0.03690673027860554,48,48,16
WMT,2017-04-18,73.54000091552734,74.0999984741211,73.4800033569336,73.88999938964844,65.69752502441406,6627900,False,0.005428180129782833,0.004081496668188253,0.04080796406088748,48,48,16
WMT,2017-04-19,74.0999984741211,74.37999725341797,73.86000061035156,74.06999969482422,65.85755920410156,5940600,False,0.002432961972802534,0.0037914306785143187,0.03790780183016488,48,48,16
WMT,2017-04-20,74.13999938964844,75.11000061035156,74.11000061035156,74.80000305175781,66.50663757324219,7681300,False,0.009807539919745614,0.0050346928875050715,0.05033829085596509,47,48,16
WMT,2017-04-21,74.73999786376953,75.11000061035156,74.5999984741211,74.94000244140625,66.63111114501953,5755700,False,0.0018698469704102976,0.003149566410221164,0.03149026039331205,48,48,16
WMT,2017-04-24,75.08000183105469,75.4000015258789,74.41999816894531,74.77999877929688,66.48883056640625,7812500,True,-0.0021376306353942443,0.0044463418238328885,0.04445578965275403,48,48,16
WMT,2017-04-25,74.97000122070312,75.16999816894531,74.86000061035156,75.05000305175781,66.7289047241211,5720400,False,0.003604241088209082,0.0043195820741572044,0.043188409637611544,48,48,16
WMT,2017-04-26,75.2699966430664,75.7699966430664,75.16999816894531,75.43000030517578,67.0667724609375,6948500,False,0.005050513770100552,0.004374466480003858,0.04373715953094114,48,48,16
WMT,2017-04-27,75.54000091552734,75.69999694824219,75.0199966430664,75.44000244140625,67.07565307617188,6052200,False,0.00013240576516784357,0.0028313252252482406,0.028308394549762545,48,48,16
WMT,2017-04-28,75.23999786376953,75.44000244140625,74.93000030517578,75.18000030517578,66.844482421875,7330400,False,-0.0034523693251138163,0.0036386716628447136,0.036380473762005774,48,48,16
WMT,2017-05-01,75.08999633789062,75.72000122070312,75.08999633789062,75.2300033569336,66.8889389038086,6165900,True,0.0006648522580292621,0.0033044482282145646,0.03303881284261864,48,48,16
WMT,2017-05-02,75.30000305175781,75.70999908447266,75.25,75.5199966430664,67.14678192138672,7318400,False,0.0038473823850468407,0.00335014857068473,0.0334957378592745,48,48,16
WMT,2017-05-03,75.4000015258789,75.87999725341797,75.18000030517578,75.76000213623047,67.3602066040039,5523600,False,0.003173439002219016,0.0028913489575090505,0.02890852888969495,48,48,16
WMT,2017-05-04,75.93000030517578,76.4000015258789,75.83000183105469,76.33999633789062,67.8758773803711,5500800,False,0.007626267493915585,0.004100732128705136,0.041000285663790076,48,48,16
WMT,2017-05-05,76.41999816894531,76.5999984741211,76.18000030517578,76.5,68.01814270019531,5597800,False,0.002093769419914072,0.0026108987485872347,0.026104507968705195,48,48,16
WMT,2017-05-08,76.5,76.5199966430664,76.06999969482422,76.12000274658203,67.68026733398438,6512200,True,-0.004979808744390266,0.004597578992952345,0.045967901866442715,48,48,16
WMT,2017-05-09,76.44000244140625,77.05000305175781,76.33000183105469,76.72000122070312,68.21375274658203,8255300,False,0.007851532435452247,0.005228558461913374,0.052276613985016936,47,48,16
WMT,2017-05-10,76.33000183105469,76.77999877929688,76.19000244140625,76.69999694824219,68.65232849121094,7511900,False,0.00640885224170576,0.005428112294687444,0.054271809938385526,47,48,16
WMT,2017-05-11,76.3499984741211,76.72000122070312,75.93000030517578,76.12999725341797,68.14215087890625,8349400,False,-0.007459072618721787,0.006791064098699068,0.06789898956303952,47,48,16
WMT,2017-05-12,75.94999694824219,76.25,75.37000274658203,75.70999908447266,67.76619720458984,5892900,False,-0.0055324730019603655,0.007263095180698526,0.072618490519635,47,48,16
WMT,2017-05-15,75.80000305175781,76.47000122070312,75.80000305175781,76.29000091552734,68.28535461425781,8843900,True,0.0076318119501900756,0.007605363345434826,0.07604058493774579,46,48,16
WMT,2017-05-16,76.19000244140625,76.2699966430664,75.08000183105469,75.11000061035156,67.22917175292969,8371800,False,-0.01558805946738168,0.009826945100462838,0.09825259092175384,46,48,16
WMT,2017-05-17,75.11000061035156,75.7300033569336,74.95999908447266,75.12000274658203,67.23812866210938,10971000,False,0.00013322062933195415,0.00867246555836184,0.08670977624049135,46,48,16
WMT,2017-05-18,76.88999938964844,77.66000366210938,76.12999725341797,77.54000091552734,69.4041976928711,19166800,False,0.03170687374264042,0.017817332957893405,0.1781427603931696,42,40,13
WMT,2017-05-19,77.97000122070312,79.44000244140625,77.7699966430664,78.7699966430664,70.505126953125,18581700,False,0.015738078741772875,0.017608829225391386,0.17605808079785823,42,40,13
WMT,2017-05-22,78.6500015258789,79.0,78.30000305175781,78.55000305175781,70.30824279785156,8897600,True,-0.0027963862227111734,0.01825776096922867,0.1825462848644895,42,40,13
WMT,2017-05-23,78.58000183105469,78.97000122070312,78.44000244140625,78.48999786376953,70.2545166015625,7584900,False,-0.0007644442828949899,0.014781149935490696,0.14778613934624246,44,48,16
WMT,2017-05-24,78.55999755859375,78.61000061035156,78.13999938964844,78.1500015258789,69.95018005371094,7427000,False,-0.004341324265164305,0.015552633556355458,0.1554996519209783,43,40,13
WMT,2017-05-25,78.36000061035156,78.8499984741211,78.1500015258789,78.30999755859375,70.09341430664062,6135000,False,0.0020455673610641515,0.008055959617967299,0.08054577457535911,46,48,16
WMT,2017-05-26,78.37000274658203,78.54000091552734,77.79000091552734,78.12999725341797,69.93229675292969,6125800,False,-0.0023012577275337395,0.002419777512710238,0.024193623516506703,49,48,16
WMT,2017-05-30,78.0,78.4000015258789,77.93000030517578,78.1500015258789,69.95018005371094,5410400,True,0.0002556903664695606,0.0024373760206612043,0.024369578402268513,49,48,16
WMT,2017-05-31,78.3499984741211,78.91999816894531,78.22000122070312,78.5999984741211,70.35298919677734,8201700,False,0.00574199787437282,0.0039041890698771225,0.039035192284299275,48,48,16
WMT,2017-06-01,78.63999938964844,79.80999755859375,78.5999984741211,79.80999755859375,71.43601989746094,8153100,False,0.015276949477683236,0.006847298845091763,0.06846124054505119,47,48,16
WMT,2017-06-02,79.80000305175781,79.93000030517578,79.22000122070312,79.62000274658203,71.2659912109375,7996500,False,-0.002382990480145362,0.007455657724660712,0.0745437855798341,47,48,16
WMT,2017-06-05,79.5999984741211,80.47000122070312,79.4800033569336,80.26000213623047,71.83880615234375,10145700,True,0.008005573694643891,0.006919119480131687,0.06917932367283683,47,48,16
WMT,2017-06-06,79.43000030517578,79.55999755859375,78.26000213623047,78.93000030517578,70.64834594726562,11525900,False,-0.01671010878102521,0.012202711650275793,0.12200618031886616,45,48,16
WMT,2017-06-07,79.08000183105469,79.5,78.7300033569336,79.1500015258789,70.84526062011719,8511200,False,0.002783373818171699,0.012045787259484957,0.12043720564602593,45,48,16
WMT,2017-06-08,79.1500015258789,80.12999725341797,78.2300033569336,78.93000030517578,70.64834594726562,10933000,False,-0.002783373818171604,0.00921823307727986,0.09216651505671891,46,48,16
WMT,2017-06-09,79.02999877929688,79.55999755859375,78.72000122070312,79.41999816894531,71.08692932128906,9405100,False,0.006188787837657015,0.00994794681495983,0.09946240046416635,46,48,16
WMT,2017-06-12,79.4000015258789,80.37000274658203,78.83999633789062,79.23999786376953,70.92583465576172,10410600,True,-0.002268735994065199,0.008738610039857682,0.08737110757140887,46,48,16
WMT,2017-06-13,79.20999908447266,79.56999969482422,78.88999938964844,79.5199966430664,71.17644500732422,5528000,False,0.0035271863615111048,0.003882375876502306,0.03881709777543182,48,48,16
WMT,2017-06-14,79.5199966430664,80.04000091552734,79.26000213623047,79.9000015258789,71.51658630371094,5006500,False,0.004767463940027519,0.004140507003015971,0.04139796616517423,48,48,16
WMT,2017-06-15,79.18000030517578,79.30000305175781,77.76000213623047,78.91000366210938,70.63046264648438,11297200,False,-0.012467865390981105,0.007649393162866052,0.07648080757013091,46,48,16
WMT,2017-06-16,73.94999694824219,75.5,73.29000091552734,75.23999786376953,67.34552001953125,56233000,False,-0.047625150936933834,0.021675269802557528,0.2167155097802495,41,40,13
WMT,2017-06-19,75.37999725341797,76.01000213623047,74.5199966430664,75.5,67.57825469970703,16095100,True,0.0034498725148578895,0.02237833037015805,0.22374490921572784,41,40,13
WMT,2017-06-20,75.87999725341797,75.91999816894531,75.31999969482422,75.54000091552734,67.6140365600586,10019200,False,0.0005293476551609674,0.02197284713263207,0.21969077252777666,41,40,13
WMT,2017-06-21,75.5999984741211,76.61000061035156,75.58000183105469,76.23999786376953,68.24060821533203,9011400,False,0.009224213114170604,0.022809778640173733,0.22805865168038786,40,40,13
WMT,2017-06-22,76.02999877929688,76.05999755859375,75.30000305175781,75.5199966430664,67.59613037109375,8111300,False,-0.00948907765026193,0.02274771386576221,0.22743811042076295,40,40,13
WMT,2017-06-23,75.5999984741211,75.77999877929688,74.55000305175781,74.83999633789062,66.98747253417969,13080300,False,-0.009045113572543216,0.008115436141041939,0.08114043776227624,46,48,16
WMT,2017-06-26,74.94999694824219,75.93000030517578,74.91999816894531,75.5,67.57825469970703,8587500,True,0.008780630453473503,0.00914224345919857,0.09140674925124088,46,48,16
WMT,2017-06-27,75.5,76.37000274658203,75.44999694824219,76.01000213623047,68.03470611572266,6454400,False,0.00673170376896365,0.009639297747886074,0.09637643934241852,46,48,16
WMT,2017-06-28,76.25,76.80000305175781,76.13999938964844,76.51000213623047,68.48225402832031,6988900,False,0.006556687395767612,0.009148266576344174,0.09146697008883904,46,48,16
WMT,2017-06-29,76.25,76.31999969482422,75.48999786376953,75.93000030517578,67.963134765625,7063500,False,-0.007609224057250812,0.00864950961260443,0.08648025616841742,46,48,16
WMT,2017-06-30,76.08000183105469,76.2699966430664,75.66999816894531,75.68000030517578,67.73934936523438,6963300,False,-0.003298179907098605,0.007233038713470095,0.07231797741521061,47,48,16
WMT,2017-07-03,75.83999633789062,76.33999633789062,75.08000183105469,75.36000061035156,67.45291137695312,4848600,True,-0.004237497255012406,0.006602108067912513,0.06600975344690457,47,48,16
WMT,2017-07-05,75.55000305175781,75.94999694824219,75.16999816894531,75.31999969482422,67.4171142578125,6036900,True,-0.0005308387807112705,0.00532388908074211,0.05322975661462787,47,48,16
WMT,2017-07-06,75.3499984741211,75.97000122070312,75.23999786376953,75.47000122070312,67.55138397216797,6161800,False,0.0019896458864206686,0.0036576396277579366,0.0365701208678138,48,48,16
WMT,2017-07-07,75.6500015258789,75.81999969482422,75.05000305175781,75.33000183105469,67.42607879638672,5307100,False,-0.001856683467118846,0.002446112908537053,0.02445693229115455,49,48,16
WMT,2017-07-10,75.1500015258789,75.30999755859375,73.12999725341797,73.2300033569336,65.54641723632812,15066700,True,-0.028273317087387225,0.012333168808176575,0.12331052807261889,45,48,16
WMT,2017-07-11,73.37999725341797,74.05000305175781,73.33000183105469,73.47000122070312,65.76123809814453,7532600,False,0.003272026340398523,0.01312203139378265,0.13119780047769014,44,48,16
WMT,2017-07-12,73.66000366210938,74.20999908447266,73.66000366210938,73.94000244140625,66.18193054199219,5700200,False,0.006376895049538659,0.014051430080986586,0.14049019278104824,44,48,16
WMT,2017-07-13,74.66999816894531,75.25,74.51000213623047,75.05000305175781,67.17546081542969,8160500,False,0.014900541255790387,0.016355399173601345,0.16352593078902597,43,40,13
WMT,2017-07-14,76.2699966430664,76.55999755859375,75.91000366210938,76.33999633789062,68.3301010131836,9151900,False,0.01704237270287171,0.018219106847574114,0.18215980996679357,42,40,13
WMT,2017-07-17,76.29000091552734,76.87000274658203,76.19000244140625,76.37000274658203,68.35697174072266,8835600,True,0.00039317145862934603,0.007270590904105858,0.07269343489330088,47,48,16
WMT,2017-07-18,76.25,76.54000091552734,76.0,76.19999694824219,68.20477294921875,4314900,False,-0.0022290115707881385,0.008544595757393211,0.08543129761693365,46,48,16
WMT,2017-07-19,76.08000183105469,76.22000122070312,75.5999984741211,75.87000274658203,67.90943145751953,5313600,False,-0.0043396199020226,0.010045292899855294,0.10043569429651084,45,48,16
WMT,2017-07-20,75.9800033569336,76.25,75.69999694824219,76.0199966430664,68.04367065429688,4965400,False,0.0019747874571081373,0.008445646475996372,0.08444197457017853,46,48,16
WMT,2017-07-21,75.83999633789062,76.2300033569336,75.55000305175781,76.1500015258789,68.16004180908203,7153300,False,0.0017087813686837235,0.0027172224881475333,0.027167562944742162,48,48,16
WMT,2017-07-24,76.02999877929688,77.16000366210938,76.02999877929688,76.88999938964844,68.82239532470703,7388000,True,0.009670709494772625,0.005360366924177207,0.05359447246396823,47,48,16
WMT,2017-07-25,77.61000061035156,78.86000061035156,77.38999938964844,78.5199966430664,70.28137969970703,11504000,False,0.02097768918433533,0.009738196738375738,0.09736525956638596,46,48,16
WMT,2017-07-26,78.55000305175781,79.16999816894531,77.94000244140625,78.9000015258789,70.62152099609375,6716100,False,0.00482803342484237,0.0080158367794868,0.08014461502928019,46,48,16
WMT,2017-07-27,78.72000122070312,79.86000061035156,78.4800033569336,79.77999877929688,71.4091567993164,8052500,False,0.011091179590707007,0.007360505170100389,0.07359242328740255,47,48,16
WMT,2017-07-28,79.80000305175781,79.95999908447266,79.54000091552734,79.80999755859375,71.43601989746094,4975200,False,0.0003761148830139247,0.007734807795235951,0.07733480734800453,46,48,16
WMT,2017-07-31,79.81999969482422,80.33999633789062,79.69000244140625,79.98999786376953,71.59713745117188,6263200,True,0.002252870940452727,0.008353821581347542,0.08352388316759812,46,48,16
WMT,2017-08-01,80.25,80.7300033569336,80.0,80.5,72.0536117553711,5726500,False,0.00635535621160322,0.004119896937084506,0.04119190086653536,48,48,16
WMT,2017-08-02,80.33999633789062,81.11000061035156,80.30000305175781,80.52999877929688,72.08047485351562,8673000,False,0.0003727514994904826,0.004613411863483164,0.046126203407305943,48,48,16
WMT,2017-08-03,81.33999633789062,81.76000213623047,80.66999816894531,80.87000274658203,72.38480377197266,9946900,False,0.004213183562567368,0.0025819962127015877,0.02581553219790944,48,48,16
WMT,2017-08-04,81.05999755859375,81.4000015258789,80.20999908447266,80.4800033569336,72.03572845458984,7141800,False,-0.004834160237452661,0.004264593124038192,0.042638614480924895,48,48,16
WMT,2017-08-07,80.56999969482422,81.44999694824219,80.54000091552734,81.27999877929688,72.75178527832031,5484500,True,0.009891221187325118,0.005663398250894421,0.056624265820503866,47,48,16
WMT,2017-08-08,81.16999816894531,81.86000061035156,80.9000015258789,81.58999633789062,73.02925109863281,7381400,False,0.003806615212177828,0.005417728586498978,0.054167990671821785,47,48,16
WMT,2017-08-09,81.11000061035156,81.98999786376953,80.9000015258789,81.61000061035156,73.5066146850586,6606500,False,0.006515337013638416,0.0054572286620273676,0.054562923656853564,47,48,16
WMT,2017-08-10,81.06999969482422,81.4000015258789,80.55000305175781,80.66000366210938,72.65096282958984,8045000,False,-0.01170875496787042,0.008839486430048539,0.08837969839976494,46,48,16
WMT,2017-08-11,80.7300033569336,81.25,80.36000061035156,80.4000015258789,72.41677856445312,7905500,False,-0.003228622246605104,0.008612902120574606,0.08611424405556779,46,48,16
WMT,2017-08-14,80.58999633789062,81.23999786376953,80.5,80.69999694824219,72.68695831298828,7792000,True,0.003723957309215563,0.007385252118241085,0.07383985031048779,47,48,16
WMT,2017-08-15,80.83000183105469,81.4000015258789,80.54000091552734,80.7699966430664,72.75003051757812,7066100,False,0.0008673475578812204,0.0071002430257312635,0.07099024837529139,47,48,16
WMT,2017-08-16,81.2699966430664,81.44000244140625,80.54000091552734,80.9800033569336,72.93917846679688,11536000,False,0.002596596643113037,0.006262398376915055,0.06261323937661058,47,48,16
WMT,2017-08-17,78.8499984741211,79.80999755859375,78.33000183105469,79.69999694824219,71.78628540039062,17293700,False,-0.01593247550762973,0.008014966558054972,0.08013591430800023,46,48,16
WMT,2017-08-18,79.62000274658203,80.3499984741211,79.27999877929688,79.30999755859375,71.43498992919922,9753000,False,-0.004905642334018592,0.008093297926148107,0.08091909359585782,46,48,16
WMT,2017-08-21,79.12000274658203,80.06999969482422,78.79000091552734,79.70999908447266,71.79529571533203,9613900,True,0.005031150284038677,0.008370276824692225,0.08368840736879539,46,48,16
WMT,2017-08-22,79.80000305175781,80.16000366210938,79.70999908447266,80.0199966430664,72.0744857788086,6546100,False,0.0038811543471972197,0.008769555184457767,0.08768050592484665,46,48,16
WMT,2017-08-23,80.3499984741211,80.55999755859375,79.87999725341797,79.95999908447266,72.02045440673828,7799300,False,-0.0007499413169270664,0.008466291929901334,0.08464839368783725,46,48,16
WMT,2017-08-24,80.61000061035156,80.87999725341797,77.8499984741211,78.33999633789062,70.56132507324219,19128000,False,-0.020467976748007946,0.010304079023281712,0.10302311153160304,45,48,16
WMT,2017-08-25,78.5,79.08999633789062,78.4800033569336,78.62999725341797,70.82251739501953,9902200,False,0.00369480153258808,0.010708625710486067,0.1070678843231767,45,48,16
WMT,2017-08-28,78.41000366210938,78.45999908447266,77.86000061035156,78.02999877929688,70.28209686279297,8621500,True,-0.007659893724261825,0.01019970049067291,0.10197950528769081,45,48,16
WMT,2017-08-29,77.66999816894531,78.9800033569336,77.5,78.7699966430664,70.94861602783203,7665200,False,0.009438798400006628,0.011525416350471733,0.1152343893559004,45,48,16
WMT,2017-08-30,78.81999969482422,79.0999984741211,78.5199966430664,78.54000091552734,70.7414779663086,5829800,False,-0.002923820617916687,0.011453074330551663,0.11451109327385296,45,48,16
WMT,2017-08-31,78.5999984741211,78.75,78.05999755859375,78.06999969482422,70.31812286376953,8194800,False,-0.0060025176759103,0.007134620824892947,0.0713339673849421,47,48,16
WMT,2017-09-01,78.30999755859375,78.5,78.20999908447266,78.37000274658203,70.5883560180664,6474400,False,0.0038356431549584013,0.007156507523858575,0.07155279682360419,47,48,16
WMT,2017-09-05,77.94999694824219,79.88999938964844,77.9000015258789,79.80000305175781,71.87635040283203,12068500,True,0.01808208517997958,0.009678857794940833,0.09677197193982089,46,48,16
WMT,2017-09-06,79.87999725341797,80.4000015258789,79.72000122070312,80.08000183105469,72.12857055664062,8426100,False,0.0035029415666598673,0.009275113380784098,0.09273522050226413,46,48,16
WMT,2017-09-07,80.31999969482422,80.76000213623047,80.0,80.12000274658203,72.1645736694336,6820800,False,0.000499027361739529,0.008815965640550505,0.08814453085938678,46,48,16
WMT,2017-09-08,79.73999786376953,79.87999725341797,77.7300033569336,78.87999725341797,71.04769134521484,9999600,False,-0.015597895449460872,0.012001875006751449,0.11999815845891233,45,48,16
WMT,2017-09-11,79.1500015258789,79.3499984741211,78.66000366210938,79.08000183105469,71.22785186767578,7000200,True,0.0025325592113183896,0.011967896396086062,0.11965843064933715,45,48,16
WMT,2017-09-12,79.30000305175781,79.91000366210938,79.16999816894531,79.61000061035156,71.70520782470703,6005000,False,0.0066794586617488555,0.00874223070022694,0.08740730796313698,46,48,16
WMT,2017-09-13,79.61000061035156,80.68000030517578,79.58999633789062,79.86000061035156,71.93038177490234,8823700,False,0.0031353529481960097,0.008701848734625602,0.08700355759043388,46,48,16
WMT,2017-09-14,79.79000091552734,79.81999969482422,79.22000122070312,79.68000030517578,71.76824951171875,6939300,False,-0.0022565605605415684,0.008706036308836342,0.08704542614792313,46,48,16
WMT,2017-09-15,79.80999755859375,80.75,79.2699966430664,80.37999725341797,72.39875793457031,13317800,False,0.00874697275066061,0.004227547941479067,0.042268226213727604,48,48,16
WMT,2017-09-18,80.20999908447266,81.12000274658203,79.94999694824219,80.0,72.05648040771484,8176100,True,-0.004738882041621198,0.0057390799492982175,0.05738095295750451,47,48,16
WMT,2017-09-19,80.18000030517578,80.45999908447266,79.69999694824219,80.05000305175781,72.10151672363281,6174400,False,0.0006248188554132833,0.005201049555105734,0.052001572113952815,47,48,16
WMT,2017-09-20,80.16999816894531,80.55999755859375,79.87000274658203,80.5,72.50682067871094,5318200,False,0.005605555304141868,0.005548177413842387,0.055472255134293526,47,48,16
WMT,2017-09-21,80.56999969482422,80.56999969482422,79.72000122070312,80.01000213623047,72.06549072265625,6430300,False,-0.006105336805674009,0.006415562566308817,0.06414461848685497,47,48,16
WMT,2017-09-22,79.88999938964844,80.08000183105469,79.25,79.52999877929688,71.6331558227539,5755300,False,-0.006017262024014188,0.005127088493172681,0.0512620883895648,47,48,16
WMT,2017-09-25,78.91999816894531,80.0999984741211,78.86000061035156,79.1500015258789,71.29087829589844,8547800,True,-0.004789651835791536,0.005133602444112046,0.051327216722977353,47,48,16
WMT,2017-09-26,79.04000091552734,79.54000091552734,78.91999816894531,79.38999938964844,71.50707244873047,5835300,False,0.003027975077910868,0.00555217943510613,0.05551226848066586,47,48,16
WMT,2017-09-27,79.41999816894531,79.56999969482422,78.66999816894531,79.29000091552734,71.41698455810547,6314600,False,-0.001260640153132921,0.003914955191123307,0.03914283502533439,48,48,16
WMT,2017-09-28,79.0,79.08000183105469,78.12000274658203,78.94999694824219,71.1107406616211,12372800,False,-0.004297330463910782,0.0036331278636611286,0.03632504528166233,48,48,16
WMT,2017-09-29,78.8499984741211,79.0,77.9800033569336,78.13999938964844,70.38115692138672,10353400,False,-0.010312819587270688,0.00490762493721029,0.049067829363411225,48,48,16
WMT,2017-10-02,77.9000015258789,78.83000183105469,77.5,78.44999694824219,70.660400390625,7709200,True,0.003959738383880552,0.005819726394124095,0.05818727904071399,47,48,16
WMT,2017-10-03,78.83000183105469,79.66000366210938,78.75,79.22000122070312,71.35394287109375,7936700,False,0.009767295023821334,0.007690431588374614,0.07689112141561842,46,48,16
WMT,2017-10-04,79.2699966430664,79.77999877929688,79.06999969482422,79.08999633789062,71.23683166503906,6173400,False,-0.001642620047027932,0.007702649033932038,0.07701327490972981,46,48,16
WMT,2017-10-05,79.16999816894531,79.80999755859375,79.08000183105469,79.41000366210938,71.52507781982422,5138700,False,0.004038143612930593,0.0075777309062254146,0.07576430795460841,46,48,16
WMT,2017-10-06,78.77999877929688,79.16999816894531,78.25,79.0,71.15576934814453,6246700,False,-0.005176718582063104,0.005764558184887708,0.05763569160040834,47,48,16
WMT,2017-10-09,79.5,81.37999725341797,79.4000015258789,80.52999877929688,72.53385925292969,13493000,True,0.019182068654874377,0.009646248227522589,0.09644593221385059,46,48,16
WMT,2017-10-10,82.68000030517578,84.87999725341797,82.61000061035156,84.12999725341797,75.77639770507812,25124000,False,0.04373339122120525,0.020019606160425304,0.2001617139798866,41,40,13
WMT,2017-10-11,84.58000183105469,86.29000091552734,84.0999984741211,85.7300033569336,77.2175521850586,18561000,False,0.01883992286014278,0.018566064736292295,0.18562879357856701,42,40,13
WMT,2017-10-12,85.69999694824219,86.37000274658203,85.05999755859375,86.0999984741211,77.5508041381836,12877000,False,0.004306467757018866,0.018522736878805346,0.18519558934127248,42,40,13
WMT,2017-10-13,86.23999786376953,86.94999694824219,86.23999786376953,86.62000274658203,78.01918029785156,9389000,False,0.006021438859853638,0.015767378617191564,0.15764673409138785,43,40,13
WMT,2017-10-16,86.58000183105469,86.62000274658203,85.0199966430664,85.73999786376953,77.22652435302734,9300300,True,-0.010211719992173575,0.020252407986534528,0.2024893328230477,41,40,13
WMT,2017-10-17,85.5,86.36000061035156,85.31999969482422,85.9800033569336,77.44271087646484,5851500,False,0.0027954707851500353,0.010334574460544296,0.10332801358322838,45,48,16
WMT,2017-10-18,86.1500015258789,86.37000274658203,86.01000213623047,86.22000122070312,77.65888214111328,5472100,False,0.002787481423169673,0.0064840436571497895,0.06482931190230477,47,48,16
WMT,2017-10-19,86.1500015258789,86.66000366210938,85.7699966430664,86.4000015258789,77.82100677490234,7029000,False,0.0020854747669143622,0.006285924077635266,0.06284845602078433,47,48,16
WMT,2017-10-20,86.5999984741211,87.44999694824219,86.27999877929688,87.44000244140625,78.75774383544922,7617800,False,0.011965202591231874,0.007899758490630161,0.07898403129615328,46,48,16
WMT,2017-10-23,87.33999633789062,88.91999816894531,87.26000213623047,88.6500015258789,79.84759521484375,10586000,True,0.013743150635401123,0.005682699308127736,0.05681724327802655,47,48,16
WMT,2017-10-24,88.69000244140625,88.80000305175781,87.91000366210938,87.9800033569336,79.24412536621094,7700900,False,-0.007586475786406119,0.008601768135754041,0.08600292330993216,46,48,16
WMT,2017-10-25,87.8499984741211,88.5999984741211,87.43000030517578,88.4800033569336,79.69448852539062,6408000,False,0.005667148510929022,0.008546383695177087,0.0854491739272088,46,48,16
WMT,2017-10-26,88.66000366210938,89.11000061035156,88.0199966430664,88.62000274658203,79.8205795288086,6484900,False,0.001580929390784986,0.008594821994483583,0.08593347381471732,46,48,16
WMT,2017-10-27,88.13999938964844,88.38999938964844,87.1500015258789,88.16999816894531,79.41526794433594,6617000,False,-0.005090718782513907,0.008560600151075964,0.08559131409503407,46,48,16
WMT,2017-10-30,87.94000244140625,87.94999694824219,86.38999938964844,86.94999694824219,78.31640625,7052000,True,-0.013933529558210806,0.007701408552066067,0.07700087221936398,46,48,16
WMT,2017-10-31,86.86000061035156,87.45999908447266,86.5999984741211,87.30999755859375,78.64066314697266,6006900,False,0.0041317967966769615,0.008063172898246347,0.08061789500232963,46,48,16
WMT,2017-11-01,87.06999969482422,88.4000015258789,87.0,87.94000244140625,79.20809936523438,6176100,False,0.007189649807961919,0.008423558427685844,0.08422113198352238,46,48,16
WMT,2017-11-02,88.27999877929688,89.16999816894531,87.80000305175781,88.80000305175781,79.98271179199219,5183100,False,0.009731950415996341,0.009781472829138615,0.09779794622525591,46,48,16
WMT,2017-11-03,89.0199966430664,89.87999725341797,88.76000213623047,89.68000030517578,80.77533721923828,6512100,False,0.009861177778726287,0.009964795051409093,0.09963085392215143,46,48,16
WMT,2017-11-06,89.41999816894531,89.68000030517578,88.68000030517578,88.69999694824219,79.89263153076172,5257400,True,-0.010988059121286715,0.008689659559677754,0.08688168675391439,46,48,16
WMT,2017-11-07,88.87000274658203,89.05999755859375,88.30999755859375,88.94999694824219,80.11780548095703,5349300,False,0.0028144926423679197,0.008704065312021877,0.08702571956141635,46,48,16
WMT,2017-11-08,89.11000061035156,90.41999816894533,89.0999984741211,90.26000213623048,81.29772186279297,6767500,False,0.014619874773238678,0.009984272457491575,0.09982559456560418,46,48,16
WMT,2017-11-09,89.94000244140625,90.56999969482422,89.3499984741211,90.3000030517578,81.3337631225586,6904500,False,0.000443226111584566,0.009794405996577672,0.0979272557102201,46,48,16
WMT,2017-11-10,90.23999786376952,91.69000244140624,90.1999969482422,90.91999816894533,81.8921890258789,7647800,False,0.006842393316542573,0.009376848862509377,0.09375240077202167,46,48,16
WMT,2017-11-13,91.04000091552734,91.9800033569336,90.87000274658205,90.98999786376952,81.9552230834961,8491600,True,0.0007694239404264305,0.005901840892440945,0.05900828314009483,47,48,16
WMT,2017-11-14,90.6999969482422,91.1999969482422,90.18000030517578,91.08999633789062,82.04532623291016,9834100,False,0.0010988153253811595,0.006113854385639099,0.061128054320673544,47,48,16
WMT,2017-11-15,90.33999633789062,90.8499984741211,89.6500015258789,89.83000183105469,80.9104232788086,8433400,False,-0.013929196204113828,0.007718094668198998,0.07716770475233545,46,48,16
WMT,2017-11-16,95.12000274658205,99.68000030517578,94.72000122070312,99.62000274658205,89.72833251953125,38122400,False,0.10344392054347835,0.04747009798398403,0.47461953542574314,31,32,10
WMT,2017-11-17,99.23999786376952,100.12999725341795,96.58000183105467,97.47000122070312,87.79182434082031,23575500,False,-0.0218181983683194,0.05100159085794582,0.5099284051854932,29,32,10
WMT,2017-11-20,96.44000244140624,97.63999938964844,95.76000213623048,97.4800033569336,87.80082702636719,16394300,True,0.00010254057313516296,0.05104540936461261,0.5103665150727797,29,32,10
WMT,2017-11-21,97.73999786376952,97.91999816894533,96.31999969482422,96.5199966430664,86.9361801147461,12746500,False,-0.009896632464483203,0.05195699293303302,0.5194807867536895,29,32,10
WMT,2017-11-22,96.6500015258789,96.80999755859376,96.11000061035156,96.41000366210938,86.83708953857422,8918200,False,-0.001140458335274515,0.05068649872765428,0.5067780244859267,29,32,10
WMT,2017-11-24,96.87000274658205,97.2300033569336,96.52999877929688,96.62000274658205,87.0262222290039,4496100,True,0.0021756489406651804,0.009912491079687575,0.09910790394282416,46,48,16
WMT,2017-11-27,96.8499984741211,97.6500015258789,96.3000030517578,96.62000274658205,87.0262222290039,8904900,True,0.0,0.004707554351419991,0.04706746676647314,48,48,16
WMT,2017-11-28,96.58999633789062,96.88999938964844,95.81999969482422,96.7699966430664,87.16133880615234,8709600,False,0.0015513921137141574,0.004891239099121424,0.04890399909569358,48,48,16
WMT,2017-11-29,97.22000122070312,98.26000213623048,96.87999725341795,97.55999755859376,87.87289428710938,11424000,False,0.008130516964335631,0.003590785847151177,0.03590169776273109,48,48,16
WMT,2017-11-30,98.08999633789062,98.44000244140624,96.51000213623048,97.2300033569336,87.57565307617188,12854700,False,-0.003388360858950219,0.004194672249268706,0.041939525696426255,48,48,16
WMT,2017-12-01,97.61000061035156,97.70999908447266,96.2300033569336,97.3499984741211,87.68373107910156,8296200,False,0.0012333492685810492,0.004188777451972553,0.04188058783716435,48,48,16
WMT,2017-12-04,97.7300033569336,97.95999908447266,96.68000030517578,97.01000213623048,87.37751007080078,8956500,True,-0.0034984479558435194,0.004756777278269901,0.047559611583230875,48,48,16
WMT,2017-12-05,97.0,97.94000244140624,96.91999816894533,97.83000183105467,88.11607360839844,9010100,False,0.008417035910885693,0.00588338388108378,0.05882374469320474,47,48,16
WMT,2017-12-06,97.98999786376952,98.13999938964844,97.23999786376952,97.27999877929688,87.62068939208984,7141000,False,-0.00563781328387084,0.005617394022229543,0.056164302463278214,47,48,16
WMT,2017-12-07,97.05999755859376,97.58000183105467,96.6500015258789,96.77999877929688,87.62974548339844,7502600,False,0.00010335028638414043,0.005392729991959037,0.053918047616493645,47,48,16
WMT,2017-12-08,96.3000030517578,96.6999969482422,96.13999938964844,96.5500030517578,87.4215087890625,5821100,False,-0.0023791522480206017,0.005448568143455501,0.05447633332998059,47,48,16
WMT,2017-12-11,96.95999908447266,97.2699966430664,96.29000091552734,96.93000030517578,87.76557159423828,8928900,True,0.003927952298721507,0.005472747820828525,0.05471808861865518,47,48,16
WMT,2017-12-12,96.8499984741211,97.23999786376952,96.5999984741211,96.6999969482422,87.55731201171875,7810600,False,-0.002375727300269682,0.0035508948736890735,0.035502856469025484,48,48,16
WMT,2017-12-13,96.66000366210938,97.91000366210938,96.5500030517578,97.76000213623048,88.51709747314453,7879400,False,0.010902151773708851,0.005587489875371965,0.0558653123012264,47,48,16
WMT,2017-12-14,98.0,98.56999969482422,97.0999984741211,97.12999725341795,87.9466552734375,9385800,False,-0.006465284545553518,0.0067967591377748274,0.06795593018282253,47,48,16
WMT,2017-12-15,97.70999908447266,98.48999786376952,96.91000366210938,97.11000061035156,87.92854309082031,16142800,False,-0.00020596630849232,0.006615950802067684,0.06614815703848692,47,48,16
WMT,2017-12-18,97.37999725341795,98.16999816894533,97.36000061035156,97.9000015258789,88.64385986328125,7964400,True,0.008102293152252249,0.007282860792655442,0.07281611272735745,47,48,16
WMT,2017-12-19,99.91000366210938,99.91000366210938,98.29000091552734,98.8000030517578,89.45875549316406,12012200,False,0.009150919146372121,0.007378554923991413,0.07377288985836258,47,48,16
WMT,2017-12-20,99.4499969482422,99.6500015258789,98.4499969482422,98.75,89.41350555419922,10729800,False,-0.0005059469776381517,0.006541780544321812,0.06540658171488783,47,48,16
WMT,2017-12-21,99.0,99.33000183105467,97.9800033569336,98.05999755859376,88.78872680664062,7369100,False,-0.007012048045063218,0.006721093158837964,0.06719940021352133,47,48,16
WMT,2017-12-22,98.29000091552734,98.41999816894533,97.68000030517578,98.20999908447266,88.9245376586914,5478700,False,0.0015284270298925322,0.00662897858374606,0.06627841250351471,47,48,16
WMT,2017-12-26,98.3499984741211,99.44000244140624,98.3499984741211,99.16000366210938,89.78472900390625,4295900,True,0.00962678661779953,0.006990492428870463,0.06989293070570608,47,48,16
WMT,2017-12-27,99.55999755859376,99.5999984741211,98.83000183105467,99.26000213623048,89.8752670288086,5140800,False,0.0010078819388384072,0.005940040910082858,0.05939021777677026,47,48,16
WMT,2017-12-28,99.5199966430664,99.62000274658205,99.12000274658205,99.4000015258789,90.00202941894531,9763900,False,0.001409432025324956,0.0058858787314219245,0.05884868891617319,47,48,16
WMT,2017-12-29,99.4000015258789,99.69000244140624,98.75,98.75,89.41350555419922,7144300,False,-0.006560479566792348,0.0057275553903050535,0.05726572714025072,47,48,16
WMT,2018-01-02,99.3000030517578,99.79000091552734,98.5199966430664,98.58999633789062,89.26862335205078,10150500,True,-0.0016216757074321339,0.005881414480286212,0.05880405406412863,47,48,16
WMT,2018-01-03,98.8499984741211,100.0,98.7699966430664,99.4499969482422,90.04730224609375,8903600,False,0.008685048872150046,0.005531649852293804,0.05530700787513355,47,48,16
WMT,2018-01-04,99.54000091552734,99.77999877929688,98.91000366210938,99.54000091552734,90.12879180908205,6830400,False,0.0009045547243320632,0.00552986331347394,0.055289145552098316,47,48,16
WMT,2018-01-05,99.63999938964844,100.37999725341795,99.61000061035156,100.12999725341795,90.66300964355467,7284000,False,0.005909774502993899,0.006044317622955633,0.060432805998014254,47,48,16
WMT,2018-01-08,100.25,101.75,100.20999908447266,101.61000061035156,92.00308990478516,8843900,True,0.014672720405941716,0.006443348424139737,0.06442242939298722,47,48,16
WMT,2018-01-09,102.02999877929688,102.3499984741211,100.30999755859376,100.38999938964844,90.89842224121094,7312700,False,-0.01207951845621432,0.010085991863901928,0.10084261410979288,45,48,16
WMT,2018-01-10,99.75,99.88999938964844,98.52999877929688,99.66999816894533,90.24651336669922,7930400,False,-0.007197680539659038,0.010580371701334306,0.1057855642769734,45,48,16
WMT,2018-01-11,99.6999969482422,100.4499969482422,98.77999877929688,100.0199966430664,90.56340026855467,6537700,False,0.0035051974743468333,0.010672321327624749,0.10670490278196795,45,48,16
WMT,2018-01-12,100.38999938964844,101.44000244140624,100.3000030517578,100.87000274658205,91.3330535888672,6951200,False,0.008462593934558274,0.011023478644435834,0.11021587346971456,45,48,16
WMT,2018-01-16,101.33999633789062,101.91000366210938,100.33999633789062,100.69000244140624,91.17008209228516,7170700,True,-0.0017859587923491859,0.008189441183828885,0.08188036121974525,46,48,16
WMT,2018-01-17,101.1500015258789,102.94000244140624,100.6999969482422,102.6999969482422,92.9900360107422,8681900,False,0.019765551716646835,0.01032067572302072,0.10318905005404691,45,48,16
WMT,2018-01-18,104.73999786376952,104.94000244140624,103.62000274658205,104.3000030517578,94.43875122070312,12307900,False,0.01545914139465056,0.008723576185139952,0.08722079481780565,46,48,16
WMT,2018-01-19,104.63999938964844,104.93000030517578,103.66000366210938,104.58999633789062,94.70133209228516,8378600,False,0.0027765773989026476,0.008845246796831335,0.08843729218453561,46,48,16
WMT,2018-01-22,104.5,105.4499969482422,104.04000091552734,105.4499969482422,95.4800262451172,7308300,True,0.008189009808632169,0.00884974923068062,0.08848230879820583,46,48,16
WMT,2018-01-23,105.29000091552734,106.1500015258789,104.56999969482422,105.9000015258789,95.88748168945312,8287800,False,0.004258361980615292,0.00730670746314038,0.07305453851849088,47,48,16
WMT,2018-01-24,106.3499984741211,106.44000244140624,104.81999969482422,105.79000091552734,95.78787231445312,6823100,False,-0.0010393551584619955,0.006269330352587678,0.06268254724015097,47,48,16
WMT,2018-01-25,105.8499984741211,106.80999755859376,105.8499984741211,106.5999984741211,96.52127838134766,5857100,False,0.007627402230912297,0.003775175433638315,0.03774527727051717,48,48,16
WMT,2018-01-26,107.0,108.41000366210938,106.68000030517578,108.38999938964844,98.14205932617188,6786300,False,0.01665252859825963,0.006462039969628327,0.06460931277880153,47,48,16
WMT,2018-01-29,108.11000061035156,109.9800033569336,107.98999786376952,109.5500030517578,99.1923828125,8355200,True,0.010645211180840879,0.006652502958848838,0.0665136158937885,47,48,16
WMT,2018-01-30,109.13999938964844,109.36000061035156,107.1500015258789,107.7300033569336,97.5444564819336,9180500,False,-0.016752987177194,0.012959945680451428,0.12957722143472358,44,48,16
WMT,2018-01-31,107.7699966430664,108.18000030517578,106.06999969482422,106.5999984741211,96.52127838134766,9812800,False,-0.01054475260190636,0.014396383473193003,0.1439391348668173,44,48,16
WMT,2018-02-01,105.95999908447266,106.55999755859376,105.18000030517578,105.5199966430664,95.54339599609376,6386800,False,-0.010182932788661024,0.014709140973710096,0.1470661732741621,44,48,16
WMT,2018-02-02,105.1500015258789,106.47000122070312,104.1500015258789,104.4800033569336,94.60173034667967,9253100,False,-0.009904785528874967,0.010452304240501446,0.10450510939389829,45,48,16
WMT,2018-02-05,103.4000015258789,104.61000061035156,97.08999633789062,100.08999633789062,90.62678527832033,12561600,True,-0.042925954478019036,0.014186777320352565,0.14184343295954358,44,48,16
WMT,2018-02-06,97.63999938964844,101.08000183105467,97.25,100.9000015258789,91.36021423339844,16413800,False,0.008060278237799777,0.018456658018427854,0.18453491410895234,42,40,13
WMT,2018-02-07,100.5,104.58999633789062,100.01000213623048,102.8499984741211,93.1258544921875,11165200,False,0.019141761571211682,0.02355480298308422,0.23550761687174576,40,40,13
WMT,2018-02-08,103.2300033569336,103.4800033569336,100.0,100.0199966430664,90.56340026855467,13975100,False,-0.027901691527563194,0.025384647367972253,0.2538029212578875,39,40,13
WMT,2018-02-09,100.52999877929688,101.0999984741211,96.43000030517578,99.37000274658205,89.97486114501953,14184600,False,-0.00651985018299359,0.02545639490665287,0.2545202735474915,39,40,13
WMT,2018-02-12,100.12999725341795,100.4499969482422,98.8000030517578,99.5500030517578,90.13785552978516,9135100,True,0.001809915837920598,0.017676333251640794,0.17673300524374144,42,40,13
WMT,2018-02-13,99.33000183105467,101.22000122070312,99.33000183105467,100.9800033569336,91.43264770507812,6622800,False,0.01426238403882317,0.01866805860863347,0.18664855731116292,42,40,13
WMT,2018-02-14,100.86000061035156,102.25,100.20999908447266,101.6999969482422,92.08456420898438,7307600,False,0.007104720471064582,0.01622415969438569,0.16221376116435263,43,40,13
WMT,2018-02-15,102.5500030517578,103.63999938964844,101.83000183105467,103.2300033569336,93.46994018554688,7494900,False,0.014932558212278457,0.008987157506231679,0.08985615580243364,46,48,16
WMT,2018-02-16,103.08999633789062,104.94000244140624,101.9800033569336,104.77999877929688,94.87338256835938,16064300,False,0.01490329828045198,0.005919987732258959,0.05918972040375452,47,48,16
WMT,2018-02-20,96.98999786376952,97.94000244140624,94.0999984741211,94.11000061035156,85.21219635009766,52088500,True,-0.10739861430327173,0.05385595210867488,0.538467120467171,28,32,10
WMT,2018-02-21,95.11000061035156,95.33999633789062,91.23999786376952,91.5199966430664,82.86705780029297,49503700,False,-0.027906962806292884,0.052138500467434006,0.5212955506853487,29,32,10
WMT,2018-02-22,91.43000030517578,93.38999938964844,91.30999755859376,92.7699966430664,83.99886322021484,20365000,False,0.013565655225982676,0.053040329175946394,0.5303122905035846,28,32,10
WMT,2018-02-23,92.87999725341795,93.48999786376952,91.76000213623048,92.88999938964844,84.1075210571289,12791500,False,0.0012927272514135684,0.05121807435126607,0.5120928686981168,29,32,10
WMT,2018-02-26,92.9000015258789,93.8000030517578,92.22000122070312,93.12000274658205,84.31578826904297,14699300,True,0.002473141264134522,0.04929883377648793,0.4929037557900548,30,32,10
WMT,2018-02-27,93.62999725341795,93.72000122070312,91.51000213623048,91.5199966430664,82.86705780029297,13376100,False,-0.017331523741530897,0.01669756828725258,0.16694703486622797,43,40,13
WMT,2018-02-28,92.0,92.0999984741211,90.0,90.01000213623047,81.49983215332031,14143700,False,-0.016636649656843427,0.013356822019253313,0.13354530390228395,44,48,16
WMT,2018-03-01,90.16999816894533,90.18000030517578,87.70999908447266,89.08000183105469,80.65776062011719,18909600,False,-0.010385934918534269,0.009530661054777368,0.09529025879923027,46,48,16
WMT,2018-03-02,87.2699966430664,88.9000015258789,87.23999786376953,88.7699966430664,80.37705993652344,19043400,False,-0.0034862145580590604,0.008539047917287991,0.08537582873430687,46,48,16
WMT,2018-03-05,88.13999938964844,90.5,88.06999969482422,89.9800033569336,81.47265625,13383200,True,0.013538646517431986,0.012699951893818427,0.12697772963955245,44,48,16
WMT,2018-03-06,90.3499984741211,90.5,88.62999725341797,89.05999755859375,80.63964080810547,11054700,False,-0.010277107768499468,0.011589118838360205,0.11587130494047095,45,48,16
WMT,2018-03-07,87.9800033569336,88.52999877929688,87.33999633789062,87.73999786376953,79.4444351196289,11453000,False,-0.014932502066092208,0.011196257470703751,0.11194336529588167,45,48,16
WMT,2018-03-08,87.7699966430664,88.12999725341797,87.33999633789062,87.91999816894531,80.08203887939453,9588700,False,0.007993747232270048,0.012017531470794707,0.12015469623756043,45,48,16
WMT,2018-03-09,88.23999786376953,88.72000122070312,87.52999877929688,88.72000122070312,80.81073760986328,9754400,False,0.009058252694223041,0.012767677326463996,0.12765486776953047,44,48,16
WMT,2018-03-12,88.69999694824219,89.44000244140625,87.87999725341797,88.06999969482422,80.21866607666016,8474000,True,-0.007353616019204088,0.010960229711659383,0.10958349265810002,45,48,16
WMT,2018-03-13,88.38999938964844,88.9000015258789,87.9800033569336,88.30000305175781,80.42816162109375,7173000,False,0.0026081518843901154,0.010349281855215301,0.10347506229647162,45,48,16
WMT,2018-03-14,88.51000213623047,88.98999786376953,87.5,87.66999816894531,79.85432434082031,11040600,False,-0.007160354777127902,0.007949907330013519,0.079485433649658,46,48,16
WMT,2018-03-15,87.68000030517578,88.79000091552734,85.9000015258789,87.51000213623047,79.7085952758789,16615200,False,-0.0018266036471379697,0.00694923836321869,0.06948046082876011,47,48,16
WMT,2018-03-16,87.72000122070312,90.08999633789062,87.5,89.16999816894531,81.2206039428711,28396000,False,0.01879153276919897,0.010764386545691796,0.10762539700640782,45,48,16
WMT,2018-03-19,88.91000366210938,89.08000183105469,87.0999984741211,87.44999694824219,79.65393829345703,12053400,True,-0.0194774779953547,0.013999297545255716,0.13996895686749483,44,48,16
WMT,2018-03-20,87.86000061035156,88.1500015258789,87.37000274658203,87.94999694824219,80.10936737060547,8258000,False,0.00570131306306111,0.014286805788714647,0.1428435460243908,44,48,16
WMT,2018-03-21,87.88999938964844,89.68000030517578,87.68000030517578,88.18000030517578,80.31886291503906,11836000,False,0.002611705722134482,0.01386025992668824,0.13857881922856555,44,48,16
WMT,2018-03-22,87.52999877929688,88.2699966430664,86.98999786376953,87.13999938964844,79.37157440185547,12248200,False,-0.011864199769353028,0.015074717400005957,0.15072131031790037,43,40,13
WMT,2018-03-23,87.3499984741211,87.69000244140625,85.27999877929688,85.41999816894531,77.80491638183594,10125100,False,-0.01993567738321611,0.01212128041461027,0.12119200767372532,45,48,16
WMT,2018-03-26,86.22000122070312,87.69000244140625,86.11000061035156,87.5,79.69949340820312,9199800,True,0.024058607786267422,0.017001968087920802,0.16999051061438392,43,40,13
WMT,2018-03-27,87.95999908447266,88.04000091552734,85.4800033569336,86.05000305175781,78.37875366210938,6545800,False,-0.01671033812097966,0.01808084084454102,0.18077738715934788,42,40,13
WMT,2018-03-28,86.26000213623047,88.23999786376953,86.19000244140625,87.7699966430664,79.94541931152344,11576300,False,0.0197912518019563,0.02111629905127438,0.21112676129314725,41,40,13
WMT,2018-03-29,87.9000015258789,89.33999633789062,87.7699966430664,88.97000122070312,81.0384292602539,9274600,False,0.013579334251757634,0.020887718327527914,0.20884134623147135,41,40,13
WMT,2018-04-02,88.0,88.23999786376953,84.83999633789062,85.55000305175781,77.92332458496094,19128900,True,-0.039198152406506766,0.027249663391091306,0.27244988168238427,39,40,13
WMT,2018-04-03,86.25,86.94999694824219,85.55000305175781,86.80000305175781,79.06188201904297,9695500,False,0.014505537462500401,0.025442726622385885,0.25438361415548744,39,40,13
WMT,2018-04-04,85.5999984741211,87.5,85.44000244140625,87.22000122070312,79.4444351196289,6536600,False,0.004826985451120247,0.02403029730346932,0.240261744270322,40,40,13
WMT,2018-04-05,87.5999984741211,88.3499984741211,87.05000305175781,87.80999755859375,79.98186492919922,6380900,False,0.006742072608695285,0.022360779687240293,0.22356943249824476,41,40,13
WMT,2018-04-06,86.83000183105469,87.9000015258789,86.12999725341797,86.69000244140625,78.9616928100586,6350000,False,-0.012837086865229294,0.021480577827275575,0.21476892406031656,41,40,13
WMT,2018-04-09,86.8499984741211,87.44999694824219,86.23999786376953,86.27999877929688,78.58824920654297,8368100,True,-0.004740646656223616,0.010630041695761646,0.1062821790024719,45,48,16
WMT,2018-04-10,86.83999633789062,87.0999984741211,85.66000366210938,86.44999694824219,78.74309539794922,9127400,False,0.001968409305764333,0.008009833746461668,0.08008459499842846,46,48,16
WMT,2018-04-11,86.0,86.86000061035156,85.80000305175781,85.91000366210938,78.25123596191406,6279000,False,-0.00626597203953021,0.00758376921744048,0.07582468070683271,46,48,16
WMT,2018-04-12,86.19000244140625,86.83000183105469,85.41000366210938,85.43000030517578,77.81403350830078,6856300,False,-0.005602830133926882,0.005262693945069333,0.05261791025035182,47,48,16
WMT,2018-04-13,85.88999938964844,86.2699966430664,85.19000244140625,86.0199966430664,78.35142517089844,7559200,False,0.006882364235440352,0.005751738998921873,0.057507521734618434,47,48,16
WMT,2018-04-16,86.19999694824219,87.6500015258789,86.12000274658203,86.83999633789062,79.09833526611328,7020700,True,0.009487670174254831,0.007133377824936043,0.07132153951798723,47,48,16
WMT,2018-04-17,87.4800033569336,88.16999816894531,87.41000366210938,87.9000015258789,80.06383514404297,6801900,False,0.01213242717837928,0.008658767205106579,0.08657281621019389,46,48,16
WMT,2018-04-18,88.19999694824219,88.55999755859375,87.51000213623047,87.56999969482422,79.76325988769531,5854000,False,-0.0037612597619063846,0.008013456469331767,0.08012081601162634,46,48,16
WMT,2018-04-19,87.41000366210938,88.04000091552734,86.58000183105469,87.88999938964844,80.0547103881836,6588300,False,0.0036472847587121124,0.006140992164037638,0.06139938554439141,47,48,16
WMT,2018-04-20,87.87000274658203,88.37999725341797,86.66999816894531,86.9800033569336,79.2258529663086,8324900,False,-0.010407608889737525,0.009331992797367924,0.0933039170801269,46,48,16
WMT,2018-04-23,86.88999938964844,87.08000183105469,86.0199966430664,86.0999984741211,78.4242935180664,7360500,True,-0.010168926237590893,0.009640056758267969,0.09638402814400389,46,48,16
WMT,2018-04-24,86.7699966430664,86.91000366210938,85.56999969482422,86.52999877929688,78.81597137451172,8469700,False,0.00498191308460631,0.007325342969570878,0.07324086160987044,47,48,16
WMT,2018-04-25,86.31999969482422,87.69999694824219,85.88999938964844,87.16999816894531,79.39888763427734,6760400,False,0.0073686997669033414,0.00865956811384342,0.08658082392344374,46,48,16
WMT,2018-04-26,87.16999816894531,88.31999969482422,86.9000015258789,87.94000244140625,80.10026550292969,5782500,False,0.008794810201045214,0.00959331196254411,0.09591666038677882,46,48,16
WMT,2018-04-27,87.87000274658203,87.9000015258789,87.08000183105469,87.29000091552734,79.50821685791016,5651100,False,-0.007418795689514496,0.008837137878839392,0.08835621691708115,46,48,16
WMT,2018-04-30,87.94000244140625,89.66000366210938,87.91999816894531,88.45999908447266,80.57389831542969,8685900,True,0.01331438180141159,0.0077867505677894615,0.0778541459553609,46,48,16
WMT,2018-05-01,87.66999816894531,88.01000213623047,86.3499984741211,87.41000366210938,79.61750793457031,6957700,False,-0.011940737232153125,0.011023414664441475,0.1102152337795414,45,48,16
WMT,2018-05-02,87.12999725341797,87.25,86.16000366210938,86.33999633789062,78.64289093017578,6083000,False,-0.012316780854705615,0.012099982553414289,0.12097906560249115,45,48,16
WMT,2018-05-03,86.19000244140625,86.29000091552734,85.12000274658203,86.2300033569336,78.54273223876953,6876100,False,-0.0012744003292744957,0.010619587744275648,0.10617765742344921,45,48,16
WMT,2018-05-04,86.0,88.0999984741211,85.36000061035156,87.52999877929688,79.72679901123047,6971500,False,0.014962941441914205,0.013186767252480008,0.131845047997396,44,48,16
WMT,2018-05-07,87.48999786376953,87.5,85.2699966430664,85.47000122070312,77.85047149658203,10783600,True,-0.023815823113106104,0.014581911261982137,0.14579409444481045,44,48,16
WMT,2018-05-08,85.5199966430664,85.8499984741211,84.91999816894531,85.73999786376953,78.09638977050781,6551400,False,0.0031538753107556716,0.014831848303120083,0.14829303603938226,44,48,16
WMT,2018-05-09,82.55999755859375,83.68000030517578,82.0,83.05999755859375,75.65530395507812,32265200,False,-0.03175628050507619,0.019436548628163425,0.1943321390086704,42,40,13
WMT,2018-05-10,82.63999938964844,83.7699966430664,82.01000213623047,82.69000244140625,75.79278564453125,15857600,False,0.0018155623828769978,0.01974050153028213,0.19737114653807472,42,40,13
WMT,2018-05-11,82.69000244140625,83.5199966430664,81.94999694824219,83.37999725341797,76.42524719238281,9934800,False,0.008309990290403413,0.01802928059075945,0.18026187308342373,42,40,13
WMT,2018-05-14,83.88999938964844,84.79000091552734,83.6500015258789,84.38999938964844,77.35099792480469,9499200,True,0.012040376139765864,0.017517459136039873,0.17514453666794186,42,40,13
WMT,2018-05-15,84.05999755859375,84.87999725341797,83.80000305175781,84.5199966430664,77.47013092041016,9322900,False,0.001538976236737464,0.017429771463000305,0.17426781038322584,43,40,13
WMT,2018-05-16,84.87000274658203,86.12999725341797,84.73999786376953,86.12999725341797,78.94584655761719,13733600,False,0.018869676209037227,0.007301318326133494,0.07300065639456063,47,48,16
WMT,2018-05-17,87.04000091552734,87.58999633789062,83.8499984741211,84.48999786376953,77.4426498413086,29720700,False,-0.01922447042620523,0.014571312844816121,0.14568812845684725,44,48,16
WMT,2018-05-18,84.23999786376953,84.44000244140625,83.48999786376953,83.63999938964844,76.66354370117188,12043100,False,-0.010111375282124713,0.015598762590481447,0.15596086311868643,43,40,13
WMT,2018-05-21,84.13999938964844,84.54000091552734,83.81999969482422,84.51000213623047,77.46099853515625,10715700,True,0.01034827988864352,0.015304707613746634,0.15302081786125737,43,40,13
WMT,2018-05-22,84.5,84.80999755859375,83.29000091552734,83.37000274658203,76.41606903076172,8067300,False,-0.013581563297031531,0.016446090794995514,0.1644326914034159,43,40,13
WMT,2018-05-23,82.94999694824219,83.0199966430664,82.16999816894531,83.01000213623047,76.08612060546875,9399200,False,-0.004327137084556581,0.011289631913159005,0.11287694951796823,45,48,16
WMT,2018-05-24,83.0,83.0,81.77999877929688,82.8499984741211,75.939453125,8576200,False,-0.0019295112312160529,0.009211277734521352,0.09209697356241056,46,48,16
WMT,2018-05-25,82.8499984741211,83.33999633789062,82.31999969482422,82.45999908447266,75.58198547363281,5913500,False,-0.004718385963990855,0.008600592929917989,0.08599117326787147,46,48,16
WMT,2018-05-29,81.95999908447266,82.5199966430664,81.80999755859375,82.4000015258789,75.52699279785156,8428200,True,-0.0007278545436294098,0.005045746353788497,0.050448806554374934,47,48,16
WMT,2018-05-30,82.44999694824219,84.2300033569336,82.26000213623047,84.12000274658203,77.103515625,9314100,False,0.02065876491764402,0.010676880301393955,0.10675048469783188,45,48,16
WMT,2018-05-31,83.94000244140625,84.30999755859375,82.51000213623047,82.54000091552734,75.65530395507812,11468700,False,-0.01896132823635392,0.014198449175560943,0.1419601314862335,44,48,16
WMT,2018-06-01,83.04000091552734,83.41999816894531,82.8499984741211,82.98999786376953,76.06775665283203,5237900,False,0.005436928468432876,0.014474975932281479,0.14472492461667466,44,48,16
WMT,2018-06-04,83.5,85.5199966430664,83.30000305175781,85.41999816894531,78.2950668334961,10922000,True,0.028860119597512335,0.01871206804321692,0.18708857615004112,42,40,13
WMT,2018-06-05,85.44999694824219,85.47000122070312,84.25,84.62000274658203,77.56181335449219,8281400,False,-0.009409387485373318,0.01997477361779216,0.19971346547271737,42,40,13
WMT,2018-06-06,84.94999694824219,85.1500015258789,84.3499984741211,84.55999755859375,77.50680541992188,7362800,False,-0.0007094657489359986,0.018066512100600347,0.18063412430375717,42,40,13
WMT,2018-06-07,84.77999877929688,85.76000213623047,84.69000244140625,84.94999694824219,77.86428833007812,7705700,False,0.004601673739280998,0.014204100139249717,0.14201663142776677,44,48,16
WMT,2018-06-08,84.77999877929688,85.19000244140625,84.13999938964844,84.36000061035156,77.32347869873047,7602400,False,-0.006969773854940974,0.015314074016075959,0.15311446581462065,43,40,13
WMT,2018-06-11,84.41000366210938,84.54000091552734,83.79000091552734,84.30000305175781,77.26852416992188,6252300,True,-0.000710962146859541,0.0055781165229092326,0.05577159485845338,47,48,16
WMT,2018-06-12,84.31999969482422,84.58999633789062,83.47000122070312,84.0999984741211,77.08518981933594,8061700,False,-0.002375510534361796,0.004147467108820712,0.04146755528177295,48,48,16
WMT,2018-06-13,83.88999938964844,84.37000274658203,83.8499984741211,84.08999633789062,77.07600402832031,6358400,False,-0.00011917124922593638,0.004174402457636554,0.04173686255697214,48,48,16
WMT,2018-06-14,84.22000122070312,84.80999755859375,83.66999816894531,83.79000091552734,76.8010482788086,7517400,False,-0.003573710803790126,0.0027250765294564183,0.0272460898826578,48,48,16
WMT,2018-06-15,83.5,83.98999786376953,83.05999755859375,83.69999694824219,76.71855163574219,12503000,False,-0.0010747377019357752,0.0013921059314652014,0.013918670879473566,49,48,16
WMT,2018-06-18,83.05000305175781,83.56999969482422,82.81999969482422,83.0,76.07694244384766,8502300,True,-0.00839832309075551,0.003232962968638455,0.03232408289406768,48,48,16
WMT,2018-06-19,82.5999984741211,83.62000274658203,82.37000274658203,83.61000061035156,76.63606262207031,9352500,False,0.007322528638443684,0.005728499591990841,0.05727516753714242,47,48,16
WMT,2018-06-20,83.70999908447266,83.81999969482422,83.16000366210938,83.61000061035156,76.63606262207031,7966600,False,0.0,0.005734202973084317,0.05733219156279021,47,48,16
WMT,2018-06-21,83.4000015258789,84.55000305175781,82.9000015258789,84.20999908447266,77.1860122680664,8092000,False,0.007150495006797517,0.006546677987009506,0.06545554773922575,47,48,16
WMT,2018-06-22,84.45999908447266,84.8499984741211,84.0999984741211,84.81999969482422,77.74513244628906,10813000,False,0.007217691530455972,0.006928895453112369,0.06927706663001361,47,48,16
WMT,2018-06-25,84.58999633789062,86.5999984741211,84.4800033569336,86.47000122070312,79.25750732421875,15939500,True,0.01926619400682649,0.006937878369564271,0.06936688038254912,47,48,16
WMT,2018-06-26,86.52999877929688,87.05000305175781,85.76000213623047,85.9800033569336,78.8083724975586,10126200,False,-0.005682896725236484,0.009360142988149684,0.09358537069068175,46,48,16
WMT,2018-06-27,85.9000015258789,87.48999786376953,85.55000305175781,86.88999938964844,79.64246368408203,10299700,False,0.01052817278848132,0.00896398103955542,0.08962443089951881,46,48,16
WMT,2018-06-28,86.8499984741211,87.29000091552734,85.69000244140625,85.86000061035156,78.69839477539062,8467000,False,-0.011924655516747401,0.012582820410318695,0.12580661576695992,44,48,16
WMT,2018-06-29,85.9000015258789,86.19999694824219,85.5199966430664,85.6500015258789,78.50589752197266,8255600,False,-0.0024490088255945783,0.012684183559705818,0.12682007335214623,44,48,16
WMT,2018-07-02,85.6500015258789,85.94000244140625,83.4000015258789,84.0,76.9935302734375,8125100,True,-0.019452353734149528,0.011199890347070104,0.11197968782662175,45,48,16
WMT,2018-07-03,84.08999633789062,85.05000305175781,84.08999633789062,84.44000244140625,77.39681243896484,4396200,False,0.005224200887816797,0.012241246791267655,0.12239146561407017,45,48,16
WMT,2018-07-05,84.94000244140625,85.58000183105469,84.2699966430664,84.56999969482422,77.51598358154297,5367500,True,0.0015385580681205235,0.010121321013328981,0.10119584498986631,45,48,16
WMT,2018-07-06,84.19999694824219,84.87000274658203,83.81999969482422,84.51000213623047,77.46099853515625,5613700,False,-0.0007095898751270519,0.009543605403008283,0.09541968007293017,46,48,16
WMT,2018-07-09,85.0,86.47000122070312,84.7699966430664,85.93000030517578,78.76253509521484,6575400,True,0.016662875869345978,0.013077443515469344,0.1307519981939489,44,48,16
WMT,2018-07-10,85.93000030517578,87.33000183105469,85.87999725341797,87.20999908447266,79.93577575683594,6048400,False,0.014786068364530908,0.00782880104071541,0.07827457853865323,46,48,16
WMT,2018-07-11,87.05999755859375,87.1500015258789,86.38999938964844,86.52999877929688,79.31250762939453,5595900,False,-0.00782766754669843,0.010498326210868674,0.10496525013770801,45,48,16
WMT,2018-07-12,86.94000244140625,87.41000366210938,86.22000122070312,86.5199966430664,79.3033218383789,4888600,False,-0.00011582439226551972,0.01065526036199758,0.1065343223971831,45,48,16
WMT,2018-07-13,86.5199966430664,87.98999786376953,86.5,87.69999694824219,80.3849105834961,6388600,False,0.013546461984769028,0.010799338016474879,0.10797485174802453,45,48,16
WMT,2018-07-16,87.62000274658203,87.72000122070312,86.83000183105469,87.63999938964844,80.32991790771484,4447200,True,-0.0006843510140759787,0.0098264138897472,0.09824727972599533,46,48,16
WMT,2018-07-17,87.4000015258789,88.69999694824219,87.4000015258789,88.19000244140625,80.83404541015625,5911500,False,0.006256102621307649,0.00805333319704508,0.08051951487228547,46,48,16
WMT,2018-07-18,88.33000183105469,89.19000244140625,87.94000244140625,88.06999969482422,80.72404479980469,5045500,False,-0.0013617470620870982,0.006378540349657535,0.06377445983933351,47,48,16
WMT,2018-07-19,87.86000061035156,88.4800033569336,87.41000366210938,87.72000122070312,80.40324401855469,4883100,False,-0.0039819599459212,0.0071217403485583685,0.07120518472062061,47,48,16
WMT,2018-07-20,87.4000015258789,88.16999816894531,87.19999694824219,88.05999755859375,80.71487426757812,4815100,False,0.0038683500148164627,0.0041510708998154355,0.04150358700869848,48,48,16
WMT,2018-07-23,87.6500015258789,88.1500015258789,87.37999725341797,87.62999725341797,80.32075500488281,4150000,True,-0.004894818014814881,0.004893106191719452,0.04892266681830439,48,48,16
WMT,2018-07-24,88.12000274658203,88.5,87.61000061035156,87.95999908447266,80.62321472167969,5589500,False,0.003758576023428295,0.00416522926079591,0.04164514632701314,48,48,16
WMT,2018-07-25,87.2699966430664,88.0199966430664,87.11000061035156,87.9000015258789,80.5682373046875,5809100,False,-0.0006821381460724578,0.004142012472682527,0.04141301827890653,48,48,16
WMT,2018-07-26,88.5,89.43000030517578,88.18000030517578,88.2300033569336,80.8707046508789,6548300,False,0.0037471467099841763,0.0038998518475134,0.038991827502031444,48,48,16
WMT,2018-07-27,88.63999938964844,88.87999725341797,88.02999877929688,88.12999725341797,80.77903747558594,4679400,False,-0.0011341457637106427,0.0036658068759112543,0.036651779336804996,48,48,16
WMT,2018-07-30,88.0,88.94000244140625,87.88999938964844,88.87999725341797,81.46647644042969,6010700,True,0.008474108923269346,0.003924567057059105,0.03923893719362067,48,48,16
WMT,2018-07-31,89.0,89.66000366210938,88.80000305175781,89.2300033569336,81.78728485107422,6708100,False,0.003930186000617262,0.003935423807476582,0.03934748607087629,48,48,16
WMT,2018-08-01,88.86000061035156,89.12999725341797,87.87999725341797,88.23999786376953,80.87986755371094,5050000,False,-0.011156852462464941,0.007484634782853257,0.07483350644584096,47,48,16
WMT,2018-08-02,87.94000244140625,88.83999633789062,87.62000274658203,88.76000213623047,81.35649871826172,4306100,False,0.005875779232504196,0.007751927228357418,0.07750597230741971,46,48,16
WMT,2018-08-03,89.19000244140625,90.27999877929688,89.0,89.5999984741211,82.1264419555664,5747200,False,0.009419318331295518,0.00837032637103088,0.08368890274717533,46,48,16
WMT,2018-08-06,89.30999755859375,89.9800033569336,89.12999725341797,89.66999816894531,82.19058227539062,4651600,True,0.000780689930116197,0.007875883227343828,0.07874531962606256,46,48,16
WMT,2018-08-07,89.83000183105469,90.36000061035156,89.6500015258789,89.7699966430664,82.28224182128906,4526700,False,0.0011145860222310248,0.007782910763196535,0.0778157544973817,46,48,16
WMT,2018-08-08,89.97000122070312,90.2300033569336,89.37000274658203,90.05000305175781,82.53888702392578,5041100,False,0.0031142294905514966,0.0036174287432944726,0.03616808101296566,48,48,16
WMT,2018-08-09,89.45999908447266,89.62999725341797,88.76000213623047,89.01000213623047,82.05948638916016,4727900,False,-0.00582511212482237,0.005463536454341979,0.05462599075772479,47,48,16
WMT,2018-08-10,88.69999694824219,90.37000274658205,88.6500015258789,90.18000030517578,83.13813018798828,8244900,False,0.013059015623475318,0.006819820597103007,0.06818650520957459,47,48,16
WMT,2018-08-13,90.1999969482422,90.54000091552734,89.37000274658203,89.63999938964844,82.64029693603516,5879200,True,-0.006006025718664205,0.007834663238402323,0.07833319045775386,46,48,16
WMT,2018-08-14,89.63999938964844,91.12000274658205,89.62999725341797,90.8499984741211,83.7558364868164,5836800,False,0.013408439739637124,0.009578758570313147,0.0957711514337141,46,48,16
WMT,2018-08-15,90.25,90.41000366210938,89.66999816894531,90.22000122070312,83.17501831054688,8616900,False,-0.006958815622451583,0.010688366681779846,0.10686532879451595,45,48,16
WMT,2018-08-16,100.11000061035156,100.20999908447266,97.91000366210938,98.63999938964844,90.93751525878906,42631300,False,0.08922558311068766,0.0396402881842517,0.39633487102764786,34,32,10
WMT,2018-08-17,97.7699966430664,99.66999816894533,97.61000061035156,97.8499984741211,90.209228515625,16463300,False,-0.008040891621789328,0.0417058412982483,0.4169868582995727,33,32,10
WMT,2018-08-20,97.66999816894533,98.29000091552734,95.9499969482422,96.0,88.50366973876953,12679300,True,-0.019087716409261206,0.043814054982576005,0.4380653780820977,32,32,10
WMT,2018-08-21,95.95999908447266,96.36000061035156,95.36000061035156,96.08000183105467,88.57743072509766,10531300,False,0.0008330758099067925,0.04419492287566377,0.4418734035581961,32,32,10
WMT,2018-08-22,96.1999969482422,96.8499984741211,95.2300033569336,95.66999816894533,88.1994400024414,7765700,False,-0.004276479124977244,0.0439349961024784,0.4392745817825264,32,32,10
WMT,2018-08-23,95.5,95.86000061035156,95.05999755859376,95.18000030517578,87.7477035522461,6096400,False,-0.005134922155168768,0.00740522704465751,0.07403956530368468,47,48,16
WMT,2018-08-24,95.08999633789062,95.66000366210938,94.3499984741211,94.9499969482422,87.5356674194336,8594300,False,-0.0024193537020939715,0.007656985358923639,0.07655671650478128,46,48,16
WMT,2018-08-27,95.26000213623048,95.61000061035156,94.29000091552734,94.54000091552734,87.15768432617188,7040300,True,-0.004327396312893336,0.0023957127337273306,0.023953017014602195,49,48,16
WMT,2018-08-28,94.7699966430664,96.3499984741211,94.52999877929688,96.06999969482422,88.5682144165039,9983000,False,0.01605409783567956,0.00904111749624716,0.0903956631234711,46,48,16
WMT,2018-08-29,96.27999877929688,96.83000183105467,95.52999877929688,95.63999938964844,88.17179107666016,7862800,False,-0.00448595668573109,0.009066218355632542,0.09064662865179793,46,48,16
WMT,2018-08-30,95.5,96.5,95.4499969482422,96.0999984741211,88.5958480834961,7058700,False,0.004797912359205097,0.008760012256734496,0.0875850930204084,46,48,16
WMT,2018-08-31,96.19000244140624,96.44000244140624,95.11000061035156,95.86000061035156,88.3746109008789,6324700,False,-0.002500273764782903,0.008770111227358806,0.08768606539985462,46,48,16
WMT,2018-09-04,95.8000030517578,96.2699966430664,95.23999786376952,95.36000061035156,87.91364288330078,8280700,True,-0.005229719601893198,0.00893816055974105,0.08936627040155436,46,48,16
WMT,2018-09-05,95.66999816894533,96.83000183105467,95.36000061035156,96.62000274658205,89.07526397705078,9474600,False,0.013126673238182177,0.007786798969266741,0.07785462988709131,46,48,16
WMT,2018-09-06,96.52999877929688,96.72000122070312,96.01000213623048,96.4499969482422,88.91853332519531,6150800,False,-0.0017610803830025584,0.007379150171602232,0.07377884131320486,47,48,16
WMT,2018-09-07,95.8000030517578,96.4800033569336,95.63999938964844,95.83000183105467,88.34695434570312,6672400,False,-0.006448869070893484,0.007890141088339147,0.07888787377381355,46,48,16
WMT,2018-09-10,96.11000061035156,97.19000244140624,96.08999633789062,96.9000015258789,89.33338928222656,8332600,True,0.01110359256560342,0.009278351228164394,0.09276759342089458,46,48,16
WMT,2018-09-11,97.2699966430664,97.66000366210938,96.48999786376952,96.63999938964844,89.09371948242188,6463500,False,-0.0026864745565666204,0.00883101795835386,0.08829502821216914,46,48,16
WMT,2018-09-12,96.26000213623048,96.73999786376952,95.93000030517578,95.97000122070312,88.47601318359375,5900000,False,-0.006957365776492609,0.007322706737563297,0.07321450381277604,47,48,16
WMT,2018-09-13,95.31999969482422,95.62000274658205,94.91000366210938,95.12000274658205,87.6924057006836,7652900,False,-0.008896176237318388,0.008079007413250771,0.0807762129851075,46,48,16
WMT,2018-09-14,94.52999877929688,94.83999633789062,94.3499984741211,94.58999633789062,87.20376586914062,6319400,False,-0.005587785010619847,0.00798985514306936,0.07988484324178134,46,48,16
WMT,2018-09-17,94.75,95.4800033569336,94.37000274658205,94.81999969482422,87.41581726074219,5329800,True,0.0024287252556269667,0.004407836792401905,0.044070805401499845,48,48,16
WMT,2018-09-18,94.45999908447266,95.58999633789062,94.1500015258789,95.43000030517578,87.97817993164062,6759800,False,0.006412586599176186,0.006596175564722017,0.06595043859339121,47,48,16
WMT,2018-09-19,95.56999969482422,95.88999938964844,94.87999725341795,95.23999786376952,87.80302429199219,5675100,False,-0.001992883122999066,0.00611752764625033,0.06116478062457518,47,48,16
WMT,2018-09-20,95.3499984741211,95.79000091552734,94.9499969482422,95.75,88.273193359375,5552300,False,0.005340530267385477,0.005050273795981143,0.05049407320857197,47,48,16
WMT,2018-09-21,95.91999816894533,96.29000091552734,95.62999725341795,95.9000015258789,88.41149139404297,9530100,False,0.0015654787861796421,0.0033213939848247952,0.033208241334898116,48,48,16
WMT,2018-09-24,95.44000244140624,96.0,94.86000061035156,94.91999816894533,87.50800323486328,5337000,True,-0.01027169961835766,0.006733321279409871,0.06732166043946244,47,48,16
WMT,2018-09-25,95.98999786376952,96.5199966430664,94.98999786376952,95.0999984741211,87.6739501953125,6193200,False,0.001894567412192592,0.00595064915245426,0.05949628199993022,47,48,16
WMT,2018-09-26,95.0999984741211,95.58999633789062,94.5199966430664,94.58999633789062,87.20376586914062,5918600,False,-0.005377305579203957,0.006316731871964732,0.06315648110716768,47,48,16
WMT,2018-09-27,94.19000244140624,94.95999908447266,93.81999969482422,94.12999725341795,86.7796859741211,5363400,False,-0.0048749548349306645,0.005147647312758479,0.051467641312670315,47,48,16
WMT,2018-09-28,94.27999877929688,94.37000274658205,93.69000244140624,93.91000366210938,86.57687377929688,6306300,False,-0.0023398282435035684,0.004452834775341972,0.04452070802789247,48,48,16
WMT,2018-10-01,94.29000091552734,94.66000366210938,94.04000091552734,94.4000015258789,87.02863311767578,4994300,True,0.005204447326119771,0.0045496231046352215,0.045488425261155714,48,48,16
WMT,2018-10-02,93.93000030517578,95.61000061035156,93.8499984741211,95.1500015258789,87.72003936767578,7754600,False,0.007913191534680526,0.006078754555325186,0.06077711623828887,47,48,16
WMT,2018-10-03,95.5,95.54000091552734,94.04000091552734,94.06999969482422,86.72437286376953,6327400,False,-0.011415410827873108,0.0077970956905406615,0.07795757943375299,46,48,16
WMT,2018-10-04,94.06999969482422,94.5,93.1999969482422,94.20999908447266,86.85346221923828,6045300,False,0.0014873947379996748,0.0075425324953225705,0.07541238423546907,46,48,16
WMT,2018-10-05,93.86000061035156,94.19000244140624,92.88999938964844,93.30999755859376,86.02371978759766,6693400,False,-0.00959928653942033,0.008748690814223678,0.08747189801949126,46,48,16
WMT,2018-10-08,93.25,94.93000030517578,93.0199966430664,94.69000244140624,87.29595947265625,5762600,True,0.014681108820614661,0.011190872519587888,0.11188952502367992,45,48,16
WMT,2018-10-09,95.63999938964844,97.73999786376952,95.19000244140624,97.08000183105467,89.49933624267578,11598900,False,0.02492703044153551,0.015659773724439108,0.15657086978150295,43,40,13
WMT,2018-10-10,96.5999984741211,97.8499984741211,95.6999969482422,95.76000213623048,88.28241729736328,9002800,False,-0.01369024579355114,0.016242402368661767,0.16239615660816983,43,40,13
WMT,2018-10-11,95.80999755859376,96.29000091552734,93.5999984741211,93.91999816894533,86.5860824584961,9926500,False,-0.019401871164677658,0.0193066843075869,0.1930337186110297,42,40,13
WMT,2018-10-12,94.76000213623048,95.16999816894533,93.66999816894533,94.80999755859376,87.4065933227539,8553900,False,0.009431626279468312,0.018966004538530732,0.18962750542451082,42,40,13
WMT,2018-10-15,94.5,94.98999786376952,93.81999969482422,93.81999969482422,86.49390411376953,8305500,True,-0.010496779510262733,0.018488582763527692,0.18485410678668776,42,40,13
WMT,2018-10-16,94.6999969482422,96.06999969482422,94.33999633789062,95.80999755859376,88.32849884033203,11241700,False,0.020988866929583117,0.017094184354981203,0.17091251506960264,43,40,13
WMT,2018-10-17,95.18000030517578,96.62000274658205,94.9000015258789,96.55999755859376,89.01995849609375,9539400,False,0.007797791645428566,0.016302341749043155,0.16299544757403048,43,40,13
WMT,2018-10-18,96.4000015258789,97.25,95.73999786376952,96.16999816894533,88.660400390625,11398400,False,-0.004047252026343886,0.012295957047225737,0.1229384743073029,45,48,16
WMT,2018-10-19,96.0,97.6500015258789,96.0,97.1500015258789,89.56388092041016,8950700,False,0.010138778650734167,0.012367345738253583,0.12365223873605381,45,48,16
WMT,2018-10-22,97.33999633789062,97.58000183105467,96.73999786376952,97.13999938964844,89.55464935302734,7122900,True,-0.00010307774831440997,0.009729621991653422,0.09727952681084978,46,48,16
WMT,2018-10-23,96.5,97.98999786376952,96.11000061035156,97.8000030517578,90.16311645507812,9405800,False,0.006771388729999645,0.00594389902137813,0.05942879227036412,47,48,16
WMT,2018-10-24,97.5,99.16999816894533,97.27999877929688,97.55999755859376,89.94185638427734,10364700,False,-0.00245701358072803,0.0061205533043330665,0.06119503201428307,47,48,16
WMT,2018-10-25,98.01000213623048,99.4800033569336,97.0,99.18000030517578,91.43536376953124,10737100,False,0.016468894386502668,0.007680442258736864,0.07679124525792684,46,48,16
WMT,2018-10-26,98.80999755859376,99.66999816894533,98.0199966430664,98.94000244140624,91.21409606933594,14925600,False,-0.0024228684676390923,0.008098272177681208,0.08096882757686893,46,48,16
WMT,2018-10-29,99.51000213623048,101.7300033569336,99.08999633789062,99.8000030517578,92.00694274902344,12706100,True,0.008654591564467651,0.008029996649341712,0.08028618943375045,46,48,16
WMT,2018-10-30,100.20999908447266,102.5999984741211,100.05999755859376,102.41999816894533,94.42234802246094,12708500,False,0.02591374379459391,0.012282666780597492,0.12280559444312167,45,48,16
WMT,2018-10-31,102.48999786376952,102.48999786376952,100.12000274658205,100.27999877929688,92.44945526123048,12354900,False,-0.021115717096623597,0.01815321781852708,0.18150103272208454,42,40,13
WMT,2018-11-01,99.95999908447266,101.16999816894533,99.72000122070312,100.58000183105467,92.72604370117188,7735100,False,0.002987313626065675,0.017086517360387642,0.17083585827792436,43,40,13
WMT,2018-11-02,100.87999725341795,101.56999969482422,100.30999755859376,101.33999633789062,93.42668151855467,7303200,False,0.00752759461355386,0.016904125525632644,0.16901225285991842,43,40,13
WMT,2018-11-05,101.19000244140624,103.16999816894533,100.62999725341795,102.91000366210938,94.87409210205078,7616800,True,0.015373692455543547,0.017542811554078407,0.1753980173512012,42,40,13
WMT,2018-11-06,102.54000091552734,103.44000244140624,102.0500030517578,103.33000183105467,95.26131439208984,6368700,False,0.004073126962782527,0.013681672360072757,0.13679324996497458,44,48,16
WMT,2018-11-07,103.66000366210938,104.47000122070312,103.0500030517578,104.31999969482422,96.17399597167967,8672600,False,0.009535215765106034,0.004935791174509305,0.04934944341160763,48,48,16
WMT,2018-11-08,104.33000183105467,105.26000213623048,104.02999877929688,104.87999725341795,96.69025421142578,5961400,False,0.005353604644704528,0.004435110101044286,0.044343491695126976,48,48,16
WMT,2018-11-09,105.0,105.9000015258789,104.80999755859376,105.55999755859376,97.3171615600586,8450400,False,0.0064627378096920535,0.0045107555290818694,0.04509981619069454,48,48,16
WMT,2018-11-12,105.5,106.20999908447266,103.6500015258789,103.87000274658205,95.75912475585938,8943100,True,-0.01613943020890054,0.010261295984359485,0.10259535454521089,45,48,16
WMT,2018-11-13,103.66999816894533,104.1500015258789,102.54000091552734,102.94000244140624,94.90176391601562,7956700,False,-0.008993628686020374,0.011178718814270553,0.11176800882261033,45,48,16
WMT,2018-11-14,103.0,103.1500015258789,101.01000213623048,101.52999877929688,93.60183715820312,10481900,False,-0.0137922814960168,0.010665857937120037,0.10664027996615542,45,48,16
WMT,2018-11-15,102.31999969482422,102.8000030517578,98.62000274658205,99.54000091552734,91.76725006103516,16082600,False,-0.01979453022236848,0.010235018493211533,0.10233262471800465,45,48,16
WMT,2018-11-16,98.81999969482422,99.41999816894533,96.91999816894533,97.69000244140624,90.06170654296875,14235200,False,-0.018760417177335544,0.0043223625901568875,0.04321621002707901,48,48,16
WMT,2018-11-19,97.94000244140624,98.25,96.43000030517578,96.77999877929688,89.2227783203125,9214400,True,-0.009358694327906677,0.005069242958211484,0.050683732285496934,47,48,16
WMT,2018-11-20,94.9800033569336,95.1999969482422,93.5999984741211,94.16000366210938,86.8073501586914,12620600,False,-0.02744507199307792,0.006805160814777279,0.06803993253809565,47,48,16
WMT,2018-11-21,94.36000061035156,94.91999816894533,93.30999755859376,94.16999816894533,86.81658935546875,9350900,False,0.00010642768286342648,0.010630426046122368,0.10628602184664948,45,48,16
WMT,2018-11-23,94.12999725341795,95.5500030517578,94.12999725341795,95.0999984741211,87.6739501953125,4890000,True,0.00982709712265867,0.01477262799113805,0.14770093452381,44,48,16
WMT,2018-11-26,95.69000244140624,96.06999969482422,94.73999786376952,95.1500015258789,87.72003936767578,10034600,True,0.0005255502031619435,0.014132126095232832,0.1412970144734152,44,48,16
WMT,2018-11-27,94.98999786376952,95.54000091552734,94.41000366210938,95.04000091552734,87.61864471435547,9042300,False,-0.0011565578372337247,0.014014265155287715,0.1401186072878967,44,48,16
WMT,2018-11-28,95.4499969482422,97.62000274658205,95.0500030517578,97.45999908447266,89.84967041015625,10070800,False,0.025144130499493385,0.011103039957361853,0.11101135009568551,45,48,16
WMT,2018-11-29,97.0199966430664,97.83000183105467,96.73999786376952,97.29000091552734,89.69295501708984,6241300,False,-0.0017457184052320543,0.01141249525239933,0.11410537211382579,45,48,16
WMT,2018-11-30,97.4000015258789,98.43000030517578,97.06999969482422,97.6500015258789,90.02483367919922,10664000,False,0.003693335443000156,0.01129707081307486,0.11295132575421137,45,48,16
WMT,2018-12-03,98.0199966430664,99.58999633789062,97.66999816894533,98.75,91.0389404296875,9082100,True,0.011201769758787474,0.01117924503500871,0.11177327012715535,45,48,16
WMT,2018-12-04,98.25,98.95999908447266,95.61000061035156,95.80999755859376,88.32849884033203,10426300,False,-0.030224526085398683,0.020462743321734582,0.20459232530285992,41,40,13
WMT,2018-12-06,94.94000244140624,95.41000366210938,93.0999984741211,94.7699966430664,87.84651184082031,10367200,True,-0.005471697719036369,0.015684047519512148,0.15681356608570002,43,40,13
WMT,2018-12-07,94.5,95.12999725341795,92.4499969482422,93.19000244140624,86.38194274902344,8496500,False,-0.016812449984946406,0.01644904398100746,0.16446221819675616,43,40,13
WMT,2018-12-10,93.55999755859376,94.25,92.33999633789062,93.94000244140624,87.07714080810547,7276900,True,0.008015743737972454,0.017278537627557745,0.17275573150058654,43,40,13
WMT,2018-12-11,94.25,94.48999786376952,93.25,93.8499984741211,86.99370574951172,6452500,False,-0.0009586334143059465,0.014816562766985425,0.1481402069034194,44,48,16
WMT,2018-12-12,94.3000030517578,94.3000030517578,93.05999755859376,93.11000061035156,86.30776977539062,9639200,False,-0.007916142134071023,0.009128431283639264,0.09126865119318785,46,48,16
WMT,2018-12-13,93.25,93.68000030517578,92.43000030517578,92.95999908447266,86.1687240600586,8042300,False,-0.0016123442953015232,0.009202192277749703,0.09200613458260594,46,48,16
WMT,2018-12-14,92.0500030517578,92.55999755859376,91.56999969482422,91.8499984741211,85.13982391357422,11493600,False,-0.012012389701924715,0.007628527021419902,0.07627218195569377,46,48,16
WMT,2018-12-17,91.22000122070312,92.01000213623048,90.16000366210938,90.7699966430664,84.13871765136719,9001800,True,-0.011828054807130632,0.005355090812246274,0.053541720396880474,47,48,16
WMT,2018-12-18,90.8000030517578,91.26000213623048,90.27999877929688,91.08000183105467,84.42607879638672,9606700,False,0.0034095069605279984,0.006737519350272525,0.06736363394546173,47,48,16
WMT,2018-12-19,91.29000091552734,93.0,90.25,90.5500030517578,83.934814453125,12231500,False,-0.005835865182720497,0.006652682416837267,0.06651541016577683,47,48,16
WMT,2018-12-20,90.11000061035156,90.11000061035156,86.13999938964844,87.27999877929688,80.9036865234375,16373800,False,-0.03678108725084111,0.01489734489876846,0.1489478896234024,44,48,16
WMT,2018-12-21,86.87000274658203,89.47000122070312,86.80000305175781,87.12999725341797,80.76465606689453,14921500,False,-0.0017199470049470765,0.015690475566953483,0.15687783553151685,43,40,13
WMT,2018-12-24,86.54000091552734,87.56999969482422,85.77999877929688,85.81999969482422,79.55035400390625,6110300,True,-0.015149240059766464,0.01582774769378394,0.15825032128212888,43,40,13
WMT,2018-12-26,86.41999816894531,90.41999816894533,86.30000305175781,90.41000366210938,83.8050308227539,10028300,True,0.05210283451607649,0.032875393989999446,0.32869753560938963,36,32,10
WMT,2018-12-27,89.75,91.61000061035156,88.44000244140625,91.58999633789062,84.89881134033203,9881500,False,0.012967053145985914,0.03332444444227835,0.33318726969663,36,32,10
WMT,2018-12-28,92.06999969482422,93.47000122070312,91.6500015258789,92.12999725341795,85.39936828613281,9874000,False,0.005878611132794767,0.025322673641413513,0.2531832903205797,39,40,13
WMT,2018-12-31,92.66999816894533,93.38999938964844,92.25,93.1500015258789,86.3448715209961,7005800,True,0.011010707413530671,0.02436918513989507,0.24365004120495418,40,40,13
WMT,2019-01-02,91.63999938964844,93.6500015258789,91.63999938964844,93.33999633789062,86.5209732055664,8152700,True,0.002037438289416239,0.02019719953299571,0.20193734300876484,41,40,13
WMT,2019-01-03,93.20999908447266,94.70999908447266,92.6999969482422,92.86000061035156,86.0760498046875,8277300,False,-0.005155643807158254,0.007274684282866257,0.07273436165789778,47,48,16
WMT,2019-01-04,93.20999908447266,93.66000366210938,92.69000244140624,93.44000244140624,86.61367797851562,8029100,False,0.006226541876087416,0.006027315900213959,0.0602628179404414,47,48,16
WMT,2019-01-07,93.62000274658205,95.16999816894533,93.18000030517578,94.54000091552734,87.63330078125,7789700,True,0.011703324188719515,0.006970404919700132,0.0696920900781283,47,48,16
WMT,2019-01-08,95.05999755859376,95.76000213623048,93.91000366210938,95.1999969482422,88.24507904052734,7200900,False,0.006956861068366596,0.006326405928935316,0.0632532050791007,47,48,16
WMT,2019-01-09,95.70999908447266,96.13999938964844,94.7699966430664,94.88999938964844,87.95771789550781,6272300,False,-0.003261712126939752,0.007195605051908982,0.07194370502450657,47,48,16
WMT,2019-01-10,93.87999725341795,94.9800033569336,93.12000274658205,94.95999908447266,88.02262878417969,9396300,False,0.0007377061454912579,0.005815931860408618,0.05814934021383808,47,48,16
WMT,2019-01-11,94.98999786376952,95.29000091552734,94.5500030517578,94.83999633789062,87.91139221191406,5394600,False,-0.0012645261724634385,0.006203114189332061,0.06202049921462005,47,48,16
WMT,2019-01-14,94.4800033569336,95.4499969482422,94.27999877929688,94.9499969482422,88.01336669921875,7085100,True,0.0011592967284051886,0.0038333477172400178,0.038326900300387684,48,48,16
WMT,2019-01-15,95.47000122070312,96.5999984741211,95.37999725341795,96.25,89.21837615966797,7058200,False,0.013598331874533034,0.006613932001650054,0.06612797249796509,47,48,16
WMT,2019-01-16,95.93000030517578,96.86000061035156,95.83000183105467,96.3499984741211,89.31106567382812,5410000,False,0.0010383667986236032,0.005976004052811419,0.05974978750211691,47,48,16
WMT,2019-01-17,96.31999969482422,97.20999908447266,96.16000366210938,96.73999786376952,89.67257690429688,5614500,False,0.004039606266460411,0.005836893019823363,0.058358915844938894,47,48,16
WMT,2019-01-18,96.9499969482422,98.1999969482422,96.8499984741211,97.7300033569336,90.59026336669922,6120600,False,0.010181736722712649,0.005637261412885088,0.05636294228336534,47,48,16
WMT,2019-01-22,97.1500015258789,98.43000030517578,96.77999877929688,97.48999786376952,90.36778259277344,8063200,True,-0.0024589222860459804,0.00656967683560723,0.06568549676609445,47,48,16
WMT,2019-01-23,98.87000274658205,99.3499984741211,97.52999877929688,98.70999908447266,91.49866485595705,8345800,False,0.012436563807819314,0.006212769612206014,0.06211703687755726,47,48,16
WMT,2019-01-24,98.1999969482422,98.45999908447266,96.43000030517578,98.36000061035156,91.17423248291016,7609700,False,-0.0035520618426767626,0.007212119311162078,0.07210881928353442,47,48,16
WMT,2019-01-25,98.75,98.91000366210938,96.75,96.94000244140624,89.85797882080078,7218200,False,-0.014541907740156882,0.011040982998752101,0.1103908869806687,45,48,16
WMT,2019-01-28,96.52999877929688,97.06999969482422,96.08000183105467,97.05999755859376,89.96919250488281,5875800,True,0.0012368953750545916,0.009706482802292455,0.09704817461713122,46,48,16
WMT,2019-01-29,96.7699966430664,97.16000366210938,96.51000213623048,96.70999908447266,89.64479064941406,5253400,False,-0.0036122155135959095,0.009752248681309882,0.09750575488681867,46,48,16
WMT,2019-01-30,96.68000030517578,96.8000030517578,94.26000213623048,94.8000030517578,87.87431335449219,11849300,False,-0.019947554504301378,0.008801461617431765,0.08799951551274177,46,48,16
WMT,2019-01-31,94.62999725341795,96.87000274658205,94.62999725341795,95.83000183105467,88.82906341552734,14723000,False,0.010806350954435173,0.01229754928591261,0.12295439396236882,45,48,16
WMT,2019-02-01,95.91999816894533,96.0,93.11000061035156,93.86000061035156,87.00298309326172,12591900,False,-0.02077148067055512,0.013713237463199288,0.1371088468400144,44,48,16
WMT,2019-02-04,93.86000061035156,94.7699966430664,93.3499984741211,94.7699966430664,87.84651184082031,7268600,True,0.009648701496835832,0.015315576498610994,0.15312948806216278,43,40,13
WMT,2019-02-05,95.25,95.94000244140624,95.0199966430664,95.5999984741211,88.61585235595703,6099900,False,0.008719654110920917,0.016497060834171785,0.16494230434591783,43,40,13
WMT,2019-02-06,95.43000030517578,96.01000213623048,95.22000122070312,95.63999938964844,88.65294647216797,4264900,False,0.0004185070017688367,0.013247377027631093,0.13245104176075775,44,48,16
WMT,2019-02-07,95.11000061035156,96.81999969482422,95.0,96.7300033569336,89.66332244873047,7010100,False,0.01133252502282951,0.013338935641822144,0.1333664708156176,44,48,16
WMT,2019-02-08,96.33999633789062,96.69000244140624,95.13999938964844,95.58000183105467,88.5973129272461,6169200,False,-0.01196026511119144,0.009680241154989345,0.09678580316687614,46,48,16
WMT,2019-02-11,95.6500015258789,96.3499984741211,95.63999938964844,96.1999969482422,89.17202758789062,5542800,True,0.006465869325475859,0.00928212250045063,0.0928052996733877,46,48,16
WMT,2019-02-12,96.81999969482422,97.16999816894533,96.5,96.97000122070312,89.88578796386719,5881300,False,0.007972443473805178,0.009172284233176668,0.09170710545008685,46,48,16
WMT,2019-02-13,97.3000030517578,98.0,97.08999633789062,97.94000244140624,90.78491973876952,5458500,False,0.009953347826445202,0.009525829820718633,0.09524195474758784,46,48,16
WMT,2019-02-14,97.68000030517578,99.1999969482422,97.0199966430664,98.5199966430664,91.32252502441406,7200800,False,0.005904281926645399,0.00887560599600467,0.08874083208901205,46,48,16
WMT,2019-02-15,98.9800033569336,100.0,98.86000061035156,99.98999786376952,92.68515014648438,9481000,False,0.014810795576466515,0.0035962862714138126,0.03595669256828336,48,48,16
WMT,2019-02-19,102.37999725341795,104.18000030517578,102.06999969482422,102.1999969482422,94.7336883544922,20697300,True,0.021861407427187417,0.006377014337767354,0.06375920233860925,47,48,16
WMT,2019-02-20,101.80999755859376,102.33999633789062,98.6500015258789,99.87999725341795,92.58317565917967,17631800,False,-0.022962237773218767,0.01720193526366119,0.17198983928824346,43,40,13
WMT,2019-02-21,99.66000366210938,99.91999816894533,98.91000366210938,99.38999938964844,92.12897491455078,6413200,False,-0.004917940250974227,0.017609624910151996,0.17606603628030856,42,40,13
WMT,2019-02-22,99.81999969482422,100.16000366210938,99.13999938964844,99.5500030517578,92.27729034423828,8086900,False,0.0016085729132897274,0.017533427500658536,0.17530419291721644,42,40,13
WMT,2019-02-25,100.12000274658205,100.12999725341795,99.0500030517578,99.12000274658205,91.8787078857422,9235000,True,-0.00432875480263803,0.016088997804481683,0.16086237416247307,43,40,13
WMT,2019-02-26,99.0199966430664,99.05999755859376,97.87000274658205,98.69000244140624,91.48013305664062,8488100,False,-0.004347491016312652,0.009319419859071042,0.09317820926853958,46,48,16
WMT,2019-02-27,98.12000274658205,98.38999938964844,97.58999633789062,98.11000061035156,90.9425048828125,7902300,False,-0.005894331278993576,0.0029671997754660315,0.02966690693206914,48,48,16
WMT,2019-02-28,98.11000061035156,99.47000122070312,97.7699966430664,98.98999786376952,91.7582015991211,11375900,False,0.008929381302296282,0.006153269157564116,0.06152213441602693,47,48,16
WMT,2019-03-01,99.47000122070312,99.55999755859376,97.12000274658205,97.93000030517578,90.7756576538086,10352500,False,-0.010765711513437031,0.007317428012071299,0.07316172561456172,47,48,16
WMT,2019-03-04,98.12000274658205,98.58999633789062,97.37000274658205,97.8499984741211,90.70149230957033,7683800,True,-0.0008173519187640888,0.0073601540656222375,0.07358891284501075,47,48,16
WMT,2019-03-05,98.12999725341795,99.19000244140624,98.08999633789062,98.33999633789062,91.15567779541016,6119300,False,0.004994979630418992,0.007960380203232887,0.07959014441355038,46,48,16
WMT,2019-03-06,98.2699966430664,99.0,97.86000061035156,98.26000213623048,91.08152770996094,4696600,False,-0.0008137755332192504,0.00744056191503911,0.07439285338348814,47,48,16
WMT,2019-03-07,97.70999908447266,98.1999969482422,97.23999786376952,97.4499969482422,90.3307113647461,6126600,False,-0.008277508022852683,0.006354708639983419,0.06353618363064008,47,48,16
WMT,2019-03-08,97.5500030517578,98.41999816894533,97.0,97.58999633789062,90.46048736572266,5659000,False,0.001435645365236039,0.004858987075264302,0.048581534191897265,48,48,16
WMT,2019-03-11,98.04000091552734,98.58000183105467,97.81999969482422,98.4800033569336,91.28546142578124,5345300,True,0.009078383661703777,0.006526290669742001,0.06525170954505677,47,48,16
WMT,2019-03-12,98.52999877929688,98.73999786376952,98.0500030517578,98.37000274658205,91.18351745605467,5070500,False,-0.0011173842365765358,0.006222688238337008,0.06221620612148725,47,48,16
WMT,2019-03-13,98.6999969482422,99.3499984741211,98.38999938964844,99.02999877929688,91.79527282714844,5482300,False,0.00668665094473618,0.0068331736883269515,0.06832001321192471,47,48,16
WMT,2019-03-14,98.41000366210938,98.43000030517578,97.58999633789062,98.22000122070312,91.53433990478516,4925800,False,-0.0028466006628475363,0.005086725173411805,0.05085852444327569,47,48,16
WMT,2019-03-15,98.27999877929688,98.51000213623048,97.5999984741211,98.41999816894533,91.72073364257812,14600000,False,0.0020342552974129636,0.005058040513223854,0.050571727055647706,47,48,16
WMT,2019-03-18,98.3000030517578,99.7699966430664,98.26000213623048,99.66000366210938,92.87632751464844,5770100,True,0.01252033982111457,0.00623015523300108,0.062290863257010415,47,48,16
WMT,2019-03-19,99.98999786376952,100.48999786376952,99.56999969482422,99.8499984741211,93.05339050292967,5414400,False,0.0019046233565576786,0.005807905555329124,0.05806909093376918,47,48,16
WMT,2019-03-20,99.1999969482422,99.5500030517578,98.54000091552734,98.63999938964844,91.9257354736328,6323100,False,-0.01219239189882642,0.008956545667846287,0.08955008993928953,46,48,16
WMT,2019-03-21,98.25,99.12999725341795,98.0999984741211,99.05999755859376,92.31715393066406,6551000,False,0.004248946020883319,0.008898440592307426,0.08896913887473862,46,48,16
WMT,2019-03-22,98.58000183105467,99.52999877929688,97.94000244140624,98.27999877929688,91.59025573730467,6708100,False,-0.007905086369426986,0.00986381699189458,0.09862124657499277,46,48,16
WMT,2019-03-25,97.8000030517578,98.62000274658205,97.62999725341795,98.16999816894533,91.4877471923828,5407400,True,-0.0011198347588884888,0.006868345843065849,0.06867167441447226,47,48,16
WMT,2019-03-26,98.36000061035156,98.8499984741211,98.02999877929688,98.31999969482422,91.6275405883789,4945900,False,0.0015268350867675804,0.006802489005436323,0.06801321902870752,47,48,16
WMT,2019-03-27,98.13999938964844,98.86000061035156,95.0,97.20999908447266,90.59309387207033,8471200,False,-0.01135390436972428,0.006526686590629326,0.06525566807464883,47,48,16
WMT,2019-03-28,97.58999633789062,97.87000274658205,96.52999877929688,97.12999725341795,90.51852416992188,8054300,False,-0.0008234668451248629,0.005436914662970958,0.054359818519003525,47,48,16
WMT,2019-03-29,97.58999633789062,97.66999816894533,97.04000091552734,97.52999877929688,90.89132690429688,7439900,False,0.004110066316347549,0.005880711888307194,0.05879702934977502,47,48,16
WMT,2019-04-01,97.97000122070312,98.36000061035156,97.55999755859376,97.81999969482422,91.16156768798828,8505800,True,0.002968818296306559,0.006226468817792894,0.06225400542970857,47,48,16
WMT,2019-04-02,97.76000213623048,98.30999755859376,96.9000015258789,96.94000244140624,90.34147644042967,6274000,False,-0.009036728087705859,0.007017787488737981,0.07016583447426603,47,48,16
WMT,2019-04-03,97.12000274658205,97.4000015258789,96.79000091552734,97.19000244140624,90.57445526123048,5687500,False,0.002575549288526559,0.00535425218855593,0.053533335598803106,47,48,16
WMT,2019-04-04,97.25,98.27999877929688,97.23999786376952,98.11000061035156,91.43183135986328,4026300,False,0.009421459626966661,0.006756651700814632,0.06755492462552228,47,48,16
WMT,2019-04-05,98.25,99.1999969482422,98.16000366210938,98.83000183105467,92.1028060913086,4656000,False,0.00731172851108726,0.007146173150273369,0.0714494708184297,47,48,16
WMT,2019-04-08,98.4499969482422,99.25,98.26000213623048,99.2300033569336,92.47559356689452,5422400,True,0.0040393456997411745,0.007174164081357105,0.07172933210524607,47,48,16
WMT,2019-04-09,98.8000030517578,99.2300033569336,98.1500015258789,98.69000244140624,91.97234344482422,4367500,False,-0.005456839246891782,0.005721293913920164,0.05720312311921251,47,48,16
WMT,2019-04-10,98.51000213623048,99.72000122070312,98.5,99.5999984741211,92.8204116821289,4091100,False,0.00917865195195008,0.006175996533224731,0.06174936917929047,47,48,16
WMT,2019-04-11,99.6999969482422,100.83000183105467,99.47000122070312,100.8000030517578,93.93873596191406,5606900,False,0.011976255628675419,0.006724989035818253,0.06723835229917079,47,48,16
WMT,2019-04-12,101.0,102.0199966430664,101.0,101.55999755859376,94.64700317382812,5162000,False,0.007511390259424982,0.006739682398631588,0.06738526071791179,47,48,16
WMT,2019-04-15,101.3000030517578,102.91000366210938,101.26000213623048,102.43000030517578,95.457763671875,5111900,True,0.0085296694773567,0.006803624769045299,0.06802457471616845,47,48,16
WMT,2019-04-16,102.88999938964844,103.38999938964844,102.54000091552734,102.93000030517578,95.92375183105467,4828400,False,0.004869739680336163,0.0025818704010371033,0.025814274297119584,48,48,16
WMT,2019-04-17,103.0,103.4000015258789,102.41000366210938,103.16000366210938,96.1380844116211,3729200,False,0.0022319131560242043,0.0036957529437162133,0.03695118863640688,48,48,16
WMT,2019-04-18,103.11000061035156,103.8000030517578,102.88999938964844,103.18000030517578,96.1567153930664,3727800,False,0.0001937751985235795,0.003499687930257667,0.03499087489042865,48,48,16
WMT,2019-04-22,102.77999877929688,103.54000091552734,102.16999816894533,102.37000274658205,95.40187072753906,5079400,True,-0.007881124912168684,0.0061436837658254174,0.06142629694428989,47,48,16
WMT,2019-04-23,102.52999877929688,103.29000091552734,101.94000244140624,103.06999969482422,96.05420684814452,5050800,False,0.006814499213220793,0.00569041482270866,0.05689438518633279,47,48,16
WMT,2019-04-24,103.13999938964844,103.8499984741211,103.08999633789062,103.52999877929688,96.48289489746094,4697800,False,0.004453050906287481,0.005626767369781125,0.05625801985694816,47,48,16
WMT,2019-04-25,103.23999786376952,104.1500015258789,102.83000183105467,103.5199966430664,96.47357940673828,3961100,False,-9.655535802555386e-05,0.005612461736685922,0.05611498807016088,47,48,16
WMT,2019-04-26,100.4499969482422,102.33999633789062,99.66000366210938,101.52999877929688,94.61902618408205,8107700,False,-0.019410604038086313,0.01064406465695458,0.10642238455521646,45,48,16
WMT,2019-04-29,101.87999725341795,102.0,100.77999877929688,101.55999755859376,94.64700317382812,6379700,True,0.00029563667653145315,0.010374415584406358,0.1037263564664605,45,48,16
WMT,2019-04-30,101.7699966430664,102.91999816894533,101.4499969482422,102.83999633789062,95.83985900878906,6133600,False,0.012524448290505929,0.011753314088380887,0.1175129757310015,45,48,16
WMT,2019-05-01,102.7699966430664,102.80999755859376,101.27999877929688,101.36000061035156,94.46061706542967,5337200,False,-0.014495666251114828,0.012787813706860681,0.12785619702552348,44,48,16
WMT,2019-05-02,101.43000030517578,102.05999755859376,100.23999786376952,101.1500015258789,94.26490783691406,5007000,False,-0.0020740098486492944,0.012657682291749007,0.12655510614078513,44,48,16
WMT,2019-05-03,102.31999969482422,102.75,101.8000030517578,102.08000183105467,95.131591796875,5316900,False,0.009152122781360184,0.010598336481546036,0.10596518125692977,45,48,16
WMT,2019-05-06,100.75,102.5500030517578,100.54000091552734,102.45999908447266,95.4857177734375,4613700,True,0.003715574254695136,0.010645272573932312,0.10643446165257148,45,48,16
WMT,2019-05-07,101.8000030517578,102.16999816894533,100.76000213623048,101.3000030517578,94.4046859741211,4575600,False,-0.011385972716229991,0.009951178539188756,0.09949471216178861,46,48,16
WMT,2019-05-08,100.25,101.04000091552734,99.86000061035156,100.3000030517578,93.47277069091795,5882000,False,-0.009920540151730018,0.008772427701874067,0.08770922617063351,46,48,16
WMT,2019-05-09,99.2699966430664,99.94000244140624,98.8499984741211,99.54000091552734,93.25726318359376,6240100,False,-0.002308226465087143,0.008772862429554298,0.08771357270157384,46,48,16
WMT,2019-05-10,99.76000213623048,102.11000061035156,99.6999969482422,101.91000366210938,95.47767639160156,8742700,False,0.023530520240944708,0.014126561221677823,0.14124137528551478,44,48,16
WMT,2019-05-13,100.4499969482422,101.1500015258789,99.01000213623048,99.88999938964844,93.5851821899414,7361500,True,-0.02002040408526583,0.016636166843183895,0.16633312577195603,43,40,13
WMT,2019-05-14,100.13999938964844,100.87000274658205,99.88999938964844,100.29000091552734,93.95995330810548,6353700,False,0.003996601842163057,0.016353594914542902,0.16350789129400756,43,40,13
WMT,2019-05-15,100.1999969482422,100.36000061035156,99.12999725341795,99.87999725341795,93.5758285522461,6740300,False,-0.004096554686679209,0.015750727011666518,0.1574802466052854,43,40,13
WMT,2019-05-16,102.83000183105467,103.95999908447266,100.83999633789062,101.30999755859376,94.91554260253906,17122000,False,0.014215362776633655,0.01678690899205068,0.16784028863242392,43,40,13
WMT,2019-05-17,100.23999786376952,101.9499969482422,99.91000366210938,100.86000061035156,94.49395751953124,12371300,False,-0.004451580083715422,0.0125898028623503,0.12587642830748788,44,48,16
WMT,2019-05-20,100.38999938964844,101.9800033569336,100.25,101.5199966430664,95.11228942871094,7194100,True,0.006522296718966517,0.007822881606832083,0.07821539435578856,46,48,16
WMT,2019-05-21,101.51000213623048,101.6500015258789,100.4000015258789,101.12000274658205,94.73754119873048,6889100,False,-0.003947843571529246,0.008414505721100512,0.08413062044939146,46,48,16
WMT,2019-05-22,101.5999984741211,102.43000030517578,101.05999755859376,102.2300033569336,95.77748107910156,7340900,False,0.010917251530151988,0.008529973180983506,0.08528509694078078,46,48,16
WMT,2019-05-23,101.81999969482422,101.93000030517578,100.6500015258789,101.86000061035156,95.43083953857422,6454600,False,-0.003625803721996541,0.0071486405718075375,0.07147414080041797,47,48,16
WMT,2019-05-24,102.18000030517578,102.88999938964844,102.08000183105467,102.66999816894533,96.18972778320312,4483200,False,0.00792078035123195,0.006890649678167537,0.06889467449881477,47,48,16
WMT,2019-05-28,102.55999755859376,103.56999969482422,102.4000015258789,102.41999816894533,95.95549011230467,10271700,True,-0.002438132881986705,0.007089093946971193,0.07087877671615735,47,48,16
WMT,2019-05-29,102.11000061035156,102.87999725341795,101.47000122070312,102.12000274658205,95.67443084716795,6520200,False,-0.0029333568084000607,0.006896605004784648,0.06895421754743614,47,48,16
WMT,2019-05-30,102.48999786376952,103.48999786376952,101.91000366210938,102.19000244140624,95.7400131225586,5019600,False,0.0006852385493667435,0.0047663723322710055,0.04765554566101444,48,48,16
WMT,2019-05-31,101.3499984741211,102.0199966430664,100.5999984741211,101.44000244140624,95.037353515625,5927500,False,-0.007366311807890326,0.005670220708265982,0.0566924786889341,47,48,16
WMT,2019-06-03,101.62999725341795,102.68000030517578,101.4000015258789,101.95999908447266,95.52452850341795,6614700,True,0.005113048254905146,0.004631227301038913,0.04630432721692961,48,48,16
WMT,2019-06-04,102.61000061035156,102.6500015258789,101.44000244140624,102.55999755859376,96.0866470336914,5964900,False,0.0058673001852244215,0.005557247767692048,0.055562943110790346,47,48,16
WMT,2019-06-05,102.75,104.77999877929688,102.5999984741211,104.41999816894533,97.82926177978516,6902900,False,0.017973374830491717,0.009207722173890409,0.09206142405637403,46,48,16
WMT,2019-06-06,104.48999786376952,105.66000366210938,104.1999969482422,105.11000061035156,98.4757080078125,8063700,False,0.0065861660608801,0.008979152460765128,0.08977611908201906,46,48,16
WMT,2019-06-07,105.2300033569336,106.36000061035156,105.0500030517578,106.05999755859376,99.36573791503906,6809400,False,0.00899746670761624,0.005273221279801728,0.05272316553593488,47,48,16
WMT,2019-06-10,106.4800033569336,107.77999877929688,106.37000274658205,107.5199966430664,100.7335968017578,6325700,True,0.013672011410876152,0.005120534112835111,0.051196555831534894,47,48,16
WMT,2019-06-11,108.0,108.97000122070312,107.75,107.94000244140624,101.1270751953125,6747300,False,0.0038985195879619834,0.005627866019103667,0.0562690044652217,47,48,16
WMT,2019-06-12,107.91999816894533,108.91000366210938,107.91999816894533,108.81999969482422,101.9515380859375,4635100,False,0.008119687317030826,0.003594353453421558,0.03593736770449531,48,48,16
WMT,2019-06-13,109.0,109.58000183105467,108.16999816894533,108.6500015258789,101.7922592163086,5485000,False,-0.0015635214832123152,0.0057447505963661135,0.05743764969905824,47,48,16
WMT,2019-06-14,108.77999877929688,109.58999633789062,108.45999908447266,109.06999969482422,102.18576049804688,4525900,False,0.0038582762048306645,0.005673421027974777,0.05672447639523576,47,48,16
WMT,2019-06-17,109.12000274658205,109.5500030517578,108.26000213623048,109.16000366210938,102.27007293701172,4147000,True,0.0008247497009746246,0.0036506445673028074,0.03650018226468286,48,48,16
WMT,2019-06-18,109.8000030517578,109.95999908447266,108.91000366210938,109.6500015258789,102.72914123535156,4911200,False,0.004478739760716514,0.0036942138748046072,0.03693580058787028,48,48,16
WMT,2019-06-19,109.8000030517578,109.83999633789062,108.87000274658205,109.62000274658205,102.7010498046875,3924600,False,-0.00027348882554151797,0.0026179478863314017,0.026174987251946138,48,48,16
WMT,2019-06-20,109.81999969482422,110.48999786376952,109.27999877929688,110.31999969482422,103.35687255859376,5001500,False,0.006365442889220808,0.0027241550698509464,0.027236876867550684,48,48,16
WMT,2019-06-21,110.33999633789062,112.19000244140624,110.26000213623048,111.12999725341795,104.11573791503906,13178600,False,0.007315363111342072,0.0033477104742874885,0.03347136107834238,48,48,16
WMT,2019-06-24,111.48999786376952,112.22000122070312,111.02999877929688,111.23999786376952,104.21878814697266,6032800,True,0.00098927664353872,0.003312488918483567,0.03311920594990196,48,48,16
WMT,2019-06-25,110.87999725341795,111.43000030517578,110.4000015258789,110.72000122070312,103.73162841796876,6105000,False,-0.004685353636219561,0.004954234717958235,0.04953384720252226,48,48,16
WMT,2019-06-26,110.8499984741211,111.08000183105467,110.0999984741211,110.16000366210938,103.20696258544922,4161700,False,-0.005070750256694343,0.005870427546886101,0.05869420358040151,47,48,16
WMT,2019-06-27,110.05999755859376,110.51000213623048,108.86000061035156,110.0999984741211,103.15074920654295,5481300,False,-0.0005448149217063009,0.005041280836069658,0.050404159038672194,47,48,16
WMT,2019-06-28,110.5500030517578,111.51000213623048,110.23999786376952,110.48999786376952,103.5161361694336,6506700,False,0.0035360028089475148,0.0037004139057400616,0.03699779025983606,48,48,16
WMT,2019-07-01,111.3000030517578,111.97000122070312,110.0199966430664,110.62000274658205,103.63793182373048,5514700,True,0.001175894535994265,0.00372828652963022,0.03727646867769622,48,48,16
WMT,2019-07-02,110.83000183105467,111.61000061035156,110.33999633789062,111.5999984741211,104.55606079101562,4062900,False,0.008819994349437681,0.005127231965494462,0.05126352286662725,47,48,16
WMT,2019-07-03,111.18000030517578,112.4000015258789,111.0,112.31999969482422,105.23064422607422,3207300,False,0.006431158352526753,0.003805305313883174,0.03804652437915118,48,48,16
WMT,2019-07-05,112.0,112.23999786376952,111.20999908447266,111.9800033569336,104.91209411621094,3579400,True,-0.0030317521925603166,0.004606948389515679,0.046061579757008884,48,48,16
WMT,2019-07-08,111.91999816894533,112.93000030517578,111.6999969482422,112.72000122070312,105.60537719726562,4715700,True,0.006586489786832006,0.004828401653031963,0.04827573244496153,48,48,16
WMT,2019-07-09,112.88999938964844,113.37999725341795,112.5999984741211,112.87999725341795,105.75528717041016,5423400,False,0.0014185231554840836,0.00479406652013603,0.04793244002476583,48,48,16
WMT,2019-07-10,113.12000274658205,113.61000061035156,112.38999938964844,112.9800033569336,105.84896850585938,4579000,False,0.0008854391067926112,0.004078028145411448,0.04077328478406154,48,48,16
WMT,2019-07-11,113.33999633789062,113.94000244140624,113.0199966430664,113.91999816894533,106.72964477539062,3896600,False,0.008285699999084717,0.004582837397378865,0.04582051120285319,48,48,16
WMT,2019-07-12,114.08999633789062,114.7699966430664,113.62000274658205,114.5999984741211,107.3667221069336,3743300,False,0.005951331367001425,0.003289115753405549,0.03288551440044485,48,48,16
WMT,2019-07-15,114.66999816894533,115.08000183105467,114.4499969482422,114.9800033569336,107.72273254394533,3346000,True,0.003310350688265125,0.003122924403224336,0.031223886033016644,48,48,16
WMT,2019-07-16,115.33000183105467,115.48999786376952,114.04000091552734,114.76000213623048,107.51660919189452,3488200,False,-0.0019152949772064283,0.004028529949253683,0.040278387746504614,48,48,16
WMT,2019-07-17,114.80999755859376,115.16999816894533,114.1999969482422,114.5999984741211,107.3667221069336,2688500,False,-0.0013950557110585652,0.00447508419074105,0.04474316400857673,48,48,16
WMT,2019-07-18,114.3499984741211,114.77999877929688,113.73999786376952,114.72000122070312,107.47913360595705,3223600,False,0.0010464387028394117,0.0032898548134591777,0.03289290373297631,48,48,16
WMT,2019-07-19,115.0,115.30999755859376,113.86000061035156,113.9000015258789,106.71090698242188,3796300,False,-0.007173348635981051,0.0039248285476038616,0.039241551650429085,48,48,16
WMT,2019-07-22,114.0999984741211,114.33999633789062,112.31999969482422,112.81999969482422,105.6990737915039,4516900,True,-0.009527243877690274,0.004387607252949679,0.04386854471478435,48,48,16
WMT,2019-07-23,113.12000274658205,113.1999969482422,111.56999969482422,112.08999633789062,105.01512908935548,5754200,False,-0.006491703878601336,0.004375323401065466,0.04374572727133835,48,48,16
WMT,2019-07-24,112.02999877929688,112.79000091552734,111.56999969482422,112.0,104.93083953857422,4177300,False,-0.000802964266100875,0.004493818686480689,0.04493047682321181,48,48,16
WMT,2019-07-25,112.18000030517578,112.38999938964844,111.66000366210938,112.22000122070312,105.1369400024414,3851500,False,0.0019622288620109217,0.004789877908084307,0.047890561090647384,48,48,16
WMT,2019-07-26,112.12000274658205,113.33999633789062,111.81999969482422,113.0199966430664,105.8864517211914,4729000,False,0.007103618839689749,0.006630154273134296,0.0662901673802676,47,48,16
WMT,2019-07-29,112.83999633789062,112.9800033569336,111.76000213623048,112.2699966430664,105.18377685546876,3746600,True,-0.0066582337677735986,0.005844957885244092,0.05843955066226219,47,48,16
WMT,2019-07-30,112.05999755859376,112.4000015258789,111.66999816894533,112.05999755859376,104.98705291748048,3035200,False,-0.0018720390042032077,0.005068994029077374,0.050681243421243374,47,48,16
WMT,2019-07-31,111.91000366210938,112.33999633789062,109.62999725341795,110.37999725341795,103.41307067871094,6211300,False,-0.01510567403654676,0.008483398201310156,0.08481942705270751,46,48,16
WMT,2019-08-01,110.31999969482422,112.16999816894533,109.31999969482422,109.37999725341795,102.47618103027344,7455000,False,-0.009100971588869527,0.008335074538898984,0.08333644490740023,46,48,16
WMT,2019-08-02,109.73999786376952,110.13999938964844,108.1500015258789,109.4000015258789,102.49494171142578,5656700,False,0.00018305682238341312,0.006060701444772027,0.06059661610646651,47,48,16
WMT,2019-08-05,108.0,108.0,105.58999633789062,105.81999969482422,99.1408920288086,7570000,True,-0.033271457983951445,0.013429335612445631,0.13427031542268572,44,48,16
WMT,2019-08-06,106.19000244140624,107.83999633789062,105.58999633789062,107.2699966430664,100.4993667602539,7016400,False,0.01360943636630363,0.017475430930172106,0.17472432671702778,43,40,13
WMT,2019-08-07,107.0199966430664,108.63999938964844,105.91999816894533,108.1999969482422,101.37066650390624,7278500,False,0.008632337748491443,0.018506781088200152,0.18503605881055937,42,40,13
WMT,2019-08-08,108.01000213623048,108.83999633789062,107.7699966430664,108.5199966430664,102.1709442138672,4374400,False,0.007863569821891798,0.01888659209368489,0.1888335172239288,42,40,13
WMT,2019-08-09,108.05999755859376,108.45999908447266,106.70999908447266,107.27999877929688,101.00347900390624,4193500,False,-0.011492372325412973,0.019478578214621105,0.19475236276311497,42,40,13
WMT,2019-08-12,106.72000122070312,106.83999633789062,104.83999633789062,105.22000122070312,99.06401824951172,5868400,True,-0.01938867169906263,0.014400040046393874,0.14397569432524593,44,48,16
WMT,2019-08-13,105.25,108.11000061035156,104.8499984741211,107.41000366210938,101.12590026855467,6675300,False,0.020599987738898214,0.016286365592206774,0.16283571341594785,43,40,13
WMT,2019-08-14,105.4800033569336,108.05999755859376,105.13999938964844,106.1999969482422,99.98665618896484,9312800,False,-0.011329538897006382,0.016467792410275926,0.16464967032277378,43,40,13
WMT,2019-08-15,112.52999877929688,113.63999938964844,110.16000366210938,112.69000244140624,106.09697723388672,19812900,False,0.05931681645572159,0.032767537473403066,0.3276191554927763,36,32,10
WMT,2019-08-16,114.08000183105467,114.93000030517578,112.05999755859376,112.98999786376952,106.37943267822266,10965200,False,0.002658700896116094,0.03129039846003496,0.3128502996854732,37,40,13
WMT,2019-08-19,114.3499984741211,114.77999877929688,113.5999984741211,113.80999755859376,107.15145111083984,7178100,True,0.0072310083002809725,0.026920399919254268,0.26915781188112353,39,40,13
WMT,2019-08-20,113.86000061035156,114.04000091552734,112.01000213623048,112.0500030517578,105.49441528320312,6112300,False,-0.015585248815460273,0.029964066390440334,0.29958925457653635,38,40,13
WMT,2019-08-21,113.9800033569336,114.06999969482422,111.87999725341795,112.0199966430664,105.4661636352539,8156400,False,-0.0002678381739654571,0.028510939656717776,0.2850604803678372,38,40,13
WMT,2019-08-22,112.1999969482422,112.79000091552734,111.3499984741211,111.91000366210938,105.36260986328124,5995400,False,-0.0009823495966116969,0.008568025944707399,0.08566555929091944,46,48,16
WMT,2019-08-23,111.62000274658205,111.91000366210938,110.12999725341795,110.83000183105467,104.34580993652344,6236700,False,-0.009697349261588955,0.008884692863286641,0.0888316851714999,46,48,16
WMT,2019-08-26,111.55999755859376,112.2699966430664,111.22000122070312,111.98999786376952,105.43792724609376,5935700,True,0.010411933645957909,0.009929845145628884,0.09928141482787838,46,48,16
WMT,2019-08-27,112.41999816894533,112.80999755859376,111.51000213623048,112.41999816894533,105.8427734375,5733700,False,0.003832311096858566,0.0073484121578013895,0.07347151391238535,47,48,16
WMT,2019-08-28,112.27999877929688,113.08000183105467,111.68000030517578,112.72000122070312,106.12521362304688,5371000,False,0.002664934046108675,0.00737290908412008,0.0737164411462128,47,48,16
WMT,2019-08-29,114.1999969482422,114.58999633789062,113.30999755859376,114.08000183105467,107.40565490722656,5270500,False,0.011993175888627852,0.008577663552104693,0.08576191882965607,46,48,16
WMT,2019-08-30,115.0,115.37999725341795,113.9000015258789,114.26000213623048,107.57511901855467,5705300,False,0.0015765516453772927,0.004762506717023422,0.047616896140772,48,48,16
WMT,2019-09-03,113.68000030517578,115.30999755859376,113.48999786376952,114.63999938964844,107.93289184570312,5942700,True,0.003320277092203917,0.004175578235860909,0.04174861832193381,48,48,16
WMT,2019-09-04,115.69000244140624,115.95999908447266,114.81999969482422,115.91000366210938,109.12858581542967,5782900,False,0.011017211132302095,0.004972312561166617,0.049714594618463066,48,48,16
WMT,2019-09-05,117.66999816894533,117.95999908447266,115.2699966430664,115.44000244140624,108.68610382080078,5826400,False,-0.004062927106086916,0.006736510975464334,0.06735355192744777,47,48,16
WMT,2019-09-06,115.44000244140624,115.75,114.62000274658205,114.7300033569336,108.0176239013672,4346400,False,-0.0061695481368916495,0.006763936755953422,0.06762776267794614,47,48,16
WMT,2019-09-09,114.5,116.61000061035156,114.4000015258789,116.33000183105467,109.52399444580078,5973700,True,0.013849254527540518,0.008864318763964816,0.08862797913410969,46,48,16
WMT,2019-09-10,115.98999786376952,116.95999908447266,115.4800033569336,116.0500030517578,109.26038360595705,4857400,False,-0.0024097787031921256,0.009269199749430355,0.09267609433473989,46,48,16
WMT,2019-09-11,116.0,116.6999969482422,115.22000122070312,116.0199966430664,109.23214721679688,5284100,False,-0.00025846548814306795,0.007938300288690851,0.07936938315062404,46,48,16
WMT,2019-09-12,116.6500015258789,117.06999969482422,115.9000015258789,116.91999816894533,110.07949829101562,4474300,False,0.007727408079315326,0.00810857702402336,0.08107185836027275,46,48,16
WMT,2019-09-13,117.16000366210938,118.19000244140624,116.9499969482422,117.43000030517578,110.55965423583984,5638600,False,0.004352416126623372,0.006483031039176304,0.06481918745991787,47,48,16
WMT,2019-09-16,116.54000091552734,117.16999816894533,115.37999725341795,115.56999969482422,108.8084716796875,6090300,True,-0.015966036531623467,0.00909467346930232,0.09093113096807698,46,48,16
WMT,2019-09-17,115.31999969482422,116.69000244140624,115.25,116.51000213623048,109.6934814453125,4604500,False,0.008100747774989106,0.009951501209713779,0.09949793831343325,46,48,16
WMT,2019-09-18,116.91000366210938,117.2300033569336,116.18000030517578,117.16000366210938,110.30545043945312,3956000,False,0.005563395852307299,0.010136845960509134,0.10135106782552676,45,48,16
WMT,2019-09-19,117.4000015258789,117.80999755859376,116.7699966430664,117.11000061035156,110.25836944580078,3380600,False,-0.00042691493456995113,0.009618814534271687,0.09617164234931001,46,48,16
WMT,2019-09-20,117.3499984741211,117.63999938964844,116.8000030517578,116.9800033569336,110.13597869873048,11332400,False,-0.0011106524344379454,0.009353546447818443,0.093519416605049,46,48,16
WMT,2019-09-23,116.61000061035156,118.41000366210938,116.55999755859376,117.62000274658205,110.7385482788086,5162500,True,0.005456229681347962,0.004059825196618564,0.04059128652691928,48,48,16
WMT,2019-09-24,118.25,119.86000061035156,118.01000213623048,118.4000015258789,111.47289276123048,7273100,False,0.006609445060869571,0.0036754281974307698,0.03674797604470551,48,48,16
WMT,2019-09-25,118.47000122070312,118.72000122070312,117.80999755859376,118.47000122070312,111.538818359375,4613600,False,0.0005912299379581397,0.003552908383683835,0.0355229881143954,48,48,16
WMT,2019-09-26,118.8000030517578,119.5500030517578,118.19000244140624,118.3000030517578,111.37876892089844,3986900,False,-0.001435951895321702,0.0037635299662851012,0.037628842577105276,48,48,16
WMT,2019-09-27,119.20999908447266,119.2300033569336,117.75,118.4499969482422,111.51998138427734,3434700,False,0.00126705494829167,0.003401546627891297,0.03400963024772917,48,48,16
WMT,2019-09-30,118.66999816894533,119.44000244140624,118.55999755859376,118.68000030517578,111.73653411865234,3401400,True,0.0019399460911726364,0.0029734965510749252,0.029729863884784546,48,48,16
WMT,2019-10-01,118.8499984741211,119.11000061035156,117.72000122070312,117.8499984741211,110.95509338378906,3729300,False,-0.0070181708319733156,0.00362972402509236,0.03629101273593811,48,48,16
WMT,2019-10-02,117.4000015258789,117.5500030517578,115.61000061035156,116.12000274658205,109.32630157470705,5944500,False,-0.01478855256192745,0.006983930431703654,0.06982732199245197,47,48,16
WMT,2019-10-03,115.87999725341795,116.8000030517578,114.58000183105467,116.30999755859376,109.50516510009766,5206500,False,0.0016347152257379293,0.007389770434124003,0.07388502571724556,47,48,16
WMT,2019-10-04,116.4000015258789,118.3000030517578,116.19000244140624,118.16000366210938,111.24694061279295,4627000,False,0.015780702550490338,0.0114260714343448,0.11424111064063457,45,48,16
WMT,2019-10-07,118.0999984741211,118.3000030517578,116.87999725341795,117.2300033569336,110.37136840820312,4695000,True,-0.007901664479592408,0.011745975420815204,0.11743960164629151,45,48,16
WMT,2019-10-08,116.80999755859376,118.66999816894533,116.66000366210938,117.58000183105467,110.7008819580078,5125100,False,0.0029810507042994042,0.01162620813174551,0.11624213424024912,45,48,16
WMT,2019-10-09,118.18000030517578,119.3000030517578,118.0199966430664,118.93000030517578,111.97188568115234,3903400,False,0.011416012296931883,0.009206054275090001,0.09204474792998277,46,48,16
WMT,2019-10-10,118.9000015258789,119.87999725341795,118.5999984741211,119.61000061035156,112.61211395263672,4341500,False,0.005701474787540997,0.009036547171855345,0.09034996772085534,46,48,16
WMT,2019-10-11,119.91999816894533,120.70999908447266,118.72000122070312,120.23999786376952,113.20526123046876,6127900,False,0.005253348122338692,0.007086090905058459,0.07084875144934694,47,48,16
WMT,2019-10-14,119.8499984741211,120.45999908447266,119.0999984741211,119.16999816894533,112.19786071777344,4573300,True,-0.008938715769694008,0.007505642712418413,0.07504354969820237,46,48,16
WMT,2019-10-15,119.33000183105467,119.98999786376952,118.87000274658205,119.52999877929688,112.53678894042967,4516700,False,0.0030162547709479347,0.007505305584186599,0.07504017899429491,46,48,16
WMT,2019-10-16,119.30999755859376,120.11000061035156,119.0999984741211,119.41999816894533,112.43321228027344,3781600,False,-0.0009208042575686001,0.0060533010191782905,0.060522624547434185,47,48,16
WMT,2019-10-17,119.66999816894533,120.25,119.36000061035156,119.83999633789062,112.82865142822266,3910900,False,0.0035109321004641375,0.0056796250744144,0.056786506215353826,47,48,16
WMT,2019-10-18,120.4499969482422,120.5999984741211,119.12999725341795,119.13999938964844,112.16960144042967,5592300,False,-0.00585828435771818,0.005468065533377052,0.05467127377753778,47,48,16
WMT,2019-10-21,119.3000030517578,119.83000183105467,118.81999969482422,119.73999786376952,112.73450469970705,3410100,True,0.005023513860630976,0.004395277244480363,0.043945231470692056,48,48,16
WMT,2019-10-22,119.75,120.16999816894533,119.38999938964844,119.58000183105467,112.5838623046875,2544700,False,-0.0013371516886770609,0.00431516822565694,0.0431442787254457,48,48,16
WMT,2019-10-23,119.16999816894533,119.8499984741211,118.69000244140624,119.3499984741211,112.36732482910156,2840000,False,-0.0019251958189309844,0.00439623310729815,0.04395478845889675,48,48,16
WMT,2019-10-24,119.1500015258789,119.56999969482422,118.51000213623048,119.0999984741211,112.1319580078125,2900300,False,-0.0020968165648466183,0.003929796919685346,0.03929122684701141,48,48,16
WMT,2019-10-25,119.0,119.33000183105467,118.1999969482422,119.04000091552734,112.0754623413086,2564300,False,-0.0005039589466899997,0.0029681505481729807,0.02967641302789856,48,48,16
WMT,2019-10-28,119.25,119.6999969482422,118.52999877929688,119.22000122070312,112.24493408203124,3404600,True,0.001510979613691866,0.001469676567735731,0.014694244154292161,49,48,16
WMT,2019-10-29,118.5,118.7300033569336,117.08000183105467,117.1500015258789,110.2960433959961,4791100,False,-0.01751534061204993,0.007634269780249451,0.07632959969114193,46,48,16
WMT,2019-10-30,117.18000030517578,118.37000274658205,117.0500030517578,118.0999984741211,111.19046020507812,2996200,False,0.00807653429410495,0.009444322947621528,0.09442702585790227,46,48,16
WMT,2019-10-31,117.93000030517578,118.27999877929688,116.83000183105467,117.26000213623048,110.39958953857422,4881300,False,-0.0071381727252856604,0.009708545025664846,0.09706879331269992,46,48,16
WMT,2019-11-01,117.91999816894533,117.97000122070312,117.2300033569336,117.62000274658205,110.7385482788086,3762600,False,0.003065586144804303,0.010072859162364561,0.1007113096261861,45,48,16
WMT,2019-11-04,118.4000015258789,119.11000061035156,117.16999816894533,117.56999969482422,110.69145965576172,4646000,True,-0.0004253138424727129,0.009920980598401744,0.09919278456450449,46,48,16
WMT,2019-11-05,117.68000030517578,119.13999938964844,117.08000183105467,118.86000061035156,111.90599060058594,4217100,False,0.01091246099880939,0.007121201887325485,0.07119980103212935,47,48,16
WMT,2019-11-06,118.83000183105467,119.62000274658205,118.70999908447266,119.5,112.50855255126952,3614400,False,0.005370092243321773,0.006720794362842342,0.06719641276620919,47,48,16
WMT,2019-11-07,120.0,120.91999816894533,119.54000091552734,120.2300033569336,113.19583892822266,4441400,False,0.006090165076015016,0.004167090613522833,0.04166375666076079,48,48,16
WMT,2019-11-08,120.30999755859376,120.87999725341795,118.94000244140624,119.44000244140624,112.45205688476562,3832700,False,-0.006592436721110868,0.006736020955340876,0.06734865256694038,47,48,16
WMT,2019-11-11,118.6999969482422,119.62999725341795,118.27999877929688,119.04000091552734,112.0754623413086,4439000,True,-0.0033545544698281153,0.007225706281921155,0.07224466567996891,47,48,16
WMT,2019-11-12,119.5999984741211,120.0,118.80999755859376,119.12000274658205,112.15078735351562,5063100,False,0.000671866163244134,0.005480367288848508,0.05479427022613903,47,48,16
WMT,2019-11-13,119.16000366210938,121.36000061035156,118.66000366210938,120.9800033569336,113.90196228027344,7711800,False,0.015493816920786425,0.008689239656106233,0.08687748843862744,46,48,16
WMT,2019-11-14,124.5999984741211,125.37999725341795,119.51000213623048,120.6500015258789,113.59127044677734,22504200,False,-0.0027314397262564356,0.008663884838399876,0.08662398376280697,46,48,16
WMT,2019-11-15,120.68000030517578,121.0,118.37999725341795,118.87000274658205,111.91541290283205,10137700,False,-0.01486331465847268,0.010903727265477486,0.10901856513748868,45,48,16
WMT,2019-11-18,118.4499969482422,120.87000274658205,118.23999786376952,120.25,113.21466064453124,6548000,True,0.011542324360123896,0.012058796858275586,0.12056727931337263,45,48,16
WMT,2019-11-19,120.11000061035156,120.36000061035156,119.70999908447266,119.88999938964844,112.87571716308594,3715400,False,-0.002998303056079509,0.012271406351413956,0.12269300947079681,45,48,16
WMT,2019-11-20,120.20999908447266,120.4800033569336,118.4000015258789,119.12999725341795,112.16018676757812,5075900,False,-0.006359276847556373,0.00953337137758107,0.09531735737716834,46,48,16
WMT,2019-11-21,118.83000183105467,120.0,118.66999816894533,119.86000061035156,112.84749603271484,4302800,False,0.006109226087436549,0.010395491624730881,0.103937080709558,45,48,16
WMT,2019-11-22,120.1500015258789,120.3000030517578,119.2699966430664,119.36000061035156,112.3767318725586,3843100,False,-0.004180410341439299,0.007649667858420701,0.07648355405438242,46,48,16
WMT,2019-11-25,120.0,120.0199966430664,117.9000015258789,118.91999816894533,111.9625015258789,5881500,True,-0.0036928967899159887,0.004825140296009616,0.04824312447024603,48,48,16
WMT,2019-11-26,118.95999908447266,119.3000030517578,118.4499969482422,119.19000244140624,112.2166748046875,6292500,False,0.0022675914139896193,0.005175913768314502,0.05175025737149241,47,48,16
WMT,2019-11-27,119.38999938964844,119.8000030517578,118.7300033569336,118.76000213623048,111.81184387207033,3434100,False,-0.003614105700993979,0.004601753222615747,0.046009637001353805,48,48,16
WMT,2019-11-29,119.13999938964844,119.97000122070312,119.0,119.08999633789062,112.12252044677734,3157300,True,0.0027747128045997873,0.0034895628057799795,0.0348896410173208,48,48,16
WMT,2019-12-02,119.1500015258789,119.37999725341795,117.83999633789062,119.27999877929688,112.30142974853516,5670900,True,0.001594387225624648,0.003240079317436628,0.03239523417253473,48,48,16
WMT,2019-12-03,118.4000015258789,118.95999908447266,117.7699966430664,118.66999816894533,111.7270965576172,6594800,False,-0.005127333189516102,0.0036690729716711327,0.03668443469076556,48,48,16
WMT,2019-12-04,119.12000274658205,119.1999969482422,118.3000030517578,118.69000244140624,111.7459487915039,5556600,False,0.00016872042802271243,0.0033943626951737586,0.03393780324602215,48,48,16
WMT,2019-12-05,118.36000061035156,118.77999877929688,117.41999816894533,118.66000366210938,112.21880340576172,4352800,False,0.004222586922371933,0.003596856568372542,0.03596239455941257,48,48,16
WMT,2019-12-06,119.08000183105467,119.8000030517578,118.91999816894533,119.77999877929688,113.27799224853516,4340800,False,0.009394338659736346,0.005336673832256506,0.053357582194982545,47,48,16
WMT,2019-12-09,119.56999969482422,119.86000061035156,119.18000030517578,119.36000061035156,112.88079071044922,4816000,True,-0.0035125935971954767,0.005904330612011986,0.059033176064195114,47,48,16
WMT,2019-12-10,119.3499984741211,119.55999755859376,119.0199966430664,119.13999938964844,112.6727294921875,4282300,False,-0.0018448949685072073,0.005187665404493537,0.051867753571008736,47,48,16
WMT,2019-12-11,119.4000015258789,119.6500015258789,118.52999877929688,119.0,112.5403289794922,3506400,False,-0.00117578020428275,0.005319130819905988,0.05318218217001145,47,48,16
WMT,2019-12-12,119.0,120.11000061035156,118.68000030517578,119.76000213623048,113.25908660888672,4149000,False,0.006366358877903307,0.0056762541829169155,0.05675280308381518,47,48,16
WMT,2019-12-13,119.16000366210938,120.6500015258789,119.0199966430664,120.29000091552734,113.76032257080078,5366300,False,0.004415805487343709,0.004287879750561601,0.04287144079331006,48,48,16
WMT,2019-12-16,120.41999816894533,121.3499984741211,120.41999816894533,120.54000091552734,113.99674224853516,5350700,True,0.002076069630044141,0.003527410962359301,0.03526805764705809,48,48,16
WMT,2019-12-17,120.9499969482422,121.6999969482422,120.6999969482422,121.27999877929688,114.6965789794922,4575800,False,0.0061203266607115486,0.003154084167127182,0.031535430211259846,48,48,16
WMT,2019-12-18,121.51000213623048,121.68000030517578,119.83999633789062,119.86000061035156,113.35366821289062,5103000,False,-0.011777459624505325,0.007585112243741375,0.07583810866561237,46,48,16
WMT,2019-12-19,119.94000244140624,120.51000213623048,119.77999877929688,120.08000183105467,113.56170654296876,4464100,False,0.0018336209134374789,0.007104830930680638,0.0710361195533198,47,48,16
WMT,2019-12-20,121.4800033569336,122.12000274658205,120.0199966430664,120.29000091552734,113.76032257080078,7954400,False,0.001747442420312334,0.0068354359666369675,0.06834263211363555,47,48,16
WMT,2019-12-23,120.1999969482422,120.69000244140624,119.01000213623048,119.02999877929688,112.56871795654295,4485800,True,-0.010529940142474483,0.008088263367904058,0.0808687566512054,46,48,16
WMT,2019-12-24,119.12999725341795,119.5999984741211,119.01000213623048,119.51000213623048,113.0226593017578,2227400,False,0.004024461957830475,0.007565896951277625,0.07564598870863878,46,48,16
WMT,2019-12-26,119.61000061035156,119.8499984741211,118.9499969482422,119.5199966430664,113.03211212158205,4223800,True,8.363300425140505e-05,0.005742051904589358,0.057410667411434295,47,48,16
WMT,2019-12-27,119.94000244140624,119.94000244140624,119.25,119.58999633789062,113.09831237792967,3544000,False,0.0005855050985321241,0.0056377185622582555,0.05636751299276614,47,48,16
WMT,2019-12-30,119.8000030517578,119.80999755859376,119.12999725341795,119.4000015258789,112.91860961914062,2945800,True,-0.0015901711700896906,0.005452608885411112,0.05451673381683854,47,48,16
WMT,2019-12-31,119.5,119.8000030517578,118.19000244140624,118.83999633789062,112.38902282714844,4912000,False,-0.004701019326737681,0.003188411546915443,0.031878645113680826,48,48,16
WMT,2020-01-02,118.86000061035156,119.88999938964844,118.6999969482422,118.94000244140624,112.4835968017578,6764900,True,0.0008411337969149233,0.0022975044775910758,0.022971102949076398,49,48,16
WMT,2020-01-03,118.2699966430664,118.79000091552734,117.58999633789062,117.88999938964844,111.4906005859375,5399200,False,-0.008867117138053788,0.004080213548680248,0.04079513506725467,48,48,16
WMT,2020-01-06,117.4000015258789,118.08999633789062,116.7699966430664,117.6500015258789,111.26361846923828,6445500,True,-0.0020379609079646437,0.0036951555317645186,0.036945215541869206,48,48,16
WMT,2020-01-07,117.26000213623048,117.5199966430664,116.1999969482422,116.55999755859376,110.23278045654295,6846900,False,-0.00930801096771244,0.004368168588698964,0.04367419142317994,48,48,16
WMT,2020-01-08,116.3000030517578,116.7300033569336,115.68000030517578,116.16000366210938,109.85449981689452,5875800,False,-0.0034375545164022645,0.004412699271450032,0.044119421849429186,48,48,16
WMT,2020-01-09,116.1500015258789,117.37000274658205,116.08000183105467,117.36000061035156,110.98936462402344,5563700,False,0.01027762124688748,0.007923017949738303,0.07921658598099687,46,48,16
WMT,2020-01-10,117.23999786376952,117.33999633789062,115.9800033569336,116.37999725341795,110.06255340576172,6054800,False,-0.008385511036341229,0.007831310642106354,0.0782996702468413,46,48,16
WMT,2020-01-13,116.37999725341795,116.5500030517578,115.37000274658205,115.87999725341795,109.58971405029295,6112600,True,-0.004305351283881379,0.007857803597249071,0.07856455434432377,46,48,16
WMT,2020-01-14,115.47000122070312,116.20999908447266,115.12999725341795,116.18000030517578,109.8734130859375,6585800,False,0.002585392793522326,0.007260351392639941,0.0725910573465644,47,48,16
WMT,2020-01-15,114.62999725341795,115.87000274658205,114.5199966430664,115.27999877929688,109.02227783203124,7454200,False,-0.007776667871445855,0.007906918322161463,0.07905561732734831,46,48,16
WMT,2020-01-16,115.5,115.93000030517578,115.27999877929688,115.9000015258789,109.6086196899414,5369400,False,0.0053637731017245885,0.006193582102729572,0.06192519470278951,47,48,16
WMT,2020-01-17,116.0500030517578,116.3000030517578,114.63999938964844,114.95999908447266,108.7196273803711,10045000,False,-0.008143675723300454,0.006136850824207551,0.061357979251384406,47,48,16
WMT,2020-01-21,114.58999633789062,115.69000244140624,114.5199966430664,115.58999633789062,109.31546020507812,7353700,True,0.0054654901145536755,0.006907717122723323,0.06906531966176988,47,48,16
WMT,2020-01-22,115.22000122070312,116.52999877929688,115.18000030517578,116.0999984741211,109.7977523803711,4926100,False,0.004402226123084387,0.007154060950779416,0.07152833529039633,47,48,16
WMT,2020-01-23,116.20999908447266,116.30999755859376,115.04000091552734,115.80999755859376,109.52350616455078,4305100,False,-0.0025008643537350623,0.006049524671676102,0.060484867551489074,47,48,16
WMT,2020-01-24,116.0,116.02999877929688,114.1500015258789,114.37000274658205,108.1616668701172,4383400,False,-0.012512171060919538,0.007795189243993726,0.07793851823917265,46,48,16
WMT,2020-01-27,113.19000244140624,116.2300033569336,112.68000030517578,115.86000061035156,109.57078552246094,7018400,True,0.012943760202562625,0.009584332474150444,0.09582688090894415,46,48,16
WMT,2020-01-28,115.9800033569336,116.9000015258789,115.9499969482422,116.5999984741211,110.2706069946289,5270200,False,0.006366624847385209,0.009684093381234916,0.09682431882006996,46,48,16
WMT,2020-01-29,116.55999755859376,117.12000274658205,115.88999938964844,115.88999938964844,109.59915161132812,3775500,False,-0.0061077746656811385,0.010093722936940818,0.10091991157598514,45,48,16
WMT,2020-01-30,115.61000061035156,116.72000122070312,115.33000183105467,116.58000183105467,110.251708984375,4581500,False,0.005936381487478124,0.010348814551753797,0.1034703900636088,45,48,16
WMT,2020-01-31,115.8000030517578,116.26000213623048,113.9000015258789,114.48999786376952,108.275146484375,7775800,False,-0.018090375207162758,0.012325401944911277,0.12323287276556782,45,48,16
WMT,2020-02-03,114.9000015258789,115.38999938964844,114.0999984741211,114.2699966430664,108.0670928955078,4347100,True,-0.001923375237332546,0.010072862101827644,0.10071133901577368,45,48,16
WMT,2020-02-04,115.23999786376952,116.23999786376952,114.88999938964844,115.2699966430664,109.0127944946289,5232200,False,0.008712991270854701,0.010643081613662744,0.10641255580890481,45,48,16
WMT,2020-02-05,115.5999984741211,116.9499969482422,114.8499984741211,116.80999755859376,110.46923828125,5682900,False,0.013271839580804651,0.01230603535491792,0.12303924009287923,45,48,16
WMT,2020-02-06,116.83000183105467,117.2300033569336,116.05999755859376,116.30999755859376,109.99634552001952,5352900,False,-0.004289952910785568,0.012250992329432716,0.12248890427530773,45,48,16
WMT,2020-02-07,116.11000061035156,116.76000213623048,115.76000213623048,116.4499969482422,110.12875366210938,3689600,False,0.0012030264476975592,0.007382095835153577,0.07380829289484542,47,48,16
WMT,2020-02-10,115.75,116.9800033569336,115.0500030517578,115.25,108.99390411376952,6144900,True,-0.010358214039452121,0.009547463631648058,0.09545825573976773,46,48,16
WMT,2020-02-11,115.43000030517578,115.5,114.44000244140624,115.4000015258789,109.13575744628906,5796800,False,0.0013006333160026067,0.008728155073003832,0.08726657584044972,46,48,16
WMT,2020-02-12,115.5,116.41999816894533,115.41000366210938,115.8499984741211,109.5613250732422,4735600,False,0.0038918504006104325,0.0057087749223432285,0.0570779546822683,47,48,16
WMT,2020-02-13,115.8499984741211,117.54000091552734,115.58000183105467,117.44000244140624,111.06501770019533,5333200,False,0.013631336057352074,0.008554163464914253,0.08552695827683493,46,48,16
WMT,2020-02-14,117.66999816894533,118.56999969482422,117.16000366210938,117.88999938964844,111.4906005859375,8130600,False,0.0038245127915966463,0.00857848417226104,0.08577012362328211,46,48,16
WMT,2020-02-18,118.47000122070312,119.9499969482422,117.36000061035156,119.62999725341795,113.13614654541016,11513200,True,0.014651642495068671,0.006198616121029882,0.061975526248930914,47,48,16
WMT,2020-02-19,119.5,119.94000244140624,117.68000030517578,117.68000030517578,111.29198455810548,7187800,False,-0.01643469102486851,0.012488007303722024,0.12485864737177427,45,48,16
WMT,2020-02-20,117.20999908447266,118.11000061035156,116.86000061035156,117.69000244140624,111.30144500732422,5022900,False,8.500205278217132e-05,0.01260511281105977,0.1260295015273142,44,48,16
WMT,2020-02-21,117.44000244140624,118.75,117.30999755859376,118.58000183105467,112.14312744140624,6242100,False,0.007533737837676175,0.011591992034185249,0.1159000319691813,45,48,16
WMT,2020-02-24,117.45999908447266,118.45999908447266,115.9499969482422,116.31999969482422,110.00582122802734,6616000,True,-0.019242694382740667,0.014797515578153274,0.1479497676943465,44,48,16
WMT,2020-02-25,116.3499984741211,117.06999969482422,114.0500030517578,114.38999938964844,108.18058776855467,7764300,False,-0.016731344972439974,0.011998479511187474,0.11996420932892196,45,48,16
WMT,2020-02-26,114.6999969482422,115.16999816894533,113.6500015258789,113.77999877929688,107.60369110107422,6673300,False,-0.005346988621895544,0.011273919745569638,0.11271985479942956,45,48,16
WMT,2020-02-27,112.55999755859376,114.06999969482422,110.3499984741211,110.4000015258789,104.4071807861328,9492300,False,-0.030156496493078624,0.01438071100277166,0.14378243705185048,44,48,16
WMT,2020-02-28,107.69000244140624,108.5199966430664,104.37000274658205,107.68000030517578,101.83482360839844,17456400,False,-0.024946330270753266,0.009367913336390083,0.09366306084150468,46,48,16
WMT,2020-03-02,107.5999984741211,116.4000015258789,107.29000091552734,115.87999725341795,109.58971405029295,17074200,True,0.07339139591483546,0.0424961362892116,0.4248884523006394,33,32,10
WMT,2020-03-03,116.08000183105467,117.52999877929688,112.33999633789062,112.91000366210938,106.78092956542967,11113600,False,-0.025964171743115202,0.04355123877195096,0.4354376668894371,32,32,10
WMT,2020-03-04,114.23999786376952,116.83999633789062,113.47000122070312,116.7699966430664,110.431396484375,8208400,False,0.03361513339715603,0.04633458272440821,0.46326633103272613,31,32,10
WMT,2020-03-05,114.4000015258789,117.25,113.91000366210938,115.91999816894533,109.62753295898438,8546100,False,-0.007305925763091866,0.042982593993430344,0.42975219472768195,32,32,10
WMT,2020-03-06,113.87000274658205,117.91000366210938,113.01000213623048,117.2300033569336,110.8664321899414,9803700,False,0.01123760705047833,0.0384901133718464,0.3848350962577206,34,32,10
WMT,2020-03-09,113.81999969482422,120.62999725341795,112.7300033569336,117.16000366210938,110.80021667480467,19747800,True,-0.0005974332850282633,0.02213593081046295,0.2213213295035328,41,40,13
WMT,2020-03-10,118.0999984741211,120.68000030517578,114.91999816894533,119.79000091552734,113.28744506835938,12599100,False,0.02219962063369174,0.016606450187279864,0.1660360101977616,43,40,13
WMT,2020-03-11,117.51000213623048,119.02999877929688,112.8000030517578,114.43000030517578,108.21842956542967,10540000,False,-0.04577666988481802,0.025915197045126126,0.2591075077657141,39,40,13
WMT,2020-03-12,106.0199966430664,111.48999786376952,102.9800033569336,104.0500030517578,98.4018783569336,18774400,False,-0.0950917877396809,0.04853704018749874,0.4852871269088937,30,32,10
WMT,2020-03-13,108.23999786376952,114.58999633789062,103.87999725341795,114.0999984741211,107.90633392333984,14320700,False,0.09220367946380624,0.0706862317330159,0.7067410410115347,21,24,8
WMT,2020-03-16,105.1999969482422,111.33000183105467,102.0,106.76000213623048,100.96476745605467,12251300,True,-0.06649195341835888,0.075540168517392,0.7552720809593305,19,16,8
WMT,2020-03-17,112.7699966430664,119.2699966430664,110.45999908447266,119.26000213623048,112.78623962402344,17602000,False,0.11072272355925862,0.09528410072551685,0.9526775283898209,11,8,8
WMT,2020-03-18,115.0,128.0800018310547,114.5,122.58000183105467,115.92601013183594,25785300,False,0.02745780143251672,0.09223868235924437,0.922228569749269,13,16,8
WMT,2020-03-19,124.45999908447266,127.0,117.62999725341795,119.4499969482422,113.46575164794922,19033500,False,-0.021451100115135124,0.07473018825897744,0.747173668057751,20,16,8
WMT,2020-03-20,119.5,122.79000091552734,111.88999938964844,113.97000122070312,108.26030731201172,18474500,False,-0.04696246377871933,0.07088390121623807,0.7087173967023616,21,24,8
WMT,2020-03-23,114.16999816894533,117.54000091552734,112.20999908447266,114.27999877929688,108.55477905273438,13122000,True,0.002716341622933516,0.060489023279749886,0.604786451822326,25,24,8
WMT,2020-03-24,115.87000274658205,117.37000274658205,111.30999755859376,115.02999877929688,109.26718139648438,14235000,False,0.006541166762072455,0.028586548724657195,0.2858164413248061,38,40,13
WMT,2020-03-25,112.97000122070312,114.0,108.0500030517578,109.4000015258789,103.91924285888672,17762500,False,-0.05018200186929429,0.026660172674344527,0.2665559859037292,39,40,13
WMT,2020-03-26,109.4000015258789,110.87000274658205,106.8499984741211,109.81999969482422,104.31819915771484,19416900,False,0.0038317488257386756,0.029049519686976444,0.29044535662904053,38,40,13
WMT,2020-03-27,110.11000061035156,112.27999877929688,108.5999984741211,109.58000183105467,104.09022521972656,12053500,False,-0.0021877621271658787,0.02387087998771559,0.23866784462496243,40,40,13
WMT,2020-03-30,111.86000061035156,115.8000030517578,110.94000244140624,115.19000244140624,109.4191665649414,9737500,True,0.04992799853588431,0.03556934489746349,0.35563242267433165,35,32,10
WMT,2020-03-31,114.30999755859376,116.19000244140624,112.63999938964844,113.62000274658205,107.92782592773438,8752800,False,-0.013723346483039151,0.036015325977741125,0.3600914683076788,35,32,10
WMT,2020-04-01,112.1500015258789,115.52999877929688,111.8000030517578,114.13999938964844,108.42178344726562,9423200,False,0.0045662978477604525,0.024298403164474812,0.24294234289133762,40,40,13
WMT,2020-04-02,113.18000030517578,119.11000061035156,112.33999633789062,118.6500015258789,112.70584106445312,9838500,False,0.038752225008661705,0.027442459732769472,0.27437751431861657,39,40,13
WMT,2020-04-03,117.20999908447266,119.91000366210938,117.02999877929688,119.4800033569336,113.4942626953125,9541700,False,0.006971038567675507,0.02624912799200321,0.2624462443093917,39,40,13
WMT,2020-04-06,119.05999755859376,126.38999938964844,118.94000244140624,126.06999969482422,119.7541046142578,15922900,True,0.053688225528008095,0.02744432724640647,0.2743961862508947,39,40,13
WMT,2020-04-07,123.9800033569336,126.48999786376952,121.63999938964844,121.98999786376952,115.87850189208984,13789900,False,-0.03289826751152278,0.03363570776233785,0.3362993688629633,36,32,10
WMT,2020-04-08,123.69000244140624,123.80999755859376,120.58999633789062,121.83999633789062,115.73600769042967,9292200,False,-0.0012304429450029622,0.034147465644191036,0.3414160696588531,36,32,10
WMT,2020-04-09,118.22000122070312,122.87000274658205,117.66000366210938,121.8000030517578,115.69802856445312,10942900,False,-0.00032820692178261714,0.031135293716467973,0.311299518362904,37,40,13
WMT,2020-04-13,121.2699966430664,125.66999816894533,121.16999816894533,125.3000030517578,119.02268981933594,8064700,True,0.028330550833355853,0.032850179983399466,0.3284454388030434,36,32,10
WMT,2020-04-14,127.0999984741211,129.7899932861328,126.04000091552734,129.0,122.5373077392578,11366300,False,0.0291013909045774,0.025631320825902918,0.25626923261971396,39,40,13
WMT,2020-04-15,129.0,129.8800048828125,127.12000274658205,128.75999450683594,122.30933380126952,7478400,False,-0.0018621779121233454,0.016364293393577006,0.16361485772897555,43,40,13
WMT,2020-04-16,129.0,132.9199981689453,128.25,132.3300018310547,125.7004852294922,10627400,False,0.027348617128115427,0.016099735859251167,0.16096973628689482,43,40,13
WMT,2020-04-17,131.47999572753906,132.97000122070312,129.72999572753906,132.1199951171875,125.5009994506836,10305100,False,-0.0015882535168689948,0.016435709993390394,0.1643289011976988,43,40,13
WMT,2020-04-20,132.38999938964844,133.3800048828125,129.75999450683594,129.85000610351562,123.3447494506836,8133900,True,-0.01733044649048443,0.020289868618132874,0.20286387486785157,41,40,13
WMT,2020-04-21,130.07000732421875,131.02999877929688,128.16000366210938,129.2100067138672,122.73680877685548,9300200,False,-0.004940979039835126,0.01641771523639015,0.16414898450128843,43,40,13
WMT,2020-04-22,130.0,132.3800048828125,128.89999389648438,131.58999633789062,124.99756622314452,6482700,False,0.01825197013763488,0.018123383054477443,0.1812027362690721,42,40,13
WMT,2020-04-23,129.85000610351562,131.08999633789062,127.7300033569336,128.52999877929688,122.09088134765624,9613300,False,-0.023528570407455717,0.016157225036353397,0.16154452942377595,43,40,13
WMT,2020-04-24,129.35000610351562,129.88999938964844,128.55999755859375,129.44000244140625,122.95528411865234,5781200,False,0.007055049033119642,0.017155662230444235,0.17152718834668482,43,40,13
WMT,2020-04-27,130.0,130.30999755859375,128.1699981689453,128.3000030517578,121.87237548828124,5974600,True,-0.008846350892560726,0.01589284673039384,0.15890119995785607,43,40,13
WMT,2020-04-28,128.27999877929688,130.24000549316406,127.6999969482422,128.0,121.58741760253906,6910700,False,-0.002340904116045527,0.015831411697839373,0.158286955036354,43,40,13
WMT,2020-04-29,125.56999969482422,125.76000213623048,122.5500030517578,123.5999984741211,117.40785217285156,14870700,False,-0.034979701432119856,0.016777356157732074,0.16774477667902904,43,40,13
WMT,2020-04-30,123.08000183105467,123.44000244140624,121.04000091552734,121.5500030517578,115.4605484008789,13499300,False,-0.016724889756863218,0.01591589880588607,0.15913168116234847,43,40,13
WMT,2020-05-01,121.4800033569336,123.69000244140624,120.77999877929688,122.91999816894533,116.76190948486328,10381300,False,0.011208000456175081,0.017164021221405885,0.17161076391478633,43,40,13
WMT,2020-05-04,123.83999633789062,124.4000015258789,121.70999908447266,123.6999969482422,117.5028305053711,5935900,True,0.006325522919322355,0.01876025038033831,0.1875703168548527,42,40,13
WMT,2020-05-05,123.8000030517578,125.26000213623048,123.26000213623048,124.7300033569336,118.48125457763672,6445800,False,0.008292336142214274,0.02002344907977101,0.20020013658004962,41,40,13
WMT,2020-05-06,125.20999908447266,125.48999786376952,122.8499984741211,123.3000030517578,117.12288665771484,5769700,False,-0.011531061925250148,0.012707287378131411,0.12705107189719697,44,48,16
WMT,2020-05-07,123.45999908447266,123.9800033569336,121.5,121.88999938964844,116.2928237915039,9115200,False,-0.00711234358391008,0.01009489529894362,0.10093163318459249,45,48,16
WMT,2020-05-08,122.75,123.01000213623048,121.62000274658205,122.94000244140624,117.29463958740234,6943600,False,0.008577702963578179,0.009509974521786781,0.09508342896119468,46,48,16
WMT,2020-05-11,123.04000091552734,124.30999755859376,123.01000213623048,123.66999816894533,117.9910888671875,8447300,True,0.005920047241234777,0.009453816876672577,0.09452194885968529,46,48,16
WMT,2020-05-12,124.4800033569336,125.66000366210938,123.77999877929688,123.77999877929688,118.09603118896484,6366700,False,0.0008890135867142153,0.008527074087155384,0.08525611097647283,46,48,16
WMT,2020-05-13,123.5,126.23999786376952,123.08999633789062,123.70999908447266,118.0292510986328,9725100,False,-0.0005656327138335394,0.006091686616301253,0.06090641466052152,47,48,16
WMT,2020-05-14,124.8499984741211,125.12999725341795,121.3000030517578,123.41999816894533,117.7525634765625,7411000,False,-0.002346981251084241,0.004585893348295734,0.04585106546892902,48,48,16
WMT,2020-05-15,123.47000122070312,125.94000244140624,123.08999633789062,125.94000244140624,120.15686798095705,10590000,False,0.020212619110152378,0.009137370036394053,0.09135802338452384,46,48,16
WMT,2020-05-18,127.5,128.55999755859375,126.0999984741211,127.66000366210938,121.79788208007812,12877900,True,0.01356484434821119,0.009968851687855867,0.09967141332665083,46,48,16
WMT,2020-05-19,131.75,131.99000549316406,124.80999755859376,124.9499969482422,119.21231842041016,24915400,False,-0.021456874874617827,0.01613287572739682,0.16130107811030261,43,40,13
WMT,2020-05-20,126.48999786376952,126.58999633789062,124.62999725341795,125.4499969482422,119.6893310546875,10748800,False,0.003993386142293749,0.01608875791816165,0.16085997571084554,43,40,13
WMT,2020-05-21,124.88999938964844,126.13999938964844,124.25,124.98999786376952,119.25047302246094,7482700,False,-0.003673381481226941,0.01620521827792089,0.16202437949747972,43,40,13
WMT,2020-05-22,125.0999984741211,125.3499984741211,123.7699966430664,124.33000183105467,118.62078857421876,7453200,False,-0.00529434211477078,0.012930242837942186,0.1292802439707774,44,48,16
WMT,2020-05-26,124.33999633789062,125.51000213623048,123.62999725341795,123.86000061035156,118.17237091064452,7910200,True,-0.003787425283570525,0.009348526363232357,0.09346922437214378,46,48,16
WMT,2020-05-27,123.97000122070312,124.48999786376952,121.02999877929688,122.4800033569336,116.85574340820312,10357900,False,-0.011204117256315918,0.005422648886949894,0.05421718523457488,47,48,16
WMT,2020-05-28,123.72000122070312,124.9499969482422,123.16000366210938,123.69000244140624,118.01019287109376,8141600,False,0.009830789247310116,0.007715605437903379,0.07714281672014994,46,48,16
WMT,2020-05-29,124.23999786376952,124.70999908447266,121.93000030517578,124.05999755859376,118.36316680908205,9770400,False,0.00298658191289802,0.008098074496204111,0.08096685110125992,46,48,16
WMT,2020-06-01,123.44000244140624,124.41000366210938,122.36000061035156,123.95999908447266,118.26776885986328,6850100,True,-0.0008063016284615097,0.007815279920850782,0.0781393905381829,46,48,16
WMT,2020-06-02,123.58999633789062,124.1500015258789,122.80999755859376,123.94000244140624,118.24870300292967,6395900,False,-0.0001612222339082681,0.007610667738579773,0.07609361976845162,46,48,16
WMT,2020-06-03,123.9000015258789,123.98999786376952,122.66000366210938,123.47000122070312,117.80027770996094,6754300,False,-0.0037994303644748578,0.005189268546880208,0.05188378224436517,47,48,16
WMT,2020-06-04,122.8000030517578,123.88999938964844,121.81999969482422,122.11000061035156,116.5027313232422,8005000,False,-0.011075911119038096,0.005330348485716348,0.053294339581973625,47,48,16
WMT,2020-06-05,122.56999969482422,122.68000030517578,119.91000366210938,121.55999755859376,115.9779815673828,13112400,False,-0.004514358550519372,0.004338309385725923,0.0433756506228633,48,48,16
WMT,2020-06-08,119.58000183105467,121.23999786376952,119.45999908447266,121.23999786376952,115.67268371582033,9448100,True,-0.002635848491511669,0.004062451287905093,0.04061754293420158,48,48,16
WMT,2020-06-09,121.5999984741211,122.0,120.55999755859376,121.3499984741211,115.77762603759766,6915400,False,0.0009068238368794214,0.004360643059808049,0.04359894904581547,48,48,16
WMT,2020-06-10,121.55999755859376,122.5,121.12999725341795,121.16000366210938,115.59635925292967,9380500,False,-0.0015668729699745885,0.0045261157428926205,0.0452533919752939,48,48,16
WMT,2020-06-11,120.98999786376952,122.58000183105467,119.4800033569336,120.08999633789062,114.57547760009766,11387600,False,-0.00887066255453363,0.0036620552628047563,0.036614269642380015,48,48,16
WMT,2020-06-12,120.51000213623048,120.75,117.05999755859376,117.73999786376952,112.33338928222656,10786400,False,-0.019762659090474498,0.008300323148749752,0.08298899062884382,46,48,16
WMT,2020-06-15,118.4000015258789,118.68000030517578,117.01000213623048,118.08000183105467,112.65779113769533,10901100,True,0.0028836870819943746,0.009237831745857182,0.09236246811707008,46,48,16
WMT,2020-06-16,119.8000030517578,120.2300033569336,118.54000091552734,119.6500015258789,114.15570831298828,8389200,False,0.013208552020108703,0.012396381077666154,0.12394254231426789,45,48,16
WMT,2020-06-17,119.86000061035156,120.12999725341795,118.4000015258789,119.02999877929688,113.5641632080078,6722300,False,-0.005195387048246831,0.012410765709727975,0.12408636395518287,45,48,16
WMT,2020-06-18,118.54000091552734,119.05999755859376,117.66000366210938,117.98999786376952,112.57192993164062,6690000,False,-0.008775597299232649,0.012400640277142029,0.12398512700152106,45,48,16
WMT,2020-06-19,118.88999938964844,120.3000030517578,117.75,119.8499984741211,114.34650421142578,13359600,False,0.01564095454751065,0.010820407749859973,0.10818551293254855,45,48,16
WMT,2020-06-22,120.97000122070312,122.08999633789062,120.4000015258789,121.68000030517578,116.0924835205078,9112800,True,0.015153796134974999,0.011962002009576114,0.11959949689723251,45,48,16
WMT,2020-06-23,122.75,122.8499984741211,120.95999908447266,121.06999969482422,115.51049041748048,6575900,False,-0.0050257932198236425,0.011996877870514892,0.11994819567012993,45,48,16
WMT,2020-06-24,120.73999786376952,121.12000274658205,119.58000183105467,120.3000030517578,114.77584075927734,6871600,False,-0.006380336572009753,0.012193524333905087,0.1219143229178314,45,48,16
WMT,2020-06-25,119.76000213623048,120.16000366210938,118.37999725341795,119.70999908447266,114.21292877197266,6856600,False,-0.004916512913306385,0.011429435748139158,0.11427474800642731,45,48,16
WMT,2020-06-26,119.5999984741211,120.83999633789062,118.0199966430664,118.31999969482422,112.88677215576172,8997200,False,-0.011679202439773096,0.010285502245205526,0.1028373756230064,45,48,16
WMT,2020-06-29,118.5,119.68000030517578,118.22000122070312,119.05999755859376,113.59278106689452,5503800,True,0.006234657283818819,0.006531692335970911,0.06530571693971088,47,48,16
WMT,2020-06-30,119.22000122070312,120.12999725341795,118.54000091552734,119.77999877929688,114.27971649169922,6836400,False,0.006029139216315024,0.007961713878094053,0.07960347887397701,46,48,16
WMT,2020-07-01,119.4499969482422,119.91999816894533,118.66000366210938,119.69000244140624,114.19385528564452,6577900,False,-0.0007516073691042698,0.00760252928076492,0.07601224915344952,46,48,16
WMT,2020-07-02,120.08999633789062,120.87999725341795,118.86000061035156,119.20999908447266,113.73589324951172,5898600,False,-0.004018454417110227,0.007497241197408171,0.07495954896257341,47,48,16
WMT,2020-07-06,119.8000030517578,119.87000274658205,118.22000122070312,118.88999938964844,113.43058013916016,7231700,True,-0.002688013681171363,0.004861604346749466,0.04860770241629804,48,48,16
WMT,2020-07-07,118.4499969482422,127.5500030517578,118.22000122070312,126.9499969482422,121.12047576904295,31152700,False,0.06559469669093254,0.029746865793684338,0.2974176212598892,38,40,13
WMT,2020-07-08,128.0,128.1300048828125,124.4000015258789,124.44000244140624,118.72573852539062,17405700,False,-0.01996960287477338,0.033294306277929654,0.33288593976117065,36,32,10
WMT,2020-07-09,125.61000061035156,128.17999267578125,124.9499969482422,127.75,121.88372802734376,14257200,False,0.026251426450547306,0.033780663541313184,0.3377486779521874,36,32,10
WMT,2020-07-10,128.74000549316406,131.3699951171875,127.26000213623048,130.67999267578125,124.67919921875,14745600,False,0.02267649084927623,0.03249692203766383,0.32491346543009886,37,40,13
WMT,2020-07-13,131.3300018310547,133.6300048828125,128.88999938964844,129.52000427246094,123.5724868774414,14112800,True,-0.008916110020411216,0.033606439683946575,0.33600673829427224,36,32,10
WMT,2020-07-14,129.27999877929688,132.5,129.02999877929688,132.00999450683594,125.9481201171875,8818600,False,0.019042154893493878,0.020849034266823753,0.2084545719946458,41,40,13
WMT,2020-07-15,132.27000427246094,134.1300048828125,130.8000030517578,132.0,125.93858337402344,10577100,False,-7.572248186541079e-05,0.015409254453843663,0.15406610689128683,43,40,13
WMT,2020-07-16,132.0500030517578,132.72999572753906,131.24000549316406,132.1999969482422,126.12939453125,5892200,False,0.0015139661551511045,0.013454883414676839,0.1345257496126513,44,48,16
WMT,2020-07-17,133.3699951171875,133.3699951171875,131.47000122070312,131.74000549316406,125.69049835205078,6063200,False,-0.00348579787390887,0.010529682958259706,0.10527876381286864,45,48,16
WMT,2020-07-20,131.9600067138672,132.74000549316406,131.13999938964844,131.47000122070312,125.43291473388672,6114200,True,-0.0020514511596860926,0.009173347064800549,0.09171773194282619,46,48,16
WMT,2020-07-21,131.55999755859375,133.99000549316406,131.4499969482422,132.3300018310547,126.25341033935548,7237500,False,0.006520008680397808,0.0038728325508868983,0.03872168089275486,48,48,16
WMT,2020-07-22,132.57000732421875,133.02999877929688,131.19000244140625,132.66000366210938,126.56828308105467,5388200,False,0.0024908693572909604,0.003949400411782116,0.03948722813428135,48,48,16
WMT,2020-07-23,133.0,133.14999389648438,131.30999755859375,131.63999938964844,125.5951156616211,5598800,False,-0.007718584503360551,0.005501063518158723,0.05500119701073494,47,48,16
WMT,2020-07-24,130.9499969482422,132.39999389648438,130.50999450683594,131.24000549316406,125.21348571777344,4345800,False,-0.003043198967447964,0.0054513626454166545,0.054504273555067054,47,48,16
WMT,2020-07-27,130.86000061035156,131.97999572753906,130.86000061035156,131.2100067138672,125.18485260009766,4681900,True,-0.00022870054164839977,0.005404190180157716,0.054032629836243504,47,48,16
WMT,2020-07-28,131.5,132.3800048828125,130.9199981689453,131.75999450683594,125.70960235595705,4804700,False,0.004183038011862307,0.004713427123894014,0.04712618441530172,48,48,16
WMT,2020-07-29,131.55999755859375,131.86000061035156,129.85000610351562,130.69000244140625,124.6887435913086,4741100,False,-0.008153923037210247,0.005198693726243207,0.051978017867221483,47,48,16
WMT,2020-07-30,129.4199981689453,130.4199981689453,128.72000122070312,130.1199951171875,124.1448974609375,4596100,False,-0.0043711693805995626,0.004621362581653273,0.0462056969479654,48,48,16
WMT,2020-07-31,129.64999389648438,130.08999633789062,127.62000274658205,129.39999389648438,123.4579620361328,7210500,False,-0.00554870156711053,0.0048492260264864405,0.048483940451143244,48,48,16
WMT,2020-08-03,129.91000366210938,130.1199951171875,128.27000427246094,129.3000030517578,123.36256408691406,4990500,True,-0.0007730147526029275,0.0047820444416847565,0.047812239866524726,48,48,16
WMT,2020-08-04,129.64999389648438,131.7100067138672,128.94000244140625,131.63999938964844,125.5951156616211,6073200,False,0.01793567023475738,0.010470213173987612,0.10468416800241521,45,48,16
WMT,2020-08-05,130.4499969482422,130.75,128.8300018310547,129.80999755859375,123.84913635253906,8494500,False,-0.013999182656829518,0.011821890303099944,0.11819862022202816,45,48,16
WMT,2020-08-06,129.1300048828125,130.22999572753906,129.02999877929688,129.35000610351562,123.41026306152344,4832100,False,-0.0035499055076521763,0.01177505507544812,0.11773034830067743,45,48,16
WMT,2020-08-07,129.5800018310547,130.4600067138672,129.11000061035156,129.97000122070312,124.00181579589844,5519500,False,0.004781931944092787,0.01172462742602254,0.11722615832510468,45,48,16
WMT,2020-08-10,130.24000549316406,132.33999633789062,129.64999389648438,131.8800048828125,125.8240966796875,5894400,True,0.014588664443608956,0.013113866651226488,0.13111616706037166,44,48,16
WMT,2020-08-11,132.58999633789062,132.8699951171875,129.72999572753906,130.1999969482422,124.22124481201172,8453400,False,-0.012820665348489808,0.01208768087789595,0.1208560699532839,45,48,16
WMT,2020-08-12,130.47000122070312,132.22999572753906,129.0800018310547,131.88999938964844,125.83364868164062,6364800,False,0.012896577988841746,0.011494005128573683,0.11492033102913146,45,48,16
WMT,2020-08-13,131.2100067138672,131.9600067138672,130.72999572753906,131.85000610351562,126.31262969970705,6622400,False,0.003799235882307267,0.010871389621022676,0.10869524417461468,45,48,16
WMT,2020-08-14,132.33999633789062,132.97000122070312,131.6300048828125,132.60000610351562,127.03111267089844,6702100,False,0.00567201613670182,0.010881390364922914,0.10879523445534771,45,48,16
WMT,2020-08-17,134.35000610351562,136.1300048828125,133.85000610351562,135.60000610351562,129.90516662597656,13155000,True,0.022372658641521423,0.012981313251389619,0.12979086048377889,44,48,16
WMT,2020-08-18,136.1699981689453,137.6300048828125,133.1699981689453,134.7100067138672,129.0525360107422,26744200,False,-0.006585119404899263,0.010789588685361513,0.10787737516381148,45,48,16
WMT,2020-08-19,134.2100067138672,134.66000366210938,131.85000610351562,132.41000366210938,126.8491439819336,12718400,False,-0.017221039600336177,0.014783003138682358,0.14780466819861968,44,48,16
WMT,2020-08-20,131.2100067138672,132.07000732421875,130.0500030517578,130.57000732421875,125.0864028930664,8936900,False,-0.013993816090243982,0.016197448380453307,0.16194669385361155,43,40,13
WMT,2020-08-21,130.5500030517578,132.6699981689453,130.10000610351562,131.6300048828125,126.10187530517578,8288000,False,0.00808539276972569,0.01651426318000956,0.16511429829024282,43,40,13
WMT,2020-08-24,132.25,132.47999572753906,130.3300018310547,131.3300018310547,125.8144760131836,6604600,True,-0.0022817051388350994,0.010019757526241829,0.10018038437139894,45,48,16
WMT,2020-08-25,130.8000030517578,131.24000549316406,129.6699981689453,130.6300048828125,125.14388275146484,7240800,False,-0.005344271942966289,0.010029365295399342,0.10027644557893121,45,48,16
WMT,2020-08-26,130.2100067138672,130.8800048828125,129.6999969482422,130.6999969482422,125.2109146118164,6271600,False,0.0005354949268745013,0.00808486753221853,0.08083480412058305,46,48,16
WMT,2020-08-27,131.0800018310547,139.35000610351562,130.89999389648438,136.6300048828125,130.8918914794922,39672900,False,0.04437209433137262,0.020351151563200713,0.20347659917542374,41,40,13
WMT,2020-08-28,141.0,141.07000732421875,137.83999633789062,140.3000030517578,134.40774536132812,21350300,False,0.026506328996785348,0.021747080954531744,0.21743349809364818,41,40,13
WMT,2020-08-31,137.47999572753906,138.88999938964844,135.52999877929688,138.85000610351562,133.01866149902344,15078800,True,-0.010388625203425247,0.023388910518300225,0.23384897684549225,40,40,13
WMT,2020-09-01,141.1999969482422,149.58999633789062,140.0500030517578,147.58999633789062,141.3916015625,35599400,False,0.06104392640646895,0.02968947879287219,0.29684384971060507,38,40,13
WMT,2020-09-02,151.25,151.3300018310547,145.61000061035156,147.67999267578125,141.47781372070312,17222000,False,0.0006095544884991725,0.029674602574050024,0.2966951130455017,38,40,13
WMT,2020-09-03,146.6999969482422,149.60000610351562,141.80999755859375,144.5399932861328,138.46969604492188,16005000,False,-0.021491410729405018,0.033036493692818025,0.33030825623892734,36,32,10
WMT,2020-09-04,144.02000427246094,145.0399932861328,140.10000610351562,142.8300018310547,136.8314971923828,11327400,False,-0.011901279246178526,0.033069224222719046,0.33063550538219016,36,32,10
WMT,2020-09-08,141.41000366210938,141.89999389648438,138.25999450683594,138.4499969482422,132.6354522705078,11322300,True,-0.031145816781604278,0.036395916387613116,0.36389671942769714,35,32,10
WMT,2020-09-09,140.08999633789062,142.61000061035156,139.4499969482422,139.88999938964844,134.0149688720703,11223000,False,0.010347097173106477,0.016634407288179477,0.16631553324077916,43,40,13
WMT,2020-09-10,140.05999755859375,140.5399932861328,136.58999633789062,136.80999755859375,131.0643310546875,11236400,False,-0.02226322229679869,0.015868478389302144,0.15865755835568496,43,40,13
WMT,2020-09-11,137.0500030517578,138.44000244140625,135.5500030517578,136.6999969482422,130.95892333984375,9626600,False,-0.000804567676815078,0.016530682930708057,0.16527846762587292,43,40,13
WMT,2020-09-14,136.13999938964844,141.10000610351562,135.8800048828125,137.32000732421875,131.5529327392578,15244600,True,0.004525589221830705,0.017918998813634932,0.17915924452254686,42,40,13
WMT,2020-09-15,138.22999572753906,139.0800018310547,136.67999267578125,137.36000061035156,131.5912322998047,10142600,False,0.00029109184930349905,0.012363573796427624,0.12361452578931219,45,48,16
WMT,2020-09-16,138.41000366210938,138.67999267578125,136.0500030517578,136.25999450683594,130.53741455078125,9286800,False,-0.008040505599812895,0.010526918116499534,0.105251120138904,45,48,16
WMT,2020-09-17,135.42999267578125,137.57000732421875,135.02000427246094,136.69000244140625,130.94937133789062,12415000,False,0.0031508829521692118,0.00488970373839349,0.04888864812263157,48,48,16
WMT,2020-09-18,136.44000244140625,137.52999877929688,134.75,135.2899932861328,129.608154296875,18236400,False,-0.010295069266210004,0.006701358208928764,0.06700208457366917,47,48,16
WMT,2020-09-21,136.5,137.24000549316406,135.2899932861328,137.07000732421875,131.31341552734375,15758500,True,0.013071249811053929,0.009365419890125065,0.09363813065685853,46,48,16
WMT,2020-09-22,137.07000732421875,138.99000549316406,136.57000732421875,138.30999755859375,132.50132751464844,11034000,False,0.009005713647283567,0.010283798099270554,0.10282033708745868,45,48,16
WMT,2020-09-23,139.0,139.24000549316406,135.82000732421875,135.99000549316406,130.2787628173828,7711100,False,-0.016916180327340657,0.012779351937050697,0.1277715938452762,44,48,16
WMT,2020-09-24,135.72999572753906,137.7899932861328,135.07000732421875,136.6999969482422,130.95892333984375,9817700,False,0.005207227711722731,0.012953958992621263,0.12951736482777806,44,48,16
WMT,2020-09-25,136.52000427246094,137.5399932861328,135.9600067138672,137.27000427246094,131.50502014160156,7539600,False,0.004161315131947852,0.011622490139815747,0.11620496069990767,45,48,16
WMT,2020-09-28,137.16000366210938,138.0500030517578,136.72000122070312,137.25,131.48587036132812,7065700,True,-0.00014563074995228726,0.010141110700456738,0.10139370790799143,45,48,16
WMT,2020-09-29,137.25,138.13999938964844,136.38999938964844,137.13999938964844,131.38047790527344,9234300,False,-0.0008018710831335029,0.00889971415388324,0.08898187230544806,46,48,16
WMT,2020-09-30,137.38999938964844,141.74000549316406,137.1999969482422,139.91000366210938,134.0341339111328,11608800,False,0.01999697315484578,0.008418108444786297,0.08416664150505877,46,48,16
WMT,2020-10-01,140.8000030517578,144.3800048828125,140.25999450683594,143.0800018310547,137.0709991455078,14430300,False,0.022404535332506664,0.011221311996218166,0.11219386756499382,45,48,16
WMT,2020-10-02,142.33999633789062,143.10000610351562,140.1300048828125,140.5,134.59933471679688,8195000,False,-0.018196558995421216,0.016773784079058742,0.16770906202090863,43,40,13
WMT,2020-10-05,141.2899932861328,142.19000244140625,141.07000732421875,141.8000030517578,135.84475708007812,4753000,True,0.009210267149787564,0.016626055264213385,0.16623202733067993,43,40,13
WMT,2020-10-06,141.8699951171875,142.94000244140625,140.25,140.6300048828125,134.72390747070312,7158500,False,-0.008285187221458545,0.01774913075778272,0.17746085540653003,42,40,13
WMT,2020-10-07,141.25999450683594,141.5500030517578,140.25,140.88999938964844,134.9729766845703,5649700,False,0.0018470312362422628,0.015654220765387677,0.1565153497181966,43,40,13
WMT,2020-10-08,141.50999450683594,142.08999633789062,141.1199951171875,141.36000061035156,135.4232635498047,4892300,False,0.0033305735396778275,0.01083789639362344,0.10836036936492928,45,48,16
WMT,2020-10-09,141.66000366210938,143.33999633789062,141.55999755859375,142.77999877929688,136.78359985351562,4831600,False,0.009994954656057327,0.007349318212217002,0.07348057290202455,47,48,16
WMT,2020-10-12,143.02000427246094,145.38999938964844,143.02000427246094,144.25,138.1918487548828,6134100,True,0.010242814190894992,0.007570902781074104,0.07569603841810488,46,48,16
WMT,2020-10-13,144.67999267578125,146.60000610351562,144.36000061035156,146.22999572753906,140.08871459960938,7933400,False,0.013632969552179689,0.005005543014600161,0.05004684213933266,47,48,16
WMT,2020-10-14,146.39999389648438,146.52999877929688,143.75999450683594,143.94000244140625,137.8948974609375,6570300,False,-0.015784115252040383,0.011823324104767061,0.11821295577872681,45,48,16
WMT,2020-10-15,143.08999633789062,144.9600067138672,142.83999633789062,144.52999877929688,138.46011352539062,4564200,False,0.004090512783170345,0.011812892717721932,0.11810865980539903,45,48,16
WMT,2020-10-16,145.39999389648438,146.14999389648438,144.47000122070312,144.7100067138672,138.63253784179688,5645000,False,0.0012445248028798198,0.011425161325422857,0.11423201111288839,45,48,16
WMT,2020-10-19,145.10000610351562,145.3699951171875,142.75,142.9499969482422,136.94647216796875,4881100,True,-0.012236684590067624,0.0121101520275713,0.12108074289630152,45,48,16
WMT,2020-10-20,144.11000061035156,145.52999877929688,143.6199951171875,143.89999389648438,137.85655212402344,4841000,False,0.0066235317867161594,0.010117163691721687,0.10115427890650716,45,48,16
WMT,2020-10-21,143.83999633789062,145.72999572753906,143.83999633789062,144.39999389648438,138.33554077148438,4371400,False,0.003468521655714548,0.007447879962251488,0.07446602130004341,47,48,16
WMT,2020-10-22,144.19000244140625,144.55999755859375,142.69000244140625,143.5500030517578,137.52125549316406,4448000,False,-0.005903698255132231,0.0076286042174922,0.0762729537839715,46,48,16
WMT,2020-10-23,143.97000122070312,144.13999938964844,142.85000610351562,143.85000610351562,137.80865478515625,3513500,False,0.0020876729018256272,0.0077094813640549145,0.07708158648873453,46,48,16
WMT,2020-10-26,142.83999633789062,143.1199951171875,140.94000244140625,142.16000366210938,136.18963623046875,5370600,True,-0.011817864933249066,0.007560313940201614,0.0755901681766469,46,48,16
WMT,2020-10-27,142.0500030517578,143.6999969482422,141.97000122070312,142.8699951171875,136.86981201171875,3943700,False,0.0049818982087537515,0.007165951883573308,0.07164722421707012,47,48,16
WMT,2020-10-28,140.9600067138672,142.1300048828125,139.8800048828125,140.0399932861328,134.15866088867188,5616400,False,-0.020007060726526353,0.010197796915495855,0.10196047280188288,45,48,16
WMT,2020-10-29,140.0,141.11000061035156,138.6999969482422,139.9199981689453,134.04371643066406,5051300,False,-0.0008571472497310756,0.01047206701337618,0.10470270321566995,45,48,16
WMT,2020-10-30,139.17999267578125,140.08999633789062,137.3699951171875,138.75,132.92286682128906,6200600,False,-0.008396977491097446,0.009687708363942895,0.09686046244492642,46,48,16
WMT,2020-11-02,140.58999633789062,140.80999755859375,139.02999877929688,140.39999389648438,134.5035400390625,5525200,True,0.011821507414219964,0.012298927828120636,0.12296817701928517,45,48,16
WMT,2020-11-03,141.64999389648438,144.16000366210938,141.57000732421875,142.77999877929688,136.78359985351562,5137700,False,0.016809595201489086,0.014947888971448844,0.14945324363177592,44,48,16
WMT,2020-11-04,141.57000732421875,144.38999938964844,141.33999633789062,141.9600067138672,135.99803161621094,5975800,False,-0.0057597016689502276,0.01106393444753844,0.11062036209074737,45,48,16
WMT,2020-11-05,144.0,144.22999572753906,142.94000244140625,143.47000122070312,137.44461059570312,4734200,False,0.010580591695659489,0.01131803965432379,0.11316097819047431,45,48,16
WMT,2020-11-06,144.36000061035156,146.22000122070312,143.5500030517578,145.77000427246094,139.64804077148438,5399500,False,0.015904258812707957,0.009126488223424675,0.091249223924749,46,48,16
WMT,2020-11-09,148.0,148.1999969482422,143.47999572753906,143.5399932861328,137.51165771484375,9399500,True,-0.015416565836064775,0.014321825686016825,0.14319368491379914,44,48,16
WMT,2020-11-10,143.75,146.44000244140625,143.52999877929688,145.55999755859375,139.44683837890625,6066400,False,0.013974744846397326,0.013753755681945815,0.13751395951039994,44,48,16
WMT,2020-11-11,146.9199981689453,148.9600067138672,146.39999389648438,147.97999572753906,141.7652130126953,6268600,False,0.016488817950264086,0.013460689165783798,0.13458379716279772,44,48,16
WMT,2020-11-12,148.47999572753906,148.7100067138672,147.10000610351562,148.22999572753906,142.0047149658203,4188100,False,0.0016880013446092682,0.01367091519408762,0.1366856967611854,44,48,16
WMT,2020-11-13,148.94000244140625,150.94000244140625,147.52000427246094,150.5399932861328,144.2176971435547,6579400,False,0.015463682662851903,0.013596589020015601,0.13594256254183038,44,48,16
WMT,2020-11-16,150.52999877929688,153.39999389648438,149.27999877929688,152.44000244140625,146.03790283203125,11520100,True,0.012542252756944582,0.0059722816930967305,0.05971257029141999,47,48,16
WMT,2020-11-17,150.5,153.24000549316406,149.17999267578125,149.3699951171875,143.0968017578125,14237200,False,-0.020344859842641214,0.015423666971459471,0.15421020733989846,43,40,13
WMT,2020-11-18,149.86000061035156,151.6699981689453,149.0500030517578,149.08999633789062,142.82859802246094,8312300,False,-0.0018760404932210133,0.01419107580058984,0.14188641038701677,44,48,16
WMT,2020-11-19,149.4600067138672,152.4499969482422,149.32000732421875,152.1199951171875,145.7313232421875,6196900,False,0.020119378480386498,0.016465479781046295,0.16462654799825382,43,40,13
WMT,2020-11-20,151.1699981689453,152.75999450683594,149.80999755859375,150.24000549316406,143.93031311035156,7312400,False,-0.012435428891833744,0.016832813730288564,0.16829925725607528,43,40,13
WMT,2020-11-23,150.3699951171875,151.39999389648438,149.3699951171875,150.92999267578125,144.59129333496094,6185700,True,0.004581850136644143,0.015636772981907156,0.1563409018185414,43,40,13
WMT,2020-11-24,151.74000549316406,151.97999572753906,150.27000427246094,151.36000061035156,145.0032501220703,5718400,False,0.002845060960536269,0.011800470748357106,0.11798446142411496,45,48,16
WMT,2020-11-25,151.25,152.38999938964844,151.2100067138672,151.8300018310547,145.45352172851562,4611100,False,0.003100440483941366,0.011530388521648914,0.11528410253692158,45,48,16
WMT,2020-11-27,152.14999389648438,152.72000122070312,151.10000610351562,151.60000610351562,145.2332000732422,3666500,True,-0.0015158703919939012,0.006951502084681445,0.06950309415952231,47,48,16
WMT,2020-11-30,151.60000610351562,152.9499969482422,150.10000610351562,152.7899932861328,146.37318420410156,10898500,True,0.007818689848847338,0.003371916973422145,0.033713384538615214,48,48,16
WMT,2020-12-01,153.60000610351562,153.66000366210938,151.66000366210938,152.63999938964844,146.22950744628906,7645100,False,-0.00098206047626861,0.0037654878517738824,0.03764841807285031,48,48,16
WMT,2020-12-02,152.0,152.6199951171875,149.52999877929688,150.52000427246094,144.1985321044922,7849000,False,-0.013986311050325675,0.008115259567249027,0.08113867232729464,46,48,16
WMT,2020-12-03,150.27999877929688,150.27999877929688,148.38999938964844,149.3000030517578,143.02980041503906,8575300,False,-0.008138042158988243,0.008212287865662643,0.0821087888400467,46,48,16
WMT,2020-12-04,149.50999450683594,149.50999450683594,147.5800018310547,148.91000366210938,142.6561737060547,6963100,False,-0.002615647640044157,0.008165115602966509,0.08163714714650366,46,48,16
WMT,2020-12-07,148.4600067138672,148.99000549316406,147.16000366210938,148.11000061035156,141.88975524902344,6159700,True,-0.00538697083641518,0.005126298877222931,0.05125419358481084,47,48,16
WMT,2020-12-08,147.36000061035156,149.85000610351562,147.17999267578125,149.4499969482422,143.17349243164062,6905500,False,0.009006744091127792,0.008509029479622674,0.08507569586026632,46,48,16
WMT,2020-12-09,150.0,150.0,147.88999938964844,148.27000427246094,142.0430450439453,6713200,False,-0.007926982896529105,0.007083098829647336,0.07081883582873741,47,48,16
WMT,2020-12-10,147.75,148.14999389648438,146.57000732421875,147.0399932861328,141.3795928955078,6884100,False,-0.004681724544559859,0.0066106891692947695,0.06609554973813746,47,48,16
WMT,2020-12-11,146.9199981689453,147.50999450683594,145.94000244140625,147.0,141.34112548828125,5620300,False,-0.0002721230172578257,0.0066674041294044585,0.06666260203341674,47,48,16
WMT,2020-12-14,147.6999969482422,147.72000122070312,145.39999389648438,145.64999389648438,140.0430908203125,8362700,True,-0.009226131391015888,0.007361206626536543,0.07359943664827577,47,48,16
WMT,2020-12-15,145.52000427246094,146.36000061035156,144.86000061035156,145.5800018310547,139.97579956054688,10623800,False,-0.0004806194394202163,0.004127419995708728,0.04126711854547114,48,48,16
WMT,2020-12-16,146.24000549316406,146.88999938964844,145.0800018310547,145.42999267578125,139.83155822753906,8550300,False,-0.0010310046663896293,0.0038458672770139432,0.03845207441832694,48,48,16
WMT,2020-12-17,146.05999755859375,146.44000244140625,145.14999389648438,146.10000610351562,140.4757843017578,10226500,False,0.00459657747600075,0.004984775709607211,0.04983920471985389,48,48,16
WMT,2020-12-18,146.6199951171875,147.17999267578125,145.16000366210938,145.9499969482422,140.33155822753906,13794700,False,-0.0010272244707123855,0.004957872070302644,0.049570214485363466,48,48,16
WMT,2020-12-21,145.5,146.6699981689453,145.05999755859375,145.97000122070312,140.3507843017578,8517700,True,0.00013699525289384679,0.0023734513451990702,0.023730441323168407,49,48,16
WMT,2020-12-22,145.14999389648438,146.22999572753906,143.13999938964844,144.1999969482422,138.64891052246094,12533000,False,-0.01219997669993098,0.006204054263896546,0.06202989834737962,47,48,16
WMT,2020-12-23,143.5399932861328,144.22000122070312,142.3000030517578,143.22000122070312,137.70664978027344,6810200,False,-0.0068192179129590615,0.0065315961684749724,0.065304755429746,47,48,16
WMT,2020-12-24,143.5399932861328,144.38999938964844,143.17999267578125,143.5,137.9758758544922,3018200,False,0.001953160862747152,0.0058254717327590475,0.05824472256979001,47,48,16
WMT,2020-12-28,144.0399932861328,145.3000030517578,143.3300018310547,145.22000122070312,139.62965393066406,6448300,True,0.011914731249865595,0.00916660971680201,0.09165037002210406,46,48,16
WMT,2020-12-29,145.63999938964844,145.85000610351562,143.58999633789062,144.3000030517578,138.7450714111328,5979400,False,-0.0063553578425103955,0.009421076761616675,0.09419460388131891,46,48,16
WMT,2020-12-30,144.8800048828125,145.14999389648438,143.94000244140625,144.17999267578125,138.6296844482422,6250400,False,-0.0008319933022683532,0.007638002535988877,0.07636692084424977,46,48,16
WMT,2020-12-31,144.1999969482422,144.27000427246094,142.85000610351562,144.14999389648438,138.600830078125,5938000,False,-0.00020816157464249185,0.006680633138276746,0.06679486942513829,47,48,16
WMT,2021-01-04,144.3000030517578,146.88999938964844,144.27999877929688,146.52999877929688,140.88922119140625,10727400,True,0.016375840514722788,0.009538532279948947,0.0953689575462905,46,48,16
WMT,2021-01-05,146.60000610351562,147.07000732421875,144.49000549316406,145.75,140.1392364501953,8832700,False,-0.005337441823405362,0.00915325668196274,0.09151686258350396,46,48,16
WMT,2021-01-06,145.08999633789062,148.10000610351562,145.00999450683594,146.66000366210938,141.01422119140625,7306300,False,0.006224270356861796,0.008418722143917966,0.08417277744345229,46,48,16
WMT,2021-01-07,147.6199951171875,147.75999450683594,146.0399932861328,146.64999389648438,141.0045928955078,6846000,False,-6.828123104730135e-05,0.008332760593474804,0.08331330942319298,46,48,16
WMT,2021-01-08,146.8800048828125,147.0,145.80999755859375,146.6300048828125,140.9853973388672,8159400,False,-0.00013614353228869064,0.00832502908446605,0.08323600759805008,46,48,16
WMT,2021-01-11,146.0,147.99000549316406,146.0,147.2899932861328,141.6199493408203,8754800,True,0.0044907364691467505,0.004529554672640663,0.04528777537260494,48,48,16
WMT,2021-01-12,149.0,149.92999267578125,148.32000732421875,148.97000122070312,143.2353057861328,7791100,False,0.011341716412711927,0.004797431457391348,0.0479660836240985,48,48,16
WMT,2021-01-13,148.75,149.07000732421875,147.42999267578125,147.4499969482422,141.77377319335938,5356500,False,-0.010256132256011224,0.00787783660707181,0.07876485007193014,46,48,16
WMT,2021-01-14,147.82000732421875,148.0,146.0399932861328,146.97000122070312,141.31228637695312,7672400,False,-0.0032604023378307893,0.008119235939164684,0.08117842922419269,46,48,16
WMT,2021-01-15,145.13999938964844,145.89999389648438,143.6699981689453,144.63999938964844,139.0719757080078,11973500,False,-0.015980628368496567,0.010984709147427793,0.1098282450164332,45,48,16
WMT,2021-01-19,144.63999938964844,145.07000732421875,142.6699981689453,143.38999938964844,137.87008666992188,8041200,True,-0.008679769143448366,0.010382029168477991,0.10380247924455593,45,48,16
WMT,2021-01-20,143.58999633789062,145.66000366210938,142.88999938964844,145.50999450683594,139.9084930419922,7925200,False,0.014676746958816678,0.01174193881560518,0.11739924251979202,45,48,16
WMT,2021-01-21,145.36000061035156,145.72999572753906,144.2100067138672,144.85000610351562,139.27389526367188,4775300,False,-0.004546123952303291,0.011337164159304134,0.11335219042837787,45,48,16
WMT,2021-01-22,145.60000610351562,147.33999633789062,145.1199951171875,146.3300018310547,140.69696044921875,6406500,False,0.01016589700033527,0.012906682340593438,0.12904467942001882,44,48,16
WMT,2021-01-25,145.36000061035156,146.25,144.27000427246094,146.1999969482422,140.57192993164062,6343700,True,-0.0008890462478391884,0.009906206040342794,0.09904506433261398,46,48,16
WMT,2021-01-26,145.6300048828125,147.80999755859375,145.47000122070312,147.50999450683594,141.8314971923828,5010500,False,0.008920398919434185,0.00805123984426783,0.08049858493607687,46,48,16
WMT,2021-01-27,146.9600067138672,147.86000061035156,143.5500030517578,143.83999633789062,138.30279541015625,9970100,False,-0.02519426237566769,0.014252005830810016,0.14249560615160806,44,48,16
WMT,2021-01-28,144.4600067138672,146.25999450683594,143.6300048828125,143.75,138.2162322998047,7433900,False,-0.0006260915488970952,0.014205895655733615,0.14203458351203935,44,48,16
WMT,2021-01-29,143.17999267578125,143.75,140.35000610351562,140.49000549316406,135.08172607421875,10836400,False,-0.022939385973887727,0.015082787300703686,0.15080199547935466,43,40,13
WMT,2021-02-01,140.91000366210938,141.49000549316406,139.19000244140625,139.27000427246094,133.90870666503906,8648400,True,-0.008721699377919986,0.014537579793002155,0.14535085581448112,44,48,16
WMT,2021-02-02,139.75999450683594,142.14999389648438,139.44000244140625,140.77000427246094,135.35096740722656,9000800,False,0.010712889263283747,0.015122275444534112,0.151196809167878,43,40,13
WMT,2021-02-03,140.66000366210938,142.0500030517578,140.6300048828125,141.1999969482422,135.76441955566406,4988900,False,0.00305001109367437,0.012826868862572281,0.128246681575736,44,48,16
WMT,2021-02-04,141.7899932861328,143.17999267578125,141.25999450683594,142.52999877929688,137.04319763183594,5782100,False,0.009375012731811313,0.01413960752260547,0.14137181591126183,44,48,16
WMT,2021-02-05,143.4600067138672,144.85000610351562,142.52999877929688,144.36000061035156,138.80274963378906,6817200,False,0.012757670608910095,0.008704907083939577,0.08703413583636585,46,48,16
WMT,2021-02-08,144.80999755859375,145.5800018310547,144.4600067138672,145.02999877929688,139.4469757080078,5275100,True,0.0046305686344200285,0.0041135735205286295,0.04112867755005799,48,48,16
WMT,2021-02-09,144.5800018310547,146.32000732421875,144.5800018310547,145.8300018310547,140.21617126464844,5302300,False,0.0055008856519315795,0.003944479674751747,0.03943802920648277,48,48,16
WMT,2021-02-10,145.8300018310547,145.89999389648438,143.5399932861328,144.1300048828125,138.5816192626953,6192300,False,-0.011725851395447203,0.009427118894477624,0.09425501484344526,46,48,16
WMT,2021-02-11,144.13999938964844,144.9499969482422,143.7100067138672,144.02000427246094,138.47586059570312,4263800,False,-0.0007634421000506933,0.009095427482514351,0.09093866980653735,46,48,16
WMT,2021-02-12,144.16000366210938,144.61000061035156,143.6699981689453,144.47000122070312,138.9085235595703,4474500,False,0.003119593888239782,0.007060385180910503,0.07059173831116042,47,48,16
WMT,2021-02-16,145.94000244140625,146.38999938964844,144.92999267578125,145.66000366210938,140.052734375,9297000,True,0.008203413195275875,0.007771876892193812,0.07770543471815929,46,48,16
WMT,2021-02-17,144.64999389648438,147.5,144.5,147.1999969482422,141.53341674804688,8523700,False,0.010516824172745767,0.008778145707744722,0.08776639641896136,46,48,16
WMT,2021-02-18,139.0,140.6999969482422,137.5,137.66000366210938,132.36068725585938,32309100,False,-0.06700517460247707,0.032619078181315826,0.32613481728340815,36,32,10
WMT,2021-02-19,137.8000030517578,139.4199981689453,137.6699981689453,138.33999633789062,133.01451110839844,12202000,False,0.004927552985468409,0.033082433752939,0.33076757802080786,36,32,10
WMT,2021-02-22,137.74000549316406,138.33999633789062,136.25,137.69000244140625,132.3895263671875,10702200,True,-0.004709693962447924,0.03260355117287461,0.32597957383867354,36,32,10
WMT,2021-02-23,137.11000061035156,137.38999938964844,135.05999755859375,135.47000122070312,130.25497436523438,10433400,False,-0.016254663577721335,0.031060398728747624,0.3105506969829789,37,40,13
WMT,2021-02-24,135.8699951171875,136.16000366210938,133.0500030517578,133.2100067138672,128.08197021484375,15521900,False,-0.01682341954870011,0.027788385077009547,0.2778361742571448,38,40,13
WMT,2021-02-25,133.10000610351562,134.00999450683594,131.47999572753906,131.9499969482422,126.87049865722656,11108200,False,-0.009503580656491775,0.009015031662848,0.09013484954492573,46,48,16
WMT,2021-02-26,131.47999572753906,131.80999755859375,129.86000061035156,129.9199981689453,124.91863250732422,14156900,False,-0.015504285195434162,0.005278851693376591,0.05277946001158686,47,48,16
WMT,2021-03-01,131.5800018310547,132.57000732421875,131.1300048828125,131.3699951171875,126.31282043457033,11544800,True,0.011098946592860252,0.01182765165712029,0.11825622387748054,45,48,16
WMT,2021-03-02,131.50999450683594,132.75,130.00999450683594,130.11000061035156,125.10132598876952,9743600,False,-0.009637515153063806,0.011223319941759301,0.11221394357537441,45,48,16
WMT,2021-03-03,129.5,129.92999267578125,127.5500030517578,127.58999633789062,122.67833709716795,13945800,False,-0.01955823249285942,0.011807743380503086,0.11805717526792485,45,48,16
WMT,2021-03-04,127.86000061035156,129.5800018310547,126.27999877929688,127.52999877929688,122.6206512451172,15116000,False,-0.00047033095002948637,0.012318934092304484,0.1231682053363901,45,48,16
WMT,2021-03-05,126.83000183105467,129.75,126.75,129.1199951171875,124.1494369506836,11357900,False,0.012390523305353514,0.013644678010340973,0.13642336993883683,44,48,16
WMT,2021-03-08,129.3300018310547,129.83999633789062,127.80999755859376,127.87999725341795,122.95716857910156,13662800,True,-0.009649904915168902,0.012013294916119846,0.12011233795946574,45,48,16
WMT,2021-03-09,128.8000030517578,129.8800048828125,128.32000732421875,128.88999938964844,123.92829132080078,10662900,False,0.007867030732934184,0.012976236447141272,0.12974010115156492,44,48,16
WMT,2021-03-10,128.86000061035156,133.0500030517578,128.47000122070312,132.17999267578125,127.09161376953124,14976400,False,0.02520509213405622,0.013174184914353855,0.13171924620364323,44,48,16
WMT,2021-03-11,133.36000061035156,133.49000549316406,131.52999877929688,132.1300048828125,127.04359436035156,11829900,False,-0.00037790442421975566,0.013161020611731987,0.1315876257634094,44,48,16
WMT,2021-03-12,132.52000427246094,134.52000427246094,132.0800018310547,134.1199951171875,128.9569549560547,9479200,False,0.014948375928701584,0.013464911540240666,0.1346260136630415,44,48,16
WMT,2021-03-15,134.74000549316406,134.75,132.82000732421875,133.42999267578125,128.29351806640625,8357300,True,-0.005157917516720728,0.012107829660158003,0.12105752320665272,45,48,16
WMT,2021-03-16,132.82000732421875,134.27999877929688,132.82000732421875,133.38999938964844,128.25503540039062,6627000,False,-0.000300002988005366,0.012748013698181437,0.12745826522357825,44,48,16
WMT,2021-03-17,132.5,133.13999938964844,131.97999572753906,132.27999877929688,127.18778228759766,8052100,False,-0.008356150566666798,0.008944295577790473,0.0894276100562024,46,48,16
WMT,2021-03-18,131.16000366210938,131.9499969482422,129.92999267578125,130.00999450683594,125.52709197998048,9938500,False,-0.013142987469480805,0.01076881769401442,0.10766970088711596,45,48,16
WMT,2021-03-19,130.1300048828125,132.5,129.89999389648438,131.74000549316406,127.19744110107422,19234500,False,0.013218925948552424,0.010077825070747368,0.10076096019000862,45,48,16
WMT,2021-03-22,131.0,132.4499969482422,130.99000549316406,132.3699951171875,127.80574798583984,8218000,True,0.004770983773298156,0.010455305046770136,0.10453511230810396,45,48,16
WMT,2021-03-23,131.7100067138672,134.3000030517578,131.6300048828125,133.94000244140625,129.32159423828125,9718300,False,0.011790763289758787,0.011888765663004171,0.11886725908306196,45,48,16
WMT,2021-03-24,134.42999267578125,134.42999267578125,133.0500030517578,133.11000061035156,128.52020263671875,7849100,False,-0.006216169696346327,0.011469325123622769,0.11467357332308965,45,48,16
WMT,2021-03-25,133.25999450683594,134.52999877929688,132.8699951171875,134.00999450683594,129.38916015625,9375300,False,0.006738497572997755,0.007696072553936451,0.07694752139303611,46,48,16
WMT,2021-03-26,134.0,135.1999969482422,133.4199981689453,135.1300048828125,130.47056579589844,9551200,False,0.008323043352468924,0.006819113194173955,0.06817943239397478,47,48,16
WMT,2021-03-29,135.0,137.00999450683594,134.60000610351562,136.6699981689453,131.95742797851562,10048800,True,0.011331703386919346,0.007354628379669005,0.07353366546589396,47,48,16
WMT,2021-03-30,136.3300018310547,137.58999633789062,135.47000122070312,135.74000549316406,131.05953979492188,9076700,False,-0.006827633055245835,0.008554293113275997,0.08552825453801477,46,48,16
WMT,2021-03-31,135.5500030517578,136.86000061035156,134.9600067138672,135.8300018310547,131.1464080810547,8182000,False,0.0006625958717920679,0.007216429787881936,0.07215191665525109,47,48,16
WMT,2021-04-01,135.94000244140625,136.88999938964844,135.3300018310547,135.6199951171875,130.9436492919922,8531700,False,-0.0015472454891621661,0.007392659158400355,0.07391390800382684,47,48,16
WMT,2021-04-05,136.72000122070312,140.16000366210938,136.1999969482422,139.42999267578125,134.6222686767578,13347700,True,0.027705774309881012,0.013685881759396248,0.13683533673614598,44,48,16
WMT,2021-04-06,139.11000061035156,140.9499969482422,138.52000427246094,140.10000610351562,135.26919555664062,10348200,False,0.004793987247500395,0.013389902884047327,0.13387605579340736,44,48,16
WMT,2021-04-07,140.3000030517578,140.75,139.64999389648438,139.8000030517578,134.97952270507812,6787200,False,-0.002143750870401167,0.012493084975973791,0.12490941538253318,45,48,16
WMT,2021-04-08,140.4499969482422,141.1199951171875,139.66000366210938,139.7100067138672,134.8926544189453,6365200,False,-0.000643773582432475,0.012642616166401721,0.12640447073625305,44,48,16
WMT,2021-04-09,139.6300048828125,140.08999633789062,138.7100067138672,139.77999877929688,134.96022033691406,6892200,False,0.0005007611606272863,0.012382326770086093,0.12380202335143302,45,48,16
WMT,2021-04-12,140.07000732421875,140.3800048828125,139.33999633789062,139.8000030517578,134.97952270507812,6241000,True,0.00014301242180533893,0.0025912781436428843,0.025908335582319947,48,48,16
WMT,2021-04-13,139.8000030517578,140.0,138.8699951171875,139.3699951171875,134.56434631347656,5799300,False,-0.0030805873748803087,0.0015258278954914356,0.015255661093055227,49,48,16
WMT,2021-04-14,139.1199951171875,139.4600067138672,138.4199981689453,139.32000732421875,134.51608276367188,7308200,False,-0.0003587295477994829,0.0014087746450420692,0.014085329416741952,49,48,16
WMT,2021-04-15,139.39999389648438,140.47000122070312,139.1999969482422,140.16000366210938,135.32711791992188,7236800,False,0.006011176834344116,0.0033149700954769328,0.033144013462881976,48,48,16
WMT,2021-04-16,140.88999938964844,140.9600067138672,139.7100067138672,140.61000061035156,135.76161193847656,8829500,False,0.003205551118538148,0.00350138116150786,0.035007804297854904,48,48,16
WMT,2021-04-19,140.2899932861328,140.57000732421875,139.61000061035156,139.7100067138672,134.8926544189453,6427000,True,-0.006421184612634836,0.004928925676923058,0.0492808002148746,48,48,16
WMT,2021-04-20,139.4199981689453,141.77000427246094,138.82000732421875,140.7899932861328,135.9353790283203,8150700,False,0.0077003089262164615,0.005623891219206182,0.05622926328580827,47,48,16
WMT,2021-04-21,140.77000427246094,141.6999969482422,140.52999877929688,141.1999969482422,136.33126831054688,5778400,False,0.002908101782577917,0.005464888686975094,0.05463951076403136,47,48,16
WMT,2021-04-22,141.0800018310547,141.4499969482422,139.4199981689453,139.6699981689453,134.85403442382812,6568400,False,-0.010894753392345002,0.007673035047984181,0.07671718585894634,46,48,16
WMT,2021-04-23,139.10000610351562,140.33999633789062,139.02999877929688,139.89999389648438,135.0760498046875,7657000,False,0.001644984711933272,0.0075043184911355535,0.0750303097573393,46,48,16
WMT,2021-04-26,139.91000366210938,140.0,137.63999938964844,137.91000366210938,133.15472412109375,7615400,True,-0.01432616038982835,0.009496854804930573,0.09495225430212167,46,48,16
WMT,2021-04-27,138.0,138.9499969482422,137.5500030517578,138.3800048828125,133.60850524902344,5383800,False,0.0034021297964595644,0.008471292387467556,0.0846983896842179,46,48,16
WMT,2021-04-28,138.35000610351562,138.58999633789062,137.8699951171875,137.88999938964844,133.1353759765625,4762200,False,-0.003547446085410535,0.007717834254184918,0.07716510105898679,46,48,16
WMT,2021-04-29,137.89999389648438,140.0,137.89999389648438,139.6300048828125,134.8153533935547,6532000,False,0.012539614536287337,0.009865713102521927,0.09864020442811057,46,48,16
WMT,2021-04-30,139.7100067138672,139.99000549316406,139.11000061035156,139.91000366210938,135.0857391357422,6560000,False,0.0020035919833169464,0.009882472070745113,0.0988077653569923,46,48,16
WMT,2021-05-03,139.67999267578125,142.74000549316406,139.67999267578125,142.1199951171875,137.2195281982422,9046500,True,0.01567235741573366,0.007908761007557505,0.07907404101981468,46,48,16
WMT,2021-05-04,141.5399932861328,142.02999877929688,140.10000610351562,140.72000122070312,135.8677978515625,6361400,False,-0.009899700625469802,0.0107381514177363,0.10736309073844363,45,48,16
WMT,2021-05-05,140.7100067138672,141.1999969482422,140.25,140.60000610351562,135.75193786621094,6117000,False,-0.0008531043745564387,0.01036642613191508,0.10364647564904579,45,48,16
WMT,2021-05-06,140.0,141.36000061035156,139.4499969482422,141.0500030517578,136.7212677001953,5434000,False,0.0071150770313089355,0.009481284410959256,0.09479657707652261,46,48,16
WMT,2021-05-07,141.6300048828125,141.72000122070312,139.32000732421875,140.1999969482422,135.8973388671875,7802800,False,-0.006044571586857899,0.010299753088191468,0.10297985960270442,45,48,16
WMT,2021-05-10,140.4499969482422,142.0800018310547,140.30999755859375,140.82000732421875,136.49830627441406,8769200,True,0.004412466887836213,0.00706768461281705,0.07066472010659565,47,48,16
WMT,2021-05-11,140.8699951171875,140.8699951171875,138.32000732421875,139.5500030517578,135.2672882080078,8821400,False,-0.009059472655410164,0.006810076783319958,0.06808908378919863,47,48,16
WMT,2021-05-12,138.8699951171875,138.97999572753906,135.91000366210938,135.94000244140625,131.76808166503906,8666100,False,-0.026209313402567717,0.01321168275461358,0.13209416027122203,44,48,16
WMT,2021-05-13,136.22999572753906,138.97999572753906,135.75999450683594,138.24000549316406,133.99749755859375,7158400,False,0.0167777045966622,0.01601180588516802,0.1600905874074587,43,40,13
WMT,2021-05-14,138.80999755859375,140.24000549316406,138.42999267578125,139.52000427246094,135.2382049560547,5363900,False,0.00921657988560516,0.01695715820769946,0.1695424886924508,43,40,13
WMT,2021-05-17,140.0,140.39999389648438,138.77000427246094,138.88999938964844,134.62753295898438,6558600,True,-0.004525754503897992,0.016716996668105208,0.16714128534149475,43,40,13
WMT,2021-05-18,143.50999450683594,144.5800018310547,141.2100067138672,141.91000366210938,137.5548553466797,19394600,False,0.02151083530152138,0.019237439971054808,0.19234139404816877,42,40,13
WMT,2021-05-19,140.7100067138672,143.72000122070312,140.5,141.9199981689453,137.56454467773438,11624900,False,7.043727965266851e-05,0.010942840888528265,0.10940963426078061,45,48,16
WMT,2021-05-20,141.5,142.8699951171875,140.6999969482422,142.4199981689453,138.0491943359375,10180300,False,0.0035168795247109024,0.010037935557635042,0.10036213349729525,45,48,16
WMT,2021-05-21,142.52000427246094,143.0800018310547,141.60000610351562,141.75,137.3997802734375,7642500,False,-0.0047153217156864985,0.010811068170515054,0.10809213316300914,45,48,16
WMT,2021-05-24,141.75999450683594,142.4199981689453,141.36000061035156,141.75999450683594,137.4094696044922,6315300,True,7.051677527590268e-05,0.01016932627825747,0.10167581527655155,45,48,16
WMT,2021-05-25,141.8000030517578,142.63999938964844,141.07000732421875,142.33999633789062,137.9716796875,7168400,False,0.004083147053126011,0.0035161698615357407,0.03515566592517136,48,48,16
WMT,2021-05-26,142.38999938964844,142.8800048828125,141.75999450683594,142.1699981689453,137.80686950683594,6431400,False,-0.0011952358206687,0.0036086299893032863,0.0360801085690699,48,48,16
WMT,2021-05-27,143.35000610351562,143.67999267578125,141.69000244140625,141.69000244140625,137.3415985107422,18859000,False,-0.0033819664191842287,0.0034093998812744215,0.03408814930773904,48,48,16
WMT,2021-05-28,141.92999267578125,142.4499969482422,141.63999938964844,142.02999877929688,137.67117309570312,7062100,False,0.002396795907400492,0.0029372278424236887,0.02936723902447039,48,48,16
WMT,2021-06-01,142.2100067138672,142.8000030517578,141.27000427246094,141.66000366210938,137.3125457763672,6922500,True,-0.0026083545901123897,0.003239866567002261,0.03239310703320683,48,48,16
WMT,2021-06-02,141.38999938964844,141.7100067138672,140.08999633789062,141.35000610351562,137.0120391845703,7766000,False,-0.0021908842916258447,0.0022622618290723674,0.022618736929676867,49,48,16
WMT,2021-06-03,141.38999938964844,141.85000610351562,140.75,141.60000610351562,137.25439453125,6124800,False,0.0017672990929015527,0.002677766148284668,0.026773067241328368,48,48,16
WMT,2021-06-04,141.4600067138672,142.2899932861328,141.25,141.85000610351562,137.4967041015625,4545300,False,0.0017638483291988131,0.002414944644029913,0.02414530312145289,49,48,16
WMT,2021-06-07,141.85000610351562,141.97000122070312,140.38999938964844,140.89999389648438,136.57586669921875,5543600,True,-0.006719686429200544,0.0035437007931596784,0.03543092800661049,48,48,16
WMT,2021-06-08,140.50999450683594,140.89999389648438,139.80999755859375,139.8300018310547,135.5386962890625,6706900,False,-0.007623079201455892,0.004485727058028249,0.044849574421488715,48,48,16
WMT,2021-06-09,139.33999633789062,140.00999450683594,139.02999877929688,139.0800018310547,134.8117218017578,5695100,False,-0.005378029334224861,0.004636871014988185,0.046360754673506234,48,48,16
WMT,2021-06-10,139.0800018310547,140.19000244140625,139.0800018310547,139.8800048828125,135.587158203125,5459500,False,0.005735515820855782,0.0058805473845051585,0.05879538459399373,47,48,16
WMT,2021-06-11,140.22999572753906,140.85000610351562,139.86000061035156,140.75,136.43048095703125,8410800,False,0.006200520366294172,0.006917565005782006,0.06916378159635059,47,48,16
WMT,2021-06-14,140.92999267578125,140.92999267578125,140.02999877929688,140.55999755859375,136.2462921142578,5046900,True,-0.0013509685384102508,0.006305449941397726,0.06304368115789805,47,48,16
WMT,2021-06-15,140.83999633789062,140.91000366210938,139.66000366210938,140.0,135.70347595214844,6442400,False,-0.0039920378446732935,0.00542521960340445,0.05424288798854401,47,48,16
WMT,2021-06-16,139.85000610351562,140.0399932861328,136.97000122070312,137.14999389648438,132.94093322753906,9598300,False,-0.020567262983977833,0.010874977525816011,0.10873111706678228,45,48,16
WMT,2021-06-17,137.0,138.35000610351562,136.7100067138672,137.72000122070312,133.4934539794922,6447300,False,0.004147524272534065,0.01058283553097759,0.10581019834621544,45,48,16
WMT,2021-06-18,135.44000244140625,136.38999938964844,134.39999389648438,135.1699981689453,131.02171325683594,14937600,False,-0.018689383258311345,0.010954381033513563,0.10952501591121486,45,48,16
WMT,2021-06-21,135.66000366210938,136.75,135.35000610351562,136.39999389648438,132.2139434814453,6925000,True,0.009058334965606702,0.013294574498103316,0.13292293548881273,44,48,16
WMT,2021-06-22,136.22999572753906,137.72000122070312,136.22999572753906,137.02999877929688,132.82461547851562,6369000,False,0.004608182900775426,0.014149549804399867,0.14147122167123982,44,48,16
WMT,2021-06-23,136.5,136.99000549316406,135.92999267578125,135.9600067138672,131.7874755859375,6463500,False,-0.007838985734891777,0.011358318372569828,0.11356369626676582,45,48,16
WMT,2021-06-24,136.1699981689453,137.24000549316406,136.10000610351562,136.91000366210938,132.70828247070312,7814700,False,0.006962762742155102,0.011785072572682385,0.11783050608600705,45,48,16
WMT,2021-06-25,137.1300048828125,138.86000061035156,136.9199981689453,138.52999877929688,134.27859497070312,9546900,False,0.011763354235756727,0.0075996498325564266,0.07598345961163187,46,48,16
WMT,2021-06-28,138.0399932861328,138.63999938964844,136.60000610351562,138.10000610351562,133.86178588867188,5183000,True,-0.003108889577967221,0.007882291966511055,0.0788093960222655,46,48,16
WMT,2021-06-29,137.89999389648438,138.47000122070312,137.22999572753906,137.3000030517578,133.0863494873047,11987500,False,-0.005809657230424164,0.008528606448873377,0.08527143196458081,46,48,16
WMT,2021-06-30,139.55999755859375,142.5800018310547,138.69000244140625,141.02000427246094,136.69216918945312,15170400,False,0.02673329562785968,0.013018218003096521,0.13015984468339106,44,48,16
WMT,2021-07-01,140.41000366210938,141.25,139.00999450683594,139.32000732421875,135.04434204101562,8782900,False,-0.01212827337670741,0.01567369303549555,0.15671003901071506,43,40,13
WMT,2021-07-02,139.35000610351562,141.0800018310547,139.35000610351562,140.11000061035156,135.8101043701172,8760200,False,0.005654434546179866,0.015094956143786135,0.15092366303210353,43,40,13
WMT,2021-07-06,139.89999389648438,140.75,139.50999450683594,139.94000244140625,135.64532470703125,6093100,True,-0.0012140459587439223,0.014949295387019935,0.1494673053745006,44,48,16
WMT,2021-07-07,139.75999450683594,141.19000244140625,139.36000061035156,139.7100067138672,135.42239379882812,8535800,False,-0.0016448359081139442,0.01446858779767482,0.14466105423072617,44,48,16
WMT,2021-07-08,138.33999633789062,140.64999389648438,138.22000122070312,139.58999633789062,135.30606079101562,7089000,False,-0.0008594073729623911,0.006387678060218671,0.06386582126738122,47,48,16
WMT,2021-07-09,140.41000366210938,140.83999633789062,139.92999267578125,140.3000030517578,135.9942626953125,5061800,False,0.005073369405481706,0.0036332843836429096,0.03632661021293892,48,48,16
WMT,2021-07-12,140.69000244140625,140.7899932861328,139.3300018310547,140.0500030517578,135.75196838378906,6505000,True,-0.001783240008651932,0.0029069026329580014,0.02906403895875431,48,48,16
WMT,2021-07-13,139.99000549316406,141.17999267578125,139.94000244140625,140.5800018310547,136.2656707763672,6315900,False,0.0037769830284053916,0.0032582485357089855,0.03257689518234315,48,48,16
WMT,2021-07-14,140.7100067138672,141.8000030517578,139.8300018310547,141.5500030517578,137.20590209960938,6270700,False,0.006876290783185269,0.00377387034134001,0.03773222858668007,48,48,16
WMT,2021-07-15,142.0,142.63999938964844,141.08999633789062,141.66000366210938,137.3125457763672,5991600,False,0.000776950933152806,0.0034544856826522704,0.034538929967839464,48,48,16
WMT,2021-07-16,141.6999969482422,142.1300048828125,140.9499969482422,141.55999755859375,137.21560668945312,6031800,False,-0.0007062233149671405,0.0035300099796422985,0.03529404336075592,48,48,16
WMT,2021-07-19,141.41000366210938,142.97999572753906,139.77000427246094,141.22999572753906,136.89573669433594,9127700,True,-0.0023338701446025127,0.0036748969070679277,0.0367426640526116,48,48,16
WMT,2021-07-20,140.97000122070312,142.47000122070312,140.77999877929688,141.8699951171875,137.51608276367188,6340100,False,0.004521285761827982,0.003794310770154046,0.03793659780519093,48,48,16
WMT,2021-07-21,142.5,142.5399932861328,140.7100067138672,141.1699981689453,136.8375701904297,6197300,False,-0.00494627244279629,0.003535950447417724,0.03535343784645375,48,48,16
WMT,2021-07-22,141.1300048828125,142.1199951171875,140.8000030517578,141.27000427246094,136.93450927734375,4337800,False,0.0007081736834073419,0.0035296862666589733,0.03529080678631681,48,48,16
WMT,2021-07-23,141.52000427246094,142.72000122070312,141.00999450683594,142.42999267578125,138.05889892578125,5315800,False,0.008177620851097724,0.005249326277788186,0.0524842565124378,47,48,16
WMT,2021-07-26,142.36000061035156,143.86000061035156,141.4600067138672,142.6300048828125,138.2527618408203,6172400,True,0.0014032194393192015,0.004868055224540832,0.04867220012644515,48,48,16
WMT,2021-07-27,143.0,143.0,141.9600067138672,142.63999938964844,138.26246643066406,5131900,False,7.019208242817345e-05,0.0046892053029044594,0.0468840077627676,48,48,16
WMT,2021-07-28,142.47999572753906,143.25,141.66000366210938,142.05999755859375,137.7002716064453,4690500,False,-0.0040744312508753,0.004417302786225111,0.04416544909893288,48,48,16
WMT,2021-07-29,142.63999938964844,142.85000610351562,142.02000427246094,142.24000549316406,137.874755859375,3687700,False,0.001266328649957647,0.004407007919290473,0.04406251809248254,48,48,16
WMT,2021-07-30,141.1999969482422,142.9600067138672,141.1999969482422,142.5500030517578,138.17523193359375,5444100,False,0.0021769694343330382,0.0024887667299115777,0.02488339732376813,49,48,16
WMT,2021-08-02,142.8300018310547,142.8699951171875,141.6699981689453,142.22000122070312,137.8553466796875,6652800,True,-0.0023177533352624507,0.0025818261621056394,0.025813831983705647,48,48,16
WMT,2021-08-03,142.44000244140625,143.89999389648438,142.36000061035156,143.82000732421875,139.40623474121094,6305100,False,0.011187299940697394,0.005913906143028847,0.05912891494563181,47,48,16
WMT,2021-08-04,143.3800048828125,143.94000244140625,142.74000549316406,142.83999633789062,138.45631408691406,5100500,False,-0.006837368756617708,0.006663780624186943,0.06662637319808697,47,48,16
WMT,2021-08-05,144.22999572753906,145.5399932861328,143.99000549316406,145.49000549316406,141.02499389648438,9001800,False,0.018382282230012505,0.010220692618561317,0.10218939055039568,45,48,16
WMT,2021-08-06,146.2100067138672,146.47000122070312,144.9499969482422,145.22999572753906,140.77297973632812,6421200,False,-0.0017886163203608707,0.010594813698014679,0.10592995946565346,45,48,16
WMT,2021-08-09,145.91000366210938,146.47999572753906,145.39999389648438,145.5800018310547,141.1122283935547,5270600,True,0.002406999808665743,0.010121219204494167,0.10119482707619151,45,48,16
WMT,2021-08-10,146.97000122070312,148.9499969482422,146.25,148.67999267578125,144.1170654296875,12754000,False,0.021070403845735147,0.012416892246743515,0.12414761881404297,45,48,16
WMT,2021-08-11,149.50999450683594,151.5800018310547,149.16000366210938,150.00999450683594,145.40625,13818600,False,0.008905625364514369,0.009879648887163231,0.09877953836490759,46,48,16
WMT,2021-08-12,149.0,150.2100067138672,148.80999755859375,149.05999755859375,145.01710510253906,6089700,False,-0.0026798473574081065,0.009792878381735296,0.09791198218272405,46,48,16
WMT,2021-08-13,149.3800048828125,150.36000061035156,149.16000366210938,149.52999877929688,145.474365234375,5327100,False,0.0031481854456313226,0.009087297710704302,0.0908573860366807,46,48,16
WMT,2021-08-16,149.67999267578125,151.72999572753906,149.0399932861328,150.75,146.66128540039062,15930500,True,0.008125859986058826,0.00878723290876475,0.08785725283825718,46,48,16
WMT,2021-08-17,150.39999389648438,152.5,149.10000610351562,150.6999969482422,146.61265563964844,16983400,False,-0.0003316337006651777,0.0050890335585391236,0.050881604334054115,47,48,16
WMT,2021-08-18,150.5500030517578,152.57000732421875,149.02000427246094,149.10000610351562,145.05606079101562,9403900,False,-0.010673819573658363,0.0069999969436891595,0.06998795954700358,47,48,16
WMT,2021-08-19,148.3300018310547,150.66000366210938,148.0,150.11000061035156,146.0386505126953,7543500,False,0.0067510223677835594,0.007511697256771307,0.07510408475395378,46,48,16
WMT,2021-08-20,150.47999572753906,151.72000122070312,149.75,151.4499969482422,147.34230041503906,6466800,False,0.008887137890388825,0.008247292319050204,0.08245877331680598,46,48,16
WMT,2021-08-23,151.52999877929688,151.7899932861328,150.41000366210938,150.4499969482422,146.36940002441406,5388700,True,-0.0066248906494573686,0.00839186131113525,0.08390421520073726,46,48,16
WMT,2021-08-24,150.5,150.5,148.6999969482422,148.89999389648438,144.86143493652344,6276300,False,-0.010355899057418653,0.00949661464901363,0.09494985315498758,46,48,16
WMT,2021-08-25,148.41000366210938,149.27999877929688,148.02999877929688,148.9600067138672,144.91983032226562,7307100,False,0.0004030307927635984,0.00830176500798023,0.08300340674735172,46,48,16
WMT,2021-08-26,147.47000122070312,148.27000427246094,146.6699981689453,147.35000610351562,143.35350036621094,7822300,False,-0.010867084837412189,0.00835902683637968,0.08357592678726705,46,48,16
WMT,2021-08-27,147.50999450683594,147.69000244140625,146.17999267578125,146.52000427246094,142.5460205078125,7696200,False,-0.005648711848232738,0.004534893857238663,0.04534115805814964,48,48,16
WMT,2021-08-30,146.4199981689453,148.0,146.02000427246094,147.6999969482422,143.6940155029297,5480200,True,0.008021247945022255,0.007963785803207286,0.07962419457030886,46,48,16
WMT,2021-08-31,147.99000549316406,148.44000244140625,147.24000549316406,148.10000610351562,144.08314514160156,8359500,False,0.0027043833149562892,0.007348703559590469,0.07347442743031829,47,48,16
WMT,2021-09-01,147.55999755859375,147.92999267578125,146.57000732421875,147.77999877929688,143.7718505859375,6352200,False,-0.0021628575611762325,0.007308957244739616,0.07307703247453451,47,48,16
WMT,2021-09-02,148.1199951171875,148.7899932861328,147.69000244140625,148.55999755859375,144.53070068359375,6672700,False,0.005264274261803089,0.0055356922167457195,0.05534742458417082,47,48,16
WMT,2021-09-03,148.1999969482422,149.64999389648438,147.89999389648438,149.25,145.2019805908203,5737300,False,0.0046337962664118925,0.00378669242106328,0.03786042738507951,48,48,16
WMT,2021-09-07,148.97000122070312,149.1699981689453,147.05999755859375,147.27000427246094,143.2756805419922,8448400,True,-0.013355132403305837,0.007710962725580456,0.07709639756241901,46,48,16
WMT,2021-09-08,146.9499969482422,148.32000732421875,146.72999572753906,147.4600067138672,143.46054077148438,6502800,False,0.0012894098573067254,0.007585085378875288,0.07583784006304353,46,48,16
WMT,2021-09-09,147.4600067138672,147.61000061035156,145.83999633789062,146.4199981689453,142.44871520996094,7442900,False,-0.007077978516163215,0.008096422569772456,0.08095033467115241,46,48,16
WMT,2021-09-10,147.1999969482422,147.24000549316406,145.42999267578125,145.88999938964844,141.93309020996094,5258400,False,-0.0036262908189707618,0.007052617489849392,0.07051407472757146,47,48,16
WMT,2021-09-13,146.52000427246094,147.14999389648438,144.63999938964844,145.05999755859375,141.1256103515625,6509800,True,-0.005705403488351467,0.005330382372405208,0.05329467839072286,47,48,16
WMT,2021-09-14,145.47999572753906,145.8800048828125,143.9199981689453,144.3000030517578,140.38621520996094,5511300,False,-0.00525304285454686,0.003241994484217975,0.032414382554497884,48,48,16
WMT,2021-09-15,144.07000732421875,144.75,143.7899932861328,144.5500030517578,140.6294403076172,4950000,False,0.0017310434747405377,0.0034254946111178064,0.03424906899245609,48,48,16
WMT,2021-09-16,144.44000244140625,145.30999755859375,143.69000244140625,145.02999877929688,141.09640502929688,6142800,False,0.0033150323766796006,0.004155863705391389,0.04155150684144482,48,48,16
WMT,2021-09-17,144.13999938964844,146.16000366210938,144.02000427246094,144.72999572753906,140.80455017089844,24344200,False,-0.002070620601251516,0.0040519711155036645,0.04051275919101179,48,48,16
WMT,2021-09-20,143.5,145.19000244140625,141.6199951171875,142.74000549316406,138.8685302734375,8351500,True,-0.013845099571768316,0.006811138925909063,0.06809970339277238,47,48,16
WMT,2021-09-21,142.6999969482422,144.5800018310547,142.6699981689453,143.02000427246094,139.14096069335938,5812500,False,0.0019598647958132317,0.007034281036016546,0.0703307416490841,47,48,16
WMT,2021-09-22,143.47000122070312,143.60000610351562,142.2899932861328,142.69000244140625,138.81991577148438,5014800,False,-0.002310001815499915,0.006756406167619001,0.06755246971482709,47,48,16
WMT,2021-09-23,143.22000122070312,143.6300048828125,142.4499969482422,142.77000427246094,138.89772033691406,5195100,False,0.000560314199382731,0.006247650880351183,0.06246578971324146,47,48,16
WMT,2021-09-24,142.5,143.69000244140625,142.49000549316406,143.1699981689453,139.286865234375,4453500,False,0.002797747765169801,0.006810220891028968,0.06809052461904323,47,48,16
WMT,2021-09-27,142.8699951171875,143.5500030517578,141.83999633789062,142.25,138.391845703125,7083600,True,-0.006446462011752956,0.0037586795554405967,0.037580346790506744,48,48,16
WMT,2021-09-28,141.8800048828125,142.07000732421875,139.99000549316406,140.5,136.6892852783203,6860300,False,-0.012378763745011841,0.006022096683509964,0.060210634728007924,47,48,16
WMT,2021-09-29,140.64999389648438,141.8300018310547,140.32000732421875,140.44000244140625,136.63092041015625,7125200,False,-0.0004270805292582574,0.0061763461316483624,0.06175286456372101,47,48,16
WMT,2021-09-30,140.63999938964844,141.72999572753906,139.25,139.3800048828125,135.59967041015625,7485900,False,-0.007576333943750783,0.00601465984403853,0.0601362790926739,47,48,16
WMT,2021-10-01,139.25999450683594,139.6300048828125,135.9199981689453,137.0500030517578,133.33287048339844,10004800,False,-0.01685815784043847,0.006222220640116254,0.062211530941537654,47,48,16
WMT,2021-10-04,137.08999633789062,138.22999572753906,134.7100067138672,135.72999572753906,132.0486602783203,9990100,True,-0.009678293931308427,0.006091229695864712,0.06090184624009419,47,48,16
WMT,2021-10-05,135.9499969482422,137.7100067138672,135.89999389648438,136.6199951171875,132.91453552246094,6865800,False,0.0065358384875625125,0.008962730661049053,0.08961192925972866,46,48,16
WMT,2021-10-06,136.24000549316406,137.7899932861328,136.1300048828125,137.6199951171875,133.88742065429688,6458900,False,0.00729297084532651,0.010593445663822426,0.10591628147086625,45,48,16
WMT,2021-10-07,138.77999877929688,140.6999969482422,138.75999450683594,139.24000549316406,135.46347045898438,7022700,False,0.011702710804129544,0.012354381108813603,0.12352261468505972,45,48,16
WMT,2021-10-08,139.66000366210938,140.08999633789062,139.00999450683594,139.66000366210938,135.87208557128906,4615800,False,0.003011882608948509,0.008130504178777965,0.08129109228741463,46,48,16
WMT,2021-10-11,139.52000427246094,140.77999877929688,139.44000244140625,139.52999877929688,135.74559020996094,4349400,True,-0.0009314222287585006,0.004751650746139929,0.04750835505751876,48,48,16
WMT,2021-10-12,139.33999633789062,140.41000366210938,139.07000732421875,139.3800048828125,135.59967041015625,5263100,False,-0.001075528745461889,0.0055052634784319016,0.05504318940759781,47,48,16
WMT,2021-10-13,139.5,140.00999450683594,138.1300048828125,138.3699951171875,134.6170654296875,5979300,False,-0.007272749472593729,0.006982736910515508,0.06981538882829398,47,48,16
WMT,2021-10-14,138.5,140.07000732421875,138.5,139.8699951171875,136.0763702392578,6594500,False,0.0107820785778817,0.006636379653953025,0.06635241050757336,47,48,16
WMT,2021-10-15,140.6199951171875,141.10000610351562,139.9600067138672,140.5500030517578,136.73794555664062,6912400,False,0.004850013917232509,0.006830491762156991,0.06829319855160397,47,48,16
WMT,2021-10-18,140.0,142.00999450683594,139.8300018310547,141.67999267578125,137.8372802734375,6629000,True,0.008007573062655685,0.007266041243853969,0.07264794609663092,47,48,16
WMT,2021-10-19,144.6300048828125,145.61000061035156,143.66000366210938,144.69000244140625,140.76565551757812,11148100,False,0.021022629103886328,0.010236518954855287,0.1023476267601012,45,48,16
WMT,2021-10-20,144.88999938964844,146.49000549316406,144.88999938964844,146.0,142.0401153564453,5817900,False,0.009013030126282243,0.006141551678718046,0.061404979731236535,47,48,16
WMT,2021-10-21,146.5800018310547,146.9199981689453,145.80999755859375,146.80999755859375,142.82814025878906,4651500,False,0.005532570912246516,0.006565571109097492,0.0656444465451892,47,48,16
WMT,2021-10-22,147.10000610351562,149.69000244140625,147.10000610351562,148.33999633789062,144.316650390625,7065200,False,0.010367755318273598,0.005988010163171078,0.05986982800683831,47,48,16
WMT,2021-10-25,148.77999877929688,150.52000427246094,148.00999450683594,150.05999755859375,145.98997497558594,6429300,True,0.011528108354398216,0.0057826941032794454,0.05781701966854314,47,48,16
WMT,2021-10-26,150.0,150.5500030517578,148.4600067138672,148.75,144.71551513671875,5806200,False,-0.008768104127421662,0.008305846710540785,0.08304421676998303,46,48,16
WMT,2021-10-27,148.9600067138672,149.02000427246094,147.38999938964844,147.52999877929688,143.5286102294922,4855200,False,-0.008235460923829886,0.009924261422491825,0.0992255871764977,46,48,16
WMT,2021-10-28,148.33999633789062,148.97999572753906,147.7100067138672,148.4499969482422,144.4236602783203,4199500,False,0.006216675630549829,0.009988184185537449,0.09986470513471384,46,48,16
WMT,2021-10-29,147.91000366210938,150.10000610351562,147.55999755859375,149.4199981689453,145.3673553466797,7340900,False,0.006512958327405355,0.009329265959480675,0.09327665337968828,46,48,16
WMT,2021-11-01,149.97999572753906,150.75,149.35000610351562,149.7899932861328,145.727294921875,4183200,True,0.002473008406753885,0.007603210748797937,0.07601906266458545,46,48,16
WMT,2021-11-02,149.97000122070312,150.17999267578125,149.27999877929688,149.72000122070312,145.6592254638672,4546300,False,-0.00046721076291328807,0.0060574877509557605,0.06056448468203608,47,48,16
WMT,2021-11-03,149.60000610351562,150.2899932861328,149.02999877929688,150.17999267578125,146.10675048828125,4736500,False,0.003067700912809869,0.0028905112856899115,0.028900153608696518,48,48,16
WMT,2021-11-04,150.17999267578125,151.85000610351562,149.8300018310547,151.27999877929688,147.17691040039062,5049700,False,0.0072978130347747605,0.0031661655262687663,0.03165622307469621,48,48,16
WMT,2021-11-05,152.0,152.0,149.6199951171875,150.22999572753906,146.1553955078125,5027300,False,-0.006964926818431807,0.005283638111690709,0.05282731598267347,47,48,16
WMT,2021-11-08,150.22000122070312,150.50999450683594,148.72999572753906,149.27000427246094,145.22142028808594,5124400,True,-0.006410794324213921,0.006125299017202814,0.06124248100076428,47,48,16
WMT,2021-11-09,149.52000427246094,149.8699951171875,148.8699951171875,149.7899932861328,145.727294921875,5000600,False,0.003477417957974272,0.006409487731276483,0.06408388055912188,47,48,16
WMT,2021-11-10,148.72999572753906,149.6199951171875,147.97999572753906,148.44000244140625,144.41392517089844,5601200,False,-0.009053375602782939,0.007241548394632994,0.07240305962678555,47,48,16
WMT,2021-11-11,148.77000427246094,148.99000549316406,148.19000244140625,148.5,144.47232055664062,4534400,False,0.00040427945186862114,0.005362526745049392,0.05361606696708691,47,48,16
WMT,2021-11-12,149.0,149.24000549316406,147.5399932861328,147.75999450683594,143.75238037109375,6104600,False,-0.004995697318959964,0.0051309750506546795,0.05130094729622082,47,48,16
WMT,2021-11-15,148.14999389648438,148.4499969482422,146.39999389648438,146.91000366210938,142.9254150390625,9632000,True,-0.005769317603713767,0.005041474664164954,0.05040609698707442,47,48,16
WMT,2021-11-16,145.10000610351562,146.67999267578125,142.3000030517578,143.1699981689453,139.286865234375,24662200,False,-0.02578733591035902,0.00995893569188814,0.09957227037984094,46,48,16
WMT,2021-11-17,143.16000366210938,144.72000122070312,141.82000732421875,141.94000244140625,138.09022521972656,11038700,False,-0.00862830767028546,0.009960610192219556,0.09958901251021607,46,48,16
WMT,2021-11-18,142.13999938964844,143.2899932861328,140.86000061035156,143.16000366210938,139.2771453857422,8131400,False,0.008558522283327966,0.012274857792792599,0.12272751796294767,45,48,16
WMT,2021-11-19,143.6199951171875,144.0,141.94000244140625,142.38999938964844,138.5280303955078,9373100,False,-0.005393109065252684,0.0122572830896338,0.12255180108426567,45,48,16
WMT,2021-11-22,142.66000366210938,145.36000061035156,142.0,144.77999877929688,140.85321044921875,9708800,True,0.01664559677696318,0.016402630454427414,0.163998162562611,43,40,13
WMT,2021-11-23,144.25,145.97999572753906,143.25,145.80999755859375,141.8552703857422,9969300,False,0.007089027750753316,0.010456345021550628,0.10454551027162487,45,48,16
WMT,2021-11-24,145.72999572753906,147.05999755859375,145.63999938964844,146.5399932861328,142.56546020507812,6029800,False,0.004993948885815471,0.007923988648383793,0.07922629130202478,46,48,16
WMT,2021-11-26,146.44000244140625,147.8800048828125,144.4199981689453,144.89999389648438,140.96994018554688,7013200,True,-0.011254586614382951,0.010941110042774975,0.10939232877285857,45,48,16
WMT,2021-11-29,145.0,145.25,142.22999572753906,142.6300048828125,138.7615203857422,11013200,True,-0.01578989848957539,0.013487856718834281,0.1348554260819507,44,48,16
WMT,2021-11-30,141.47999572753906,142.5,140.00999450683594,140.6300048828125,136.81578063964844,21606300,False,-0.014121424898415549,0.010970775868488896,0.10968893613236122,45,48,16
WMT,2021-12-01,140.50999450683594,140.72000122070312,137.0399932861328,137.13999938964844,133.42041015625,12207100,False,-0.02513023263818939,0.01095761814250805,0.10955738144725408,45,48,16
WMT,2021-12-02,137.6300048828125,138.44000244140625,135.24000549316406,135.47000122070312,131.79571533203125,13268600,False,-0.012252008771998791,0.00554705211499444,0.05546100407648851,47,48,16
WMT,2021-12-03,135.86000061035156,137.8800048828125,135.2899932861328,137.50999450683594,133.78038024902344,14714200,False,0.014946389353732435,0.015047633087818115,0.15045051366455753,43,40,13
WMT,2021-12-06,137.55999755859375,139.36000061035156,137.10000610351562,139.0,135.22996520996094,10863100,True,0.01077727318750694,0.017231347928867366,0.17228391547701596,43,40,13
WMT,2021-12-07,139.60000610351562,139.8300018310547,138.08999633789062,138.5500030517578,134.7921905517578,12579700,False,-0.0032425120118565833,0.01648703934708738,0.16484210666893223,43,40,13
WMT,2021-12-08,138.05999755859375,138.5,136.00999450683594,137.14999389648438,133.43016052246094,11498800,False,-0.010156064407836049,0.012281229085112222,0.1227912199549221,45,48,16
WMT,2021-12-09,136.6300048828125,138.57000732421875,135.7100067138672,138.5,135.2860565185547,10783900,False,0.013813275031916733,0.011262409631427567,0.11260477340590369,45,48,16
WMT,2021-12-10,138.33999633789062,141.3000030517578,137.57000732421875,141.02999877929688,137.75732421875,12858500,False,0.018102143159809618,0.0120070215456872,0.12004961501835656,45,48,16
WMT,2021-12-13,140.24000549316406,143.75,140.00999450683594,143.57000732421875,140.2384033203125,18013100,True,0.0178502382193952,0.013098394802010535,0.13096147511325307,44,48,16
WMT,2021-12-14,143.3000030517578,145.27999877929688,142.14999389648438,144.94000244140625,141.5766143798828,15573800,False,0.009497159724993863,0.011706539119359548,0.11704530629256993,45,48,16
WMT,2021-12-15,145.2100067138672,146.47000122070312,143.39999389648438,145.77000427246094,142.3873748779297,11163300,False,0.0057103205463135565,0.005376505930615448,0.05375583483866851,47,48,16
WMT,2021-12-16,145.77000427246094,146.52999877929688,142.88999938964844,143.33999633789062,140.01373291015625,13023200,False,-0.01681082546830404,0.014280712435375625,0.14278262294536267,44,48,16
WMT,2021-12-17,142.75,143.9499969482422,138.38999938964844,138.75,135.53025817871094,26193700,False,-0.03254558703169024,0.020797382112625835,0.20793813907223166,41,40,13
WMT,2021-12-20,138.1199951171875,139.75,137.60000610351562,139.1999969482422,135.96981811523438,10339300,True,0.0032380125013510967,0.017916546995918117,0.17913473055196066,42,40,13
WMT,2021-12-21,138.89999389648438,139.86000061035156,138.00999450683594,139.6199951171875,136.38006591796875,8206800,False,0.003012654949186319,0.016690596970693423,0.1668773336613194,43,40,13
WMT,2021-12-22,139.89999389648438,139.99000549316406,138.52999877929688,139.8000030517578,136.55589294433594,5676000,False,0.0012884125010345698,0.015916202824831083,0.15913472083019348,43,40,13
WMT,2021-12-23,139.8000030517578,140.16000366210938,138.85000610351562,139.49000549316406,136.25308227539062,5864200,False,-0.0022199474416842173,0.015306112000522997,0.1530348593195156,43,40,13
WMT,2021-12-27,139.60000610351562,140.8699951171875,139.57000732421875,140.75999450683594,137.4936065673828,5346900,True,0.009063362841636278,0.004090302547192522,0.04089600774268968,48,48,16
WMT,2021-12-28,140.60000610351562,142.97000122070312,140.60000610351562,142.77999877929688,139.4667510986328,5261000,False,0.014248811140333498,0.0065550276931895645,0.06553903047544125,47,48,16
WMT,2021-12-29,142.66000366210938,143.52999877929688,142.32000732421875,142.7100067138672,139.39837646484375,4348400,False,-0.0004903778092057926,0.007002947618011464,0.07001746122775675,47,48,16
WMT,2021-12-30,143.25999450683594,143.6999969482422,142.47999572753906,143.1699981689453,139.8477020263672,4983000,False,0.003218136145252622,0.00684141553882144,0.06840241757633243,47,48,16
WMT,2021-12-31,143.1999969482422,145.0399932861328,142.9199981689453,144.69000244140625,141.3324432373047,5982600,False,0.01056088088456343,0.00590293010286239,0.05901917337555172,47,48,16
WMT,2022-01-03,144.0,144.7899932861328,143.00999450683594,144.64999389648438,141.29331970214844,6902200,True,-0.0002768575306033485,0.006644666289888542,0.06643526264955302,47,48,16
WMT,2022-01-04,144.0399932861328,145.13999938964844,141.75999450683594,142.0,138.70484924316406,11310000,False,-0.018489722355291685,0.01070133159686975,0.10699495570151919,45,48,16
WMT,2022-01-05,142.85000610351562,145.9499969482422,142.74000549316406,143.9199981689453,140.5802764892578,11806000,False,0.013430399712164497,0.01254944645958716,0.12547293351930863,44,48,16
WMT,2022-01-06,143.6199951171875,144.63999938964844,142.39999389648438,143.52000427246094,140.1895751953125,7276300,False,-0.0027830733519461272,0.012653137089323665,0.12650966191473237,44,48,16
WMT,2022-01-07,143.5,145.36000061035156,142.9600067138672,144.88999938964844,141.52777099609375,6574500,False,0.0095003441139446,0.0124493240039332,0.12447188074279657,45,48,16
WMT,2022-01-10,145.44000244140625,145.58999633789062,143.1199951171875,144.61000061035156,141.2542724609375,7577200,True,-0.001934342202859608,0.012489734842960131,0.12487591980021746,45,48,16
WMT,2022-01-11,144.2100067138672,144.6199951171875,143.17999267578125,144.1999969482422,140.85379028320312,7222900,False,-0.0028392130509635543,0.007792749815358403,0.07791412813814544,46,48,16
WMT,2022-01-12,143.67999267578125,143.9600067138672,143.0,143.44000244140625,140.11143493652344,6315600,False,-0.00528433419880232,0.0058201608085520495,0.058191622439669,47,48,16
WMT,2022-01-13,143.42999267578125,145.67999267578125,143.11000061035156,145.47000122070312,142.0943145751953,8084200,False,0.014052954445458194,0.008530003692390863,0.08528540200250595,46,48,16
WMT,2022-01-14,144.22000122070312,146.6300048828125,144.22000122070312,145.05999755859375,141.69383239746094,8955800,False,-0.0028224043030607615,0.007824695944708837,0.07823353462169787,46,48,16
WMT,2022-01-18,144.41000366210938,144.6999969482422,142.1300048828125,142.52000427246094,139.2127685546875,7041300,True,-0.017665148156489754,0.011303830700867398,0.11301891303420196,45,48,16
WMT,2022-01-19,142.5399932861328,144.99000549316406,141.9199981689453,143.94000244140625,140.59983825683594,7558000,False,0.009914357181472712,0.012679474773472085,0.12677299356867017,44,48,16
WMT,2022-01-20,142.35000610351562,144.4600067138672,141.07000732421875,141.22000122070312,137.94293212890625,7462400,False,-0.019077764667657794,0.015257006439713443,0.15254388796179658,43,40,13
WMT,2022-01-21,141.22000122070312,142.25999450683594,140.05999755859375,140.19000244140625,136.9368438720703,9169400,False,-0.007320238426753412,0.011858446328271403,0.1185641177545958,45,48,16
WMT,2022-01-24,139.07000732421875,140.52999877929688,137.30999755859375,140.1999969482422,136.9466094970703,9566400,True,7.131226719984645e-05,0.012202961375162554,0.12200867713928094,45,48,16
WMT,2022-01-25,139.99000549316406,140.3699951171875,136.80999755859375,137.14999389648438,133.96737670898438,9826500,False,-0.021994825255858903,0.01327212234495298,0.1326984524784529,44,48,16
WMT,2022-01-26,137.33999633789062,138.7899932861328,135.16000366210938,135.75,132.59986877441406,8728500,False,-0.010260224798323699,0.00894752142757247,0.08945986301943414,46,48,16
WMT,2022-01-27,136.9199981689453,139.0800018310547,135.3699951171875,135.83999633789062,132.68777465820312,9253000,False,0.0006627213078527088,0.009237777194907568,0.09236192270116697,46,48,16
WMT,2022-01-28,136.0,137.57000732421875,133.9499969482422,137.52000427246094,134.3287811279297,8377300,False,0.01229157589500523,0.012909467425752498,0.12907252549324075,44,48,16
WMT,2022-01-31,137.08999633789062,140.0399932861328,136.6999969482422,139.80999755859375,136.56564331054688,6731200,True,0.01651501708277164,0.01590408998459424,0.1590136132098166,43,40,13
WMT,2022-02-01,139.2100067138672,141.14999389648438,138.99000549316406,140.91000366210938,137.64013671875,6774400,False,0.007837171833585429,0.010543496238588386,0.10541687291671999,45,48,16
WMT,2022-02-02,141.0,141.63999938964844,140.14999389648438,140.85000610351562,137.58151245117188,6049900,False,-0.00042601494934411493,0.007311578952297007,0.07310324505204659,47,48,16
WMT,2022-02-03,140.25999450683594,141.99000549316406,139.77000427246094,140.99000549316406,137.71827697753906,6913700,False,0.0009935680510464455,0.00723674857273229,0.07235506964282959,47,48,16
WMT,2022-02-04,140.88999938964844,141.0,138.35000610351562,139.3300018310547,136.0968017578125,7345500,False,-0.011843717163837362,0.010504913955643092,0.10503111628286306,45,48,16
WMT,2022-02-07,140.05999755859375,140.07000732421875,137.61000061035156,137.9600067138672,134.7585906982422,6670100,True,-0.009881449553836323,0.00813971400364738,0.08138317473481867,46,48,16
WMT,2022-02-08,138.32000732421875,139.24000549316406,137.50999450683594,137.99000549316406,134.78790283203125,6486300,False,0.00021749222941622146,0.006152944699171662,0.06151889038877543,47,48,16
WMT,2022-02-09,138.5,138.7899932861328,137.47000122070312,137.69000244140625,134.49485778808594,7157900,False,-0.002176486596856678,0.005931181445182046,0.059301638327939915,47,48,16
WMT,2022-02-10,136.5500030517578,137.00999450683594,135.4600067138672,136.0800018310547,132.92221069335938,9270200,False,-0.011761891145454903,0.00569558245241977,0.056946052617345186,47,48,16
WMT,2022-02-11,136.82000732421875,137.17999267578125,134.1699981689453,135.3300018310547,132.1896209716797,7911100,False,-0.005526660819032422,0.005040184146555899,0.05039319402512404,47,48,16
WMT,2022-02-14,135.3300018310547,135.9600067138672,132.7100067138672,133.9499969482422,130.8416290283203,9787800,True,-0.010249761157573457,0.005116391156459757,0.051155133375848726,47,48,16
WMT,2022-02-15,134.74000549316406,135.6699981689453,133.7899932861328,134.3699951171875,131.2519073486328,7274800,False,0.00313078041607288,0.006065074821769348,0.06064034237303984,47,48,16
WMT,2022-02-16,134.3300018310547,134.8800048828125,132.6999969482422,133.52999877929688,130.431396484375,9496900,False,-0.006271042448536897,0.005805954521354226,0.05804958394140783,47,48,16
WMT,2022-02-17,134.0,139.47000122070312,133.77999877929688,138.8800048828125,135.65724182128906,17943800,False,0.03928403265887742,0.020279292312234132,0.20275812995462483,41,40,13
WMT,2022-02-18,138.10000610351562,139.58999633789062,137.16000366210938,137.99000549316406,134.78790283203125,10367800,False,-0.006428970907495999,0.020389793444433153,0.20386295168989937,41,40,13
WMT,2022-02-22,137.77000427246094,138.24000549316406,135.94000244140625,136.4499969482422,133.28363037109375,8460300,True,-0.011223036122805029,0.02056247871678596,0.20558950813742577,41,40,13
WMT,2022-02-23,136.86000061035156,137.19000244140625,134.83999633789062,135.0500030517578,131.91610717773438,7010300,False,-0.010313247872284912,0.021512302046771382,0.2150861118260533,41,40,13
WMT,2022-02-24,133.91000366210938,135.00999450683594,132.00999450683594,134.52999877929688,131.40817260742188,10572500,False,-0.0038578683340471974,0.021334459359002005,0.21330799007293527,41,40,13
WMT,2022-02-25,134.80999755859375,136.77999877929688,134.08999633789062,136.3800048828125,133.21527099609375,8332600,False,0.01365809813272215,0.01011291814585678,0.10111183073193818,45,48,16
WMT,2022-02-28,135.0,136.07000732421875,133.77000427246094,135.16000366210938,132.02357482910156,8762200,True,-0.008985894822676484,0.010351484020529973,0.10349708017136484,45,48,16
WMT,2022-03-01,135.8699951171875,137.88999938964844,135.02000427246094,135.99000549316406,132.83432006835938,8008300,False,0.006122134073694566,0.010292426568820871,0.10290660697910264,45,48,16
WMT,2022-03-02,135.66000366210938,136.8300018310547,135.17999267578125,136.16000366210938,133.00035095214844,7954600,False,0.0012491290525813148,0.00877230220919859,0.08770797145918643,46,48,16
WMT,2022-03-03,137.2899932861328,140.47000122070312,136.5500030517578,139.2899932861328,136.05772399902344,9961700,False,0.02272746989943796,0.012052645816068346,0.12050577944463907,45,48,16
WMT,2022-03-04,137.80999755859375,142.94000244140625,137.58999633789062,142.82000732421875,139.50582885742188,11858800,False,0.02502714745699914,0.014464642212072538,0.14462160514414182,44,48,16
WMT,2022-03-07,141.3000030517578,143.6300048828125,140.4499969482422,141.6699981689453,138.3824920654297,15290000,True,-0.008084851548619664,0.014183881616099755,0.14181448088517326,44,48,16
WMT,2022-03-08,141.5,142.4600067138672,138.5800018310547,138.74000549316406,135.52047729492188,9435200,False,-0.0208987799146029,0.019789006716153752,0.19785611517647725,42,40,13
WMT,2022-03-09,140.0,140.24000549316406,138.13999938964844,139.4600067138672,136.22378540039062,7374300,False,0.00517626145143525,0.01973017597414512,0.19726790869225408,42,40,13
WMT,2022-03-10,139.49000549316406,143.0,139.00999450683594,142.6300048828125,139.3202362060547,9170900,False,0.022476126616489872,0.019673285902146932,0.19669910557852915,42,40,13
WMT,2022-03-11,142.3000030517578,144.0500030517578,141.8800048828125,142.07000732421875,138.77320861816406,6387400,False,-0.003934132958677821,0.01615569823067935,0.1615292639865749,43,40,13
WMT,2022-03-14,142.02000427246094,144.85000610351562,141.99000549316406,144.0500030517578,140.70729064941406,7548800,True,0.01384077180152917,0.016735146790639373,0.1673227554266838,43,40,13
WMT,2022-03-15,144.52999877929688,146.14999389648438,143.85000610351562,145.77999877929688,142.39710998535156,7624200,False,0.01193792396501801,0.009893668630582265,0.09891971174543389,46,48,16
WMT,2022-03-16,145.38999938964844,146.94000244140625,143.6999969482422,145.35000610351562,141.97711181640625,8205300,False,-0.002953843507084323,0.011415085038111297,0.11413126552765192,45,48,16
WMT,2022-03-17,144.4499969482422,145.3000030517578,142.64999389648438,145.00999450683594,142.1928253173828,6341000,False,0.0015182010073696891,0.008325919092318492,0.08324490614958865,46,48,16
WMT,2022-03-18,145.17999267578125,145.57000732421875,144.11000061035156,145.44000244140625,142.61448669433594,10411100,False,0.0029610313166351003,0.00715500205956581,0.07153774476360059,47,48,16
WMT,2022-03-21,145.42999267578125,147.2899932861328,143.6199951171875,144.22999572753906,141.42799377441406,7116900,True,-0.008354382900514013,0.007531390003802899,0.07530097843743731,46,48,16
WMT,2022-03-22,144.61000061035156,144.97000122070312,142.97999572753906,143.8000030517578,141.00634765625,6745000,False,-0.0029858014381428195,0.004450913217277906,0.04450149574406764,48,48,16
WMT,2022-03-23,143.13999938964844,143.72999572753906,141.52000427246094,141.9499969482422,139.19227600097656,6541800,False,-0.012948650341459238,0.006688924450112183,0.06687776831809471,47,48,16
WMT,2022-03-24,142.38999938964844,143.91000366210938,141.8800048828125,142.8300018310547,140.05517578125,4480300,False,0.006180199828454484,0.007865285553440913,0.07863936106945514,46,48,16
WMT,2022-03-25,143.4499969482422,143.92999267578125,142.25999450683594,143.4499969482422,140.6631317138672,4695100,False,0.004331437365435275,0.008145125152464412,0.08143727693908472,46,48,16
WMT,2022-03-28,143.5,146.05999755859375,143.3000030517578,146.0,143.16358947753906,6701900,True,0.01762006371518001,0.011338549769761912,0.11336604415566474,45,48,16
WMT,2022-03-29,146.60000610351562,148.10000610351562,146.25,147.22999572753906,144.3696746826172,6644800,False,0.00838923650945881,0.011116869570225228,0.11114962249686208,45,48,16
WMT,2022-03-30,147.1300048828125,150.17999267578125,147.0399932861328,149.8699951171875,146.9584197998047,8330500,False,0.017772492981421757,0.006405238948798383,0.06404140002397403,47,48,16
WMT,2022-03-31,148.7899932861328,150.5399932861328,148.17999267578125,148.9199981689453,146.02685546875,9054600,False,-0.006359141902052635,0.01008992929325242,0.10088198164785299,45,48,16
WMT,2022-04-01,149.66000366210938,151.27000427246094,148.83999633789062,151.00999450683594,148.07626342773438,6979900,False,0.013936888116741873,0.010047667882648931,0.10045944004969089,45,48,16
WMT,2022-04-04,150.91000366210938,153.1999969482422,150.0800018310547,151.0399932861328,148.10568237304688,8444200,True,0.00019865454884307026,0.009881756659269195,0.0988006124696641,46,48,16
WMT,2022-04-05,150.8800048828125,153.3300018310547,150.8800048828125,151.47000122070312,148.52732849121094,6219300,False,0.0028428825295843656,0.009967947326127807,0.09966237126098303,46,48,16
WMT,2022-04-06,151.02000427246094,155.4199981689453,150.5,154.99000549316406,151.9789276123047,9339500,False,0.022972905550991955,0.011671164680559763,0.11669162259647212,45,48,16
WMT,2022-04-07,155.10000610351562,157.5399932861328,154.44000244140625,156.5399932861328,153.49880981445312,9029400,False,0.009950936239318208,0.009097892153146707,0.09096331228422722,46,48,16
WMT,2022-04-08,156.91000366210938,158.41000366210938,156.2100067138672,157.41000366210938,154.35194396972656,7764800,False,0.0055425320794881385,0.008958728896941454,0.08957191848447657,46,48,16
WMT,2022-04-11,156.97000122070312,158.24000549316406,153.6300048828125,154.2899932861328,151.29254150390625,8237600,True,-0.020020021920335047,0.015618355716695089,0.15615676076490984,43,40,13
WMT,2022-04-12,154.24000549316406,155.39999389648438,152.5500030517578,153.22999572753906,150.25314331054688,8920400,False,-0.006893829772002818,0.01642505096057434,0.16422232915723345,43,40,13
WMT,2022-04-13,153.4499969482422,157.7899932861328,153.35000610351562,157.22000122070312,154.16563415527344,9761500,False,0.025706077158172143,0.01730645222155163,0.1730348295474759,43,40,13
WMT,2022-04-14,157.11000061035156,158.2899932861328,156.42999267578125,157.0800018310547,154.02833557128906,7453500,False,-0.0008909881863631397,0.01686912995532685,0.1686623571987361,43,40,13
WMT,2022-04-18,156.75,157.97999572753906,155.2100067138672,155.8800048828125,152.85165405273438,4890600,True,-0.007668713014675481,0.01695325095874019,0.16950342290652246,43,40,13
WMT,2022-04-19,156.6699981689453,157.9499969482422,156.0399932861328,157.64999389648438,154.58726501464844,5285000,False,0.011290889297415266,0.014165014734243383,0.1416258444365056,44,48,16
WMT,2022-04-20,158.35000610351562,160.35000610351562,158.2899932861328,159.6300048828125,156.52880859375,6607200,False,0.012481314523602932,0.012930649454522849,0.12928430943895222,44,48,16
WMT,2022-04-21,159.9199981689453,160.77000427246094,159.07000732421875,159.8699951171875,156.76412963867188,6056100,False,0.0015022431753763772,0.008503684521585233,0.08502225545023269,46,48,16
WMT,2022-04-22,160.25,160.36000061035156,156.66000366210938,156.86000061035156,153.8126220703125,7015400,False,-0.019007194904501673,0.013277932132085982,0.13275654038193518,44,48,16
WMT,2022-04-25,156.3699951171875,157.47000122070312,154.35000610351562,156.94000244140625,153.8910675048828,6019200,True,0.0005098764748520997,0.012628060676098082,0.12625894080606126,44,48,16
WMT,2022-04-26,156.3699951171875,158.1300048828125,155.1999969482422,155.3000030517578,152.2829132080078,6533700,False,-0.01050493632356596,0.012091472344933862,0.12089397811864565,45,48,16
WMT,2022-04-27,155.52999877929688,156.1999969482422,154.02000427246094,154.24000549316406,151.2435302734375,5832300,False,-0.006848740988464406,0.008442181981459657,0.08440733556884225,46,48,16
WMT,2022-04-28,155.22999572753906,156.97999572753906,154.10000610351562,156.2100067138672,153.1752471923828,4985300,False,0.012691351456646753,0.01196441546379166,0.11962362729862626,45,48,16
WMT,2022-04-29,155.80999755859375,156.22000122070312,152.7100067138672,152.99000549316406,150.01779174804688,7029600,False,-0.020828773684970516,0.012526120989307244,0.1252397188360026,44,48,16
WMT,2022-05-02,154.9600067138672,154.99000549316406,150.32000732421875,151.97999572753906,149.02740478515625,6672000,True,-0.006623684950124089,0.012142574696595949,0.12140491395899732,45,48,16
WMT,2022-05-03,152.42999267578125,154.27999877929688,151.77999877929688,152.50999450683594,149.54710388183594,5983500,False,0.003481205571390615,0.012570560113022948,0.125684033828986,44,48,16
WMT,2022-05-04,152.02999877929688,154.82000732421875,151.50999450683594,154.6199951171875,151.6161346435547,6674200,False,0.013740477254934623,0.014478346230269569,0.14475862181413765,44,48,16
WMT,2022-05-05,153.63999938964844,153.8300018310547,151.39999389648438,152.74000549316406,150.31707763671875,7744800,False,-0.008604982623917307,0.013054875428100734,0.1305263560403146,44,48,16
WMT,2022-05-06,151.7100067138672,153.9499969482422,148.27000427246094,149.55999755859375,147.18751525878906,11419400,False,-0.02103952608859258,0.01312389213157763,0.1312164046631734,44,48,16
WMT,2022-05-09,148.47000122070312,153.10000610351562,148.19000244140625,151.30999755859375,148.9097442626953,9402400,True,0.01163299132574996,0.014601614729821563,0.14599109531797863,44,48,16
WMT,2022-05-10,151.42999267578125,152.2899932861328,148.55999755859375,149.17999267578125,146.8135223388672,8287100,False,-0.014177153242376894,0.015602556622812692,0.15599879693258026,43,40,13
WMT,2022-05-11,149.39999389648438,150.75,146.91000366210938,147.6199951171875,145.2782745361328,9292900,False,-0.010512187996972991,0.012235797647023473,0.12233698352072134,45,48,16
WMT,2022-05-12,147.86000061035156,150.14999389648438,146.52000427246094,147.47999572753906,145.1405029296875,8414800,False,-0.0009487789872435822,0.01269606758665866,0.12693889323225788,44,48,16
WMT,2022-05-13,147.7100067138672,148.3800048828125,146.13999938964844,148.0500030517578,145.7014617919922,6654100,False,0.003857487061332162,0.010512013588520002,0.10510210043079697,45,48,16
WMT,2022-05-16,149.3800048828125,149.72999572753906,146.4600067138672,148.2100067138672,145.8589324951172,7149700,True,0.0010801927938234063,0.007790111178508303,0.07788774629675184,46,48,16
WMT,2022-05-17,136.42999267578125,137.44000244140625,130.63999938964844,131.35000610351562,129.26638793945312,44313400,False,-0.12076464091475583,0.05355163039320762,0.535424425437054,28,32,10
WMT,2022-05-18,128.02999877929688,128.27000427246094,121.52999877929688,122.43000030517578,120.48787689208984,34751000,False,-0.0703261567544758,0.05600310274052126,0.5599349429207892,27,24,8
WMT,2022-05-19,120.87000274658205,121.79000091552734,118.5999984741211,119.06999969482422,117.1811752319336,23669500,False,-0.027827897810809805,0.05282691248081455,0.5281784897111417,28,32,10
WMT,2022-05-20,119.63999938964844,120.83999633789062,117.2699966430664,119.1999969482422,117.30911254882812,16452000,False,0.001091195126245988,0.05222723708006644,0.5221827645663286,29,32,10
WMT,2022-05-23,119.91999816894533,123.7699966430664,119.86000061035156,122.5999984741211,120.65518188476562,14560300,True,0.028124302397107455,0.05894693619015015,0.5893682266840758,26,24,8
WMT,2022-05-24,121.20999908447266,124.5500030517578,121.08000183105467,124.12999725341795,122.1609115600586,11528300,False,0.012402382022631997,0.03881648675248766,0.388098270105551,34,32,10
WMT,2022-05-25,124.0,124.66999816894533,122.5999984741211,123.37000274658205,121.41297149658205,9040600,False,-0.00614140075212268,0.020894943847250425,0.20891358903187732,41,40,13
WMT,2022-05-26,125.3000030517578,126.4000015258789,124.4000015258789,126.0,124.00125885009766,9399200,False,0.02109399542250193,0.014041152974672693,0.14038743935033346,44,48,16
WMT,2022-05-27,125.48999786376952,128.6199951171875,125.30999755859376,128.47999572753906,126.44190216064452,8433300,False,0.019491213642358958,0.013069634313782033,0.1306739195753177,44,48,16
WMT,2022-05-31,127.45999908447266,129.89999389648438,127.41999816894533,128.6300048828125,126.58952331542967,12304100,True,0.0011668208504607594,0.011797367899673986,0.1179534382608391,45,48,16
WMT,2022-06-01,128.5,128.9199981689453,124.68000030517578,125.4499969482422,123.4599609375,9511600,False,-0.025032851495565674,0.019158601881098622,0.19155314841106302,42,40,13
WMT,2022-06-02,125.56999969482422,127.52999877929688,124.33000183105467,127.51000213623048,125.48729705810548,7738100,False,0.016287634220693997,0.019366635416377273,0.19363312684085773,42,40,13
WMT,2022-06-03,126.66999816894533,127.41999816894533,125.08999633789062,125.31999969482422,123.33203125,6100900,False,-0.017324375306372316,0.019795684821587386,0.19792288477319275,42,40,13
WMT,2022-06-06,125.81999969482422,126.3000030517578,124.58999633789062,124.87000274658205,122.8891830444336,6618500,True,-0.0035971610680042947,0.016154848088123456,0.16152076401960497,43,40,13
WMT,2022-06-07,121.23999786376952,123.48999786376952,120.87999725341795,123.37000274658205,121.41297149658205,15902600,False,-0.012085276266073662,0.015830443234703912,0.15827727206659092,43,40,13
WMT,2022-06-08,122.3499984741211,123.91000366210938,121.9499969482422,122.3000030517578,120.35994720458984,7507600,False,-0.008710909031985683,0.012951414450191871,0.12949192376915383,44,48,16
WMT,2022-06-09,122.0,124.3499984741211,120.98999786376952,121.0199966430664,119.1002426147461,6626700,False,-0.01052129968919733,0.004998051187256652,0.04997193671962053,48,48,16
WMT,2022-06-10,119.75,122.73999786376952,119.33999633789062,121.6999969482422,119.76945495605467,8412700,False,0.0056031727671652055,0.007161253474163834,0.07160024818403314,47,48,16
WMT,2022-06-13,119.73999786376952,121.23999786376952,119.08999633789062,119.41000366210938,117.51578521728516,8299300,True,-0.01899601935803658,0.009014892293937139,0.09013345609493226,46,48,16
WMT,2022-06-14,119.12999725341795,120.0,118.16999816894533,119.45999908447266,117.56499481201172,7181400,False,0.00041866115502265673,0.00963777583348673,0.09636122280957256,46,48,16
WMT,2022-06-15,119.97000122070312,120.41000366210938,117.9000015258789,119.37999725341795,117.48625183105467,8638000,False,-0.0006700069455264546,0.009833260251904301,0.09831573160126754,46,48,16
WMT,2022-06-16,118.3499984741211,121.76000213623048,118.2300033569336,120.62000274658205,118.70659637451172,10235600,False,0.010333550841804446,0.01115189094390332,0.11149977614749654,45,48,16
WMT,2022-06-17,120.0199966430664,120.87999725341795,117.97000122070312,118.29000091552734,116.4135513305664,12279600,False,-0.019505923000462843,0.013107249418726308,0.13105000608855105,44,48,16
WMT,2022-06-21,118.3000030517578,122.77999877929688,118.22000122070312,122.16999816894533,120.23199462890624,7972200,True,0.03227421607234153,0.018875138819083186,0.18871900412828704,42,40,13
WMT,2022-06-22,122.0999984741211,123.25,120.58999633789062,120.69000244140624,118.77547454833984,6745000,False,-0.01218822253862267,0.02035254086610688,0.20349048982085938,41,40,13
WMT,2022-06-23,121.75,123.95999908447266,121.1999969482422,123.62000274658205,121.65900421142578,6013600,False,0.023987141426522106,0.022412113922078203,0.22408268677251283,41,40,13
WMT,2022-06-24,124.08999633789062,125.30999755859376,123.16000366210938,123.72000122070312,121.7574234008789,10615300,False,0.0008086487488264189,0.022460570056821987,0.224567164983794,41,40,13
WMT,2022-06-27,123.77999877929688,124.73999786376952,122.79000091552734,124.12000274658205,122.15106964111328,6629700,True,0.0032278218532098444,0.018122683733339744,0.18119574425751991,42,40,13
WMT,2022-06-28,124.66000366210938,125.56999969482422,122.29000091552734,122.37000274658205,120.4288330078125,5133000,False,-0.014199573435180147,0.015297885279427466,0.15295260622313994,43,40,13
WMT,2022-06-29,122.88999938964844,123.3499984741211,120.97000122070312,121.91999816894533,119.98596954345705,6370500,False,-0.0036841655386770627,0.013974022835921198,0.13971625313795089,44,48,16
WMT,2022-06-30,120.87999725341795,122.05999755859376,119.88999938964844,121.58000183105467,119.65135192871094,6388700,False,-0.002792702156485048,0.006683845630899267,0.06682698883969214,47,48,16
WMT,2022-07-01,121.94000244140624,122.91999816894533,121.16000366210938,122.62999725341795,120.68470001220705,5820300,False,0.008599246287815929,0.008539668274676596,0.08538203124384616,46,48,16
WMT,2022-07-05,122.20999908447266,124.51000213623048,121.61000061035156,124.25,122.27901458740234,6072700,True,0.013124078726546948,0.010827851042082394,0.10825993308432147,45,48,16
WMT,2022-07-06,124.4800033569336,126.27999877929688,124.3000030517578,125.12999725341795,123.1450424194336,7100000,False,0.007057428983392337,0.007380301064424395,0.07379034826684049,47,48,16
WMT,2022-07-07,125.19000244140624,125.52999877929688,124.12000274658205,125.31999969482422,123.33203125,5829100,False,0.0015172921656042139,0.006220698394434976,0.06219631109644073,47,48,16
WMT,2022-07-08,125.81999969482422,126.61000061035156,125.1500015258789,125.4000015258789,123.4107666015625,4917000,False,0.0006381977907395383,0.005179165399298597,0.05178276810251234,47,48,16
WMT,2022-07-11,125.0199966430664,126.33000183105467,124.62000274658205,125.4499969482422,123.4599609375,3844300,True,0.0003985432949386817,0.005512170407612113,0.05511224684918633,47,48,16
WMT,2022-07-12,125.11000061035156,127.12999725341795,124.72000122070312,125.06999969482422,123.08599090576172,4577400,False,-0.003033676405977483,0.003647785348812254,0.0364715949853365,48,48,16
WMT,2022-07-13,124.44000244140624,126.45999908447266,123.91000366210938,125.37000274658205,123.3812484741211,4229700,False,0.00239591850295592,0.002066246866954038,0.020658923611227755,49,48,16
WMT,2022-07-14,124.16000366210938,128.32000732421875,124.13999938964844,127.81999969482422,125.79237365722656,6968500,False,0.019353577007506437,0.008832298219593448,0.08830782862802171,46,48,16
WMT,2022-07-15,128.8000030517578,130.27000427246094,128.0500030517578,129.07000732421875,127.02255249023438,7061400,False,0.009731929684468727,0.008915606257260787,0.08914076607315281,46,48,16
WMT,2022-07-18,128.64999389648438,130.3000030517578,128.25999450683594,128.77000427246094,126.72731018066406,4747900,True,-0.0023270352913143887,0.009396432499888028,0.09394820354617515,46,48,16
WMT,2022-07-19,129.38999938964844,129.9600067138672,128.60000610351562,129.55999755859375,127.50477600097656,5665100,False,0.006116208662790013,0.008201095976286325,0.08199688914820033,46,48,16
WMT,2022-07-20,130.50999450683594,131.30999755859375,129.5,130.63999938964844,128.56764221191406,6188300,False,0.008301341644357866,0.007776789510825125,0.07775455247589605,46,48,16
WMT,2022-07-21,130.67999267578125,132.55999755859375,130.5,132.5500030517578,130.44735717773438,6254900,False,0.01451458773126496,0.00618552952372829,0.06184468272858088,47,48,16
WMT,2022-07-22,132.5399932861328,133.38999938964844,131.22999572753906,132.2100067138672,130.1127471923828,4538800,False,-0.0025683914281665523,0.007305008009597126,0.0730375468988096,47,48,16
WMT,2022-07-25,132.38999938964844,132.6999969482422,131.4600067138672,132.02000427246094,129.92575073242188,6845100,True,-0.0014382215993897004,0.00709581381864701,0.07094596390363636,47,48,16
WMT,2022-07-26,121.12999725341795,122.69000244140624,120.05999755859376,121.9800033569336,120.0450210571289,31797200,False,-0.07909629117877232,0.0381364984542095,0.3812995537782199,34,32,10
WMT,2022-07-27,121.23999786376952,126.7699966430664,121.02999877929688,126.58999633789062,124.5818862915039,14053200,False,0.03709637302045854,0.04374172505144936,0.43734220286724385,32,32,10
WMT,2022-07-28,126.2699966430664,130.50999450683594,126.2699966430664,129.75,127.69175720214844,11087400,False,0.02465599189438957,0.045160209576839284,0.4515246144282294,31,32,10
WMT,2022-07-29,128.32000732421875,132.25999450683594,128.00999450683594,132.0500030517578,129.95529174804688,10047300,False,0.017571268862447566,0.04623528639205338,0.4622735380718262,31,32,10
WMT,2022-08-01,131.05999755859375,134.22999572753906,131.0,132.5399932861328,130.43748474121094,8332100,True,0.0037035861811055906,0.04625920909837726,0.46251272409089433,31,32,10
WMT,2022-08-02,133.14999389648438,133.7100067138672,131.39999389648438,132.67999267578125,130.57528686523438,6565000,False,0.001055903402570372,0.014946951802749015,0.1494438735526773,44,48,16
WMT,2022-08-03,132.16000366210938,132.94000244140625,129.86000061035156,130.5,128.42987060546875,10667700,False,-0.01656696994408457,0.015975690858174914,0.15972949910005435,43,40,13
WMT,2022-08-04,130.6699981689453,130.8000030517578,125.33000183105467,125.56999969482422,123.57806396484376,17702000,False,-0.03850994805401761,0.021602079594355523,0.21598373327061876,41,40,13
WMT,2022-08-05,125.51000213623048,126.80999755859376,125.12000274658205,126.58000183105467,124.5720443725586,10669000,False,0.008011164938874639,0.019225808517934238,0.19222509947303912,42,40,13
WMT,2022-08-08,126.6500015258789,128.2100067138672,126.61000061035156,127.61000061035156,125.58570861816406,6058400,True,0.008104244473735103,0.020006786883193694,0.20003354320159553,41,40,13
WMT,2022-08-09,127.88999938964844,128.97000122070312,127.20999908447266,128.8699951171875,126.82571411132812,6441700,False,0.009825351446681499,0.02129608259109283,0.2129242882368375,41,40,13
WMT,2022-08-10,130.0,130.14999389648438,128.38999938964844,129.13999938964844,127.09143829345705,8417000,False,0.0020929998357022877,0.020566001801139284,0.20562473293640562,41,40,13
WMT,2022-08-11,129.6999969482422,130.3699951171875,128.60000610351562,129.82000732421875,128.3170928955078,7951500,False,0.00959767479025648,0.0031490512688115394,0.03148510986304356,48,48,16
WMT,2022-08-12,130.0,132.83999633789062,129.82000732421875,132.22000122070312,130.68930053710938,8875000,False,0.018318265772505702,0.005801950690618724,0.05800955250342242,47,48,16
WMT,2022-08-15,131.6300048828125,133.57000732421875,131.36000061035156,132.60000610351562,131.0648956298828,8838700,True,0.0028698325074053973,0.006559342439065084,0.06558217053138996,47,48,16
WMT,2022-08-16,138.89999389648438,140.92999267578125,138.19000244140625,139.3699951171875,137.75650024414062,30591100,False,0.049795048599437626,0.019703080481149226,0.19699700025001363,42,40,13
WMT,2022-08-17,138.57000732421875,142.72000122070312,138.39999389648438,139.52000427246094,137.90478515625,13930700,False,0.001075848762706793,0.019893793701017584,0.1989038052421585,42,40,13
WMT,2022-08-18,139.52999877929688,140.4199981689453,138.5,139.07000732421875,137.4600067138672,6399200,False,-0.003230469851782103,0.021722464513057173,0.21718737591331397,41,40,13
WMT,2022-08-19,138.9199981689453,139.07000732421875,136.91000366210938,137.02000427246094,135.4337158203125,7639600,False,-0.01485067604256787,0.024827392043511438,0.248231324095852,40,40,13
WMT,2022-08-22,136.1999969482422,136.72000122070312,134.44000244140625,134.57000732421875,133.0120849609375,6222400,True,-0.018042350031435537,0.027357412408691835,0.273527186993475,39,40,13
WMT,2022-08-23,134.61000061035156,134.9600067138672,133.2100067138672,134.0,132.4486846923828,5651700,False,-0.004244703390354513,0.008168569398477389,0.0816716791759379,46,48,16
WMT,2022-08-24,134.35000610351562,135.2899932861328,133.60000610351562,134.97000122070312,133.407470703125,5255500,False,0.007212849114322182,0.010083304999583046,0.1008157500764553,45,48,16
WMT,2022-08-25,135.27999877929688,135.99000549316406,135.02999877929688,135.8699951171875,134.29702758789062,6471500,False,0.0066458364692475475,0.011746233847189884,0.11744218546665636,45,48,16
WMT,2022-08-26,136.11000061035156,136.8300018310547,131.50999450683594,131.60000610351562,130.0764617919922,7110600,False,-0.03193152547149896,0.016834298007293868,0.16831409747955528,43,40,13
WMT,2022-08-29,130.8300018310547,133.8699951171875,130.58999633789062,132.8800048828125,131.34165954589844,5793900,True,0.009679570994381596,0.0172885987465482,0.17285632542863624,43,40,13
WMT,2022-08-30,133.33999633789062,133.64999389648438,131.74000549316406,132.47999572753906,130.9462890625,4822700,False,-0.0030147842091393425,0.01726679571463081,0.17263833251690902,43,40,13
WMT,2022-08-31,132.77999877929688,133.7899932861328,131.92999267578125,132.5500030517578,131.01548767089844,7486900,False,0.0005283107396111976,0.01659354707966266,0.1659070012594423,43,40,13
WMT,2022-09-01,132.5399932861328,135.13999938964844,132.39999389648438,134.47999572753906,132.9231414794922,7247300,False,0.014455534861464139,0.018100409938232732,0.18097304452158455,42,40,13
WMT,2022-09-02,134.85000610351562,135.6699981689453,132.44000244140625,133.0,131.46026611328125,5744800,False,-0.011066430445544416,0.010150048054745547,0.10148306611706698,45,48,16
WMT,2022-09-06,133.0500030517578,133.6199951171875,130.72000122070312,132.33999633789062,130.80789184570312,7299900,True,-0.004974874709477471,0.009516159303050827,0.09514526616261022,46,48,16
WMT,2022-09-07,133.05999755859375,135.97000122070312,132.74000549316406,135.74000549316406,134.1685333251953,5686300,False,0.025366948661745735,0.01484712677440392,0.14844579453895806,44,48,16
WMT,2022-09-08,135.39999389648438,136.8699951171875,134.8800048828125,136.42999267578125,134.85055541992188,5652000,False,0.005070447298796598,0.014653378525139286,0.14650864446004824,44,48,16
WMT,2022-09-09,136.3000030517578,137.5,136.1300048828125,136.83999633789062,135.2558135986328,5380200,False,0.0030007325208619724,0.013828243604038212,0.1382587109324478,44,48,16
WMT,2022-09-12,137.0800018310547,138.25,136.97000122070312,138.07000732421875,136.47158813476562,4761500,True,0.008948546530669309,0.011214869804076879,0.11212945669644553,45,48,16
WMT,2022-09-13,136.86000061035156,137.9499969482422,134.80999755859375,135.22000122070312,133.65455627441406,5895800,False,-0.020857914331271495,0.016587853114939714,0.16585007138134417,43,40,13
WMT,2022-09-14,135.6300048828125,136.52999877929688,134.10000610351562,134.9199981689453,133.3580322265625,6644900,False,-0.002221050111636507,0.011698644121005583,0.11696636985447346,45,48,16
WMT,2022-09-15,135.0500030517578,135.14999389648438,132.97000122070312,133.47000122070312,131.92481994628906,6729800,False,-0.01080526851189564,0.011721688461872957,0.11719677372598761,45,48,16
WMT,2022-09-16,132.0,134.5500030517578,131.27999877929688,133.19000244140625,131.64805603027344,13958100,False,-0.0021000948349492164,0.011124743492916797,0.11122834821449408,45,48,16
WMT,2022-09-19,132.82000732421875,134.75999450683594,132.47000122070312,134.3300018310547,132.77488708496094,5617700,True,0.008522996247036849,0.010988248254228672,0.10986363001239892,45,48,16
WMT,2022-09-20,133.47999572753906,133.8800048828125,132.5399932861328,133.5500030517578,132.00389099121094,4654500,False,-0.0058237165260879385,0.007102247850953537,0.07101029318783687,47,48,16
WMT,2022-09-21,135.44000244140625,137.4499969482422,134.6199951171875,134.77000427246094,133.20977783203125,8301200,False,0.009093763201427674,0.008805828225548993,0.08804317410212753,46,48,16
WMT,2022-09-22,134.57000732421875,134.72000122070312,132.83999633789062,133.38999938964844,131.8457489013672,5581500,False,-0.010292492211215254,0.00865343243992418,0.08651947771122281,46,48,16
WMT,2022-09-23,132.8699951171875,133.17999267578125,128.77000427246094,130.05999755859375,128.55429077148438,9065100,False,-0.02528135896328562,0.014328562446128927,0.1432610409566655,44,48,16
WMT,2022-09-26,128.75,132.13999938964844,128.27000427246094,131.30999755859375,129.78982543945312,7670400,True,0.00956510336772367,0.014575460600737396,0.14572959889975806,44,48,16
WMT,2022-09-27,132.22999572753906,133.42999267578125,130.3000030517578,130.9499969482422,129.43399047851562,5723900,False,-0.0027453896022343405,0.014573103134018337,0.14570602827727147,44,48,16
WMT,2022-09-28,131.41000366210938,133.64999389648438,129.72000122070312,133.11000061035156,131.56898498535156,5612800,False,0.016360289561579325,0.016439650658525314,0.16436830108805156,43,40,13
WMT,2022-09-29,133.5,134.1199951171875,131.6300048828125,132.25,130.7189483642578,5080500,False,-0.006481728581801701,0.016071041429711122,0.16068284122250717,43,40,13
WMT,2022-09-30,132.24000549316406,132.36000061035156,129.6999969482422,129.6999969482422,128.19847106933594,6534100,False,-0.019469967851036253,0.01402001638761573,0.14017610974379155,44,48,16
WMT,2022-10-03,130.24000549316406,132.7899932861328,130.00999450683594,132.52999877929688,130.99569702148438,5858300,True,0.021584857218202542,0.016919585010853187,0.1691668211882958,43,40,13
WMT,2022-10-04,133.86000061035156,135.1999969482422,133.3699951171875,134.25,132.69578552246094,5378100,False,0.012894705897512291,0.017299183254789137,0.17296215235121218,43,40,13
WMT,2022-10-05,133.75999450683594,134.6199951171875,132.50999450683594,132.9199981689453,131.38119506835938,4851300,False,-0.009956197698890354,0.016970487629729504,0.16967576004347115,43,40,13
WMT,2022-10-06,133.0800018310547,134.47999572753906,131.5800018310547,131.67999267578125,130.15553283691406,4733500,False,-0.009372841926522487,0.017280796190539127,0.17277831325538542,43,40,13
WMT,2022-10-07,131.30999755859375,131.64999389648438,128.07000732421875,128.55999755859375,127.07167053222656,5693500,False,-0.02397887958857279,0.01856444337811004,0.18561258277850756,42,40,13
WMT,2022-10-10,129.52999877929688,129.92999267578125,128.27999877929688,129.32000732421875,127.82288360595705,3803900,True,0.005894321683101824,0.014515026383231978,0.1451253604116488,44,48,16
WMT,2022-10-11,129.50999450683594,133.8000030517578,129.4600067138672,132.6699981689453,131.1340789794922,7092000,False,0.0255747195745867,0.018859614311353735,0.18856378568637963,42,40,13
WMT,2022-10-12,133.00999450683594,134.77000427246094,130.97000122070312,131.1699981689453,129.6514434814453,5649200,False,-0.011370657837236875,0.019011889747253128,0.1900862787865141,42,40,13
WMT,2022-10-13,129.27999877929688,132.94000244140625,128.3699951171875,132.27999877929688,130.74859619140625,6848500,False,0.008426720700182824,0.019104736491621314,0.19101458693310122,42,40,13
WMT,2022-10-14,132.44000244140625,133.22000122070312,130.0500030517578,130.42999267578125,128.9199981689453,5547000,False,-0.014084323557385127,0.016169197044434428,0.1616642289642203,43,40,13
WMT,2022-10-17,130.9600067138672,132.8300018310547,130.58999633789062,131.3699951171875,129.84912109375,5937500,True,0.007181126714381325,0.01623909729602944,0.16236311155235741,43,40,13
WMT,2022-10-18,133.42999267578125,135.10000610351562,133.3300018310547,134.13999938964844,132.58706665039062,5614100,False,0.020866366962950307,0.014674457430291861,0.1467193973465111,44,48,16
WMT,2022-10-19,134.3300018310547,134.72999572753906,132.97000122070312,133.75999450683594,132.2114715576172,3779800,False,-0.002836838505253371,0.01311425679068167,0.13112006778556148,44,48,16
WMT,2022-10-20,133.97999572753906,135.39999389648438,133.64999389648438,134.08999633789062,132.5376434326172,4251600,False,0.00246400853908038,0.012869746917443,0.12867538855859426,44,48,16
WMT,2022-10-21,134.80999755859375,137.41000366210938,134.0,136.8000030517578,135.21627807617188,6044900,False,0.0200088498776891,0.010567679755963545,0.10565866659882764,45,48,16
WMT,2022-10-24,137.4499969482422,140.47999572753906,137.1300048828125,139.41000366210938,137.7960662841797,6268900,True,0.018899255280114765,0.01119541386524783,0.11193493068869576,45,48,16
WMT,2022-10-25,139.08999633789062,140.44000244140625,138.32000732421875,140.07000732421875,138.44842529296875,5017100,False,0.004723064107185216,0.01024335717841928,0.10241599726340571,45,48,16
WMT,2022-10-26,140.36000061035156,142.0399932861328,139.82000732421875,141.13999938964844,139.5060272216797,6918100,False,0.007609930497895199,0.008169729292481952,0.0816832761259542,46,48,16
WMT,2022-10-27,141.00999450683594,142.10000610351562,140.2899932861328,140.72999572753906,139.1007537841797,5534300,False,-0.0029092882943354734,0.009734288093223983,0.09732617982092819,46,48,16
WMT,2022-10-28,140.0500030517578,142.89999389648438,140.0399932861328,142.50999450683594,140.86016845703125,4549400,False,0.012569167310789622,0.008206931688071687,0.0820552362537273,46,48,16
WMT,2022-10-31,142.33999633789062,143.07000732421875,141.77000427246094,142.3300018310547,140.6822509765625,7524000,True,-0.0012638770705334515,0.006370349826671873,0.06369256866195148,47,48,16
WMT,2022-11-01,142.97000122070312,143.5500030517578,141.5,141.69000244140625,140.04966735839844,4938100,False,-0.004506681624040599,0.007413163597204306,0.07411891721241497,47,48,16
WMT,2022-11-02,141.16000366210938,143.57000732421875,140.6999969482422,140.75,139.1205291748047,5174000,False,-0.0066564527721477895,0.007601520388784981,0.0760021619646054,46,48,16
WMT,2022-11-03,139.50999450683594,141.7100067138672,139.0800018310547,140.72000122070312,139.0908966064453,3658800,False,-0.00021302193745794757,0.007487393886552956,0.07486109274904565,47,48,16
WMT,2022-11-04,142.02999877929688,142.2100067138672,138.7899932861328,140.97000122070312,139.33799743652344,4889800,False,0.0017749658906759886,0.003383854010667527,0.03383273443070253,48,48,16
WMT,2022-11-07,141.25999450683594,142.97000122070312,141.25999450683594,142.4499969482422,140.8008575439453,3788000,True,0.01044391649517022,0.006647326141868974,0.06646185660585115,47,48,16
WMT,2022-11-08,142.5800018310547,144.07000732421875,141.50999450683594,142.7899932861328,141.13690185546875,5022800,False,0.0023838202543216285,0.006129879152245853,0.06128827449306016,47,48,16
WMT,2022-11-09,142.75999450683594,143.16000366210938,139.2100067138672,139.47000122070312,137.85536193847656,5310700,False,-0.023525320851463694,0.012793578565052989,0.12791383571668336,44,48,16
WMT,2022-11-10,142.50999450683594,142.69000244140625,140.5,142.36000061035156,140.7119140625,6770200,False,0.020509603977338337,0.01631825222962892,0.16315452508228764,43,40,13
WMT,2022-11-11,142.6699981689453,143.1199951171875,139.99000549316406,142.5800018310547,140.92935180664062,6423600,False,0.0015440761968623258,0.016320497502649595,0.16317697396028105,43,40,13
WMT,2022-11-14,141.63999938964844,143.32000732421875,138.27000427246094,138.38999938964844,136.78787231445312,12508600,True,-0.029827365206985243,0.02064343400434184,0.20639892211805402,41,40,13
WMT,2022-11-15,145.61000061035156,150.27000427246094,144.5500030517578,147.44000244140625,145.73309326171875,25516200,False,0.06334547171151533,0.037660968040249994,0.3765450655058253,34,32,10
WMT,2022-11-16,147.8800048828125,150.1999969482422,147.1199951171875,148.5,146.78082275390625,10864400,False,0.007163652157562482,0.03387299581965088,0.3386718423211386,36,32,10
WMT,2022-11-17,147.00999450683594,148.72999572753906,146.7100067138672,148.0,146.28660583496094,8263800,False,-0.003372721355024866,0.03415217763419463,0.34146318147453114,36,32,10
WMT,2022-11-18,149.6699981689453,150.24000549316406,148.77000427246094,150.22999572753906,148.49078369140625,6329000,False,0.014955142532157123,0.03406743699055684,0.3406159204276165,36,32,10
WMT,2022-11-21,150.61000061035156,152.13999938964844,150.19000244140625,151.14999389648438,149.400146484375,7052400,True,0.0061053595500207775,0.026365388557958107,0.2636086505007685,39,40,13
WMT,2022-11-22,152.0,152.4499969482422,151.1199951171875,151.69000244140625,149.93389892578125,5632800,False,0.003566269960210499,0.006611164409504039,0.06610030132486086,47,48,16
WMT,2022-11-23,152.0800018310547,153.3699951171875,151.8800048828125,152.4199981689453,150.6554412841797,5640200,False,0.004800860494600258,0.0065631893220547575,0.06562063276119222,47,48,16
WMT,2022-11-25,152.1199951171875,153.08999633789062,151.86000061035156,153.07000732421875,151.29791259765625,2925800,True,0.0042554406152307805,0.004687673669958805,0.046868694061132636,48,48,16
WMT,2022-11-28,152.72000122070312,154.63999938964844,152.72000122070312,153.50999450683594,151.73281860351562,5891600,True,0.0028703775537027294,0.0012341411071605814,0.012339293656566564,49,48,16
WMT,2022-11-29,153.02999877929688,153.7100067138672,152.5500030517578,152.97000122070312,151.19908142089844,4613900,False,-0.00352381333804854,0.003386724287281197,0.03386143227230764,48,48,16
WMT,2022-11-30,152.61000061035156,152.77000427246094,151.1999969482422,152.4199981689453,150.6554412841797,10446000,False,-0.003602004830885014,0.004188620016323858,0.041879013750789625,48,48,16
WMT,2022-12-01,152.0500030517578,153.61000061035156,150.72999572753906,153.3699951171875,151.5944366455078,7577400,False,0.006213391308414797,0.004544901721019178,0.04544121952546987,48,48,16
WMT,2022-12-02,151.47999572753906,153.24000549316406,151.47999572753906,153.22000122070312,151.4461669921875,6911000,False,-0.0009785465272430576,0.004272081017998154,0.04271348057355006,48,48,16
WMT,2022-12-05,152.75,153.0,150.50999450683594,151.64999389648438,149.89434814453125,7869400,True,-0.01029952819349818,0.00594378034900215,0.05942760575021043,47,48,16
WMT,2022-12-06,151.1999969482422,151.91000366210938,149.2100067138672,149.88999938964844,148.15472412109375,6875200,False,-0.011673539295187054,0.00728260003503865,0.07281350559857121,47,48,16
WMT,2022-12-07,150.5,151.2100067138672,148.82000732421875,149.11000061035156,147.38377380371094,5850100,False,-0.005217269977087286,0.00729257772930002,0.0729132654224618,47,48,16
WMT,2022-12-08,149.16000366210938,149.27999877929688,148.13999938964844,148.77999877929688,147.61195373535156,4504200,False,0.001547005301068917,0.00572663951171515,0.05725656992572395,47,48,16
WMT,2022-12-09,147.47000122070312,147.72000122070312,145.22000122070312,145.30999755859375,144.169189453125,9309800,False,-0.023599359606415137,0.009272623244801496,0.09271032341476267,46,48,16
WMT,2022-12-12,145.89999389648438,148.10000610351562,145.55999755859375,148.02000427246094,146.85792541503906,6477400,True,0.018478088999689796,0.01565639120701951,0.15653705041068977,43,40,13
WMT,2022-12-13,150.0,150.1999969482422,146.74000549316406,147.49000549316406,146.33209228515625,7802700,False,-0.003586982243171,0.01508479019338417,0.1508220209697979,43,40,13
WMT,2022-12-14,147.08999633789062,148.52999877929688,145.9600067138672,146.6699981689453,145.51852416992188,6778200,False,-0.005575251013609253,0.015101895234260308,0.15099304203145256,43,40,13
WMT,2022-12-15,145.5800018310547,146.4199981689453,143.6300048828125,145.36000061035156,144.21881103515625,5838000,False,-0.008971725040959784,0.015121591585558385,0.1511899717514171,43,40,13
WMT,2022-12-16,144.47999572753906,144.72000122070312,142.57000732421875,142.75,141.62928771972656,13447700,False,-0.01811867329824788,0.013518329574653036,0.1351601023578807,44,48,16
WMT,2022-12-19,143.00999450683594,143.55999755859375,141.72999572753906,142.8000030517578,141.6789093017578,5022500,True,0.0003503010718387178,0.006983109644075176,0.06981911552439196,47,48,16
WMT,2022-12-20,142.9199981689453,144.63999938964844,142.25,144.0500030517578,142.91909790039062,5669800,False,0.008715426092189655,0.010056735224589228,0.1005500979122616,45,48,16
WMT,2022-12-21,144.32000732421875,145.94000244140625,144.25999450683594,145.17999267578125,144.04022216796875,4575500,False,0.007813859968887534,0.0114571354363108,0.114551697363808,45,48,16
WMT,2022-12-22,144.77000427246094,144.97999572753906,141.92999267578125,143.47999572753906,142.3535614013672,4360800,False,-0.01177874914737809,0.011940165584514401,0.11938117011135467,45,48,16
WMT,2022-12-23,143.0500030517578,143.8000030517578,142.27999877929688,143.77000427246094,142.6412811279297,3182500,False,0.002019123025233554,0.008213020009893783,0.08211610902621876,46,48,16
WMT,2022-12-27,144.0399932861328,144.4499969482422,143.19000244140625,143.80999755859375,142.68096923828125,3348200,True,0.00027819849700878277,0.008215439451831473,0.0821402992945608,46,48,16
WMT,2022-12-28,143.47000122070312,143.6699981689453,140.91000366210938,141.2899932861328,140.1807403564453,5082100,False,-0.017678561030925688,0.010507456547293648,0.1050565378370459,45,48,16
WMT,2022-12-29,142.13999938964844,143.02000427246094,141.75,142.14999389648438,141.03399658203125,3057300,False,0.006068379298466243,0.010040900532910213,0.10039177816304094,45,48,16
WMT,2022-12-30,141.55999755859375,141.99000549316406,140.80999755859375,141.7899932861328,140.67681884765625,3835300,False,-0.002535777160155232,0.009108555372945448,0.09106992618733584,46,48,16
WMT,2023-01-03,142.5500030517578,143.7100067138672,142.08999633789062,143.60000610351562,142.47264099121094,5749900,True,0.01268479356514228,0.01136319071970788,0.11361241137866375,45,48,16
WMT,2023-01-04,143.4199981689453,144.0500030517578,142.07000732421875,143.75999450683594,142.63136291503906,4446100,False,0.0011134318568041214,0.01137877901860411,0.11376826762279246,45,48,16
WMT,2023-01-05,143.4600067138672,144.1300048828125,142.64999389648438,143.27000427246094,142.1452178955078,4424800,False,-0.0034142238128835067,0.006676856739481475,0.06675711191635036,47,48,16
WMT,2023-01-06,144.60000610351562,147.5500030517578,144.24000549316406,146.77999877929688,145.62765502929688,7077300,False,0.024203859839133413,0.011838395351686648,0.11836364239019483,45,48,16
WMT,2023-01-09,146.32000732421875,147.86000061035156,144.8000030517578,144.9499969482422,143.81202697753906,5918900,True,-0.012545977485389059,0.01431659958740932,0.14314143289413783,44,48,16
WMT,2023-01-10,144.94000244140625,145.4499969482422,143.72999572753906,144.86000061035156,143.7227325439453,3990200,False,-0.0006211035953562512,0.013612928721574522,0.13610593152340497,44,48,16
WMT,2023-01-11,145.74000549316406,146.17999267578125,144.72999572753906,146.1300048828125,144.98275756835938,4944900,False,0.008728846994308764,0.013946237636613117,0.1394384488159172,44,48,16
WMT,2023-01-12,146.41000366210938,146.4199981689453,144.38999938964844,144.80999755859375,143.67311096191406,4157600,False,-0.009074165715129773,0.014826378026858081,0.14823834266211142,44,48,16
WMT,2023-01-13,145.52999877929688,145.82000732421875,143.86000061035156,145.2899932861328,144.1493377685547,4566600,False,0.0033091737168040912,0.008752857250583907,0.08751355523474158,46,48,16
WMT,2023-01-17,145.2899932861328,145.7100067138672,144.1999969482422,144.41000366210938,143.27627563476562,5040800,True,-0.006075066230761906,0.0071412542411987525,0.07140029016705242,47,48,16
WMT,2023-01-18,144.1999969482422,144.25,140.47999572753906,140.83999633789062,139.73428344726562,7558100,False,-0.025032120003994185,0.012986415276387367,0.12984187198021563,44,48,16
WMT,2023-01-19,141.38999938964844,141.52999877929688,138.7899932861328,138.8300018310547,137.74008178710938,5780700,False,-0.014374199899780974,0.010466421835180212,0.10464626111913856,45,48,16
WMT,2023-01-20,139.39999389648438,140.77999877929688,138.1699981689453,140.5399932861328,139.43663024902344,9847700,False,0.012241790709359657,0.014592610510913848,0.14590106857743362,44,48,16
WMT,2023-01-23,140.4600067138672,143.00999450683594,140.1999969482422,142.63999938964844,141.52017211914062,4383300,True,0.014832031463910569,0.01711880544373618,0.17115868371476758,43,40,13
WMT,2023-01-24,146.5500030517578,146.5500030517578,141.0,143.02000427246094,141.8971710205078,4556400,False,0.0026603814681607245,0.017258642144800388,0.1725568108076789,43,40,13
WMT,2023-01-25,142.24000549316406,142.83999633789062,140.38999938964844,142.33999633789062,141.22250366210938,4163900,False,-0.004765960798793824,0.012081116283210732,0.12079043526930225,45,48,16
WMT,2023-01-26,143.02999877929688,143.75,141.75999450683594,142.2100067138672,141.09353637695312,5273000,False,-0.0009136377381144921,0.0084373061100625,0.08435858522039984,46,48,16
WMT,2023-01-27,142.60000610351562,144.47000122070312,141.75,143.3000030517578,142.17498779296875,6137600,False,0.007635558333837866,0.007636586506138477,0.0763527629752272,46,48,16
WMT,2023-01-30,142.1199951171875,142.4499969482422,141.27000427246094,142.14999389648438,141.03399658203125,5299200,True,-0.008057635507102902,0.00615397200251685,0.06152916165968368,47,48,16
WMT,2023-01-31,142.32000732421875,143.8800048828125,141.66000366210938,143.8699951171875,142.74050903320312,4701200,False,0.012027387866672524,0.008432253602536788,0.08430806881372638,46,48,16
WMT,2023-02-01,143.66000366210938,145.61000061035156,142.6999969482422,144.6699981689453,143.5342254638672,4283100,False,0.005545152043337252,0.007854009291807174,0.078526617799792,46,48,16
WMT,2023-02-02,144.41000366210938,144.86000061035156,142.94000244140625,143.6199951171875,142.49246215820312,5935600,False,-0.007284410562384382,0.009113572999293867,0.09112009384208199,46,48,16
WMT,2023-02-03,143.36000061035156,143.9600067138672,140.86000061035156,141.7100067138672,140.5974578857422,5718500,False,-0.013388202432325292,0.010579933476289388,0.10578118277838662,45,48,16
WMT,2023-02-06,141.82000732421875,142.10000610351562,140.02999877929688,140.67999267578125,139.57554626464844,5818000,True,-0.00729489378165718,0.010479954433877042,0.10478156388823669,45,48,16
WMT,2023-02-07,139.77000427246094,141.3000030517578,138.69000244140625,140.97999572753906,139.87318420410156,5447100,False,0.0021301800262419675,0.007720977660855995,0.07719652973255692,46,48,16
WMT,2023-02-08,140.3300018310547,141.10000610351562,139.99000549316406,140.22000122070312,139.11915588378906,3897100,False,-0.005405382499156838,0.005569033299311041,0.05568077820655187,47,48,16
WMT,2023-02-09,140.8699951171875,141.94000244140625,140.57000732421875,141.52000427246094,140.40895080566406,4354800,False,0.009228439249433236,0.008774759337611258,0.08773253852761961,46,48,16
WMT,2023-02-10,143.08999633789062,143.94000244140625,142.1699981689453,143.72000122070312,142.59169006347656,5000900,False,0.015425990095778818,0.009623186528977798,0.09621535479534284,46,48,16
WMT,2023-02-13,144.7100067138672,146.1199951171875,144.50999450683594,145.91000366210938,144.76449584960938,5338600,True,0.01512302364527697,0.00893174218627048,0.08930209767884756,46,48,16
WMT,2023-02-14,145.72999572753906,147.1300048828125,144.55999755859375,145.49000549316406,144.34779357910156,4610400,False,-0.0028826347014374322,0.009887390139745092,0.09885693760906453,46,48,16
WMT,2023-02-15,144.9600067138672,146.60000610351562,144.55999755859375,146.57000732421875,145.4193115234375,4891400,False,0.007395752033576256,0.0074583328005413205,0.07457053174901436,47,48,16
WMT,2023-02-16,145.47999572753906,145.99000549316406,144.17999267578125,144.27000427246094,143.13735961914062,5437400,False,-0.015816646812249993,0.013283093851495743,0.1328081487200744,44,48,16
WMT,2023-02-17,145.11000061035156,146.69000244140625,144.57000732421875,146.44000244140625,145.2903289794922,8256900,False,0.014929283378510938,0.013176295589453347,0.13174034933335435,44,48,16
WMT,2023-02-21,142.8800048828125,148.33999633789062,142.14999389648438,147.3300018310547,146.17333984375,18131300,True,0.006059167301069217,0.011768714014260457,0.11766694856815507,45,48,16
WMT,2023-02-22,146.77000427246094,147.57000732421875,142.75999450683594,144.24000549316406,143.10760498046875,9948000,False,-0.021196347009359448,0.01580232889834892,0.15799617693878834,43,40,13
WMT,2023-02-23,144.3699951171875,144.3699951171875,140.7100067138672,142.08999633789062,140.97447204589844,7340400,False,-0.015018005000994207,0.015746912147071815,0.15744210450449891,43,40,13
WMT,2023-02-24,140.83999633789062,142.74000549316406,139.52999877929688,142.47000122070312,141.35150146484375,6874500,False,0.002670881735666036,0.015083356035449531,0.1508076818510353,43,40,13
WMT,2023-02-27,142.7100067138672,143.08999633789062,140.66000366210938,141.44000244140625,140.32957458496094,5549100,True,-0.007255946177203247,0.011510261629233161,0.11508286814445937,45,48,16
WMT,2023-02-28,141.0,142.64999389648438,140.9499969482422,142.1300048828125,141.01416015625,6018000,False,0.004866551750466362,0.011180978688527972,0.11179060368791983,45,48,16
WMT,2023-03-01,141.05999755859375,141.27999877929688,139.3699951171875,140.14999389648438,139.04969787597656,4726700,False,-0.014028904070761036,0.00922396899266014,0.09222386436941568,46,48,16
WMT,2023-03-02,139.83999633789062,140.74000549316406,139.5,140.5,139.39695739746094,4928500,False,0.0024942637660965387,0.008080385213663483,0.08078998862534341,46,48,16
WMT,2023-03-03,141.0399932861328,141.19000244140625,139.77000427246094,140.6699981689453,139.5656280517578,5629600,False,0.0012092709463506265,0.007881828382864236,0.07880476098116744,46,48,16
WMT,2023-03-06,140.5,140.97999572753906,140.02000427246094,140.64999389648438,139.5457763671875,5573600,True,-0.00014224918286743604,0.0074485402649507515,0.07447262319415517,47,48,16
WMT,2023-03-07,141.17999267578125,141.67999267578125,138.7899932861328,139.25,138.15676879882812,5795800,False,-0.010003647255142935,0.00742920732578166,0.07427932697197454,47,48,16
WMT,2023-03-08,138.55999755859375,138.9199981689453,137.27999877929688,138.10000610351562,137.01580810546875,6363600,False,-0.008292739376854688,0.005768920320663729,0.05767930547405523,47,48,16
WMT,2023-03-09,138.8300018310547,138.97999572753906,136.9199981689453,137.1699981689453,136.0930938720703,5138600,False,-0.0067571414740586165,0.005022786065160571,0.05021924306104691,47,48,16
WMT,2023-03-10,137.02000427246094,138.27999877929688,136.08999633789062,136.97000122070312,135.89468383789062,6688400,False,-0.0014589631272730007,0.0043172681345971875,0.04316527421203587,48,48,16
WMT,2023-03-13,136.67999267578125,138.5,136.5800018310547,137.3699951171875,136.29153442382812,9380700,True,0.0029160246957410955,0.005333258209088531,0.05332343182348509,47,48,16
WMT,2023-03-14,137.69000244140625,138.27000427246094,137.0,138.10000610351562,137.01580810546875,8514200,False,0.005300079905590501,0.005903329620582182,0.05902316786729737,47,48,16
WMT,2023-03-15,136.88999938964844,139.80999755859375,136.7100067138672,139.63999938964844,138.54371643066406,11044500,False,0.011089611118920449,0.006759533289253957,0.06758373556597623,47,48,16
WMT,2023-03-16,139.42999267578125,139.64999389648438,137.8800048828125,138.27999877929688,137.75669860839844,9635200,False,-0.005696842334773468,0.0064154509572250775,0.0641435025875052,47,48,16
WMT,2023-03-17,138.19000244140625,139.49000549316406,137.58999633789062,139.39999389648438,138.87245178222656,14360400,False,0.008066823201789995,0.006386196177073251,0.06385100497839291,47,48,16
WMT,2023-03-20,140.10000610351562,141.9199981689453,139.80999755859375,140.89999389648438,140.3667755126953,11309500,True,0.010702923151608666,0.006883706007392164,0.06882524970431216,47,48,16
WMT,2023-03-21,141.38999938964844,141.38999938964844,139.52999877929688,140.4199981689453,139.8885955810547,6337800,False,-0.0034124619542812364,0.008071425572383523,0.08070040758459411,46,48,16
WMT,2023-03-22,140.63999938964844,141.22000122070312,139.4600067138672,139.52000427246094,138.99200439453125,6182800,False,-0.006429950851190902,0.008108362396130957,0.08106971244958563,46,48,16
WMT,2023-03-23,140.1999969482422,141.61000061035156,139.49000549316406,140.64999389648438,140.1177215576172,7348100,False,0.008066528411615616,0.007744772056874134,0.07743443286870962,46,48,16
WMT,2023-03-24,141.00999450683594,142.47000122070312,140.60000610351562,141.8000030517578,141.2633819580078,7584100,False,0.008143167518431646,0.007756342532304744,0.07755011777155905,46,48,16
WMT,2023-03-27,142.7899932861328,144.97999572753906,142.77999877929688,144.1699981689453,143.62440490722656,8925200,True,0.01657548771681885,0.009405342479956263,0.09403728806001088,46,48,16
WMT,2023-03-28,143.64999389648438,144.41000366210938,143.0500030517578,143.61000061035156,143.0665283203125,7094300,False,-0.003891837699819924,0.009509162629840842,0.09507531143469773,46,48,16
WMT,2023-03-29,144.3699951171875,144.9600067138672,143.4499969482422,144.22999572753906,143.68417358398438,8072300,False,0.004307896822968092,0.00740551690166642,0.07404246337646632,47,48,16
WMT,2023-03-30,145.5,146.60000610351562,145.02000427246094,145.6699981689453,145.1187286376953,7293000,False,0.009934573658114258,0.007541337868280096,0.07540044001466512,46,48,16
WMT,2023-03-31,146.5800018310547,148.44000244140625,146.47000122070312,147.4499969482422,146.89199829101562,6956000,False,0.012145385684238941,0.007895264354122465,0.0789390976416632,46,48,16
WMT,2023-04-03,147.72999572753906,148.9499969482422,147.5,148.69000244140625,148.12730407714844,6588900,True,0.008374455472547645,0.006313572584841385,0.06312489365632093,47,48,16
WMT,2023-04-04,148.52999877929688,148.7899932861328,147.02000427246094,147.22999572753906,146.67282104492188,6037900,False,-0.009867667685878895,0.008779490770342603,0.08777984473721721,46,48,16
WMT,2023-04-05,147.1699981689453,149.8800048828125,147.13999938964844,149.6699981689453,149.1035919189453,8846900,False,0.01643691311708837,0.010120898507826338,0.10119162065973226,45,48,16
WMT,2023-04-06,148.8000030517578,151.0399932861328,148.52000427246094,150.8000030517578,150.2293243408203,5963900,False,0.0075216434150102394,0.010027206361353054,0.10025485994254997,45,48,16
WMT,2023-04-10,150.36000061035156,151.1199951171875,149.77000427246094,150.50999450683594,149.94041442871094,4839700,True,-0.0019249775310968005,0.010168257070938222,0.10166512503779732,45,48,16
WMT,2023-04-11,151.0,151.0,149.6199951171875,150.07000732421875,149.50209045410156,6123500,False,-0.0029276023311953204,0.010238716000658756,0.10236959344866593,45,48,16
WMT,2023-04-12,149.7899932861328,150.97000122070312,149.1699981689453,149.33999633789062,148.77484130859375,3736600,False,-0.004876344826926075,0.0089764397282616,0.08974899641121704,46,48,16
WMT,2023-04-13,149.64999389648438,150.0,148.1999969482422,149.49000549316406,148.92428588867188,4424200,False,0.0010039975194994378,0.004830856163735798,0.04830027334079757,48,48,16
WMT,2023-04-14,149.02999877929688,149.88999938964844,148.14999389648438,148.47999572753906,147.9180908203125,3488300,False,-0.006779348239980647,0.0029557653475067174,0.0295525822705161,48,48,16
WMT,2023-04-17,148.63999938964844,149.6699981689453,148.5,149.52000427246094,148.95416259765625,5388900,True,0.006979944887615681,0.005461833632422421,0.0546089654600596,47,48,16
WMT,2023-04-18,149.77999877929688,150.33999633789062,149.44000244140625,149.85000610351562,149.2829132080078,4494100,False,0.002204626923851607,0.005565425243083669,0.05564470383461771,47,48,16
WMT,2023-04-19,150.83999633789062,151.41000366210938,149.77000427246094,150.00999450683594,149.4423065185547,4144500,False,0.0010671568059737624,0.004941629688647574,0.04940781853585568,48,48,16
WMT,2023-04-20,150.2100067138672,151.38999938964844,149.60000610351562,150.97000122070312,150.398681640625,4547200,False,0.006379237016393524,0.0055218246207969545,0.0552087724173079,47,48,16
WMT,2023-04-21,151.9600067138672,152.3000030517578,151.17999267578125,151.72999572753906,151.15579223632812,8445000,False,0.005021395814894673,0.002591474663968574,0.02591030044840706,48,48,16
WMT,2023-04-24,151.7100067138672,152.9499969482422,151.7100067138672,152.75999450683594,152.18190002441406,4526500,True,0.006765474440859525,0.002537877787173907,0.02537442363658463,48,48,16
WMT,2023-04-25,153.2899932861328,153.75,151.3300018310547,151.57000732421875,150.9964141845703,5748900,False,-0.007820426634834999,0.006081283786115967,0.060802404206797174,47,48,16
WMT,2023-04-26,150.97999572753906,151.41000366210938,150.22000122070312,150.91000366210938,150.3389129638672,4303400,False,-0.004363924206100639,0.0067957220086991114,0.067945560671467,47,48,16
WMT,2023-04-27,150.77999877929688,151.94000244140625,150.77999877929688,151.3800048828125,150.80712890625,4287000,False,0.0031095631657986687,0.00631243360884866,0.063113505850534,47,48,16
WMT,2023-04-28,151.2899932861328,152.1699981689453,150.17999267578125,150.97000122070312,150.398681640625,4693900,False,-0.0027120825806172554,0.005872743044301861,0.058717354581861815,47,48,16
WMT,2023-05-01,151.0399932861328,152.5399932861328,150.92999267578125,151.58999633789062,151.01632690429688,3803200,True,0.004098310373849019,0.005054726489695032,0.05053859250622735,47,48,16
WMT,2023-05-02,151.47000122070312,151.49000549316406,149.4600067138672,151.17999267578125,150.60787963867188,3776500,False,-0.002708320528844432,0.003836408954942938,0.038357507425253484,48,48,16
WMT,2023-05-03,151.55999755859375,152.10000610351562,150.27000427246094,150.6199951171875,150.04998779296875,4111500,False,-0.003711145101709301,0.0036806390793966814,0.03680007592405806,48,48,16
WMT,2023-05-04,150.5500030517578,150.99000549316406,149.49000549316406,150.47000122070312,150.47000122070312,4670400,False,0.002795246350105927,0.003608005642866244,0.03607386617589023,48,48,16
WMT,2023-05-05,150.3000030517578,152.00999450683594,149.8300018310547,151.77000427246094,151.77000427246094,4850000,False,0.008602508239458462,0.005080437113359391,0.0507956546311718,47,48,16
WMT,2023-05-08,151.27000427246094,152.9499969482422,151.05999755859375,152.72000122070312,152.72000122070312,4975400,True,0.0062399422877253054,0.005401187034202461,0.054002603529186385,47,48,16
WMT,2023-05-09,152.72000122070312,153.17999267578125,152.33999633789062,152.97999572753906,152.97999572753906,5069900,False,0.0017009785549158506,0.004705725637083057,0.047049182760627715,48,48,16
WMT,2023-05-10,153.69000244140625,154.35000610351562,151.22999572753906,152.5500030517578,152.5500030517578,5275900,False,-0.0028147347978414563,0.004386381399592376,0.04385628828440707,48,48,16
WMT,2023-05-11,152.5500030517578,153.27000427246094,152.0,153.1199951171875,153.1199951171875,3975600,False,0.003729464648201198,0.004379141802070283,0.04378390473015858,48,48,16
WMT,2023-05-12,153.60000610351562,154.07000732421875,152.7100067138672,153.07000732421875,153.07000732421875,5371800,False,-0.00032651486341343675,0.003507820787145792,0.035072189505773,48,48,16
WMT,2023-05-15,153.5,153.85000610351562,151.3800048828125,151.8800048828125,151.8800048828125,5371300,True,-0.007804613439685364,0.0044626112915465066,0.04461845641637577,48,48,16
WMT,2023-05-16,150.85000610351562,151.52999877929688,149.57000732421875,149.77999877929688,149.77999877929688,5170700,False,-0.013923224841501556,0.006843421966126618,0.06842247840695828,47,48,16
WMT,2023-05-17,151.13999938964844,151.14999389648438,148.7100067138672,149.52999877929688,149.52999877929688,8995300,False,-0.0016705092390946704,0.0069211833245107005,0.06919995857569061,47,48,16
WMT,2023-05-18,151.8000030517578,154.2899932861328,149.9499969482422,151.47000122070312,151.47000122070312,15589500,False,0.012890560165824126,0.010004442944049594,0.10002726482469461,45,48,16
WMT,2023-05-19,151.39999389648438,151.4600067138672,149.11000061035156,149.91000366210938,149.91000366210938,9195600,False,-0.01035245514503341,0.010534095921565758,0.10532288587461108,45,48,16
WMT,2023-05-22,149.6999969482422,150.0800018310547,148.2899932861328,148.58999633789062,148.58999633789062,5372600,True,-0.008844327830419425,0.010633522140344402,0.10631697747690312,45,48,16
WMT,2023-05-23,148.00999450683594,148.86000061035156,147.0800018310547,148.30999755859375,148.30999755859375,5434100,False,-0.0018861493301602912,0.00919857160494759,0.0919699340665706,46,48,16
WMT,2023-05-24,148.50999450683594,148.5399932861328,146.3000030517578,147.6300048828125,147.6300048828125,6838400,False,-0.004595484671704039,0.00926731063993075,0.0926572064808877,46,48,16
WMT,2023-05-25,146.8800048828125,147.44000244140625,145.08999633789062,146.16000366210938,146.16000366210938,7099700,False,-0.010007239495425166,0.003725692140599365,0.037250529238579126,48,48,16
WMT,2023-05-26,145.6999969482422,146.82000732421875,145.47000122070312,146.4199981689453,146.4199981689453,5240300,False,0.0017772545877668983,0.0048791680710194634,0.04878330952492849,48,48,16
WMT,2023-05-30,146.3000030517578,147.2899932861328,145.60000610351562,146.05999755859375,146.05999755859375,5247500,True,-0.002461712236128655,0.0043317110204270015,0.043309678290684835,48,48,16
WMT,2023-05-31,145.4199981689453,147.30999755859375,145.00999450683594,146.8699951171875,146.8699951171875,10043600,False,0.0055303290430857915,0.005958760080970071,0.05957737736917392,47,48,16
WMT,2023-06-01,146.2100067138672,147.89999389648438,145.94000244140625,147.41000366210938,147.41000366210938,6746400,False,0.0036700363822472102,0.006184100493098929,0.06183039487407413,47,48,16
WMT,2023-06-02,147.22000122070312,149.00999450683594,147.10000610351562,148.82000732421875,148.82000732421875,6391300,False,0.009519726282194106,0.004439615317788053,0.044388536132967414,48,48,16
WMT,2023-06-05,149.3699951171875,151.25,149.3699951171875,149.8000030517578,149.8000030517578,5184400,True,0.00656352027093475,0.004462367610652146,0.044616020025515304,48,48,16
WMT,2023-06-06,149.6999969482422,150.19000244140625,148.50999450683594,149.77999877929688,149.77999877929688,5005200,False,-0.00013354878408706593,0.003580202255048849,0.03579587999996942,48,48,16
WMT,2023-06-07,149.25,150.36000061035156,149.0399932861328,150.0,150.0,8085500,False,0.00146775142500891,0.0038861894517360994,0.03885522698482138,48,48,16
WMT,2023-06-08,150.38999938964844,152.42999267578125,149.7899932861328,152.1699981689453,152.1699981689453,6291000,False,0.014363010802812874,0.005919748055396991,0.05918732404634826,47,48,16
WMT,2023-06-09,152.16000366210938,153.72000122070312,151.60000610351562,153.08999633789062,153.08999633789062,5201300,False,0.006027654923636801,0.005653185931846966,0.056522160151298004,47,48,16
WMT,2023-06-12,153.42999267578125,154.3000030517578,153.1699981689453,154.10000610351562,154.10000610351562,4904500,True,0.00657582211086307,0.0056536813857936295,0.05652711384071465,47,48,16
WMT,2023-06-13,154.52000427246094,155.50999450683594,154.07000732421875,155.3000030517578,155.3000030517578,5246300,False,0.0077569678717992144,0.004643120978357949,0.04642324358414607,48,48,16
WMT,2023-06-14,155.91000366210938,157.3300018310547,155.61000061035156,156.8699951171875,156.8699951171875,7034400,False,0.01005865593629078,0.0033959440792818447,0.03395361437392339,48,48,16
WMT,2023-06-15,157.0,158.22999572753906,156.97999572753906,157.72999572753906,157.72999572753906,6053500,False,0.0054672776705436184,0.0018197432985334002,0.018194310853022283,49,48,16
WMT,2023-06-16,158.0800018310547,158.14999389648438,155.27999877929688,155.52999877929688,155.52999877929688,11556700,False,-0.014046052204399985,0.009769379952579933,0.09767703820740899,46,48,16
WMT,2023-06-20,154.6999969482422,155.4499969482422,153.8800048828125,154.16000366210938,154.16000366210938,6664800,True,-0.008847583346441161,0.010802537236039663,0.10800683845477357,45,48,16
WMT,2023-06-21,154.2100067138672,155.33999633789062,153.36000061035156,154.4600067138672,154.4600067138672,6417000,False,0.0019441587464605718,0.010056537513488253,0.10054812114046464,45,48,16
WMT,2023-06-22,154.97999572753906,156.0800018310547,154.47999572753906,155.75,155.75,4435800,False,0.0083169510597411,0.00959356178508144,0.09591915818353175,46,48,16
WMT,2023-06-23,155.8800048828125,156.2899932861328,155.02000427246094,155.4600067138672,155.4600067138672,6325000,False,-0.0018636506783858147,0.008802955603604041,0.08801445281123349,46,48,16
WMT,2023-06-26,155.64999389648438,155.77999877929688,154.32000732421875,155.0500030517578,155.0500030517578,4702100,True,-0.002640841760308003,0.006319960129448248,0.06318875814328372,47,48,16
WMT,2023-06-27,154.14999389648438,155.85000610351562,154.05999755859375,154.49000549316406,154.49000549316406,4031200,False,-0.003618260348149592,0.004888147936953406,0.04887309277751818,48,48,16
WMT,2023-06-28,154.72999572753906,155.67999267578125,154.63999938964844,155.3300018310547,155.3300018310547,6296600,False,0.005422492907255353,0.005380629779537166,0.05379706625260097,47,48,16
WMT,2023-06-29,154.50999450683594,154.75,153.13999938964844,154.27999877929688,154.27999877929688,7176800,False,-0.00678277236020522,0.004498969246629012,0.04498197358788257,48,48,16
WMT,2023-06-30,154.97000122070312,157.52999877929688,154.77999877929688,157.17999267578125,157.17999267578125,6357000,False,0.018622473412607827,0.010223235707393388,0.10221481707554064,45,48,16
WMT,2023-07-03,156.80999755859375,158.44000244140625,156.3300018310547,158.1999969482422,158.1999969482422,2882500,True,0.006468437202671816,0.009952850622577778,0.09951143012688653,46,48,16
WMT,2023-07-05,158.16000366210938,159.1199951171875,157.33999633789062,158.11000061035156,158.11000061035156,5861800,True,-0.0005690388606980574,0.009448261211770616,0.0944664017425161,46,48,16
WMT,2023-07-06,157.92999267578125,158.17999267578125,156.8699951171875,157.11000061035156,157.11000061035156,4809000,False,-0.006344796337977148,0.010597846645731364,0.10596028373919403,45,48,16
WMT,2023-07-07,155.80999755859375,156.2899932861328,153.4499969482422,153.49000549316406,153.49000549316406,6588700,False,-0.023310746730640996,0.015551024391913752,0.15548356303740357,43,40,13
WMT,2023-07-10,154.55999755859375,155.5,154.32000732421875,154.8800048828125,154.8800048828125,4322600,True,0.009015200940957537,0.012880475554571917,0.12878265652276816,44,48,16
WMT,2023-07-11,154.77000427246094,155.50999450683594,153.86000061035156,154.64999389648438,154.64999389648438,3821100,False,-0.0014861953902506476,0.011878930362704071,0.11876892295447884,45,48,16
WMT,2023-07-12,155.30999755859375,155.88999938964844,154.82000732421875,155.0399932861328,155.0399932861328,5503300,False,0.0025186451739187296,0.012212490158969913,0.12210394862882679,45,48,16
WMT,2023-07-13,155.42999267578125,155.60000610351562,153.69000244140625,154.1300048828125,154.1300048828125,3953200,False,-0.005886670999898307,0.012191465166059281,0.12189373477228618,45,48,16
WMT,2023-07-14,154.1199951171875,154.6699981689453,153.5800018310547,154.66000366210938,154.66000366210938,3475000,False,0.0034327490208811593,0.005584127422995407,0.055831693546418024,47,48,16
WMT,2023-07-17,154.39999389648438,154.97999572753906,153.82000732421875,154.85000610351562,154.85000610351562,3378400,True,0.001227762975534431,0.0037579551894367015,0.037573104373262035,48,48,16
WMT,2023-07-18,154.6699981689453,155.66000366210938,153.86000061035156,154.57000732421875,154.57000732421875,4480100,False,-0.0018098302861713845,0.0037917539943787527,0.037911034434096415,48,48,16
WMT,2023-07-19,154.8000030517578,155.1999969482422,153.75,154.6199951171875,154.6199951171875,4124300,False,0.0003233467641874436,0.0035303121719608074,0.035297064765469864,48,48,16
WMT,2023-07-20,154.92999267578125,157.5500030517578,154.89999389648438,157.47999572753906,157.47999572753906,4995900,False,0.01832797663246358,0.008064097737438911,0.08062714180750932,46,48,16
WMT,2023-07-21,157.89999389648438,158.77999877929688,157.44000244140625,158.3699951171875,158.3699951171875,5652600,False,0.005635597726603161,0.008065018769963938,0.08063635055254473,46,48,16
WMT,2023-07-24,158.4499969482422,159.47999572753906,157.55999755859375,159.3000030517578,159.3000030517578,4176600,True,0.005855199401343923,0.007822952670978973,0.07821610487533275,46,48,16
WMT,2023-07-25,160.4600067138672,160.50999450683594,158.27999877929688,159.1699981689453,159.1699981689453,5184600,False,-0.0008164341353068356,0.007594899449504524,0.07593596393134175,46,48,16
WMT,2023-07-26,159.24000549316406,160.69000244140625,158.94000244140625,159.74000549316406,159.74000549316406,5031400,False,0.0035747259394029915,0.00712653911948226,0.0712531641966116,47,48,16
WMT,2023-07-27,160.0800018310547,160.63999938964844,159.1300048828125,159.16000366210938,159.16000366210938,4466800,False,-0.003637519309690111,0.0041892426750878165,0.041885239270134,48,48,16
WMT,2023-07-28,159.2899932861328,160.94000244140625,159.2899932861328,159.91000366210938,159.91000366210938,3673400,False,0.004701171304707453,0.004010353118142949,0.04009665062137377,48,48,16
WMT,2023-07-31,159.9600067138672,160.63999938964844,158.91000366210938,159.86000061035156,159.86000061035156,4344400,True,-0.00031274385650484175,0.0034063433648147505,0.034057589387205496,48,48,16
WMT,2023-08-01,159.9499969482422,160.4499969482422,158.9600067138672,159.11000061035156,159.11000061035156,3927500,False,-0.0047026452601107065,0.004192119916651907,0.04191400674929356,48,48,16
WMT,2023-08-02,158.52999877929688,160.42999267578125,158.52999877929688,159.22000122070312,159.22000122070312,4220000,False,0.000691110571401729,0.003738199307445762,0.037375579448505634,48,48,16
WMT,2023-08-03,159.02000427246094,159.44000244140625,158.53390502929688,159.0,159.0,2179885,False,-0.0013826991069705815,0.0034095767390925854,0.03408991758248585,48,48,16
