Ticker,Date,Open,High,Low,Close,Adj Close,Volume
NWL,1980-03-17,0.0,0.5625,0.53125,0.53125,0.1890613436698913,43200
NWL,1980-03-18,0.0,0.5390629768371582,0.5234379768371582,0.5390629768371582,0.1918420046567917,24000
NWL,1980-03-19,0.0,0.546875,0.5234379768371582,0.5234379768371582,0.186281144618988,27200
NWL,1980-03-20,0.0,0.515625,0.5,0.5078129768371582,0.1807204633951187,60800
NWL,1980-03-21,0.0,0.53125,0.5078129768371582,0.5078129768371582,0.1807204633951187,46400
NWL,1980-03-24,0.0,0.515625,0.5,0.5078129768371582,0.1807204633951187,19200
NWL,1980-03-25,0.0,0.5,0.5,0.5,0.1779400259256363,54400
NWL,1980-03-26,0.0,0.515625,0.484375,0.484375,0.1723793596029281,30400
NWL,1980-03-27,0.0,0.484375,0.453125,0.46875,0.166818767786026,56000
NWL,1980-03-28,0.0,0.4921880066394806,0.4765630066394806,0.484375,0.1723793596029281,11200
NWL,1980-03-31,0.0,0.5078129768371582,0.4921880066394806,0.5078129768371582,0.1807204633951187,12800
NWL,1980-04-01,0.0,0.5078129768371582,0.4765630066394806,0.5078129768371582,0.1807204633951187,22400
NWL,1980-04-02,0.0,0.5,0.5,0.5,0.1779400259256363,17600
NWL,1980-04-03,0.0,0.5078129768371582,0.5,0.5078129768371582,0.1807204633951187,40000
NWL,1980-04-07,0.0,0.5078129768371582,0.4921880066394806,0.5,0.1779400259256363,43200
NWL,1980-04-08,0.0,0.5078129768371582,0.484375,0.484375,0.1723793596029281,30400
NWL,1980-04-09,0.0,0.5,0.4921880066394806,0.5,0.1779400259256363,38400
NWL,1980-04-10,0.0,0.5078129768371582,0.5,0.5078129768371582,0.1807204633951187,28800
NWL,1980-04-11,0.0,0.5078129768371582,0.484375,0.484375,0.1723793596029281,38400
NWL,1980-04-14,0.0,0.5,0.4921880066394806,0.5,0.1779400259256363,43200
NWL,1980-04-15,0.5,0.5,0.5,0.5,0.1779400259256363,0
NWL,1980-04-16,0.0,0.5078129768371582,0.4765630066394806,0.4765630066394806,0.1695993840694427,52800
NWL,1980-04-17,0.0,0.5,0.4765630066394806,0.5,0.1779400259256363,64000
NWL,1980-04-18,0.0,0.5234379768371582,0.5,0.515625,0.1835006922483444,30400
NWL,1980-04-21,0.0,0.53125,0.5234379768371582,0.53125,0.1890613436698913,20800
NWL,1980-04-22,0.0,0.546875,0.5234379768371582,0.546875,0.1946218460798263,80000
NWL,1980-04-23,0.0,0.546875,0.5234379768371582,0.5390629768371582,0.1918420046567917,36800
NWL,1980-04-24,0.0,0.546875,0.515625,0.546875,0.1946218460798263,80000
NWL,1980-04-25,0.0,0.546875,0.5390629768371582,0.546875,0.1946218460798263,9600
NWL,1980-04-28,0.0,0.546875,0.546875,0.546875,0.1946218460798263,3200
NWL,1980-04-29,0.0,0.5390629768371582,0.53125,0.53125,0.1890613436698913,14400
NWL,1980-04-30,0.0,0.53125,0.53125,0.53125,0.1890613436698913,11200
NWL,1980-05-01,0.0,0.53125,0.5234379768371582,0.53125,0.1890613436698913,27200
NWL,1980-05-02,0.0,0.53125,0.53125,0.53125,0.1890613436698913,17600
NWL,1980-05-05,0.0,0.53125,0.5234379768371582,0.53125,0.1890613436698913,28800
NWL,1980-05-06,0.0,0.5390629768371582,0.53125,0.53125,0.1890613436698913,48000
NWL,1980-05-07,0.0,0.5390629768371582,0.53125,0.53125,0.1890613436698913,14400
NWL,1980-05-08,0.0,0.546875,0.546875,0.546875,0.1946218460798263,16000
NWL,1980-05-09,0.0,0.546875,0.546875,0.546875,0.1946218460798263,4800
NWL,1980-05-12,0.0,0.5546879768371582,0.53125,0.5390629768371582,0.1918420046567917,36800
NWL,1980-05-13,0.0,0.546875,0.546875,0.546875,0.1946218460798263,25600
NWL,1980-05-14,0.0,0.5546879768371582,0.546875,0.546875,0.1946218460798263,6400
NWL,1980-05-15,0.0,0.5546879768371582,0.546875,0.5546879768371582,0.1974023878574371,36800
NWL,1980-05-16,0.0,0.5703129768371582,0.5546879768371582,0.5703129768371582,0.2029630094766616,16000
NWL,1980-05-19,0.0,0.578125,0.5703129768371582,0.578125,0.2057431638240814,9600
NWL,1980-05-20,0.0,0.5625,0.5390629768371582,0.5390629768371582,0.1918420046567917,56000
NWL,1980-05-21,0.5390629768371582,0.5390629768371582,0.5390629768371582,0.5390629768371582,0.1918420046567917,0
NWL,1980-05-22,0.0,0.5625,0.5390629768371582,0.5625,0.2001824527978897,59200
NWL,1980-05-23,0.0,0.578125,0.5703129768371582,0.5703129768371582,0.2029630094766616,35200
NWL,1980-05-27,0.0,0.59375,0.578125,0.5859379768371582,0.2085235565900802,59200
NWL,1980-05-28,0.0,0.6015629768371582,0.5859379768371582,0.5859379768371582,0.2085235565900802,30400
NWL,1980-05-29,0.0,0.609375,0.59375,0.609375,0.2168643772602081,72000
NWL,1980-05-30,0.0,0.59375,0.5703129768371582,0.5703129768371582,0.2029630094766616,20800
NWL,1980-06-02,0.0,0.578125,0.5625,0.578125,0.2057431638240814,24000
NWL,1980-06-03,0.0,0.6171879768371582,0.5859379768371582,0.6171879768371582,0.2196448743343353,25600
NWL,1980-06-04,0.0,0.625,0.609375,0.625,0.2224248796701431,32000
NWL,1980-06-05,0.0,0.6328129768371582,0.625,0.6328129768371582,0.2252056449651718,30400
NWL,1980-06-06,0.0,0.6171879768371582,0.609375,0.609375,0.2168643772602081,14400
NWL,1980-06-09,0.0,0.6171879768371582,0.5859379768371582,0.5859379768371582,0.2085235565900802,44800
NWL,1980-06-10,0.0,0.6171879768371582,0.6015629768371582,0.6171879768371582,0.2196448743343353,72000
NWL,1980-06-11,0.0,0.6328129768371582,0.6015629768371582,0.6328129768371582,0.2252056449651718,67200
NWL,1980-06-12,0.0,0.6328129768371582,0.6171879768371582,0.625,0.2224248796701431,35200
NWL,1980-06-13,0.0,0.6484379768371582,0.625,0.6484379768371582,0.2307662218809127,28800
NWL,1980-06-16,0.0,0.625,0.625,0.625,0.2224248796701431,48000
NWL,1980-06-17,0.0,0.640625,0.625,0.625,0.2224248796701431,22400
NWL,1980-06-18,0.0,0.640625,0.6328129768371582,0.640625,0.2279856353998184,12800
NWL,1980-06-19,0.0,0.640625,0.6328129768371582,0.6328129768371582,0.2252056449651718,16000
NWL,1980-06-20,0.0,0.625,0.625,0.625,0.2224248796701431,4800
NWL,1980-06-23,0.0,0.625,0.6171879768371582,0.6171879768371582,0.2196448743343353,9600
NWL,1980-06-24,0.0,0.625,0.6171879768371582,0.625,0.2224248796701431,68800
NWL,1980-06-25,0.0,0.640625,0.6328129768371582,0.640625,0.2279856353998184,28800
NWL,1980-06-26,0.0,0.6328129768371582,0.6328129768371582,0.6328129768371582,0.2252056449651718,35200
NWL,1980-06-27,0.0,0.640625,0.625,0.625,0.2224248796701431,9600
NWL,1980-06-30,0.0,0.6328129768371582,0.625,0.625,0.2224248796701431,14400
NWL,1980-07-01,0.0,0.640625,0.625,0.625,0.2224248796701431,92800
NWL,1980-07-02,0.0,0.640625,0.625,0.6328129768371582,0.2252056449651718,12800
NWL,1980-07-03,0.0,0.640625,0.6328129768371582,0.6328129768371582,0.2252056449651718,14400
NWL,1980-07-07,0.0,0.65625,0.625,0.6484379768371582,0.2307662218809127,104000
NWL,1980-07-08,0.0,0.65625,0.6328129768371582,0.6484379768371582,0.2307662218809127,17600
NWL,1980-07-09,0.0,0.65625,0.6484379768371582,0.65625,0.2335462719202041,33600
NWL,1980-07-10,0.0,0.671875,0.6640629768371582,0.6640629768371582,0.236326590180397,17600
NWL,1980-07-11,0.0,0.671875,0.6640629768371582,0.6640629768371582,0.236326590180397,17600
NWL,1980-07-14,0.0,0.6796879768371582,0.65625,0.6796879768371582,0.2418873906135559,24000
NWL,1980-07-15,0.0,0.6875,0.671875,0.6796879768371582,0.2418873906135559,43200
NWL,1980-07-16,0.0,0.6796879768371582,0.6640629768371582,0.6640629768371582,0.236326590180397,19200
NWL,1980-07-17,0.0,0.6875,0.6640629768371582,0.6875,0.2446676343679428,83200
NWL,1980-07-18,0.0,0.6875,0.6640629768371582,0.6875,0.2446676343679428,59200
NWL,1980-07-21,0.0,0.6875,0.671875,0.6875,0.2446676343679428,43200
NWL,1980-07-22,0.0,0.703125,0.6796879768371582,0.6953129768371582,0.2474479079246521,92800
NWL,1980-07-23,0.0,0.71875,0.6875,0.71875,0.2557888031005859,36800
NWL,1980-07-24,0.0,0.75,0.7265629768371582,0.734375,0.2613495588302612,97600
NWL,1980-07-25,0.0,0.71875,0.671875,0.6875,0.2446676343679428,59200
NWL,1980-07-28,0.0,0.6953129768371582,0.6875,0.6953129768371582,0.2474479079246521,30400
NWL,1980-07-29,0.0,0.6875,0.6640629768371582,0.6640629768371582,0.236326590180397,46400
NWL,1980-07-30,0.0,0.671875,0.65625,0.671875,0.2391070425510406,80000
NWL,1980-07-31,0.0,0.6875,0.671875,0.6875,0.2446676343679428,27200
NWL,1980-08-01,0.0,0.6953129768371582,0.6796879768371582,0.6875,0.2446676343679428,32000
NWL,1980-08-04,0.0,0.6953129768371582,0.6796879768371582,0.6796879768371582,0.2418873906135559,40000
NWL,1980-08-05,0.0,0.6953129768371582,0.6875,0.6875,0.2446676343679428,24000
NWL,1980-08-06,0.0,0.6875,0.671875,0.6796879768371582,0.2418873906135559,30400
NWL,1980-08-07,0.0,0.703125,0.6875,0.6875,0.2446676343679428,33600
NWL,1980-08-08,0.0,0.7109379768371582,0.6875,0.7109379768371582,0.2530086040496826,100800
NWL,1980-08-11,0.0,0.703125,0.6875,0.703125,0.2502283751964569,40000
NWL,1980-08-12,0.0,0.7109379768371582,0.6875,0.6875,0.2446676343679428,30400
NWL,1980-08-13,0.0,0.6796879768371582,0.6484379768371582,0.6484379768371582,0.2307662218809127,110400
NWL,1980-08-14,0.0,0.671875,0.65625,0.671875,0.2391070425510406,60800
NWL,1980-08-15,0.0,0.6796879768371582,0.6640629768371582,0.671875,0.2391070425510406,78400
NWL,1980-08-18,0.0,0.65625,0.6484379768371582,0.65625,0.2335462719202041,25600
NWL,1980-08-19,0.0,0.65625,0.6328129768371582,0.640625,0.2279856353998184,28800
NWL,1980-08-20,0.0,0.6484379768371582,0.625,0.6484379768371582,0.2307662218809127,68800
NWL,1980-08-21,0.0,0.671875,0.6484379768371582,0.65625,0.2335462719202041,28800
NWL,1980-08-22,0.0,0.671875,0.65625,0.6640629768371582,0.236326590180397,35200
NWL,1980-08-25,0.0,0.671875,0.65625,0.6640629768371582,0.236326590180397,57600
NWL,1980-08-26,0.0,0.671875,0.6640629768371582,0.671875,0.2391070425510406,32000
NWL,1980-08-27,0.0,0.71875,0.6796879768371582,0.703125,0.2502283751964569,126400
NWL,1980-08-28,0.0,0.71875,0.703125,0.71875,0.2557888031005859,54400
NWL,1980-08-29,0.0,0.7265629768371582,0.7109379768371582,0.7265629768371582,0.2585691511631012,65600
NWL,1980-09-02,0.0,0.7265629768371582,0.7109379768371582,0.7109379768371582,0.2530086040496826,36800
NWL,1980-09-03,0.0,0.734375,0.71875,0.7265629768371582,0.2585691511631012,51200
NWL,1980-09-04,0.0,0.734375,0.71875,0.7265629768371582,0.2585691511631012,30400
NWL,1980-09-05,0.0,0.7421879768371582,0.71875,0.7421879768371582,0.2641299068927765,112000
NWL,1980-09-08,0.0,0.75,0.7421879768371582,0.7421879768371582,0.2641299068927765,81600
NWL,1980-09-09,0.0,0.7578129768371582,0.734375,0.7578129768371582,0.269690603017807,60800
NWL,1980-09-10,0.0,0.7578129768371582,0.75,0.7578129768371582,0.269690603017807,43200
NWL,1980-09-11,0.0,0.7890629768371582,0.7578129768371582,0.765625,0.2724706828594208,83200
NWL,1980-09-12,0.0,0.765625,0.7578129768371582,0.765625,0.2724706828594208,27200
NWL,1980-09-15,0.0,0.765625,0.75,0.765625,0.2724706828594208,19200
NWL,1980-09-16,0.0,0.765625,0.7421879768371582,0.765625,0.2724706828594208,75200
NWL,1980-09-17,0.0,0.765625,0.7421879768371582,0.7421879768371582,0.2641299068927765,100800
NWL,1980-09-18,0.0,0.75,0.7421879768371582,0.7421879768371582,0.2641299068927765,78400
NWL,1980-09-19,0.0,0.7578129768371582,0.734375,0.734375,0.2613495588302612,32000
NWL,1980-09-22,0.0,0.75,0.7265629768371582,0.734375,0.2613495588302612,116800
NWL,1980-09-23,0.0,0.734375,0.7265629768371582,0.734375,0.2613495588302612,52800
NWL,1980-09-24,0.0,0.734375,0.71875,0.7265629768371582,0.2585691511631012,38400
NWL,1980-09-25,0.0,0.7421879768371582,0.7265629768371582,0.7421879768371582,0.2641299068927765,17600
NWL,1980-09-26,0.0,0.7421879768371582,0.703125,0.703125,0.2502283751964569,35200
NWL,1980-09-29,0.0,0.703125,0.65625,0.671875,0.2391070425510406,108800
NWL,1980-09-30,0.0,0.6875,0.65625,0.65625,0.2335462719202041,68800
NWL,1980-10-01,0.0,0.671875,0.65625,0.671875,0.2391070425510406,43200
NWL,1980-10-02,0.0,0.7578129768371582,0.6796879768371582,0.7578129768371582,0.269690603017807,105600
NWL,1980-10-03,0.0,0.7578129768371582,0.75,0.75,0.2669100761413574,35200
NWL,1980-10-06,0.0,0.75,0.7421879768371582,0.75,0.2669100761413574,25600
NWL,1980-10-07,0.0,0.75,0.7421879768371582,0.7421879768371582,0.2641299068927765,33600
NWL,1980-10-08,0.0,0.75,0.734375,0.75,0.2669100761413574,32000
NWL,1980-10-09,0.0,0.75,0.7421879768371582,0.7421879768371582,0.2641299068927765,24000
NWL,1980-10-10,0.0,0.75,0.734375,0.75,0.2669100761413574,9600
NWL,1980-10-13,0.0,0.7421879768371582,0.734375,0.734375,0.2613495588302612,19200
NWL,1980-10-14,0.0,0.75,0.7265629768371582,0.75,0.2669100761413574,123200
NWL,1980-10-15,0.0,0.7578129768371582,0.7421879768371582,0.75,0.2669100761413574,67200
NWL,1980-10-16,0.0,0.7421879768371582,0.734375,0.734375,0.2613495588302612,36800
NWL,1980-10-17,0.0,0.7265629768371582,0.703125,0.7109379768371582,0.2530086040496826,57600
NWL,1980-10-20,0.0,0.7578129768371582,0.7109379768371582,0.7578129768371582,0.269690603017807,142400
NWL,1980-10-21,0.0,0.765625,0.7578129768371582,0.7578129768371582,0.269690603017807,107200
NWL,1980-10-22,0.0,0.7734379768371582,0.7421879768371582,0.7734379768371582,0.2752512693405151,100800
NWL,1980-10-23,0.0,0.7734379768371582,0.75,0.75,0.2669100761413574,33600
NWL,1980-10-24,0.0,0.7578129768371582,0.71875,0.734375,0.2613495588302612,104000
NWL,1980-10-27,0.0,0.734375,0.7265629768371582,0.734375,0.2613495588302612,11200
NWL,1980-10-28,0.0,0.7421879768371582,0.71875,0.7421879768371582,0.2641299068927765,49600
NWL,1980-10-29,0.0,0.7578129768371582,0.7421879768371582,0.7578129768371582,0.269690603017807,20800
NWL,1980-10-30,0.0,0.765625,0.7578129768371582,0.7578129768371582,0.269690603017807,43200
NWL,1980-10-31,0.0,0.7578129768371582,0.7421879768371582,0.7578129768371582,0.269690603017807,35200
NWL,1980-11-03,0.0,0.75,0.734375,0.734375,0.2613495588302612,83200
NWL,1980-11-05,0.0,0.7734379768371582,0.75,0.75,0.2669100761413574,54400
NWL,1980-11-06,0.0,0.765625,0.765625,0.765625,0.2724706828594208,16000
NWL,1980-11-07,0.0,0.765625,0.734375,0.75,0.2669100761413574,59200
NWL,1980-11-10,0.0,0.7578129768371582,0.7265629768371582,0.7265629768371582,0.2585691511631012,19200
NWL,1980-11-11,0.0,0.765625,0.734375,0.765625,0.2724706828594208,105600
NWL,1980-11-12,0.0,0.765625,0.75,0.765625,0.2724706828594208,51200
NWL,1980-11-13,0.0,0.7734379768371582,0.7578129768371582,0.7578129768371582,0.269690603017807,25600
NWL,1980-11-14,0.0,0.7734379768371582,0.7578129768371582,0.7578129768371582,0.269690603017807,40000
NWL,1980-11-17,0.0,0.765625,0.7109379768371582,0.7421879768371582,0.2641299068927765,180800
NWL,1980-11-18,0.0,0.75,0.734375,0.7421879768371582,0.2641299068927765,43200
NWL,1980-11-19,0.0,0.765625,0.7421879768371582,0.7421879768371582,0.2641299068927765,38400
NWL,1980-11-20,0.0,0.75,0.734375,0.75,0.2669100761413574,51200
NWL,1980-11-21,0.0,0.7578129768371582,0.734375,0.75,0.2669100761413574,49600
NWL,1980-11-24,0.0,0.75,0.734375,0.75,0.2669100761413574,16000
NWL,1980-11-25,0.0,0.765625,0.7421879768371582,0.7578129768371582,0.269690603017807,46400
NWL,1980-11-26,0.0,0.765625,0.765625,0.765625,0.2724706828594208,30400
NWL,1980-11-28,0.0,0.78125,0.7578129768371582,0.7734379768371582,0.2752512693405151,43200
NWL,1980-12-01,0.0,0.78125,0.75,0.75,0.2669100761413574,54400
NWL,1980-12-02,0.0,0.7421879768371582,0.734375,0.734375,0.2613495588302612,33600
NWL,1980-12-03,0.0,0.7734379768371582,0.734375,0.7734379768371582,0.2752512693405151,67200
NWL,1980-12-04,0.0,0.78125,0.765625,0.78125,0.2780312895774841,24000
NWL,1980-12-05,0.0,0.828125,0.765625,0.8046879768371582,0.286372423171997,118400
NWL,1980-12-08,0.0,0.8203129768371582,0.78125,0.78125,0.2780312895774841,27200
NWL,1980-12-09,0.0,0.78125,0.75,0.7578129768371582,0.269690603017807,20800
NWL,1980-12-10,0.0,0.8046879768371582,0.765625,0.765625,0.2724706828594208,60800
NWL,1980-12-11,0.0,0.75,0.7421879768371582,0.7421879768371582,0.2641299068927765,9600
NWL,1980-12-12,0.0,0.7578129768371582,0.7265629768371582,0.7265629768371582,0.2585691511631012,33600
NWL,1980-12-15,0.0,0.734375,0.71875,0.71875,0.2557888031005859,12800
NWL,1980-12-16,0.0,0.7265629768371582,0.71875,0.7265629768371582,0.2585691511631012,11200
NWL,1980-12-17,0.0,0.734375,0.71875,0.734375,0.2613495588302612,28800
NWL,1980-12-18,0.734375,0.734375,0.734375,0.734375,0.2613495588302612,0
NWL,1980-12-19,0.0,0.7578129768371582,0.734375,0.75,0.2669100761413574,22400
NWL,1980-12-22,0.0,0.75,0.75,0.75,0.2669100761413574,4800
NWL,1980-12-23,0.0,0.7578129768371582,0.75,0.7578129768371582,0.269690603017807,62400
NWL,1980-12-24,0.0,0.75,0.75,0.75,0.2669100761413574,8000
NWL,1980-12-26,0.0,0.75,0.7421879768371582,0.75,0.2669100761413574,3200
NWL,1980-12-29,0.0,0.7578129768371582,0.75,0.7578129768371582,0.269690603017807,19200
NWL,1980-12-30,0.0,0.7421879768371582,0.7421879768371582,0.7421879768371582,0.2641299068927765,6400
NWL,1980-12-31,0.0,0.75,0.7265629768371582,0.734375,0.2613495588302612,43200
NWL,1981-01-02,0.0,0.7578129768371582,0.75,0.7578129768371582,0.269690603017807,20800
NWL,1981-01-05,0.0,0.7734379768371582,0.765625,0.765625,0.2724706828594208,46400
NWL,1981-01-06,0.0,0.8046879768371582,0.7734379768371582,0.7890629768371582,0.2808118164539337,22400
NWL,1981-01-07,0.0,0.7890629768371582,0.7578129768371582,0.7734379768371582,0.2752512693405151,78400
NWL,1981-01-08,0.0,0.7890629768371582,0.78125,0.78125,0.2780312895774841,73600
NWL,1981-01-09,0.0,0.7890629768371582,0.7734379768371582,0.7734379768371582,0.2752512693405151,11200
NWL,1981-01-12,0.0,0.8046879768371582,0.78125,0.796875,0.2835920453071594,36800
NWL,1981-01-13,0.0,0.796875,0.796875,0.796875,0.2835920453071594,1600
NWL,1981-01-14,0.0,0.8046879768371582,0.78125,0.8046879768371582,0.286372423171997,56000
NWL,1981-01-15,0.0,0.8125,0.8046879768371582,0.8046879768371582,0.286372423171997,41600
NWL,1981-01-16,0.0,0.8125,0.796875,0.8125,0.2891525328159332,51200
NWL,1981-01-19,0.0,0.8125,0.796875,0.796875,0.2835920453071594,25600
NWL,1981-01-20,0.0,0.8046879768371582,0.7890629768371582,0.8046879768371582,0.286372423171997,33600
NWL,1981-01-21,0.0,0.796875,0.78125,0.78125,0.2780312895774841,16000
NWL,1981-01-22,0.0,0.7890629768371582,0.7734379768371582,0.78125,0.2780312895774841,24000
NWL,1981-01-23,0.0,0.8125,0.78125,0.8125,0.2891525328159332,60800
NWL,1981-01-26,0.0,0.8515629768371582,0.8046879768371582,0.84375,0.3002737462520599,43200
NWL,1981-01-27,0.0,0.8515629768371582,0.8515629768371582,0.8515629768371582,0.3030542731285095,52800
NWL,1981-01-28,0.0,0.859375,0.8515629768371582,0.8515629768371582,0.3030542731285095,27200
NWL,1981-01-29,0.0,0.859375,0.8515629768371582,0.8515629768371582,0.3030542731285095,19200
NWL,1981-01-30,0.0,0.859375,0.8359379768371582,0.8515629768371582,0.3030542731285095,44800
NWL,1981-02-02,0.0,0.8515629768371582,0.8203129768371582,0.8359379768371582,0.2974937260150909,57600
NWL,1981-02-03,0.0,0.8359379768371582,0.8203129768371582,0.8359379768371582,0.2974937260150909,9600
NWL,1981-02-04,0.0,0.8359379768371582,0.8359379768371582,0.8359379768371582,0.2974937260150909,14400
NWL,1981-02-05,0.0,0.84375,0.8203129768371582,0.8203129768371582,0.2919329702854156,38400
NWL,1981-02-06,0.0,0.8046879768371582,0.8046879768371582,0.8046879768371582,0.286372423171997,8000
NWL,1981-02-09,0.0,0.8515629768371582,0.8125,0.8515629768371582,0.3030542731285095,43200
NWL,1981-02-10,0.0,0.90625,0.859375,0.8984379768371582,0.3197360038757324,113600
NWL,1981-02-11,0.0,0.9140629768371582,0.8828129768371582,0.90625,0.3225162923336029,72000
NWL,1981-02-12,0.0,0.9375,0.890625,0.9375,0.333637535572052,78400
NWL,1981-02-13,0.0,0.9375,0.921875,0.9296879768371582,0.3308571577072143,156800
NWL,1981-02-17,0.0,0.9453129768371582,0.921875,0.9453129768371582,0.336417943239212,188800
NWL,1981-02-18,0.0,0.9453129768371582,0.9140629768371582,0.921875,0.3280768692493438,48000
NWL,1981-02-19,0.0,0.90625,0.8828129768371582,0.8828129768371582,0.3141754269599914,51200
NWL,1981-02-20,0.0,0.8828129768371582,0.875,0.875,0.3113949596881866,19200
NWL,1981-02-23,0.0,0.8984379768371582,0.875,0.8984379768371582,0.3197360038757324,54400
NWL,1981-02-24,0.0,0.890625,0.875,0.875,0.3113949596881866,16000
NWL,1981-02-25,0.0,0.859375,0.828125,0.828125,0.2947131693363189,49600
NWL,1981-02-26,0.0,0.84375,0.84375,0.84375,0.3002737462520599,14400
NWL,1981-02-27,0.0,0.8671879768371582,0.84375,0.84375,0.3002737462520599,120000
NWL,1981-03-02,0.0,0.8671879768371582,0.859375,0.8671879768371582,0.3086148500442505,4800
NWL,1981-03-03,0.0,0.859375,0.84375,0.84375,0.3002737462520599,14400
NWL,1981-03-04,0.0,0.8671879768371582,0.859375,0.8671879768371582,0.3086148500442505,11200
NWL,1981-03-05,0.0,0.859375,0.859375,0.859375,0.3058344721794128,3200
NWL,1981-03-06,0.0,0.875,0.875,0.875,0.3113949596881866,1600
NWL,1981-03-09,0.0,0.875,0.859375,0.859375,0.3058344721794128,46400
NWL,1981-03-10,0.0,0.8671879768371582,0.8359379768371582,0.8359379768371582,0.2974937260150909,36800
NWL,1981-03-11,0.0,0.8515629768371582,0.8359379768371582,0.84375,0.3002737462520599,22400
NWL,1981-03-12,0.0,0.84375,0.828125,0.828125,0.2947131693363189,28800
NWL,1981-03-13,0.0,0.828125,0.8203129768371582,0.8203129768371582,0.2919329702854156,35200
NWL,1981-03-16,0.0,0.84375,0.8125,0.84375,0.3002737462520599,76800
NWL,1981-03-17,0.0,0.84375,0.8359379768371582,0.84375,0.3002737462520599,33600
NWL,1981-03-18,0.0,0.8671879768371582,0.84375,0.8671879768371582,0.3086148500442505,41600
NWL,1981-03-19,0.0,0.8828129768371582,0.8671879768371582,0.8828129768371582,0.3141754269599914,24000
NWL,1981-03-20,0.0,0.890625,0.8828129768371582,0.890625,0.3169557452201843,16000
NWL,1981-03-23,0.0,0.890625,0.875,0.890625,0.3169557452201843,17600
NWL,1981-03-24,0.0,0.890625,0.8671879768371582,0.8828129768371582,0.3141754269599914,20800
NWL,1981-03-25,0.0,0.8828129768371582,0.875,0.875,0.3113949596881866,19200
NWL,1981-03-26,0.0,0.8828129768371582,0.875,0.875,0.3113949596881866,12800
NWL,1981-03-27,0.0,0.8984379768371582,0.8671879768371582,0.8984379768371582,0.3197360038757324,56000
NWL,1981-03-30,0.0,0.96875,0.90625,0.9375,0.333637535572052,80000
NWL,1981-03-31,0.0,0.96875,0.9375,0.953125,0.3391981720924377,62400
NWL,1981-04-01,0.0,1.0390629768371582,0.96875,1.0078129768371582,0.3586606383323669,118400
NWL,1981-04-02,0.0,1.0,0.96875,0.96875,0.3447587192058563,70400
NWL,1981-04-03,0.0,0.9921879768371582,0.96875,0.984375,0.3503196537494659,43200
NWL,1981-04-06,0.0,0.9765629768371582,0.9609379768371582,0.9609379768371582,0.3419785797595978,11200
NWL,1981-04-07,0.0,1.0,0.9765629768371582,0.9765629768371582,0.3475392758846283,62400
NWL,1981-04-08,0.0,1.0078129768371582,0.9765629768371582,1.0,0.3558800518512726,27200
NWL,1981-04-09,0.0,1.0078129768371582,0.96875,0.96875,0.3447587192058563,27200
NWL,1981-04-10,0.0,0.984375,0.96875,0.96875,0.3447587192058563,17600
NWL,1981-04-13,0.0,0.9609379768371582,0.9453129768371582,0.9609379768371582,0.3419785797595978,17600
NWL,1981-04-14,0.0,0.9765629768371582,0.953125,0.953125,0.3391981720924377,25600
NWL,1981-04-15,0.0,0.96875,0.953125,0.96875,0.3447587192058563,20800
NWL,1981-04-16,0.0,0.984375,0.96875,0.984375,0.3503196537494659,32000
NWL,1981-04-20,0.0,0.9921879768371582,0.9765629768371582,0.984375,0.3503196537494659,65600
NWL,1981-04-21,0.0,1.0078129768371582,0.9921879768371582,0.9921879768371582,0.3530998229980469,104000
NWL,1981-04-22,0.0,1.0390629768371582,0.9921879768371582,1.03125,0.3670013844966888,64000
NWL,1981-04-23,0.0,1.046875,1.0234379768371582,1.046875,0.3725619316101074,113600
NWL,1981-04-24,0.0,1.0703129768371582,1.0546879768371582,1.0703129768371582,0.3809030950069427,33600
NWL,1981-04-27,0.0,1.078125,1.0546879768371582,1.0546879768371582,0.3753424286842346,35200
NWL,1981-04-28,0.0,1.078125,1.0625,1.0625,0.3781226873397827,68800
NWL,1981-04-29,0.0,1.0546879768371582,1.0390629768371582,1.046875,0.3725619316101074,48000
NWL,1981-04-30,0.0,1.046875,1.03125,1.03125,0.3670013844966888,28800
NWL,1981-05-01,0.0,1.0390629768371582,1.0234379768371582,1.0234379768371582,0.3642212152481079,12800
NWL,1981-05-04,0.0,1.03125,1.0078129768371582,1.0078129768371582,0.3586606383323669,30400
NWL,1981-05-05,0.0,1.0,0.96875,0.9921879768371582,0.3530998229980469,128000
NWL,1981-05-06,0.0,0.9765629768371582,0.96875,0.9765629768371582,0.3475392758846283,14400
NWL,1981-05-07,0.0,0.9765629768371582,0.9609379768371582,0.9609379768371582,0.3419785797595978,75200
NWL,1981-05-08,0.0,0.984375,0.96875,0.984375,0.3503196537494659,32000
NWL,1981-05-11,0.0,0.984375,0.96875,0.96875,0.3447587192058563,19200
NWL,1981-05-12,0.0,0.9375,0.9296879768371582,0.9296879768371582,0.3308571577072143,107200
NWL,1981-05-13,0.0,0.984375,0.953125,0.984375,0.3503196537494659,120000
NWL,1981-05-14,0.0,1.0625,1.0078129768371582,1.03125,0.3670013844966888,113600
NWL,1981-05-15,0.0,1.0625,1.046875,1.046875,0.3725619316101074,32000
NWL,1981-05-18,0.0,1.09375,1.0625,1.0703129768371582,0.3809030950069427,99200
NWL,1981-05-19,0.0,1.078125,1.046875,1.046875,0.3725619316101074,56000
NWL,1981-05-20,0.0,1.0390629768371582,1.0234379768371582,1.03125,0.3670013844966888,41600
NWL,1981-05-21,0.0,1.0234379768371582,1.0078129768371582,1.0078129768371582,0.3586606383323669,46400
NWL,1981-05-22,0.0,1.0078129768371582,1.0,1.0,0.3558800518512726,78400
NWL,1981-05-26,0.0,1.03125,1.015625,1.03125,0.3670013844966888,52800
NWL,1981-05-27,0.0,1.03125,1.0,1.03125,0.3670013844966888,57600
NWL,1981-05-28,0.0,1.0390629768371582,1.015625,1.015625,0.3614405691623688,182400
NWL,1981-05-29,0.0,1.078125,1.03125,1.078125,0.3836835026741028,160000
NWL,1981-06-01,0.0,1.09375,1.0625,1.078125,0.3836835026741028,128000
NWL,1981-06-02,0.0,1.078125,1.0625,1.0625,0.3781226873397827,97600
NWL,1981-06-03,0.0,1.078125,1.0625,1.0625,0.3781226873397827,16000
NWL,1981-06-04,0.0,1.0703129768371582,1.0703129768371582,1.0703129768371582,0.3809030950069427,25600
NWL,1981-06-05,0.0,1.1015629768371582,1.0703129768371582,1.1015629768371582,0.3920245468616485,102400
NWL,1981-06-08,0.0,1.0859379768371582,1.078125,1.078125,0.3836835026741028,33600
NWL,1981-06-09,0.0,1.09375,1.0859379768371582,1.0859379768371582,0.3864636421203613,4800
NWL,1981-06-10,0.0,1.1171879768371582,1.078125,1.109375,0.3948044180870056,73600
NWL,1981-06-11,0.0,1.1328129768371582,1.109375,1.125,0.4003649055957794,49600
NWL,1981-06-12,0.0,1.15625,1.1171879768371582,1.15625,0.4114863276481628,48000
NWL,1981-06-15,0.0,1.1875,1.15625,1.1640629768371582,0.4142668545246124,33600
NWL,1981-06-16,0.0,1.171875,1.15625,1.171875,0.4170469343662262,6400
NWL,1981-06-17,0.0,1.15625,1.125,1.125,0.4003649055957794,38400
NWL,1981-06-18,0.0,1.140625,1.109375,1.109375,0.3948044180870056,9600
NWL,1981-06-19,0.0,1.09375,1.09375,1.09375,0.3892436921596527,14400
NWL,1981-06-22,0.0,1.1171879768371582,1.0625,1.0859379768371582,0.3864636421203613,97600
NWL,1981-06-23,0.0,1.09375,1.0703129768371582,1.0859379768371582,0.3864636421203613,35200
NWL,1981-06-24,0.0,1.1015629768371582,1.0859379768371582,1.0859379768371582,0.3864636421203613,4800
NWL,1981-06-25,0.0,1.078125,1.0703129768371582,1.078125,0.3836835026741028,19200
NWL,1981-06-26,0.0,1.1171879768371582,1.09375,1.1171879768371582,0.3975850641727447,9600
NWL,1981-06-29,1.1171879768371582,1.1171879768371582,1.1171879768371582,1.1171879768371582,0.3975850641727447,0
NWL,1981-06-30,0.0,1.1171879768371582,1.1171879768371582,1.1171879768371582,0.3975850641727447,84800
NWL,1981-07-01,0.0,1.109375,1.0859379768371582,1.0859379768371582,0.3864636421203613,68800
NWL,1981-07-02,0.0,1.09375,1.078125,1.09375,0.3892436921596527,6400
NWL,1981-07-06,0.0,1.0859379768371582,1.0703129768371582,1.0859379768371582,0.3864636421203613,38400
NWL,1981-07-07,0.0,1.0859379768371582,1.0703129768371582,1.0703129768371582,0.3809030950069427,9600
NWL,1981-07-08,0.0,1.0703129768371582,1.0703129768371582,1.0703129768371582,0.3809030950069427,25600
NWL,1981-07-09,0.0,1.0703129768371582,1.0703129768371582,1.0703129768371582,0.3809030950069427,9600
NWL,1981-07-10,0.0,1.0703129768371582,1.0625,1.0625,0.3781226873397827,11200
NWL,1981-07-13,0.0,1.078125,1.0625,1.078125,0.3836835026741028,3200
NWL,1981-07-14,0.0,1.078125,1.0625,1.078125,0.3836835026741028,6400
NWL,1981-07-15,0.0,1.0859379768371582,1.078125,1.0859379768371582,0.3864636421203613,56000
NWL,1981-07-16,0.0,1.09375,1.0703129768371582,1.0703129768371582,0.3809030950069427,40000
NWL,1981-07-17,0.0,1.09375,1.0703129768371582,1.09375,0.3892436921596527,44800
NWL,1981-07-20,0.0,1.078125,1.078125,1.078125,0.3836835026741028,14400
NWL,1981-07-21,0.0,1.09375,1.0703129768371582,1.09375,0.3892436921596527,83200
NWL,1981-07-22,0.0,1.078125,1.0703129768371582,1.0703129768371582,0.3809030950069427,25600
NWL,1981-07-23,0.0,1.0703129768371582,1.0625,1.0625,0.3781226873397827,52800
NWL,1981-07-24,0.0,1.078125,1.0625,1.078125,0.3836835026741028,25600
NWL,1981-07-27,0.0,1.078125,1.0625,1.0625,0.3781226873397827,19200
NWL,1981-07-28,0.0,1.0625,1.0625,1.0625,0.3781226873397827,8000
NWL,1981-07-29,0.0,1.078125,1.0625,1.0625,0.3781226873397827,43200
NWL,1981-07-30,0.0,1.0859379768371582,1.0625,1.078125,0.3836835026741028,41600
NWL,1981-07-31,0.0,1.078125,1.0703129768371582,1.0703129768371582,0.3809030950069427,8000
NWL,1981-08-03,0.0,1.078125,1.0703129768371582,1.078125,0.3836835026741028,22400
NWL,1981-08-04,0.0,1.0703129768371582,1.0625,1.0625,0.3781226873397827,11200
NWL,1981-08-05,0.0,1.09375,1.0625,1.09375,0.3892436921596527,188800
NWL,1981-08-06,0.0,1.0859379768371582,1.0703129768371582,1.0703129768371582,0.3809030950069427,12800
NWL,1981-08-07,0.0,1.0859379768371582,1.0703129768371582,1.0859379768371582,0.3864636421203613,17600
NWL,1981-08-10,0.0,1.0703129768371582,1.0703129768371582,1.0703129768371582,0.3809030950069427,3200
NWL,1981-08-11,0.0,1.0703129768371582,1.0703129768371582,1.0703129768371582,0.3809030950069427,12800
NWL,1981-08-12,0.0,1.0703129768371582,1.0625,1.0703129768371582,0.3809030950069427,20800
NWL,1981-08-13,0.0,1.0625,1.0625,1.0625,0.3781226873397827,3200
NWL,1981-08-14,0.0,1.0703129768371582,1.0625,1.0625,0.3781226873397827,27200
NWL,1981-08-17,0.0,1.0625,1.0625,1.0625,0.3781226873397827,41600
NWL,1981-08-18,0.0,1.0625,1.0390629768371582,1.0390629768371582,0.3697817623615265,73600
NWL,1981-08-19,0.0,1.0546879768371582,1.0390629768371582,1.046875,0.3725619316101074,100800
NWL,1981-08-20,0.0,1.0625,1.0625,1.0625,0.3781226873397827,19200
NWL,1981-08-21,0.0,1.0625,1.046875,1.046875,0.3725619316101074,6400
NWL,1981-08-24,0.0,1.03125,1.0,1.0,0.3558800518512726,33600
NWL,1981-08-25,0.0,0.984375,0.9609379768371582,0.984375,0.3503196537494659,64000
NWL,1981-08-26,0.0,0.984375,0.984375,0.984375,0.3503196537494659,4800
NWL,1981-08-27,0.0,0.96875,0.96875,0.96875,0.3447587192058563,27200
NWL,1981-08-28,0.0,0.984375,0.984375,0.984375,0.3503196537494659,17600
NWL,1981-08-31,0.0,0.984375,0.9609379768371582,0.9609379768371582,0.3419785797595978,17600
NWL,1981-09-01,0.0,0.953125,0.9375,0.9375,0.333637535572052,30400
NWL,1981-09-02,0.0,0.953125,0.9375,0.953125,0.3391981720924377,6400
NWL,1981-09-03,0.0,0.9765629768371582,0.953125,0.9609379768371582,0.3419785797595978,128000
NWL,1981-09-04,0.0,0.953125,0.953125,0.953125,0.3391981720924377,38400
NWL,1981-09-08,0.0,0.953125,0.9453129768371582,0.953125,0.3391981720924377,35200
NWL,1981-09-09,0.0,0.9609379768371582,0.953125,0.9609379768371582,0.3419785797595978,12800
NWL,1981-09-10,0.0,0.96875,0.953125,0.96875,0.3447587192058563,17600
NWL,1981-09-11,0.0,0.9609379768371582,0.9609379768371582,0.9609379768371582,0.3419785797595978,1600
NWL,1981-09-14,0.0,0.9765629768371582,0.96875,0.9765629768371582,0.3475392758846283,25600
NWL,1981-09-15,0.0,0.984375,0.96875,0.96875,0.3447587192058563,16000
NWL,1981-09-16,0.0,0.953125,0.9453129768371582,0.9453129768371582,0.336417943239212,14400
NWL,1981-09-17,0.0,0.9609379768371582,0.9453129768371582,0.9453129768371582,0.336417943239212,51200
NWL,1981-09-18,0.0,0.9609379768371582,0.9453129768371582,0.9609379768371582,0.3419785797595978,48000
NWL,1981-09-21,0.0,1.0,0.953125,0.984375,0.3503196537494659,139200
NWL,1981-09-22,0.0,0.984375,0.984375,0.984375,0.3503196537494659,12800
NWL,1981-09-23,0.0,0.96875,0.953125,0.953125,0.3391981720924377,33600
NWL,1981-09-24,0.0,0.9453129768371582,0.9375,0.9375,0.333637535572052,97600
NWL,1981-09-25,0.0,0.9296879768371582,0.921875,0.921875,0.3280768692493438,28800
NWL,1981-09-28,0.0,0.90625,0.8984379768371582,0.8984379768371582,0.3197360038757324,73600
NWL,1981-09-29,0.0,0.921875,0.9140629768371582,0.921875,0.3280768692493438,19200
NWL,1981-09-30,0.0,0.90625,0.890625,0.90625,0.3225162923336029,51200
NWL,1981-10-01,0.0,0.9140629768371582,0.890625,0.9140629768371582,0.3252966701984405,38400
NWL,1981-10-02,0.0,0.921875,0.921875,0.921875,0.3280768692493438,8000
NWL,1981-10-05,0.0,0.953125,0.9375,0.953125,0.3391981720924377,27200
NWL,1981-10-06,0.0,1.0,0.96875,1.0,0.3558800518512726,32000
NWL,1981-10-07,0.0,1.0,0.984375,1.0,0.3558800518512726,51200
NWL,1981-10-08,0.0,0.9921879768371582,0.9921879768371582,0.9921879768371582,0.3530998229980469,3200
NWL,1981-10-09,0.0,0.9765629768371582,0.9765629768371582,0.9765629768371582,0.3475392758846283,3200
NWL,1981-10-12,0.0,0.96875,0.96875,0.96875,0.3447587192058563,4800
NWL,1981-10-13,0.0,0.984375,0.9765629768371582,0.984375,0.3503196537494659,8000
NWL,1981-10-14,0.0,0.9921879768371582,0.9921879768371582,0.9921879768371582,0.3530998229980469,3200
NWL,1981-10-15,0.0,0.9921879768371582,0.9765629768371582,0.9921879768371582,0.3530998229980469,9600
NWL,1981-10-16,0.9921879768371582,0.9921879768371582,0.9921879768371582,0.9921879768371582,0.3530998229980469,0
NWL,1981-10-19,0.0,0.9921879768371582,0.9765629768371582,0.9921879768371582,0.3530998229980469,6400
NWL,1981-10-20,0.0,0.9921879768371582,0.96875,0.9765629768371582,0.3475392758846283,27200
NWL,1981-10-21,0.0,1.0,0.9921879768371582,1.0,0.3558800518512726,108800
NWL,1981-10-22,0.0,0.9921879768371582,0.96875,0.9921879768371582,0.3530998229980469,216000
NWL,1981-10-23,0.0,0.984375,0.9765629768371582,0.9765629768371582,0.3475392758846283,3200
NWL,1981-10-26,0.0,1.0546879768371582,0.96875,1.0546879768371582,0.3753424286842346,54400
NWL,1981-10-27,0.0,1.1015629768371582,1.09375,1.09375,0.3892436921596527,43200
NWL,1981-10-28,0.0,1.09375,1.0625,1.0625,0.3781226873397827,30400
NWL,1981-10-29,0.0,1.046875,1.046875,1.046875,0.3725619316101074,4800
NWL,1981-10-30,0.0,1.0625,1.0625,1.0625,0.3781226873397827,1600
NWL,1981-11-02,0.0,1.046875,1.046875,1.046875,0.3725619316101074,1600
NWL,1981-11-03,0.0,1.0390629768371582,1.015625,1.015625,0.3614405691623688,107200
NWL,1981-11-04,0.0,1.0078129768371582,1.0078129768371582,1.0078129768371582,0.3586606383323669,1600
NWL,1981-11-05,0.0,1.0234379768371582,1.0078129768371582,1.0078129768371582,0.3586606383323669,12800
NWL,1981-11-06,0.0,1.0,0.96875,0.96875,0.3447587192058563,169600
NWL,1981-11-09,0.0,0.984375,0.9765629768371582,0.984375,0.3503196537494659,6400
NWL,1981-11-10,0.0,0.984375,0.984375,0.984375,0.3503196537494659,3200
NWL,1981-11-11,0.0,0.984375,0.96875,0.96875,0.3447587192058563,9600
NWL,1981-11-12,0.0,0.96875,0.953125,0.953125,0.3391981720924377,17600
NWL,1981-11-13,0.0,0.9765629768371582,0.9609379768371582,0.96875,0.3447587192058563,12800
NWL,1981-11-16,0.0,0.96875,0.9609379768371582,0.9609379768371582,0.3419785797595978,64000
NWL,1981-11-17,0.0,0.9765629768371582,0.96875,0.9765629768371582,0.3475392758846283,11200
NWL,1981-11-18,0.0,0.984375,0.96875,0.984375,0.3503196537494659,65600
NWL,1981-11-19,0.0,0.984375,0.953125,0.953125,0.3391981720924377,68800
NWL,1981-11-20,0.0,0.953125,0.9453129768371582,0.9453129768371582,0.336417943239212,6400
NWL,1981-11-23,0.9453129768371582,0.9453129768371582,0.9453129768371582,0.9453129768371582,0.336417943239212,0
NWL,1981-11-24,0.9453129768371582,0.9453129768371582,0.9453129768371582,0.9453129768371582,0.336417943239212,0
NWL,1981-11-25,0.0,0.9765629768371582,0.9609379768371582,0.9765629768371582,0.3475392758846283,19200
NWL,1981-11-27,0.0,0.9765629768371582,0.9609379768371582,0.9609379768371582,0.3419785797595978,14400
NWL,1981-11-30,0.0,0.9609379768371582,0.9609379768371582,0.9609379768371582,0.3419785797595978,1600
NWL,1981-12-01,0.0,0.9765629768371582,0.9765629768371582,0.9765629768371582,0.3475392758846283,4800
NWL,1981-12-02,0.0,0.9921879768371582,0.9921879768371582,0.9921879768371582,0.3530998229980469,8000
NWL,1981-12-03,0.0,1.0,0.9765629768371582,1.0,0.3558800518512726,35200
NWL,1981-12-04,0.0,1.0,1.0,1.0,0.3558800518512726,20800
NWL,1981-12-07,0.0,1.0234379768371582,1.0078129768371582,1.0078129768371582,0.3586606383323669,19200
NWL,1981-12-08,0.0,1.0078129768371582,1.0078129768371582,1.0078129768371582,0.3586606383323669,19200
NWL,1981-12-09,0.0,1.0,0.9921879768371582,0.9921879768371582,0.3530998229980469,20800
NWL,1981-12-10,0.0,1.015625,1.0,1.015625,0.3614405691623688,12800
NWL,1981-12-11,1.015625,1.015625,1.015625,1.015625,0.3614405691623688,0
NWL,1981-12-14,0.0,1.0,0.984375,0.984375,0.3503196537494659,30400
NWL,1981-12-15,0.984375,0.984375,0.984375,0.984375,0.3503196537494659,0
NWL,1981-12-16,0.0,0.984375,0.9765629768371582,0.9765629768371582,0.3475392758846283,84800
NWL,1981-12-17,0.0,0.984375,0.9609379768371582,0.9609379768371582,0.3419785797595978,41600
NWL,1981-12-18,0.0,0.953125,0.953125,0.953125,0.3391981720924377,1600
NWL,1981-12-21,0.0,0.953125,0.953125,0.953125,0.3391981720924377,6400
NWL,1981-12-22,0.0,0.96875,0.9375,0.9375,0.333637535572052,12800
NWL,1981-12-23,0.0,0.9375,0.9375,0.9375,0.333637535572052,1600
NWL,1981-12-24,0.0,0.921875,0.90625,0.921875,0.3280768692493438,22400
NWL,1981-12-28,0.0,0.921875,0.90625,0.90625,0.3225162923336029,17600
NWL,1981-12-29,0.0,0.9140629768371582,0.890625,0.890625,0.3169557452201843,48000
NWL,1981-12-30,0.0,0.8828129768371582,0.875,0.8828129768371582,0.3141754269599914,27200
NWL,1981-12-31,0.0,0.90625,0.8828129768371582,0.90625,0.3225162923336029,76800
NWL,1982-01-04,0.0,0.8984379768371582,0.8984379768371582,0.8984379768371582,0.3197360038757324,1600
NWL,1982-01-05,0.0,0.8984379768371582,0.890625,0.890625,0.3169557452201843,12800
NWL,1982-01-06,0.0,0.8984379768371582,0.8984379768371582,0.8984379768371582,0.3197360038757324,35200
NWL,1982-01-07,0.0,0.9140629768371582,0.8984379768371582,0.9140629768371582,0.3252966701984405,11200
NWL,1982-01-08,0.0,0.9609379768371582,0.90625,0.953125,0.3391981720924377,48000
NWL,1982-01-11,0.953125,0.953125,0.953125,0.953125,0.3391981720924377,0
NWL,1982-01-12,0.0,0.9375,0.90625,0.9375,0.333637535572052,65600
NWL,1982-01-13,0.0,0.9375,0.9375,0.9375,0.333637535572052,1600
NWL,1982-01-14,0.0,0.9375,0.90625,0.90625,0.3225162923336029,27200
NWL,1982-01-15,0.0,0.90625,0.8984379768371582,0.8984379768371582,0.3197360038757324,9600
NWL,1982-01-18,0.0,0.921875,0.890625,0.921875,0.3280768692493438,48000
NWL,1982-01-19,0.0,0.9140629768371582,0.9140629768371582,0.9140629768371582,0.3252966701984405,1600
NWL,1982-01-20,0.0,0.9140629768371582,0.9140629768371582,0.9140629768371582,0.3252966701984405,80000
NWL,1982-01-21,0.0,0.90625,0.90625,0.90625,0.3225162923336029,1600
NWL,1982-01-22,0.0,0.9375,0.921875,0.9375,0.333637535572052,46400
NWL,1982-01-25,0.0,0.9296879768371582,0.9296879768371582,0.9296879768371582,0.3308571577072143,1600
NWL,1982-01-26,0.0,0.921875,0.921875,0.921875,0.3280768692493438,25600
NWL,1982-01-27,0.0,0.921875,0.921875,0.921875,0.3280768692493438,19200
NWL,1982-01-28,0.0,0.9375,0.921875,0.9375,0.333637535572052,12800
NWL,1982-01-29,0.0,0.9765629768371582,0.953125,0.96875,0.3447587192058563,44800
NWL,1982-02-01,0.0,0.9921879768371582,0.96875,0.984375,0.3503196537494659,16000
NWL,1982-02-02,0.0,1.0,0.984375,1.0,0.3558800518512726,17600
NWL,1982-02-03,0.0,0.984375,0.9453129768371582,0.9453129768371582,0.336417943239212,30400
NWL,1982-02-04,0.0,0.9609379768371582,0.9140629768371582,0.9375,0.333637535572052,51200
NWL,1982-02-05,0.9375,0.9375,0.9375,0.9375,0.333637535572052,0
NWL,1982-02-08,0.0,0.9140629768371582,0.890625,0.890625,0.3169557452201843,16000
NWL,1982-02-09,0.0,0.90625,0.890625,0.890625,0.3169557452201843,16000
NWL,1982-02-10,0.0,0.890625,0.890625,0.890625,0.3169557452201843,8000
NWL,1982-02-11,0.0,0.90625,0.8984379768371582,0.8984379768371582,0.3197360038757324,32000
NWL,1982-02-12,0.0,0.9140629768371582,0.8984379768371582,0.9140629768371582,0.3252966701984405,25600
NWL,1982-02-16,0.0,0.90625,0.90625,0.90625,0.3225162923336029,22400
NWL,1982-02-17,0.90625,0.90625,0.90625,0.90625,0.3225162923336029,0
NWL,1982-02-18,0.0,0.9140629768371582,0.9140629768371582,0.9140629768371582,0.3252966701984405,6400
NWL,1982-02-19,0.0,0.9375,0.9296879768371582,0.9375,0.333637535572052,14400
NWL,1982-02-22,0.9375,0.9375,0.9375,0.9375,0.333637535572052,0
NWL,1982-02-23,0.0,0.9609379768371582,0.9375,0.9375,0.333637535572052,49600
NWL,1982-02-24,0.0,0.953125,0.9375,0.953125,0.3391981720924377,40000
NWL,1982-02-25,0.0,0.953125,0.9375,0.9375,0.333637535572052,6400
NWL,1982-02-26,0.0,0.9375,0.9375,0.9375,0.333637535572052,1600
NWL,1982-03-01,0.9375,0.9375,0.9375,0.9375,0.333637535572052,0
NWL,1982-03-02,0.0,0.9296879768371582,0.890625,0.890625,0.3169557452201843,193600
NWL,1982-03-03,0.0,0.875,0.859375,0.859375,0.3058344721794128,49600
NWL,1982-03-04,0.859375,0.859375,0.859375,0.859375,0.3058344721794128,0
NWL,1982-03-05,0.0,0.859375,0.859375,0.859375,0.3058344721794128,6400
NWL,1982-03-08,0.0,0.8671879768371582,0.84375,0.84375,0.3002737462520599,25600
NWL,1982-03-09,0.0,0.859375,0.84375,0.84375,0.3002737462520599,27200
NWL,1982-03-10,0.0,0.84375,0.84375,0.84375,0.3002737462520599,3200
NWL,1982-03-11,0.0,0.8359379768371582,0.796875,0.796875,0.2835920453071594,59200
NWL,1982-03-12,0.0,0.8359379768371582,0.8046879768371582,0.8359379768371582,0.2974937260150909,62400
NWL,1982-03-15,0.8359379768371582,0.8359379768371582,0.8359379768371582,0.8359379768371582,0.2974937260150909,0
NWL,1982-03-16,0.0,0.875,0.8359379768371582,0.875,0.3113949596881866,40000
NWL,1982-03-17,0.0,0.875,0.859375,0.875,0.3113949596881866,38400
NWL,1982-03-18,0.0,0.90625,0.8828129768371582,0.90625,0.3225162923336029,20800
NWL,1982-03-19,0.0,0.921875,0.8984379768371582,0.921875,0.3280768692493438,8000
NWL,1982-03-22,0.0,0.9140629768371582,0.8984379768371582,0.90625,0.3225162923336029,92800
NWL,1982-03-23,0.0,0.9296879768371582,0.921875,0.9296879768371582,0.3308571577072143,4800
NWL,1982-03-24,0.0,0.9375,0.9375,0.9375,0.333637535572052,16000
NWL,1982-03-25,0.0,0.953125,0.9375,0.9375,0.333637535572052,6400
NWL,1982-03-26,0.9375,0.9375,0.9375,0.9375,0.333637535572052,0
NWL,1982-03-29,0.9375,0.9375,0.9375,0.9375,0.333637535572052,0
NWL,1982-03-30,0.0,0.9375,0.9375,0.9375,0.333637535572052,49600
NWL,1982-03-31,0.0,0.9609379768371582,0.953125,0.9609379768371582,0.3419785797595978,16000
NWL,1982-04-01,0.0,0.953125,0.953125,0.953125,0.3391981720924377,1600
NWL,1982-04-02,0.953125,0.953125,0.953125,0.953125,0.3391981720924377,0
NWL,1982-04-05,0.0,0.953125,0.953125,0.953125,0.3391981720924377,25600
NWL,1982-04-06,0.0,0.953125,0.953125,0.953125,0.3391981720924377,4800
NWL,1982-04-07,0.0,0.96875,0.9609379768371582,0.9609379768371582,0.3419785797595978,17600
NWL,1982-04-08,0.9609379768371582,0.9609379768371582,0.9609379768371582,0.9609379768371582,0.3419785797595978,0
NWL,1982-04-12,0.0,0.953125,0.953125,0.953125,0.3391981720924377,73600
NWL,1982-04-13,0.0,0.953125,0.953125,0.953125,0.3391981720924377,16000
NWL,1982-04-14,0.0,0.9453129768371582,0.9453129768371582,0.9453129768371582,0.336417943239212,3200
NWL,1982-04-15,0.9453129768371582,0.9453129768371582,0.9453129768371582,0.9453129768371582,0.336417943239212,0
NWL,1982-04-16,0.9453129768371582,0.9453129768371582,0.9453129768371582,0.9453129768371582,0.336417943239212,0
NWL,1982-04-19,0.0,0.9453129768371582,0.9453129768371582,0.9453129768371582,0.336417943239212,3200
NWL,1982-04-20,0.0,0.9609379768371582,0.9453129768371582,0.9453129768371582,0.336417943239212,9600
NWL,1982-04-21,0.0,0.9609379768371582,0.9453129768371582,0.9453129768371582,0.336417943239212,17600
NWL,1982-04-22,0.0,0.9765629768371582,0.9453129768371582,0.96875,0.3447587192058563,156800
NWL,1982-04-23,0.0,0.96875,0.96875,0.96875,0.3447587192058563,46400
NWL,1982-04-26,0.0,0.9921879768371582,0.9765629768371582,0.9765629768371582,0.3475392758846283,16000
NWL,1982-04-27,0.0,0.96875,0.96875,0.96875,0.3447587192058563,41600
NWL,1982-04-28,0.0,0.953125,0.9375,0.9375,0.333637535572052,17600
NWL,1982-04-29,0.9375,0.9375,0.9375,0.9375,0.333637535572052,0
NWL,1982-04-30,0.0,0.9375,0.9375,0.9375,0.333637535572052,12800
NWL,1982-05-03,0.0,0.9453129768371582,0.9375,0.9453129768371582,0.336417943239212,14400
NWL,1982-05-04,0.0,0.9453129768371582,0.9375,0.9375,0.333637535572052,30400
NWL,1982-05-05,0.0,0.9375,0.9375,0.9375,0.333637535572052,1600
NWL,1982-05-06,0.0,0.9375,0.9375,0.9375,0.333637535572052,80000
NWL,1982-05-07,0.9375,0.9375,0.9375,0.9375,0.333637535572052,0
NWL,1982-05-10,0.0,0.9375,0.921875,0.9375,0.333637535572052,32000
NWL,1982-05-11,0.0,0.953125,0.9375,0.953125,0.3391981720924377,48000
NWL,1982-05-12,0.0,0.953125,0.9375,0.953125,0.3391981720924377,14400
NWL,1982-05-13,0.0,0.96875,0.953125,0.953125,0.3391981720924377,30400
NWL,1982-05-14,0.0,0.953125,0.953125,0.953125,0.3391981720924377,88000
NWL,1982-05-17,0.0,0.96875,0.953125,0.96875,0.3447587192058563,48000
NWL,1982-05-18,0.0,0.953125,0.953125,0.953125,0.3391981720924377,60800
NWL,1982-05-19,0.0,0.953125,0.953125,0.953125,0.3391981720924377,3200
NWL,1982-05-20,0.0,0.953125,0.953125,0.953125,0.3391981720924377,4800
NWL,1982-05-21,0.0,0.953125,0.953125,0.953125,0.3391981720924377,4800
NWL,1982-05-24,0.0,0.953125,0.953125,0.953125,0.3391981720924377,9600
NWL,1982-05-25,0.0,0.96875,0.96875,0.96875,0.3447587192058563,4800
NWL,1982-05-26,0.0,0.953125,0.890625,0.890625,0.3169557452201843,86400
NWL,1982-05-27,0.0,0.875,0.84375,0.8515629768371582,0.3030542731285095,46400
NWL,1982-05-28,0.0,0.9140629768371582,0.8671879768371582,0.9140629768371582,0.3252966701984405,72000
NWL,1982-06-01,0.0,0.90625,0.8671879768371582,0.8671879768371582,0.3086148500442505,28800
NWL,1982-06-02,0.0,0.859375,0.84375,0.84375,0.3002737462520599,25600
NWL,1982-06-03,0.0,0.8359379768371582,0.828125,0.828125,0.2947131693363189,14400
NWL,1982-06-04,0.0,0.8359379768371582,0.8203129768371582,0.828125,0.2947131693363189,44800
NWL,1982-06-07,0.0,0.8203129768371582,0.8125,0.8125,0.2891525328159332,12800
NWL,1982-06-08,0.0,0.8125,0.8046879768371582,0.8125,0.2891525328159332,44800
NWL,1982-06-09,0.0,0.8046879768371582,0.796875,0.796875,0.2835920453071594,11200
NWL,1982-06-10,0.796875,0.796875,0.796875,0.796875,0.2835920453071594,0
NWL,1982-06-11,0.0,0.8125,0.8125,0.8125,0.2891525328159332,36800
NWL,1982-06-14,0.0,0.796875,0.7890629768371582,0.7890629768371582,0.2808118164539337,24000
NWL,1982-06-15,0.0,0.8046879768371582,0.8046879768371582,0.8046879768371582,0.286372423171997,12800
NWL,1982-06-16,0.0,0.8203129768371582,0.8125,0.8125,0.2891525328159332,46400
NWL,1982-06-17,0.0,0.828125,0.828125,0.828125,0.2947131693363189,6400
NWL,1982-06-18,0.828125,0.828125,0.828125,0.828125,0.2947131693363189,0
NWL,1982-06-21,0.0,0.828125,0.828125,0.828125,0.2947131693363189,8000
NWL,1982-06-22,0.0,0.828125,0.8125,0.828125,0.2947131693363189,48000
NWL,1982-06-23,0.0,0.828125,0.828125,0.828125,0.2947131693363189,11200
NWL,1982-06-24,0.0,0.828125,0.828125,0.828125,0.2947131693363189,11200
NWL,1982-06-25,0.828125,0.828125,0.828125,0.828125,0.2947131693363189,0
NWL,1982-06-28,0.828125,0.828125,0.828125,0.828125,0.2947131693363189,0
NWL,1982-06-29,0.0,0.8359379768371582,0.8203129768371582,0.8203129768371582,0.2919329702854156,27200
NWL,1982-06-30,0.0,0.828125,0.8203129768371582,0.828125,0.2947131693363189,40000
NWL,1982-07-01,0.0,0.8515629768371582,0.8359379768371582,0.8515629768371582,0.3030542731285095,28800
NWL,1982-07-02,0.8515629768371582,0.8515629768371582,0.8515629768371582,0.8515629768371582,0.3030542731285095,0
NWL,1982-07-06,0.0,0.84375,0.84375,0.84375,0.3002737462520599,4800
NWL,1982-07-07,0.0,0.84375,0.828125,0.84375,0.3002737462520599,16000
NWL,1982-07-08,0.0,0.828125,0.8203129768371582,0.8203129768371582,0.2919329702854156,33600
NWL,1982-07-09,0.0,0.84375,0.8359379768371582,0.84375,0.3002737462520599,6400
NWL,1982-07-12,0.0,0.84375,0.828125,0.84375,0.3002737462520599,54400
NWL,1982-07-13,0.0,0.84375,0.828125,0.84375,0.3002737462520599,46400
NWL,1982-07-14,0.0,0.828125,0.828125,0.828125,0.2947131693363189,3200
NWL,1982-07-15,0.0,0.828125,0.828125,0.828125,0.2947131693363189,6400
NWL,1982-07-16,0.0,0.859375,0.84375,0.859375,0.3058344721794128,41600
NWL,1982-07-19,0.0,0.84375,0.828125,0.828125,0.2947131693363189,11200
NWL,1982-07-20,0.828125,0.828125,0.828125,0.828125,0.2947131693363189,0
NWL,1982-07-21,0.0,0.84375,0.8359379768371582,0.8359379768371582,0.2974937260150909,16000
NWL,1982-07-22,0.0,0.8203129768371582,0.8203129768371582,0.8203129768371582,0.2919329702854156,11200
NWL,1982-07-23,0.0,0.8515629768371582,0.8203129768371582,0.828125,0.2947131693363189,120000
NWL,1982-07-26,0.828125,0.828125,0.828125,0.828125,0.2947131693363189,0
NWL,1982-07-27,0.0,0.828125,0.8203129768371582,0.828125,0.2947131693363189,38400
NWL,1982-07-28,0.828125,0.828125,0.828125,0.828125,0.2947131693363189,0
NWL,1982-07-29,0.0,0.84375,0.84375,0.84375,0.3002737462520599,16000
NWL,1982-07-30,0.0,0.8359379768371582,0.828125,0.828125,0.2947131693363189,8000
NWL,1982-08-02,0.0,0.828125,0.8203129768371582,0.828125,0.2947131693363189,17600
NWL,1982-08-03,0.0,0.84375,0.84375,0.84375,0.3002737462520599,8000
NWL,1982-08-04,0.0,0.8359379768371582,0.8359379768371582,0.8359379768371582,0.2974937260150909,25600
NWL,1982-08-05,0.0,0.828125,0.828125,0.828125,0.2947131693363189,1600
NWL,1982-08-06,0.0,0.8203129768371582,0.8125,0.8125,0.2891525328159332,16000
NWL,1982-08-09,0.0,0.828125,0.8125,0.8203129768371582,0.2919329702854156,28800
NWL,1982-08-10,0.0,0.828125,0.8125,0.828125,0.2947131693363189,12800
NWL,1982-08-11,0.0,0.8203129768371582,0.8203129768371582,0.8203129768371582,0.2919329702854156,6400
NWL,1982-08-12,0.8203129768371582,0.8203129768371582,0.8203129768371582,0.8203129768371582,0.2919329702854156,0
NWL,1982-08-13,0.0,0.8125,0.8125,0.8125,0.2891525328159332,1600
NWL,1982-08-16,0.0,0.8125,0.8125,0.8125,0.2891525328159332,64000
NWL,1982-08-17,0.0,0.84375,0.828125,0.84375,0.3002737462520599,22400
NWL,1982-08-18,0.0,0.875,0.859375,0.8671879768371582,0.3086148500442505,16000
NWL,1982-08-19,0.0,0.8828129768371582,0.859375,0.8828129768371582,0.3141754269599914,20800
NWL,1982-08-20,0.0,0.90625,0.890625,0.890625,0.3169557452201843,25600
NWL,1982-08-23,0.0,0.90625,0.890625,0.890625,0.3169557452201843,30400
NWL,1982-08-24,0.0,0.921875,0.90625,0.921875,0.3280768692493438,46400
NWL,1982-08-25,0.0,0.9296879768371582,0.9140629768371582,0.9140629768371582,0.3252966701984405,17600
NWL,1982-08-26,0.0,0.953125,0.9296879768371582,0.953125,0.3391981720924377,20800
NWL,1982-08-27,0.0,0.9453129768371582,0.9375,0.9375,0.333637535572052,19200
NWL,1982-08-30,0.0,0.9375,0.9375,0.9375,0.333637535572052,20800
NWL,1982-08-31,0.0,0.953125,0.9375,0.9375,0.333637535572052,41600
NWL,1982-09-01,0.0,0.9609379768371582,0.9453129768371582,0.9609379768371582,0.3419785797595978,16000
NWL,1982-09-02,0.0,0.9921879768371582,0.96875,0.9921879768371582,0.3530998229980469,49600
NWL,1982-09-03,0.0,1.0,0.984375,1.0,0.3558800518512726,25600
NWL,1982-09-07,0.0,1.0,1.0,1.0,0.3558800518512726,14400
NWL,1982-09-08,0.0,1.0,1.0,1.0,0.3558800518512726,20800
NWL,1982-09-09,0.0,1.0078129768371582,1.0,1.0,0.3558800518512726,38400
NWL,1982-09-10,0.0,1.015625,1.0,1.0,0.3558800518512726,65600
NWL,1982-09-13,0.0,1.03125,1.0,1.0,0.3558800518512726,76800
NWL,1982-09-14,0.0,1.0,0.9921879768371582,0.9921879768371582,0.3530998229980469,68800
NWL,1982-09-15,0.0,1.0234379768371582,0.9921879768371582,1.0234379768371582,0.3642212152481079,62400
NWL,1982-09-16,0.0,1.046875,1.0390629768371582,1.0390629768371582,0.3697817623615265,139200
NWL,1982-09-17,0.0,1.0390629768371582,1.03125,1.03125,0.3670013844966888,17600
NWL,1982-09-20,0.0,1.046875,1.046875,1.046875,0.3725619316101074,46400
NWL,1982-09-21,0.0,1.0859379768371582,1.0625,1.0859379768371582,0.3864636421203613,67200
NWL,1982-09-22,0.0,1.09375,1.0625,1.0625,0.3781226873397827,57600
NWL,1982-09-23,0.0,1.0703129768371582,1.046875,1.0703129768371582,0.3809030950069427,193600
NWL,1982-09-24,0.0,1.0625,1.046875,1.046875,0.3725619316101074,49600
NWL,1982-09-27,0.0,1.046875,1.046875,1.046875,0.3725619316101074,14400
NWL,1982-09-28,0.0,1.0625,1.0546879768371582,1.0546879768371582,0.3753424286842346,32000
NWL,1982-09-29,0.0,1.0859379768371582,1.0546879768371582,1.0625,0.3781226873397827,113600
NWL,1982-09-30,0.0,1.046875,1.03125,1.03125,0.3670013844966888,470400
NWL,1982-10-01,0.0,1.03125,1.0234379768371582,1.0234379768371582,0.3642212152481079,174400
NWL,1982-10-04,0.0,1.0234379768371582,1.015625,1.0234379768371582,0.3642212152481079,4800
NWL,1982-10-05,0.0,1.0234379768371582,1.0234379768371582,1.0234379768371582,0.3642212152481079,43200
NWL,1982-10-06,0.0,1.0625,1.03125,1.0625,0.3781226873397827,89600
NWL,1982-10-07,0.0,1.109375,1.0625,1.09375,0.3892436921596527,96000
NWL,1982-10-08,0.0,1.09375,1.09375,1.09375,0.3892436921596527,9600
NWL,1982-10-11,0.0,1.125,1.09375,1.1171879768371582,0.3975850641727447,105600
NWL,1982-10-12,0.0,1.140625,1.109375,1.125,0.4003649055957794,235200
NWL,1982-10-13,0.0,1.2109379768371582,1.125,1.1953129768371582,0.4253881871700287,57600
NWL,1982-10-14,0.0,1.2265629768371582,1.1796879768371582,1.1796879768371582,0.4198275804519653,91200
NWL,1982-10-15,0.0,1.1796879768371582,1.15625,1.1796879768371582,0.4198275804519653,64000
NWL,1982-10-18,0.0,1.171875,1.1640629768371582,1.171875,0.4170469343662262,132800
NWL,1982-10-19,0.0,1.1875,1.15625,1.1640629768371582,0.4142668545246124,518400
NWL,1982-10-20,0.0,1.171875,1.171875,1.171875,0.4170469343662262,155200
NWL,1982-10-21,0.0,1.2265629768371582,1.1953129768371582,1.2265629768371582,0.4365092813968658,107200
NWL,1982-10-22,0.0,1.28125,1.234375,1.265625,0.4504107236862182,107200
NWL,1982-10-25,0.0,1.2890629768371582,1.234375,1.2578129768371582,0.4476304352283478,208000
NWL,1982-10-26,0.0,1.3125,1.265625,1.3125,0.4670925438404083,280000
NWL,1982-10-27,0.0,1.484375,1.328125,1.484375,0.52825927734375,220800
NWL,1982-10-28,0.0,1.53125,1.4140629768371582,1.4296879768371582,0.508797824382782,353600
NWL,1982-10-29,0.0,1.5,1.421875,1.46875,0.5226991176605225,491200
NWL,1982-11-01,0.0,1.546875,1.4609379768371582,1.53125,0.5449413657188416,532800
NWL,1982-11-02,0.0,1.640625,1.546875,1.6328129768371582,0.5810858607292175,708800
NWL,1982-11-03,0.0,1.6484379768371582,1.625,1.640625,0.5838656425476074,628800
NWL,1982-11-04,0.0,1.640625,1.546875,1.546875,0.5505020022392273,320000
NWL,1982-11-05,0.0,1.546875,1.515625,1.546875,0.5505020022392273,387200
NWL,1982-11-08,0.0,1.546875,1.5,1.5078129768371582,0.5366004705429077,209600
NWL,1982-11-09,0.0,1.5546879768371582,1.5,1.5546879768371582,0.5532824397087097,108800
NWL,1982-11-10,0.0,1.5859379768371582,1.5625,1.5625,0.5560625791549683,302400
NWL,1982-11-11,0.0,1.671875,1.578125,1.671875,0.5949869751930237,441600
NWL,1982-11-12,0.0,1.75,1.6875,1.6953129768371582,0.6033283472061157,278400
NWL,1982-11-15,0.0,1.671875,1.5625,1.59375,0.5671840906143188,316800
NWL,1982-11-16,0.0,1.5859379768371582,1.5625,1.5625,0.5560625791549683,32000
NWL,1982-11-17,0.0,1.625,1.5625,1.625,0.5783050656318665,124800
NWL,1982-11-18,0.0,1.671875,1.625,1.671875,0.5949869751930237,145600
NWL,1982-11-19,0.0,1.765625,1.6875,1.75,0.6227899193763733,264000
NWL,1982-11-22,0.0,1.765625,1.71875,1.71875,0.6116689443588257,246400
NWL,1982-11-23,0.0,1.734375,1.71875,1.71875,0.6116689443588257,128000
NWL,1982-11-24,0.0,1.828125,1.734375,1.828125,0.6505930423736572,185600
NWL,1982-11-26,0.0,1.859375,1.796875,1.84375,0.6561537384986877,201600
NWL,1982-11-29,0.0,1.875,1.84375,1.875,0.667275071144104,441600
NWL,1982-11-30,0.0,1.875,1.84375,1.859375,0.6617138981819153,332800
NWL,1982-12-01,0.0,1.890625,1.84375,1.875,0.667275071144104,161600
NWL,1982-12-02,0.0,1.8671879768371584,1.84375,1.8671879768371584,0.664495050907135,316800
NWL,1982-12-03,0.0,1.8515629768371584,1.84375,1.84375,0.6561537384986877,25600
NWL,1982-12-06,0.0,1.8359379768371584,1.828125,1.828125,0.6505930423736572,36800
NWL,1982-12-07,0.0,1.8125,1.765625,1.7890629768371582,0.6366919875144958,94400
NWL,1982-12-08,0.0,1.8125,1.796875,1.8125,0.6450325846672058,19200
NWL,1982-12-09,0.0,1.8125,1.78125,1.78125,0.6339114904403687,299200
NWL,1982-12-10,0.0,1.796875,1.78125,1.7890629768371582,0.6366919875144958,38400
NWL,1982-12-13,0.0,1.7890629768371582,1.7890629768371582,1.7890629768371582,0.6366919875144958,56000
NWL,1982-12-14,0.0,1.8125,1.8046879768371584,1.8046879768371584,0.6422522664070129,96000
NWL,1982-12-15,0.0,1.7890629768371582,1.7578129768371582,1.7578129768371582,0.6255703568458557,193600
NWL,1982-12-16,0.0,1.7578129768371582,1.7421879768371582,1.7578129768371582,0.6255703568458557,390400
NWL,1982-12-17,0.0,1.765625,1.75,1.765625,0.6283503770828247,172800
NWL,1982-12-20,0.0,1.75,1.734375,1.75,0.6227899193763733,292800
NWL,1982-12-21,0.0,1.75,1.75,1.75,0.6227899193763733,30400
NWL,1982-12-22,0.0,1.78125,1.75,1.765625,0.6283503770828247,65600
NWL,1982-12-23,0.0,1.7890629768371582,1.765625,1.7890629768371582,0.6366919875144958,99200
NWL,1982-12-27,0.0,1.8046879768371584,1.7890629768371582,1.796875,0.6394715905189514,19200
NWL,1982-12-28,0.0,1.828125,1.796875,1.8125,0.6450325846672058,81600
NWL,1982-12-29,0.0,1.8984379768371584,1.859375,1.8828129768371584,0.670055627822876,62400
NWL,1982-12-30,0.0,1.96875,1.9140629768371584,1.9375,0.6895174384117126,86400
NWL,1982-12-31,0.0,1.953125,1.921875,1.921875,0.6839568018913269,28800
NWL,1983-01-03,0.0,1.9375,1.921875,1.921875,0.6839568018913269,64000
NWL,1983-01-04,0.0,1.9140629768371584,1.9140629768371584,1.9140629768371584,0.6811766028404236,41600
NWL,1983-01-05,0.0,1.9375,1.9140629768371584,1.921875,0.6839568018913269,228800
NWL,1983-01-06,0.0,1.953125,1.921875,1.9375,0.6895174384117126,80000
NWL,1983-01-07,0.0,1.953125,1.953125,1.953125,0.6950778961181641,22400
NWL,1983-01-10,0.0,1.96875,1.9609379768371584,1.96875,0.7006393074989319,19200
NWL,1983-01-11,0.0,2.023437976837158,1.9921879768371584,2.007812976837158,0.714540421962738,54400
NWL,1983-01-12,0.0,2.007812976837158,1.9921879768371584,2.0,0.7117601037025452,195200
NWL,1983-01-13,0.0,2.023437976837158,2.0,2.007812976837158,0.714540421962738,124800
NWL,1983-01-14,0.0,2.03125,2.007812976837158,2.03125,0.7228811383247375,36800
NWL,1983-01-17,0.0,2.070312976837158,2.046875,2.046875,0.7284420132637024,300800
NWL,1983-01-18,0.0,2.109375,2.046875,2.09375,0.7451238632202148,96000
NWL,1983-01-19,0.0,2.125,2.09375,2.125,0.7562453746795654,100800
NWL,1983-01-20,0.0,2.109375,2.046875,2.046875,0.7284420132637024,36800
NWL,1983-01-21,0.0,2.046875,1.9609379768371584,1.96875,0.7006393074989319,56000
NWL,1983-01-24,0.0,1.953125,1.890625,1.921875,0.6839568018913269,259200
NWL,1983-01-25,0.0,1.9609379768371584,1.921875,1.921875,0.6839568018913269,105600
NWL,1983-01-26,0.0,1.90625,1.890625,1.890625,0.6728355884552002,32000
NWL,1983-01-27,0.0,1.90625,1.890625,1.90625,0.6783963441848755,20800
NWL,1983-01-28,0.0,1.90625,1.875,1.8828129768371584,0.670055627822876,70400
NWL,1983-01-31,0.0,1.890625,1.84375,1.875,0.667275071144104,88000
NWL,1983-02-01,0.0,1.921875,1.8828129768371584,1.921875,0.6839568018913269,168000
NWL,1983-02-02,0.0,1.9609379768371584,1.9140629768371584,1.9375,0.6895174384117126,104000
NWL,1983-02-03,0.0,2.085937976837158,1.953125,2.0625,0.7340027689933777,78400
NWL,1983-02-04,0.0,2.078125,2.046875,2.078125,0.7395631074905396,75200
NWL,1983-02-07,0.0,2.078125,2.046875,2.078125,0.7395631074905396,17600
NWL,1983-02-08,0.0,2.0625,2.046875,2.0625,0.7340027689933777,25600
NWL,1983-02-09,0.0,2.078125,2.054687976837158,2.0625,0.7340027689933777,104000
NWL,1983-02-10,0.0,2.078125,2.0625,2.078125,0.7395631074905396,97600
NWL,1983-02-11,0.0,2.078125,2.0625,2.0625,0.7340027689933777,14400
NWL,1983-02-14,0.0,2.09375,2.0625,2.09375,0.7451238632202148,59200
NWL,1983-02-15,0.0,2.125,2.109375,2.125,0.7562453746795654,92800
NWL,1983-02-16,0.0,2.132812976837158,2.109375,2.125,0.7562453746795654,147200
NWL,1983-02-17,0.0,2.125,2.09375,2.125,0.7562453746795654,116800
NWL,1983-02-18,0.0,2.140625,2.09375,2.09375,0.7451238632202148,57600
NWL,1983-02-22,0.0,2.109375,2.078125,2.078125,0.7395631074905396,60800
NWL,1983-02-23,0.0,2.101562976837158,2.09375,2.101562976837158,0.7479047179222107,3200
NWL,1983-02-24,0.0,2.171875,2.109375,2.171875,0.7729270458221436,264000
NWL,1983-02-25,0.0,2.1875,2.171875,2.171875,0.7729270458221436,52800
NWL,1983-02-28,0.0,2.203125,2.1875,2.1875,0.7784873843193054,56000
NWL,1983-03-01,0.0,2.21875,2.1875,2.203125,0.7840489149093628,57600
NWL,1983-03-02,0.0,2.25,2.21875,2.25,0.8007298111915588,24000
NWL,1983-03-03,0.0,2.265625,2.234375,2.25,0.8007298111915588,14400
NWL,1983-03-04,0.0,2.265625,2.234375,2.234375,0.7951698303222656,48000
NWL,1983-03-07,0.0,2.226562976837158,2.21875,2.226562976837158,0.7923892736434937,174400
NWL,1983-03-08,0.0,2.226562976837158,2.171875,2.1875,0.7784873843193054,134400
NWL,1983-03-09,0.0,2.203125,2.1875,2.1875,0.7784873843193054,62400
NWL,1983-03-10,0.0,2.210937976837158,2.1875,2.1875,0.7784873843193054,33600
NWL,1983-03-11,0.0,2.1875,2.179687976837158,2.1875,0.7784873843193054,140800
NWL,1983-03-14,0.0,2.171875,2.15625,2.164062976837158,0.7701465487480164,11200
NWL,1983-03-15,0.0,2.171875,2.15625,2.15625,0.7673670053482056,32000
NWL,1983-03-16,0.0,2.15625,2.140625,2.140625,0.7618057727813721,24000
NWL,1983-03-17,0.0,2.140625,2.125,2.140625,0.7618057727813721,19200
NWL,1983-03-18,0.0,2.15625,2.125,2.15625,0.7673670053482056,20800
NWL,1983-03-21,0.0,2.1875,2.125,2.140625,0.7618057727813721,92000
NWL,1983-03-22,0.0,2.15625,2.125,2.125,0.7562453746795654,15200
NWL,1983-03-23,0.0,2.125,2.09375,2.09375,0.7451238632202148,28000
NWL,1983-03-24,0.0,2.125,2.09375,2.09375,0.7451238632202148,19200
NWL,1983-03-25,0.0,2.28125,2.125,2.28125,0.8118510842323303,143200
NWL,1983-03-28,0.0,2.4375,2.265625,2.4375,0.8674575090408325,88800
NWL,1983-03-29,0.0,2.609375,2.46875,2.59375,0.923064112663269,100000
NWL,1983-03-30,0.0,2.609375,2.578125,2.59375,0.923064112663269,48000
NWL,1983-03-31,0.0,2.59375,2.546875,2.546875,0.9063822031021118,57600
NWL,1983-04-04,0.0,2.5625,2.5,2.546875,0.9063822031021118,80000
NWL,1983-04-05,0.0,2.5625,2.5,2.515625,0.8952608108520508,88800
NWL,1983-04-06,0.0,2.546875,2.46875,2.53125,0.9008214473724364,93600
NWL,1983-04-07,0.0,2.546875,2.46875,2.46875,0.8785790801048279,52800
NWL,1983-04-08,0.0,2.515625,2.484375,2.515625,0.8952608108520508,36000
NWL,1983-04-11,0.0,2.53125,2.5,2.5,0.8896995186805725,47200
NWL,1983-04-12,0.0,2.515625,2.484375,2.484375,0.884139358997345,14400
NWL,1983-04-13,0.0,2.515625,2.46875,2.46875,0.8785790801048279,20000
NWL,1983-04-14,0.0,2.515625,2.46875,2.46875,0.8785790801048279,25600
NWL,1983-04-15,0.0,2.515625,2.46875,2.515625,0.8952608108520508,366400
NWL,1983-04-18,0.0,2.515625,2.40625,2.453125,0.8730185627937317,88800
NWL,1983-04-19,0.0,2.546875,2.453125,2.53125,0.9008214473724364,249600
NWL,1983-04-20,0.0,2.578125,2.5,2.546875,0.9063822031021118,235200
NWL,1983-04-21,0.0,2.578125,2.5,2.53125,0.9008214473724364,136000
NWL,1983-04-22,0.0,2.578125,2.515625,2.578125,0.9175028800964355,109600
NWL,1983-04-25,0.0,2.578125,2.5,2.5,0.8896995186805725,92800
NWL,1983-04-26,0.0,2.484375,2.4375,2.46875,0.8785790801048279,69600
NWL,1983-04-27,0.0,2.53125,2.5,2.515625,0.8952608108520508,228000
NWL,1983-04-28,0.0,2.53125,2.515625,2.53125,0.9008214473724364,10400
NWL,1983-04-29,0.0,2.53125,2.515625,2.515625,0.8952608108520508,4000
NWL,1983-05-02,0.0,2.515625,2.484375,2.515625,0.8952608108520508,45600
NWL,1983-05-03,0.0,2.515625,2.46875,2.515625,0.8952608108520508,55200
NWL,1983-05-04,0.0,2.5,2.4375,2.4375,0.8674575090408325,24000
NWL,1983-05-05,0.0,2.46875,2.40625,2.4375,0.8674575090408325,82400
NWL,1983-05-06,0.0,2.53125,2.4375,2.515625,0.8952608108520508,757600
NWL,1983-05-09,0.0,2.515625,2.5,2.515625,0.8952608108520508,21600
NWL,1983-05-10,0.0,2.609375,2.546875,2.5625,0.9119425415992736,77600
NWL,1983-05-11,0.0,2.59375,2.515625,2.515625,0.8952608108520508,37600
NWL,1983-05-12,0.0,2.53125,2.5,2.5,0.8896995186805725,48000
NWL,1983-05-13,0.0,2.546875,2.5,2.546875,0.9063822031021118,82400
NWL,1983-05-16,0.0,2.546875,2.5,2.5,0.8896995186805725,48800
NWL,1983-05-17,0.0,2.46875,2.4375,2.4375,0.8674575090408325,52000
NWL,1983-05-18,0.0,2.4375,2.40625,2.40625,0.8563368916511536,9600
NWL,1983-05-19,0.0,2.46875,2.421875,2.421875,0.8618970513343811,119200
NWL,1983-05-20,0.0,2.59375,2.40625,2.578125,0.9175028800964355,234400
NWL,1983-05-23,0.0,2.578125,2.515625,2.5625,0.9119425415992736,76800
NWL,1983-05-24,0.0,2.609375,2.578125,2.609375,0.9286249279975892,74400
NWL,1983-05-25,0.0,2.796875,2.640625,2.796875,0.9953519701957704,156800
NWL,1983-05-26,0.0,2.890625,2.796875,2.875,1.0231552124023438,151200
NWL,1983-05-27,0.0,2.90625,2.859375,2.859375,1.0175950527191162,84800
NWL,1983-05-31,0.0,2.875,2.8125,2.8125,1.0009135007858276,38400
NWL,1983-06-01,0.0,2.796875,2.75,2.796875,0.9953519701957704,183200
NWL,1983-06-02,0.0,2.765625,2.703125,2.71875,0.967548966407776,64000
NWL,1983-06-03,0.0,2.78125,2.703125,2.78125,0.9897909164428712,61600
NWL,1983-06-06,0.0,2.796875,2.765625,2.765625,0.9842305183410645,18400
NWL,1983-06-07,0.0,2.796875,2.75,2.75,0.9786705374717712,44800
NWL,1983-06-08,0.0,2.65625,2.609375,2.625,0.9341850876808168,108000
NWL,1983-06-09,0.0,2.625,2.578125,2.609375,0.9286249279975892,48800
NWL,1983-06-10,0.0,2.65625,2.5625,2.65625,0.9453058242797852,104800
NWL,1983-06-13,0.0,2.6875,2.625,2.65625,0.9453058242797852,16800
NWL,1983-06-14,0.0,2.671875,2.59375,2.59375,0.923064112663269,68000
NWL,1983-06-15,0.0,2.640625,2.609375,2.640625,0.9397451877593994,17600
NWL,1983-06-16,0.0,2.671875,2.640625,2.640625,0.9397451877593994,9600
NWL,1983-06-17,0.0,2.671875,2.65625,2.671875,0.9508664608001708,20000
NWL,1983-06-20,0.0,2.671875,2.625,2.625,0.9341850876808168,25600
NWL,1983-06-21,0.0,2.609375,2.578125,2.609375,0.9286249279975892,13600
NWL,1983-06-22,0.0,2.65625,2.625,2.640625,0.9397451877593994,28000
NWL,1983-06-23,0.0,2.640625,2.640625,2.640625,0.9397451877593994,36800
NWL,1983-06-24,0.0,2.640625,2.625,2.640625,0.9397451877593994,28800
NWL,1983-06-27,0.0,2.625,2.578125,2.609375,0.9286249279975892,17600
NWL,1983-06-28,0.0,2.609375,2.5625,2.5625,0.9119425415992736,26400
NWL,1983-06-29,0.0,2.53125,2.484375,2.515625,0.8952608108520508,37600
NWL,1983-06-30,0.0,2.5,2.46875,2.5,0.8896995186805725,32000
NWL,1983-07-01,0.0,2.53125,2.5,2.53125,0.9008214473724364,16000
NWL,1983-07-05,0.0,2.546875,2.484375,2.5,0.8896995186805725,16000
NWL,1983-07-06,0.0,2.53125,2.46875,2.5,0.8896995186805725,69600
NWL,1983-07-07,0.0,2.546875,2.5,2.5,0.8896995186805725,80800
NWL,1983-07-08,0.0,2.5,2.46875,2.5,0.8896995186805725,24000
NWL,1983-07-11,0.0,2.5,2.4375,2.4375,0.8674575090408325,116000
NWL,1983-07-12,0.0,2.46875,2.4375,2.4375,0.8674575090408325,25600
NWL,1983-07-13,0.0,2.546875,2.46875,2.484375,0.884139358997345,213600
NWL,1983-07-14,0.0,2.5,2.4375,2.4375,0.8674575090408325,29600
NWL,1983-07-15,0.0,2.4375,2.40625,2.421875,0.8618970513343811,14400
NWL,1983-07-18,0.0,2.40625,2.34375,2.34375,0.8340938687324524,49600
NWL,1983-07-19,0.0,2.359375,2.3125,2.3125,0.8229726552963257,76000
NWL,1983-07-20,0.0,2.46875,2.34375,2.46875,0.8785790801048279,375200
NWL,1983-07-21,0.0,2.46875,2.421875,2.4375,0.8674575090408325,195200
NWL,1983-07-22,0.0,2.4375,2.375,2.421875,0.8618970513343811,162400
NWL,1983-07-25,0.0,2.453125,2.375,2.421875,0.8618970513343811,51200
NWL,1983-07-26,0.0,2.421875,2.375,2.40625,0.8563368916511536,80800
NWL,1983-07-27,0.0,2.421875,2.296875,2.296875,0.8174121975898743,44000
NWL,1983-07-28,0.0,2.328125,2.28125,2.28125,0.8118510842323303,63200
NWL,1983-07-29,0.0,2.28125,2.21875,2.21875,0.7896088361740112,51200
NWL,1983-08-01,0.0,2.171875,2.09375,2.140625,0.7618057727813721,59200
NWL,1983-08-02,0.0,2.1875,2.09375,2.15625,0.7673670053482056,252800
NWL,1983-08-03,0.0,2.25,2.171875,2.25,0.8007298111915588,206400
NWL,1983-08-04,0.0,2.234375,2.171875,2.21875,0.7896088361740112,105600
NWL,1983-08-05,0.0,2.234375,2.203125,2.234375,0.7951698303222656,34400
NWL,1983-08-08,0.0,2.234375,2.203125,2.21875,0.7896088361740112,42400
NWL,1983-08-09,0.0,2.1875,2.140625,2.140625,0.7618057727813721,139200
NWL,1983-08-10,0.0,2.203125,2.171875,2.203125,0.7840489149093628,58400
NWL,1983-08-11,0.0,2.21875,2.1875,2.1875,0.7784873843193054,112800
NWL,1983-08-12,0.0,2.203125,2.15625,2.203125,0.7840489149093628,12800
NWL,1983-08-15,0.0,2.234375,2.203125,2.203125,0.7840489149093628,28000
NWL,1983-08-16,0.0,2.234375,2.21875,2.21875,0.7896088361740112,5600
NWL,1983-08-17,0.0,2.234375,2.1875,2.21875,0.7896088361740112,101600
NWL,1983-08-18,0.0,2.296875,2.25,2.296875,0.8174121975898743,81600
NWL,1983-08-19,0.0,2.328125,2.265625,2.296875,0.8174121975898743,90400
NWL,1983-08-22,0.0,2.34375,2.328125,2.34375,0.8340938687324524,47200
NWL,1983-08-23,0.0,2.40625,2.375,2.375,0.8452149629592896,25600
NWL,1983-08-24,0.0,2.390625,2.3125,2.3125,0.8229726552963257,216000
NWL,1983-08-25,0.0,2.3125,2.3125,2.3125,0.8229726552963257,3200
NWL,1983-08-26,0.0,2.328125,2.296875,2.296875,0.8174121975898743,7200
NWL,1983-08-29,0.0,2.28125,2.28125,2.28125,0.8118510842323303,20000
NWL,1983-08-30,0.0,2.3125,2.28125,2.3125,0.8229726552963257,8800
NWL,1983-08-31,0.0,2.328125,2.328125,2.328125,0.8285332322120667,4000
NWL,1983-09-01,0.0,2.328125,2.328125,2.328125,0.8285332322120667,11200
NWL,1983-09-02,0.0,2.296875,2.28125,2.28125,0.8118510842323303,16000
NWL,1983-09-06,0.0,2.296875,2.28125,2.28125,0.8118510842323303,34400
NWL,1983-09-07,0.0,2.296875,2.234375,2.234375,0.7951698303222656,126400
NWL,1983-09-08,0.0,2.265625,2.234375,2.234375,0.7951698303222656,43200
NWL,1983-09-09,0.0,2.28125,2.21875,2.234375,0.7951698303222656,23200
NWL,1983-09-12,0.0,2.265625,2.234375,2.25,0.8007298111915588,52000
NWL,1983-09-13,0.0,2.25,2.25,2.25,0.8007298111915588,20800
NWL,1983-09-14,0.0,2.25,2.21875,2.25,0.8007298111915588,120800
NWL,1983-09-15,0.0,2.25,2.21875,2.21875,0.7896088361740112,1600
NWL,1983-09-16,0.0,2.21875,2.171875,2.171875,0.7729270458221436,60800
NWL,1983-09-19,0.0,2.21875,2.171875,2.21875,0.7896088361740112,88000
NWL,1983-09-20,0.0,2.21875,2.1875,2.1875,0.7784873843193054,13600
NWL,1983-09-21,0.0,2.234375,2.203125,2.203125,0.7840489149093628,50400
NWL,1983-09-22,0.0,2.234375,2.203125,2.203125,0.7840489149093628,211200
NWL,1983-09-23,0.0,2.25,2.234375,2.25,0.8007298111915588,38400
NWL,1983-09-26,0.0,2.28125,2.21875,2.21875,0.7896088361740112,84000
NWL,1983-09-27,0.0,2.28125,2.21875,2.28125,0.8118510842323303,96000
NWL,1983-09-28,0.0,2.296875,2.21875,2.28125,0.8118510842323303,200800
NWL,1983-09-29,0.0,2.296875,2.25,2.296875,0.8174121975898743,109600
NWL,1983-09-30,0.0,2.296875,2.25,2.25,0.8007298111915588,128000
NWL,1983-10-03,0.0,2.234375,2.203125,2.203125,0.7840489149093628,71200
NWL,1983-10-04,0.0,2.1875,2.1875,2.1875,0.7784873843193054,75200
NWL,1983-10-05,0.0,2.1875,2.09375,2.09375,0.7451238632202148,44000
NWL,1983-10-06,0.0,2.09375,2.078125,2.09375,0.7451238632202148,47200
NWL,1983-10-07,0.0,2.109375,2.078125,2.078125,0.7395631074905396,24800
NWL,1983-10-10,0.0,2.109375,2.0625,2.109375,0.750684380531311,32800
NWL,1983-10-11,0.0,2.140625,2.125,2.125,0.7562453746795654,108000
NWL,1983-10-12,0.0,2.171875,2.125,2.171875,0.7729270458221436,36000
NWL,1983-10-13,0.0,2.203125,2.171875,2.171875,0.7729270458221436,60000
NWL,1983-10-14,0.0,2.171875,2.140625,2.15625,0.7673670053482056,74400
NWL,1983-10-17,0.0,2.125,2.109375,2.109375,0.750684380531311,7200
NWL,1983-10-18,0.0,2.109375,2.078125,2.078125,0.7395631074905396,10400
NWL,1983-10-19,0.0,2.0625,2.0,2.0,0.7117601037025452,53600
NWL,1983-10-20,0.0,2.015625,2.0,2.0,0.7117601037025452,6400
NWL,1983-10-21,0.0,2.03125,1.921875,1.953125,0.6950778961181641,60800
NWL,1983-10-24,0.0,1.953125,1.921875,1.921875,0.6839568018913269,30400
NWL,1983-10-25,0.0,1.9375,1.90625,1.9375,0.6895174384117126,37600
NWL,1983-10-26,0.0,2.0,1.953125,1.953125,0.6950778961181641,27200
NWL,1983-10-27,0.0,1.984375,1.9375,1.984375,0.706199586391449,54400
NWL,1983-10-28,0.0,1.984375,1.875,1.90625,0.6783963441848755,397600
NWL,1983-10-31,0.0,1.90625,1.875,1.875,0.667275071144104,11200
NWL,1983-11-01,0.0,1.90625,1.875,1.875,0.667275071144104,8800
NWL,1983-11-02,0.0,1.875,1.84375,1.875,0.667275071144104,26400
NWL,1983-11-03,0.0,1.890625,1.8125,1.8125,0.6450325846672058,33600
NWL,1983-11-04,0.0,1.8125,1.765625,1.78125,0.6339114904403687,39200
NWL,1983-11-07,0.0,1.78125,1.65625,1.703125,0.6061083674430847,82400
NWL,1983-11-08,0.0,1.796875,1.71875,1.78125,0.6339114904403687,80800
NWL,1983-11-09,0.0,1.796875,1.75,1.75,0.6227899193763733,35200
NWL,1983-11-10,0.0,1.71875,1.6875,1.703125,0.6061083674430847,55200
NWL,1983-11-11,0.0,1.765625,1.703125,1.765625,0.6283503770828247,83200
NWL,1983-11-14,0.0,1.796875,1.765625,1.796875,0.6394715905189514,36800
NWL,1983-11-15,0.0,1.796875,1.765625,1.78125,0.6339114904403687,33600
NWL,1983-11-16,0.0,1.90625,1.8125,1.90625,0.6783963441848755,3160800
NWL,1983-11-17,0.0,1.921875,1.875,1.90625,0.6783963441848755,33600
NWL,1983-11-18,0.0,1.9375,1.875,1.90625,0.6783963441848755,100000
NWL,1983-11-21,0.0,1.90625,1.84375,1.875,0.667275071144104,108000
NWL,1983-11-22,0.0,1.875,1.8125,1.8125,0.6450325846672058,116800
NWL,1983-11-23,0.0,1.96875,1.84375,1.875,0.667275071144104,272800
NWL,1983-11-25,0.0,1.9375,1.84375,1.9375,0.6895174384117126,545600
NWL,1983-11-28,0.0,1.96875,1.90625,1.90625,0.6783963441848755,38400
NWL,1983-11-29,0.0,1.9375,1.90625,1.90625,0.6783963441848755,103200
NWL,1983-11-30,0.0,1.921875,1.890625,1.90625,0.6783963441848755,74400
NWL,1983-12-01,0.0,1.90625,1.890625,1.890625,0.6728355884552002,28800
NWL,1983-12-02,0.0,1.90625,1.84375,1.859375,0.6617138981819153,102400
NWL,1983-12-05,0.0,1.890625,1.84375,1.875,0.667275071144104,33600
NWL,1983-12-06,0.0,1.890625,1.84375,1.890625,0.6728355884552002,6400
NWL,1983-12-07,0.0,1.890625,1.84375,1.875,0.667275071144104,164000
NWL,1983-12-08,0.0,1.890625,1.875,1.875,0.667275071144104,41600
NWL,1983-12-09,0.0,1.875,1.828125,1.859375,0.6617138981819153,16800
NWL,1983-12-12,0.0,1.859375,1.828125,1.859375,0.6617138981819153,60800
NWL,1983-12-13,0.0,1.890625,1.84375,1.890625,0.6728355884552002,68000
NWL,1983-12-14,0.0,1.875,1.84375,1.84375,0.6561537384986877,62400
NWL,1983-12-15,0.0,1.859375,1.84375,1.859375,0.6617138981819153,40000
NWL,1983-12-16,0.0,1.890625,1.859375,1.875,0.667275071144104,31200
NWL,1983-12-19,0.0,1.9375,1.875,1.90625,0.6783963441848755,109600
NWL,1983-12-20,0.0,1.90625,1.875,1.90625,0.6783963441848755,12000
NWL,1983-12-21,0.0,1.875,1.859375,1.859375,0.6617138981819153,20800
NWL,1983-12-22,0.0,1.875,1.84375,1.859375,0.6617138981819153,59200
NWL,1983-12-23,0.0,1.875,1.84375,1.84375,0.6561537384986877,4000
NWL,1983-12-27,0.0,1.875,1.828125,1.875,0.667275071144104,62400
NWL,1983-12-28,0.0,1.859375,1.828125,1.859375,0.6617138981819153,63200
NWL,1983-12-29,0.0,1.890625,1.859375,1.890625,0.6728355884552002,68800
NWL,1983-12-30,0.0,1.921875,1.875,1.921875,0.6839568018913269,54400
NWL,1984-01-03,0.0,1.9375,1.875,1.9375,0.6895174384117126,139200
NWL,1984-01-04,0.0,1.953125,1.90625,1.953125,0.6950778961181641,161600
NWL,1984-01-05,0.0,2.015625,1.96875,2.015625,0.7173208594322205,250400
NWL,1984-01-06,0.0,2.046875,2.0,2.03125,0.7228811383247375,740000
NWL,1984-01-09,0.0,2.109375,2.0625,2.09375,0.7451238632202148,176000
NWL,1984-01-10,0.0,2.140625,2.125,2.125,0.7562453746795654,473600
NWL,1984-01-11,0.0,2.109375,2.0625,2.078125,0.7395631074905396,64000
NWL,1984-01-12,0.0,2.078125,2.0,2.0,0.7117601037025452,74400
NWL,1984-01-13,0.0,2.03125,2.0,2.015625,0.7173208594322205,145600
NWL,1984-01-16,0.0,2.046875,2.015625,2.046875,0.7284420132637024,588800
NWL,1984-01-17,0.0,2.078125,2.078125,2.078125,0.7395631074905396,5600
NWL,1984-01-18,0.0,2.09375,2.046875,2.046875,0.7284420132637024,33600
NWL,1984-01-19,0.0,2.046875,2.015625,2.046875,0.7284420132637024,83200
NWL,1984-01-20,0.0,2.015625,2.0,2.0,0.7117601037025452,104000
NWL,1984-01-23,0.0,2.0,1.96875,1.96875,0.7006393074989319,120800
NWL,1984-01-24,0.0,1.96875,1.875,1.90625,0.6783963441848755,163200
NWL,1984-01-25,0.0,1.921875,1.90625,1.921875,0.6839568018913269,111200
NWL,1984-01-26,0.0,1.953125,1.890625,1.890625,0.6728355884552002,82400
NWL,1984-01-27,0.0,1.90625,1.875,1.890625,0.6728355884552002,43200
NWL,1984-01-30,0.0,1.921875,1.875,1.875,0.667275071144104,19200
NWL,1984-01-31,0.0,1.921875,1.875,1.875,0.667275071144104,59200
NWL,1984-02-01,0.0,1.875,1.859375,1.875,0.667275071144104,50400
NWL,1984-02-02,0.0,1.90625,1.875,1.90625,0.6783963441848755,8000
NWL,1984-02-03,0.0,1.921875,1.890625,1.890625,0.6728355884552002,29600
NWL,1984-02-06,0.0,1.859375,1.828125,1.84375,0.6561537384986877,23200
NWL,1984-02-07,0.0,1.875,1.84375,1.875,0.667275071144104,84000
NWL,1984-02-08,0.0,1.890625,1.859375,1.859375,0.6617138981819153,96000
NWL,1984-02-09,0.0,1.859375,1.8125,1.859375,0.6617138981819153,96800
NWL,1984-02-10,0.0,1.90625,1.875,1.90625,0.6783963441848755,30400
NWL,1984-02-13,0.0,1.9375,1.875,1.875,0.667275071144104,21600
NWL,1984-02-14,0.0,1.890625,1.84375,1.890625,0.6728355884552002,52800
NWL,1984-02-15,0.0,1.890625,1.828125,1.875,0.667275071144104,109600
NWL,1984-02-16,0.0,1.875,1.84375,1.84375,0.6561537384986877,3200
NWL,1984-02-17,0.0,1.859375,1.828125,1.828125,0.6505930423736572,31200
NWL,1984-02-21,0.0,1.875,1.84375,1.84375,0.6561537384986877,14400
NWL,1984-02-22,0.0,1.859375,1.84375,1.84375,0.6561537384986877,8000
NWL,1984-02-23,0.0,1.84375,1.828125,1.84375,0.6561537384986877,2400
NWL,1984-02-24,0.0,1.875,1.828125,1.875,0.667275071144104,88800
NWL,1984-02-27,0.0,1.9375,1.890625,1.921875,0.6839568018913269,40000
NWL,1984-02-28,0.0,1.953125,1.921875,1.921875,0.6839568018913269,31200
NWL,1984-02-29,0.0,1.9375,1.921875,1.9375,0.6895174384117126,28800
NWL,1984-03-01,0.0,1.984375,1.96875,1.984375,0.706199586391449,30400
NWL,1984-03-02,0.0,1.953125,1.90625,1.90625,0.6783963441848755,32800
NWL,1984-03-05,0.0,1.90625,1.890625,1.890625,0.6728355884552002,27200
NWL,1984-03-06,0.0,1.890625,1.828125,1.859375,0.6617138981819153,81600
NWL,1984-03-07,0.0,1.875,1.828125,1.828125,0.6505930423736572,75200
NWL,1984-03-08,0.0,1.828125,1.75,1.75,0.6227899193763733,111200
NWL,1984-03-09,0.0,1.765625,1.75,1.765625,0.6283503770828247,62400
NWL,1984-03-12,0.0,1.78125,1.75,1.78125,0.6339114904403687,157600
NWL,1984-03-13,0.0,1.78125,1.75,1.78125,0.6339114904403687,60000
NWL,1984-03-14,0.0,1.828125,1.796875,1.796875,0.6394715905189514,62400
NWL,1984-03-15,0.0,1.796875,1.765625,1.765625,0.6283503770828247,147200
NWL,1984-03-16,0.0,1.828125,1.78125,1.78125,0.6339114904403687,104000
NWL,1984-03-19,0.0,1.8125,1.765625,1.765625,0.6283503770828247,64800
NWL,1984-03-20,0.0,1.796875,1.75,1.75,0.6227899193763733,203200
NWL,1984-03-21,0.0,1.8125,1.75,1.8125,0.6450325846672058,244800
NWL,1984-03-22,0.0,1.796875,1.765625,1.796875,0.6394715905189514,108800
NWL,1984-03-23,0.0,1.796875,1.78125,1.796875,0.6394715905189514,36800
NWL,1984-03-26,0.0,1.796875,1.765625,1.765625,0.6283503770828247,40000
NWL,1984-03-27,0.0,1.8125,1.796875,1.8125,0.6450325846672058,176000
NWL,1984-03-28,0.0,1.828125,1.796875,1.8125,0.6450325846672058,34400
NWL,1984-03-29,0.0,1.84375,1.828125,1.84375,0.6561537384986877,584000
NWL,1984-03-30,0.0,1.8125,1.8125,1.8125,0.6450325846672058,5600
NWL,1984-04-02,0.0,1.84375,1.84375,1.84375,0.6561537384986877,56800
NWL,1984-04-03,0.0,1.84375,1.828125,1.828125,0.6505930423736572,96000
NWL,1984-04-04,0.0,1.84375,1.828125,1.828125,0.6505930423736572,152800
NWL,1984-04-05,0.0,1.84375,1.828125,1.84375,0.6561537384986877,46400
NWL,1984-04-06,0.0,1.8125,1.796875,1.796875,0.6394715905189514,15200
NWL,1984-04-09,0.0,1.796875,1.796875,1.796875,0.6394715905189514,4000
NWL,1984-04-10,0.0,1.796875,1.765625,1.765625,0.6283503770828247,49600
NWL,1984-04-11,0.0,1.78125,1.765625,1.765625,0.6283503770828247,36800
NWL,1984-04-12,0.0,1.765625,1.765625,1.765625,0.6283503770828247,23200
NWL,1984-04-13,0.0,1.8125,1.765625,1.8125,0.6450325846672058,60800
NWL,1984-04-16,0.0,1.84375,1.84375,1.84375,0.6561537384986877,4800
NWL,1984-04-17,0.0,1.90625,1.828125,1.90625,0.6783963441848755,68800
NWL,1984-04-18,0.0,1.9375,1.90625,1.9375,0.6895174384117126,11200
NWL,1984-04-19,0.0,1.921875,1.90625,1.921875,0.6839568018913269,8800
NWL,1984-04-23,0.0,1.921875,1.890625,1.890625,0.6728355884552002,27200
NWL,1984-04-24,0.0,1.890625,1.890625,1.890625,0.6728355884552002,7200
NWL,1984-04-25,0.0,1.921875,1.875,1.875,0.667275071144104,156000
NWL,1984-04-26,0.0,1.90625,1.875,1.890625,0.6728355884552002,15200
NWL,1984-04-27,0.0,1.921875,1.890625,1.921875,0.6839568018913269,47200
NWL,1984-04-30,0.0,1.921875,1.890625,1.90625,0.6783963441848755,6400
NWL,1984-05-01,0.0,1.921875,1.921875,1.921875,0.6839568018913269,1600
NWL,1984-05-02,0.0,1.9375,1.921875,1.9375,0.6895174384117126,16800
NWL,1984-05-03,0.0,2.09375,1.96875,2.09375,0.7451238632202148,165600
NWL,1984-05-04,0.0,2.09375,2.0625,2.09375,0.7451238632202148,80000
NWL,1984-05-07,0.0,2.0625,2.03125,2.046875,0.7284420132637024,29600
NWL,1984-05-08,0.0,2.046875,2.0,2.015625,0.7173208594322205,33600
NWL,1984-05-09,0.0,2.03125,2.015625,2.015625,0.7173208594322205,177600
NWL,1984-05-10,0.0,2.03125,2.0,2.015625,0.7173208594322205,25600
NWL,1984-05-11,0.0,2.015625,2.0,2.0,0.7117601037025452,6400
NWL,1984-05-14,0.0,2.015625,2.0,2.0,0.7117601037025452,27200
NWL,1984-05-15,0.0,2.015625,1.984375,1.984375,0.706199586391449,23200
NWL,1984-05-16,0.0,2.0,1.984375,1.984375,0.706199586391449,40000
NWL,1984-05-17,0.0,2.0,1.984375,1.984375,0.706199586391449,32000
NWL,1984-05-18,0.0,2.0,1.984375,1.984375,0.706199586391449,27200
NWL,1984-05-21,0.0,2.0,1.984375,2.0,0.7117601037025452,513600
NWL,1984-05-22,0.0,2.0,1.984375,2.0,0.7117601037025452,84800
NWL,1984-05-23,0.0,2.0,1.984375,1.984375,0.706199586391449,112000
NWL,1984-05-24,0.0,1.96875,1.875,1.875,0.667275071144104,38400
NWL,1984-05-25,0.0,1.90625,1.84375,1.84375,0.6561537384986877,29600
NWL,1984-05-29,0.0,1.84375,1.828125,1.828125,0.6505930423736572,12800
NWL,1984-05-30,0.0,1.828125,1.828125,1.828125,0.6505930423736572,1600
NWL,1984-05-31,0.0,1.8125,1.796875,1.796875,0.6394715905189514,12000
NWL,1984-06-01,0.0,1.8125,1.796875,1.8125,0.6450325846672058,7200
NWL,1984-06-04,0.0,1.8125,1.78125,1.78125,0.6339114904403687,184000
NWL,1984-06-05,0.0,1.796875,1.78125,1.78125,0.6339114904403687,30400
NWL,1984-06-06,0.0,1.796875,1.78125,1.796875,0.6394715905189514,30400
NWL,1984-06-07,0.0,1.796875,1.78125,1.78125,0.6339114904403687,22400
NWL,1984-06-08,0.0,1.828125,1.796875,1.796875,0.6394715905189514,17600
NWL,1984-06-11,0.0,1.8125,1.75,1.75,0.6227899193763733,112000
NWL,1984-06-12,0.0,1.8125,1.75,1.78125,0.6339114904403687,64800
NWL,1984-06-13,0.0,1.8125,1.78125,1.8125,0.6450325846672058,122400
NWL,1984-06-14,0.0,1.8125,1.796875,1.8125,0.6450325846672058,143200
NWL,1984-06-15,0.0,1.8125,1.796875,1.796875,0.6394715905189514,7200
NWL,1984-06-18,0.0,1.8125,1.78125,1.78125,0.6339114904403687,91200
NWL,1984-06-19,0.0,1.796875,1.765625,1.765625,0.6283503770828247,52000
NWL,1984-06-20,0.0,1.78125,1.765625,1.78125,0.6339114904403687,32800
NWL,1984-06-21,0.0,1.8125,1.796875,1.796875,0.6394715905189514,69600
NWL,1984-06-22,0.0,1.796875,1.765625,1.78125,0.6339114904403687,41600
NWL,1984-06-25,0.0,1.765625,1.734375,1.75,0.6227899193763733,227200
NWL,1984-06-26,0.0,1.75,1.75,1.75,0.6227899193763733,6400
NWL,1984-06-27,0.0,1.78125,1.75,1.765625,0.6283503770828247,32800
NWL,1984-06-28,0.0,1.8125,1.765625,1.8125,0.6450325846672058,16000
NWL,1984-06-29,0.0,1.875,1.8125,1.875,0.667275071144104,14400
NWL,1984-07-02,0.0,1.875,1.84375,1.84375,0.6561537384986877,9600
NWL,1984-07-03,0.0,1.828125,1.828125,1.828125,0.6505930423736572,800
NWL,1984-07-05,0.0,1.828125,1.765625,1.765625,0.6283503770828247,24000
NWL,1984-07-06,0.0,1.78125,1.765625,1.765625,0.6283503770828247,14400
NWL,1984-07-09,0.0,1.8125,1.78125,1.78125,0.6339114904403687,24000
NWL,1984-07-10,0.0,1.796875,1.75,1.75,0.6227899193763733,64800
NWL,1984-07-11,0.0,1.75,1.75,1.75,0.6227899193763733,4800
NWL,1984-07-12,0.0,1.796875,1.765625,1.78125,0.6339114904403687,10400
NWL,1984-07-13,0.0,1.796875,1.765625,1.78125,0.6339114904403687,30400
NWL,1984-07-16,0.0,1.796875,1.796875,1.796875,0.6394715905189514,1600
NWL,1984-07-17,1.796875,1.796875,1.796875,1.796875,0.6394715905189514,0
NWL,1984-07-18,0.0,1.78125,1.78125,1.78125,0.6339114904403687,1600
NWL,1984-07-19,0.0,1.78125,1.78125,1.78125,0.6339114904403687,5600
NWL,1984-07-20,0.0,1.8125,1.78125,1.8125,0.6450325846672058,40800
NWL,1984-07-23,0.0,1.8125,1.765625,1.765625,0.6283503770828247,80000
NWL,1984-07-24,0.0,1.765625,1.734375,1.75,0.6227899193763733,60000
NWL,1984-07-25,0.0,1.734375,1.734375,1.734375,0.6172294020652771,64000
NWL,1984-07-26,0.0,1.78125,1.78125,1.78125,0.6339114904403687,21600
NWL,1984-07-27,0.0,1.84375,1.78125,1.84375,0.6561537384986877,155200
NWL,1984-07-30,0.0,1.890625,1.875,1.875,0.667275071144104,110400
NWL,1984-07-31,0.0,1.875,1.875,1.875,0.667275071144104,82400
NWL,1984-08-01,0.0,1.921875,1.875,1.921875,0.6839568018913269,43200
NWL,1984-08-02,0.0,1.96875,1.921875,1.9375,0.6895174384117126,127200
NWL,1984-08-03,0.0,2.03125,1.984375,2.0,0.7117601037025452,252800
NWL,1984-08-06,0.0,2.0625,2.03125,2.046875,0.7284420132637024,171200
NWL,1984-08-07,0.0,2.203125,2.03125,2.15625,0.7673670053482056,314400
NWL,1984-08-08,0.0,2.171875,2.125,2.125,0.7562453746795654,15200
NWL,1984-08-09,0.0,2.125,2.078125,2.078125,0.7395631074905396,184800
NWL,1984-08-10,0.0,2.15625,2.09375,2.125,0.7562453746795654,35200
NWL,1984-08-13,0.0,2.125,2.09375,2.125,0.7562453746795654,25600
NWL,1984-08-14,0.0,2.125,2.078125,2.109375,0.750684380531311,21600
NWL,1984-08-15,0.0,2.09375,2.0625,2.0625,0.7340027689933777,26400
NWL,1984-08-16,0.0,2.09375,2.0625,2.0625,0.7340027689933777,37600
NWL,1984-08-17,0.0,2.09375,2.0625,2.09375,0.7451238632202148,40800
NWL,1984-08-20,0.0,2.125,2.0625,2.125,0.7562453746795654,11200
NWL,1984-08-21,0.0,2.1875,2.109375,2.15625,0.7673670053482056,104800
NWL,1984-08-22,0.0,2.1875,2.140625,2.140625,0.7618057727813721,182400
NWL,1984-08-23,0.0,2.109375,2.0625,2.09375,0.7451238632202148,355200
NWL,1984-08-24,0.0,2.15625,2.125,2.15625,0.7673670053482056,85600
NWL,1984-08-27,0.0,2.1875,2.15625,2.15625,0.7673670053482056,210400
NWL,1984-08-28,0.0,2.1875,2.125,2.125,0.7562453746795654,129600
NWL,1984-08-29,0.0,2.15625,2.125,2.125,0.7562453746795654,92000
NWL,1984-08-30,0.0,2.15625,2.125,2.15625,0.7673670053482056,16000
NWL,1984-08-31,0.0,2.1875,2.15625,2.171875,0.7729270458221436,104800
NWL,1984-09-04,0.0,2.1875,2.15625,2.15625,0.7673670053482056,19200
NWL,1984-09-05,0.0,2.140625,2.109375,2.109375,0.750684380531311,43200
NWL,1984-09-06,0.0,2.140625,2.09375,2.125,0.7562453746795654,88800
NWL,1984-09-07,0.0,2.15625,2.125,2.140625,0.7618057727813721,46400
NWL,1984-09-10,0.0,2.203125,2.125,2.203125,0.7840489149093628,169600
NWL,1984-09-11,0.0,2.203125,2.171875,2.1875,0.7784873843193054,64000
NWL,1984-09-12,0.0,2.203125,2.1875,2.203125,0.7840489149093628,18400
NWL,1984-09-13,0.0,1.96875,1.859375,1.890625,0.6728355884552002,339200
NWL,1984-09-14,0.0,1.921875,1.796875,1.796875,0.6394715905189514,201600
NWL,1984-09-17,0.0,1.84375,1.796875,1.84375,0.6561537384986877,168800
NWL,1984-09-18,0.0,1.828125,1.828125,1.828125,0.6505930423736572,20000
NWL,1984-09-19,0.0,1.859375,1.828125,1.84375,0.6561537384986877,15200
NWL,1984-09-20,0.0,1.859375,1.828125,1.84375,0.6561537384986877,108800
NWL,1984-09-21,0.0,1.84375,1.8125,1.84375,0.6561537384986877,96000
NWL,1984-09-24,0.0,1.84375,1.828125,1.828125,0.6505930423736572,33600
NWL,1984-09-25,0.0,1.8125,1.765625,1.78125,0.6339114904403687,40000
NWL,1984-09-26,0.0,1.765625,1.75,1.75,0.6227899193763733,107200
NWL,1984-09-27,0.0,1.78125,1.75,1.78125,0.6339114904403687,48800
NWL,1984-09-28,0.0,1.8125,1.75,1.765625,0.6283503770828247,49600
NWL,1984-10-01,0.0,1.75,1.71875,1.71875,0.6116689443588257,62400
NWL,1984-10-02,0.0,1.734375,1.703125,1.734375,0.6172294020652771,14400
NWL,1984-10-03,0.0,1.75,1.734375,1.734375,0.6172294020652771,156800
NWL,1984-10-04,0.0,1.734375,1.734375,1.734375,0.6172294020652771,2400
NWL,1984-10-05,0.0,1.75,1.75,1.75,0.6227899193763733,20800
NWL,1984-10-08,0.0,1.75,1.75,1.75,0.6227899193763733,171200
NWL,1984-10-09,0.0,1.765625,1.734375,1.765625,0.6283503770828247,17600
NWL,1984-10-10,0.0,1.75,1.734375,1.734375,0.6172294020652771,295200
NWL,1984-10-11,0.0,1.75,1.734375,1.734375,0.6172294020652771,190400
NWL,1984-10-12,0.0,1.765625,1.734375,1.734375,0.6172294020652771,12000
NWL,1984-10-15,0.0,1.75,1.71875,1.75,0.6227899193763733,107200
NWL,1984-10-16,0.0,1.734375,1.71875,1.71875,0.6116689443588257,112800
NWL,1984-10-17,0.0,1.71875,1.71875,1.71875,0.6116689443588257,84800
NWL,1984-10-18,0.0,1.75,1.734375,1.734375,0.6172294020652771,37600
NWL,1984-10-19,0.0,1.765625,1.75,1.75,0.6227899193763733,86400
NWL,1984-10-22,0.0,1.765625,1.734375,1.734375,0.6172294020652771,68800
NWL,1984-10-23,0.0,1.734375,1.703125,1.703125,0.6061083674430847,129600
NWL,1984-10-24,0.0,1.75,1.6875,1.75,0.6227899193763733,292000
NWL,1984-10-25,0.0,1.734375,1.703125,1.703125,0.6061083674430847,161600
NWL,1984-10-26,0.0,1.703125,1.671875,1.6875,0.6005474925041199,207200
NWL,1984-10-29,0.0,1.6875,1.65625,1.65625,0.5894263386726379,181600
NWL,1984-10-30,0.0,1.6875,1.671875,1.671875,0.5949869751930237,56800
NWL,1984-10-31,0.0,1.703125,1.6875,1.703125,0.6061083674430847,94400
NWL,1984-11-01,0.0,1.71875,1.703125,1.703125,0.6061083674430847,6400
NWL,1984-11-02,0.0,1.78125,1.734375,1.78125,0.6339114904403687,450400
NWL,1984-11-05,0.0,1.796875,1.78125,1.796875,0.6394715905189514,42400
NWL,1984-11-06,0.0,1.796875,1.765625,1.796875,0.6394715905189514,82400
NWL,1984-11-07,0.0,1.796875,1.765625,1.765625,0.6283503770828247,113600
NWL,1984-11-08,0.0,1.78125,1.75,1.78125,0.6339114904403687,15200
NWL,1984-11-09,0.0,1.78125,1.765625,1.78125,0.6339114904403687,13600
NWL,1984-11-12,0.0,1.796875,1.765625,1.78125,0.6339114904403687,37600
NWL,1984-11-13,0.0,1.859375,1.8125,1.859375,0.6617138981819153,39200
NWL,1984-11-14,0.0,1.890625,1.859375,1.875,0.667275071144104,269600
NWL,1984-11-15,0.0,1.890625,1.875,1.875,0.667275071144104,42400
NWL,1984-11-16,0.0,1.921875,1.90625,1.921875,0.6839568018913269,86400
NWL,1984-11-19,0.0,1.890625,1.890625,1.890625,0.6728355884552002,15200
NWL,1984-11-20,0.0,1.890625,1.875,1.875,0.667275071144104,77600
NWL,1984-11-21,0.0,1.890625,1.890625,1.890625,0.6728355884552002,7200
NWL,1984-11-23,0.0,1.9375,1.921875,1.921875,0.6839568018913269,212000
NWL,1984-11-26,0.0,1.921875,1.90625,1.921875,0.6839568018913269,98400
NWL,1984-11-27,0.0,1.921875,1.90625,1.90625,0.6783963441848755,8800
NWL,1984-11-28,0.0,1.90625,1.890625,1.90625,0.6783963441848755,59200
NWL,1984-11-29,0.0,1.921875,1.90625,1.90625,0.6783963441848755,66400
NWL,1984-11-30,0.0,1.921875,1.90625,1.90625,0.6783963441848755,91200
NWL,1984-12-03,0.0,1.9375,1.9375,1.9375,0.6895174384117126,42400
NWL,1984-12-04,0.0,1.921875,1.90625,1.90625,0.6783963441848755,60800
NWL,1984-12-05,0.0,1.921875,1.921875,1.921875,0.6839568018913269,16000
NWL,1984-12-06,0.0,1.9375,1.90625,1.90625,0.6783963441848755,27200
NWL,1984-12-07,0.0,1.953125,1.90625,1.9375,0.6895174384117126,40000
NWL,1984-12-10,0.0,1.90625,1.859375,1.890625,0.6728355884552002,88000
NWL,1984-12-11,0.0,1.90625,1.90625,1.90625,0.6783963441848755,4800
NWL,1984-12-12,0.0,1.9375,1.90625,1.921875,0.6839568018913269,51200
NWL,1984-12-13,0.0,1.921875,1.90625,1.90625,0.6783963441848755,6400
NWL,1984-12-14,0.0,1.9375,1.9375,1.9375,0.6895174384117126,7200
NWL,1984-12-17,0.0,1.9375,1.9375,1.9375,0.6895174384117126,72800
NWL,1984-12-18,0.0,1.96875,1.921875,1.96875,0.7006393074989319,24000
NWL,1984-12-19,0.0,1.984375,1.9375,1.9375,0.6895174384117126,60000
NWL,1984-12-20,0.0,1.9375,1.9375,1.9375,0.6895174384117126,3200
NWL,1984-12-21,0.0,1.953125,1.9375,1.9375,0.6895174384117126,44000
NWL,1984-12-24,0.0,1.9375,1.9375,1.9375,0.6895174384117126,6400
NWL,1984-12-26,0.0,1.9375,1.9375,1.9375,0.6895174384117126,12800
NWL,1984-12-27,0.0,1.9375,1.9375,1.9375,0.6895174384117126,35200
NWL,1984-12-28,0.0,1.953125,1.9375,1.9375,0.6895174384117126,12000
NWL,1984-12-31,0.0,1.953125,1.9375,1.953125,0.6950778961181641,45600
NWL,1985-01-02,0.0,1.9375,1.9375,1.9375,0.6895174384117126,10400
NWL,1985-01-03,0.0,1.953125,1.9375,1.953125,0.6950778961181641,5600
NWL,1985-01-04,0.0,1.953125,1.953125,1.953125,0.6950778961181641,11200
NWL,1985-01-07,0.0,1.953125,1.9375,1.953125,0.6950778961181641,7200
NWL,1985-01-08,0.0,1.9375,1.90625,1.921875,0.6839568018913269,28800
NWL,1985-01-09,0.0,1.921875,1.90625,1.921875,0.6839568018913269,6400
NWL,1985-01-10,0.0,1.890625,1.890625,1.890625,0.6728355884552002,11200
NWL,1985-01-11,0.0,1.9375,1.9375,1.9375,0.6895174384117126,14400
NWL,1985-01-14,0.0,1.953125,1.9375,1.953125,0.6950778961181641,37600
NWL,1985-01-15,0.0,1.984375,1.96875,1.96875,0.7006393074989319,69600
NWL,1985-01-16,0.0,2.0,1.96875,2.0,0.7117601037025452,410400
NWL,1985-01-17,0.0,2.109375,2.03125,2.109375,0.750684380531311,92000
NWL,1985-01-18,0.0,2.171875,2.109375,2.125,0.7562453746795654,214400
NWL,1985-01-21,0.0,2.15625,2.125,2.15625,0.7673670053482056,133600
NWL,1985-01-22,0.0,2.234375,2.15625,2.1875,0.7784873843193054,123200
NWL,1985-01-23,0.0,2.25,2.203125,2.25,0.8007298111915588,312800
NWL,1985-01-24,0.0,2.359375,2.265625,2.359375,0.8396545648574829,114400
NWL,1985-01-25,0.0,2.359375,2.34375,2.359375,0.8396545648574829,60000
NWL,1985-01-28,0.0,2.34375,2.296875,2.3125,0.8229726552963257,138400
NWL,1985-01-29,0.0,2.296875,2.25,2.28125,0.8118510842323303,106400
NWL,1985-01-30,0.0,2.34375,2.296875,2.328125,0.8285332322120667,59200
NWL,1985-01-31,0.0,2.328125,2.328125,2.328125,0.8285332322120667,90400
NWL,1985-02-01,0.0,2.328125,2.3125,2.3125,0.8229726552963257,66400
NWL,1985-02-04,0.0,2.3125,2.28125,2.3125,0.8229726552963257,59200
NWL,1985-02-05,0.0,2.3125,2.28125,2.28125,0.8118510842323303,62400
NWL,1985-02-06,0.0,2.34375,2.296875,2.328125,0.8285332322120667,88000
NWL,1985-02-07,0.0,2.328125,2.296875,2.296875,0.8174121975898743,24000
NWL,1985-02-08,0.0,2.34375,2.3125,2.3125,0.8229726552963257,44000
NWL,1985-02-11,0.0,2.34375,2.3125,2.3125,0.8229726552963257,38400
NWL,1985-02-12,0.0,2.34375,2.3125,2.3125,0.8229726552963257,36000
NWL,1985-02-13,0.0,2.328125,2.3125,2.3125,0.8229726552963257,20000
NWL,1985-02-14,0.0,2.359375,2.28125,2.28125,0.8118510842323303,140000
NWL,1985-02-15,0.0,2.28125,2.21875,2.21875,0.7896088361740112,56000
NWL,1985-02-19,0.0,2.25,2.234375,2.234375,0.7951698303222656,39200
NWL,1985-02-20,0.0,2.234375,2.203125,2.203125,0.7840489149093628,27200
NWL,1985-02-21,0.0,2.234375,2.203125,2.21875,0.7896088361740112,9600
NWL,1985-02-22,0.0,2.234375,2.1875,2.203125,0.7840489149093628,156000
NWL,1985-02-25,0.0,2.203125,2.1875,2.203125,0.7840489149093628,8800
NWL,1985-02-26,0.0,2.234375,2.15625,2.234375,0.7951698303222656,60800
NWL,1985-02-27,0.0,2.265625,2.21875,2.265625,0.8062907457351685,88800
NWL,1985-02-28,0.0,2.25,2.25,2.25,0.8007298111915588,9600
NWL,1985-03-01,0.0,2.296875,2.28125,2.28125,0.8118510842323303,78400
NWL,1985-03-04,0.0,2.28125,2.25,2.265625,0.8062907457351685,54400
NWL,1985-03-05,0.0,2.34375,2.28125,2.328125,0.8285332322120667,56800
NWL,1985-03-06,0.0,2.34375,2.328125,2.328125,0.8285332322120667,92000
NWL,1985-03-07,0.0,2.359375,2.34375,2.359375,0.8396545648574829,14400
NWL,1985-03-08,0.0,2.375,2.34375,2.375,0.8452149629592896,82400
NWL,1985-03-11,0.0,2.375,2.375,2.375,0.8452149629592896,64800
NWL,1985-03-12,0.0,2.375,2.359375,2.359375,0.8396545648574829,153600
NWL,1985-03-13,0.0,2.375,2.34375,2.359375,0.8396545648574829,24800
NWL,1985-03-14,0.0,2.3125,2.28125,2.296875,0.8174121975898743,80800
NWL,1985-03-15,0.0,2.28125,2.28125,2.28125,0.8118510842323303,1600
NWL,1985-03-18,0.0,2.28125,2.28125,2.28125,0.8118510842323303,158400
NWL,1985-03-19,0.0,2.3125,2.28125,2.3125,0.8229726552963257,44000
NWL,1985-03-20,0.0,2.34375,2.296875,2.328125,0.8285332322120667,94400
NWL,1985-03-21,0.0,2.328125,2.265625,2.265625,0.8062907457351685,114400
NWL,1985-03-22,0.0,2.265625,2.203125,2.203125,0.7840489149093628,74400
NWL,1985-03-25,0.0,2.203125,2.15625,2.171875,0.7729270458221436,60800
NWL,1985-03-26,0.0,2.203125,2.171875,2.171875,0.7729270458221436,20000
NWL,1985-03-27,0.0,2.15625,2.125,2.125,0.7562453746795654,185600
NWL,1985-03-28,0.0,2.109375,2.078125,2.078125,0.7395631074905396,37600
NWL,1985-03-29,0.0,2.09375,2.0625,2.0625,0.7340027689933777,115200
NWL,1985-04-01,0.0,2.0625,2.0625,2.0625,0.7340027689933777,26400
NWL,1985-04-02,0.0,2.0625,2.046875,2.0625,0.7340027689933777,80000
NWL,1985-04-03,0.0,2.09375,2.0625,2.0625,0.7340027689933777,131200
NWL,1985-04-04,0.0,2.078125,2.0625,2.0625,0.7340027689933777,5600
NWL,1985-04-08,0.0,2.09375,2.0625,2.09375,0.7451238632202148,8000
NWL,1985-04-09,0.0,2.0625,2.03125,2.03125,0.7228811383247375,28800
NWL,1985-04-10,0.0,2.03125,1.953125,1.953125,0.6950778961181641,46400
NWL,1985-04-11,0.0,1.96875,1.921875,1.921875,0.6839568018913269,37600
NWL,1985-04-12,0.0,1.96875,1.9375,1.9375,0.6895174384117126,66400
NWL,1985-04-15,0.0,1.9375,1.9375,1.9375,0.6895174384117126,12800
NWL,1985-04-16,0.0,1.96875,1.9375,1.96875,0.7006393074989319,36000
NWL,1985-04-17,0.0,1.984375,1.96875,1.984375,0.706199586391449,7200
NWL,1985-04-18,0.0,1.96875,1.96875,1.96875,0.7006393074989319,12000
NWL,1985-04-19,0.0,1.984375,1.96875,1.984375,0.706199586391449,9600
NWL,1985-04-22,0.0,1.96875,1.96875,1.96875,0.7006393074989319,28000
NWL,1985-04-23,0.0,1.984375,1.96875,1.984375,0.706199586391449,60800
NWL,1985-04-24,0.0,2.03125,2.0,2.0,0.7117601037025452,58400
NWL,1985-04-25,0.0,2.0,1.984375,2.0,0.7117601037025452,41600
NWL,1985-04-26,0.0,2.046875,2.03125,2.03125,0.7228811383247375,30400
NWL,1985-04-29,0.0,2.03125,2.015625,2.03125,0.7228811383247375,87200
NWL,1985-04-30,0.0,2.0,2.0,2.0,0.7117601037025452,193600
NWL,1985-05-01,0.0,1.984375,1.96875,1.96875,0.7006393074989319,87200
NWL,1985-05-02,0.0,1.984375,1.984375,1.984375,0.706199586391449,1600
NWL,1985-05-03,0.0,1.984375,1.984375,1.984375,0.706199586391449,18400
NWL,1985-05-06,0.0,2.03125,2.0,2.0,0.7117601037025452,20000
NWL,1985-05-07,0.0,1.984375,1.984375,1.984375,0.706199586391449,1600
NWL,1985-05-08,0.0,2.0,1.984375,1.984375,0.706199586391449,52800
NWL,1985-05-09,0.0,2.015625,1.984375,1.984375,0.706199586391449,84000
NWL,1985-05-10,0.0,2.0,2.0,2.0,0.7117601037025452,18400
NWL,1985-05-13,0.0,2.0,1.96875,1.96875,0.7006393074989319,88000
NWL,1985-05-14,0.0,1.96875,1.9375,1.9375,0.6895174384117126,80000
NWL,1985-05-15,0.0,1.9375,1.90625,1.9375,0.6895174384117126,185600
NWL,1985-05-16,0.0,1.921875,1.921875,1.921875,0.6839568018913269,4800
NWL,1985-05-17,0.0,2.0,1.9375,2.0,0.7117601037025452,60800
NWL,1985-05-20,0.0,2.0,1.984375,2.0,0.7117601037025452,18400
NWL,1985-05-21,0.0,2.0,1.984375,1.984375,0.706199586391449,158400
NWL,1985-05-22,0.0,2.0,1.984375,1.984375,0.706199586391449,8800
NWL,1985-05-23,0.0,2.0,2.0,2.0,0.7117601037025452,134400
NWL,1985-05-24,0.0,2.0,2.0,2.0,0.7117601037025452,16000
NWL,1985-05-28,0.0,2.03125,2.0,2.015625,0.7173208594322205,110400
NWL,1985-05-29,0.0,2.03125,2.0,2.0,0.7117601037025452,12800
NWL,1985-05-30,0.0,2.0,2.0,2.0,0.7117601037025452,13600
NWL,1985-05-31,0.0,2.015625,2.0,2.015625,0.7173208594322205,53600
NWL,1985-06-03,0.0,2.0,1.984375,2.0,0.7117601037025452,317600
NWL,1985-06-04,0.0,2.0,1.984375,2.0,0.7117601037025452,136000
NWL,1985-06-05,0.0,2.015625,2.0,2.0,0.7117601037025452,104000
NWL,1985-06-06,0.0,2.0,2.0,2.0,0.7117601037025452,23200
NWL,1985-06-07,0.0,2.0,1.984375,1.984375,0.706199586391449,61600
NWL,1985-06-10,0.0,1.984375,1.96875,1.96875,0.7006393074989319,47200
NWL,1985-06-11,0.0,1.984375,1.96875,1.96875,0.7006393074989319,48800
NWL,1985-06-12,0.0,1.96875,1.953125,1.96875,0.7006393074989319,64000
NWL,1985-06-13,0.0,1.953125,1.90625,1.90625,0.6783963441848755,154400
NWL,1985-06-14,0.0,1.953125,1.90625,1.953125,0.6950778961181641,72000
NWL,1985-06-17,0.0,1.984375,1.921875,1.921875,0.6839568018913269,41600
NWL,1985-06-18,0.0,1.921875,1.921875,1.921875,0.6839568018913269,800
NWL,1985-06-19,0.0,1.921875,1.90625,1.90625,0.6783963441848755,36000
NWL,1985-06-20,0.0,1.890625,1.890625,1.890625,0.6728355884552002,20800
NWL,1985-06-21,0.0,1.921875,1.90625,1.90625,0.6783963441848755,16000
NWL,1985-06-24,0.0,1.9375,1.90625,1.9375,0.6895174384117126,103200
NWL,1985-06-25,0.0,1.953125,1.953125,1.953125,0.6950778961181641,2400
NWL,1985-06-26,0.0,1.953125,1.90625,1.953125,0.6950778961181641,30400
NWL,1985-06-27,0.0,2.0,1.96875,2.0,0.7117601037025452,98400
NWL,1985-06-28,0.0,2.03125,2.0,2.03125,0.7228811383247375,10400
NWL,1985-07-01,0.0,2.125,2.046875,2.125,0.7562453746795654,27200
NWL,1985-07-02,0.0,2.328125,2.28125,2.28125,0.8118510842323303,260000
NWL,1985-07-03,0.0,2.28125,2.234375,2.234375,0.7951698303222656,25600
NWL,1985-07-05,0.0,2.265625,2.1875,2.1875,0.7784873843193054,44000
NWL,1985-07-08,0.0,2.171875,2.15625,2.15625,0.7673670053482056,15200
NWL,1985-07-09,0.0,2.140625,2.125,2.125,0.7562453746795654,45600
NWL,1985-07-10,0.0,2.15625,2.140625,2.15625,0.7673670053482056,22400
NWL,1985-07-11,0.0,2.1875,2.15625,2.1875,0.7784873843193054,44800
NWL,1985-07-12,0.0,2.21875,2.203125,2.203125,0.7840489149093628,4000
NWL,1985-07-15,0.0,2.1875,2.15625,2.1875,0.7784873843193054,100000
NWL,1985-07-16,0.0,2.234375,2.171875,2.234375,0.7951698303222656,80000
NWL,1985-07-17,0.0,2.234375,2.21875,2.234375,0.7951698303222656,15200
NWL,1985-07-18,0.0,2.203125,2.1875,2.1875,0.7784873843193054,7200
NWL,1985-07-19,0.0,2.203125,2.15625,2.203125,0.7840489149093628,73600
NWL,1985-07-22,0.0,2.171875,2.15625,2.15625,0.7673670053482056,12800
NWL,1985-07-23,0.0,2.25,2.171875,2.21875,0.7896088361740112,41600
NWL,1985-07-24,0.0,2.234375,2.171875,2.234375,0.7951698303222656,76800
NWL,1985-07-25,0.0,2.25,2.203125,2.25,0.8007298111915588,96800
NWL,1985-07-26,0.0,2.265625,2.234375,2.25,0.8007298111915588,11200
NWL,1985-07-29,0.0,2.21875,2.203125,2.203125,0.7840489149093628,11200
NWL,1985-07-30,0.0,2.1875,2.171875,2.171875,0.7729270458221436,4800
NWL,1985-07-31,0.0,2.1875,2.15625,2.15625,0.7673670053482056,12800
NWL,1985-08-01,0.0,2.125,2.09375,2.109375,0.750684380531311,46400
NWL,1985-08-02,0.0,2.109375,2.046875,2.046875,0.7284420132637024,28800
NWL,1985-08-05,0.0,2.046875,1.984375,2.03125,0.7228811383247375,188800
NWL,1985-08-06,0.0,2.03125,2.015625,2.015625,0.7173208594322205,88800
NWL,1985-08-07,0.0,2.015625,1.984375,1.984375,0.706199586391449,10400
NWL,1985-08-08,0.0,2.0,1.984375,2.0,0.7117601037025452,171200
NWL,1985-08-09,0.0,2.0,2.0,2.0,0.7117601037025452,21600
NWL,1985-08-12,0.0,1.984375,1.984375,1.984375,0.706199586391449,9600
NWL,1985-08-13,0.0,1.96875,1.953125,1.953125,0.6950778961181641,40800
NWL,1985-08-14,0.0,2.03125,1.953125,2.03125,0.7228811383247375,24800
NWL,1985-08-15,0.0,2.0625,2.0625,2.0625,0.7340027689933777,21600
NWL,1985-08-16,0.0,2.0625,2.015625,2.015625,0.7173208594322205,130400
NWL,1985-08-19,0.0,2.015625,2.0,2.0,0.7117601037025452,65600
NWL,1985-08-20,0.0,2.0,1.984375,1.984375,0.706199586391449,4800
NWL,1985-08-21,0.0,2.015625,1.96875,2.015625,0.7173208594322205,80800
NWL,1985-08-22,0.0,2.03125,2.0,2.0,0.7117601037025452,56000
NWL,1985-08-23,0.0,2.0,2.0,2.0,0.7117601037025452,800
NWL,1985-08-26,0.0,2.015625,2.0,2.015625,0.7173208594322205,22400
NWL,1985-08-27,0.0,2.046875,2.015625,2.046875,0.7284420132637024,78400
NWL,1985-08-28,2.046875,2.046875,2.046875,2.046875,0.7284420132637024,0
NWL,1985-08-29,0.0,2.078125,2.03125,2.0625,0.7340027689933777,44000
NWL,1985-08-30,0.0,2.109375,2.0625,2.109375,0.750684380531311,37600
NWL,1985-09-03,0.0,2.109375,2.078125,2.09375,0.7451238632202148,20000
NWL,1985-09-04,0.0,2.09375,2.078125,2.09375,0.7451238632202148,29600
NWL,1985-09-05,0.0,2.09375,2.09375,2.09375,0.7451238632202148,32800
NWL,1985-09-06,0.0,2.109375,2.0625,2.078125,0.7395631074905396,15200
NWL,1985-09-09,0.0,2.15625,2.109375,2.15625,0.7673670053482056,96000
NWL,1985-09-10,0.0,2.15625,2.046875,2.046875,0.7284420132637024,75200
NWL,1985-09-11,0.0,2.078125,2.03125,2.0625,0.7340027689933777,13600
NWL,1985-09-12,0.0,2.078125,2.0625,2.0625,0.7340027689933777,70400
NWL,1985-09-13,0.0,2.0625,2.0625,2.0625,0.7340027689933777,54400
NWL,1985-09-16,0.0,2.078125,2.078125,2.078125,0.7395631074905396,2400
NWL,1985-09-17,0.0,2.109375,2.078125,2.078125,0.7395631074905396,10400
NWL,1985-09-18,0.0,2.09375,2.03125,2.03125,0.7228811383247375,26400
NWL,1985-09-19,0.0,2.046875,2.046875,2.046875,0.7284420132637024,10400
NWL,1985-09-20,0.0,2.109375,2.046875,2.078125,0.7395631074905396,107200
NWL,1985-09-23,0.0,2.09375,2.046875,2.046875,0.7284420132637024,264800
NWL,1985-09-24,0.0,2.046875,2.03125,2.03125,0.7228811383247375,10400
NWL,1985-09-25,0.0,2.078125,2.046875,2.046875,0.7284420132637024,13600
NWL,1985-09-26,0.0,2.078125,2.0625,2.078125,0.7395631074905396,23200
NWL,1985-09-30,0.0,2.0625,2.046875,2.046875,0.7284420132637024,63200
NWL,1985-10-01,0.0,2.078125,2.046875,2.0625,0.7340027689933777,15200
NWL,1985-10-02,0.0,2.109375,2.046875,2.109375,0.750684380531311,58400
NWL,1985-10-03,0.0,2.171875,2.140625,2.171875,0.7729270458221436,30400
NWL,1985-10-04,0.0,2.1875,2.15625,2.15625,0.7673670053482056,123200
NWL,1985-10-07,0.0,2.140625,2.140625,2.140625,0.7618057727813721,7200
NWL,1985-10-08,0.0,2.171875,2.140625,2.15625,0.7673670053482056,27200
NWL,1985-10-09,0.0,2.171875,2.171875,2.171875,0.7729270458221436,16000
NWL,1985-10-10,0.0,2.25,2.15625,2.25,0.8007298111915588,130400
NWL,1985-10-11,0.0,2.25,2.203125,2.234375,0.7951698303222656,64000
NWL,1985-10-14,0.0,2.234375,2.203125,2.234375,0.7951698303222656,4800
NWL,1985-10-15,0.0,2.203125,2.1875,2.1875,0.7784873843193054,32000
NWL,1985-10-16,0.0,2.25,2.140625,2.25,0.8007298111915588,459200
NWL,1985-10-17,0.0,2.234375,2.234375,2.234375,0.7951698303222656,5600
NWL,1985-10-18,0.0,2.34375,2.234375,2.34375,0.8340938687324524,183200
NWL,1985-10-21,0.0,2.484375,2.375,2.484375,0.884139358997345,128800
NWL,1985-10-22,0.0,2.53125,2.484375,2.484375,0.884139358997345,272000
NWL,1985-10-23,0.0,2.5,2.46875,2.5,0.8896995186805725,127200
NWL,1985-10-24,0.0,2.53125,2.484375,2.53125,0.9008214473724364,72800
NWL,1985-10-25,0.0,2.53125,2.515625,2.515625,0.8952608108520508,28800
NWL,1985-10-28,0.0,2.515625,2.5,2.5,0.8896995186805725,111200
NWL,1985-10-29,0.0,2.5,2.4375,2.453125,0.8730185627937317,205600
NWL,1985-10-30,0.0,2.4375,2.421875,2.421875,0.8618970513343811,37600
NWL,1985-10-31,0.0,2.46875,2.421875,2.4375,0.8674575090408325,86400
NWL,1985-11-01,0.0,2.5,2.4375,2.5,0.8896995186805725,48000
NWL,1985-11-04,0.0,2.59375,2.484375,2.578125,0.9175028800964355,92800
NWL,1985-11-05,0.0,2.609375,2.53125,2.5625,0.9119425415992736,74400
NWL,1985-11-06,0.0,2.5625,2.53125,2.5625,0.9119425415992736,99200
NWL,1985-11-07,0.0,2.578125,2.53125,2.578125,0.9175028800964355,212800
NWL,1985-11-08,0.0,2.578125,2.53125,2.578125,0.9175028800964355,93600
NWL,1985-11-11,0.0,2.578125,2.5625,2.578125,0.9175028800964355,100800
NWL,1985-11-12,0.0,2.65625,2.59375,2.625,0.9341850876808168,588800
NWL,1985-11-13,0.0,2.6875,2.640625,2.65625,0.9453058242797852,224800
NWL,1985-11-14,0.0,2.71875,2.65625,2.71875,0.967548966407776,117600
NWL,1985-11-15,0.0,2.75,2.6875,2.75,0.9786705374717712,29600
NWL,1985-11-18,0.0,2.75,2.734375,2.734375,0.973109483718872,22400
NWL,1985-11-19,0.0,2.765625,2.734375,2.765625,0.9842305183410645,90400
NWL,1985-11-20,0.0,2.78125,2.765625,2.765625,0.9842305183410645,18400
NWL,1985-11-21,0.0,2.796875,2.765625,2.796875,0.9953519701957704,137600
NWL,1985-11-22,0.0,2.796875,2.78125,2.796875,0.9953519701957704,215200
NWL,1985-11-25,0.0,2.78125,2.71875,2.71875,0.967548966407776,37600
NWL,1985-11-26,0.0,2.71875,2.6875,2.71875,0.967548966407776,163200
NWL,1985-11-27,0.0,2.8125,2.71875,2.71875,0.967548966407776,313600
NWL,1985-11-29,0.0,2.78125,2.75,2.78125,0.9897909164428712,259200
NWL,1985-12-02,0.0,2.8125,2.765625,2.78125,0.9897909164428712,199200
NWL,1985-12-03,0.0,2.78125,2.75,2.765625,0.9842305183410645,119200
NWL,1985-12-04,0.0,2.8125,2.703125,2.734375,0.973109483718872,216000
NWL,1985-12-05,0.0,2.796875,2.75,2.796875,0.9953519701957704,55200
NWL,1985-12-06,0.0,2.796875,2.75,2.75,0.9786705374717712,99200
NWL,1985-12-09,0.0,2.78125,2.703125,2.75,0.9786705374717712,76800
NWL,1985-12-10,0.0,2.78125,2.703125,2.703125,0.9619879722595216,29600
NWL,1985-12-11,0.0,2.75,2.6875,2.75,0.9786705374717712,37600
NWL,1985-12-12,0.0,2.765625,2.71875,2.71875,0.967548966407776,29600
NWL,1985-12-13,0.0,2.796875,2.75,2.796875,0.9953519701957704,80800
NWL,1985-12-16,0.0,2.828125,2.8125,2.828125,1.0064736604690552,62400
NWL,1985-12-17,0.0,2.828125,2.796875,2.796875,0.9953519701957704,36000
NWL,1985-12-18,0.0,2.8125,2.765625,2.765625,0.9842305183410645,21600
NWL,1985-12-19,0.0,2.8125,2.765625,2.765625,0.9842305183410645,36000
NWL,1985-12-20,0.0,2.8125,2.765625,2.8125,1.0009135007858276,46400
NWL,1985-12-23,0.0,2.828125,2.765625,2.765625,0.9842305183410645,52000
NWL,1985-12-24,0.0,2.765625,2.671875,2.671875,0.9508664608001708,265600
NWL,1985-12-26,0.0,2.6875,2.640625,2.6875,0.9564281702041626,59200
NWL,1985-12-27,0.0,2.703125,2.671875,2.6875,0.9564281702041626,54400
NWL,1985-12-30,0.0,2.734375,2.671875,2.734375,0.973109483718872,120000
NWL,1985-12-31,0.0,2.78125,2.734375,2.765625,0.9842305183410645,68000
NWL,1986-01-02,0.0,2.796875,2.75,2.765625,0.9842305183410645,58400
NWL,1986-01-03,0.0,2.796875,2.765625,2.78125,0.9897909164428712,36000
NWL,1986-01-06,0.0,2.78125,2.75,2.75,0.9786705374717712,87200
NWL,1986-01-07,0.0,2.78125,2.734375,2.765625,0.9842305183410645,60800
NWL,1986-01-08,0.0,2.78125,2.734375,2.75,0.9786705374717712,59200
NWL,1986-01-09,0.0,2.734375,2.6875,2.6875,0.9564281702041626,222400
NWL,1986-01-10,0.0,2.71875,2.625,2.625,0.9341850876808168,147200
NWL,1986-01-13,0.0,2.6875,2.640625,2.671875,0.9508664608001708,120000
NWL,1986-01-14,0.0,2.6875,2.640625,2.65625,0.9453058242797852,40800
NWL,1986-01-15,0.0,2.734375,2.671875,2.703125,0.9619879722595216,94400
NWL,1986-01-16,0.0,2.75,2.6875,2.75,0.9786705374717712,154400
NWL,1986-01-17,0.0,2.8125,2.734375,2.8125,1.0009135007858276,95200
NWL,1986-01-20,0.0,2.8125,2.765625,2.796875,0.9953519701957704,34400
NWL,1986-01-21,0.0,2.8125,2.796875,2.8125,1.0009135007858276,8800
NWL,1986-01-22,0.0,2.796875,2.765625,2.796875,0.9953519701957704,21600
NWL,1986-01-23,0.0,2.828125,2.78125,2.796875,0.9953519701957704,43200
NWL,1986-01-24,0.0,2.84375,2.796875,2.8125,1.0009135007858276,36800
NWL,1986-01-27,0.0,2.953125,2.859375,2.90625,1.0342761278152466,237600
NWL,1986-01-28,0.0,3.046875,2.90625,3.046875,1.0843220949172974,357600
NWL,1986-01-29,0.0,3.125,3.0,3.078125,1.0954433679580688,292800
NWL,1986-01-30,0.0,3.21875,3.09375,3.171875,1.128807783126831,156000
NWL,1986-01-31,0.0,3.375,3.1875,3.375,1.2010949850082395,108000
NWL,1986-02-03,0.0,3.53125,3.375,3.40625,1.2122167348861694,376000
NWL,1986-02-04,0.0,3.40625,3.28125,3.28125,1.1677312850952148,56800
NWL,1986-02-05,0.0,3.25,3.09375,3.125,1.1121251583099363,268800
NWL,1986-02-06,0.0,3.265625,3.15625,3.25,1.156610131263733,56800
NWL,1986-02-07,0.0,3.34375,3.25,3.34375,1.1899739503860474,128000
NWL,1986-02-10,0.0,3.3125,3.25,3.3125,1.178852677345276,120000
NWL,1986-02-11,0.0,3.390625,3.34375,3.390625,1.2066564559936523,85600
NWL,1986-02-12,0.0,3.40625,3.3125,3.40625,1.2122167348861694,150400
NWL,1986-02-13,0.0,3.390625,3.34375,3.34375,1.1899739503860474,44000
NWL,1986-02-14,0.0,3.46875,3.3125,3.46875,1.2344588041305542,285600
NWL,1986-02-18,0.0,3.46875,3.40625,3.4375,1.2233378887176514,240000
NWL,1986-02-19,0.0,3.46875,3.359375,3.375,1.2010949850082395,67200
NWL,1986-02-20,0.0,3.546875,3.375,3.546875,1.262261986732483,272000
NWL,1986-02-21,0.0,3.65625,3.515625,3.640625,1.2956258058547974,527200
NWL,1986-02-24,0.0,3.71875,3.625,3.65625,1.3011860847473145,324000
NWL,1986-02-25,0.0,3.703125,3.5625,3.59375,1.2789431810379028,251200
NWL,1986-02-26,0.0,3.640625,3.578125,3.59375,1.2789431810379028,94400
NWL,1986-02-27,0.0,3.640625,3.578125,3.640625,1.2956258058547974,70400
NWL,1986-02-28,0.0,3.65625,3.578125,3.640625,1.2956258058547974,225600
NWL,1986-03-03,0.0,3.71875,3.640625,3.6875,1.3123074769973757,156800
NWL,1986-03-04,0.0,3.71875,3.65625,3.6875,1.3123074769973757,104000
NWL,1986-03-05,0.0,3.6875,3.625,3.625,1.2900651693344116,67200
NWL,1986-03-06,0.0,3.65625,3.578125,3.609375,1.2845041751861572,159200
NWL,1986-03-07,0.0,3.625,3.59375,3.609375,1.2845041751861572,2370400
NWL,1986-03-10,0.0,3.640625,3.5625,3.625,1.2900651693344116,674400
NWL,1986-03-11,0.0,3.671875,3.59375,3.671875,1.3067471981048584,587200
NWL,1986-03-12,0.0,3.75,3.640625,3.75,1.334550142288208,973600
NWL,1986-03-13,0.0,3.71875,3.65625,3.65625,1.3011860847473145,289600
NWL,1986-03-14,0.0,3.703125,3.640625,3.65625,1.3011860847473145,282400
NWL,1986-03-17,0.0,3.65625,3.5625,3.65625,1.3011860847473145,343200
NWL,1986-03-18,0.0,3.640625,3.5625,3.59375,1.2789431810379028,261600
NWL,1986-03-19,0.0,3.625,3.578125,3.609375,1.2845041751861572,51200
NWL,1986-03-20,0.0,3.609375,3.578125,3.609375,1.2845041751861572,48800
NWL,1986-03-21,0.0,3.71875,3.578125,3.703125,1.3178685903549194,576000
NWL,1986-03-24,0.0,3.703125,3.640625,3.640625,1.2956258058547974,164000
NWL,1986-03-25,0.0,3.671875,3.5625,3.625,1.2900651693344116,131200
NWL,1986-03-26,0.0,3.6875,3.625,3.625,1.2900651693344116,183200
NWL,1986-03-27,0.0,3.734375,3.65625,3.703125,1.3178685903549194,452000
NWL,1986-03-31,0.0,3.75,3.703125,3.71875,1.3234277963638306,216800
NWL,1986-04-01,0.0,3.84375,3.71875,3.78125,1.3456711769104004,504000
NWL,1986-04-02,0.0,3.875,3.765625,3.859375,1.3734747171401978,642400
NWL,1986-04-03,0.0,3.875,3.796875,3.796875,1.3512312173843384,280800
NWL,1986-04-04,0.0,3.8125,3.75,3.75,1.334550142288208,228800
NWL,1986-04-07,0.0,3.765625,3.671875,3.71875,1.3234277963638306,187200
NWL,1986-04-08,0.0,3.78125,3.71875,3.75,1.334550142288208,216000
NWL,1986-04-09,0.0,3.765625,3.6875,3.734375,1.32899010181427,428800
NWL,1986-04-10,0.0,3.734375,3.65625,3.703125,1.3178685903549194,142400
NWL,1986-04-11,0.0,3.703125,3.609375,3.640625,1.2956258058547974,67200
NWL,1986-04-14,0.0,3.703125,3.59375,3.703125,1.3178685903549194,104000
NWL,1986-04-15,0.0,3.75,3.6875,3.75,1.334550142288208,133600
NWL,1986-04-16,0.0,3.875,3.71875,3.84375,1.3679136037826538,360000
NWL,1986-04-17,0.0,3.953125,3.796875,3.8125,1.356792688369751,188800
NWL,1986-04-18,0.0,3.9375,3.828125,3.890625,1.38459575176239,125600
NWL,1986-04-21,0.0,3.9375,3.875,3.9375,1.4012786149978638,392800
NWL,1986-04-22,0.0,3.984375,3.921875,3.9375,1.4012786149978638,210400
NWL,1986-04-23,0.0,3.96875,3.90625,3.9375,1.4012786149978638,350400
NWL,1986-04-24,0.0,4.09375,3.921875,4.0625,1.445762276649475,208800
NWL,1986-04-25,0.0,4.109375,4.03125,4.078125,1.4513238668441772,351200
NWL,1986-04-28,0.0,4.140625,4.078125,4.078125,1.4513238668441772,59200
NWL,1986-04-29,0.0,4.0625,4.015625,4.0625,1.445762276649475,212800
NWL,1986-04-30,0.0,4.0625,3.96875,3.96875,1.412399172782898,205600
NWL,1986-05-01,0.0,3.9375,3.890625,3.90625,1.390155792236328,53600
NWL,1986-05-02,0.0,3.953125,3.875,3.953125,1.406838059425354,97600
NWL,1986-05-05,0.0,3.984375,3.953125,3.984375,1.4179601669311523,146400
NWL,1986-05-06,0.0,4.0625,3.953125,4.0625,1.445762276649475,228800
NWL,1986-05-07,0.0,4.0625,4.015625,4.015625,1.429080605506897,62400
NWL,1986-05-08,0.0,4.046875,4.015625,4.015625,1.429080605506897,91200
NWL,1986-05-09,0.0,4.046875,4.015625,4.046875,1.4402016401290894,55200
NWL,1986-05-12,0.0,4.0625,4.015625,4.046875,1.4402016401290894,196000
NWL,1986-05-13,0.0,4.078125,4.03125,4.0625,1.445762276649475,157600
NWL,1986-05-14,0.0,4.0625,4.015625,4.046875,1.4402016401290894,81600
NWL,1986-05-15,0.0,4.078125,4.03125,4.046875,1.4402016401290894,126400
NWL,1986-05-16,0.0,4.125,4.046875,4.125,1.4680055379867554,282400
NWL,1986-05-19,0.0,4.15625,4.046875,4.15625,1.479126214981079,148000
NWL,1986-05-20,0.0,4.140625,4.09375,4.125,1.4680055379867554,208000
NWL,1986-05-21,0.0,4.125,4.0625,4.0625,1.445762276649475,292000
NWL,1986-05-22,0.0,4.078125,4.046875,4.078125,1.4513238668441772,254400
NWL,1986-05-23,0.0,4.078125,3.96875,4.03125,1.434641718864441,268800
NWL,1986-05-27,0.0,4.0625,4.015625,4.046875,1.4402016401290894,127200
NWL,1986-05-28,0.0,4.140625,4.03125,4.140625,1.473565697669983,268000
NWL,1986-05-29,0.0,4.203125,4.09375,4.171875,1.4846869707107544,248800
NWL,1986-05-30,0.0,4.15625,4.125,4.125,1.4680055379867554,97600
NWL,1986-06-02,0.0,4.15625,4.03125,4.078125,1.4513238668441772,97600
NWL,1986-06-03,0.0,4.078125,4.03125,4.078125,1.4513238668441772,46400
NWL,1986-06-04,0.0,4.0625,4.03125,4.046875,1.4402016401290894,80800
NWL,1986-06-05,0.0,4.078125,4.015625,4.046875,1.4402016401290894,96800
NWL,1986-06-06,0.0,4.125,4.03125,4.078125,1.4513238668441772,52800
NWL,1986-06-09,0.0,4.15625,4.0625,4.0625,1.445762276649475,153600
NWL,1986-06-10,0.0,4.125,4.0625,4.09375,1.4568840265274048,147200
NWL,1986-06-11,0.0,4.125,4.078125,4.125,1.4680055379867554,72800
NWL,1986-06-12,0.0,4.140625,4.09375,4.125,1.4680055379867554,129600
NWL,1986-06-13,0.0,4.578125,4.25,4.546875,1.618141531944275,318400
NWL,1986-06-16,0.0,4.59375,4.453125,4.46875,1.5903396606445312,162400
NWL,1986-06-17,0.0,4.484375,4.4375,4.484375,1.59589946269989,88000
NWL,1986-06-18,0.0,4.484375,4.453125,4.46875,1.5903396606445312,240800
NWL,1986-06-19,0.0,4.484375,4.4375,4.4375,1.5792176723480225,150400
NWL,1986-06-20,0.0,4.46875,4.40625,4.40625,1.5680978298187256,78400
NWL,1986-06-23,0.0,4.4375,4.328125,4.34375,1.545854091644287,169600
NWL,1986-06-24,0.0,4.390625,4.296875,4.34375,1.545854091644287,232000
NWL,1986-06-25,0.0,4.359375,4.28125,4.296875,1.5291719436645508,317600
NWL,1986-06-26,0.0,4.34375,4.265625,4.34375,1.545854091644287,196000
NWL,1986-06-27,0.0,4.375,4.28125,4.296875,1.5291719436645508,126400
NWL,1986-06-30,0.0,4.3125,4.09375,4.1875,1.4902477264404297,336000
NWL,1986-07-01,0.0,4.375,4.1875,4.359375,1.5514142513275146,130400
NWL,1986-07-02,0.0,4.4375,4.34375,4.359375,1.5514142513275146,140800
NWL,1986-07-03,0.0,4.328125,4.25,4.25,1.5124907493591309,85600
NWL,1986-07-07,0.0,4.28125,4.171875,4.171875,1.4846869707107544,213600
NWL,1986-07-08,0.0,4.15625,3.8125,3.84375,1.3679136037826538,417600
NWL,1986-07-09,0.0,3.9375,3.84375,3.90625,1.390155792236328,1007200
NWL,1986-07-10,0.0,4.03125,3.9375,3.984375,1.4179601669311523,75200
NWL,1986-07-11,0.0,4.015625,3.984375,4.015625,1.429080605506897,165600
NWL,1986-07-14,0.0,4.0625,3.9375,3.9375,1.4012786149978638,78400
NWL,1986-07-15,0.0,3.921875,3.640625,3.6875,1.3123074769973757,243200
NWL,1986-07-16,0.0,3.78125,3.6875,3.78125,1.3456711769104004,126400
NWL,1986-07-17,0.0,3.875,3.453125,3.53125,1.2567007541656494,772800
NWL,1986-07-18,0.0,3.53125,3.453125,3.46875,1.2344588041305542,995200
NWL,1986-07-21,0.0,3.484375,3.390625,3.390625,1.2066564559936523,587200
NWL,1986-07-22,0.0,3.46875,3.3125,3.3125,1.178852677345276,332000
NWL,1986-07-23,0.0,3.359375,3.09375,3.265625,1.162171483039856,765600
NWL,1986-07-24,0.0,3.484375,3.21875,3.40625,1.2122167348861694,296800
NWL,1986-07-25,0.0,3.359375,3.1875,3.203125,1.1399279832839966,931200
NWL,1986-07-28,0.0,3.5,3.21875,3.4375,1.2233378887176514,1033600
NWL,1986-07-29,0.0,3.46875,3.4375,3.4375,1.2233378887176514,785600
NWL,1986-07-30,0.0,3.4375,3.390625,3.390625,1.2066564559936523,252000
NWL,1986-07-31,0.0,3.390625,3.328125,3.34375,1.1899739503860474,141600
NWL,1986-08-01,0.0,3.359375,3.3125,3.328125,1.1844139099121094,305600
NWL,1986-08-04,0.0,3.3125,3.125,3.203125,1.1399279832839966,164000
NWL,1986-08-05,0.0,3.3125,3.234375,3.28125,1.1677312850952148,288000
NWL,1986-08-06,0.0,3.40625,3.296875,3.375,1.2010949850082395,143200
NWL,1986-08-07,0.0,3.4375,3.375,3.40625,1.2122167348861694,108000
NWL,1986-08-08,0.0,3.40625,3.359375,3.390625,1.2066564559936523,86400
NWL,1986-08-11,0.0,3.359375,3.296875,3.3125,1.178852677345276,103200
NWL,1986-08-12,0.0,3.40625,3.3125,3.40625,1.2122167348861694,236000
NWL,1986-08-13,0.0,3.40625,3.34375,3.34375,1.1899739503860474,116000
NWL,1986-08-14,0.0,3.453125,3.328125,3.453125,1.228898048400879,88000
NWL,1986-08-15,0.0,3.453125,3.40625,3.40625,1.2122167348861694,60000
NWL,1986-08-18,0.0,3.421875,3.390625,3.421875,1.2177770137786863,84000
NWL,1986-08-19,0.0,3.46875,3.40625,3.421875,1.2177770137786863,102400
NWL,1986-08-20,0.0,3.53125,3.421875,3.484375,1.2400195598602295,51200
NWL,1986-08-21,0.0,3.5625,3.484375,3.5,1.2455798387527466,136800
NWL,1986-08-22,0.0,3.484375,3.421875,3.421875,1.2177770137786863,104000
NWL,1986-08-25,0.0,3.453125,3.359375,3.359375,1.1955350637435913,80800
NWL,1986-08-26,0.0,3.359375,3.15625,3.21875,1.145488977432251,214400
NWL,1986-08-27,0.0,3.3125,3.109375,3.28125,1.1677312850952148,563200
NWL,1986-08-28,0.0,3.359375,3.296875,3.328125,1.1844139099121094,290400
NWL,1986-08-29,0.0,3.359375,3.28125,3.328125,1.1844139099121094,96800
NWL,1986-09-02,0.0,3.46875,3.3125,3.328125,1.1844139099121094,216800
NWL,1986-09-03,0.0,3.328125,3.28125,3.328125,1.1844139099121094,233600
NWL,1986-09-04,0.0,3.5625,3.34375,3.515625,1.2511403560638428,397600
NWL,1986-09-05,0.0,3.578125,3.5,3.5,1.2455798387527466,47200
NWL,1986-09-08,0.0,3.453125,3.265625,3.3125,1.178852677345276,274400
NWL,1986-09-09,0.0,3.328125,3.234375,3.234375,1.1510497331619265,188000
NWL,1986-09-10,0.0,3.296875,3.203125,3.25,1.156610131263733,332000
NWL,1986-09-11,0.0,3.265625,3.15625,3.15625,1.1232467889785769,164800
NWL,1986-09-12,0.0,3.140625,3.0,3.03125,1.0787616968154907,229600
NWL,1986-09-15,0.0,3.09375,3.015625,3.09375,1.1010040044784546,172000
NWL,1986-09-16,0.0,3.125,3.078125,3.09375,1.1010040044784546,209600
NWL,1986-09-17,0.0,3.125,3.09375,3.09375,1.1010040044784546,79200
NWL,1986-09-18,0.0,3.15625,3.125,3.125,1.1121251583099363,144800
NWL,1986-09-19,0.0,3.15625,3.125,3.140625,1.117686152458191,38400
NWL,1986-09-22,0.0,3.171875,3.140625,3.171875,1.128807783126831,80000
NWL,1986-09-23,0.0,3.21875,3.171875,3.171875,1.128807783126831,216800
NWL,1986-09-24,0.0,3.25,3.171875,3.25,1.156610131263733,35200
NWL,1986-09-25,0.0,3.28125,3.1875,3.21875,1.145488977432251,93600
NWL,1986-09-26,0.0,3.21875,3.15625,3.15625,1.1232467889785769,84800
NWL,1986-09-29,0.0,3.1875,3.09375,3.09375,1.1010040044784546,240000
NWL,1986-09-30,0.0,3.109375,3.046875,3.109375,1.1065642833709717,124000
NWL,1986-10-01,0.0,3.203125,3.125,3.1875,1.1343681812286377,80000
NWL,1986-10-02,0.0,3.25,3.15625,3.15625,1.1232467889785769,81600
NWL,1986-10-03,0.0,3.15625,3.125,3.125,1.1121251583099363,43200
NWL,1986-10-06,0.0,3.203125,3.140625,3.203125,1.1399279832839966,96000
NWL,1986-10-07,0.0,3.21875,3.140625,3.140625,1.117686152458191,338400
NWL,1986-10-08,0.0,3.171875,3.125,3.171875,1.128807783126831,139200
NWL,1986-10-09,0.0,3.21875,3.140625,3.21875,1.145488977432251,92000
NWL,1986-10-10,0.0,3.25,3.203125,3.234375,1.1510497331619265,50400
NWL,1986-10-13,0.0,3.34375,3.25,3.34375,1.1899739503860474,130400
NWL,1986-10-14,0.0,3.375,3.3125,3.359375,1.1955350637435913,60000
NWL,1986-10-15,0.0,3.53125,3.390625,3.53125,1.2567007541656494,84800
NWL,1986-10-16,0.0,3.625,3.515625,3.578125,1.273383855819702,364000
NWL,1986-10-17,0.0,3.59375,3.5625,3.59375,1.2789431810379028,123200
NWL,1986-10-20,0.0,3.59375,3.578125,3.59375,1.2789431810379028,42400
NWL,1986-10-21,0.0,3.671875,3.625,3.625,1.2900651693344116,425600
NWL,1986-10-22,0.0,3.640625,3.609375,3.640625,1.2956258058547974,23200
NWL,1986-10-23,0.0,3.59375,3.546875,3.546875,1.262261986732483,138400
NWL,1986-10-24,0.0,3.5625,3.515625,3.5625,1.2678229808807373,111200
NWL,1986-10-27,0.0,3.5625,3.53125,3.53125,1.2567007541656494,21600
NWL,1986-10-28,0.0,3.5625,3.5,3.53125,1.2567007541656494,80000
NWL,1986-10-29,0.0,3.5,3.4375,3.5,1.2455798387527466,211200
NWL,1986-10-30,0.0,3.5,3.4375,3.4375,1.2233378887176514,128000
NWL,1986-10-31,0.0,3.4375,3.390625,3.421875,1.2177770137786863,72800
NWL,1986-11-03,0.0,3.5,3.40625,3.5,1.2455798387527466,188000
NWL,1986-11-04,0.0,3.6875,3.5,3.625,1.2900651693344116,371200
NWL,1986-11-05,0.0,3.6875,3.59375,3.640625,1.2956258058547974,286400
NWL,1986-11-06,0.0,3.65625,3.609375,3.65625,1.3011860847473145,47200
NWL,1986-11-07,0.0,3.65625,3.59375,3.625,1.2900651693344116,235200
NWL,1986-11-10,0.0,3.640625,3.5,3.53125,1.2567007541656494,85600
NWL,1986-11-11,0.0,3.53125,3.515625,3.515625,1.2511403560638428,12000
NWL,1986-11-12,0.0,3.515625,3.5,3.515625,1.2511403560638428,121600
NWL,1986-11-13,0.0,3.53125,3.484375,3.5,1.2455798387527466,56000
NWL,1986-11-14,0.0,3.5625,3.515625,3.515625,1.2511403560638428,188800
NWL,1986-11-17,0.0,3.5,3.375,3.4375,1.2233378887176514,908000
NWL,1986-11-18,0.0,3.515625,3.375,3.375,1.2010949850082395,294400
NWL,1986-11-19,0.0,3.3125,3.25,3.28125,1.1677312850952148,218400
NWL,1986-11-20,0.0,3.59375,3.28125,3.5625,1.2678229808807373,405600
NWL,1986-11-21,0.0,3.578125,3.5,3.546875,1.262261986732483,180800
NWL,1986-11-24,0.0,3.546875,3.5,3.5,1.2455798387527466,31200
NWL,1986-11-25,0.0,3.5,3.46875,3.484375,1.2400195598602295,8800
NWL,1986-11-26,0.0,3.484375,3.4375,3.453125,1.228898048400879,40000
NWL,1986-11-28,0.0,3.5625,3.453125,3.515625,1.2511403560638428,191200
NWL,1986-12-01,0.0,3.53125,3.4375,3.46875,1.2344588041305542,41600
NWL,1986-12-02,0.0,3.5,3.453125,3.484375,1.2400195598602295,653600
NWL,1986-12-03,0.0,3.5,3.4375,3.4375,1.2233378887176514,1094400
NWL,1986-12-04,0.0,3.515625,3.453125,3.515625,1.2511403560638428,268000
NWL,1986-12-05,0.0,3.625,3.5,3.609375,1.2845041751861572,409600
NWL,1986-12-08,0.0,3.609375,3.515625,3.53125,1.2567007541656494,75200
NWL,1986-12-09,0.0,3.609375,3.5625,3.5625,1.2678229808807373,104800
NWL,1986-12-10,0.0,3.578125,3.53125,3.53125,1.2567007541656494,137600
NWL,1986-12-11,0.0,3.5625,3.53125,3.53125,1.2567007541656494,37600
NWL,1986-12-12,0.0,3.59375,3.546875,3.546875,1.262261986732483,64800
NWL,1986-12-15,0.0,3.546875,3.46875,3.5,1.2455798387527466,172800
NWL,1986-12-16,0.0,3.53125,3.453125,3.484375,1.2400195598602295,228800
NWL,1986-12-17,0.0,3.484375,3.46875,3.484375,1.2400195598602295,26400
NWL,1986-12-18,0.0,3.484375,3.34375,3.34375,1.1899739503860474,104800
NWL,1986-12-19,0.0,3.46875,3.328125,3.46875,1.2344588041305542,151200
NWL,1986-12-22,0.0,3.53125,3.4375,3.5,1.2455798387527466,232800
NWL,1986-12-23,0.0,3.546875,3.375,3.375,1.2010949850082395,300800
NWL,1986-12-24,0.0,3.3125,3.28125,3.28125,1.1677312850952148,309600
NWL,1986-12-26,0.0,3.296875,3.28125,3.296875,1.1732919216156006,214400
NWL,1986-12-29,0.0,3.296875,3.21875,3.25,1.156610131263733,91200
NWL,1986-12-30,0.0,3.296875,3.25,3.265625,1.162171483039856,191200
NWL,1986-12-31,0.0,3.375,3.25,3.375,1.2010949850082395,158400
NWL,1987-01-02,0.0,3.46875,3.390625,3.46875,1.2344588041305542,33600
NWL,1987-01-05,0.0,3.5,3.46875,3.46875,1.2344588041305542,249600
NWL,1987-01-06,0.0,3.46875,3.4375,3.4375,1.2233378887176514,375200
NWL,1987-01-07,0.0,3.609375,3.40625,3.40625,1.2122167348861694,835200
NWL,1987-01-08,0.0,3.546875,3.4375,3.53125,1.2567007541656494,292000
NWL,1987-01-09,0.0,3.53125,3.46875,3.5,1.2455798387527466,329600
NWL,1987-01-12,0.0,3.578125,3.5,3.5625,1.2678229808807373,104800
NWL,1987-01-13,0.0,3.59375,3.515625,3.5625,1.2678229808807373,63200
NWL,1987-01-14,0.0,3.703125,3.578125,3.703125,1.3178685903549194,115200
NWL,1987-01-15,0.0,3.875,3.703125,3.8125,1.356792688369751,353600
NWL,1987-01-16,0.0,3.796875,3.640625,3.65625,1.3011860847473145,96000
NWL,1987-01-19,0.0,3.65625,3.625,3.65625,1.3011860847473145,138400
NWL,1987-01-20,0.0,3.65625,3.625,3.640625,1.2956258058547974,34400
NWL,1987-01-21,0.0,3.640625,3.515625,3.609375,1.2845041751861572,115200
NWL,1987-01-22,0.0,3.625,3.578125,3.609375,1.2845041751861572,68000
NWL,1987-01-23,0.0,3.734375,3.578125,3.71875,1.3234277963638306,112000
NWL,1987-01-26,0.0,3.78125,3.640625,3.75,1.334550142288208,208000
NWL,1987-01-27,0.0,3.84375,3.75,3.75,1.334550142288208,300000
NWL,1987-01-28,0.0,3.78125,3.75,3.75,1.334550142288208,75200
NWL,1987-01-29,0.0,3.75,3.6875,3.734375,1.32899010181427,151200
NWL,1987-01-30,0.0,3.75,3.6875,3.703125,1.3178685903549194,338400
NWL,1987-02-02,0.0,3.78125,3.71875,3.765625,1.340111255645752,74400
NWL,1987-02-03,0.0,3.84375,3.78125,3.78125,1.3456711769104004,201600
NWL,1987-02-04,0.0,3.8125,3.78125,3.8125,1.356792688369751,222400
NWL,1987-02-05,0.0,3.9375,3.84375,3.9375,1.4012786149978638,264000
NWL,1987-02-06,0.0,3.9375,3.875,3.9375,1.4012786149978638,192800
NWL,1987-02-09,0.0,4.140625,3.9375,4.078125,1.4513238668441772,242400
NWL,1987-02-10,0.0,4.109375,3.9375,3.9375,1.4012786149978638,252000
NWL,1987-02-11,0.0,3.984375,3.9375,3.9375,1.4012786149978638,154400
NWL,1987-02-12,0.0,4.0,3.921875,4.0,1.4235202074050903,62400
NWL,1987-02-13,0.0,4.03125,3.96875,4.03125,1.434641718864441,65600
NWL,1987-02-17,0.0,4.0625,4.0,4.0625,1.4552383422851562,46400
NWL,1987-02-18,0.0,4.046875,3.921875,3.96875,1.4216564893722534,76000
NWL,1987-02-19,0.0,4.0,3.921875,3.9375,1.4104629755020142,60800
NWL,1987-02-20,0.0,3.96875,3.875,3.96875,1.4216564893722534,120800
NWL,1987-02-23,0.0,4.046875,3.96875,4.03125,1.4440449476242063,196000
NWL,1987-02-24,0.0,4.1875,3.984375,4.125,1.477627515792847,316800
NWL,1987-02-25,0.0,4.421875,4.125,4.34375,1.5559858083724976,434400
NWL,1987-02-26,0.0,4.484375,4.34375,4.40625,1.5783754587173462,340000
NWL,1987-02-27,0.0,4.515625,4.40625,4.515625,1.6175546646118164,248800
NWL,1987-03-02,0.0,4.59375,4.53125,4.5625,1.6343443393707275,158400
NWL,1987-03-03,0.0,4.5625,4.40625,4.40625,1.5783754587173462,413600
NWL,1987-03-04,0.0,4.390625,4.3125,4.359375,1.5615830421447754,336000
NWL,1987-03-05,0.0,4.40625,4.296875,4.359375,1.5615830421447754,150400
NWL,1987-03-06,0.0,4.40625,4.3125,4.359375,1.5615830421447754,60800
NWL,1987-03-09,0.0,4.390625,4.34375,4.375,1.567180037498474,64000
NWL,1987-03-10,0.0,4.4375,4.3125,4.4375,1.5895686149597168,100000
NWL,1987-03-11,0.0,4.484375,4.421875,4.453125,1.5951656103134155,50400
NWL,1987-03-12,0.0,4.5,4.453125,4.484375,1.606359601020813,148000
NWL,1987-03-13,0.0,4.5,4.46875,4.5,1.611956000328064,152000
NWL,1987-03-16,0.0,4.5,4.46875,4.46875,1.6007630825042725,165600
NWL,1987-03-17,0.0,4.46875,4.40625,4.453125,1.5951656103134155,140800
NWL,1987-03-18,0.0,4.5,4.4375,4.46875,1.6007630825042725,296800
NWL,1987-03-19,0.0,4.5,4.40625,4.453125,1.5951656103134155,85600
NWL,1987-03-20,0.0,4.5625,4.4375,4.5625,1.6343443393707275,181600
NWL,1987-03-23,0.0,4.546875,4.421875,4.46875,1.6007630825042725,112800
NWL,1987-03-24,0.0,4.453125,4.34375,4.375,1.567180037498474,52800
NWL,1987-03-25,0.0,4.390625,4.3125,4.390625,1.572776436805725,61600
NWL,1987-03-26,0.0,4.5,4.421875,4.46875,1.6007630825042725,80800
NWL,1987-03-27,0.0,4.484375,4.453125,4.46875,1.6007630825042725,91200
NWL,1987-03-30,0.0,4.5,4.4375,4.5,1.611956000328064,57600
NWL,1987-03-31,0.0,4.59375,4.53125,4.5625,1.6343443393707275,94400
NWL,1987-04-01,0.0,4.640625,4.515625,4.609375,1.651135802268982,130400
NWL,1987-04-02,0.0,4.640625,4.625,4.625,1.6567332744598389,111200
NWL,1987-04-03,0.0,4.640625,4.625,4.625,1.6567332744598389,68800
NWL,1987-04-06,0.0,4.796875,4.640625,4.734375,1.6959128379821775,180800
NWL,1987-04-07,0.0,4.96875,4.734375,4.96875,1.7798683643341064,172000
NWL,1987-04-08,0.0,4.9375,4.8125,4.8125,1.723899006843567,405600
NWL,1987-04-09,0.0,4.78125,4.640625,4.65625,1.667927622795105,199200
NWL,1987-04-10,0.0,4.734375,4.65625,4.734375,1.6959128379821775,76000
NWL,1987-04-13,0.0,4.703125,4.625,4.625,1.6567332744598389,48000
NWL,1987-04-14,0.0,4.59375,4.4375,4.453125,1.5951656103134155,216000
NWL,1987-04-15,0.0,4.5,4.4375,4.5,1.611956000328064,66400
NWL,1987-04-16,0.0,4.546875,4.46875,4.546875,1.6287472248077393,118400
NWL,1987-04-20,0.0,4.5625,4.46875,4.46875,1.6007630825042725,102400
NWL,1987-04-21,0.0,4.5,4.328125,4.484375,1.606359601020813,233600
NWL,1987-04-22,0.0,4.59375,4.53125,4.546875,1.6287472248077393,94400
NWL,1987-04-23,0.0,4.609375,4.546875,4.609375,1.651135802268982,76800
NWL,1987-04-24,0.0,4.5,4.453125,4.46875,1.6007630825042725,96800
NWL,1987-04-27,0.0,4.484375,4.40625,4.4375,1.5895686149597168,21600
NWL,1987-04-28,0.0,4.421875,4.34375,4.375,1.567180037498474,60000
NWL,1987-04-29,0.0,4.375,4.125,4.125,1.477627515792847,251200
NWL,1987-04-30,0.0,4.28125,4.09375,4.28125,1.5335978269577026,212000
NWL,1987-05-01,0.0,4.3125,4.25,4.25,1.5224039554595947,70400
NWL,1987-05-04,0.0,4.296875,4.21875,4.296875,1.5391944646835327,187200
NWL,1987-05-05,0.0,4.296875,4.25,4.296875,1.5391944646835327,67200
NWL,1987-05-06,0.0,4.3125,4.28125,4.3125,1.544792652130127,238400
NWL,1987-05-07,0.0,4.3125,4.296875,4.3125,1.544792652130127,31200
NWL,1987-05-08,0.0,4.3125,4.28125,4.3125,1.544792652130127,240000
NWL,1987-05-11,0.0,4.359375,4.265625,4.296875,1.5486209392547607,329600
NWL,1987-05-12,0.0,4.328125,4.28125,4.328125,1.5598835945129397,68800
NWL,1987-05-13,0.0,4.328125,4.296875,4.296875,1.5486209392547607,349600
NWL,1987-05-14,0.0,4.34375,4.296875,4.34375,1.5655150413513184,336000
NWL,1987-05-15,0.0,4.34375,4.25,4.25,1.5317280292510986,40800
NWL,1987-05-18,0.0,4.21875,4.09375,4.109375,1.4810453653335571,56800
NWL,1987-05-19,0.0,4.109375,4.0625,4.0625,1.4641510248184204,448800
NWL,1987-05-20,0.0,4.0625,3.9375,3.9375,1.4191007614135742,191200
NWL,1987-05-21,0.0,4.140625,3.96875,4.09375,1.4754133224487305,134400
NWL,1987-05-22,0.0,4.1875,4.125,4.15625,1.4979385137557983,56000
NWL,1987-05-26,0.0,4.234375,4.15625,4.234375,1.5260951519012451,104000
NWL,1987-05-27,0.0,4.265625,4.1875,4.25,1.5317280292510986,52800
NWL,1987-05-28,0.0,4.328125,4.28125,4.296875,1.5486209392547607,111200
NWL,1987-05-29,0.0,4.3125,4.265625,4.265625,1.5373579263687134,43200
NWL,1987-06-01,0.0,4.25,4.21875,4.21875,1.520464539527893,20800
NWL,1987-06-02,0.0,4.25,4.21875,4.25,1.5317280292510986,476000
NWL,1987-06-03,0.0,4.3125,4.21875,4.28125,1.5429887771606443,176800
NWL,1987-06-04,0.0,4.328125,4.28125,4.3125,1.5542532205581665,205600
NWL,1987-06-05,0.0,4.3125,4.28125,4.3125,1.5542532205581665,59200
NWL,1987-06-08,0.0,4.40625,4.296875,4.40625,1.5880405902862549,208800
NWL,1987-06-09,0.0,4.5625,4.40625,4.515625,1.6274601221084597,132000
NWL,1987-06-10,0.0,4.546875,4.5,4.546875,1.6387230157852173,83200
NWL,1987-06-11,0.0,4.546875,4.4375,4.5,1.6218284368515017,84000
NWL,1987-06-12,0.0,4.546875,4.46875,4.5,1.6218284368515017,44800
NWL,1987-06-15,0.0,4.5625,4.5,4.5625,1.644354224205017,56800
NWL,1987-06-16,0.0,4.6875,4.59375,4.6875,1.6894044876098633,145600
NWL,1987-06-17,0.0,4.6875,4.640625,4.671875,1.6837729215621948,455200
NWL,1987-06-18,0.0,4.671875,4.578125,4.59375,1.6556165218353271,84800
NWL,1987-06-19,0.0,4.59375,4.5625,4.59375,1.6556165218353271,55200
NWL,1987-06-22,0.0,4.625,4.59375,4.609375,1.6612483263015747,145600
NWL,1987-06-23,0.0,4.609375,4.5625,4.59375,1.6556165218353271,125600
NWL,1987-06-24,0.0,4.625,4.59375,4.625,1.6668792963027954,20000
NWL,1987-06-25,0.0,4.625,4.609375,4.625,1.6668792963027954,60800
NWL,1987-06-26,0.0,4.609375,4.578125,4.578125,1.6499850749969482,160800
NWL,1987-06-29,0.0,4.59375,4.546875,4.546875,1.6387230157852173,13600
NWL,1987-06-30,0.0,4.546875,4.46875,4.5,1.6218284368515017,1076000
NWL,1987-07-01,4.5,4.5,4.46875,4.5,1.6218284368515017,160000
NWL,1987-07-02,4.5,4.546875,4.46875,4.515625,1.6274601221084597,2300000
NWL,1987-07-06,4.515625,4.53125,4.515625,4.515625,1.6274601221084597,44800
NWL,1987-07-07,4.53125,4.59375,4.53125,4.59375,1.6556165218353271,40000
NWL,1987-07-08,4.609375,4.75,4.609375,4.703125,1.6950371265411377,52800
NWL,1987-07-09,4.71875,4.84375,4.71875,4.84375,1.7457181215286257,54400
NWL,1987-07-10,4.859375,4.875,4.796875,4.8125,1.7344554662704468,69600
NWL,1987-07-13,4.8125,4.8125,4.734375,4.75,1.7119301557540894,167200
NWL,1987-07-14,4.71875,4.71875,4.6875,4.703125,1.6950371265411377,17600
NWL,1987-07-15,4.734375,4.75,4.6875,4.703125,1.6950371265411377,232000
NWL,1987-07-16,4.734375,4.734375,4.6875,4.703125,1.6950371265411377,300800
NWL,1987-07-17,4.671875,4.734375,4.65625,4.65625,1.6781421899795532,268000
NWL,1987-07-20,4.65625,4.765625,4.65625,4.734375,1.7062983512878418,1347200
NWL,1987-07-21,4.703125,4.75,4.671875,4.75,1.7119301557540894,226400
NWL,1987-07-22,4.71875,4.71875,4.65625,4.6875,1.6894044876098633,58400
NWL,1987-07-23,4.671875,4.734375,4.671875,4.71875,1.7006680965423584,43200
NWL,1987-07-24,4.734375,4.75,4.703125,4.75,1.7119301557540894,56800
NWL,1987-07-27,4.71875,4.71875,4.6875,4.71875,1.7006680965423584,234400
NWL,1987-07-28,4.75,4.875,4.75,4.828125,1.7400866746902466,213600
NWL,1987-07-29,4.84375,4.875,4.8125,4.875,1.756980061531067,52800
NWL,1987-07-30,4.875,4.875,4.828125,4.84375,1.7457181215286257,101600
NWL,1987-07-31,4.84375,4.84375,4.8125,4.84375,1.7457181215286257,63200
NWL,1987-08-03,4.828125,4.875,4.796875,4.8125,1.7344554662704468,482400
NWL,1987-08-04,4.765625,4.84375,4.765625,4.84375,1.7457181215286257,229600
NWL,1987-08-05,4.828125,4.875,4.828125,4.859375,1.7513498067855835,152000
NWL,1987-08-06,4.875,4.890625,4.859375,4.859375,1.7513498067855835,223200
NWL,1987-08-07,4.859375,4.859375,4.71875,4.71875,1.7006680965423584,166400
NWL,1987-08-10,4.734375,4.78125,4.71875,4.765625,1.7175613641738892,200000
NWL,1987-08-11,4.75,4.765625,4.703125,4.75,1.7214118242263794,130400
NWL,1987-08-12,4.84375,5.015625,4.8125,5.015625,1.817676663398743,812800
NWL,1987-08-13,4.984375,5.265625,4.984375,5.25,1.902613401412964,333600
NWL,1987-08-14,5.25,5.265625,5.21875,5.25,1.902613401412964,384800
NWL,1987-08-17,5.25,5.3125,5.140625,5.171875,1.874301195144653,257600
NWL,1987-08-18,5.171875,5.171875,4.96875,4.96875,1.8006879091262815,52800
NWL,1987-08-19,4.9375,4.96875,4.875,4.890625,1.7723751068115234,181600
NWL,1987-08-20,4.921875,4.96875,4.90625,4.921875,1.7837001085281372,156000
NWL,1987-08-21,4.9375,4.953125,4.921875,4.921875,1.7837001085281372,28800
NWL,1987-08-24,4.953125,5.03125,4.9375,5.015625,1.817676663398743,295200
NWL,1987-08-25,5.015625,5.21875,5.015625,5.203125,1.885627031326294,168800
NWL,1987-08-26,5.234375,5.375,5.234375,5.3125,1.9252630472183228,328000
NWL,1987-08-27,5.328125,5.328125,5.21875,5.21875,1.8912888765335083,199200
NWL,1987-08-28,5.234375,5.234375,5.0625,5.109375,1.851650714874268,104800
NWL,1987-08-31,5.09375,5.1875,5.09375,5.1875,1.8799631595611568,94400
NWL,1987-09-01,5.15625,5.171875,5.0,5.03125,1.8233368396759035,56000
NWL,1987-09-02,5.03125,5.046875,4.953125,4.953125,1.7950259447097778,56000
NWL,1987-09-03,4.984375,5.03125,4.96875,5.03125,1.8233368396759035,76000
NWL,1987-09-04,5.0,5.09375,5.0,5.015625,1.817676663398743,128800
NWL,1987-09-08,5.046875,5.046875,4.90625,4.953125,1.7950259447097778,36800
NWL,1987-09-09,4.921875,4.96875,4.90625,4.96875,1.8006879091262815,28800
NWL,1987-09-10,4.96875,4.984375,4.953125,4.953125,1.7950259447097778,13600
NWL,1987-09-11,4.984375,5.15625,4.984375,5.15625,1.8686386346817017,59200
NWL,1987-09-14,5.140625,5.15625,5.125,5.125,1.8573131561279297,40800
NWL,1987-09-15,5.15625,5.15625,5.109375,5.125,1.8573131561279297,219200
NWL,1987-09-16,5.125,5.15625,5.109375,5.125,1.8573131561279297,333600
NWL,1987-09-17,5.125,5.125,5.0625,5.0625,1.8346623182296755,48800
NWL,1987-09-18,5.09375,5.09375,5.046875,5.046875,1.8290005922317505,68800
NWL,1987-09-21,5.046875,5.078125,5.046875,5.078125,1.8403249979019165,36000
NWL,1987-09-22,5.078125,5.140625,5.046875,5.140625,1.86297607421875,47200
NWL,1987-09-23,5.140625,5.15625,5.0625,5.109375,1.851650714874268,46400
NWL,1987-09-24,5.078125,5.078125,5.046875,5.078125,1.8403249979019165,15200
NWL,1987-09-25,5.0625,5.0625,5.046875,5.046875,1.8290005922317505,2400
NWL,1987-09-28,5.046875,5.0625,5.03125,5.046875,1.8290005922317505,40800
NWL,1987-09-29,5.03125,5.03125,4.796875,4.84375,1.7553868293762207,128800
NWL,1987-09-30,4.875,5.046875,4.875,5.046875,1.8290005922317505,124000
NWL,1987-10-01,5.0625,5.125,5.046875,5.09375,1.845987796783448,78400
NWL,1987-10-02,5.09375,5.125,5.09375,5.125,1.8573131561279297,28800
NWL,1987-10-05,5.125,5.125,5.09375,5.09375,1.845987796783448,92800
NWL,1987-10-06,5.09375,5.09375,4.953125,4.96875,1.8006879091262815,129600
NWL,1987-10-07,4.953125,4.96875,4.890625,4.890625,1.7723751068115234,53600
NWL,1987-10-08,4.890625,4.953125,4.890625,4.9375,1.7893613576889038,128800
NWL,1987-10-09,4.90625,4.953125,4.84375,4.875,1.7667112350463867,102400
NWL,1987-10-12,4.875,4.875,4.84375,4.84375,1.7553868293762207,49600
NWL,1987-10-13,4.8125,4.9375,4.796875,4.9375,1.7893613576889038,122400
NWL,1987-10-14,4.90625,4.90625,4.8125,4.8125,1.744061827659607,64000
NWL,1987-10-15,4.78125,4.796875,4.625,4.6875,1.6987615823745728,110400
NWL,1987-10-16,4.671875,4.6875,4.359375,4.359375,1.579848051071167,134400
NWL,1987-10-19,3.921875,4.28125,3.890625,3.890625,1.4099723100662231,451200
NWL,1987-10-20,3.859375,3.890625,3.53125,3.671875,1.3306971788406372,395200
NWL,1987-10-21,3.609375,3.90625,3.609375,3.859375,1.3986475467681885,120000
NWL,1987-10-22,3.625,3.65625,3.375,3.4375,1.2457590103149414,384000
NWL,1987-10-23,3.375,3.4375,3.359375,3.40625,1.2344343662261963,319200
NWL,1987-10-26,3.40625,3.40625,3.09375,3.09375,1.1211827993392944,268800
NWL,1987-10-27,3.21875,3.21875,3.09375,3.125,1.1325076818466189,240800
NWL,1987-10-28,3.09375,3.1875,3.0625,3.09375,1.1211827993392944,240800
NWL,1987-10-29,3.109375,3.125,3.0625,3.125,1.1325076818466189,197600
NWL,1987-10-30,3.15625,3.40625,3.15625,3.40625,1.2344343662261963,81600
NWL,1987-11-02,3.4375,3.46875,3.4375,3.46875,1.2570842504501345,157600
NWL,1987-11-03,3.46875,3.46875,3.21875,3.28125,1.1891342401504517,148800
NWL,1987-11-04,3.21875,3.21875,3.1875,3.1875,1.1551592350006104,44800
NWL,1987-11-05,3.1875,3.328125,3.171875,3.328125,1.2061225175857544,194400
NWL,1987-11-06,3.296875,3.34375,3.265625,3.28125,1.1985877752304075,196000
NWL,1987-11-09,3.3125,3.375,3.265625,3.375,1.2328318357467651,84800
NWL,1987-11-10,3.390625,3.484375,3.390625,3.421875,1.2499549388885498,56000
NWL,1987-11-11,3.421875,3.5,3.421875,3.4375,1.2556627988815308,130400
NWL,1987-11-12,3.4375,3.453125,3.40625,3.421875,1.2499549388885498,110400
NWL,1987-11-13,3.40625,3.40625,3.296875,3.3125,1.2100025415420532,132000
NWL,1987-11-16,3.34375,3.34375,3.28125,3.296875,1.2042945623397827,52000
NWL,1987-11-17,3.203125,3.296875,3.140625,3.28125,1.1985877752304075,200000
NWL,1987-11-18,3.25,3.25,3.203125,3.203125,1.1700488328933716,84800
NWL,1987-11-19,3.234375,3.234375,3.171875,3.171875,1.158634066581726,375200
NWL,1987-11-20,3.171875,3.1875,3.140625,3.15625,1.1529269218444824,220000
NWL,1987-11-23,3.125,3.203125,3.125,3.171875,1.158634066581726,164800
NWL,1987-11-24,3.171875,3.25,3.15625,3.171875,1.158634066581726,248000
NWL,1987-11-25,3.203125,3.203125,3.140625,3.171875,1.158634066581726,32800
NWL,1987-11-27,3.140625,3.15625,3.109375,3.109375,1.1358039379119873,338400
NWL,1987-11-30,3.0625,3.0625,2.640625,2.765625,1.010237455368042,403200
NWL,1987-12-01,2.796875,2.828125,2.75,2.828125,1.03306782245636,116800
NWL,1987-12-02,2.828125,2.859375,2.75,2.78125,1.0159449577331543,523200
NWL,1987-12-03,2.78125,2.796875,2.75,2.78125,1.0159449577331543,176000
NWL,1987-12-04,2.75,2.78125,2.71875,2.75,1.0045300722122192,300000
NWL,1987-12-07,2.78125,2.859375,2.765625,2.859375,1.044483304023743,300000
NWL,1987-12-08,2.9375,2.984375,2.9375,2.984375,1.0901427268981934,134400
NWL,1987-12-09,2.96875,3.125,2.96875,3.09375,1.1300957202911377,205600
NWL,1987-12-10,3.0625,3.0625,3.0,3.0625,1.1186809539794922,678400
NWL,1987-12-11,3.0,3.015625,2.96875,2.96875,1.0844357013702393,116800
NWL,1987-12-14,3.0,3.140625,3.0,3.109375,1.1358039379119873,177600
NWL,1987-12-15,3.078125,3.203125,3.078125,3.1875,1.1643422842025757,205600
NWL,1987-12-16,3.171875,3.25,3.15625,3.25,1.1871721744537354,44000
NWL,1987-12-17,3.234375,3.3125,3.203125,3.28125,1.1985877752304075,204000
NWL,1987-12-18,3.265625,3.40625,3.265625,3.40625,1.2442477941513062,211200
NWL,1987-12-21,3.4375,3.5,3.421875,3.484375,1.272785186767578,130400
NWL,1987-12-22,3.5,3.5,3.40625,3.40625,1.2442477941513062,446400
NWL,1987-12-23,3.40625,3.59375,3.40625,3.5625,1.3013230562210083,213600
NWL,1987-12-24,3.53125,3.5625,3.53125,3.53125,1.2899072170257568,33600
NWL,1987-12-28,3.5,3.515625,3.453125,3.515625,1.2842003107070925,51200
NWL,1987-12-29,3.5,3.578125,3.46875,3.5625,1.3013230562210083,187200
NWL,1987-12-30,3.53125,3.59375,3.484375,3.53125,1.2899072170257568,88000
NWL,1987-12-31,3.5,3.5625,3.453125,3.515625,1.2842003107070925,92000
NWL,1988-01-04,3.53125,3.625,3.53125,3.578125,1.3070307970046997,98400
NWL,1988-01-05,3.5625,3.59375,3.5625,3.578125,1.3070307970046997,55200
NWL,1988-01-06,3.609375,3.734375,3.609375,3.734375,1.364106059074402,132800
NWL,1988-01-07,3.734375,3.75,3.6875,3.6875,1.346983551979065,169600
NWL,1988-01-08,3.65625,3.6875,3.53125,3.53125,1.2899072170257568,62400
NWL,1988-01-11,3.5,3.53125,3.4375,3.53125,1.2899072170257568,238400
NWL,1988-01-12,3.5625,3.5625,3.515625,3.515625,1.2842003107070925,232000
NWL,1988-01-13,3.515625,3.609375,3.515625,3.59375,1.3127379417419434,396800
NWL,1988-01-14,3.609375,3.8125,3.609375,3.78125,1.3812289237976074,286400
NWL,1988-01-15,3.8125,3.8125,3.734375,3.75,1.369813323020935,275200
NWL,1988-01-18,3.75,3.75,3.6875,3.6875,1.346983551979065,39200
NWL,1988-01-19,3.6875,3.6875,3.65625,3.6875,1.346983551979065,50400
NWL,1988-01-20,3.6875,3.6875,3.640625,3.671875,1.3412760496139526,58400
NWL,1988-01-21,3.671875,3.671875,3.640625,3.65625,1.335568904876709,31200
NWL,1988-01-22,3.671875,3.671875,3.625,3.625,1.3241528272628784,32000
NWL,1988-01-25,3.609375,3.6875,3.609375,3.6875,1.346983551979065,63200
NWL,1988-01-26,3.65625,3.65625,3.515625,3.546875,1.2956151962280271,83200
NWL,1988-01-27,3.53125,3.90625,3.53125,3.90625,1.426888942718506,865600
NWL,1988-01-28,3.921875,3.984375,3.890625,3.9375,1.438305139541626,111200
NWL,1988-01-29,3.9375,4.046875,3.9375,4.046875,1.4782569408416748,76800
NWL,1988-02-01,4.0625,4.0625,4.03125,4.0625,1.4839648008346558,316800
NWL,1988-02-02,4.0625,4.0625,4.015625,4.0625,1.4839648008346558,62400
NWL,1988-02-03,4.046875,4.1875,4.046875,4.125,1.5067952871322632,776800
NWL,1988-02-04,4.125,4.125,4.09375,4.125,1.5067952871322632,140000
NWL,1988-02-05,4.09375,4.109375,4.078125,4.109375,1.5010875463485718,133600
NWL,1988-02-08,4.140625,4.21875,4.09375,4.21875,1.5410412549972534,107200
NWL,1988-02-09,4.21875,4.25,4.171875,4.25,1.5524561405181885,82400
NWL,1988-02-10,4.25,4.59375,4.25,4.578125,1.6723144054412842,454400
NWL,1988-02-11,4.578125,4.59375,4.546875,4.59375,1.6780213117599487,436800
NWL,1988-02-12,4.5625,4.609375,4.5625,4.578125,1.6837691068649292,252000
NWL,1988-02-16,4.609375,4.640625,4.609375,4.640625,1.7067553997039795,208800
NWL,1988-02-17,4.640625,4.71875,4.625,4.625,1.7010083198547363,93600
NWL,1988-02-18,4.625,4.6875,4.625,4.671875,1.718247890472412,49600
NWL,1988-02-19,4.671875,4.71875,4.65625,4.71875,1.735489010810852,82400
NWL,1988-02-22,4.703125,4.796875,4.703125,4.765625,1.7527289390563965,90400
NWL,1988-02-23,4.796875,4.8125,4.75,4.765625,1.7527289390563965,175200
NWL,1988-02-24,4.75,4.765625,4.75,4.75,1.746981501579285,205600
NWL,1988-02-25,4.78125,4.8125,4.75,4.75,1.746981501579285,589600
NWL,1988-02-26,4.75,4.875,4.734375,4.828125,1.7757151126861572,67200
NWL,1988-02-29,4.84375,4.9375,4.84375,4.921875,1.8101942539215088,412000
NWL,1988-03-01,4.921875,4.9375,4.890625,4.90625,1.804448366165161,220000
NWL,1988-03-02,4.90625,5.03125,4.890625,5.0,1.838927745819092,204800
NWL,1988-03-03,5.03125,5.0625,4.9375,4.9375,1.815940022468567,380800
NWL,1988-03-04,4.90625,4.90625,4.703125,4.8125,1.7699689865112305,441600
NWL,1988-03-07,4.84375,4.84375,4.796875,4.8125,1.7699689865112305,64000
NWL,1988-03-08,4.8125,4.84375,4.765625,4.78125,1.7584755420684814,238400
NWL,1988-03-09,4.8125,4.8125,4.765625,4.765625,1.7527289390563965,326400
NWL,1988-03-10,4.75,4.765625,4.703125,4.703125,1.7297422885894775,296800
NWL,1988-03-11,4.734375,4.75,4.671875,4.71875,1.735489010810852,205600
NWL,1988-03-14,4.71875,4.765625,4.703125,4.71875,1.735489010810852,18400
NWL,1988-03-15,4.75,4.8125,4.703125,4.703125,1.7297422885894775,116000
NWL,1988-03-16,4.71875,4.75,4.6875,4.75,1.746981501579285,313600
NWL,1988-03-17,4.734375,4.75,4.71875,4.71875,1.735489010810852,61600
NWL,1988-03-18,4.734375,4.765625,4.71875,4.75,1.746981501579285,149600
NWL,1988-03-21,4.734375,4.84375,4.734375,4.84375,1.7814615964889526,230400
NWL,1988-03-22,4.875,5.0,4.875,4.890625,1.7987016439437866,301600
NWL,1988-03-23,4.84375,4.859375,4.8125,4.859375,1.7872074842453003,223200
NWL,1988-03-24,4.828125,4.828125,4.75,4.75,1.746981501579285,113600
NWL,1988-03-25,4.75,4.75,4.734375,4.734375,1.7412348985671997,119200
NWL,1988-03-28,4.734375,4.796875,4.734375,4.78125,1.7584755420684814,138400
NWL,1988-03-29,4.8125,4.828125,4.796875,4.828125,1.7757151126861572,535200
NWL,1988-03-30,4.84375,4.875,4.8125,4.8125,1.7699689865112305,73600
NWL,1988-03-31,4.84375,4.890625,4.828125,4.84375,1.7814615964889526,100800
NWL,1988-04-04,4.875,4.9375,4.84375,4.859375,1.7872074842453003,684000
NWL,1988-04-05,4.875,4.875,4.875,4.875,1.7929540872573853,56800
NWL,1988-04-06,4.859375,4.9375,4.859375,4.90625,1.804448366165161,641600
NWL,1988-04-07,4.9375,5.03125,4.9375,5.0,1.838927745819092,288800
NWL,1988-04-08,5.03125,5.0625,5.0,5.046875,1.8561680316925049,240000
NWL,1988-04-11,5.0625,5.125,5.046875,5.0625,1.8619145154953003,207200
NWL,1988-04-12,5.03125,5.0625,5.0,5.0,1.838927745819092,272800
NWL,1988-04-13,4.96875,4.96875,4.890625,4.9375,1.815940022468567,556000
NWL,1988-04-14,4.96875,4.96875,4.9375,4.9375,1.815940022468567,45600
NWL,1988-04-15,4.96875,5.0,4.9375,4.96875,1.827434062957764,102400
NWL,1988-04-18,4.96875,4.96875,4.953125,4.96875,1.827434062957764,64800
NWL,1988-04-19,4.9375,4.96875,4.828125,4.859375,1.7872074842453003,307200
NWL,1988-04-20,4.875,4.875,4.84375,4.84375,1.7814615964889526,115200
NWL,1988-04-21,4.859375,4.890625,4.859375,4.875,1.7929540872573853,114400
NWL,1988-04-22,4.84375,4.90625,4.84375,4.90625,1.804448366165161,210400
NWL,1988-04-25,4.9375,4.9375,4.859375,4.875,1.7929540872573853,30400
NWL,1988-04-26,4.90625,4.9375,4.828125,4.859375,1.7872074842453003,539200
NWL,1988-04-27,4.84375,4.875,4.84375,4.875,1.7929540872573853,654400
NWL,1988-04-28,4.84375,4.875,4.828125,4.875,1.7929540872573853,60800
NWL,1988-04-29,4.875,4.875,4.75,4.75,1.746981501579285,184800
NWL,1988-05-02,4.71875,4.71875,4.65625,4.6875,1.7239948511123655,28000
NWL,1988-05-03,4.65625,4.6875,4.640625,4.65625,1.7125017642974854,48800
NWL,1988-05-04,4.6875,4.734375,4.671875,4.734375,1.7412348985671997,73600
NWL,1988-05-05,4.734375,4.734375,4.6875,4.71875,1.735489010810852,84800
NWL,1988-05-06,4.6875,4.6875,4.671875,4.671875,1.718247890472412,7200
NWL,1988-05-09,4.6875,4.6875,4.65625,4.671875,1.718247890472412,150400
NWL,1988-05-10,4.6875,4.6875,4.65625,4.671875,1.718247890472412,31200
NWL,1988-05-11,4.640625,4.640625,4.5625,4.5625,1.6780213117599487,218400
NWL,1988-05-12,4.578125,4.578125,4.53125,4.546875,1.672275424003601,246400
NWL,1988-05-13,4.515625,4.515625,4.46875,4.5,1.6550346612930298,63200
NWL,1988-05-16,4.515625,4.515625,4.46875,4.5,1.6550346612930298,182400
NWL,1988-05-17,4.46875,4.5625,4.46875,4.53125,1.6781818866729736,80000
NWL,1988-05-18,4.5625,4.75,4.5625,4.71875,1.7476240396499634,549600
NWL,1988-05-19,4.71875,4.734375,4.625,4.734375,1.7534112930297852,209600
NWL,1988-05-20,4.6875,4.703125,4.65625,4.65625,1.7244772911071775,64000
NWL,1988-05-23,4.65625,4.71875,4.640625,4.6875,1.7360514402389526,334400
NWL,1988-05-24,4.6875,4.6875,4.59375,4.625,1.7129039764404297,241600
NWL,1988-05-25,4.59375,4.65625,4.59375,4.59375,1.7013299465179443,400800
NWL,1988-05-26,4.5625,4.59375,4.53125,4.5625,1.689755916595459,556000
NWL,1988-05-27,4.5625,4.65625,4.5625,4.625,1.7129039764404297,47200
NWL,1988-05-31,4.59375,4.625,4.59375,4.625,1.7129039764404297,147200
NWL,1988-06-01,4.625,4.71875,4.625,4.71875,1.7476240396499634,117600
NWL,1988-06-02,4.703125,4.8125,4.703125,4.8125,1.7823457717895508,125600
NWL,1988-06-03,4.8125,4.84375,4.78125,4.78125,1.7707712650299072,73600
NWL,1988-06-06,4.796875,4.8125,4.765625,4.796875,1.7765575647354126,32000
NWL,1988-06-07,4.8125,4.8125,4.78125,4.78125,1.7707712650299072,168000
NWL,1988-06-08,4.78125,4.859375,4.765625,4.859375,1.799707055091858,63200
NWL,1988-06-09,4.84375,4.984375,4.828125,4.984375,1.846001029014588,131200
NWL,1988-06-10,4.953125,5.0625,4.953125,5.046875,1.8691478967666624,109600
NWL,1988-06-13,5.03125,5.3125,5.03125,5.28125,1.9559510946273804,152000
NWL,1988-06-14,5.3125,5.4375,5.3125,5.3125,1.967523455619812,161600
NWL,1988-06-15,5.34375,5.421875,5.328125,5.40625,2.002246379852295,76000
NWL,1988-06-16,5.40625,5.40625,5.328125,5.359375,1.9848843812942505,246400
NWL,1988-06-17,5.421875,5.4375,5.390625,5.40625,2.002246379852295,70400
NWL,1988-06-20,5.421875,5.4375,5.390625,5.40625,2.002246379852295,105600
NWL,1988-06-21,5.4375,5.5,5.4375,5.453125,2.019605875015259,205600
NWL,1988-06-22,5.484375,5.53125,5.46875,5.46875,2.025393486022949,231200
NWL,1988-06-23,5.484375,5.5,5.421875,5.46875,2.025393486022949,129600
NWL,1988-06-24,5.4375,5.46875,5.34375,5.375,1.99067223072052,73600
NWL,1988-06-27,5.40625,5.40625,5.3125,5.375,1.99067223072052,92000
NWL,1988-06-28,5.40625,5.40625,5.28125,5.296875,1.9617369174957275,148800
NWL,1988-06-29,5.328125,5.328125,5.25,5.296875,1.9617369174957275,488000
NWL,1988-06-30,5.28125,5.34375,5.265625,5.34375,1.979097604751587,412000
NWL,1988-07-01,5.34375,5.40625,5.34375,5.40625,2.002246379852295,139200
NWL,1988-07-05,5.4375,5.4375,5.40625,5.421875,2.008033037185669,36800
NWL,1988-07-06,5.421875,5.421875,5.375,5.390625,1.996457576751709,138400
NWL,1988-07-07,5.375,5.40625,5.34375,5.40625,2.002246379852295,124800
NWL,1988-07-08,5.5,5.53125,5.46875,5.5,2.036966562271118,95200
NWL,1988-07-11,5.453125,5.625,5.453125,5.625,2.083260297775269,352000
NWL,1988-07-12,5.609375,5.609375,5.578125,5.59375,2.071688652038574,82400
NWL,1988-07-13,5.625,5.625,5.59375,5.609375,2.0774738788604736,153600
NWL,1988-07-14,5.609375,5.625,5.609375,5.625,2.083260297775269,119200
NWL,1988-07-15,5.65625,5.71875,5.65625,5.703125,2.112194776535034,128000
NWL,1988-07-18,5.71875,5.71875,5.671875,5.71875,2.117983341217041,236000
NWL,1988-07-19,5.734375,5.75,5.71875,5.71875,2.117983341217041,16000
NWL,1988-07-20,5.71875,5.84375,5.71875,5.734375,2.1237688064575195,140800
NWL,1988-07-21,5.765625,5.78125,5.71875,5.75,2.1295557022094727,138400
NWL,1988-07-22,5.734375,5.75,5.703125,5.71875,2.117983341217041,146400
NWL,1988-07-25,5.71875,5.71875,5.609375,5.609375,2.0774738788604736,47200
NWL,1988-07-26,5.578125,5.578125,5.515625,5.515625,2.042752981185913,29600
NWL,1988-07-27,5.53125,5.53125,5.40625,5.40625,2.002246379852295,112800
NWL,1988-07-28,5.421875,5.421875,5.390625,5.390625,1.996457576751709,4000
NWL,1988-07-29,5.390625,5.390625,5.359375,5.375,1.99067223072052,64000
NWL,1988-08-01,5.34375,5.34375,5.28125,5.328125,1.973311305046081,233600
NWL,1988-08-02,5.328125,5.34375,5.296875,5.34375,1.979097604751587,444800
NWL,1988-08-03,5.328125,5.34375,5.28125,5.328125,1.973311305046081,131200
NWL,1988-08-04,5.359375,5.5625,5.359375,5.5625,2.060112714767456,217600
NWL,1988-08-05,5.59375,5.75,5.59375,5.6875,2.106407165527344,722400
NWL,1988-08-08,5.6875,5.71875,5.6875,5.703125,2.112194776535034,220800
NWL,1988-08-09,5.65625,5.6875,5.640625,5.640625,2.102874994277954,93600
NWL,1988-08-10,5.625,5.65625,5.609375,5.609375,2.0912253856658936,305600
NWL,1988-08-11,5.609375,5.640625,5.578125,5.609375,2.0912253856658936,58400
NWL,1988-08-12,5.609375,5.625,5.609375,5.625,2.0970492362976074,53600
NWL,1988-08-15,5.625,5.625,5.515625,5.53125,2.062098979949951,51200
NWL,1988-08-16,5.5,5.5,5.375,5.4375,2.027148962020874,156000
NWL,1988-08-17,5.4375,5.4375,5.40625,5.40625,2.015498161315918,32800
NWL,1988-08-18,5.40625,5.421875,5.375,5.40625,2.015498161315918,161600
NWL,1988-08-19,5.40625,5.5,5.40625,5.5,2.05044937133789,106400
NWL,1988-08-22,5.5,5.5,5.4375,5.4375,2.027148962020874,32000
NWL,1988-08-23,5.4375,5.4375,5.40625,5.40625,2.015498161315918,82400
NWL,1988-08-24,5.4375,5.5,5.4375,5.453125,2.032973051071167,128800
NWL,1988-08-25,5.4375,5.484375,5.421875,5.453125,2.032973051071167,107200
NWL,1988-08-26,5.453125,5.453125,5.4375,5.4375,2.027148962020874,8000
NWL,1988-08-29,5.46875,5.46875,5.4375,5.46875,2.038799285888672,22400
NWL,1988-08-30,5.46875,5.53125,5.40625,5.46875,2.038799285888672,88400
NWL,1988-08-31,5.46875,5.46875,5.46875,5.46875,2.038799285888672,1600
NWL,1988-09-01,5.5,5.5625,5.46875,5.46875,2.038799285888672,312000
NWL,1988-09-02,5.5,5.53125,5.46875,5.53125,2.062098979949951,81200
NWL,1988-09-06,5.59375,5.84375,5.59375,5.71875,2.132002592086792,104800
NWL,1988-09-07,5.75,5.75,5.71875,5.75,2.143651008605957,225600
NWL,1988-09-08,5.71875,5.71875,5.53125,5.6875,2.120349884033203,100400
NWL,1988-09-09,5.65625,5.6875,5.65625,5.6875,2.120349884033203,94000
NWL,1988-09-12,5.65625,5.6875,5.625,5.625,2.0970492362976074,116400
NWL,1988-09-13,5.65625,5.6875,5.625,5.65625,2.108701467514038,71200
NWL,1988-09-14,5.71875,5.78125,5.71875,5.75,2.143651008605957,204000
NWL,1988-09-15,5.78125,5.78125,5.6875,5.71875,2.132002592086792,141600
NWL,1988-09-16,5.6875,5.75,5.65625,5.75,2.143651008605957,18400
NWL,1988-09-19,5.6875,5.71875,5.625,5.71875,2.132002592086792,15200
NWL,1988-09-20,5.625,5.71875,5.625,5.71875,2.132002592086792,39200
NWL,1988-09-21,5.75,5.75,5.625,5.6875,2.120349884033203,41600
NWL,1988-09-22,5.625,5.71875,5.625,5.65625,2.108701467514038,70400
NWL,1988-09-23,5.71875,5.71875,5.65625,5.65625,2.108701467514038,8400
NWL,1988-09-26,5.6875,5.71875,5.65625,5.71875,2.132002592086792,103600
NWL,1988-09-27,5.71875,5.71875,5.625,5.625,2.0970492362976074,35200
NWL,1988-09-28,5.59375,5.6875,5.59375,5.59375,2.085399389266968,160800
NWL,1988-09-29,5.59375,5.75,5.59375,5.75,2.143651008605957,57200
NWL,1988-09-30,5.75,6.125,5.75,6.125,2.283453941345215,184000
NWL,1988-10-03,6.09375,6.15625,6.0625,6.09375,2.271803855895996,119600
NWL,1988-10-04,6.09375,6.15625,6.0,6.0,2.236854076385498,207600
NWL,1988-10-05,6.0625,6.1875,6.0625,6.125,2.283453941345215,119200
NWL,1988-10-06,6.125,6.3125,6.125,6.28125,2.3417065143585205,437600
NWL,1988-10-07,6.3125,6.34375,6.21875,6.25,2.330054521560669,106400
NWL,1988-10-10,6.25,6.3125,6.25,6.3125,2.353356122970581,92000
NWL,1988-10-11,6.28125,6.3125,6.25,6.28125,2.3417065143585205,106800
NWL,1988-10-12,6.28125,6.3125,6.25,6.28125,2.3417065143585205,18800
NWL,1988-10-13,6.28125,6.3125,6.25,6.3125,2.353356122970581,34400
NWL,1988-10-14,6.3125,6.34375,6.28125,6.34375,2.365006923675537,130800
NWL,1988-10-17,6.34375,6.34375,6.28125,6.3125,2.353356122970581,15200
NWL,1988-10-18,6.3125,6.3125,6.25,6.25,2.330054521560669,38800
NWL,1988-10-19,6.6875,6.6875,6.59375,6.6875,2.4931602478027344,568800
NWL,1988-10-20,6.65625,6.9375,6.65625,6.84375,2.551410436630249,339600
NWL,1988-10-21,6.90625,7.15625,6.875,7.09375,2.6446120738983154,632800
NWL,1988-10-24,7.125,7.40625,7.09375,7.21875,2.6912143230438232,689200
NWL,1988-10-25,7.15625,7.21875,6.96875,7.0,2.609661340713501,864800
NWL,1988-10-26,7.03125,7.03125,6.96875,6.96875,2.598012208938598,61600
NWL,1988-10-27,6.96875,7.0,6.90625,6.9375,2.5863606929779053,94800
NWL,1988-10-28,6.875,6.9375,6.84375,6.90625,2.5747108459472656,148400
NWL,1988-10-31,6.90625,6.90625,6.84375,6.875,2.5630598068237305,202000
NWL,1988-11-01,6.84375,6.84375,6.75,6.75,2.5164601802825928,171600
NWL,1988-11-02,6.71875,6.71875,6.625,6.6875,2.4931602478027344,36000
NWL,1988-11-03,6.65625,6.71875,6.625,6.65625,2.4815099239349365,146400
NWL,1988-11-04,6.59375,6.65625,6.5625,6.625,2.469860076904297,164400
NWL,1988-11-07,6.625,6.71875,6.625,6.71875,2.504809617996216,138800
NWL,1988-11-08,6.6875,6.875,6.6875,6.84375,2.5657308101654053,326000
NWL,1988-11-09,6.875,6.875,6.84375,6.875,2.577446937561035,188400
NWL,1988-11-10,6.84375,6.875,6.78125,6.78125,2.542299747467041,94400
NWL,1988-11-11,6.8125,6.8125,6.75,6.75,2.5305838584899902,71200
NWL,1988-11-14,6.75,6.8125,6.75,6.78125,2.542299747467041,180800
NWL,1988-11-15,6.78125,6.84375,6.78125,6.78125,2.542299747467041,115200
NWL,1988-11-16,6.84375,6.96875,6.84375,6.90625,2.589162588119507,268000
NWL,1988-11-17,6.90625,7.0,6.90625,6.90625,2.589162588119507,63200
NWL,1988-11-18,6.96875,6.96875,6.875,6.90625,2.589162588119507,303600
NWL,1988-11-21,6.90625,6.90625,6.84375,6.90625,2.589162588119507,78000
NWL,1988-11-22,6.90625,6.90625,6.78125,6.78125,2.542299747467041,112800
NWL,1988-11-23,6.8125,6.875,6.8125,6.84375,2.5657308101654053,124000
NWL,1988-11-25,6.84375,6.875,6.84375,6.84375,2.5657308101654053,194000
NWL,1988-11-28,6.84375,6.90625,6.8125,6.84375,2.5657308101654053,27600
NWL,1988-11-29,6.84375,6.84375,6.78125,6.8125,2.5540151596069336,29200
NWL,1988-11-30,6.84375,6.84375,6.75,6.78125,2.542299747467041,71200
NWL,1988-12-01,6.75,6.75,6.6875,6.75,2.5305838584899902,180400
NWL,1988-12-02,6.75,6.75,6.625,6.71875,2.5188684463500977,33600
NWL,1988-12-05,6.65625,6.71875,6.65625,6.6875,2.507153987884521,83200
NWL,1988-12-06,6.71875,6.78125,6.71875,6.78125,2.542299747467041,164400
NWL,1988-12-07,6.8125,6.875,6.8125,6.875,2.577446937561035,83600
NWL,1988-12-08,6.90625,6.90625,6.78125,6.84375,2.5657308101654053,64800
NWL,1988-12-09,6.84375,6.84375,6.75,6.75,2.5305838584899902,16000
NWL,1988-12-12,6.75,6.8125,6.6875,6.6875,2.507153987884521,107600
NWL,1988-12-13,6.6875,6.9375,6.6875,6.875,2.577446937561035,120000
NWL,1988-12-14,6.875,6.96875,6.875,6.90625,2.589162588119507,528000
NWL,1988-12-15,6.90625,6.90625,6.84375,6.90625,2.589162588119507,23200
NWL,1988-12-16,6.84375,6.9375,6.78125,6.90625,2.589162588119507,176800
NWL,1988-12-19,6.875,7.0,6.875,6.96875,2.61259388923645,259600
NWL,1988-12-20,7.03125,7.34375,7.0,7.1875,2.6946022510528564,847200
NWL,1988-12-21,7.25,7.375,7.1875,7.1875,2.6946022510528564,291600
NWL,1988-12-22,7.21875,7.21875,7.09375,7.125,2.671170949935913,137200
NWL,1988-12-23,7.0625,7.125,7.0625,7.125,2.671170949935913,49600
NWL,1988-12-27,7.125,7.125,7.03125,7.09375,2.659454822540283,25600
NWL,1988-12-28,7.0625,7.09375,7.03125,7.09375,2.659454822540283,68000
NWL,1988-12-29,7.09375,7.09375,7.0625,7.0625,2.6477410793304443,168400
NWL,1988-12-30,7.09375,7.09375,6.96875,7.0625,2.6477410793304443,106800
NWL,1989-01-03,7.0625,7.0625,6.9375,6.9375,2.6008780002593994,548000
NWL,1989-01-04,6.875,7.0,6.875,6.96875,2.61259388923645,216800
NWL,1989-01-05,6.96875,7.0,6.84375,6.84375,2.5657308101654053,40800
NWL,1989-01-06,6.90625,6.9375,6.875,6.90625,2.589162588119507,34400
NWL,1989-01-09,6.90625,6.9375,6.90625,6.90625,2.589162588119507,51600
NWL,1989-01-10,6.9375,6.96875,6.90625,6.96875,2.61259388923645,168800
NWL,1989-01-11,7.03125,7.09375,7.0,7.09375,2.659454822540283,312000
NWL,1989-01-12,7.09375,7.15625,7.0625,7.09375,2.659454822540283,730400
NWL,1989-01-13,7.09375,7.09375,7.03125,7.03125,2.6360280513763428,178400
NWL,1989-01-16,6.9375,6.96875,6.875,6.875,2.577446937561035,317200
NWL,1989-01-17,6.8125,6.84375,6.65625,6.6875,2.507153987884521,393600
NWL,1989-01-18,6.6875,6.6875,6.375,6.59375,2.4720053672790527,779200
NWL,1989-01-19,6.6875,6.90625,6.65625,6.875,2.577446937561035,301200
NWL,1989-01-20,6.9375,6.96875,6.84375,6.875,2.577446937561035,256800
NWL,1989-01-23,6.90625,6.96875,6.90625,6.90625,2.589162588119507,501200
NWL,1989-01-24,6.875,6.90625,6.75,6.75,2.5305838584899902,311600
NWL,1989-01-25,6.78125,6.875,6.75,6.875,2.577446937561035,888800
NWL,1989-01-26,6.9375,6.96875,6.875,6.96875,2.61259388923645,1528800
NWL,1989-01-27,6.9375,7.09375,6.9375,7.03125,2.6360280513763428,912800
NWL,1989-01-30,7.15625,7.46875,7.15625,7.21875,2.7063205242156982,427600
NWL,1989-01-31,7.21875,7.53125,7.21875,7.5,2.811760187149048,478400
NWL,1989-02-01,7.625,7.6875,7.4375,7.46875,2.800044298171997,920000
NWL,1989-02-02,7.5,7.53125,7.3125,7.3125,2.741464138031006,270800
NWL,1989-02-03,7.34375,7.375,7.3125,7.34375,2.753180503845215,190400
NWL,1989-02-06,7.375,7.375,7.25,7.25,2.718034505844116,104400
NWL,1989-02-07,7.25,7.375,7.21875,7.25,2.718034505844116,234000
NWL,1989-02-08,7.28125,7.59375,7.28125,7.5,2.811760187149048,241200
NWL,1989-02-09,7.46875,7.625,7.46875,7.53125,2.823474645614624,275600
NWL,1989-02-10,7.5,7.59375,7.46875,7.53125,2.823474645614624,193600
NWL,1989-02-13,7.46875,7.46875,7.21875,7.34375,2.753180503845215,412800
NWL,1989-02-14,7.375,7.375,7.28125,7.34375,2.753180503845215,209200
NWL,1989-02-15,7.375,7.40625,7.34375,7.40625,2.776613473892212,223600
NWL,1989-02-16,7.46875,7.53125,7.4375,7.53125,2.823474645614624,255200
NWL,1989-02-17,7.53125,7.59375,7.53125,7.53125,2.823474645614624,68800
NWL,1989-02-21,7.5625,7.59375,7.46875,7.46875,2.817816972732544,44400
NWL,1989-02-22,7.5,7.5,7.4375,7.5,2.829607009887696,66400
NWL,1989-02-23,7.46875,7.59375,7.40625,7.53125,2.841395854949951,121200
NWL,1989-02-24,7.53125,7.5625,7.3125,7.4375,2.806027889251709,206000
NWL,1989-02-27,7.4375,7.46875,7.40625,7.46875,2.817816972732544,130800
NWL,1989-02-28,7.5,7.65625,7.46875,7.59375,2.864975929260254,123200
NWL,1989-03-01,7.53125,7.625,7.5,7.5625,2.85318660736084,154800
NWL,1989-03-02,7.53125,7.84375,7.53125,7.75,2.923927068710327,129600
NWL,1989-03-03,7.6875,7.75,7.65625,7.65625,2.8885574340820312,75600
NWL,1989-03-06,7.6875,7.71875,7.625,7.6875,2.9003467559814453,96800
NWL,1989-03-07,7.71875,7.75,7.65625,7.75,2.923927068710327,43600
NWL,1989-03-08,7.6875,7.6875,7.65625,7.6875,2.9003467559814453,125200
NWL,1989-03-09,7.65625,7.6875,7.625,7.625,2.876767158508301,37600
NWL,1989-03-10,7.59375,7.6875,7.5625,7.65625,2.8885574340820312,130400
NWL,1989-03-13,7.6875,7.6875,7.5,7.5625,2.85318660736084,70000
NWL,1989-03-14,7.625,7.6875,7.53125,7.625,2.876767158508301,241200
NWL,1989-03-15,7.6875,7.84375,7.6875,7.75,2.923927068710327,358800
NWL,1989-03-16,7.78125,7.78125,7.75,7.78125,2.9357166290283203,137200
NWL,1989-03-17,7.6875,7.8125,7.6875,7.78125,2.9357166290283203,284400
NWL,1989-03-20,7.78125,7.8125,7.6875,7.71875,2.9121363162994385,175600
NWL,1989-03-21,7.71875,8.0,7.71875,7.9375,2.994666337966919,513200
NWL,1989-03-22,8.0,8.0,7.9375,7.96875,3.0064568519592285,112800
NWL,1989-03-23,7.9375,8.0,7.90625,8.0,3.018247365951538,152000
NWL,1989-03-27,8.0,8.03125,7.96875,7.96875,3.0064568519592285,124800
NWL,1989-03-28,8.0,8.0625,7.96875,8.0625,3.0418267250061035,48000
NWL,1989-03-29,8.09375,8.28125,8.09375,8.28125,3.1243577003479004,284800
NWL,1989-03-30,8.34375,8.46875,8.34375,8.40625,3.1715188026428223,146400
NWL,1989-03-31,8.40625,8.5625,8.40625,8.5,3.20688533782959,308800
NWL,1989-04-03,8.5,8.625,8.46875,8.53125,3.218677759170532,258000
NWL,1989-04-04,8.5,8.5,8.375,8.375,3.1597278118133545,253200
NWL,1989-04-05,8.375,8.40625,8.3125,8.34375,3.1479363441467285,105600
NWL,1989-04-06,8.34375,8.34375,8.0625,8.1875,3.0889878273010254,73200
NWL,1989-04-07,8.125,8.25,7.96875,8.21875,3.1007773876190186,252000
NWL,1989-04-10,8.21875,8.21875,8.125,8.1875,3.0889878273010254,147200
NWL,1989-04-11,8.21875,8.3125,8.15625,8.3125,3.1361453533172607,144800
NWL,1989-04-12,8.34375,8.5,8.34375,8.5,3.20688533782959,277200
NWL,1989-04-13,8.5625,8.5625,8.40625,8.46875,3.1950974464416504,249200
NWL,1989-04-14,8.5,8.59375,8.46875,8.46875,3.1950974464416504,148000
NWL,1989-04-17,8.5,8.53125,8.40625,8.53125,3.218677759170532,137200
NWL,1989-04-18,8.5625,8.8125,8.53125,8.78125,3.312997579574585,417200
NWL,1989-04-19,8.78125,8.90625,8.78125,8.78125,3.312997579574585,192000
NWL,1989-04-20,8.78125,8.875,8.6875,8.8125,3.3247883319854736,231600
NWL,1989-04-21,8.75,8.8125,8.71875,8.75,3.301206350326538,192800
NWL,1989-04-24,8.8125,8.8125,8.75,8.75,3.301206350326538,62400
NWL,1989-04-25,8.75,8.84375,8.75,8.8125,3.3247883319854736,83200
NWL,1989-04-26,8.8125,8.90625,8.8125,8.8125,3.3247883319854736,312400
NWL,1989-04-27,9.0625,9.15625,9.03125,9.0625,3.4191062450408936,2238800
NWL,1989-04-28,9.0625,9.1875,9.0625,9.1875,3.4662675857543945,488400
NWL,1989-05-01,9.15625,9.34375,9.15625,9.28125,3.501638174057007,108800
NWL,1989-05-02,9.28125,9.3125,9.25,9.28125,3.501638174057007,221600
NWL,1989-05-03,9.25,9.59375,9.25,9.59375,3.6195363998413086,343600
NWL,1989-05-04,9.625,9.625,9.125,9.4375,3.5605902671813965,656800
NWL,1989-05-05,9.40625,9.53125,9.40625,9.46875,3.5723793506622314,249600
NWL,1989-05-08,9.46875,9.46875,9.4375,9.46875,3.5723793506622314,102400
NWL,1989-05-09,9.46875,9.46875,9.21875,9.375,3.537007093429565,318800
NWL,1989-05-10,9.34375,9.4375,9.3125,9.4375,3.5605902671813965,218800
NWL,1989-05-11,9.4375,9.4375,9.21875,9.28125,3.501638174057007,156400
NWL,1989-05-12,9.34375,9.4375,9.25,9.3125,3.513427495956421,278400
NWL,1989-05-15,9.34375,9.34375,9.21875,9.34375,3.525216817855835,506800
NWL,1989-05-16,9.28125,9.40625,9.28125,9.28125,3.519528865814209,242000
NWL,1989-05-17,9.28125,9.625,9.28125,9.5,3.602482318878174,356800
NWL,1989-05-18,9.5625,9.5625,9.4375,9.4375,3.5787830352783203,178400
NWL,1989-05-19,9.46875,9.59375,9.46875,9.59375,3.6380326747894287,220800
NWL,1989-05-22,9.59375,9.75,9.5625,9.65625,3.661733627319336,205200
NWL,1989-05-23,9.65625,9.84375,9.625,9.65625,3.661733627319336,233600
NWL,1989-05-24,9.65625,9.78125,9.625,9.625,3.649885416030884,123600
NWL,1989-05-25,9.6875,9.78125,9.65625,9.6875,3.673583507537842,313600
NWL,1989-05-26,9.6875,9.84375,9.6875,9.84375,3.7328360080718994,83600
NWL,1989-05-30,9.84375,9.84375,9.65625,9.75,3.697283744812012,207200
NWL,1989-05-31,9.78125,9.84375,9.6875,9.84375,3.7328360080718994,100000
NWL,1989-06-01,9.78125,9.96875,9.6875,9.96875,3.78023624420166,368400
NWL,1989-06-02,9.96875,10.21875,9.96875,10.125,3.839486598968506,244400
NWL,1989-06-05,10.0625,10.09375,9.90625,9.90625,3.756536722183228,376400
NWL,1989-06-06,9.96875,9.96875,9.625,9.8125,3.7209856510162354,290800
NWL,1989-06-07,9.75,9.875,9.6875,9.75,3.697283744812012,127600
NWL,1989-06-08,9.71875,9.78125,9.65625,9.65625,3.661733627319336,231600
NWL,1989-06-09,9.71875,9.71875,9.5,9.5,3.602482318878174,237600
NWL,1989-06-12,9.59375,9.625,9.5,9.5625,3.626183271408081,171200
NWL,1989-06-13,9.5625,9.59375,9.4375,9.5,3.602482318878174,346000
NWL,1989-06-14,9.5,9.625,9.46875,9.625,3.649885416030884,114000
NWL,1989-06-15,9.59375,9.625,9.46875,9.53125,3.6143314838409424,99200
NWL,1989-06-16,9.53125,9.75,9.53125,9.75,3.697283744812012,260400
NWL,1989-06-19,9.71875,9.9375,9.71875,9.9375,3.7683846950531006,93600
NWL,1989-06-20,9.9375,10.03125,9.875,9.875,3.744685888290405,123200
NWL,1989-06-21,9.84375,10.15625,9.84375,10.15625,3.8513357639312735,266000
NWL,1989-06-22,10.125,10.15625,9.9375,9.9375,3.7683846950531006,249200
NWL,1989-06-23,9.96875,10.0,9.84375,9.96875,3.78023624420166,107600
NWL,1989-06-26,9.875,10.0,9.875,9.90625,3.756536722183228,158000
NWL,1989-06-27,9.96875,9.96875,9.9375,9.96875,3.78023624420166,192400
NWL,1989-06-28,9.96875,10.0,9.875,9.90625,3.756536722183228,206800
NWL,1989-06-29,9.9375,9.9375,9.59375,9.59375,3.6380326747894287,185600
NWL,1989-06-30,9.65625,9.6875,9.28125,9.5625,3.626183271408081,199200
NWL,1989-07-03,9.5625,9.625,9.53125,9.53125,3.6143314838409424,41200
NWL,1989-07-05,9.53125,9.8125,9.5,9.8125,3.7209856510162354,102400
NWL,1989-07-06,9.875,9.9375,9.84375,9.875,3.744685888290405,196000
NWL,1989-07-07,9.9375,9.96875,9.90625,9.90625,3.756536722183228,621600
NWL,1989-07-10,9.96875,10.03125,9.90625,10.0,3.792084932327272,128800
NWL,1989-07-11,9.9375,10.0,9.90625,9.9375,3.7683846950531006,48400
NWL,1989-07-12,9.9375,9.9375,9.71875,9.8125,3.7209856510162354,78800
NWL,1989-07-13,9.84375,10.0625,9.8125,9.875,3.744685888290405,149200
NWL,1989-07-14,9.90625,9.96875,9.75,9.9375,3.7683846950531006,124000
NWL,1989-07-17,9.875,9.96875,9.78125,9.96875,3.78023624420166,55200
NWL,1989-07-18,9.9375,9.96875,9.84375,9.90625,3.756536722183228,29600
NWL,1989-07-19,9.9375,10.0,9.9375,10.0,3.792084932327272,68000
NWL,1989-07-20,10.125,10.375,10.125,10.1875,3.8631880283355713,400400
NWL,1989-07-21,10.15625,10.40625,10.125,10.40625,3.946140766143799,154400
NWL,1989-07-24,10.34375,10.46875,10.3125,10.34375,3.922438859939575,114400
NWL,1989-07-25,10.40625,10.75,10.40625,10.75,4.07649564743042,148400
NWL,1989-07-26,10.75,10.875,10.71875,10.875,4.1238932609558105,501600
NWL,1989-07-27,11.0625,11.09375,10.9375,11.0,4.171294689178467,364000
NWL,1989-07-28,10.96875,11.03125,10.9375,11.0,4.171294689178467,210800
NWL,1989-07-31,11.03125,11.03125,10.78125,10.875,4.1238932609558105,71200
NWL,1989-08-01,10.84375,10.875,10.625,10.625,4.0290937423706055,381600
NWL,1989-08-02,10.625,10.75,10.59375,10.6875,4.05279541015625,458000
NWL,1989-08-03,10.71875,10.75,10.625,10.71875,4.06464433670044,423600
NWL,1989-08-04,10.71875,10.71875,10.5625,10.65625,4.040943622589111,124400
NWL,1989-08-07,10.65625,10.75,10.59375,10.6875,4.05279541015625,190800
NWL,1989-08-08,10.75,10.9375,10.6875,10.9375,4.147593975067139,361200
NWL,1989-08-09,10.875,11.25,10.84375,10.875,4.144735813140869,171200
NWL,1989-08-10,10.875,11.625,10.875,11.25,4.287654876708984,308400
NWL,1989-08-11,11.25,11.625,11.0625,11.0625,4.2161970138549805,242800
NWL,1989-08-14,11.0,11.3125,11.0,11.28125,4.299570083618164,123600
NWL,1989-08-15,11.21875,11.5625,11.21875,11.25,4.287654876708984,306800
NWL,1989-08-16,11.28125,11.3125,11.25,11.25,4.287654876708984,137200
NWL,1989-08-17,11.25,11.25,11.0,11.125,4.240018367767334,266800
NWL,1989-08-18,11.0625,11.5,11.0625,11.5,4.382938861846924,242400
NWL,1989-08-21,11.46875,11.5,10.9375,10.9375,4.168557643890381,77600
NWL,1989-08-22,10.9375,11.125,10.875,10.9375,4.168557643890381,169200
NWL,1989-08-23,11.0,11.0625,10.96875,11.03125,4.204286098480225,60400
NWL,1989-08-24,11.03125,11.1875,10.9375,11.1875,4.263839721679688,124400
NWL,1989-08-25,11.1875,11.28125,11.15625,11.15625,4.251926898956299,157200
NWL,1989-08-28,11.15625,11.21875,11.0625,11.1875,4.263839721679688,104000
NWL,1989-08-29,11.125,11.1875,11.0,11.09375,4.228107452392578,52800
NWL,1989-08-30,11.125,11.1875,10.90625,10.96875,4.18046760559082,385200
NWL,1989-08-31,11.0,11.03125,10.9375,11.0,4.192375659942627,277600
NWL,1989-09-01,10.96875,11.15625,10.96875,11.03125,4.204286098480225,140000
NWL,1989-09-05,11.03125,11.03125,10.8125,10.90625,4.156644344329834,82800
NWL,1989-09-06,10.96875,11.0,10.875,10.9375,4.168557643890381,212800
NWL,1989-09-07,10.875,10.90625,10.625,10.75,4.097095966339111,133200
NWL,1989-09-08,10.8125,10.96875,10.625,10.90625,4.156644344329834,130400
NWL,1989-09-11,10.84375,10.90625,10.625,10.6875,4.073277473449707,801600
NWL,1989-09-12,10.65625,10.8125,10.65625,10.75,4.097095966339111,72800
NWL,1989-09-13,10.78125,10.78125,10.53125,10.5625,4.025635242462158,61600
NWL,1989-09-14,10.625,10.65625,10.3125,10.59375,4.037546634674072,142000
NWL,1989-09-15,10.53125,10.71875,10.53125,10.71875,4.08518648147583,320000
NWL,1989-09-18,10.71875,10.71875,10.5625,10.6875,4.073277473449707,146000
NWL,1989-09-19,10.6875,10.78125,10.6875,10.75,4.097095966339111,270000
NWL,1989-09-20,10.6875,10.9375,10.6875,10.9375,4.168557643890381,191600
NWL,1989-09-21,10.9375,10.96875,10.78125,10.78125,4.109004974365234,133200
NWL,1989-09-22,10.8125,10.84375,10.6875,10.6875,4.073277473449707,129200
NWL,1989-09-25,10.6875,10.75,10.625,10.75,4.097095966339111,281600
NWL,1989-09-26,10.8125,10.875,10.75,10.75,4.097095966339111,279200
NWL,1989-09-27,10.71875,10.78125,10.625,10.78125,4.109004974365234,49600
NWL,1989-09-28,10.78125,10.96875,10.78125,10.96875,4.18046760559082,32400
NWL,1989-09-29,11.0,11.375,11.0,11.375,4.3352952003479,417600
NWL,1989-10-02,11.53125,11.625,11.46875,11.59375,4.418670654296875,177200
NWL,1989-10-03,11.625,11.875,11.625,11.875,4.525858879089356,231600
NWL,1989-10-04,11.9375,12.25,11.9375,12.0,4.573500633239746,269600
NWL,1989-10-05,12.0625,12.09375,11.9375,12.0625,4.5973219871521,79600
NWL,1989-10-06,12.0625,12.125,12.0,12.0625,4.5973219871521,120400
NWL,1989-10-09,12.15625,12.28125,12.15625,12.21875,4.656871318817139,67200
NWL,1989-10-10,12.28125,12.53125,12.28125,12.5,4.764065742492676,235200
NWL,1989-10-11,12.5,12.625,12.4375,12.46875,4.75215482711792,416000
NWL,1989-10-12,12.46875,12.46875,12.40625,12.46875,4.75215482711792,268400
NWL,1989-10-13,12.40625,12.4375,11.4375,11.5625,4.406761169433594,444800
NWL,1989-10-16,11.375,11.8125,11.1875,11.8125,4.502039909362793,330800
NWL,1989-10-17,11.8125,11.9375,11.59375,11.71875,4.466312885284424,137600
NWL,1989-10-18,11.71875,11.8125,11.625,11.75,4.478219985961914,217200
NWL,1989-10-19,11.8125,12.28125,11.8125,12.15625,4.633053302764893,105600
NWL,1989-10-20,12.25,12.28125,12.0,12.125,4.6211419105529785,137200
NWL,1989-10-23,12.125,12.46875,12.125,12.375,4.716422080993652,205600
NWL,1989-10-24,12.3125,12.375,12.03125,12.125,4.6211419105529785,482800
NWL,1989-10-25,12.0625,12.375,12.0,12.34375,4.704513549804688,199600
NWL,1989-10-26,12.34375,12.40625,12.15625,12.1875,4.64496374130249,212400
NWL,1989-10-27,12.125,12.1875,11.96875,12.03125,4.585409164428711,190800
NWL,1989-10-30,12.0,12.125,11.84375,11.9375,4.549679756164551,340000
NWL,1989-10-31,11.96875,12.03125,11.71875,11.84375,4.513948917388916,258000
NWL,1989-11-01,11.78125,11.8125,11.3125,11.40625,4.347206592559815,325600
NWL,1989-11-02,11.34375,11.40625,11.0625,11.09375,4.228107452392578,206800
NWL,1989-11-03,11.125,11.1875,10.90625,10.90625,4.156644344329834,132400
NWL,1989-11-06,10.78125,10.8125,10.34375,10.4375,3.977992534637451,252000
NWL,1989-11-07,10.59375,10.59375,10.25,10.34375,3.9422647953033447,801200
NWL,1989-11-08,10.3125,10.84375,10.1875,10.75,4.097095966339111,782400
NWL,1989-11-09,10.78125,10.84375,10.65625,10.84375,4.15699577331543,456000
NWL,1989-11-10,10.875,10.96875,10.875,10.96875,4.204915046691895,775200
NWL,1989-11-13,11.0,11.0625,10.9375,11.0625,4.240853309631348,322400
NWL,1989-11-14,11.09375,11.125,11.0,11.0625,4.240853309631348,268800
NWL,1989-11-15,11.0,11.03125,10.84375,10.96875,4.204915046691895,338000
NWL,1989-11-16,10.90625,10.9375,10.8125,10.90625,4.180952548980713,498800
NWL,1989-11-17,10.90625,10.9375,10.8125,10.8125,4.145014762878418,241600
NWL,1989-11-20,10.84375,10.84375,10.3125,10.5,4.02521562576294,195200
NWL,1989-11-21,10.5625,10.875,10.53125,10.75,4.121055603027344,232000
NWL,1989-11-22,10.8125,10.875,10.78125,10.8125,4.145014762878418,51200
NWL,1989-11-24,10.84375,10.84375,10.625,10.6875,4.097097396850586,75200
NWL,1989-11-27,10.75,10.78125,10.6875,10.75,4.121055603027344,124000
NWL,1989-11-28,10.8125,10.90625,10.71875,10.875,4.168973922729492,281200
NWL,1989-11-29,10.8125,10.84375,10.625,10.65625,4.085115432739258,312000
NWL,1989-11-30,10.6875,10.75,10.6875,10.75,4.121055603027344,146400
NWL,1989-12-01,10.71875,10.84375,10.6875,10.84375,4.15699577331543,301200
NWL,1989-12-04,10.9375,11.25,10.75,10.875,4.168973922729492,211800
NWL,1989-12-05,10.875,11.0,10.75,10.9375,4.192934989929199,291000
NWL,1989-12-06,10.9375,10.9375,10.6875,10.75,4.121055603027344,150200
NWL,1989-12-07,10.8125,10.875,10.5625,10.5625,4.049176692962647,63800
NWL,1989-12-08,10.6875,10.8125,10.625,10.6875,4.097097396850586,113200
NWL,1989-12-11,10.75,10.8125,10.5625,10.6875,4.097097396850586,229800
NWL,1989-12-12,10.5625,10.6875,10.5,10.5625,4.049176692962647,383400
NWL,1989-12-13,10.5,10.5625,10.375,10.4375,4.001255989074707,149000
NWL,1989-12-14,10.4375,10.625,10.3125,10.375,3.9772965908050537,200000
NWL,1989-12-15,10.375,10.6875,10.25,10.625,4.073134422302246,587400
NWL,1989-12-18,10.6875,10.6875,9.125,10.3125,3.953337669372559,746400
NWL,1989-12-19,9.9375,10.875,9.75,10.8125,4.145014762878418,546200
NWL,1989-12-20,10.8125,11.0,10.75,10.9375,4.192934989929199,409600
NWL,1989-12-21,10.9375,11.0,10.9375,11.0,4.216892719268799,476400
NWL,1989-12-22,11.0,11.0625,10.9375,11.0625,4.240853309631348,90600
NWL,1989-12-26,11.0,11.0,10.875,10.875,4.168973922729492,53400
NWL,1989-12-27,10.875,11.0625,10.875,11.0625,4.240853309631348,506400
NWL,1989-12-28,11.0625,11.1875,11.0,11.0,4.216892719268799,92400
NWL,1989-12-29,11.125,11.4375,10.9375,11.0625,4.240853309631348,162200
NWL,1990-01-02,11.0625,12.0,11.0,12.0,4.600246906280518,283000
NWL,1990-01-03,11.875,11.9375,11.5,11.9375,4.576285362243652,369200
NWL,1990-01-04,11.9375,11.9375,11.5,11.875,4.552326202392578,183800
NWL,1990-01-05,11.8125,12.0,11.75,11.875,4.552326202392578,160400
NWL,1990-01-08,11.75,11.9375,11.6875,11.9375,4.576285362243652,185600
NWL,1990-01-09,11.8125,11.875,11.5,11.6875,4.480451583862305,169000
NWL,1990-01-10,11.5625,11.8125,11.4375,11.5625,4.432531833648682,205200
NWL,1990-01-11,11.625,11.6875,10.8125,10.875,4.168973922729492,107400
NWL,1990-01-12,10.75,11.0,10.3125,10.9375,4.192934989929199,119200
NWL,1990-01-15,10.875,10.875,10.375,10.375,3.9772965908050537,167400
NWL,1990-01-16,10.1875,10.8125,10.1875,10.8125,4.145014762878418,243200
NWL,1990-01-17,10.5,10.75,10.375,10.5625,4.049176692962647,127600
NWL,1990-01-18,10.5625,11.1875,10.5625,11.0625,4.240853309631348,389400
NWL,1990-01-19,11.0625,11.125,10.75,10.875,4.168973922729492,137600
NWL,1990-01-22,10.8125,10.9375,9.875,10.1875,3.905418157577514,167600
NWL,1990-01-23,10.3125,10.625,10.25,10.375,3.9772965908050537,232800
NWL,1990-01-24,10.25,10.75,10.25,10.625,4.073134422302246,229600
NWL,1990-01-25,10.6875,10.75,10.3125,10.625,4.073134422302246,139600
NWL,1990-01-26,10.5625,10.75,10.4375,10.6875,4.097097396850586,123400
NWL,1990-01-29,10.5625,10.6875,10.25,10.625,4.073134422302246,138000
NWL,1990-01-30,10.625,11.0625,10.625,10.9375,4.192934989929199,535000
NWL,1990-01-31,10.875,11.625,10.875,11.625,4.456490993499756,188200
NWL,1990-02-01,11.625,11.625,11.1875,11.625,4.456490993499756,96400
NWL,1990-02-02,11.5,11.875,11.4375,11.875,4.552326202392578,78400
NWL,1990-02-05,11.9375,11.9375,11.5,11.5625,4.432531833648682,140600
NWL,1990-02-06,11.5625,11.625,11.375,11.4375,4.384608268737793,106400
NWL,1990-02-07,11.375,11.625,11.1875,11.5,4.408570766448975,201200
NWL,1990-02-08,11.625,11.875,11.5,11.75,4.50440788269043,94200
NWL,1990-02-09,11.875,12.1875,11.8125,12.125,4.648165702819824,266400
NWL,1990-02-12,12.125,12.375,12.0625,12.125,4.648165702819824,181400
NWL,1990-02-13,12.0,12.0625,11.75,11.9375,4.576285362243652,138200
NWL,1990-02-14,12.0,12.0625,11.8125,12.0,4.600246906280518,78800
NWL,1990-02-15,12.0625,12.375,12.0,12.3125,4.720045566558838,86000
NWL,1990-02-16,12.4375,12.625,12.125,12.375,4.7440032958984375,210800
NWL,1990-02-20,12.3125,12.3125,11.75,11.8125,4.55135440826416,153200
NWL,1990-02-21,11.625,11.875,11.5625,11.75,4.527275085449219,114200
NWL,1990-02-22,11.8125,11.875,11.5,11.5,4.430949687957764,243400
NWL,1990-02-23,11.4375,11.875,11.375,11.8125,4.55135440826416,132400
NWL,1990-02-26,11.625,11.75,11.5625,11.75,4.527275085449219,263200
NWL,1990-02-27,11.6875,11.75,11.5,11.5,4.430949687957764,93400
NWL,1990-02-28,11.4375,11.4375,11.3125,11.375,4.382785320281982,153600
NWL,1990-03-01,11.3125,11.875,11.3125,11.875,4.575435161590576,75800
NWL,1990-03-02,11.75,12.3125,11.75,11.875,4.575435161590576,108800
NWL,1990-03-05,11.8125,11.9375,11.6875,11.75,4.527275085449219,99000
NWL,1990-03-06,11.75,12.125,11.75,12.125,4.671761512756348,89000
NWL,1990-03-07,12.1875,12.4375,12.1875,12.375,4.768085479736328,117600
NWL,1990-03-08,12.5,13.0625,12.5,12.75,4.91257381439209,217800
NWL,1990-03-09,12.875,13.0625,12.8125,13.0,5.0088982582092285,421400
NWL,1990-03-12,13.0625,13.1875,13.0,13.125,5.0570573806762695,105200
NWL,1990-03-13,13.125,13.1875,12.875,13.0625,5.032980442047119,225400
NWL,1990-03-14,12.9375,13.0625,12.9375,13.0,5.0088982582092285,114200
NWL,1990-03-15,12.9375,13.125,12.9375,13.125,5.0570573806762695,89200
NWL,1990-03-16,13.25,13.25,13.0,13.125,5.0570573806762695,386600
NWL,1990-03-19,13.125,13.125,12.9375,13.0,5.0088982582092285,130800
NWL,1990-03-20,13.125,13.125,13.0,13.0,5.0088982582092285,155800
NWL,1990-03-21,13.0625,13.0625,12.8125,12.8125,4.936654567718506,203000
NWL,1990-03-22,12.9375,12.9375,12.6875,12.6875,4.888493061065674,295800
NWL,1990-03-23,12.6875,12.8125,12.625,12.75,4.91257381439209,101400
NWL,1990-03-26,12.75,12.75,12.5,12.5625,4.840330123901367,136400
NWL,1990-03-27,12.5625,12.5625,12.4375,12.5,4.816249847412109,236400
NWL,1990-03-28,12.5,12.5,12.3125,12.4375,4.792168140411377,178000
NWL,1990-03-29,12.3125,12.4375,12.3125,12.375,4.768085479736328,91200
NWL,1990-03-30,12.5,12.5,12.25,12.3125,4.744003772735596,113400
NWL,1990-04-02,12.1875,12.1875,11.6875,11.875,4.575435161590576,228800
NWL,1990-04-03,11.875,12.0,11.75,12.0,4.623598098754883,194400
NWL,1990-04-04,12.0625,12.6875,12.0625,12.375,4.768085479736328,348600
NWL,1990-04-05,12.375,12.5625,12.25,12.3125,4.744003772735596,196600
NWL,1990-04-06,12.1875,12.3125,12.1875,12.1875,4.695840835571289,82000
NWL,1990-04-09,12.1875,12.3125,12.125,12.3125,4.744003772735596,149000
NWL,1990-04-10,12.25,12.5,12.1875,12.4375,4.792168140411377,285800
NWL,1990-04-11,12.375,12.6875,12.375,12.4375,4.792168140411377,491600
NWL,1990-04-12,12.5,12.6875,12.5,12.625,4.8644118309021,427000
NWL,1990-04-16,12.8125,13.375,12.75,13.125,5.0570573806762695,561800
NWL,1990-04-17,13.125,13.5,13.0,13.3125,5.129305839538574,312400
NWL,1990-04-18,13.25,13.4375,13.25,13.3125,5.129305839538574,130600
NWL,1990-04-19,13.3125,13.3125,13.0625,13.25,5.105223178863525,189200
NWL,1990-04-20,13.25,13.3125,13.0625,13.0625,5.032980442047119,176800
NWL,1990-04-23,13.125,13.375,13.0,13.125,5.0570573806762695,460200
NWL,1990-04-24,13.0625,13.3125,13.0625,13.125,5.0570573806762695,178400
NWL,1990-04-25,13.1875,13.4375,13.1875,13.25,5.105223178863525,121200
NWL,1990-04-26,13.25,13.375,13.1875,13.3125,5.129305839538574,196200
NWL,1990-04-27,13.3125,13.5,13.0625,13.125,5.0570573806762695,112200
NWL,1990-04-30,13.125,13.125,12.8125,13.0,5.0088982582092285,116200
NWL,1990-05-01,13.0625,13.3125,12.9375,13.1875,5.081140995025635,245400
NWL,1990-05-02,13.1875,13.625,13.125,13.625,5.249709129333496,224800
NWL,1990-05-03,13.5,14.125,13.5,13.8125,5.321951389312744,273000
NWL,1990-05-04,13.75,13.9375,13.75,13.875,5.346035957336426,136600
NWL,1990-05-07,13.875,14.25,13.875,14.1875,5.466440200805664,170800
NWL,1990-05-08,14.125,14.4375,14.125,14.3125,5.514605045318604,178600
NWL,1990-05-09,14.25,14.375,14.125,14.1875,5.466440200805664,118800
NWL,1990-05-10,14.1875,14.25,13.8125,13.875,5.346035957336426,290800
NWL,1990-05-11,13.9375,14.5,13.875,14.375,5.538684844970703,253800
NWL,1990-05-14,14.375,14.75,14.125,14.5625,5.610928535461426,333000
NWL,1990-05-15,14.4375,14.6875,14.4375,14.6875,5.68348503112793,156000
NWL,1990-05-16,14.5,14.75,14.4375,14.5625,5.635117530822754,182400
NWL,1990-05-17,14.5625,14.5625,14.0625,14.25,5.514186859130859,542200
NWL,1990-05-18,14.125,14.1875,13.6875,13.9375,5.393261909484863,552400
NWL,1990-05-21,13.9375,14.1875,13.875,14.1875,5.490001201629639,562000
NWL,1990-05-22,14.25,14.4375,14.25,14.3125,5.538373947143555,230400
NWL,1990-05-23,14.1875,14.375,14.1875,14.25,5.514186859130859,417000
NWL,1990-05-24,14.3125,14.4375,14.3125,14.375,5.562559604644775,113000
NWL,1990-05-25,14.4375,14.4375,14.3125,14.3125,5.538373947143555,83200
NWL,1990-05-29,14.4375,14.625,14.25,14.625,5.659299850463867,98000
NWL,1990-05-30,14.625,14.8125,14.5625,14.625,5.659299850463867,358800
NWL,1990-05-31,14.75,14.9375,14.625,14.625,5.659299850463867,226000
NWL,1990-06-01,14.875,14.9375,14.75,14.8125,5.73185396194458,179600
NWL,1990-06-04,14.875,14.9375,14.625,14.9375,5.780222415924072,566200
NWL,1990-06-05,15.0,15.4375,15.0,15.375,5.949522018432617,312000
NWL,1990-06-06,15.3125,15.6875,15.1875,15.6875,6.070446014404297,271000
NWL,1990-06-07,15.375,15.6875,14.6875,15.0,5.804410457611084,313000
NWL,1990-06-08,14.9375,14.9375,14.5,14.75,5.707668304443359,161800
NWL,1990-06-11,14.75,15.125,14.75,15.0625,5.828593254089356,154400
NWL,1990-06-12,15.125,15.5,14.9375,15.4375,5.9737043380737305,86800
NWL,1990-06-13,15.5,15.5625,15.0,15.1875,5.876964569091797,158200
NWL,1990-06-14,15.375,15.375,15.1875,15.3125,5.92533540725708,102800
NWL,1990-06-15,15.0,15.4375,15.0,15.4375,5.9737043380737305,244400
NWL,1990-06-18,15.4375,15.4375,14.9375,15.0625,5.828593254089356,392400
NWL,1990-06-19,15.0625,15.125,14.875,15.0,5.804410457611084,208000
NWL,1990-06-20,15.0,15.0,14.6875,14.8125,5.73185396194458,103200
NWL,1990-06-21,14.8125,15.0,14.8125,15.0,5.804410457611084,113800
NWL,1990-06-22,15.0,15.625,15.0,15.3125,5.92533540725708,237800
NWL,1990-06-25,15.3125,15.3125,15.0,15.0,5.804410457611084,177800
NWL,1990-06-26,15.0625,15.125,14.875,15.0,5.804410457611084,148000
NWL,1990-06-27,15.0,15.25,15.0,15.125,5.852778911590576,119400
NWL,1990-06-28,15.0625,15.1875,14.8125,15.1875,5.876964569091797,124000
NWL,1990-06-29,15.5,16.0,15.5,16.0,6.191370487213135,320000
NWL,1990-07-02,16.125,16.5,16.125,16.1875,6.263927936553955,195400
NWL,1990-07-03,16.1875,16.375,15.75,15.75,6.094631671905518,342000
NWL,1990-07-05,15.875,15.9375,15.625,15.625,6.046259880065918,234000
NWL,1990-07-06,15.6875,16.5,15.625,16.4375,6.360666275024414,319000
NWL,1990-07-09,16.375,16.375,16.0,16.0625,6.2155537605285645,276800
NWL,1990-07-10,16.1875,16.3125,15.9375,16.0625,6.2155537605285645,366000
NWL,1990-07-11,16.1875,17.125,16.125,16.8125,6.505779266357422,435000
NWL,1990-07-12,16.625,16.875,16.5,16.875,6.529962539672852,181600
NWL,1990-07-13,17.75,17.75,16.875,17.0,6.57833194732666,718400
NWL,1990-07-16,17.0,17.125,16.875,17.0625,6.602517604827881,201600
NWL,1990-07-17,17.25,17.3125,16.75,16.9375,6.554145812988281,198400
NWL,1990-07-18,16.875,17.125,16.875,17.0,6.57833194732666,198800
NWL,1990-07-19,17.25,17.25,15.75,16.0,6.191370487213135,630200
NWL,1990-07-20,16.0,16.25,15.625,15.75,6.094631671905518,367800
NWL,1990-07-23,15.625,15.75,14.3125,15.25,5.901151180267334,643800
NWL,1990-07-24,15.0625,15.125,14.875,15.0625,5.828593254089356,309200
NWL,1990-07-25,15.0,15.0,14.4375,14.625,5.659299850463867,402400
NWL,1990-07-26,14.625,15.0,14.1875,14.9375,5.780222415924072,644600
NWL,1990-07-27,14.9375,14.9375,14.75,14.875,5.75604248046875,139400
NWL,1990-07-30,14.875,14.875,14.625,14.8125,5.73185396194458,200600
NWL,1990-07-31,14.8125,14.9375,14.5625,14.9375,5.780222415924072,267600
NWL,1990-08-01,14.9375,14.9375,14.6875,14.875,5.75604248046875,149400
NWL,1990-08-02,14.75,14.75,14.3125,14.375,5.562559604644775,405800
NWL,1990-08-03,14.3125,14.3125,12.125,12.875,4.982120513916016,783600
NWL,1990-08-06,12.1875,12.5,11.875,12.1875,4.716085433959961,483400
NWL,1990-08-07,12.875,12.9375,12.5625,12.75,4.933751106262207,809400
NWL,1990-08-08,12.75,13.75,12.6875,13.0625,5.054673194885254,705800
NWL,1990-08-09,12.875,13.125,12.5,12.875,5.006072044372559,357000
NWL,1990-08-10,12.875,13.375,12.8125,13.1875,5.127578258514404,257400
NWL,1990-08-13,13.0625,13.1875,12.875,13.125,5.103277206420898,226200
NWL,1990-08-14,13.1875,13.625,13.125,13.5,5.249083995819092,196000
NWL,1990-08-15,13.5625,13.8125,13.5625,13.625,5.297684669494629,263000
NWL,1990-08-16,13.375,13.5,13.125,13.1875,5.127578258514404,163000
NWL,1990-08-17,12.875,13.0,12.0,12.4375,4.83596134185791,272800
NWL,1990-08-20,12.3125,12.375,12.125,12.25,4.763059139251709,93800
NWL,1990-08-21,11.625,12.125,11.1875,12.0,4.665853977203369,321600
NWL,1990-08-22,12.1875,12.375,11.125,11.1875,4.3499369621276855,392400
NWL,1990-08-23,11.5,11.5,10.25,11.0625,4.301332950592041,629400
NWL,1990-08-24,11.1875,11.6875,11.1875,11.6875,4.544345378875732,411200
NWL,1990-08-27,12.0625,12.1875,11.9375,12.0,4.665853977203369,377400
NWL,1990-08-28,12.0,12.5625,12.0,12.5,4.860263347625732,384200
NWL,1990-08-29,12.5,13.25,12.5,13.0,5.0546746253967285,206800
NWL,1990-08-30,12.625,13.0625,12.625,12.875,5.006072044372559,196400
NWL,1990-08-31,12.6875,13.0625,12.625,13.0,5.0546746253967285,71800
NWL,1990-09-04,13.0,13.0,12.8125,12.9375,5.030371189117432,151000
NWL,1990-09-05,13.0,13.25,13.0,13.1875,5.127578258514404,80400
NWL,1990-09-06,13.125,13.25,12.625,12.8125,4.981770992279053,349800
NWL,1990-09-07,12.8125,12.9375,12.625,12.625,4.9088664054870605,149800
NWL,1990-09-10,12.8125,12.9375,12.4375,12.6875,4.93316650390625,180600
NWL,1990-09-11,12.6875,12.6875,12.3125,12.3125,4.787358283996582,100400
NWL,1990-09-12,12.25,12.5,12.25,12.5,4.860263347625732,95000
NWL,1990-09-13,12.4375,12.4375,12.1875,12.3125,4.787358283996582,110600
NWL,1990-09-14,12.1875,12.375,12.1875,12.375,4.81165885925293,125600
NWL,1990-09-17,12.3125,12.3125,12.125,12.3125,4.787358283996582,48400
NWL,1990-09-18,12.25,12.625,12.25,12.625,4.9088664054870605,106800
NWL,1990-09-19,12.4375,12.4375,12.0625,12.1875,4.738757610321045,200000
NWL,1990-09-20,12.0625,12.0625,11.8125,11.9375,4.641550064086914,222800
NWL,1990-09-21,11.875,11.875,11.625,11.6875,4.544345378875732,168000
NWL,1990-09-24,11.4375,11.5,10.75,11.0625,4.301332950592041,191600
NWL,1990-09-25,11.0,11.0625,10.125,10.625,4.131222248077393,405600
NWL,1990-09-26,11.125,11.125,9.8125,10.125,3.936812162399292,432000
NWL,1990-09-27,10.125,10.125,8.875,9.5625,3.718101978302002,636400
NWL,1990-09-28,9.375,9.5,9.1875,9.25,3.596595287322998,468000
NWL,1990-10-01,9.6875,9.75,9.4375,9.75,3.791003227233887,375200
NWL,1990-10-02,9.875,10.5,9.875,10.25,3.9854156970977774,322000
NWL,1990-10-03,10.25,10.625,10.1875,10.375,4.034016609191895,212200
NWL,1990-10-04,10.4375,10.5,10.3125,10.375,4.034016609191895,153800
NWL,1990-10-05,10.0,10.5625,9.875,10.375,4.034016609191895,242000
NWL,1990-10-08,10.5,10.5,10.375,10.4375,4.058319568634033,84800
NWL,1990-10-09,10.375,10.375,9.9375,9.9375,3.86391019821167,237400
NWL,1990-10-10,10.0,10.0,9.375,9.5625,3.718101978302002,244400
NWL,1990-10-11,9.5,9.5,9.1875,9.5,3.693800210952759,266200
NWL,1990-10-12,9.625,9.9375,9.5,9.875,3.839610576629639,263200
NWL,1990-10-15,10.0,10.1875,9.875,9.9375,3.86391019821167,253000
NWL,1990-10-16,9.8125,9.9375,9.625,9.75,3.791003227233887,392400
NWL,1990-10-17,9.75,9.8125,9.625,9.8125,3.815307855606079,160800
NWL,1990-10-18,9.9375,10.3125,9.8125,10.1875,3.961113691329956,101000
NWL,1990-10-19,10.5,10.6875,10.25,10.375,4.034016609191895,196800
NWL,1990-10-22,10.1875,10.4375,10.125,10.375,4.034016609191895,86400
NWL,1990-10-23,10.3125,10.375,9.625,10.25,3.9854156970977774,226400
NWL,1990-10-24,10.375,10.625,10.3125,10.3125,4.009716033935547,463800
NWL,1990-10-25,10.375,10.4375,10.125,10.3125,4.009716033935547,452400
NWL,1990-10-26,10.1875,10.3125,10.125,10.1875,3.961113691329956,84200
NWL,1990-10-29,10.1875,10.1875,9.8125,9.875,3.839610576629639,62200
NWL,1990-10-30,9.9375,10.0625,9.8125,10.0625,3.912510395050049,194000
NWL,1990-10-31,10.0625,10.375,10.0625,10.3125,4.009716033935547,107600
NWL,1990-11-01,10.375,10.625,10.25,10.625,4.131222248077393,73000
NWL,1990-11-02,10.75,10.9375,10.4375,10.625,4.131222248077393,180800
NWL,1990-11-05,10.5625,10.875,10.5625,10.75,4.179826736450195,248200
NWL,1990-11-06,10.875,11.125,10.8125,10.9375,4.252730369567871,185000
NWL,1990-11-07,11.0625,11.125,10.5625,10.6875,4.1555256843566895,441800
NWL,1990-11-08,10.625,10.875,10.375,10.5,4.106633186340332,290200
NWL,1990-11-09,10.5,11.3125,10.375,11.25,4.399968147277832,450400
NWL,1990-11-12,11.125,11.875,11.125,11.75,4.595520973205566,316600
NWL,1990-11-13,11.75,11.875,11.3125,11.375,4.448855876922607,266000
NWL,1990-11-14,11.25,11.8125,11.25,11.625,4.546630382537842,581400
NWL,1990-11-15,11.625,11.75,11.5625,11.5625,4.52218770980835,99200
NWL,1990-11-16,11.625,11.875,11.625,11.875,4.644408226013184,189800
NWL,1990-11-19,11.6875,12.0,11.6875,11.875,4.644408226013184,209000
NWL,1990-11-20,11.875,11.9375,11.4375,11.4375,4.4732985496521,228600
NWL,1990-11-21,11.375,11.625,11.375,11.625,4.546630382537842,238600
NWL,1990-11-23,11.6875,11.75,11.5,11.5,4.497745513916016,56000
NWL,1990-11-26,11.5,11.625,11.375,11.5,4.497745513916016,473400
NWL,1990-11-27,11.5,12.25,11.5,12.125,4.742188930511475,385600
NWL,1990-11-28,12.0,12.125,11.9375,12.0,4.693297386169434,77600
NWL,1990-11-29,12.0,12.0625,11.6875,11.75,4.595520973205566,98200
NWL,1990-11-30,11.625,12.375,11.625,12.0625,4.717741012573242,314000
NWL,1990-12-03,12.0625,12.6875,12.0625,12.6875,4.962186813354492,271200
NWL,1990-12-04,12.625,12.625,12.375,12.5,4.888851165771484,162000
NWL,1990-12-05,12.625,12.75,12.4375,12.75,4.986629486083984,130600
NWL,1990-12-06,13.4375,13.4375,12.5,12.625,4.937743663787842,897800
NWL,1990-12-07,12.625,12.75,12.5625,12.6875,4.962186813354492,197400
NWL,1990-12-10,12.5625,12.875,12.4375,12.625,4.937743663787842,181600
NWL,1990-12-11,12.5625,12.8125,12.5625,12.6875,4.962186813354492,205400
NWL,1990-12-12,12.6875,12.75,12.625,12.75,4.986629486083984,354200
NWL,1990-12-13,12.875,12.9375,12.625,12.875,5.035517692565918,267600
NWL,1990-12-14,12.8125,12.8125,12.625,12.6875,4.962186813354492,260400
NWL,1990-12-17,12.5625,12.625,12.4375,12.5625,4.913294792175293,286200
NWL,1990-12-18,12.5,12.625,12.375,12.5,4.888851165771484,283800
NWL,1990-12-19,12.375,12.4375,12.3125,12.375,4.839963436126709,317800
NWL,1990-12-20,12.25,12.25,12.0625,12.125,4.742188930511475,158600
NWL,1990-12-21,12.4375,12.4375,12.1875,12.375,4.839963436126709,246400
NWL,1990-12-24,12.25,12.4375,12.25,12.25,4.791076183319092,30800
NWL,1990-12-26,12.25,12.375,12.125,12.25,4.791076183319092,44800
NWL,1990-12-27,12.3125,12.375,12.1875,12.25,4.791076183319092,143400
NWL,1990-12-28,12.3125,12.3125,12.125,12.1875,4.766631126403809,196200
NWL,1990-12-31,12.25,12.375,12.125,12.375,4.839963436126709,90000
NWL,1991-01-02,12.4375,12.5,12.25,12.375,4.839963436126709,229600
NWL,1991-01-03,12.375,12.875,12.25,12.25,4.791076183319092,229800
NWL,1991-01-04,12.3125,12.375,12.125,12.125,4.742188930511475,259400
NWL,1991-01-07,11.875,11.9375,11.5,11.625,4.546630382537842,184000
NWL,1991-01-08,11.6875,11.8125,11.5,11.8125,4.619965076446533,171200
NWL,1991-01-09,12.125,12.3125,11.5,11.625,4.546630382537842,358400
NWL,1991-01-10,11.75,12.25,11.625,12.125,4.742188930511475,158800
NWL,1991-01-11,12.125,12.1875,11.9375,12.0625,4.717741012573242,167000
NWL,1991-01-14,11.9375,12.0,11.625,11.9375,4.668853282928467,94800
NWL,1991-01-15,11.9375,12.0,11.75,12.0,4.693297386169434,52000
NWL,1991-01-16,12.0,12.1875,11.6875,12.0,4.693297386169434,131200
NWL,1991-01-17,12.4375,13.0,12.3125,12.5,4.888851165771484,913400
NWL,1991-01-18,12.5,13.3125,12.5,13.1875,5.157741546630859,250600
NWL,1991-01-21,13.0,13.25,13.0,13.1875,5.157741546630859,116400
NWL,1991-01-22,13.1875,13.3125,13.0,13.25,5.182185173034668,91800
NWL,1991-01-23,13.25,13.5625,13.25,13.4375,5.255517959594727,139000
NWL,1991-01-24,13.5,14.75,13.4375,14.375,5.622180938720703,575800
NWL,1991-01-25,14.3125,14.875,14.3125,14.5625,5.695512294769287,269600
NWL,1991-01-28,14.3125,14.625,14.25,14.4375,5.646629333496094,189800
NWL,1991-01-29,14.375,14.375,13.8125,13.875,5.426624774932861,146400
NWL,1991-01-30,13.8125,14.75,13.8125,14.625,5.719959259033203,379600
NWL,1991-01-31,14.5,15.0625,14.4375,14.9375,5.842175006866455,231800
NWL,1991-02-01,14.8125,14.8125,14.0625,14.1875,5.548847675323486,332200
NWL,1991-02-04,14.125,14.5625,14.0,14.5,5.671070098876953,520800
NWL,1991-02-05,14.5,15.0,14.375,14.5625,5.695512294769287,372800
NWL,1991-02-06,14.4375,14.9375,14.4375,14.9375,5.842175006866455,291000
NWL,1991-02-07,15.0,15.25,14.5625,14.8125,5.79329252243042,412800
NWL,1991-02-08,14.6875,14.9375,14.3125,14.5,5.671070098876953,123000
NWL,1991-02-11,14.5,14.625,14.375,14.625,5.719959259033203,202200
NWL,1991-02-12,14.625,14.9375,14.5,14.75,5.768845081329346,141600
NWL,1991-02-13,14.75,14.875,14.375,14.75,5.768845081329346,731200
NWL,1991-02-14,14.75,14.875,14.625,14.8125,5.79329252243042,283400
NWL,1991-02-15,14.75,15.125,14.625,15.0625,5.891067981719971,306400
NWL,1991-02-19,14.875,15.375,14.875,15.25,5.994248390197754,181800
NWL,1991-02-20,15.125,15.125,14.8125,15.0,5.895981788635254,336600
NWL,1991-02-21,15.125,15.25,15.0,15.0,5.895981788635254,172200
NWL,1991-02-22,15.0625,15.25,13.75,14.3125,5.625749111175537,617000
NWL,1991-02-25,14.5625,14.625,14.125,14.5,5.699448108673096,290800
NWL,1991-02-26,14.3125,14.375,14.125,14.3125,5.625749111175537,161800
NWL,1991-02-27,14.25,14.5,14.25,14.4375,5.674880027770996,230000
NWL,1991-02-28,14.375,14.5,14.25,14.25,5.601181983947754,491200
NWL,1991-03-01,14.125,14.625,14.0,14.5625,5.724017143249512,191400
NWL,1991-03-04,14.5625,14.75,14.5,14.6875,5.7731475830078125,263200
NWL,1991-03-05,14.625,14.875,14.625,14.8125,5.822279930114746,163200
NWL,1991-03-06,14.875,15.25,14.6875,14.875,5.8468451499938965,188200
NWL,1991-03-07,14.75,15.125,14.75,15.0,5.895981788635254,74000
NWL,1991-03-08,15.0,15.125,14.875,14.9375,5.871415615081787,110000
NWL,1991-03-11,14.875,15.0625,14.875,15.0,5.895981788635254,71400
NWL,1991-03-12,14.875,15.125,14.875,14.9375,5.871415615081787,141000
NWL,1991-03-13,14.9375,15.625,14.9375,15.5625,6.11707878112793,210000
NWL,1991-03-14,15.9375,16.0,15.25,15.5,6.092513084411621,327400
NWL,1991-03-15,15.4375,15.4375,15.0625,15.125,5.945110321044922,241000
NWL,1991-03-18,15.3125,15.625,15.25,15.5625,6.11707878112793,100200
NWL,1991-03-19,15.0625,15.375,15.0,15.25,5.994248390197754,143600
NWL,1991-03-20,15.125,15.3125,15.0,15.25,5.994248390197754,202600
NWL,1991-03-21,15.25,15.625,15.25,15.5,6.092513084411621,157800
NWL,1991-03-22,15.0625,15.5625,15.0,15.4375,6.067947864532471,173400
NWL,1991-03-25,15.25,15.875,15.25,15.625,6.141647338867188,298400
NWL,1991-03-26,15.4375,15.8125,15.4375,15.8125,6.215347290039063,231000
NWL,1991-03-27,16.25,16.25,15.875,16.25,6.387310981750488,273000
NWL,1991-03-28,16.125,16.25,15.875,16.0,6.289048671722412,130600
NWL,1991-04-01,16.0,16.0,15.6875,15.75,6.190778255462647,94600
NWL,1991-04-02,15.6875,16.0625,15.6875,16.0625,6.313614845275879,242200
NWL,1991-04-03,16.1875,16.4375,16.125,16.25,6.387310981750488,180200
NWL,1991-04-04,16.3125,16.3125,15.625,15.625,6.141647338867188,286400
NWL,1991-04-05,15.75,16.0,15.625,15.6875,6.166213512420654,231600
NWL,1991-04-08,15.5625,15.5625,15.0625,15.375,6.043380737304688,138200
NWL,1991-04-09,15.3125,15.3125,14.75,14.875,5.8468451499938965,488000
NWL,1991-04-10,14.9375,14.9375,14.3125,14.4375,5.674880027770996,269200
NWL,1991-04-11,14.5625,15.125,14.375,15.0,5.895981788635254,286600
NWL,1991-04-12,15.1875,15.1875,14.6875,15.1875,5.969682216644287,404600
NWL,1991-04-15,15.1875,15.4375,15.0,15.0,5.895981788635254,374400
NWL,1991-04-16,15.0625,15.875,14.875,15.875,6.239913463592529,284000
NWL,1991-04-17,16.0,16.625,16.0,16.4375,6.461012840270996,265600
NWL,1991-04-18,16.5,16.5,16.25,16.375,6.436443328857422,174000
NWL,1991-04-19,16.375,17.0625,16.375,16.8125,6.608412742614746,518200
NWL,1991-04-22,16.5,16.6875,16.375,16.5,6.485580921173096,175200
NWL,1991-04-23,16.5,16.5,15.875,16.0,6.289048671722412,279000
NWL,1991-04-24,16.125,16.125,15.875,15.9375,6.264482498168945,240200
NWL,1991-04-25,15.875,16.0,15.75,15.9375,6.264482498168945,124000
NWL,1991-04-26,15.9375,16.125,15.875,16.125,6.338179588317871,255200
NWL,1991-04-29,16.0625,16.125,15.75,15.75,6.190778255462647,218200
NWL,1991-04-30,15.75,16.0625,15.375,15.4375,6.067947864532471,321400
NWL,1991-05-01,15.5,15.5625,15.3125,15.3125,6.018815517425537,285400
NWL,1991-05-02,15.375,15.75,15.375,15.75,6.190778255462647,434200
NWL,1991-05-03,15.8125,16.1875,15.75,16.1875,6.36274528503418,81400
NWL,1991-05-06,16.125,16.5,16.125,16.5,6.485580921173096,164800
NWL,1991-05-07,16.5,16.625,16.1875,16.25,6.387310981750488,171000
NWL,1991-05-08,16.25,16.4375,16.1875,16.4375,6.461012840270996,253800
NWL,1991-05-09,16.625,16.75,16.4375,16.4375,6.461012840270996,237400
NWL,1991-05-10,16.375,16.375,16.0,16.0,6.289048671722412,132800
NWL,1991-05-13,16.0,16.1875,15.9375,16.0,6.289048671722412,76600
NWL,1991-05-14,16.0,16.125,15.75,15.875,6.239913463592529,152200
NWL,1991-05-15,15.8125,16.375,15.75,15.75,6.2201666831970215,475400
NWL,1991-05-16,15.8125,16.25,15.75,16.25,6.417632102966309,113800
NWL,1991-05-17,16.25,16.875,16.25,16.625,6.565732479095459,261400
NWL,1991-05-20,16.5,17.1875,16.5,17.0625,6.738513469696045,168600
NWL,1991-05-21,17.125,17.8125,17.0625,17.6875,6.985344886779785,181600
NWL,1991-05-22,17.625,17.8125,17.625,17.625,6.960662364959717,185800
NWL,1991-05-23,17.625,17.75,17.4375,17.5,6.911294460296631,220200
NWL,1991-05-24,17.625,17.9375,17.375,17.6875,6.985344886779785,64800
NWL,1991-05-28,17.625,17.875,17.5625,17.75,7.010032653808594,96600
NWL,1991-05-29,17.75,18.125,17.75,17.875,7.05939245223999,145200
NWL,1991-05-30,17.875,18.0625,17.75,18.0,7.108761787414551,252800
NWL,1991-05-31,17.875,17.875,17.5625,17.6875,6.985344886779785,277800
NWL,1991-06-03,17.5625,17.625,17.375,17.5,6.911294460296631,482000
NWL,1991-06-04,17.5625,17.5625,17.3125,17.375,6.861929893493652,179800
NWL,1991-06-05,17.375,17.5,17.25,17.375,6.861929893493652,194600
NWL,1991-06-06,17.5,17.5625,17.4375,17.5,6.911294460296631,309400
NWL,1991-06-07,17.4375,17.5625,17.0,17.125,6.76319694519043,107600
NWL,1991-06-10,17.0,17.0,16.5,16.5625,6.541045665740967,675800
NWL,1991-06-11,16.625,16.8125,16.5625,16.8125,6.639781475067139,444600
NWL,1991-06-12,16.75,16.9375,16.5,16.9375,6.68914794921875,128000
NWL,1991-06-13,16.8125,17.1875,16.75,17.125,6.76319694519043,115600
NWL,1991-06-14,17.25,17.5625,17.1875,17.5,6.911294460296631,275400
NWL,1991-06-17,17.4375,17.5625,17.3125,17.375,6.861929893493652,146400
NWL,1991-06-18,17.375,17.5,17.25,17.25,6.812562465667725,216600
NWL,1991-06-19,17.0625,17.125,16.75,16.8125,6.639781475067139,108600
NWL,1991-06-20,16.5625,16.9375,16.4375,16.75,6.61510181427002,173600
NWL,1991-06-21,17.0625,17.5,17.0625,17.5,6.911294460296631,238000
NWL,1991-06-24,17.4375,17.5,17.3125,17.375,6.861929893493652,130400
NWL,1991-06-25,17.5,17.625,16.6875,16.75,6.61510181427002,255200
NWL,1991-06-26,16.625,16.9375,16.5625,16.75,6.61510181427002,133000
NWL,1991-06-27,16.8125,16.875,16.5,16.6875,6.590413093566895,141200
NWL,1991-06-28,16.75,16.75,16.5,16.75,6.61510181427002,173200
NWL,1991-07-01,16.8125,17.125,16.5625,16.75,6.61510181427002,359400
NWL,1991-07-02,16.625,17.0,16.625,16.8125,6.639781475067139,231600
NWL,1991-07-03,16.875,17.0,16.625,16.8125,6.639781475067139,128400
NWL,1991-07-05,16.75,17.125,16.75,17.125,6.76319694519043,60200
NWL,1991-07-08,17.1875,17.1875,16.875,17.0625,6.738513469696045,124200
NWL,1991-07-09,17.0625,17.5625,17.0625,17.375,6.861929893493652,851000
NWL,1991-07-10,17.375,17.625,17.0625,17.4375,6.886612415313721,156200
NWL,1991-07-11,17.5,17.9375,17.5,17.6875,6.985344886779785,147000
NWL,1991-07-12,17.6875,17.75,17.375,17.5625,6.935975074768066,217200
NWL,1991-07-15,17.625,17.6875,17.25,17.25,6.812562465667725,177200
NWL,1991-07-16,17.3125,17.6875,17.3125,17.6875,6.985344886779785,143400
NWL,1991-07-17,17.75,17.875,17.625,17.625,6.960662364959717,211400
NWL,1991-07-18,18.0,18.25,17.75,17.75,7.010032653808594,280000
NWL,1991-07-19,17.875,18.4375,17.75,18.25,7.207497596740723,326800
NWL,1991-07-22,18.25,18.625,18.25,18.5625,7.330909729003906,204400
NWL,1991-07-23,18.5625,18.5625,18.3125,18.4375,7.281540870666504,218800
NWL,1991-07-24,18.5,18.5,18.1875,18.25,7.207497596740723,64000
NWL,1991-07-25,18.25,18.8125,18.25,18.8125,7.429643630981445,100800
NWL,1991-07-26,18.625,18.6875,18.375,18.625,7.355595111846924,217200
NWL,1991-07-29,18.5625,18.8125,18.4375,18.75,7.404958724975586,61800
NWL,1991-07-30,18.75,18.875,18.5625,18.75,7.404958724975586,80600
NWL,1991-07-31,18.75,18.8125,18.4375,18.75,7.404958724975586,99600
NWL,1991-08-01,18.75,18.8125,18.5625,18.5625,7.330909729003906,145200
NWL,1991-08-02,18.625,18.625,18.125,18.375,7.256864070892334,129200
NWL,1991-08-05,18.375,18.5,18.25,18.4375,7.281540870666504,87200
NWL,1991-08-06,18.375,18.625,18.1875,18.5,7.306228637695312,196400
NWL,1991-08-07,18.5,18.625,18.3125,18.5,7.306228637695312,119200
NWL,1991-08-08,18.5,19.25,18.5,19.25,7.602423191070557,157800
NWL,1991-08-09,19.0,19.6875,19.0,19.3125,7.656941413879394,123600
NWL,1991-08-12,19.3125,19.8125,19.3125,19.625,7.780843734741211,174600
NWL,1991-08-13,19.75,20.25,19.625,19.75,7.830399513244629,216600
NWL,1991-08-14,19.875,20.0625,19.375,19.5625,7.756060600280762,90600
NWL,1991-08-15,19.4375,19.5,18.875,19.0,7.533041477203369,328600
NWL,1991-08-16,19.0,19.125,18.75,18.9375,7.508260250091553,531200
NWL,1991-08-19,18.25,18.8125,18.25,18.75,7.433923721313477,261800
NWL,1991-08-20,19.0,19.0,18.6875,18.875,7.483486652374268,189600
NWL,1991-08-21,19.1875,19.4375,19.0625,19.3125,7.656941413879394,337000
NWL,1991-08-22,19.375,19.8125,19.25,19.75,7.830399513244629,138600
NWL,1991-08-23,19.875,19.9375,19.625,19.75,7.830399513244629,195200
NWL,1991-08-26,19.9375,20.375,19.9375,20.3125,8.053414344787598,324600
NWL,1991-08-27,20.375,20.625,20.375,20.5625,8.152534484863281,448600
NWL,1991-08-28,20.625,20.6875,20.5625,20.6875,8.202093124389648,302800
NWL,1991-08-29,20.5625,20.6875,20.5625,20.6875,8.202093124389648,134400
NWL,1991-08-30,20.8125,20.8125,20.6875,20.6875,8.202093124389648,179000
NWL,1991-09-03,20.8125,21.25,20.75,21.125,8.375557899475098,300200
NWL,1991-09-04,21.0625,21.125,20.375,20.5625,8.152534484863281,199200
NWL,1991-09-05,20.25,20.6875,20.25,20.25,8.02863597869873,381600
NWL,1991-09-06,20.25,20.375,20.25,20.375,8.078197479248047,141000
NWL,1991-09-09,20.375,20.875,20.3125,20.75,8.226871490478516,140200
NWL,1991-09-10,21.0,21.0,20.5,20.5625,8.152534484863281,142400
NWL,1991-09-11,20.5,20.5625,20.0,20.25,8.02863597869873,165000
NWL,1991-09-12,20.125,20.6875,20.125,20.6875,8.202093124389648,162600
NWL,1991-09-13,20.6875,20.6875,20.25,20.3125,8.053414344787598,78800
NWL,1991-09-16,20.3125,20.4375,20.25,20.4375,8.102974891662598,185000
NWL,1991-09-17,20.4375,20.4375,20.0,20.4375,8.102974891662598,138000
NWL,1991-09-18,20.4375,20.4375,20.0,20.125,7.97907543182373,179600
NWL,1991-09-19,20.0625,20.375,20.0625,20.25,8.02863597869873,255400
NWL,1991-09-20,20.375,20.375,20.1875,20.375,8.078197479248047,277600
NWL,1991-09-23,20.375,20.75,20.3125,20.625,8.177316665649414,147800
NWL,1991-09-24,20.75,20.75,20.125,20.4375,8.102974891662598,218200
NWL,1991-09-25,20.625,20.875,20.5,20.8125,8.251656532287598,237600
NWL,1991-09-26,20.6875,21.0,20.6875,21.0,8.32598876953125,269400
NWL,1991-09-27,21.0,21.1875,20.8125,21.1875,8.400336265563965,293800
NWL,1991-09-30,21.25,21.8125,21.0,21.8125,8.64813232421875,167000
NWL,1991-10-01,22.0,22.125,21.4375,21.5,8.52423095703125,185400
NWL,1991-10-02,21.5625,21.6875,21.375,21.5,8.52423095703125,146600
NWL,1991-10-03,21.5,21.5,20.6875,20.6875,8.202093124389648,231800
NWL,1991-10-04,20.75,20.75,20.3125,20.375,8.078197479248047,243200
NWL,1991-10-07,20.375,20.375,19.9375,20.0,7.92951488494873,75800
NWL,1991-10-08,20.125,20.125,19.75,20.0,7.92951488494873,217200
NWL,1991-10-09,20.0,20.5,20.0,20.375,8.078197479248047,252400
NWL,1991-10-10,20.3125,20.625,20.3125,20.4375,8.102974891662598,190800
NWL,1991-10-11,20.4375,20.4375,20.1875,20.25,8.02863597869873,185400
NWL,1991-10-14,20.375,20.375,20.0625,20.3125,8.053414344787598,95000
NWL,1991-10-15,20.3125,20.8125,20.25,20.75,8.226871490478516,401000
NWL,1991-10-16,20.9375,20.9375,20.6875,20.8125,8.251656532287598,164600
NWL,1991-10-17,20.9375,20.9375,20.5625,20.875,8.276435852050781,190800
NWL,1991-10-18,20.9375,20.9375,20.6875,20.6875,8.202093124389648,143800
NWL,1991-10-21,21.0,21.1875,20.875,20.9375,8.3012113571167,233800
NWL,1991-10-22,20.9375,21.125,20.9375,20.9375,8.3012113571167,243800
NWL,1991-10-23,21.125,21.1875,20.9375,20.9375,8.3012113571167,119600
NWL,1991-10-24,21.0625,21.375,20.9375,21.1875,8.400336265563965,181000
NWL,1991-10-25,21.1875,21.25,20.9375,21.0625,8.350775718688965,136000
NWL,1991-10-28,21.0625,21.875,21.0625,21.875,8.672918319702148,167000
NWL,1991-10-29,21.875,22.8125,21.875,22.8125,9.04460620880127,250000
NWL,1991-10-30,22.6875,22.75,21.75,21.8125,8.64813232421875,309800
NWL,1991-10-31,21.8125,21.8125,21.5,21.8125,8.64813232421875,219600
NWL,1991-11-01,21.875,21.875,21.625,21.8125,8.64813232421875,126800
NWL,1991-11-04,21.75,21.75,21.5625,21.75,8.6233491897583,177200
NWL,1991-11-05,21.8125,22.1875,21.8125,22.0625,8.747247695922852,179200
NWL,1991-11-06,22.0,22.0625,21.75,22.0625,8.747247695922852,328000
NWL,1991-11-07,22.125,22.375,22.125,22.3125,8.846369743347168,187000
NWL,1991-11-08,22.4375,22.4375,22.0625,22.125,8.801617622375488,162400
NWL,1991-11-11,22.125,22.1875,21.75,21.9375,8.727027893066406,100800
NWL,1991-11-12,22.0,22.0625,21.8125,21.9375,8.727027893066406,116600
NWL,1991-11-13,21.875,22.0,21.6875,22.0,8.751885414123535,144600
NWL,1991-11-14,21.8125,21.8125,21.4375,21.6875,8.62757396697998,285000
NWL,1991-11-15,21.625,21.75,20.5,20.5,8.155169486999512,137000
NWL,1991-11-18,20.5,21.625,20.4375,21.5,8.552983283996582,212800
NWL,1991-11-19,21.375,21.375,20.5,21.125,8.40380573272705,247000
NWL,1991-11-20,21.0625,21.375,20.75,20.75,8.254619598388672,180400
NWL,1991-11-21,20.875,20.875,20.1875,20.6875,8.229759216308594,311200
NWL,1991-11-22,20.75,20.875,19.125,19.6875,7.83194637298584,1080600
NWL,1991-11-25,19.6875,19.6875,19.1875,19.4375,7.732491970062256,1132400
NWL,1991-11-26,19.4375,19.75,19.4375,19.75,7.856809616088867,960400
NWL,1991-11-27,19.75,19.8125,19.75,19.8125,7.8816728591918945,282400
NWL,1991-11-29,19.8125,19.875,19.8125,19.875,7.90653657913208,84600
NWL,1991-12-02,19.8125,20.1875,19.75,20.1875,8.030848503112793,574200
NWL,1991-12-03,20.1875,20.3125,20.125,20.3125,8.080578804016113,280400
NWL,1991-12-04,20.3125,20.375,20.0625,20.1875,8.030848503112793,349800
NWL,1991-12-05,20.25,20.6875,20.25,20.5625,8.180033683776855,318400
NWL,1991-12-06,20.5,20.5625,20.3125,20.5,8.155169486999512,237000
NWL,1991-12-09,20.5,20.5625,20.375,20.4375,8.130304336547852,212600
NWL,1991-12-10,20.4375,20.625,20.4375,20.625,8.20489501953125,289400
NWL,1991-12-11,20.625,20.625,20.375,20.625,8.20489501953125,196400
NWL,1991-12-12,20.6875,20.75,20.625,20.6875,8.229759216308594,211800
NWL,1991-12-13,20.6875,21.0,20.6875,21.0,8.354069709777832,302000
NWL,1991-12-16,21.0,21.5,20.9375,21.5,8.552983283996582,537200
NWL,1991-12-17,21.4375,21.5,21.3125,21.375,8.503254890441895,809200
NWL,1991-12-18,21.375,21.4375,21.125,21.375,8.503254890441895,201800
NWL,1991-12-19,21.4375,21.4375,21.3125,21.4375,8.528120040893555,314800
NWL,1991-12-20,21.625,21.625,21.25,21.25,8.453524589538574,571000
NWL,1991-12-23,21.3125,21.5,21.25,21.4375,8.528120040893555,170800
NWL,1991-12-24,21.5,21.625,21.5,21.625,8.60270881652832,207000
NWL,1991-12-26,21.625,21.625,21.5625,21.625,8.60270881652832,43800
NWL,1991-12-27,21.5625,21.75,21.5625,21.75,8.652430534362793,276800
NWL,1991-12-30,21.75,22.375,21.75,22.25,8.85134220123291,401200
NWL,1991-12-31,22.25,22.875,22.25,22.875,9.0999755859375,657400
NWL,1992-01-02,22.8125,22.8125,22.5,22.6875,9.025384902954102,593400
NWL,1992-01-03,22.6875,23.0,22.6875,22.9375,9.124838829040527,614400
NWL,1992-01-06,22.75,22.9375,22.75,22.875,9.0999755859375,493400
NWL,1992-01-07,22.75,22.9375,22.6875,22.9375,9.124838829040527,538800
NWL,1992-01-08,22.9375,23.4375,22.875,23.375,9.298880577087402,766000
NWL,1992-01-09,23.4375,24.6875,23.4375,24.6875,9.821009635925291,973000
NWL,1992-01-10,24.6875,25.125,24.5625,24.9375,9.920464515686035,600400
NWL,1992-01-13,24.8125,24.8125,24.5,24.5625,9.771286010742188,523800
NWL,1992-01-14,24.625,25.9375,24.625,25.9375,10.31827449798584,512400
NWL,1992-01-15,25.8125,26.5,25.8125,26.5,10.542049407958984,385000
NWL,1992-01-16,26.375,26.375,25.3125,25.6875,10.218819618225098,430200
NWL,1992-01-17,25.5,25.6875,24.875,24.9375,9.920464515686035,193400
NWL,1992-01-20,24.5,24.625,24.3125,24.3125,9.67182731628418,218200
NWL,1992-01-21,24.125,24.1875,23.375,23.5,9.348608016967772,637400
NWL,1992-01-22,23.5,23.875,23.5,23.8125,9.472918510437012,403800
NWL,1992-01-23,23.8125,23.8125,23.4375,23.5625,9.373467445373535,593800
NWL,1992-01-24,23.5625,23.75,23.5,23.75,9.448057174682615,547800
NWL,1992-01-27,23.875,24.1875,23.8125,24.0,9.547513008117676,367000
NWL,1992-01-28,23.9375,24.8125,23.9375,24.75,9.845873832702637,1045800
NWL,1992-01-29,24.8125,25.0625,24.625,24.75,9.845873832702637,664400
NWL,1992-01-30,24.75,24.875,24.6875,24.75,9.845873832702637,253200
NWL,1992-01-31,24.75,24.75,24.25,24.4375,9.721561431884766,150000
NWL,1992-02-03,24.4375,24.5625,24.3125,24.4375,9.721561431884766,144600
NWL,1992-02-04,24.4375,24.5,24.125,24.4375,9.721561431884766,360400
NWL,1992-02-05,24.25,24.75,24.1875,24.6875,9.821009635925291,427000
NWL,1992-02-06,24.5625,24.6875,24.4375,24.5,9.746418952941896,348800
NWL,1992-02-07,24.5625,24.5625,24.1875,24.25,9.646966934204102,134000
NWL,1992-02-10,24.3125,24.375,24.0625,24.3125,9.67182731628418,172400
NWL,1992-02-11,24.3125,24.4375,24.125,24.4375,9.721561431884766,238800
NWL,1992-02-12,24.375,24.5625,24.0,24.4375,9.721561431884766,354400
NWL,1992-02-13,24.4375,24.625,24.3125,24.5625,9.771286010742188,212400
NWL,1992-02-14,24.1875,24.6875,24.0625,24.6875,9.851086616516112,285800
NWL,1992-02-18,25.0625,25.125,24.6875,24.75,9.876029014587402,725000
NWL,1992-02-19,24.75,24.9375,24.6875,24.8125,9.900970458984377,299800
NWL,1992-02-20,24.75,25.0,24.75,24.875,9.925910949707031,385600
NWL,1992-02-21,24.8125,24.875,24.25,24.375,9.726393699645996,401000
NWL,1992-02-24,24.3125,24.4375,24.1875,24.25,9.676514625549316,258000
NWL,1992-02-25,24.1875,24.25,23.5,23.5625,9.402180671691896,353600
NWL,1992-02-26,23.6875,24.0,23.375,23.875,9.526872634887695,758800
NWL,1992-02-27,24.0,24.125,23.875,24.0,9.57675552368164,138400
NWL,1992-02-28,24.125,24.1875,23.75,23.9375,9.551817893981934,253400
NWL,1992-03-02,23.5,23.5625,23.0625,23.25,9.277478218078612,383000
NWL,1992-03-03,23.3125,23.875,23.25,23.8125,9.50193214416504,486200
NWL,1992-03-04,23.625,23.75,23.375,23.375,9.327360153198242,235800
NWL,1992-03-05,23.25,23.3125,22.5625,22.625,9.02808666229248,813000
NWL,1992-03-06,22.625,22.75,22.5,22.75,9.07796573638916,525200
NWL,1992-03-09,22.75,22.75,22.4375,22.5625,9.00314712524414,562600
NWL,1992-03-10,22.5,22.875,22.5,22.5625,9.00314712524414,426800
NWL,1992-03-11,22.625,22.625,22.0625,22.5625,9.00314712524414,252000
NWL,1992-03-12,22.5,22.5625,21.6875,22.1875,8.853508949279785,497800
NWL,1992-03-13,22.1875,22.25,21.8125,22.0,8.778691291809082,491000
NWL,1992-03-16,21.8125,22.125,21.8125,22.0,8.778691291809082,331800
NWL,1992-03-17,22.25,23.3125,22.1875,23.3125,9.302422523498535,777400
NWL,1992-03-18,23.125,23.25,22.75,23.1875,9.252545356750488,383600
NWL,1992-03-19,23.375,23.5,23.1875,23.375,9.327360153198242,274800
NWL,1992-03-20,23.4375,23.5,23.1875,23.5,9.377241134643556,336800
NWL,1992-03-23,23.4375,23.4375,23.1875,23.3125,9.302422523498535,150400
NWL,1992-03-24,23.1875,23.3125,22.875,23.0,9.177728652954102,175200
NWL,1992-03-25,23.0,23.25,22.75,23.0,9.177728652954102,372400
NWL,1992-03-26,23.0625,23.3125,22.875,23.0,9.177728652954102,137600
NWL,1992-03-27,23.0,23.0,22.625,22.625,9.02808666229248,512800
NWL,1992-03-30,22.5625,22.9375,22.5,22.8125,9.102910995483398,170400
NWL,1992-03-31,22.6875,22.75,22.375,22.5625,9.00314712524414,199800
NWL,1992-04-01,22.25,22.4375,22.0625,22.25,8.878451347351074,402200
NWL,1992-04-02,22.375,22.4375,22.1875,22.4375,8.95327091217041,217400
NWL,1992-04-03,22.375,22.6875,22.25,22.4375,8.95327091217041,254400
NWL,1992-04-06,22.4375,22.4375,22.1875,22.25,8.878451347351074,80600
NWL,1992-04-07,22.25,22.3125,21.875,22.125,8.828574180603027,270000
NWL,1992-04-08,22.0,22.0625,21.4375,21.6875,8.653995513916016,781400
NWL,1992-04-09,21.875,23.3125,21.8125,23.25,9.277478218078612,657600
NWL,1992-04-10,23.75,23.8125,23.375,23.5625,9.402180671691896,316200
NWL,1992-04-13,23.5,23.5625,22.9375,23.0,9.177728652954102,222200
NWL,1992-04-14,23.0,23.125,22.8125,23.0,9.177728652954102,711400
NWL,1992-04-15,23.0,23.375,23.0,23.3125,9.302422523498535,407000
NWL,1992-04-16,23.375,23.4375,23.0,23.125,9.227606773376465,481800
NWL,1992-04-20,23.0,23.125,22.625,23.0625,9.202666282653809,244600
NWL,1992-04-21,23.125,23.125,22.25,22.5,8.978209495544434,616600
NWL,1992-04-22,22.625,22.625,22.0625,22.25,8.878451347351074,419400
NWL,1992-04-23,22.25,22.8125,22.125,22.8125,9.102910995483398,313400
NWL,1992-04-24,22.5,22.5,21.75,21.875,8.728816986083984,1587200
NWL,1992-04-27,21.875,21.875,21.3125,21.375,8.529300689697266,426200
NWL,1992-04-28,21.3125,21.375,20.5,20.5625,8.205087661743164,590800
NWL,1992-04-29,20.5,20.6875,20.375,20.4375,8.155210494995117,1244000
NWL,1992-04-30,20.3125,20.9375,20.125,20.75,8.279899597167969,449600
NWL,1992-05-01,20.75,20.8125,20.3125,20.75,8.279899597167969,653200
NWL,1992-05-04,20.625,21.5,20.5625,21.25,8.479424476623535,510800
NWL,1992-05-05,21.25,21.625,21.0,21.25,8.479424476623535,385000
NWL,1992-05-06,21.25,21.375,21.0,21.25,8.479424476623535,204800
NWL,1992-05-07,21.125,21.75,21.125,21.625,8.629056930541992,410600
NWL,1992-05-08,21.625,21.8125,21.0,21.25,8.479424476623535,250200
NWL,1992-05-11,21.25,21.375,21.125,21.1875,8.454482078552246,197400
NWL,1992-05-12,21.3125,21.3125,20.6875,20.8125,8.304845809936523,210000
NWL,1992-05-13,20.5625,21.1875,20.5625,21.0,8.379656791687012,311400
NWL,1992-05-14,20.875,21.0,20.5,20.5,8.180146217346191,290800
NWL,1992-05-15,20.0625,20.5,20.0625,20.1875,8.055449485778809,521400
NWL,1992-05-18,20.3125,20.375,20.1875,20.375,8.130266189575195,299800
NWL,1992-05-19,20.375,20.375,20.125,20.375,8.160305976867676,647200
NWL,1992-05-20,20.4375,20.4375,20.0625,20.1875,8.085209846496582,256000
NWL,1992-05-21,20.0,20.1875,19.875,19.875,7.96005392074585,260200
NWL,1992-05-22,19.9375,20.125,19.875,20.0625,8.035148620605469,393600
NWL,1992-05-26,19.875,19.875,19.4375,19.625,7.859927177429199,297000
NWL,1992-05-27,19.625,20.0625,19.5,19.9375,7.985084056854248,448200
NWL,1992-05-28,18.5,19.8125,17.875,18.25,7.309231758117676,3730000
NWL,1992-05-29,18.4375,18.8125,18.4375,18.5625,7.434389114379883,721000
NWL,1992-06-01,18.5,18.625,18.375,18.5625,7.434389114379883,544400
NWL,1992-06-02,18.5625,18.8125,18.5,18.75,7.509482383728027,432000
NWL,1992-06-03,18.6875,18.75,18.625,18.6875,7.484450340270996,413800
NWL,1992-06-04,18.5625,18.6875,18.3125,18.3125,7.334265232086182,396400
NWL,1992-06-05,17.75,17.9375,17.4375,17.9375,7.184070587158203,1264400
NWL,1992-06-08,17.875,17.875,17.4375,17.75,7.108979225158691,732800
NWL,1992-06-09,17.75,17.875,17.3125,17.5,7.008849620819092,781600
NWL,1992-06-10,17.4375,17.4375,17.0,17.125,6.8586602210998535,622200
NWL,1992-06-11,17.1875,17.375,16.875,17.375,6.958785533905029,558000
NWL,1992-06-12,17.5,18.125,17.5,17.875,7.159041404724121,581000
NWL,1992-06-15,17.9375,18.3125,17.8125,18.125,7.259167671203613,327000
NWL,1992-06-16,18.25,18.3125,17.375,17.5,7.008849620819092,462000
NWL,1992-06-17,17.375,17.5625,17.0,17.1875,6.883694171905518,458800
NWL,1992-06-18,17.25,17.3125,17.0,17.3125,6.933753490447998,432200
NWL,1992-06-19,17.25,17.875,17.25,17.5,7.008849620819092,654600
NWL,1992-06-22,17.5625,17.5625,17.125,17.5,7.008849620819092,316200
NWL,1992-06-23,17.625,17.75,17.25,17.3125,6.933753490447998,636600
NWL,1992-06-24,17.25,17.6875,17.25,17.625,7.0589141845703125,281800
NWL,1992-06-25,17.75,17.8125,17.0,17.25,6.908725738525391,711400
NWL,1992-06-26,17.3125,17.4375,17.1875,17.25,6.908725738525391,388600
NWL,1992-06-29,17.4375,17.625,17.4375,17.5,7.008849620819092,234000
NWL,1992-06-30,17.75,18.0,17.6875,17.875,7.159041404724121,234200
NWL,1992-07-01,17.9375,18.125,17.75,18.125,7.259167671203613,288200
NWL,1992-07-02,18.0,18.125,17.5,17.5,7.008849620819092,479000
NWL,1992-07-06,17.5625,17.5625,17.0,17.25,6.908725738525391,682200
NWL,1992-07-07,17.3125,17.4375,16.5,16.5625,6.633376121520996,400200
NWL,1992-07-08,16.5,17.0,16.5,16.9375,6.783566474914551,642000
NWL,1992-07-09,17.25,17.625,17.125,17.5625,7.033883571624756,662600
NWL,1992-07-10,17.5625,18.1875,17.5,18.0,7.209104061126709,692800
NWL,1992-07-13,18.0,18.0625,17.6875,17.875,7.159041404724121,606200
NWL,1992-07-14,17.875,18.0625,17.6875,17.75,7.108979225158691,462000
NWL,1992-07-15,17.875,17.9375,17.5625,17.5625,7.033883571624756,269000
NWL,1992-07-16,17.625,18.25,17.5625,18.25,7.309231758117676,437800
NWL,1992-07-17,18.1875,18.4375,18.125,18.375,7.359292984008789,915600
NWL,1992-07-20,18.25,18.6875,18.0625,18.6875,7.484450340270996,431000
NWL,1992-07-21,18.6875,19.0625,18.5625,18.5625,7.434389114379883,826200
NWL,1992-07-22,18.6875,18.75,18.25,18.5,7.409357070922852,176200
NWL,1992-07-23,18.4375,19.0625,18.4375,18.9375,7.584576606750488,582600
NWL,1992-07-24,18.8125,18.9375,18.6875,18.6875,7.484450340270996,523400
NWL,1992-07-27,18.8125,18.9375,18.75,18.75,7.509482383728027,189400
NWL,1992-07-28,18.9375,19.0625,18.8125,18.9375,7.584576606750488,436800
NWL,1992-07-29,19.125,20.1875,19.125,19.875,7.96005392074585,1264400
NWL,1992-07-30,19.9375,19.9375,19.8125,19.9375,7.985084056854248,286000
NWL,1992-07-31,19.8125,20.0625,19.75,19.9375,7.985084056854248,531200
NWL,1992-08-03,19.9375,20.625,19.875,20.5,8.210368156433105,415400
NWL,1992-08-04,20.5,20.5,20.0,20.0,8.010114669799805,149800
NWL,1992-08-05,19.875,20.0,19.8125,20.0,8.010114669799805,201800
NWL,1992-08-06,19.8125,19.875,19.6875,19.75,7.90998649597168,328400
NWL,1992-08-07,19.6875,20.0625,19.625,19.9375,7.985084056854248,325000
NWL,1992-08-10,19.8125,20.0,19.625,20.0,8.040359497070312,263400
NWL,1992-08-11,20.0,20.125,19.875,20.0,8.040359497070312,432600
NWL,1992-08-12,20.0,20.0625,19.875,19.9375,8.015235900878906,423400
NWL,1992-08-13,20.0,20.125,19.9375,20.0,8.040359497070312,373000
NWL,1992-08-14,20.0,20.0,19.9375,19.9375,8.015235900878906,91400
NWL,1992-08-17,20.0,20.0625,19.9375,19.9375,8.015235900878906,190400
NWL,1992-08-18,19.9375,20.0,19.75,20.0,8.040359497070312,155400
NWL,1992-08-19,20.0,20.0625,19.9375,20.0625,8.0654878616333,616600
NWL,1992-08-20,20.1875,20.1875,20.0,20.0625,8.0654878616333,161800
NWL,1992-08-21,20.1875,20.3125,19.9375,19.9375,8.015235900878906,463800
NWL,1992-08-24,19.9375,19.9375,19.75,19.75,7.93985652923584,391200
NWL,1992-08-25,19.6875,19.75,19.5625,19.5625,7.8644819259643555,307400
NWL,1992-08-26,19.5625,19.875,19.5625,19.8125,7.9649834632873535,220000
NWL,1992-08-27,19.75,19.9375,19.75,19.875,7.990109920501709,177200
NWL,1992-08-28,19.8125,20.0,19.6875,19.875,7.990109920501709,537600
NWL,1992-08-31,19.875,20.0,19.75,19.8125,7.9649834632873535,241200
NWL,1992-09-01,19.875,20.1875,19.875,20.1875,8.115742683410645,493600
NWL,1992-09-02,20.25,20.3125,20.125,20.3125,8.165987968444824,251800
NWL,1992-09-03,20.25,20.6875,20.1875,20.4375,8.216242790222168,326600
NWL,1992-09-04,20.625,20.625,20.3125,20.3125,8.165987968444824,204400
NWL,1992-09-08,20.25,20.375,19.75,19.75,7.93985652923584,228600
NWL,1992-09-09,19.75,20.125,19.75,20.125,8.090611457824707,274800
NWL,1992-09-10,20.25,20.625,20.25,20.4375,8.216242790222168,277600
NWL,1992-09-11,20.125,20.375,20.0625,20.25,8.140867233276367,336200
NWL,1992-09-14,20.5,21.1875,20.375,21.125,8.492635726928711,510600
NWL,1992-09-15,21.0,21.0,20.25,20.25,8.140867233276367,202000
NWL,1992-09-16,20.125,20.125,19.875,19.9375,8.015235900878906,400400
NWL,1992-09-17,20.0,20.0625,19.9375,20.0,8.040359497070312,159200
NWL,1992-09-18,20.125,20.125,19.4375,19.4375,7.81422758102417,619800
NWL,1992-09-21,17.4375,18.0,17.375,17.9375,7.21120023727417,1920200
NWL,1992-09-22,17.9375,18.375,17.9375,18.25,7.336830139160156,607200
NWL,1992-09-23,18.3125,18.6875,18.3125,18.4375,7.41220760345459,490800
NWL,1992-09-24,18.4375,18.6875,18.4375,18.5625,7.462460517883301,653400
NWL,1992-09-25,18.625,18.625,17.9375,18.125,7.286580085754394,560000
NWL,1992-09-28,18.0625,18.0625,17.9375,18.0625,7.261450290679932,350400
NWL,1992-09-29,18.0625,18.5,17.875,18.4375,7.41220760345459,410600
NWL,1992-09-30,18.375,18.5,18.1875,18.25,7.336830139160156,292800
NWL,1992-10-01,18.25,18.25,17.8125,17.9375,7.21120023727417,661400
NWL,1992-10-02,17.9375,18.1875,17.9375,18.0,7.236328601837158,336200
NWL,1992-10-05,17.9375,18.125,17.5,18.125,7.286580085754394,438000
NWL,1992-10-06,18.125,18.1875,17.875,18.125,7.286580085754394,140200
NWL,1992-10-07,18.125,18.25,17.875,17.875,7.186072826385498,152600
NWL,1992-10-08,17.875,18.0,17.875,17.9375,7.21120023727417,147000
NWL,1992-10-09,18.0,18.3125,17.875,18.125,7.286580085754394,486000
NWL,1992-10-12,18.1875,18.6875,18.1875,18.5,7.437334060668945,172000
NWL,1992-10-13,18.4375,18.625,18.4375,18.4375,7.41220760345459,378400
NWL,1992-10-14,18.4375,18.75,18.4375,18.5,7.437334060668945,185800
NWL,1992-10-15,18.5,18.5625,18.375,18.375,7.387082576751709,643600
NWL,1992-10-16,18.5,18.5,18.1875,18.3125,7.361959934234619,195200
NWL,1992-10-19,18.25,18.6875,18.25,18.6875,7.512711048126221,518000
NWL,1992-10-20,18.8125,19.0625,18.75,19.0,7.638341903686523,439800
NWL,1992-10-21,18.9375,20.0,18.9375,19.875,7.990109920501709,343800
NWL,1992-10-22,19.8125,19.875,19.4375,19.5,7.839351177215576,251600
NWL,1992-10-23,19.5,19.625,19.375,19.5,7.839351177215576,394000
NWL,1992-10-26,19.5,19.6875,19.4375,19.625,7.889604091644287,158200
NWL,1992-10-27,19.9375,20.0,19.6875,19.9375,8.015235900878906,390800
NWL,1992-10-28,20.0,20.1875,19.9375,20.1875,8.115742683410645,314000
NWL,1992-10-29,20.1875,20.75,20.0625,20.625,8.29162311553955,440600
NWL,1992-10-30,20.625,20.8125,20.375,20.8125,8.367003440856934,260000
NWL,1992-11-02,20.8125,21.0625,20.75,21.0,8.442376136779785,395000
NWL,1992-11-03,20.9375,21.0,20.8125,20.9375,8.417252540588379,175400
NWL,1992-11-04,20.875,20.9375,20.6875,20.75,8.341870307922363,112400
NWL,1992-11-05,20.875,20.875,20.6875,20.75,8.341870307922363,204000
NWL,1992-11-06,20.6875,20.6875,20.5625,20.5625,8.266497611999512,124400
NWL,1992-11-09,20.5,21.1875,20.5,21.0625,8.49850082397461,257600
NWL,1992-11-10,21.0625,21.15625,20.875,21.0,8.473285675048828,513800
NWL,1992-11-11,20.875,21.4375,20.875,21.0625,8.49850082397461,417400
NWL,1992-11-12,21.0,21.0,20.1875,20.4375,8.246319770812988,360200
NWL,1992-11-13,20.5,20.625,20.4375,20.625,8.321975708007812,108000
NWL,1992-11-16,20.5625,20.5625,20.25,20.4375,8.246319770812988,238200
NWL,1992-11-17,20.4375,20.5625,20.375,20.5625,8.296757698059082,245000
NWL,1992-11-18,20.5625,20.8125,20.5,20.75,8.372414588928223,185400
NWL,1992-11-19,20.75,20.9375,20.6875,20.875,8.42284870147705,396000
NWL,1992-11-20,20.9375,20.9375,20.875,20.9375,8.448065757751465,125200
NWL,1992-11-23,20.9375,21.0625,20.8125,20.9375,8.448065757751465,248200
NWL,1992-11-24,20.9375,21.375,20.875,21.25,8.574155807495117,401000
NWL,1992-11-25,21.5,21.625,21.3125,21.5625,8.700250625610352,224600
NWL,1992-11-27,21.625,21.75,21.5,21.625,8.7254638671875,51600
NWL,1992-11-30,21.625,21.8125,21.5625,21.625,8.7254638671875,202600
NWL,1992-12-01,21.625,21.625,21.125,21.4375,8.649815559387207,220200
NWL,1992-12-02,21.3125,21.375,20.8125,20.9375,8.448065757751465,170800
NWL,1992-12-03,20.875,21.375,20.875,21.125,8.523722648620605,180400
NWL,1992-12-04,21.0625,21.125,20.5625,20.5625,8.296757698059082,303600
NWL,1992-12-07,20.5625,20.8125,20.3125,20.6875,8.347195625305176,237400
NWL,1992-12-08,20.5625,21.0,20.5625,20.9375,8.448065757751465,203800
NWL,1992-12-09,21.0,21.0,20.0,20.3125,8.195887565612793,450800
NWL,1992-12-10,20.3125,20.375,19.875,19.9375,8.044575691223145,325800
NWL,1992-12-11,19.9375,20.0,19.75,19.8125,7.994139194488525,735600
NWL,1992-12-14,19.875,20.0625,19.875,19.9375,8.044575691223145,374000
NWL,1992-12-15,19.8125,19.8125,19.5,19.625,7.918489933013916,262600
NWL,1992-12-16,19.5625,19.625,19.25,19.3125,7.792392253875732,406600
NWL,1992-12-17,19.3125,20.0625,19.3125,19.875,8.019356727600098,172800
NWL,1992-12-18,20.125,20.25,19.9375,20.0,8.069792747497559,603400
NWL,1992-12-21,20.0,20.375,19.9375,20.375,8.22110652923584,254600
NWL,1992-12-22,20.4375,20.75,20.4375,20.75,8.372414588928223,354400
NWL,1992-12-23,20.75,21.0,20.6875,20.75,8.372414588928223,334200
NWL,1992-12-24,20.875,21.0,20.875,21.0,8.473285675048828,74600
NWL,1992-12-28,20.9375,21.0625,20.9375,21.0625,8.49850082397461,247600
NWL,1992-12-29,21.0,21.25,21.0,21.0,8.473285675048828,110000
NWL,1992-12-30,20.875,20.875,20.3125,20.5,8.271540641784668,398800
NWL,1992-12-31,20.5,20.5625,20.3125,20.375,8.22110652923584,177800
NWL,1993-01-04,20.375,20.375,19.9375,19.9375,8.044575691223145,273200
NWL,1993-01-05,20.0625,20.1875,19.75,19.75,7.968922615051269,509200
NWL,1993-01-06,19.8125,19.9375,19.6875,19.9375,8.044575691223145,307800
NWL,1993-01-07,20.0,20.0,19.625,19.6875,7.943705081939697,402400
NWL,1993-01-08,19.6875,19.6875,19.3125,19.6875,7.943705081939697,188600
NWL,1993-01-11,19.6875,20.0625,19.6875,19.9375,8.044575691223145,306800
NWL,1993-01-12,20.0,20.125,19.8125,20.125,8.120232582092285,296200
NWL,1993-01-13,20.25,20.875,20.1875,20.3125,8.195887565612793,174000
NWL,1993-01-14,20.4375,21.1875,20.1875,21.1875,8.548943519592285,590800
NWL,1993-01-15,21.375,21.5,21.0,21.0,8.473285675048828,299600
NWL,1993-01-18,21.0,21.375,21.0,21.25,8.574155807495117,180200
NWL,1993-01-19,21.375,21.4375,21.0,21.0625,8.49850082397461,118600
NWL,1993-01-20,21.125,21.1875,21.0,21.0,8.473285675048828,200200
NWL,1993-01-21,21.125,21.125,20.8125,20.9375,8.448065757751465,321600
NWL,1993-01-22,21.0625,21.1875,20.6875,20.6875,8.347195625305176,271000
NWL,1993-01-25,20.75,20.875,20.625,20.8125,8.39763355255127,673400
NWL,1993-01-26,20.75,21.25,20.6875,21.125,8.523722648620605,361800
NWL,1993-01-27,21.125,21.125,20.625,20.6875,8.347195625305176,252000
NWL,1993-01-28,20.6875,20.8125,20.5625,20.5625,8.296757698059082,290000
NWL,1993-01-29,20.3125,20.3125,19.125,19.25,7.767177104949951,1156000
NWL,1993-02-01,19.5625,19.75,19.1875,19.1875,7.741959095001221,401800
NWL,1993-02-02,19.0,19.0,18.6875,18.875,7.615869522094727,662400
NWL,1993-02-03,18.9375,18.9375,18.75,18.875,7.615869522094727,625200
NWL,1993-02-04,18.875,18.9375,18.6875,18.6875,7.540216445922852,1295000
NWL,1993-02-05,18.6875,18.8125,18.5625,18.6875,7.540216445922852,1924000
NWL,1993-02-08,18.6875,18.6875,18.0,18.0,7.262816429138184,568000
NWL,1993-02-09,18.25,18.25,18.0,18.1875,7.338472843170166,739400
NWL,1993-02-10,18.25,18.3125,18.1875,18.1875,7.338472843170166,487400
NWL,1993-02-11,18.25,18.4375,18.1875,18.375,7.414124488830566,527000
NWL,1993-02-12,18.3125,18.5,18.1875,18.375,7.414124488830566,296400
NWL,1993-02-16,18.3125,18.3125,18.125,18.25,7.393868446350098,770600
NWL,1993-02-17,18.125,18.3125,18.0,18.0625,7.317905902862549,440600
NWL,1993-02-18,18.1875,18.25,17.5,17.6875,7.165972709655762,595000
NWL,1993-02-19,17.875,17.875,17.3125,17.375,7.039369106292725,378600
NWL,1993-02-22,17.5,17.5625,16.875,17.0,6.887439727783203,826400
NWL,1993-02-23,16.6875,16.8125,16.375,16.4375,6.659546375274658,1819400
NWL,1993-02-24,16.5625,18.375,16.5,17.875,7.241941452026367,900000
NWL,1993-02-25,17.6875,18.5,17.6875,18.375,7.444510936737059,533200
NWL,1993-02-26,18.375,18.4375,17.9375,18.375,7.444510936737059,410800
NWL,1993-03-01,18.3125,18.375,17.75,18.0,7.292582035064697,529400
NWL,1993-03-02,18.0,18.4375,17.9375,18.4375,7.469833374023437,418000
NWL,1993-03-03,18.3125,18.75,18.3125,18.6875,7.57111644744873,429000
NWL,1993-03-04,18.6875,18.9375,18.625,18.8125,7.621757507324219,385200
NWL,1993-03-05,18.8125,19.0,18.8125,18.875,7.647080421447754,354600
NWL,1993-03-08,18.875,19.0,18.8125,18.9375,7.672407627105713,356800
NWL,1993-03-09,19.0,19.125,18.875,19.0,7.69772481918335,447400
NWL,1993-03-10,18.9375,19.0,18.8125,18.875,7.647080421447754,250200
NWL,1993-03-11,18.875,18.875,18.5625,18.625,7.54579496383667,265600
NWL,1993-03-12,18.5,18.5,18.0,18.25,7.393868446350098,629600
NWL,1993-03-15,18.25,18.25,17.75,17.9375,7.267256736755371,1034600
NWL,1993-03-16,17.9375,17.9375,17.0625,17.4375,7.064685821533203,1322000
NWL,1993-03-17,17.5,17.875,17.5,17.75,7.191293239593506,535000
NWL,1993-03-18,17.75,18.125,17.75,18.0625,7.317905902862549,216800
NWL,1993-03-19,18.1875,18.1875,17.9375,18.0,7.292582035064697,293400
NWL,1993-03-22,17.9375,17.9375,17.6875,17.75,7.191293239593506,311400
NWL,1993-03-23,17.8125,18.1875,17.75,18.0625,7.317905902862549,208600
NWL,1993-03-24,17.9375,18.1875,17.9375,18.0625,7.317905902862549,370400
NWL,1993-03-25,18.625,18.75,18.5625,18.625,7.54579496383667,604000
NWL,1993-03-26,18.625,18.625,18.5,18.5625,7.520472049713135,215800
NWL,1993-03-29,18.5625,18.8125,18.5,18.6875,7.57111644744873,343400
NWL,1993-03-30,19.125,19.4375,19.0,19.3125,7.824328899383545,656400
NWL,1993-03-31,19.5,19.625,19.375,19.5,7.900294780731201,391600
NWL,1993-04-01,19.5625,19.8125,19.5,19.625,7.9509429931640625,456800
NWL,1993-04-02,19.375,19.5,19.1875,19.3125,7.824328899383545,456600
NWL,1993-04-05,19.1875,19.25,19.0,19.125,7.748367309570312,294800
NWL,1993-04-06,19.125,19.3125,19.0,19.1875,7.7736897468566895,427000
NWL,1993-04-07,19.0625,19.3125,19.0,19.3125,7.824328899383545,487400
NWL,1993-04-08,19.375,19.4375,19.1875,19.3125,7.824328899383545,702000
NWL,1993-04-12,19.5,19.9375,19.5,19.875,8.052225112915039,513000
NWL,1993-04-13,20.0,20.0,19.75,19.8125,8.026904106140137,298400
NWL,1993-04-14,19.8125,19.875,19.75,19.8125,8.026904106140137,108600
NWL,1993-04-15,19.8125,19.9375,19.375,19.4375,7.874972820281982,330600
NWL,1993-04-16,19.5625,19.5625,19.0625,19.0625,7.723046779632568,164000
NWL,1993-04-19,19.125,19.25,19.0625,19.1875,7.7736897468566895,322000
NWL,1993-04-20,19.1875,19.1875,19.0,19.0625,7.723046779632568,122600
NWL,1993-04-21,19.375,19.625,19.375,19.5,7.900294780731201,285800
NWL,1993-04-22,19.5,19.5,19.125,19.25,7.79901123046875,187200
NWL,1993-04-23,19.375,19.5,19.1875,19.25,7.79901123046875,484200
NWL,1993-04-26,19.0625,19.1875,18.875,18.875,7.647080421447754,170600
NWL,1993-04-27,19.0,19.125,18.875,19.0625,7.723046779632568,409400
NWL,1993-04-28,19.0,19.0,18.4375,18.5,7.495153903961182,365600
NWL,1993-04-29,18.5,19.0,18.3125,18.9375,7.672407627105713,332600
NWL,1993-04-30,19.0,19.4375,18.9375,19.4375,7.874972820281982,515200
NWL,1993-05-03,19.5,19.5,19.0,19.3125,7.824328899383545,231200
NWL,1993-05-04,19.4375,19.4375,19.25,19.3125,7.824328899383545,111000
NWL,1993-05-05,19.375,19.4375,19.3125,19.4375,7.874972820281982,174600
NWL,1993-05-06,19.5625,19.75,19.5625,19.5625,7.925620555877685,426000
NWL,1993-05-07,19.6875,19.75,19.125,19.1875,7.7736897468566895,263600
NWL,1993-05-10,19.25,19.5625,19.0625,19.3125,7.824328899383545,399000
NWL,1993-05-11,19.25,19.3125,18.75,19.0625,7.723046779632568,223400
NWL,1993-05-12,19.125,19.25,19.0,19.1875,7.7736897468566895,159600
NWL,1993-05-13,19.125,19.4375,19.0,19.0625,7.723046779632568,238000
NWL,1993-05-14,19.1875,19.1875,18.875,18.9375,7.672407627105713,176000
NWL,1993-05-17,18.875,18.9375,18.6875,18.8125,7.621757507324219,299000
NWL,1993-05-18,18.875,18.9375,18.625,18.75,7.632955551147461,615000
NWL,1993-05-19,18.75,18.8125,18.4375,18.75,7.632955551147461,239600
NWL,1993-05-20,18.625,18.75,18.5625,18.625,7.582067489624023,608600
NWL,1993-05-21,18.6875,18.6875,18.5625,18.625,7.582067489624023,514400
NWL,1993-05-24,18.625,18.75,18.5625,18.75,7.632955551147461,240800
NWL,1993-05-25,18.875,18.875,18.625,18.75,7.632955551147461,99600
NWL,1993-05-26,18.625,18.875,18.4375,18.8125,7.658398628234863,814600
NWL,1993-05-27,18.75,18.875,18.6875,18.875,7.683841705322266,650000
NWL,1993-05-28,18.8125,19.125,18.8125,18.8125,7.658398628234863,258400
NWL,1993-06-01,18.875,19.0,18.75,18.9375,7.70928430557251,477600
NWL,1993-06-02,18.9375,19.1875,18.875,19.125,7.785614967346191,213800
NWL,1993-06-03,19.0,19.1875,19.0,19.0625,7.760174751281738,535200
NWL,1993-06-04,19.0,19.0625,18.8125,18.9375,7.70928430557251,1304800
NWL,1993-06-07,17.875,17.9375,16.875,16.9375,6.895102500915527,1100400
NWL,1993-06-08,17.0,17.1875,16.25,16.9375,6.895102500915527,1029200
NWL,1993-06-09,16.9375,17.125,16.75,16.875,6.86965799331665,756200
NWL,1993-06-10,16.875,16.9375,16.4375,16.5625,6.742444515228272,466000
NWL,1993-06-11,16.6875,16.9375,16.625,16.9375,6.895102500915527,640800
NWL,1993-06-14,16.875,17.0625,16.75,17.0625,6.94598913192749,1016600
NWL,1993-06-15,17.3125,17.375,16.8125,17.0,6.920543670654297,487000
NWL,1993-06-16,16.9375,17.0625,16.875,17.0625,6.94598913192749,276000
NWL,1993-06-17,17.0625,17.125,16.9375,17.0625,6.94598913192749,195600
NWL,1993-06-18,17.1875,17.1875,17.0625,17.0625,6.94598913192749,264600
NWL,1993-06-21,17.125,17.3125,17.0,17.1875,6.996878147125244,202200
NWL,1993-06-22,17.3125,17.375,17.125,17.1875,6.996878147125244,287800
NWL,1993-06-23,17.0,17.0,16.4375,16.6875,6.793330669403076,701000
NWL,1993-06-24,16.6875,16.8125,16.625,16.625,6.767886638641357,383800
NWL,1993-06-25,16.625,16.6875,16.4375,16.625,6.767886638641357,349400
NWL,1993-06-28,16.6875,16.6875,16.25,16.4375,6.691562652587891,830200
NWL,1993-06-29,16.4375,16.625,16.3125,16.625,6.767886638641357,474200
NWL,1993-06-30,16.5,16.75,16.5,16.625,6.767886638641357,578200
NWL,1993-07-01,16.5625,16.5625,16.0625,16.0625,6.53889799118042,573400
NWL,1993-07-02,16.0625,16.1875,16.0,16.125,6.564343452453613,745200
NWL,1993-07-06,16.25,16.25,15.8125,15.8125,6.43712329864502,269400
NWL,1993-07-07,16.0,16.0625,15.875,16.0,6.513455390930176,583200
NWL,1993-07-08,16.0,16.25,15.9375,16.0,6.513455390930176,663000
NWL,1993-07-09,16.0,16.25,15.875,16.0,6.513455390930176,228600
NWL,1993-07-12,16.125,16.25,16.0,16.0,6.513455390930176,182800
NWL,1993-07-13,16.125,16.4375,16.125,16.25,6.615231037139893,482000
NWL,1993-07-14,16.25,16.8125,16.25,16.75,6.818773746490479,453400
NWL,1993-07-15,16.6875,16.8125,16.5625,16.6875,6.793330669403076,401000
NWL,1993-07-16,16.5,16.5,16.1875,16.3125,6.6406683921813965,453200
NWL,1993-07-19,16.25,16.25,15.75,15.8125,6.43712329864502,192800
NWL,1993-07-20,15.8125,15.8125,15.375,15.5625,6.335352420806885,546800
NWL,1993-07-21,16.3125,16.3125,15.6875,15.75,6.411681175231934,620400
NWL,1993-07-22,15.8125,15.8125,15.5625,15.625,6.360794544219971,281800
NWL,1993-07-23,15.75,15.9375,15.75,15.9375,6.488011837005615,449800
NWL,1993-07-26,16.0625,16.3125,16.0625,16.25,6.615231037139893,435400
NWL,1993-07-27,16.25,16.5,16.25,16.5,6.717001438140869,332400
NWL,1993-07-28,16.375,16.5,16.3125,16.375,6.666116237640381,283800
NWL,1993-07-29,16.375,16.625,16.25,16.625,6.767886638641357,481800
NWL,1993-07-30,16.5,16.5625,16.125,16.25,6.615231037139893,153000
NWL,1993-08-02,16.25,16.5625,16.1875,16.5,6.717001438140869,256800
NWL,1993-08-03,16.5625,16.6875,16.375,16.4375,6.691562652587891,334000
NWL,1993-08-04,16.3125,16.375,16.1875,16.1875,6.589783668518066,585000
NWL,1993-08-05,16.3125,16.5625,16.25,16.5625,6.742444515228272,223200
NWL,1993-08-06,16.5,17.375,16.5,17.0,6.920543670654297,380000
NWL,1993-08-09,17.25,17.5,17.25,17.5,7.124093532562256,551000
NWL,1993-08-10,17.4375,17.875,17.4375,17.8125,7.288796424865723,1947600
NWL,1993-08-11,17.8125,17.9375,17.75,17.875,7.314369201660156,667000
NWL,1993-08-12,17.875,18.0625,17.875,18.0625,7.391093730926514,395200
NWL,1993-08-13,18.0625,18.125,17.9375,18.0,7.365516662597656,406600
NWL,1993-08-16,17.875,18.0,17.75,17.875,7.314369201660156,207800
NWL,1993-08-17,18.0,18.0,17.875,17.9375,7.339937210083008,243800
NWL,1993-08-18,18.0,18.0,17.8125,17.8125,7.288796424865723,409800
NWL,1993-08-19,17.8125,18.0,17.75,18.0,7.365516662597656,510600
NWL,1993-08-20,17.9375,18.0,17.75,17.9375,7.339937210083008,320400
NWL,1993-08-23,17.9375,18.0,17.8125,17.9375,7.339937210083008,315600
NWL,1993-08-24,17.9375,17.9375,17.8125,17.9375,7.339937210083008,475000
NWL,1993-08-25,17.9375,18.0,17.6875,17.75,7.263216972351074,351200
NWL,1993-08-26,17.8125,18.1875,17.75,18.1875,7.442241191864014,205200
NWL,1993-08-27,18.0,18.3125,18.0,18.1875,7.442241191864014,172800
NWL,1993-08-30,18.25,18.375,18.125,18.25,7.467816829681396,233000
NWL,1993-08-31,18.3125,18.4375,18.25,18.3125,7.493391513824463,116200
NWL,1993-09-01,18.3125,18.4375,18.25,18.375,7.518963813781738,206800
NWL,1993-09-02,18.5,18.625,18.3125,18.5,7.570115089416504,249400
NWL,1993-09-03,18.5625,18.5625,18.5,18.5,7.570115089416504,125600
NWL,1993-09-07,18.5625,18.5625,18.375,18.4375,7.54453706741333,190000
NWL,1993-09-08,18.4375,18.4375,18.125,18.375,7.518963813781738,174800
NWL,1993-09-09,18.25,18.375,18.0,18.0625,7.391093730926514,210000
NWL,1993-09-10,17.9375,18.125,17.9375,18.0,7.365516662597656,251800
NWL,1993-09-13,18.3125,18.3125,18.0,18.0,7.365516662597656,268800
NWL,1993-09-14,18.0,18.0625,17.4375,17.75,7.263216972351074,403400
NWL,1993-09-15,17.75,17.875,17.6875,17.8125,7.288796424865723,299600
NWL,1993-09-16,17.8125,17.875,17.75,17.875,7.314369201660156,287800
NWL,1993-09-17,17.5,17.875,17.5,17.875,7.314369201660156,582400
NWL,1993-09-20,17.875,17.875,17.3125,17.375,7.10977029800415,299800
NWL,1993-09-21,17.375,17.375,16.75,17.0,6.956317901611328,300000
NWL,1993-09-22,17.1875,17.5625,17.0625,17.5,7.160921096801758,205400
NWL,1993-09-23,17.5,17.9375,17.5,17.9375,7.339937210083008,345200
NWL,1993-09-24,17.9375,17.9375,17.5625,17.75,7.263216972351074,344400
NWL,1993-09-27,18.0,18.4375,18.0,18.375,7.518963813781738,568400
NWL,1993-09-28,18.375,18.4375,18.1875,18.25,7.467816829681396,321000
NWL,1993-09-29,18.1875,18.25,17.875,17.9375,7.339937210083008,625800
NWL,1993-09-30,18.0,18.0,17.375,17.5625,7.186489582061768,320800
NWL,1993-10-01,17.625,17.6875,17.5,17.5,7.160921096801758,332800
NWL,1993-10-04,17.5625,17.9375,17.5625,17.875,7.314369201660156,331800
NWL,1993-10-05,18.0,18.0625,17.625,17.875,7.314369201660156,385200
NWL,1993-10-06,17.875,17.9375,17.5625,17.5625,7.186489582061768,494600
NWL,1993-10-07,17.5625,17.9375,17.5,17.875,7.314369201660156,660000
NWL,1993-10-08,18.0,18.3125,18.0,18.3125,7.493391513824463,543000
NWL,1993-10-11,18.1875,18.625,18.1875,18.5,7.570115089416504,312000
NWL,1993-10-12,18.5625,19.0625,18.5625,18.9375,7.7491350173950195,758000
NWL,1993-10-13,19.0,19.625,19.0,19.375,7.928162097930908,889800
NWL,1993-10-14,19.25,19.6875,19.1875,19.5,7.979307174682617,380000
NWL,1993-10-15,19.5,19.625,19.25,19.375,7.928162097930908,603600
NWL,1993-10-18,19.5,19.75,19.3125,19.75,8.0816068649292,1006400
NWL,1993-10-19,19.75,19.875,19.5625,19.8125,8.107185363769531,724600
NWL,1993-10-20,19.8125,19.8125,19.0625,19.3125,7.902586936950684,513000
NWL,1993-10-21,19.1875,19.25,18.8125,19.125,7.825862407684326,394800
NWL,1993-10-22,19.0625,19.8125,19.0625,19.8125,8.107185363769531,958000
NWL,1993-10-25,19.5,19.875,19.125,19.8125,8.107185363769531,277800
NWL,1993-10-26,19.625,19.625,19.3125,19.5625,8.004886627197266,248400
NWL,1993-10-27,19.5,19.625,19.25,19.5,7.979307174682617,382400
NWL,1993-10-28,19.625,19.9375,19.625,19.875,8.132755279541016,263400
NWL,1993-10-29,19.8125,20.5,19.8125,20.375,8.337353706359863,484400
NWL,1993-11-01,20.25,20.5,20.125,20.125,8.23505687713623,418600
NWL,1993-11-02,20.125,20.25,20.0,20.25,8.28620433807373,380400
NWL,1993-11-03,20.375,20.4375,20.1875,20.25,8.28620433807373,202400
NWL,1993-11-04,20.25,20.25,19.3125,19.5,7.979307174682617,240800
NWL,1993-11-05,19.5,19.625,19.125,19.125,7.825862407684326,158600
NWL,1993-11-08,19.0625,19.5625,19.0625,19.375,7.928162097930908,182000
NWL,1993-11-09,19.5,19.6875,19.375,19.625,8.030461311340332,371200
NWL,1993-11-10,19.625,19.875,19.625,19.6875,8.056032180786133,127800
NWL,1993-11-11,19.6875,20.0,19.6875,19.8125,8.107185363769531,119600
NWL,1993-11-12,19.875,20.125,19.8125,20.125,8.23505687713623,87800
NWL,1993-11-15,20.125,20.1875,19.8125,19.875,8.132755279541016,325200
NWL,1993-11-16,19.875,20.5,19.8125,20.5,8.426663398742676,561400
NWL,1993-11-17,20.5,20.6875,20.375,20.5,8.426663398742676,411600
NWL,1993-11-18,20.5,20.5625,20.3125,20.5625,8.452354431152344,316600
NWL,1993-11-19,20.5625,20.5625,20.5,20.5,8.426663398742676,230200
NWL,1993-11-22,20.5,20.6875,20.4375,20.5,8.426663398742676,419800
NWL,1993-11-23,20.5,20.75,20.375,20.5,8.426663398742676,420000
NWL,1993-11-24,20.4375,20.5625,20.3125,20.3125,8.349587440490723,299800
NWL,1993-11-26,20.4375,20.5625,20.3125,20.3125,8.349587440490723,37800
NWL,1993-11-29,20.4375,20.75,20.25,20.3125,8.349587440490723,525000
NWL,1993-11-30,20.3125,20.375,20.0625,20.125,8.272520065307617,131800
NWL,1993-12-01,20.125,20.3125,20.125,20.1875,8.29820728302002,191600
NWL,1993-12-02,20.1875,20.1875,20.0,20.0625,8.246827125549316,172800
NWL,1993-12-03,20.0625,20.125,20.0,20.125,8.272520065307617,66000
NWL,1993-12-06,20.125,20.625,19.9375,20.625,8.478049278259277,321000
NWL,1993-12-07,20.8125,20.8125,20.4375,20.4375,8.400970458984375,312400
NWL,1993-12-08,20.4375,20.5625,20.4375,20.5,8.426663398742676,207400
NWL,1993-12-09,20.5625,20.8125,20.5625,20.8125,8.555121421813965,247200
NWL,1993-12-10,20.6875,20.8125,20.625,20.625,8.478049278259277,179600
NWL,1993-12-13,20.625,21.0625,20.5,21.0,8.632194519042969,227600
NWL,1993-12-14,21.0625,21.125,20.8125,21.0,8.632194519042969,187000
NWL,1993-12-15,20.875,21.0,20.75,20.875,8.58080768585205,349400
NWL,1993-12-16,20.875,20.9375,20.4375,20.4375,8.400970458984375,237800
NWL,1993-12-17,20.4375,20.5,20.375,20.5,8.426663398742676,312000
NWL,1993-12-20,20.5,20.5,20.125,20.375,8.37528133392334,152800
NWL,1993-12-21,20.4375,20.4375,20.25,20.3125,8.349587440490723,149000
NWL,1993-12-22,20.3125,20.375,19.9375,20.375,8.37528133392334,237600
NWL,1993-12-23,20.5,20.5,20.375,20.4375,8.400970458984375,221600
NWL,1993-12-27,20.4375,20.4375,20.25,20.3125,8.349587440490723,86400
NWL,1993-12-28,20.3125,20.3125,20.125,20.25,8.323899269104004,499000
NWL,1993-12-29,20.25,20.25,19.9375,20.0,8.221131324768066,243200
NWL,1993-12-30,20.0,20.1875,19.8125,20.125,8.272520065307617,227800
NWL,1993-12-31,20.25,20.3125,20.125,20.1875,8.29820728302002,158800
NWL,1994-01-03,20.0625,20.3125,20.0,20.3125,8.349587440490723,435400
NWL,1994-01-04,20.3125,20.5,20.1875,20.25,8.323899269104004,448800
NWL,1994-01-05,20.1875,20.3125,20.0,20.0625,8.246827125549316,200200
NWL,1994-01-06,20.25,20.3125,20.125,20.1875,8.29820728302002,141800
NWL,1994-01-07,20.1875,20.3125,20.0625,20.1875,8.29820728302002,179800
NWL,1994-01-10,20.1875,20.4375,20.1875,20.4375,8.400970458984375,349600
NWL,1994-01-11,20.3125,20.375,20.1875,20.3125,8.349587440490723,149000
NWL,1994-01-12,20.3125,20.625,20.0,20.5625,8.452354431152344,308000
NWL,1994-01-13,20.5,20.6875,20.375,20.5625,8.452354431152344,244000
NWL,1994-01-14,20.6875,21.3125,20.625,21.3125,8.760647773742676,303400
NWL,1994-01-17,21.1875,21.625,21.1875,21.5625,8.863407135009766,408200
NWL,1994-01-18,21.625,21.875,21.4375,21.8125,8.966174125671387,1074600
NWL,1994-01-19,21.6875,21.6875,21.125,21.375,8.786334037780762,582800
NWL,1994-01-20,21.4375,21.5,21.3125,21.4375,8.812031745910645,209800
NWL,1994-01-21,21.5625,21.5625,21.0,21.1875,8.709263801574707,383600
NWL,1994-01-24,21.0625,21.3125,21.0,21.25,8.734952926635742,355800
NWL,1994-01-25,21.375,21.625,21.25,21.5,8.837724685668945,186400
NWL,1994-01-26,21.5625,21.6875,21.4375,21.5,8.837724685668945,333000
NWL,1994-01-27,21.375,21.625,21.1875,21.25,8.734952926635742,500800
NWL,1994-01-28,21.375,21.375,20.5625,20.8125,8.555121421813965,894000
NWL,1994-01-31,20.9375,21.125,20.875,20.9375,8.606499671936035,543400
NWL,1994-02-01,21.0,21.0,20.625,20.8125,8.555121421813965,625400
NWL,1994-02-02,20.8125,21.1875,20.8125,21.0,8.632194519042969,726400
NWL,1994-02-03,21.0,21.0625,20.875,20.9375,8.606499671936035,355200
NWL,1994-02-04,20.9375,21.0,20.125,20.3125,8.349587440490723,411800
NWL,1994-02-07,20.1875,20.5,19.875,19.875,8.169753074645996,371000
NWL,1994-02-08,20.0625,20.4375,19.9375,20.0,8.221131324768066,325600
NWL,1994-02-09,20.0,20.25,19.9375,19.9375,8.195443153381348,398600
NWL,1994-02-10,20.0,20.125,19.9375,19.9375,8.195443153381348,328000
NWL,1994-02-11,20.0625,20.0625,19.875,19.875,8.169753074645996,101200
NWL,1994-02-14,19.8125,19.9375,19.5,19.875,8.206915855407715,360800
NWL,1994-02-15,19.9375,20.3125,19.9375,20.25,8.361760139465332,631400
NWL,1994-02-16,20.3125,20.3125,19.9375,20.0625,8.284341812133789,481600
NWL,1994-02-17,20.1875,20.25,20.0,20.1875,8.335955619812012,240800
NWL,1994-02-18,20.25,20.375,20.0625,20.0625,8.284341812133789,280800
NWL,1994-02-22,20.125,20.3125,20.0,20.3125,8.387571334838867,180200
NWL,1994-02-23,20.375,20.75,20.375,20.625,8.51661491394043,215000
NWL,1994-02-24,20.5,20.5,20.0,20.0,8.258527755737305,280000
NWL,1994-02-25,20.0,20.125,19.875,20.0,8.258527755737305,248400
NWL,1994-02-28,20.125,20.25,20.0625,20.125,8.310150146484375,139200
NWL,1994-03-01,20.0625,20.375,20.0625,20.375,8.413376808166504,266800
NWL,1994-03-02,20.1875,20.25,20.0,20.125,8.310150146484375,213200
NWL,1994-03-03,20.25,20.375,20.1875,20.3125,8.387571334838867,291800
NWL,1994-03-04,20.3125,20.625,20.3125,20.625,8.51661491394043,151400
NWL,1994-03-07,21.0625,21.0625,20.8125,21.0,8.671459197998047,208800
NWL,1994-03-08,21.0,21.0,20.625,20.625,8.51661491394043,84600
NWL,1994-03-09,20.6875,20.6875,20.375,20.5625,8.490805625915527,264600
NWL,1994-03-10,20.6875,20.6875,20.5,20.5,8.464993476867676,155800
NWL,1994-03-11,20.5625,20.875,20.5,20.5625,8.490805625915527,316600
NWL,1994-03-14,20.5,20.625,20.4375,20.5,8.464993476867676,188600
NWL,1994-03-15,20.4375,20.8125,20.4375,20.8125,8.594036102294922,266400
NWL,1994-03-16,20.6875,21.125,20.625,21.0,8.671459197998047,220400
NWL,1994-03-17,20.9375,20.9375,20.625,20.875,8.619843482971191,294200
NWL,1994-03-18,20.875,21.0625,20.75,21.0625,8.697271347045898,573400
NWL,1994-03-21,21.0,21.0,20.6875,20.75,8.56822395324707,143800
NWL,1994-03-22,20.875,20.9375,20.4375,20.6875,8.542418479919434,213200
NWL,1994-03-23,20.6875,20.6875,20.25,20.375,8.413376808166504,184800
NWL,1994-03-24,20.1875,20.25,20.0,20.125,8.310150146484375,145600
NWL,1994-03-25,20.1875,20.25,19.9375,20.0,8.258527755737305,218000
NWL,1994-03-28,20.0,20.0625,19.875,19.9375,8.232725143432617,112400
NWL,1994-03-29,19.8125,19.8125,19.3125,19.3125,7.974646091461182,130800
NWL,1994-03-30,19.5,19.5,18.8125,19.125,7.897222518920898,376000
NWL,1994-03-31,19.0625,19.625,19.0625,19.625,8.103690147399902,405600
NWL,1994-04-04,19.4375,19.5,19.0,19.25,7.948838233947754,374600
NWL,1994-04-05,19.375,19.8125,19.1875,19.75,8.155298233032227,202400
NWL,1994-04-06,19.8125,20.1875,19.6875,20.1875,8.335955619812012,307400
NWL,1994-04-07,20.1875,20.875,20.125,20.625,8.51661491394043,245600
NWL,1994-04-08,20.5,20.5,19.8125,19.8125,8.181109428405762,141400
NWL,1994-04-11,19.875,20.0,19.75,19.9375,8.232725143432617,123200
NWL,1994-04-12,19.875,20.125,19.875,19.9375,8.232725143432617,155000
NWL,1994-04-13,19.9375,20.1875,19.9375,20.0,8.258527755737305,243600
NWL,1994-04-14,20.0,20.1875,19.75,20.125,8.310150146484375,229400
NWL,1994-04-15,20.1875,20.1875,19.6875,19.6875,8.129491806030273,203000
NWL,1994-04-18,19.6875,19.8125,19.375,19.625,8.103690147399902,538600
NWL,1994-04-19,19.4375,19.5625,19.0,19.0,7.84560489654541,208800
NWL,1994-04-20,19.0,19.25,19.0,19.25,7.948838233947754,504800
NWL,1994-04-21,19.375,19.6875,19.25,19.5,8.052068710327148,199400
NWL,1994-04-22,19.625,19.875,19.4375,19.875,8.206915855407715,183600
NWL,1994-04-25,20.0625,20.0625,19.6875,20.0,8.258527755737305,203000
NWL,1994-04-26,19.875,20.0,19.8125,19.875,8.206915855407715,202800
NWL,1994-04-28,19.875,19.875,19.6875,19.6875,8.129491806030273,327000
NWL,1994-04-29,19.625,19.875,19.5625,19.5625,8.077878952026367,366400
NWL,1994-05-02,19.6875,19.6875,19.25,19.625,8.103690147399902,326800
NWL,1994-05-03,19.6875,20.0625,19.625,20.0625,8.284341812133789,328000
NWL,1994-05-04,20.0,20.125,19.8125,19.875,8.206915855407715,181800
NWL,1994-05-05,19.875,20.5625,19.875,20.5625,8.490805625915527,320200
NWL,1994-05-06,20.3125,20.5625,20.25,20.5,8.464993476867676,428000
NWL,1994-05-09,20.25,20.3125,19.875,20.0,8.258527755737305,186800
NWL,1994-05-10,20.0625,20.375,20.0625,20.1875,8.335955619812012,247000
NWL,1994-05-11,19.9375,20.125,19.8125,19.875,8.206915855407715,105800
NWL,1994-05-12,20.0,20.0,19.8125,19.9375,8.232725143432617,461200
NWL,1994-05-13,19.9375,20.0625,19.8125,20.0625,8.284341812133789,109200
NWL,1994-05-16,20.0,20.25,19.9375,20.125,8.351774215698242,123800
NWL,1994-05-17,20.125,20.5625,19.9375,20.5625,8.53333854675293,398200
NWL,1994-05-18,20.75,21.125,20.6875,20.9375,8.688956260681152,525200
NWL,1994-05-19,20.875,21.3125,20.875,21.1875,8.79271125793457,363600
NWL,1994-05-20,21.25,21.5,21.0625,21.5,8.922393798828125,322400
NWL,1994-05-23,21.625,21.75,21.3125,21.3125,8.844587326049805,495600
NWL,1994-05-24,21.375,22.0625,21.3125,22.0,9.129892349243164,1060800
NWL,1994-05-25,21.875,22.5625,21.8125,22.4375,9.311458587646484,1134400
NWL,1994-05-26,22.5625,23.1875,22.5,23.1875,9.622698783874512,980400
NWL,1994-05-27,23.0625,23.1875,22.75,22.75,9.441142082214355,476800
NWL,1994-05-31,22.75,23.0625,22.625,22.6875,9.415204048156738,779400
NWL,1994-06-01,22.625,22.625,22.125,22.375,9.285520553588867,434000
NWL,1994-06-02,22.5,22.5625,22.4375,22.5625,9.36332893371582,460800
NWL,1994-06-03,22.5625,22.5625,22.1875,22.25,9.23363971710205,446200
NWL,1994-06-06,22.375,22.375,21.9375,22.0625,9.155829429626465,353600
NWL,1994-06-07,22.0,22.375,21.8125,22.375,9.285520553588867,246200
NWL,1994-06-08,22.5,22.5,22.25,22.4375,9.311458587646484,239200
NWL,1994-06-09,22.375,22.4375,21.75,22.1875,9.207703590393066,441000
NWL,1994-06-10,22.125,22.25,22.0625,22.0625,9.155829429626465,138200
NWL,1994-06-13,22.0625,22.25,22.0625,22.125,9.181767463684082,326000
NWL,1994-06-14,22.25,22.4375,22.25,22.4375,9.311458587646484,288400
NWL,1994-06-15,22.4375,22.625,22.375,22.5,9.337395668029783,703200
NWL,1994-06-16,22.4375,22.5,22.25,22.25,9.23363971710205,167800
NWL,1994-06-17,22.5,22.5,22.3125,22.3125,9.259576797485352,616800
NWL,1994-06-20,22.1875,22.6875,22.1875,22.4375,9.311458587646484,296800
NWL,1994-06-21,22.25,22.4375,21.8125,21.8125,9.052080154418944,736600
NWL,1994-06-22,22.0,22.0,21.75,21.875,9.078018188476562,293600
NWL,1994-06-23,21.8125,21.9375,21.5,21.75,9.02614402770996,504000
NWL,1994-06-24,21.6875,21.9375,21.625,21.9375,9.10395622253418,282000
NWL,1994-06-27,21.875,22.4375,21.8125,22.3125,9.259576797485352,645800
NWL,1994-06-28,22.3125,22.6875,22.3125,22.4375,9.311458587646484,634000
NWL,1994-06-29,22.4375,23.3125,22.4375,23.25,9.648641586303713,1036800
NWL,1994-06-30,23.125,23.25,22.8125,23.125,9.596762657165527,468400
NWL,1994-07-01,23.125,23.125,22.875,23.0,9.544888496398926,1324600
NWL,1994-07-05,23.0,23.125,22.75,22.75,9.441142082214355,528000
NWL,1994-07-06,22.75,22.8125,22.625,22.625,9.389265060424805,294200
NWL,1994-07-07,22.75,22.8125,22.625,22.8125,9.467079162597656,213400
NWL,1994-07-08,22.6875,22.8125,22.6875,22.8125,9.467079162597656,280000
NWL,1994-07-11,22.8125,22.8125,22.625,22.75,9.441142082214355,143400
NWL,1994-07-12,22.625,22.625,22.25,22.4375,9.311458587646484,204600
NWL,1994-07-13,22.4375,22.5625,22.4375,22.5,9.337395668029783,166800
NWL,1994-07-14,22.5625,22.75,22.5,22.75,9.441142082214355,228200
NWL,1994-07-15,22.75,23.0,22.6875,22.8125,9.467079162597656,241800
NWL,1994-07-18,23.0,23.0,22.75,22.875,9.49301528930664,269800
NWL,1994-07-19,22.8125,23.5,22.6875,22.9375,9.518953323364258,682200
NWL,1994-07-20,23.0,23.0,22.5,22.6875,9.415204048156738,445000
NWL,1994-07-21,22.5625,22.6875,22.1875,22.5625,9.36332893371582,305000
NWL,1994-07-22,22.6875,22.75,22.375,22.5,9.337395668029783,370200
NWL,1994-07-25,22.5,22.625,22.4375,22.5,9.337395668029783,265000
NWL,1994-07-26,22.5,22.5,22.3125,22.3125,9.259576797485352,268800
NWL,1994-07-27,22.25,22.3125,22.0,22.3125,9.259576797485352,356600
NWL,1994-07-28,22.3125,22.375,22.125,22.1875,9.207703590393066,159200
NWL,1994-07-29,22.25,22.5,22.125,22.3125,9.259576797485352,495200
NWL,1994-08-01,22.4375,22.5,22.1875,22.375,9.285520553588867,262800
NWL,1994-08-02,22.4375,22.5625,22.25,22.375,9.285520553588867,276200
NWL,1994-08-03,22.375,22.75,22.25,22.4375,9.311458587646484,507000
NWL,1994-08-04,22.5,22.5625,22.375,22.5,9.337395668029783,398800
NWL,1994-08-05,22.4375,22.875,22.375,22.875,9.49301528930664,431600
NWL,1994-08-08,22.9375,23.125,22.8125,22.9375,9.518953323364258,250600
NWL,1994-08-09,23.0,23.25,22.9375,23.0,9.586685180664062,960000
NWL,1994-08-10,23.0625,23.125,22.75,22.8125,9.508532524108888,656600
NWL,1994-08-11,22.875,22.875,22.75,22.75,9.4824800491333,275800
NWL,1994-08-12,22.75,23.0,22.75,22.875,9.53458023071289,325800
NWL,1994-08-15,23.0625,23.125,22.75,22.75,9.4824800491333,489400
NWL,1994-08-16,22.6875,23.0,22.6875,22.875,9.53458023071289,345400
NWL,1994-08-17,22.875,22.875,22.4375,22.5,9.378280639648438,456200
NWL,1994-08-18,22.5,22.5625,22.25,22.5,9.378280639648438,344400
NWL,1994-08-19,22.4375,22.875,22.3125,22.625,9.430378913879396,381800
NWL,1994-08-22,22.625,22.875,22.5625,22.6875,9.456427574157717,280600
NWL,1994-08-23,22.875,23.25,22.875,22.875,9.53458023071289,439000
NWL,1994-08-24,22.875,23.0,22.6875,23.0,9.586685180664062,269000
NWL,1994-08-25,23.0,23.0625,22.8125,23.0,9.586685180664062,481200
NWL,1994-08-26,22.875,22.9375,22.625,22.75,9.4824800491333,283600
NWL,1994-08-29,22.75,23.0625,22.6875,23.0,9.586685180664062,562000
NWL,1994-08-30,23.0,23.0625,22.9375,23.0625,9.612735748291016,461000
NWL,1994-08-31,23.0,23.8125,22.9375,23.8125,9.925347328186035,580800
NWL,1994-09-01,23.625,23.625,23.25,23.5,9.795084953308104,358200
NWL,1994-09-02,23.75,23.75,23.25,23.25,9.690893173217772,180400
NWL,1994-09-06,23.375,23.375,23.0,23.25,9.690893173217772,121100
NWL,1994-09-07,23.375,23.375,22.625,22.75,9.4824800491333,323300
NWL,1994-09-08,22.625,23.0,22.5,22.875,9.53458023071289,228600
NWL,1994-09-09,22.625,22.75,22.25,22.625,9.430378913879396,293200
NWL,1994-09-12,22.625,22.75,22.25,22.625,9.430378913879396,431400
NWL,1994-09-13,22.625,23.125,22.625,23.125,9.638786315917969,241500
NWL,1994-09-14,23.125,23.625,22.875,23.625,9.84719181060791,360100
NWL,1994-09-15,23.625,23.875,23.5,23.875,9.95138931274414,218000
NWL,1994-09-16,23.875,23.875,23.25,23.375,9.742987632751465,520600
NWL,1994-09-19,23.5,23.75,23.25,23.5,9.795084953308104,234100
NWL,1994-09-20,23.125,23.25,23.0,23.125,9.638786315917969,143800
NWL,1994-09-21,23.0,23.0,21.625,22.0,9.169869422912598,314500
NWL,1994-09-22,22.25,22.875,22.0,22.125,9.221970558166504,194600
NWL,1994-09-23,22.25,22.25,21.625,21.875,9.117769241333008,170600
NWL,1994-09-26,21.875,22.5,21.125,22.5,9.378280639648438,237200
NWL,1994-09-27,22.25,23.125,22.25,22.875,9.53458023071289,320300
NWL,1994-09-28,22.75,23.125,22.375,22.875,9.53458023071289,295800
NWL,1994-09-29,22.75,22.875,22.25,22.375,9.326178550720217,199900
NWL,1994-09-30,22.375,22.375,21.75,22.25,9.274070739746094,213100
NWL,1994-10-03,22.375,22.375,21.625,21.625,9.013567924499512,303100
NWL,1994-10-04,22.0,22.0,20.5,21.0,8.753057479858398,650800
NWL,1994-10-05,21.0,21.25,20.625,21.25,8.857260704040527,245900
NWL,1994-10-06,21.375,21.5,20.875,21.25,8.857260704040527,190800
NWL,1994-10-07,21.125,21.75,21.0,21.5,8.961461067199707,106900
NWL,1994-10-10,21.625,21.625,21.375,21.625,9.013567924499512,96400
NWL,1994-10-11,21.5,21.875,21.5,21.875,9.117769241333008,90500
NWL,1994-10-12,21.75,22.125,21.625,21.75,9.065667152404783,247100
NWL,1994-10-13,22.0,22.5,21.625,21.75,9.065667152404783,316000
NWL,1994-10-14,21.25,22.375,21.0,22.375,9.326178550720217,397400
NWL,1994-10-17,22.375,22.375,22.0,22.25,9.274070739746094,418600
NWL,1994-10-18,22.125,22.375,22.125,22.375,9.326178550720217,339000
NWL,1994-10-19,22.25,22.375,22.125,22.25,9.274070739746094,327800
NWL,1994-10-20,22.0,22.0,21.5,21.75,9.065667152404783,291400
NWL,1994-10-21,21.75,21.75,21.375,21.5,8.961461067199707,646900
NWL,1994-10-24,21.5,21.5,20.375,20.625,8.59675407409668,638900
NWL,1994-10-25,20.875,21.0,20.625,20.75,8.648849487304688,421500
NWL,1994-10-26,20.875,20.875,20.5,20.75,8.648849487304688,167400
NWL,1994-10-27,21.0,21.25,20.625,20.625,8.59675407409668,589500
NWL,1994-10-28,20.875,21.25,20.75,21.0,8.753057479858398,317200
NWL,1994-10-31,21.125,21.5,21.0,21.0,8.753057479858398,250800
NWL,1994-11-01,21.0,21.375,20.625,21.25,8.857260704040527,352200
NWL,1994-11-02,21.125,21.375,20.75,21.25,8.857260704040527,489600
NWL,1994-11-03,21.25,21.375,21.125,21.375,8.909360885620117,218300
NWL,1994-11-04,21.25,21.375,20.5,20.5,8.544651985168457,265100
NWL,1994-11-07,20.625,21.5,20.625,21.375,8.909360885620117,433400
NWL,1994-11-08,21.375,21.625,21.25,21.375,8.909360885620117,569700
NWL,1994-11-09,21.625,21.75,21.375,21.5,8.961461067199707,363800
NWL,1994-11-10,21.5,21.75,21.5,21.625,9.013567924499512,202200
NWL,1994-11-11,21.625,21.625,21.25,21.25,8.857260704040527,171900
NWL,1994-11-14,21.375,22.0,21.25,22.0,9.169869422912598,528000
NWL,1994-11-15,21.75,22.0,21.375,21.625,9.054725646972656,309500
NWL,1994-11-16,21.5,22.0,21.375,21.625,9.054725646972656,383200
NWL,1994-11-17,21.875,22.0,21.625,21.75,9.107060432434082,142900
NWL,1994-11-18,21.75,21.875,21.0,21.375,8.950042724609375,1018400
NWL,1994-11-21,21.5,21.625,21.375,21.5,9.002385139465332,522900
NWL,1994-11-22,21.5,21.875,21.5,21.5,9.002385139465332,158100
NWL,1994-11-23,21.0,21.375,20.875,21.125,8.84537124633789,330200
NWL,1994-11-25,21.5,21.5,21.25,21.5,9.002385139465332,37800
NWL,1994-11-28,21.25,21.625,21.125,21.375,8.950042724609375,179000
NWL,1994-11-29,21.25,21.5,21.125,21.25,8.897706985473633,433000
NWL,1994-11-30,21.5,22.0,21.375,21.5,9.002385139465332,165700
NWL,1994-12-01,21.5,21.625,21.125,21.5,9.002385139465332,228300
NWL,1994-12-02,21.75,21.875,21.5,21.875,9.159404754638672,121000
NWL,1994-12-05,21.75,21.875,21.375,21.5,9.002385139465332,168900
NWL,1994-12-06,21.625,22.125,21.625,22.0,9.211739540100098,347500
NWL,1994-12-07,21.75,21.9375,21.75,21.875,9.159404754638672,70300
NWL,1994-12-08,21.875,22.0,21.875,22.0,9.211739540100098,151800
NWL,1994-12-09,21.875,22.0,21.75,21.875,9.159404754638672,88800
NWL,1994-12-12,21.875,22.0,21.375,21.375,8.950042724609375,139900
NWL,1994-12-13,21.625,21.75,21.5,21.75,9.107060432434082,177700
NWL,1994-12-14,21.75,22.125,21.625,22.0,9.211739540100098,215700
NWL,1994-12-15,22.0,22.25,21.25,21.625,9.054725646972656,371800
NWL,1994-12-16,21.75,21.75,21.375,21.375,8.950042724609375,608700
NWL,1994-12-19,21.375,21.375,20.375,21.0,8.793025970458984,572000
NWL,1994-12-20,21.0,21.0,20.875,21.0,8.793025970458984,304800
NWL,1994-12-21,21.0,21.375,20.875,21.25,8.897706985473633,1513700
NWL,1994-12-22,21.25,21.5,21.25,21.375,8.950042724609375,260300
NWL,1994-12-23,21.5,21.625,21.375,21.375,8.950042724609375,148100
NWL,1994-12-27,21.5,21.625,21.375,21.5,9.002385139465332,93200
NWL,1994-12-28,21.25,21.5,21.25,21.5,9.002385139465332,151400
NWL,1994-12-29,21.375,21.5,21.0,21.25,8.897706985473633,155700
NWL,1994-12-30,21.25,21.25,20.875,21.0,8.793025970458984,130200
NWL,1995-01-03,20.75,20.875,20.375,20.625,8.636009216308594,344800
NWL,1995-01-04,20.75,21.25,20.625,21.25,8.897706985473633,155300
NWL,1995-01-05,21.125,21.625,20.875,21.5,9.002385139465332,170200
NWL,1995-01-06,21.5,21.5,20.625,20.75,8.688342094421387,202600
NWL,1995-01-09,20.625,21.125,20.375,20.875,8.74068832397461,557400
NWL,1995-01-10,21.0,21.25,21.0,21.0,8.793025970458984,196600
NWL,1995-01-11,21.125,21.25,21.0,21.125,8.84537124633789,211300
NWL,1995-01-12,21.25,21.25,21.0,21.125,8.84537124633789,105200
NWL,1995-01-13,21.25,21.375,20.875,21.125,8.84537124633789,215400
NWL,1995-01-16,21.25,21.25,21.0,21.0,8.793025970458984,117400
NWL,1995-01-17,21.0,21.125,20.25,20.875,8.74068832397461,417900
NWL,1995-01-18,20.5,21.375,20.5,21.375,8.950042724609375,395500
NWL,1995-01-19,21.125,21.375,21.125,21.25,8.897706985473633,215700
NWL,1995-01-20,21.25,21.25,21.0,21.125,8.84537124633789,314200
NWL,1995-01-23,21.0,21.375,21.0,21.25,8.897706985473633,234600
NWL,1995-01-24,21.125,21.25,21.0,21.125,8.84537124633789,101400
NWL,1995-01-25,21.125,21.125,20.875,21.0,8.793025970458984,386900
NWL,1995-01-26,20.875,21.25,20.875,21.25,8.897706985473633,216600
NWL,1995-01-27,21.25,21.375,21.125,21.25,8.897706985473633,190800
NWL,1995-01-30,20.75,21.375,20.75,21.375,8.950042724609375,407100
NWL,1995-01-31,22.0,22.625,21.875,22.5,9.421101570129396,331700
NWL,1995-02-01,22.25,22.625,22.25,22.5,9.421101570129396,432000
NWL,1995-02-02,22.375,22.5,22.375,22.5,9.421101570129396,151400
NWL,1995-02-03,22.5,23.125,22.375,23.0,9.630457878112791,300400
NWL,1995-02-06,23.125,23.75,23.0,23.625,9.892149925231934,166300
NWL,1995-02-07,23.375,23.5,22.625,23.25,9.735136985778809,465400
NWL,1995-02-08,23.25,23.625,23.125,23.375,9.78747272491455,231000
NWL,1995-02-09,23.25,23.625,23.25,23.625,9.892149925231934,298700
NWL,1995-02-10,23.625,23.75,23.25,23.375,9.78747272491455,507200
NWL,1995-02-13,23.25,23.5,23.25,23.375,9.829524040222168,307000
NWL,1995-02-14,23.625,23.75,23.375,23.5,9.882092475891112,307400
NWL,1995-02-15,23.5,23.75,23.375,23.5,9.882092475891112,324100
NWL,1995-02-16,23.625,23.75,23.375,23.625,9.934652328491213,190000
NWL,1995-02-17,23.5,23.625,23.375,23.625,9.934652328491213,450600
NWL,1995-02-21,23.625,23.625,23.375,23.5,9.882092475891112,241300
NWL,1995-02-22,23.375,23.625,23.25,23.5,9.882092475891112,310300
NWL,1995-02-23,23.625,23.875,23.5,23.75,9.987225532531738,275600
NWL,1995-02-24,23.75,24.5,23.75,24.0,10.0923490524292,422400
NWL,1995-02-27,24.125,24.375,24.0,24.125,10.144909858703612,304400
NWL,1995-02-28,24.0,24.0,23.375,23.875,10.039785385131836,285600
NWL,1995-03-01,23.875,24.0,23.5,24.0,10.0923490524292,406400
NWL,1995-03-02,24.125,24.125,23.75,23.75,9.987225532531738,164700
NWL,1995-03-03,23.875,24.25,23.875,24.125,10.144909858703612,208500
NWL,1995-03-06,23.875,24.5,23.75,24.5,10.30260181427002,105000
NWL,1995-03-07,24.125,24.5,24.125,24.375,10.250039100646973,203700
NWL,1995-03-08,24.375,24.5,24.125,24.25,10.197479248046877,156100
NWL,1995-03-09,24.25,24.375,24.125,24.25,10.197479248046877,117700
NWL,1995-03-10,24.25,24.75,24.125,24.625,10.355167388916016,153300
NWL,1995-03-13,24.625,24.875,24.625,24.75,10.40773582458496,145200
NWL,1995-03-14,24.625,24.875,24.375,24.75,10.40773582458496,297600
NWL,1995-03-15,24.875,24.875,24.25,24.5,10.30260181427002,180300
NWL,1995-03-16,24.375,24.75,24.375,24.625,10.355167388916016,134200
NWL,1995-03-17,24.875,25.125,24.625,24.75,10.40773582458496,374200
NWL,1995-03-20,24.875,25.125,24.625,24.875,10.460301399230955,109100
NWL,1995-03-21,25.0,25.875,24.5,24.625,10.355167388916016,212700
NWL,1995-03-22,24.75,24.75,24.5,24.75,10.40773582458496,66200
NWL,1995-03-23,24.625,24.75,24.5,24.5,10.30260181427002,142300
NWL,1995-03-24,24.375,25.25,24.25,25.0,10.512862205505373,366900
NWL,1995-03-27,25.25,25.5,25.0,25.375,10.670557022094728,125300
NWL,1995-03-28,25.25,25.25,24.625,25.125,10.56542682647705,323400
NWL,1995-03-29,24.75,25.25,24.75,25.25,10.61799430847168,381800
NWL,1995-03-30,25.5,25.5,25.125,25.25,10.61799430847168,204100
NWL,1995-03-31,25.375,25.625,25.125,25.5,10.723121643066406,396600
NWL,1995-04-03,25.5,25.5,24.5,24.625,10.355167388916016,251400
NWL,1995-04-04,24.875,24.875,24.25,24.625,10.355167388916016,161700
NWL,1995-04-05,24.625,24.625,23.875,23.875,10.039785385131836,410400
NWL,1995-04-06,24.0,24.5,24.0,24.375,10.250039100646973,362100
NWL,1995-04-07,24.5,24.625,24.375,24.5,10.30260181427002,289500
NWL,1995-04-10,24.375,24.5,24.25,24.375,10.250039100646973,172000
NWL,1995-04-11,24.5,24.5,24.125,24.125,10.144909858703612,290900
NWL,1995-04-12,24.125,24.375,24.125,24.375,10.250039100646973,96100
NWL,1995-04-13,24.25,24.5,24.125,24.375,10.250039100646973,133200
NWL,1995-04-17,24.375,24.5,24.0,24.0,10.0923490524292,185300
NWL,1995-04-18,24.125,24.375,23.875,24.0,10.0923490524292,166100
NWL,1995-04-19,24.0,24.5,23.875,24.5,10.30260181427002,87800
NWL,1995-04-20,24.375,24.5,23.75,24.0,10.0923490524292,289400
NWL,1995-04-21,24.125,24.125,23.0,23.25,9.776960372924805,335200
NWL,1995-04-24,23.375,23.375,23.0,23.125,9.724395751953123,292400
NWL,1995-04-25,23.25,23.625,22.875,23.5,9.882092475891112,482500
NWL,1995-04-26,23.5,23.5,23.25,23.5,9.882092475891112,233600
NWL,1995-04-27,23.375,23.375,23.125,23.375,9.829524040222168,139600
NWL,1995-04-28,23.375,23.625,23.0,23.625,9.934652328491213,187400
NWL,1995-05-01,23.375,23.625,23.125,23.375,9.829524040222168,81700
NWL,1995-05-02,23.375,23.875,23.375,23.875,10.039785385131836,148000
NWL,1995-05-03,23.875,25.125,23.875,25.0,10.512862205505373,331900
NWL,1995-05-04,24.875,25.0,24.5,25.0,10.512862205505373,572800
NWL,1995-05-05,25.0,25.0,24.5,24.875,10.460301399230955,281000
NWL,1995-05-08,24.75,25.125,24.625,24.875,10.460301399230955,137500
NWL,1995-05-09,25.0,25.125,24.375,24.625,10.355167388916016,170800
NWL,1995-05-10,24.625,24.625,23.75,23.75,9.987225532531738,198500
NWL,1995-05-11,24.25,24.625,24.25,24.5,10.30260181427002,323500
NWL,1995-05-12,24.125,24.25,23.875,24.0,10.0923490524292,532800
NWL,1995-05-15,24.0,24.25,23.5,23.875,10.090234756469728,455500
NWL,1995-05-16,23.875,24.0,23.75,24.0,10.143062591552734,98800
NWL,1995-05-17,23.875,24.0,22.875,23.125,9.77326488494873,245700
NWL,1995-05-18,23.0,23.0,22.75,23.0,9.72043514251709,270200
NWL,1995-05-19,23.25,23.25,22.625,22.75,9.614776611328123,654000
NWL,1995-05-22,22.875,23.125,22.75,22.875,9.667610168457031,996100
NWL,1995-05-23,22.875,23.375,22.625,23.375,9.878918647766112,372000
NWL,1995-05-24,23.625,23.75,23.125,23.25,9.826091766357422,294100
NWL,1995-05-25,23.25,23.375,23.125,23.125,9.77326488494873,259900
NWL,1995-05-26,23.125,23.25,22.875,23.0,9.72043514251709,227700
NWL,1995-05-30,23.125,23.25,23.0,23.0,9.72043514251709,263800
NWL,1995-05-31,23.25,24.875,23.125,24.875,10.512866973876951,349900
NWL,1995-06-01,24.625,24.75,23.75,24.25,10.248723030090332,391400
NWL,1995-06-02,24.0,24.25,23.625,24.0,10.143062591552734,286500
NWL,1995-06-05,23.75,24.0,23.5,23.75,10.037405967712402,221800
NWL,1995-06-06,23.625,24.125,23.625,24.0,10.143062591552734,223800
NWL,1995-06-07,24.0,24.25,23.875,24.125,10.19589138031006,233800
NWL,1995-06-08,24.25,24.375,23.875,24.0,10.143062591552734,423700
NWL,1995-06-09,24.0,24.0,23.25,23.25,9.826091766357422,237600
NWL,1995-06-12,23.25,23.625,23.125,23.375,9.878918647766112,235000
NWL,1995-06-13,23.5,23.5,23.25,23.5,9.93175220489502,397900
NWL,1995-06-14,23.5,23.5,23.125,23.25,9.826091766357422,296700
NWL,1995-06-15,23.125,23.5,23.125,23.375,9.878918647766112,1049500
NWL,1995-06-16,23.625,24.0,23.5,23.75,10.037405967712402,590900
NWL,1995-06-19,23.75,24.125,23.75,23.875,10.090234756469728,284800
NWL,1995-06-20,23.875,23.875,22.5,22.625,9.561951637268066,1158700
NWL,1995-06-21,22.75,23.125,22.25,23.0,9.72043514251709,1229100
NWL,1995-06-22,23.0,23.125,22.125,23.0,9.72043514251709,694200
NWL,1995-06-23,22.875,22.875,22.25,22.375,9.456296920776367,260600
NWL,1995-06-26,22.5,22.5,22.125,22.25,9.403462409973145,205300
NWL,1995-06-27,22.5,22.875,22.25,22.75,9.614776611328123,469800
NWL,1995-06-28,23.0,23.125,22.75,23.0,9.72043514251709,643000
NWL,1995-06-29,23.0,24.375,23.0,24.375,10.301546096801758,978600
NWL,1995-06-30,24.375,24.5,23.75,24.375,10.301546096801758,275400
NWL,1995-07-03,24.125,24.25,23.75,23.875,10.090234756469728,122300
NWL,1995-07-05,24.125,24.25,23.5,23.875,10.090234756469728,312600
NWL,1995-07-06,23.875,24.0,23.75,24.0,10.143062591552734,375000
NWL,1995-07-07,23.875,24.125,23.25,23.75,10.037405967712402,357000
NWL,1995-07-10,23.75,24.0,23.5,24.0,10.143062591552734,396900
NWL,1995-07-11,23.875,24.0,23.75,23.875,10.090234756469728,230700
NWL,1995-07-12,23.875,23.875,23.5,23.875,10.090234756469728,210400
NWL,1995-07-13,23.875,24.75,23.625,23.75,10.037405967712402,299200
NWL,1995-07-14,23.25,24.0,23.25,23.75,10.037405967712402,377000
NWL,1995-07-17,23.625,24.0,23.625,23.625,9.984578132629396,221300
NWL,1995-07-18,23.625,23.875,23.625,23.625,9.984578132629396,307000
NWL,1995-07-19,23.625,24.0,23.5,24.0,10.143062591552734,119800
NWL,1995-07-20,24.0,24.25,23.75,24.125,10.19589138031006,477300
NWL,1995-07-21,24.125,24.125,23.875,24.0,10.143062591552734,229000
NWL,1995-07-24,24.25,24.5,23.875,23.875,10.090234756469728,292800
NWL,1995-07-25,24.125,25.0,24.125,25.0,10.56569480895996,561300
NWL,1995-07-26,24.625,24.75,24.25,24.5,10.354374885559082,387400
NWL,1995-07-27,24.625,25.375,24.5,25.125,10.618521690368652,297900
NWL,1995-07-28,25.0,25.25,24.875,25.25,10.671353340148926,612800
NWL,1995-07-31,25.25,25.625,25.25,25.375,10.724178314208984,344000
NWL,1995-08-01,26.0,26.125,25.75,25.875,10.935489654541016,255400
NWL,1995-08-02,25.875,26.375,25.875,26.0,10.98831558227539,225400
NWL,1995-08-03,26.0,26.375,26.0,26.125,11.041146278381348,111000
NWL,1995-08-04,25.875,26.25,25.875,26.125,11.041146278381348,103200
NWL,1995-08-07,26.125,26.125,25.875,26.0,10.98831558227539,50500
NWL,1995-08-08,25.875,26.125,25.5,25.875,10.935489654541016,145900
NWL,1995-08-09,25.875,26.125,25.75,25.75,10.882664680480955,94000
NWL,1995-08-10,25.875,25.875,25.625,25.75,10.882664680480955,205500
NWL,1995-08-11,25.75,26.0,25.75,25.75,10.882664680480955,107400
NWL,1995-08-14,25.75,26.25,25.625,26.125,11.092846870422363,190800
NWL,1995-08-15,26.125,26.25,25.875,26.125,11.092846870422363,238100
NWL,1995-08-16,26.0,26.375,26.0,26.25,11.145925521850586,211500
NWL,1995-08-17,26.125,26.25,25.5,25.5,10.827462196350098,415700
NWL,1995-08-18,25.875,26.0,25.5,25.625,10.880534172058104,403200
NWL,1995-08-21,25.875,26.125,25.75,26.0,11.03976345062256,465700
NWL,1995-08-22,25.875,26.0,25.75,25.75,10.93361759185791,406900
NWL,1995-08-23,25.875,25.875,25.5,25.625,10.880534172058104,112200
NWL,1995-08-24,25.75,26.0,25.625,25.75,10.93361759185791,71200
NWL,1995-08-25,25.875,26.375,25.75,26.25,11.145925521850586,197000
NWL,1995-08-28,26.375,26.375,26.0,26.25,11.145925521850586,286800
NWL,1995-08-29,26.25,26.25,25.25,25.5,10.827462196350098,1264100
NWL,1995-08-30,25.5,25.75,25.125,25.25,10.72131633758545,290500
NWL,1995-08-31,25.25,25.25,24.875,25.0,10.61516284942627,558700
NWL,1995-09-01,25.125,25.125,24.875,25.0,10.61516284942627,387900
NWL,1995-09-05,24.875,25.0,24.25,24.75,10.509007453918455,1198300
NWL,1995-09-06,25.0,25.25,24.75,25.0,10.61516284942627,537000
NWL,1995-09-07,25.0,25.375,24.875,25.125,10.668231964111328,411000
NWL,1995-09-08,25.25,25.25,24.625,24.75,10.509007453918455,69000
NWL,1995-09-11,24.75,25.375,24.6875,25.25,10.72131633758545,290200
NWL,1995-09-12,25.5,25.5,25.0,25.125,10.668231964111328,253600
NWL,1995-09-13,25.25,25.375,25.0,25.125,10.668231964111328,145600
NWL,1995-09-14,25.125,25.25,24.75,25.0,10.61516284942627,447300
NWL,1995-09-15,25.0,25.0,24.0,24.25,10.29670524597168,659900
NWL,1995-09-18,24.375,24.5,23.625,24.0,10.19055461883545,633800
NWL,1995-09-19,24.0,24.0,23.375,23.625,10.031325340270996,634900
NWL,1995-09-20,23.875,24.125,23.625,24.125,10.24362850189209,851300
NWL,1995-09-21,24.0,24.25,23.75,23.875,10.137475967407228,610800
NWL,1995-09-22,23.5,23.875,23.5,23.75,10.08440399169922,598500
NWL,1995-09-25,23.875,24.0,23.75,23.875,10.137475967407228,208800
NWL,1995-09-26,23.75,24.25,23.375,24.0,10.19055461883545,426100
NWL,1995-09-27,24.125,24.25,24.0,24.25,10.29670524597168,129700
NWL,1995-09-28,24.125,24.75,24.125,24.375,10.349777221679688,436900
NWL,1995-09-29,24.125,24.875,24.125,24.75,10.509007453918455,431400
NWL,1995-10-02,24.75,25.0,24.75,25.0,10.61516284942627,267200
NWL,1995-10-03,24.875,25.125,24.75,25.0,10.61516284942627,190200
NWL,1995-10-04,24.875,25.375,24.875,25.375,10.774389266967772,379400
NWL,1995-10-05,25.375,25.375,24.875,25.0,10.61516284942627,229200
NWL,1995-10-06,25.25,25.75,25.125,25.625,10.880534172058104,208200
NWL,1995-10-09,25.75,25.875,25.5,25.5,10.827462196350098,193300
NWL,1995-10-10,25.5,25.875,25.375,25.5,10.827462196350098,228500
NWL,1995-10-11,25.5,25.5,25.25,25.5,10.827462196350098,279300
NWL,1995-10-12,25.75,26.25,25.5,26.0,11.03976345062256,206000
NWL,1995-10-13,26.125,26.125,25.625,25.875,10.9866943359375,190500
NWL,1995-10-16,26.0,26.0,25.75,25.75,10.93361759185791,67300
NWL,1995-10-17,25.75,25.875,25.25,25.5,10.827462196350098,167200
NWL,1995-10-18,25.125,25.125,24.5,24.875,10.562082290649414,615200
NWL,1995-10-19,24.875,25.125,24.5,24.625,10.455931663513184,532100
NWL,1995-10-20,24.375,24.625,24.25,24.25,10.29670524597168,743000
NWL,1995-10-23,24.25,24.375,24.0,24.25,10.29670524597168,261300
NWL,1995-10-24,24.25,25.0,24.25,24.375,10.349777221679688,450600
NWL,1995-10-25,24.375,24.375,24.0,24.375,10.349777221679688,350700
NWL,1995-10-26,24.25,24.375,24.0,24.25,10.29670524597168,214000
NWL,1995-10-27,24.25,24.375,23.75,24.375,10.349777221679688,159400
NWL,1995-10-30,24.5,24.5,24.125,24.375,10.349777221679688,477800
NWL,1995-10-31,24.625,24.75,24.125,24.125,10.24362850189209,360800
NWL,1995-11-01,24.25,24.25,23.875,24.0,10.19055461883545,1196600
NWL,1995-11-02,24.0,24.25,23.75,23.875,10.137475967407228,200400
NWL,1995-11-03,23.875,24.0,23.75,23.875,10.137475967407228,541500
NWL,1995-11-06,23.75,24.0,23.75,23.875,10.137475967407228,158000
NWL,1995-11-07,24.0,24.25,24.0,24.125,10.24362850189209,258500
NWL,1995-11-08,24.0,24.0,23.5,23.875,10.137475967407228,338400
NWL,1995-11-09,23.875,24.0,23.5,23.671875,10.051224708557127,205400
NWL,1995-11-10,23.5,24.125,23.5,24.0,10.19055461883545,348500
NWL,1995-11-13,23.375,23.75,23.375,23.75,10.08440399169922,268700
NWL,1995-11-14,23.625,24.0,23.625,23.875,10.137475967407228,158700
NWL,1995-11-15,24.0,24.25,23.875,24.0,10.19055461883545,718100
NWL,1995-11-16,24.0,24.25,23.875,24.125,10.295103073120115,460200
NWL,1995-11-17,24.25,24.5,24.25,24.5,10.455134391784668,175600
NWL,1995-11-20,24.625,24.625,24.375,24.5,10.455134391784668,127500
NWL,1995-11-21,24.5,25.375,24.5,25.25,10.775191307067873,265900
NWL,1995-11-22,25.125,25.375,25.0,25.25,10.775191307067873,279300
NWL,1995-11-24,25.125,25.5,25.125,25.5,10.881872177124023,43500
NWL,1995-11-27,25.25,26.0,25.25,25.75,10.988558769226074,226000
NWL,1995-11-28,25.625,26.0,25.25,25.875,11.041902542114258,241000
NWL,1995-11-29,26.0,26.0,25.25,25.5,10.881872177124023,319700
NWL,1995-11-30,25.75,26.375,25.625,26.375,11.255270957946776,318100
NWL,1995-12-01,26.25,26.375,25.625,26.125,11.148589134216309,169200
NWL,1995-12-04,25.875,27.25,25.875,27.25,11.628668785095217,299200
NWL,1995-12-05,27.125,27.125,26.75,27.0,11.521984100341797,157400
NWL,1995-12-06,27.125,27.25,26.5,26.875,11.468640327453612,143700
NWL,1995-12-07,26.875,27.0,26.75,26.875,11.468640327453612,112400
NWL,1995-12-08,27.0,27.0,26.375,26.75,11.415298461914062,115500
NWL,1995-12-11,26.875,27.0,26.625,26.875,11.468640327453612,115900
NWL,1995-12-12,26.75,27.0,26.375,26.5,11.30861473083496,126900
NWL,1995-12-13,26.5,26.5,26.25,26.5,11.30861473083496,151500
NWL,1995-12-14,26.5,26.875,26.375,26.875,11.468640327453612,186000
NWL,1995-12-15,26.875,27.0,26.375,26.5,11.30861473083496,509000
NWL,1995-12-18,26.25,26.375,25.5,25.5,10.881872177124023,171300
NWL,1995-12-19,25.5,26.0,25.0,26.0,11.095239639282228,277800
NWL,1995-12-20,26.25,26.25,25.125,25.125,10.721840858459473,131100
NWL,1995-12-21,25.5,25.75,25.25,25.375,10.828531265258787,240300
NWL,1995-12-22,25.375,26.5,25.375,26.0,11.095239639282228,187600
NWL,1995-12-26,25.75,25.875,25.625,25.75,10.988558769226074,101700
NWL,1995-12-27,25.75,25.875,25.5,25.75,10.988558769226074,56000
NWL,1995-12-28,25.5,25.625,25.0,25.25,10.775191307067873,94300
NWL,1995-12-29,25.25,25.875,25.125,25.875,11.041902542114258,172000
NWL,1996-01-02,25.875,26.625,25.75,26.375,11.255270957946776,152000
NWL,1996-01-03,26.375,26.625,26.125,26.25,11.201934814453123,212700
NWL,1996-01-04,26.375,26.375,25.875,26.25,11.201934814453123,206000
NWL,1996-01-05,26.25,26.375,25.875,26.375,11.255270957946776,239300
NWL,1996-01-08,26.375,26.5,26.0,26.375,11.255270957946776,41500
NWL,1996-01-09,26.5,26.75,26.0,26.125,11.148589134216309,191900
NWL,1996-01-10,25.875,26.25,25.75,26.25,11.201934814453123,157600
NWL,1996-01-11,26.25,26.25,25.625,25.875,11.041902542114258,115600
NWL,1996-01-12,26.0,26.0,25.375,25.625,10.935211181640623,142400
NWL,1996-01-15,25.875,25.875,25.5,25.75,10.988558769226074,151000
NWL,1996-01-16,25.75,26.75,25.625,26.75,11.415298461914062,274400
NWL,1996-01-17,26.625,26.75,26.125,26.125,11.148589134216309,98600
NWL,1996-01-18,26.25,26.375,25.5,26.125,11.148589134216309,254400
NWL,1996-01-19,25.875,26.125,25.875,26.0,11.095239639282228,155800
NWL,1996-01-22,26.0,26.5,25.875,26.5,11.30861473083496,106200
NWL,1996-01-23,26.25,26.75,26.125,26.5,11.30861473083496,151000
NWL,1996-01-24,26.75,27.375,26.75,27.125,11.575324058532717,232600
NWL,1996-01-25,27.125,27.25,26.875,27.125,11.575324058532717,153600
NWL,1996-01-26,27.125,27.375,26.875,27.125,11.575324058532717,139800
NWL,1996-01-29,27.0,27.125,26.625,27.0,11.521984100341797,139400
NWL,1996-01-30,27.0,27.0,26.375,26.5,11.30861473083496,422700
NWL,1996-01-31,26.5,26.5,26.125,26.375,11.255270957946776,249500
NWL,1996-02-01,26.375,26.5,26.0,26.375,11.255270957946776,261000
NWL,1996-02-02,26.375,26.5,25.75,26.0,11.095239639282228,152800
NWL,1996-02-05,25.75,26.125,25.5,26.0,11.095239639282228,312300
NWL,1996-02-06,25.875,26.375,25.75,26.375,11.255270957946776,276800
NWL,1996-02-07,26.375,27.125,26.25,27.0,11.521984100341797,560100
NWL,1996-02-08,27.0,28.875,27.0,28.5,12.162094116210938,429900
NWL,1996-02-09,28.375,28.5,27.375,27.5,11.73535442352295,756600
NWL,1996-02-12,27.625,27.875,27.125,27.875,11.895381927490234,487500
NWL,1996-02-13,27.75,28.0,27.5,27.625,11.788692474365234,226000
NWL,1996-02-14,27.5,27.75,27.0,27.125,11.575324058532717,233600
NWL,1996-02-15,27.125,27.125,26.625,26.75,11.415298461914062,944000
NWL,1996-02-16,26.625,27.625,26.5,27.625,11.788692474365234,866800
NWL,1996-02-20,27.25,27.375,26.625,27.0,11.521984100341797,191600
NWL,1996-02-21,27.0,27.125,26.625,26.75,11.415298461914062,238300
NWL,1996-02-22,26.875,28.125,26.875,28.0,11.94871997833252,794600
NWL,1996-02-23,27.75,28.0,27.375,28.0,11.94871997833252,276300
NWL,1996-02-26,27.5,28.0,27.0,27.625,11.847929954528809,207600
NWL,1996-02-27,27.625,28.0,27.625,27.875,11.955156326293944,243400
NWL,1996-02-28,27.875,28.25,27.875,28.0,12.00876235961914,345700
NWL,1996-02-29,28.25,28.625,27.5,27.75,11.901544570922852,327000
NWL,1996-03-01,28.0,28.125,26.875,27.625,11.847929954528809,272800
NWL,1996-03-04,27.625,29.0,27.625,28.875,12.384040832519531,328900
NWL,1996-03-05,29.125,29.125,28.1875,28.5,12.2232084274292,266500
NWL,1996-03-06,28.25,29.0,28.125,28.625,12.27681827545166,292700
NWL,1996-03-07,28.5,28.5,28.0,28.25,12.115982055664062,292500
NWL,1996-03-08,28.375,28.375,27.125,27.25,11.68710231781006,195500
NWL,1996-03-11,26.625,27.625,26.625,27.0,11.579883575439451,410800
NWL,1996-03-12,26.75,27.5,26.75,27.375,11.74071216583252,248500
NWL,1996-03-13,27.25,27.5,27.0,27.375,11.74071216583252,323600
NWL,1996-03-14,27.5,28.1875,27.25,27.25,11.68710231781006,300800
NWL,1996-03-15,27.5,28.125,27.125,27.25,11.68710231781006,669900
NWL,1996-03-18,27.625,28.25,27.625,28.25,12.115982055664062,211700
NWL,1996-03-19,28.25,28.25,27.625,27.875,11.955156326293944,385300
NWL,1996-03-20,28.0,28.0,26.75,27.0,11.579883575439451,725200
NWL,1996-03-21,27.25,27.25,26.75,27.0,11.579883575439451,893200
NWL,1996-03-22,27.25,27.375,27.0,27.125,11.633493423461914,557000
NWL,1996-03-25,26.875,27.625,26.875,27.25,11.68710231781006,465000
NWL,1996-03-26,27.25,27.375,26.875,27.0,11.579883575439451,143300
NWL,1996-03-27,27.125,27.25,26.25,26.625,11.41905117034912,184800
NWL,1996-03-28,26.5,27.0,26.5,26.75,11.472662925720217,246500
NWL,1996-03-29,27.0,27.0,26.625,26.75,11.472662925720217,224500
NWL,1996-04-01,27.0,27.125,26.5,26.75,11.472662925720217,115900
NWL,1996-04-02,26.875,26.875,26.0,26.5,11.365442276000977,325100
NWL,1996-04-03,26.75,26.75,26.5,26.625,11.41905117034912,288200
NWL,1996-04-04,26.5,27.125,26.375,26.875,11.526270866394045,282700
NWL,1996-04-08,26.625,26.75,25.875,26.0,11.150996208190918,363400
NWL,1996-04-09,25.875,26.25,25.375,25.75,11.043777465820312,191900
NWL,1996-04-10,25.625,26.375,25.625,25.625,10.99016284942627,245400
NWL,1996-04-11,25.75,25.75,25.375,25.5,10.93655490875244,276600
NWL,1996-04-12,25.375,26.0,25.125,25.875,11.097390174865724,339700
NWL,1996-04-15,26.25,26.25,26.0,26.125,11.204612731933594,122900
NWL,1996-04-16,26.25,27.0,26.125,26.25,11.258225440979004,290200
NWL,1996-04-17,25.875,26.5,25.875,26.125,11.204612731933594,165200
NWL,1996-04-18,26.25,26.75,26.0,26.5,11.365442276000977,152100
NWL,1996-04-19,26.5,26.75,26.25,26.375,11.311827659606934,211600
NWL,1996-04-22,25.375,26.75,25.0,26.625,11.41905117034912,844200
NWL,1996-04-23,26.75,27.125,26.5,27.0,11.579883575439451,208000
NWL,1996-04-24,27.0,27.0,26.625,27.0,11.579883575439451,834700
NWL,1996-04-25,27.0,27.5,27.0,27.375,11.74071216583252,720100
NWL,1996-04-26,27.5,28.375,27.5,28.25,12.115982055664062,730600
NWL,1996-04-29,28.125,28.25,28.0,28.125,12.062384605407717,515000
NWL,1996-04-30,28.0,28.75,28.0,28.5,12.2232084274292,271900
NWL,1996-05-01,28.375,28.625,28.375,28.625,12.27681827545166,382300
NWL,1996-05-02,28.375,28.75,28.25,28.625,12.27681827545166,415400
NWL,1996-05-03,28.625,28.75,28.5,28.75,12.33043098449707,303000
NWL,1996-05-06,28.75,28.875,28.375,28.625,12.27681827545166,886600
NWL,1996-05-07,28.5,28.625,28.125,28.25,12.115982055664062,1277800
NWL,1996-05-08,28.0,28.5,28.0,28.5,12.2232084274292,547300
NWL,1996-05-09,28.5,28.75,28.375,28.625,12.27681827545166,569500
NWL,1996-05-10,28.875,29.5,28.75,29.0,12.437654495239258,753400
NWL,1996-05-13,29.125,29.875,29.125,29.625,12.70570468902588,499700
NWL,1996-05-14,29.625,30.0,29.5,29.875,12.812933921813965,381300
NWL,1996-05-15,29.875,30.125,29.75,30.125,12.980976104736328,287600
NWL,1996-05-16,30.0,30.75,29.875,30.25,13.034839630126951,552700
NWL,1996-05-17,31.25,31.25,30.625,30.625,13.196433067321776,503000
NWL,1996-05-20,30.625,31.25,30.5,31.0,13.358010292053224,425200
NWL,1996-05-21,30.875,31.625,30.875,31.5,13.57346534729004,588900
NWL,1996-05-22,31.0,31.25,30.75,31.0,13.358010292053224,378700
NWL,1996-05-23,31.25,31.25,30.5,30.875,13.304158210754396,262800
NWL,1996-05-24,30.875,30.875,30.375,30.75,13.250292778015137,522800
NWL,1996-05-28,30.75,30.75,30.25,30.625,13.196433067321776,193800
NWL,1996-05-29,30.5,30.5,29.625,29.75,12.819385528564451,198200
NWL,1996-05-30,29.875,29.875,29.125,29.75,12.819385528564451,640800
NWL,1996-05-31,29.625,30.0,29.5,30.0,12.927114486694336,188500
NWL,1996-06-03,29.875,30.0,29.625,29.875,12.873258590698242,163100
NWL,1996-06-04,30.0,30.125,29.75,30.0,12.927114486694336,292400
NWL,1996-06-05,29.75,30.0,29.625,30.0,12.927114486694336,221200
NWL,1996-06-06,30.125,30.375,30.0,30.25,13.034839630126951,706100
NWL,1996-06-07,30.0,30.375,29.75,30.375,13.088702201843262,345500
NWL,1996-06-10,30.5,30.625,30.375,30.375,13.088702201843262,179200
NWL,1996-06-11,30.5,30.625,30.25,30.5,13.142573356628418,161900
NWL,1996-06-12,30.75,32.25,30.75,32.0,13.788922309875488,722100
NWL,1996-06-13,31.75,31.75,30.5,30.875,13.304158210754396,151200
NWL,1996-06-14,30.875,31.5,30.875,31.125,13.41187858581543,292400
NWL,1996-06-17,31.125,31.375,30.875,31.25,13.46574592590332,109000
NWL,1996-06-18,31.25,31.75,31.25,31.375,13.519604682922363,453300
NWL,1996-06-19,31.375,31.75,31.25,31.5,13.57346534729004,167300
NWL,1996-06-20,31.75,31.875,31.375,31.5,13.57346534729004,672100
NWL,1996-06-21,31.625,31.625,30.5,30.875,13.304158210754396,681900
NWL,1996-06-24,31.0,31.875,30.8125,31.75,13.681193351745604,460300
NWL,1996-06-25,32.0,32.0,31.375,31.75,13.681193351745604,220300
NWL,1996-06-26,31.875,31.875,31.125,31.25,13.46574592590332,499800
NWL,1996-06-27,31.0,31.125,30.25,31.0,13.358010292053224,269300
NWL,1996-06-28,31.0,31.75,30.625,30.625,13.196433067321776,627800
NWL,1996-07-01,31.0,31.5,31.0,31.5,13.57346534729004,337000
NWL,1996-07-02,31.375,31.5,31.25,31.25,13.46574592590332,251400
NWL,1996-07-03,30.0,30.625,30.0,30.625,13.196433067321776,216400
NWL,1996-07-05,29.875,30.75,29.875,30.25,13.034839630126951,244400
NWL,1996-07-08,30.0,30.625,29.875,30.0,12.927114486694336,429700
NWL,1996-07-09,30.125,30.25,30.0,30.0,12.927114486694336,280200
NWL,1996-07-10,30.0,30.375,29.75,30.375,13.088702201843262,124400
NWL,1996-07-11,30.375,30.375,29.875,30.125,12.980976104736328,200200
NWL,1996-07-12,30.0,30.0,28.0,29.25,12.603937149047852,537400
NWL,1996-07-15,29.25,29.5,28.5,28.5,12.280755996704102,397800
NWL,1996-07-16,28.5,29.125,28.25,28.75,12.3884859085083,622900
NWL,1996-07-17,28.625,29.25,28.375,29.125,12.550071716308594,311700
NWL,1996-07-18,28.75,29.875,28.75,29.625,12.765524864196776,252600
NWL,1996-07-19,29.75,29.875,29.5,29.625,12.765524864196776,274700
NWL,1996-07-22,29.375,29.5,29.125,29.375,12.657800674438477,158000
NWL,1996-07-23,29.75,29.875,29.125,29.25,12.603937149047852,598700
NWL,1996-07-24,28.75,29.375,28.375,29.375,12.657800674438477,760000
NWL,1996-07-25,29.375,29.5,29.25,29.375,12.657800674438477,476500
NWL,1996-07-26,29.375,31.0,29.375,30.625,13.196433067321776,765700
NWL,1996-07-29,30.625,31.25,30.625,31.125,13.41187858581543,645900
NWL,1996-07-30,31.0,31.75,31.0,31.625,13.62732982635498,706300
NWL,1996-07-31,31.375,32.375,31.125,32.0,13.788922309875488,448100
NWL,1996-08-01,32.125,32.125,31.5,31.75,13.681193351745604,645300
NWL,1996-08-02,31.75,31.875,31.625,31.875,13.735060691833496,250700
NWL,1996-08-05,31.875,32.5,31.75,32.0,13.788922309875488,417100
NWL,1996-08-06,31.75,31.875,31.5,31.875,13.795421600341797,605800
NWL,1996-08-07,31.75,31.875,31.5,31.75,13.741312980651855,492400
NWL,1996-08-08,31.25,32.25,31.0,32.0,13.84951114654541,286100
NWL,1996-08-09,32.125,32.375,31.5,31.875,13.795421600341797,117400
NWL,1996-08-12,31.875,32.125,31.375,32.0,13.84951114654541,200400
NWL,1996-08-13,31.75,32.0,31.5,31.875,13.795421600341797,304200
NWL,1996-08-14,31.625,32.0,31.625,31.875,13.795421600341797,527300
NWL,1996-08-15,31.875,32.0,31.5,31.875,13.795421600341797,218300
NWL,1996-08-16,31.75,32.0,31.5,31.75,13.741312980651855,149200
NWL,1996-08-19,32.0,32.0,31.625,31.75,13.741312980651855,78300
NWL,1996-08-20,31.625,31.75,31.5,31.625,13.68722152709961,99700
NWL,1996-08-21,31.5,31.625,31.375,31.5,13.633112907409668,410800
NWL,1996-08-22,31.375,31.5,31.25,31.25,13.524920463562012,165700
NWL,1996-08-23,31.0,31.25,30.875,31.0,13.416712760925291,97200
NWL,1996-08-26,31.25,31.25,30.625,30.875,13.362619400024414,89900
NWL,1996-08-27,31.125,31.25,30.875,31.125,13.470820426940918,180900
NWL,1996-08-28,30.875,31.625,30.875,31.625,13.68722152709961,348300
NWL,1996-08-29,31.625,32.0,31.375,31.5,13.633112907409668,371500
NWL,1996-08-30,31.25,31.25,30.875,31.125,13.470820426940918,142800
NWL,1996-09-03,31.25,31.25,30.75,31.0,13.416712760925291,188100
NWL,1996-09-04,31.0,31.25,30.875,31.25,13.524920463562012,159300
NWL,1996-09-05,31.0,31.375,31.0,31.25,13.524920463562012,132900
NWL,1996-09-06,31.0,31.125,30.5,30.5,13.200315475463867,210600
NWL,1996-09-09,30.75,30.875,30.5,30.75,13.308512687683104,373000
NWL,1996-09-10,30.75,30.75,30.625,30.625,13.25441837310791,458300
NWL,1996-09-11,30.625,31.0,30.625,30.625,13.25441837310791,385600
NWL,1996-09-12,30.625,30.875,30.5,30.625,13.25441837310791,420800
NWL,1996-09-13,31.0,31.0,29.875,30.0,12.98392105102539,574300
NWL,1996-09-16,30.25,30.5,30.0,30.25,13.092116355895996,625500
NWL,1996-09-17,30.375,31.125,30.25,30.875,13.362619400024414,605000
NWL,1996-09-18,30.875,31.25,30.75,31.125,13.470820426940918,577900
NWL,1996-09-19,31.125,31.25,31.125,31.25,13.524920463562012,429300
NWL,1996-09-20,31.25,31.625,31.125,31.375,13.579012870788574,463500
NWL,1996-09-23,31.125,31.375,30.875,31.25,13.524920463562012,210600
NWL,1996-09-24,31.25,31.25,31.0,31.25,13.524920463562012,790500
NWL,1996-09-25,31.375,31.375,30.875,31.0,13.416712760925291,350300
NWL,1996-09-26,31.0,31.0,30.75,30.875,13.362619400024414,542400
NWL,1996-09-27,30.875,30.875,29.75,30.5,13.200315475463867,766600
NWL,1996-09-30,30.5,30.5,29.75,30.0,12.98392105102539,444400
NWL,1996-10-01,30.0,30.375,29.625,30.125,13.0380220413208,778300
NWL,1996-10-02,30.375,30.625,30.375,30.5,13.200315475463867,615000
NWL,1996-10-03,30.5,30.5,30.25,30.5,13.200315475463867,314300
NWL,1996-10-04,30.875,31.0,30.5,31.0,13.416712760925291,287200
NWL,1996-10-07,30.875,31.125,30.875,31.0,13.416712760925291,386600
NWL,1996-10-08,31.0,31.125,30.75,30.875,13.362619400024414,457200
NWL,1996-10-09,31.0,31.0,30.75,30.75,13.308512687683104,675400
NWL,1996-10-10,30.875,30.875,30.625,30.625,13.25441837310791,558200
NWL,1996-10-11,30.75,30.875,30.5,30.5,13.200315475463867,203800
NWL,1996-10-14,30.375,30.5,30.125,30.5,13.200315475463867,144700
NWL,1996-10-15,30.5,30.5,30.0,30.375,13.146214485168455,203500
NWL,1996-10-16,30.375,30.5,30.125,30.25,13.092116355895996,152500
NWL,1996-10-17,30.5,30.625,30.25,30.625,13.25441837310791,305900
NWL,1996-10-18,30.625,30.625,30.5,30.5,13.200315475463867,198900
NWL,1996-10-21,30.375,30.5,30.25,30.5,13.200315475463867,303300
NWL,1996-10-22,30.125,30.5,30.0,30.125,13.0380220413208,267500
NWL,1996-10-23,29.875,30.0,29.5,29.875,12.929821968078612,858000
NWL,1996-10-24,30.0,30.0,29.25,29.5,12.76751708984375,472800
NWL,1996-10-25,29.5,29.625,29.375,29.5,12.76751708984375,192900
NWL,1996-10-28,29.5,29.625,28.375,28.625,12.388823509216309,468300
NWL,1996-10-29,28.75,28.875,28.375,28.5,12.334720611572266,507600
NWL,1996-10-30,28.375,28.5,28.125,28.25,12.226519584655762,432100
NWL,1996-10-31,28.375,28.625,28.375,28.375,12.280621528625488,411700
NWL,1996-11-01,28.5,28.875,28.5,28.75,12.442922592163086,380700
NWL,1996-11-04,28.875,29.0,28.75,29.0,12.551118850708008,534200
NWL,1996-11-05,29.0,29.5,28.875,29.375,12.713422775268556,447100
NWL,1996-11-06,29.5,29.625,29.0,29.625,12.821619987487791,909300
NWL,1996-11-07,29.375,29.625,29.125,29.375,12.713422775268556,341800
NWL,1996-11-08,29.375,29.625,29.25,29.5,12.76751708984375,487600
NWL,1996-11-11,29.5,29.625,29.375,29.375,12.713422775268556,235100
NWL,1996-11-12,29.375,29.5,29.125,29.375,12.713422775268556,248400
NWL,1996-11-13,29.0,29.25,29.0,29.125,12.605218887329102,180400
NWL,1996-11-14,29.125,29.125,28.875,29.0,12.551118850708008,244600
NWL,1996-11-15,29.75,29.875,29.375,29.625,12.821619987487791,663200
NWL,1996-11-18,29.5,30.0,29.25,29.25,12.719423294067385,288300
NWL,1996-11-19,29.5,30.5,29.5,30.25,13.15427589416504,641400
NWL,1996-11-20,30.0,30.25,29.75,30.125,13.099923133850098,366800
NWL,1996-11-21,30.375,31.0,30.375,30.75,13.371703147888184,363400
NWL,1996-11-22,30.875,30.875,30.25,30.875,13.426069259643556,656600
NWL,1996-11-25,30.75,31.125,30.375,31.125,13.534785270690918,386700
NWL,1996-11-26,31.375,31.75,31.125,31.625,13.752202987670898,323900
NWL,1996-11-27,31.5,32.0,31.25,31.25,13.589134216308594,280600
NWL,1996-11-29,31.25,31.5,31.0,31.0,13.480417251586914,110000
NWL,1996-12-02,31.0,31.5,30.875,31.375,13.6434907913208,346200
NWL,1996-12-03,31.375,31.75,31.375,31.625,13.752202987670898,259100
NWL,1996-12-04,31.25,31.5,30.875,31.0,13.480417251586914,581700
NWL,1996-12-05,31.125,31.25,30.75,31.0,13.480417251586914,299600
NWL,1996-12-06,30.75,31.0,30.375,30.75,13.371703147888184,134400
NWL,1996-12-09,30.75,31.375,30.625,31.375,13.6434907913208,228500
NWL,1996-12-10,31.5,32.0,31.5,31.625,13.752202987670898,247400
NWL,1996-12-11,31.25,31.375,31.0,31.125,13.534785270690918,208700
NWL,1996-12-12,31.125,31.125,30.375,30.375,13.20864200592041,131800
NWL,1996-12-13,30.25,31.0,30.25,30.625,13.317357063293455,167200
NWL,1996-12-16,30.375,30.875,30.25,30.375,13.20864200592041,221600
NWL,1996-12-17,30.125,30.875,30.125,30.875,13.426069259643556,480400
NWL,1996-12-18,31.0,31.0,30.75,31.0,13.480417251586914,270300
NWL,1996-12-19,31.25,32.5,30.625,32.375,14.078335762023926,347000
NWL,1996-12-20,33.75,33.75,33.0,33.25,14.458836555480955,839200
NWL,1996-12-23,33.0,33.125,32.0,32.0,13.915273666381836,443200
NWL,1996-12-24,32.0,32.5,32.0,32.375,14.078335762023926,123800
NWL,1996-12-26,32.375,32.375,31.75,32.125,13.969632148742676,180800
NWL,1996-12-27,32.375,32.625,31.875,32.125,13.969632148742676,112300
NWL,1996-12-30,32.375,32.5,32.0,32.375,14.078335762023926,534600
NWL,1996-12-31,32.5,32.5,31.125,31.5,13.697840690612791,366500
NWL,1997-01-02,31.5,31.75,30.25,31.125,13.534785270690918,358300
NWL,1997-01-03,31.375,31.375,30.75,30.75,13.371703147888184,322900
NWL,1997-01-06,30.75,31.0,30.625,30.75,13.371703147888184,399900
NWL,1997-01-07,30.625,30.875,30.375,30.875,13.426069259643556,304900
NWL,1997-01-08,30.875,31.125,30.125,30.375,13.20864200592041,240400
NWL,1997-01-09,30.5,31.125,30.375,31.125,13.534785270690918,175700
NWL,1997-01-10,30.875,31.375,30.625,31.375,13.6434907913208,386400
NWL,1997-01-13,31.375,31.5,30.875,31.375,13.6434907913208,421500
NWL,1997-01-14,31.625,31.875,31.375,31.625,13.752202987670898,311400
NWL,1997-01-15,31.5,32.0,31.5,31.625,13.752202987670898,250500
NWL,1997-01-16,31.75,33.5,31.625,33.125,14.404481887817385,521800
NWL,1997-01-17,33.25,33.5,33.125,33.375,14.51319694519043,451500
NWL,1997-01-20,33.375,33.375,33.125,33.25,14.458836555480955,95300
NWL,1997-01-21,33.0,33.375,32.75,33.25,14.458836555480955,218300
NWL,1997-01-22,33.125,33.5,33.0,33.375,14.51319694519043,178300
NWL,1997-01-23,33.375,34.375,33.25,33.25,14.458836555480955,316200
NWL,1997-01-24,33.0,33.0,32.25,32.375,14.078335762023926,245800
NWL,1997-01-27,31.875,32.25,31.875,31.875,13.86092472076416,183600
NWL,1997-01-28,32.75,32.875,32.25,32.5,14.132701873779297,258600
NWL,1997-01-29,32.75,33.0,32.625,32.875,14.295777320861816,111900
NWL,1997-01-30,33.125,33.375,32.5,32.75,14.241406440734863,329400
NWL,1997-01-31,32.625,33.5,32.625,33.0,14.35012912750244,633700
NWL,1997-02-03,33.0,33.5,32.875,33.5,14.56755542755127,546300
NWL,1997-02-04,33.5,34.125,33.375,34.0,14.784975051879885,609500
NWL,1997-02-05,34.0,34.125,33.625,33.625,14.621908187866213,364900
NWL,1997-02-06,33.75,34.125,33.5,33.75,14.676264762878418,411200
NWL,1997-02-07,34.125,34.25,33.625,34.0,14.784975051879885,244300
NWL,1997-02-10,34.25,35.25,34.25,35.25,15.328546524047852,462000
NWL,1997-02-11,35.0,35.0,34.25,34.75,15.111123085021973,907200
NWL,1997-02-12,35.25,35.25,34.875,35.125,15.274179458618164,516600
NWL,1997-02-13,35.125,36.125,35.125,36.0,15.654685020446776,382800
NWL,1997-02-14,36.125,36.5,35.625,36.375,15.817750930786133,312200
NWL,1997-02-18,36.5,36.75,36.25,36.625,15.926461219787598,526600
NWL,1997-02-19,36.5,37.25,36.5,37.25,16.269317626953125,580200
NWL,1997-02-20,37.375,37.375,36.75,37.0,16.160131454467773,538200
NWL,1997-02-21,37.0,37.0,36.75,36.875,16.105541229248047,219500
NWL,1997-02-24,37.0,37.5,36.875,37.5,16.378509521484375,157300
NWL,1997-02-25,37.25,38.625,37.25,38.375,16.760677337646484,851800
NWL,1997-02-26,38.25,38.375,37.0,37.5,16.378509521484375,614400
NWL,1997-02-27,37.75,38.625,37.0,37.125,16.214725494384766,503800
NWL,1997-02-28,37.0,37.25,36.625,37.125,16.214725494384766,163100
NWL,1997-03-03,36.875,37.5,36.5,36.625,15.996349334716797,404300
NWL,1997-03-04,36.75,36.75,36.375,36.5,15.941750526428224,447700
NWL,1997-03-05,36.625,36.625,35.75,36.125,15.777961730957031,637500
NWL,1997-03-06,36.125,36.875,35.875,36.625,15.996349334716797,461000
NWL,1997-03-07,37.0,37.5,36.875,37.25,16.269317626953125,259900
NWL,1997-03-10,37.375,37.625,36.875,37.625,16.433115005493164,109400
NWL,1997-03-11,37.625,37.625,37.125,37.375,16.32391929626465,129300
NWL,1997-03-12,37.5,37.5,36.625,36.75,16.050941467285156,94400
NWL,1997-03-13,36.75,36.875,36.375,36.5,15.941750526428224,77200
NWL,1997-03-14,36.625,37.125,36.5,36.75,16.050941467285156,137500
NWL,1997-03-17,36.75,37.25,36.25,37.125,16.214725494384766,91100
NWL,1997-03-18,37.25,38.0,37.0,37.125,16.214725494384766,226800
NWL,1997-03-19,37.0,37.375,36.75,36.75,16.050941467285156,135500
NWL,1997-03-20,37.0,37.25,36.5,36.625,15.996349334716797,232500
NWL,1997-03-21,36.75,37.25,36.75,36.75,16.050941467285156,255200
NWL,1997-03-24,37.0,37.125,36.625,37.125,16.214725494384766,187400
NWL,1997-03-25,37.375,37.5,36.5,36.75,16.050941467285156,215300
NWL,1997-03-26,36.625,37.0,36.375,36.625,15.996349334716797,208100
NWL,1997-03-27,36.5,36.625,34.875,35.125,15.341204643249512,200900
NWL,1997-03-31,35.375,35.375,33.5,33.5,14.631478309631348,363800
NWL,1997-04-01,34.125,34.5,33.5,33.75,14.740660667419434,450500
NWL,1997-04-02,33.875,33.875,33.125,33.25,14.522276878356934,306900
NWL,1997-04-03,33.5,34.0,33.25,34.0,14.849852561950684,257300
NWL,1997-04-04,34.0,35.125,34.0,35.125,15.341204643249512,393800
NWL,1997-04-07,35.125,35.5,34.75,35.0,15.286612510681152,188300
NWL,1997-04-08,34.75,35.375,34.25,35.25,15.395807266235352,129700
NWL,1997-04-09,35.25,35.375,34.75,34.875,15.232008934020996,118100
NWL,1997-04-10,34.875,35.0,34.125,34.75,15.17742919921875,133900
NWL,1997-04-11,34.5,34.5,32.875,32.875,14.35850429534912,379000
NWL,1997-04-14,33.0,33.25,32.125,33.25,14.522276878356934,315000
NWL,1997-04-15,34.125,35.0,34.125,34.75,15.17742919921875,595700
NWL,1997-04-16,34.75,35.0,34.0,34.875,15.232008934020996,657700
NWL,1997-04-17,34.875,34.875,34.0,34.0,14.849852561950684,419300
NWL,1997-04-18,34.125,34.75,34.125,34.75,15.17742919921875,250800
NWL,1997-04-21,34.75,34.875,34.5,34.625,15.122824668884276,167700
NWL,1997-04-22,34.5,36.0,34.375,35.875,15.66876983642578,398300
NWL,1997-04-23,35.625,35.625,34.5,34.625,15.122824668884276,363000
NWL,1997-04-24,34.75,34.875,34.625,34.75,15.17742919921875,383200
NWL,1997-04-25,34.875,35.0,34.375,34.375,15.013643264770508,256600
NWL,1997-04-28,34.5,34.75,34.375,34.625,15.122824668884276,270800
NWL,1997-04-29,35.0,35.25,34.875,34.875,15.232008934020996,631000
NWL,1997-04-30,34.875,35.125,34.75,35.125,15.341204643249512,438300
NWL,1997-05-01,34.875,34.875,34.5,34.75,15.17742919921875,299700
NWL,1997-05-02,34.75,35.0,34.5,35.0,15.286612510681152,404900
NWL,1997-05-05,35.0,35.25,34.0,35.125,15.341204643249512,524100
NWL,1997-05-06,35.25,35.875,35.125,35.625,15.559596061706545,403400
NWL,1997-05-07,35.875,35.875,35.25,35.5,15.505003929138184,292400
NWL,1997-05-08,35.375,36.25,35.125,35.75,15.614188194274902,341600
NWL,1997-05-09,35.875,36.625,35.75,36.375,15.887161254882812,306600
NWL,1997-05-12,36.4375,37.0,36.4375,36.625,15.996349334716797,294100
NWL,1997-05-13,36.5,36.75,36.25,36.5,15.941750526428224,541700
NWL,1997-05-14,36.75,37.375,36.625,36.875,16.105541229248047,539800
NWL,1997-05-15,36.75,37.375,36.75,37.25,16.269317626953125,471500
NWL,1997-05-16,37.0,37.25,36.625,36.75,16.050941467285156,355000
NWL,1997-05-19,36.75,37.125,36.5,37.125,16.285629272460938,399900
NWL,1997-05-20,36.75,37.625,36.375,37.625,16.504972457885742,474800
NWL,1997-05-21,37.875,38.0,36.75,37.25,16.340463638305664,268200
NWL,1997-05-22,37.5,37.5,36.375,36.875,16.175962448120117,192800
NWL,1997-05-23,37.0,37.25,36.75,37.0,16.230796813964844,221300
NWL,1997-05-27,36.75,37.25,36.375,36.875,16.175962448120117,222800
NWL,1997-05-28,36.625,37.0,36.625,36.875,16.175962448120117,155500
NWL,1997-05-29,36.625,37.625,36.625,37.625,16.504972457885742,488100
NWL,1997-05-30,37.375,38.25,37.375,38.25,16.779136657714844,293400
NWL,1997-06-02,38.25,38.25,37.5,37.875,16.61463737487793,393700
NWL,1997-06-03,37.75,37.875,37.125,37.375,16.395299911499023,303400
NWL,1997-06-04,36.75,37.25,36.75,36.875,16.175962448120117,253700
NWL,1997-06-05,37.0,37.375,36.875,37.25,16.340463638305664,560900
NWL,1997-06-06,37.0,37.25,36.5,37.25,16.340463638305664,437200
NWL,1997-06-09,37.25,37.625,37.25,37.625,16.504972457885742,369300
NWL,1997-06-10,37.875,38.125,37.75,38.0,16.669464111328125,376400
NWL,1997-06-11,38.125,38.375,37.75,37.875,16.61463737487793,332700
NWL,1997-06-12,38.125,39.25,38.0,39.125,17.16297149658203,468100
NWL,1997-06-13,39.0,39.0,38.25,38.375,16.833967208862305,288700
NWL,1997-06-16,38.5,38.875,38.25,38.25,16.779136657714844,299100
NWL,1997-06-17,38.125,39.0,38.0,38.375,16.833967208862305,1490800
NWL,1997-06-18,38.625,38.625,38.25,38.625,16.94364356994629,486500
NWL,1997-06-19,38.875,39.125,38.625,39.0,17.108142852783203,282400
NWL,1997-06-20,38.875,39.125,38.625,39.0,17.108142852783203,769000
NWL,1997-06-23,38.875,39.375,38.0,38.0,16.669464111328125,247900
NWL,1997-06-24,38.0,39.5,37.9375,39.25,17.21780776977539,325700
NWL,1997-06-25,39.25,40.125,38.75,39.5625,17.354894638061523,422900
NWL,1997-06-26,39.75,40.75,39.75,40.0625,17.57422637939453,385600
NWL,1997-06-27,40.0625,40.0625,39.3125,39.5625,17.354894638061523,310800
NWL,1997-06-30,40.0,40.125,39.5,39.75,17.437137603759766,425900
NWL,1997-07-01,39.875,40.125,39.71875,40.0,17.54680061340332,223200
NWL,1997-07-02,40.25,40.625,40.0,40.5625,17.79355239868164,122000
NWL,1997-07-03,41.625,41.625,41.125,41.1875,18.06772994995117,135500
NWL,1997-07-07,41.4375,41.4375,40.125,40.25,17.656471252441406,389300
NWL,1997-07-08,40.25,40.375,40.0,40.25,17.656471252441406,246900
NWL,1997-07-09,40.25,40.25,39.75,39.875,17.491973876953125,962000
NWL,1997-07-10,40.25,40.625,39.875,40.625,17.82098388671875,189100
NWL,1997-07-11,40.625,41.1875,40.5,41.1875,18.06772994995117,188100
NWL,1997-07-14,41.5,41.625,41.25,41.5,18.204811096191406,267900
NWL,1997-07-15,41.5,41.875,40.75,41.375,18.14999389648437,195100
NWL,1997-07-16,41.875,42.125,41.5,41.75,18.314477920532227,187500
NWL,1997-07-17,42.0,42.0,40.5625,40.875,17.930646896362305,181400
NWL,1997-07-18,40.875,41.0,39.5625,40.4375,17.73873519897461,334200
NWL,1997-07-21,40.1875,40.5,39.0,40.1875,17.629060745239258,270500
NWL,1997-07-22,40.4375,41.625,40.3125,41.5625,18.232234954833984,222300
NWL,1997-07-23,41.6875,41.875,41.375,41.625,18.259645462036133,182000
NWL,1997-07-24,42.0,42.9375,41.625,42.9375,18.835399627685547,258200
NWL,1997-07-25,42.75,43.5625,42.75,42.8125,18.780567169189453,227100
NWL,1997-07-28,43.5,43.5625,41.875,41.9375,18.396728515625,282800
NWL,1997-07-29,42.1875,42.3125,41.75,41.8125,18.341901779174805,197300
NWL,1997-07-30,42.0,42.125,41.25,41.875,18.36930656433105,305900
NWL,1997-07-31,41.75,42.1875,41.5625,42.125,18.478975296020508,150800
NWL,1997-08-01,41.9375,41.9375,40.9375,41.625,18.259645462036133,160300
NWL,1997-08-04,41.5625,42.125,41.5625,41.875,18.36930656433105,250300
NWL,1997-08-05,41.625,42.625,41.5,42.5,18.64348030090332,339400
NWL,1997-08-06,42.4375,43.8125,42.4375,43.25,18.972488403320312,299400
NWL,1997-08-07,43.5,43.5625,42.4375,42.5,18.64348030090332,217400
NWL,1997-08-08,41.75,42.125,41.375,41.8125,18.341901779174805,251700
NWL,1997-08-11,41.9375,42.25,41.5,41.6875,18.28706741333008,271000
NWL,1997-08-12,41.75,42.6875,41.625,42.0625,18.45156478881836,201700
NWL,1997-08-13,42.125,42.125,40.875,41.1875,18.06772994995117,317200
NWL,1997-08-14,41.1875,41.25,40.875,41.0625,18.012893676757812,157400
NWL,1997-08-15,41.1875,41.1875,39.8125,40.0625,17.57422637939453,311800
NWL,1997-08-18,40.0,40.25,39.75,39.9375,17.589643478393555,355300
NWL,1997-08-19,40.0,41.1875,40.0,41.1875,18.140172958374023,262300
NWL,1997-08-20,41.3125,41.3125,40.6875,40.9375,18.030059814453125,135900
NWL,1997-08-21,40.75,40.9375,39.6875,40.0,17.617162704467773,175300
NWL,1997-08-22,39.375,39.8125,38.6875,39.8125,17.534587860107422,425700
NWL,1997-08-25,39.8125,40.375,39.0,39.875,17.562118530273438,266700
NWL,1997-08-26,39.75,40.5,39.625,40.0,17.617162704467773,286200
NWL,1997-08-27,39.8125,40.0,39.125,39.8125,17.534587860107422,134800
NWL,1997-08-28,39.5625,39.625,39.0,39.375,17.341894149780273,170400
NWL,1997-08-29,39.375,39.625,39.0625,39.5,17.396957397460938,227800
NWL,1997-09-02,39.625,40.375,39.5,39.625,17.452009201049805,475600
NWL,1997-09-03,39.875,40.25,39.5625,39.625,17.452009201049805,353900
NWL,1997-09-04,39.6875,39.9375,39.3125,39.4375,17.369430541992188,425200
NWL,1997-09-05,39.5,39.625,38.375,38.875,17.121675491333008,405600
NWL,1997-09-08,38.875,39.1875,38.625,38.6875,17.039104461669922,368200
NWL,1997-09-09,38.6875,38.875,38.0625,38.625,17.01156997680664,322200
NWL,1997-09-10,38.5,38.5,37.75,37.875,16.68125343322754,409200
NWL,1997-09-11,37.9375,37.9375,36.875,37.5,16.516094207763672,1119400
NWL,1997-09-12,37.5,37.6875,36.9375,37.5,16.516094207763672,627400
NWL,1997-09-15,37.375,38.625,37.375,38.25,16.84640884399414,399900
NWL,1997-09-16,38.5625,39.5,38.25,39.0,17.176738739013672,808000
NWL,1997-09-17,39.5,39.5625,39.0,39.25,17.28683853149414,404700
NWL,1997-09-18,39.3125,40.3125,39.3125,40.0,17.617162704467773,471400
NWL,1997-09-19,39.5,39.8125,39.375,39.375,17.341894149780273,262400
NWL,1997-09-22,39.8125,40.1875,39.8125,40.0625,17.644695281982422,501100
NWL,1997-09-23,40.0625,40.1875,39.125,39.75,17.50705909729004,397900
NWL,1997-09-24,39.6875,39.875,38.8125,39.0625,17.204261779785156,468500
NWL,1997-09-25,39.0,39.125,38.625,38.75,17.066631317138672,223300
NWL,1997-09-26,39.625,40.625,39.4375,39.9375,17.589643478393555,518000
NWL,1997-09-29,39.8125,39.8125,39.125,39.25,17.28683853149414,200100
NWL,1997-09-30,39.125,40.0,39.0,40.0,17.617162704467773,485300
NWL,1997-10-01,39.75,39.875,39.3125,39.5625,17.424482345581055,196000
NWL,1997-10-02,39.6875,40.0,39.375,40.0,17.617162704467773,470900
NWL,1997-10-03,40.5,41.375,40.0625,40.375,17.78232192993164,419900
NWL,1997-10-06,41.0,42.1875,41.0,42.0,18.498016357421875,286900
NWL,1997-10-07,42.0625,42.0625,41.0,41.625,18.33286476135254,206700
NWL,1997-10-08,41.5625,41.6875,40.375,40.8125,17.975011825561523,139600
NWL,1997-10-09,40.5625,40.75,40.1875,40.5625,17.864904403686523,144400
NWL,1997-10-10,40.25,40.875,39.6875,40.75,17.94748878479004,120100
NWL,1997-10-13,41.25,41.25,40.3125,40.3125,17.754796981811523,72600
NWL,1997-10-14,40.5625,41.375,40.375,41.0625,18.08512115478516,141900
NWL,1997-10-15,41.1875,41.625,40.75,41.0625,18.08512115478516,154100
NWL,1997-10-16,41.0,41.6875,40.6875,40.6875,17.919954299926758,143300
NWL,1997-10-17,40.25,40.375,39.5,39.9375,17.589643478393555,183800
NWL,1997-10-20,39.9375,40.625,39.75,40.625,17.892433166503906,137600
NWL,1997-10-21,40.0625,40.625,39.875,40.1875,17.699745178222656,250400
NWL,1997-10-22,40.0,40.125,39.0625,39.75,17.50705909729004,454700
NWL,1997-10-23,39.4375,39.5,37.75,39.0,17.176738739013672,462600
NWL,1997-10-24,39.25,39.875,37.625,38.75,17.066631317138672,459800
NWL,1997-10-27,38.75,38.75,34.75,35.125,15.470075607299805,294400
NWL,1997-10-28,34.0,37.5,32.75,37.3125,16.43351173400879,1557100
NWL,1997-10-29,37.5625,38.375,36.375,36.5625,16.103191375732422,531700
NWL,1997-10-30,36.3125,38.6875,36.0,37.9375,16.708784103393555,405400
NWL,1997-10-31,38.125,39.0,37.875,38.375,16.901470184326172,372700
NWL,1997-11-03,38.375,40.5,38.375,39.5625,17.424482345581055,376400
NWL,1997-11-04,39.5625,39.8125,38.9375,39.0,17.176738739013672,258700
NWL,1997-11-05,39.0625,39.125,38.5,38.5,16.956520080566406,270000
NWL,1997-11-06,38.5,40.125,38.5,39.9375,17.589643478393555,409200
NWL,1997-11-07,39.375,39.375,38.25,38.875,17.121675491333008,190200
NWL,1997-11-10,39.125,39.3125,38.4375,38.5625,16.984058380126953,153400
NWL,1997-11-11,38.75,38.9375,38.5625,38.75,17.066631317138672,363800
NWL,1997-11-12,38.5,38.875,38.4375,38.75,17.066631317138672,142800
NWL,1997-11-13,38.875,39.0,38.625,38.875,17.121675491333008,405900
NWL,1997-11-14,39.0,39.125,38.75,39.125,17.231796264648438,347300
NWL,1997-11-17,39.375,39.6875,39.375,39.625,17.523672103881836,322400
NWL,1997-11-18,39.5625,39.625,38.75,38.75,17.13671112060547,457100
NWL,1997-11-19,38.9375,39.0,38.5,38.875,17.19198226928711,295200
NWL,1997-11-20,39.125,40.1875,39.125,39.6875,17.551307678222656,346900
NWL,1997-11-21,39.6875,40.75,39.625,40.6875,17.99353790283203,577400
NWL,1997-11-24,40.5,40.625,40.125,40.25,17.80006217956543,266400
NWL,1997-11-25,40.4375,40.75,39.9375,40.4375,17.88298988342285,352800
NWL,1997-11-26,40.6875,40.75,39.6875,39.9375,17.6618709564209,322500
NWL,1997-11-28,40.0,40.875,40.0,40.8125,18.0488224029541,68000
NWL,1997-12-01,41.0,41.875,40.9375,41.8125,18.49106216430664,320600
NWL,1997-12-02,41.625,42.0,41.1875,41.5,18.352867126464844,324100
NWL,1997-12-03,41.5,41.6875,41.0625,41.5,18.352867126464844,468200
NWL,1997-12-04,41.75,42.0,41.375,41.5,18.352867126464844,294300
NWL,1997-12-05,41.5,41.75,41.0625,41.3125,18.269943237304688,279300
NWL,1997-12-08,41.125,41.1875,40.8125,40.875,18.076465606689453,613100
NWL,1997-12-09,40.75,40.8125,40.375,40.375,17.8553409576416,760100
NWL,1997-12-10,40.4375,40.4375,40.1875,40.25,17.80006217956543,179600
NWL,1997-12-11,40.375,40.625,40.0625,40.5,17.910615921020508,304100
NWL,1997-12-12,40.75,40.75,40.0625,40.5,17.910615921020508,462400
NWL,1997-12-15,40.5,41.875,40.375,41.5625,18.380510330200195,421600
NWL,1997-12-16,43.0,43.0,41.6875,42.25,18.68454360961914,784000
NWL,1997-12-17,43.25,43.75,43.0625,43.1875,19.099140167236328,910700
NWL,1997-12-18,43.0625,43.0625,41.5625,42.0,18.573974609375,386100
NWL,1997-12-19,41.75,42.25,41.4375,42.0,18.573974609375,573400
NWL,1997-12-22,42.1875,42.9375,42.1875,42.4375,18.76745986938477,301800
NWL,1997-12-23,42.6875,42.9375,41.75,41.75,18.46341896057129,231700
NWL,1997-12-24,42.0,42.5625,41.375,41.375,18.297592163085938,151800
NWL,1997-12-26,41.375,42.0,41.375,41.625,18.408143997192383,58700
NWL,1997-12-29,41.875,42.875,41.8125,42.3125,18.7121810913086,271900
NWL,1997-12-30,42.5625,42.6875,42.0,42.6875,18.87801742553711,136600
NWL,1997-12-31,42.6875,42.6875,41.9375,42.5,18.795108795166016,159600
NWL,1998-01-02,42.375,43.125,41.9375,42.625,18.850378036499023,170900
NWL,1998-01-05,42.625,42.8125,42.1875,42.75,18.90565299987793,359700
NWL,1998-01-06,42.375,42.6875,41.75,41.875,18.518699645996094,362700
NWL,1998-01-07,41.75,41.9375,41.0,41.625,18.408143997192383,703100
NWL,1998-01-08,41.625,42.875,41.4375,42.625,18.850378036499023,335000
NWL,1998-01-09,42.375,42.5,40.9375,41.0,18.131744384765625,440000
NWL,1998-01-12,40.25,41.1875,39.875,41.1875,18.21466064453125,490200
NWL,1998-01-13,42.6875,42.6875,41.8125,42.0625,18.60161781311035,412000
NWL,1998-01-14,42.0,42.0,41.0,41.5,18.352867126464844,478500
NWL,1998-01-15,41.375,41.4375,40.375,41.0625,18.15938377380371,279000
NWL,1998-01-16,41.0,41.5625,40.9375,41.375,18.297592163085938,392400
NWL,1998-01-20,41.625,42.0,41.1875,42.0,18.573974609375,282100
NWL,1998-01-21,41.75,41.9375,40.75,41.0,18.131744384765625,456700
NWL,1998-01-22,41.1875,41.4375,40.875,41.0625,18.15938377380371,238400
NWL,1998-01-23,41.0,41.5625,41.0,41.0,18.131744384765625,240100
NWL,1998-01-26,41.25,41.5625,41.0,41.125,18.187026977539062,130500
NWL,1998-01-27,41.0625,42.0,41.0625,41.625,18.408143997192383,211500
NWL,1998-01-28,41.9375,41.9375,41.25,41.375,18.297592163085938,610900
NWL,1998-01-29,41.25,41.4375,40.5,40.875,18.076465606689453,742100
NWL,1998-01-30,40.625,41.375,40.25,41.0625,18.15938377380371,569800
NWL,1998-02-02,41.6875,42.375,41.6875,41.8125,18.49106216430664,391200
NWL,1998-02-03,41.75,42.75,41.75,42.625,18.850378036499023,341700
NWL,1998-02-04,42.625,42.625,42.0,42.0625,18.60161781311035,128900
NWL,1998-02-05,42.3125,42.75,42.0625,42.625,18.850378036499023,236500
NWL,1998-02-06,43.125,43.125,42.4375,42.75,18.90565299987793,307700
NWL,1998-02-09,42.375,43.625,42.375,43.5625,19.264976501464844,310100
NWL,1998-02-10,43.8125,43.8125,43.5,43.5625,19.264976501464844,314200
NWL,1998-02-11,43.6875,43.75,43.375,43.75,19.347904205322266,194000
NWL,1998-02-12,43.75,44.6875,43.25,44.125,19.513731002807617,262100
NWL,1998-02-13,44.125,44.5625,43.5,44.1875,19.5413818359375,206200
NWL,1998-02-17,44.5,44.8125,43.125,43.375,19.18206214904785,233200
NWL,1998-02-18,43.625,44.375,43.375,43.5,19.317506790161133,176700
NWL,1998-02-19,43.5,43.75,43.0,43.4375,19.28974342346192,206700
NWL,1998-02-20,43.6875,43.8125,43.375,43.625,19.373016357421875,194000
NWL,1998-02-23,43.875,44.0625,43.0,44.0,19.53954124450684,195100
NWL,1998-02-24,43.625,44.0625,43.5,43.875,19.48404121398925,336000
NWL,1998-02-25,44.125,45.1875,44.125,44.9375,19.955860137939453,464400
NWL,1998-02-26,45.125,45.875,44.5,45.8125,20.344444274902344,512800
NWL,1998-02-27,45.8125,46.375,45.4375,45.875,20.372201919555664,385700
NWL,1998-03-02,45.875,46.0,44.75,45.25,20.09464454650879,252500
NWL,1998-03-03,46.0,46.25,44.4375,45.0,19.98362159729004,208900
NWL,1998-03-04,46.0,47.25,45.8125,47.25,20.982805252075195,912800
NWL,1998-03-05,46.25,47.75,46.125,47.75,21.204849243164062,757400
NWL,1998-03-06,47.6875,50.3125,47.5,49.25,21.8709716796875,880000
NWL,1998-03-09,49.375,50.375,49.3125,50.1875,22.287288665771484,901800
NWL,1998-03-10,50.1875,50.1875,48.25,48.6875,21.62117385864257,476200
NWL,1998-03-11,48.875,48.875,47.5625,47.875,21.26035499572754,537400
NWL,1998-03-12,47.875,48.125,47.875,48.0625,21.34362030029297,291700
NWL,1998-03-13,48.25,48.5625,47.5,47.6875,21.17709922790528,243500
NWL,1998-03-16,48.125,48.875,47.8125,48.625,21.59342384338379,310400
NWL,1998-03-17,48.5,49.4375,48.125,48.5,21.53790855407715,586700
NWL,1998-03-18,48.5,50.375,48.375,50.0625,22.231782913208008,457100
NWL,1998-03-19,49.875,49.9375,48.9375,49.0,21.75994682312012,626900
NWL,1998-03-20,49.625,49.875,48.875,48.875,21.704429626464844,684900
NWL,1998-03-23,48.9375,49.1875,48.0625,48.25,21.4268856048584,613000
NWL,1998-03-24,48.25,48.75,48.1875,48.3125,21.45465087890625,255400
NWL,1998-03-25,48.375,48.4375,47.25,47.75,21.204849243164062,600300
NWL,1998-03-26,47.5,47.9375,47.0,47.4375,21.066064834594727,366900
NWL,1998-03-27,47.5625,47.625,47.1875,47.5625,21.12158203125,253900
NWL,1998-03-30,47.8125,48.1875,47.625,47.9375,21.288124084472656,336700
NWL,1998-03-31,48.4375,49.25,48.1875,48.4375,21.51015853881836,434500
NWL,1998-04-01,48.5,48.5,47.375,47.9375,21.288124084472656,550100
NWL,1998-04-02,47.9375,48.0625,47.6875,48.0,21.31587219238281,438800
NWL,1998-04-03,48.0,48.375,47.75,48.0,21.31587219238281,408600
NWL,1998-04-06,47.9375,48.125,47.4375,48.0,21.31587219238281,325700
NWL,1998-04-07,48.0,48.0625,46.75,47.5,21.09383201599121,173400
NWL,1998-04-08,48.125,49.8125,48.125,48.75,21.6489315032959,722000
NWL,1998-04-09,49.25,49.25,48.8125,48.9375,21.73218536376953,327100
NWL,1998-04-13,48.3125,48.3125,47.1875,47.5,21.09383201599121,419200
NWL,1998-04-14,47.5,47.5625,46.9375,47.125,20.927291870117188,814700
NWL,1998-04-15,47.375,47.375,46.5,47.0,20.87178611755371,427400
NWL,1998-04-16,47.0625,47.0625,45.8125,45.9375,20.399951934814453,278500
NWL,1998-04-17,45.9375,47.125,45.875,46.9375,20.844038009643555,421900
NWL,1998-04-20,47.5,47.5625,46.25,46.25,20.53871726989746,224400
NWL,1998-04-21,46.0,46.0,45.1875,45.4375,20.17791175842285,571100
NWL,1998-04-22,45.5,46.5625,45.5,46.5625,20.67751121520996,1270300
NWL,1998-04-23,46.6875,48.5625,46.0,47.6875,21.17709922790528,849800
NWL,1998-04-24,48.25,49.9375,48.125,48.625,21.59342384338379,949900
NWL,1998-04-27,48.625,48.625,46.0625,48.0,21.31587219238281,702100
NWL,1998-04-28,48.0,48.0,47.0,47.3125,21.010560989379883,348200
NWL,1998-04-29,47.25,47.3125,46.0625,46.25,20.53871726989746,490300
NWL,1998-04-30,46.0,48.75,46.0,48.3125,21.45465087890625,576100
NWL,1998-05-01,48.3125,48.3125,46.875,47.25,20.982805252075195,295200
NWL,1998-05-04,47.5,48.625,47.375,48.5625,21.565671920776367,254200
NWL,1998-05-05,48.6875,48.6875,48.25,48.25,21.4268856048584,334100
NWL,1998-05-06,48.25,48.3125,46.375,46.4375,20.621990203857425,483700
NWL,1998-05-07,46.25,46.3125,45.9375,46.0625,20.45545768737793,455900
NWL,1998-05-08,46.125,47.25,46.0625,47.1875,20.955053329467773,403000
NWL,1998-05-11,47.1875,47.5,46.6875,46.9375,20.844038009643555,265100
NWL,1998-05-12,47.0,47.125,46.1875,46.9375,20.844038009643555,304800
NWL,1998-05-13,47.0,47.125,46.75,47.0,20.87178611755371,151600
NWL,1998-05-14,47.0,47.0,46.8125,47.0,20.87178611755371,154800
NWL,1998-05-15,47.25,47.25,46.5,46.625,20.70525932312012,644800
NWL,1998-05-18,46.625,46.8125,45.875,46.25,20.53871726989746,416800
NWL,1998-05-19,46.4375,46.5,46.0,46.5,20.64975929260254,319600
NWL,1998-05-20,46.75,46.8125,45.75,46.75,20.84144401550293,303400
NWL,1998-05-21,46.9375,47.6875,46.625,47.6875,21.259389877319336,247500
NWL,1998-05-22,47.625,47.6875,46.9375,47.25,21.06435203552246,200300
NWL,1998-05-26,47.3125,47.375,46.5,46.6875,20.813575744628903,149600
NWL,1998-05-27,46.4375,46.4375,45.0625,46.1875,20.590669631958008,414800
NWL,1998-05-28,46.25,47.625,46.1875,47.4375,21.147924423217773,337000
NWL,1998-05-29,47.375,48.25,47.0625,48.25,21.51015281677246,245000
NWL,1998-06-01,48.25,48.9375,47.75,48.6875,21.7052001953125,355400
NWL,1998-06-02,48.875,49.0,47.75,48.0,21.398706436157227,326400
NWL,1998-06-03,47.9375,48.125,47.125,47.125,21.008617401123047,131300
NWL,1998-06-04,47.125,47.5,46.5,47.3125,21.09221076965332,297500
NWL,1998-06-05,47.4375,48.125,47.375,47.875,21.342973709106445,220000
NWL,1998-06-08,48.0,48.3125,47.75,48.0,21.398706436157227,435000
NWL,1998-06-09,48.0,48.0,47.3125,48.0,21.398706436157227,204700
NWL,1998-06-10,47.9375,48.5,47.75,48.25,21.51015281677246,199900
NWL,1998-06-11,48.25,48.3125,46.75,47.9375,21.370834350585938,284000
NWL,1998-06-12,47.9375,47.9375,46.8125,47.6875,21.259389877319336,198600
NWL,1998-06-15,47.4375,47.5,46.375,46.8125,20.869308471679688,238400
NWL,1998-06-16,47.0,47.1875,46.75,47.0,20.952896118164062,286900
NWL,1998-06-17,47.25,47.875,47.0,47.3125,21.09221076965332,262900
NWL,1998-06-18,47.5,48.25,47.25,47.75,21.287250518798828,451500
NWL,1998-06-19,48.0,48.0,47.625,47.6875,21.259389877319336,338400
NWL,1998-06-22,47.75,48.5,47.75,47.75,21.287250518798828,278600
NWL,1998-06-23,48.25,48.25,47.4375,47.625,21.231517791748047,355900
NWL,1998-06-24,47.125,48.875,47.0625,48.875,21.78877830505371,513700
NWL,1998-06-25,48.9375,49.125,47.875,47.9375,21.370834350585938,357500
NWL,1998-06-26,47.9375,49.375,47.9375,48.4375,21.59374618530273,202500
NWL,1998-06-29,48.6875,48.8125,48.3125,48.5625,21.64946937561035,241800
NWL,1998-06-30,48.4375,50.0,48.375,49.8125,22.20671272277832,389800
NWL,1998-07-01,49.9375,50.1875,49.5,50.125,22.346040725708008,294700
NWL,1998-07-02,50.3125,50.375,48.75,48.875,21.78877830505371,278000
NWL,1998-07-06,48.875,50.125,48.875,49.9375,22.262460708618164,306500
NWL,1998-07-07,49.9375,50.0,48.75,49.0,21.84449958801269,269900
NWL,1998-07-08,49.0,51.0,48.6875,50.1875,22.373899459838867,563000
NWL,1998-07-09,50.5625,51.5,50.0,50.0,22.290313720703125,455600
NWL,1998-07-10,50.0,50.875,49.0625,50.1875,22.373899459838867,409400
NWL,1998-07-13,50.1875,50.1875,49.375,50.0625,22.31816864013672,311800
NWL,1998-07-14,50.1875,51.25,50.1875,51.125,22.79184341430664,451900
NWL,1998-07-15,51.0,53.625,50.9375,52.8125,23.54414176940918,829200
NWL,1998-07-16,53.625,54.125,52.9375,54.0625,24.101396560668945,516700
NWL,1998-07-17,55.0,55.0,53.5625,54.4375,24.268579483032227,611900
NWL,1998-07-20,54.5,55.1875,54.1875,54.1875,24.15711784362793,391000
NWL,1998-07-21,53.9375,53.9375,52.375,52.375,23.349105834960938,309000
NWL,1998-07-22,52.5625,54.546875,52.5625,54.375,24.240703582763672,425600
NWL,1998-07-23,54.375,55.0625,52.75,52.8125,23.54414176940918,807600
NWL,1998-07-24,52.75,52.75,51.1875,52.375,23.349105834960938,322600
NWL,1998-07-27,52.0,52.0,51.375,51.8125,23.09833335876465,226700
NWL,1998-07-28,51.1875,51.8125,50.3125,51.5,22.95903205871582,464700
NWL,1998-07-29,51.25,51.8125,50.9375,51.4375,22.9311637878418,221000
NWL,1998-07-30,51.375,51.625,51.125,51.5,22.95903205871582,359400
NWL,1998-07-31,51.5,52.3125,51.25,51.5,22.95903205871582,577700
NWL,1998-08-03,50.875,51.5625,50.8125,51.3125,22.87544250488281,468500
NWL,1998-08-04,51.3125,51.5625,49.0,49.0,21.84449958801269,453200
NWL,1998-08-05,49.25,50.3125,48.5,50.1875,22.373899459838867,408400
NWL,1998-08-06,50.125,50.1875,49.0,49.125,21.900230407714844,208100
NWL,1998-08-07,49.125,49.75,48.5625,49.0625,21.872364044189453,321500
NWL,1998-08-10,48.6875,50.875,48.5625,49.9375,22.262460708618164,416400
NWL,1998-08-11,48.5,48.5625,47.25,47.8125,21.31511116027832,377700
NWL,1998-08-12,48.25,49.0,47.75,48.4375,22.26093101501465,403100
NWL,1998-08-13,48.875,49.25,48.0,48.3125,22.2034854888916,280700
NWL,1998-08-14,48.0625,48.25,47.125,47.4375,21.80133819580078,264200
NWL,1998-08-17,47.0,48.8125,46.875,48.5625,22.3183822631836,260000
NWL,1998-08-18,48.5625,49.875,48.5625,49.8125,22.89283561706543,386100
NWL,1998-08-19,50.0,51.0,49.5625,49.8125,22.89283561706543,317400
NWL,1998-08-20,49.8125,50.25,49.4375,50.1875,23.0651969909668,385300
NWL,1998-08-21,50.0,50.0625,48.125,48.5,22.28964805603028,413600
NWL,1998-08-24,48.625,50.375,48.625,50.25,23.09391593933105,326500
NWL,1998-08-25,51.625,51.75,51.0625,51.25,23.55348396301269,386100
NWL,1998-08-26,50.75,51.375,50.0,51.375,23.61094284057617,558200
NWL,1998-08-27,51.125,51.1875,50.0,50.0625,23.00774574279785,432200
NWL,1998-08-28,50.0,50.375,49.0,49.3125,22.66305160522461,460300
NWL,1998-08-31,49.4375,49.75,47.25,47.75,21.94496154785156,638800
NWL,1998-09-01,47.375,48.25,45.25,45.875,21.083255767822266,820900
NWL,1998-09-02,46.0,46.75,45.4375,45.625,20.96836280822754,606800
NWL,1998-09-03,45.0,46.375,43.4375,46.375,21.313051223754883,663100
NWL,1998-09-04,46.375,46.375,44.5,45.625,20.96836280822754,426700
NWL,1998-09-08,45.875,46.625,45.625,46.625,21.427940368652344,300200
NWL,1998-09-09,46.625,46.625,45.0625,45.125,20.73857307434082,535100
NWL,1998-09-10,44.9375,45.0,43.1875,43.1875,19.848121643066406,466700
NWL,1998-09-11,42.9375,43.9375,42.625,43.5,19.99176025390625,398000
NWL,1998-09-14,44.25,46.4375,44.25,46.0625,21.16942024230957,413900
NWL,1998-09-15,45.625,46.5,45.4375,46.0,21.14069938659668,284700
NWL,1998-09-16,46.0,46.375,45.1875,46.25,21.255592346191406,709500
NWL,1998-09-17,45.75,45.75,44.0,44.4375,20.42261505126953,467300
NWL,1998-09-18,44.6875,45.4375,44.5,45.3125,20.824737548828125,588500
NWL,1998-09-21,45.1875,45.5,44.3125,45.5,20.910907745361328,210300
NWL,1998-09-22,46.25,46.75,46.0,46.6875,21.4566593170166,491400
NWL,1998-09-23,46.625,46.875,45.5625,46.8125,21.514110565185547,917600
NWL,1998-09-24,47.375,47.375,46.3125,46.875,21.54282569885254,557100
NWL,1998-09-25,46.625,47.0,46.0625,46.625,21.427940368652344,400200
NWL,1998-09-28,46.5,48.4375,46.5,48.125,22.1173095703125,1316100
NWL,1998-09-29,48.125,48.3125,47.375,47.875,22.002405166625977,437500
NWL,1998-09-30,47.75,47.9375,45.875,46.0625,21.16942024230957,507200
NWL,1998-10-01,44.875,45.875,44.875,45.4375,20.88218688964844,734900
NWL,1998-10-02,45.4375,47.125,45.4375,46.9375,21.57156753540039,450800
NWL,1998-10-05,46.9375,47.0,43.625,44.9375,20.65238380432129,802900
NWL,1998-10-06,45.0,45.5,44.5,45.3125,20.824737548828125,373900
NWL,1998-10-07,45.25,45.25,42.5625,43.25,19.87685775756836,698100
NWL,1998-10-08,42.5,43.375,41.5,43.3125,19.90557289123535,613900
NWL,1998-10-09,43.6875,44.9375,43.125,44.625,20.50877952575684,289400
NWL,1998-10-12,44.625,47.0,44.5,46.9375,21.57156753540039,866900
NWL,1998-10-13,46.75,46.9375,45.75,46.9375,21.57156753540039,276100
NWL,1998-10-14,46.6875,47.375,46.5625,46.8125,21.514110565185547,917000
NWL,1998-10-15,46.5625,47.25,46.3125,46.8125,21.514110565185547,403100
NWL,1998-10-16,47.0,47.0,46.3125,46.9375,21.57156753540039,392000
NWL,1998-10-19,46.9375,48.9375,46.375,48.625,22.34710502624512,352100
NWL,1998-10-20,49.5,50.125,48.875,49.0625,22.54817008972168,614300
NWL,1998-10-21,46.75,46.875,42.625,43.25,19.87685775756836,9934200
NWL,1998-10-22,43.3125,44.25,42.8125,44.25,20.33643341064453,5689600
NWL,1998-10-23,44.1875,44.1875,43.125,43.5,19.99176025390625,3091200
NWL,1998-10-26,43.5625,43.75,43.375,43.6875,20.07791519165039,2377000
NWL,1998-10-27,43.6875,44.0,42.5,42.5625,19.56089973449707,2059300
NWL,1998-10-28,42.5,42.5625,40.75,40.8125,18.75661849975586,2781200
NWL,1998-10-29,40.9375,43.0625,40.9375,43.0625,19.790672302246094,1826000
NWL,1998-10-30,43.25,44.375,43.25,44.125,20.278993606567383,1723000
NWL,1998-11-02,44.375,44.375,43.625,44.25,20.33643341064453,1164900
NWL,1998-11-03,44.5,45.4375,44.375,45.4375,20.88218688964844,1777000
NWL,1998-11-04,45.4375,46.875,45.375,45.75,21.02580642700196,1742700
NWL,1998-11-05,45.5,46.3125,45.1875,46.1875,21.226869583129883,1290100
NWL,1998-11-06,46.375,46.625,45.8125,46.5625,21.39921760559082,979200
NWL,1998-11-09,46.6875,46.6875,45.625,45.875,21.083255767822266,1116400
NWL,1998-11-10,45.75,46.6875,45.4375,46.25,21.33932304382324,1034600
NWL,1998-11-11,46.375,46.375,44.3125,44.8125,20.67607307434082,1150200
NWL,1998-11-12,45.0,45.0,44.0625,44.6875,20.61839866638184,935500
NWL,1998-11-13,44.625,45.0625,44.0,44.8125,20.67607307434082,989600
NWL,1998-11-16,44.8125,45.1875,44.75,45.125,20.82026481628418,971700
NWL,1998-11-17,45.0625,45.25,45.0,45.1875,20.849098205566406,1173700
NWL,1998-11-18,45.1875,45.25,45.0,45.0,20.7625789642334,1288600
NWL,1998-11-19,45.0625,45.1875,44.8125,45.1875,20.849098205566406,1131200
NWL,1998-11-20,45.1875,45.875,45.125,45.8125,21.137470245361328,1157000
NWL,1998-11-23,46.125,46.5625,45.875,46.0625,21.252819061279297,867500
NWL,1998-11-24,46.0625,46.1875,45.25,45.6875,21.079795837402344,802500
NWL,1998-11-25,45.6875,45.8125,44.8125,44.9375,20.73373794555664,1110300
NWL,1998-11-27,44.8125,44.9375,44.5,44.6875,20.61839866638184,270100
NWL,1998-11-30,44.5,44.75,44.0,44.25,20.41653823852539,1077000
NWL,1998-12-01,44.25,44.25,43.0,43.375,20.012828826904297,1217700
NWL,1998-12-02,43.375,43.5,42.9375,43.375,20.012828826904297,795000
NWL,1998-12-03,43.375,44.625,42.875,44.375,20.47422218322754,1388900
NWL,1998-12-04,44.625,45.1875,43.875,44.0625,20.33003234863281,931900
NWL,1998-12-07,44.0625,44.0625,43.1875,43.9375,20.27236557006836,616000
NWL,1998-12-08,43.9375,44.0,42.75,43.25,19.955154418945312,1332700
NWL,1998-12-09,43.5,43.5,42.8125,43.1875,19.926315307617188,768500
NWL,1998-12-10,42.8125,42.8125,41.375,41.375,19.09004592895508,1051300
NWL,1998-12-11,39.0,39.75,35.6875,38.25,17.6481990814209,8816300
NWL,1998-12-14,38.4375,39.75,38.4375,39.5,18.22494125366211,1810800
NWL,1998-12-15,39.625,40.0625,38.9375,39.25,18.109582901000977,1124800
NWL,1998-12-16,39.125,39.1875,37.75,38.0,17.53285026550293,1193100
NWL,1998-12-17,37.9375,38.1875,37.75,37.8125,17.446332931518555,1304100
NWL,1998-12-18,37.9375,38.0,37.6875,37.875,17.47517204284668,1028000
NWL,1998-12-21,38.0,38.5625,37.75,38.0625,17.561689376831055,1068000
NWL,1998-12-22,38.375,40.25,38.25,40.0,18.45563125610352,1315400
NWL,1998-12-23,39.625,40.125,39.0,39.75,18.340282440185547,884200
NWL,1998-12-24,39.5,40.4375,39.5,40.1875,18.542131423950195,458600
NWL,1998-12-28,40.3125,40.375,39.875,40.3125,18.599815368652344,605000
NWL,1998-12-29,40.6875,41.5,40.1875,41.5,19.14771842956543,697300
NWL,1998-12-30,41.5,41.5,40.8125,41.0625,18.94586563110352,965500
NWL,1998-12-31,41.0625,41.75,40.875,41.25,19.032371520996094,815600
NWL,1999-01-04,42.5,42.75,41.4375,41.9375,19.349573135375977,1235200
NWL,1999-01-05,41.5625,41.625,41.1875,41.3125,19.061214447021484,501800
NWL,1999-01-06,41.1875,41.8125,41.0625,41.4375,19.11888313293457,1031000
NWL,1999-01-07,41.375,41.5625,40.875,41.3125,19.061214447021484,1158700
NWL,1999-01-08,41.3125,41.6875,40.9375,41.1875,19.00352668762207,905100
NWL,1999-01-11,41.125,41.4375,40.8125,40.9375,18.88818359375,1146100
NWL,1999-01-12,41.0,41.0625,40.625,40.9375,18.88818359375,954300
NWL,1999-01-13,40.125,40.9375,40.0,40.8125,18.830507278442383,684400
NWL,1999-01-14,40.8125,40.875,38.375,39.4375,18.19610023498535,1215500
NWL,1999-01-15,39.5625,40.1875,39.5625,40.1875,18.542131423950195,892500
NWL,1999-01-19,40.125,40.25,39.1875,39.25,18.109582901000977,990500
NWL,1999-01-20,39.4375,39.4375,38.25,38.4375,17.734716415405273,1441500
NWL,1999-01-21,38.375,38.375,36.375,36.375,16.783092498779297,4818500
NWL,1999-01-22,36.375,38.625,36.0625,38.0625,17.561689376831055,2691500
NWL,1999-01-25,38.0625,38.0625,37.375,37.9375,17.504013061523438,1721200
NWL,1999-01-26,37.8125,39.25,37.8125,39.0,17.994245529174805,1788800
NWL,1999-01-27,39.25,40.0,38.9375,39.0,17.994245529174805,1119400
NWL,1999-01-28,38.875,41.6875,38.875,41.5625,19.17656135559082,2316600
NWL,1999-01-29,41.5625,41.875,41.3125,41.5625,19.17656135559082,1563800
NWL,1999-02-01,43.0,43.0,41.1875,41.9375,19.349573135375977,931000
NWL,1999-02-02,41.0,41.625,40.9375,41.5,19.14771842956543,1033100
NWL,1999-02-03,41.5625,41.625,40.375,41.0,18.91701889038086,910500
NWL,1999-02-04,42.375,43.125,41.5,42.9375,19.810964584350582,1712800
NWL,1999-02-05,42.9375,44.375,42.75,44.0,20.301189422607425,1799500
NWL,1999-02-08,43.0,43.5,42.625,43.0625,19.86863899230957,981500
NWL,1999-02-09,43.0,43.9375,42.6875,43.8125,20.21468544006348,1225000
NWL,1999-02-10,44.375,45.25,43.9375,45.25,20.877939224243164,1874600
NWL,1999-02-11,45.0625,45.3125,44.75,45.25,20.877939224243164,1938300
NWL,1999-02-12,45.0,45.1875,44.5,44.6875,20.61839866638184,846200
NWL,1999-02-16,45.3125,46.0,45.0,45.0625,20.79142570495605,1190100
NWL,1999-02-17,44.8125,45.9375,44.75,45.75,21.20273971557617,1134600
NWL,1999-02-18,45.9375,47.625,45.875,46.5,21.550331115722656,1875000
NWL,1999-02-19,46.5,46.75,46.0625,46.6875,21.63722038269043,883700
NWL,1999-02-22,46.5625,46.625,45.25,46.0,21.318592071533203,754400
NWL,1999-02-23,46.0625,46.25,45.625,46.125,21.37652587890625,648300
NWL,1999-02-24,46.125,46.125,44.625,44.75,20.73928451538086,845000
NWL,1999-02-25,44.375,44.4375,41.75,43.375,20.102048873901367,1699900
NWL,1999-02-26,43.6875,43.6875,42.125,42.5,19.69653511047364,765500
NWL,1999-03-01,42.5,42.875,42.0,42.0,19.46479606628418,923900
NWL,1999-03-02,42.5,43.6875,42.3125,43.4375,20.13100814819336,1162300
NWL,1999-03-03,43.4375,44.8125,43.25,44.0625,20.42067146301269,1412900
NWL,1999-03-04,44.0,45.25,44.0,45.0,20.85514640808105,1126600
NWL,1999-03-05,45.125,47.125,45.125,47.125,21.8399715423584,1138100
NWL,1999-03-08,47.125,47.125,46.1875,46.375,21.49238586425781,935300
NWL,1999-03-09,45.9375,46.5625,45.4375,46.5,21.550331115722656,903800
NWL,1999-03-10,46.5,46.5,45.5,46.1875,21.405488967895508,520700
NWL,1999-03-11,46.1875,47.0625,45.8125,46.0625,21.34756851196289,491000
NWL,1999-03-12,46.75,47.75,46.75,47.4375,21.98480224609375,818500
NWL,1999-03-15,47.4375,47.5,46.5,47.5,22.013761520385746,558600
NWL,1999-03-16,47.0,47.6875,46.5625,47.6875,22.100675582885746,573200
NWL,1999-03-17,47.625,49.25,47.4375,48.9375,22.67997360229492,1458100
NWL,1999-03-18,48.9375,49.1875,48.3125,48.4375,22.448246002197266,617000
NWL,1999-03-19,48.1875,48.25,47.25,47.25,21.89790153503418,563700
NWL,1999-03-22,46.875,47.03125,46.5,47.0,21.782054901123047,393400
NWL,1999-03-23,46.875,46.9375,45.625,45.75,21.20273971557617,414000
NWL,1999-03-24,46.0,47.0,45.5,46.9375,21.753082275390625,638900
NWL,1999-03-25,47.0,50.625,46.875,49.375,22.88273048400879,1625500
NWL,1999-03-26,49.125,50.0,48.75,49.875,23.114452362060547,1188500
NWL,1999-03-29,50.0,50.1875,49.3125,50.0,23.172378540039062,1032300
NWL,1999-03-30,49.5,49.625,47.5625,47.625,22.07168960571289,644000
NWL,1999-03-31,47.875,48.6875,45.5,47.5,22.013761520385746,2037700
NWL,1999-04-01,47.25,47.5,46.9375,47.5,22.013761520385746,945400
NWL,1999-04-05,47.25,47.375,46.625,47.25,21.89790153503418,646900
NWL,1999-04-06,47.25,47.25,45.875,47.0,21.782054901123047,830800
NWL,1999-04-07,47.0,47.5,46.125,47.0,21.782054901123047,705700
NWL,1999-04-08,47.25,48.25,47.25,48.25,22.36135673522949,851200
NWL,1999-04-09,48.3125,48.3125,47.5,47.8125,22.158588409423828,740900
NWL,1999-04-12,47.0,49.0625,46.75,48.625,22.53514289855957,761300
NWL,1999-04-13,48.375,49.3125,48.3125,49.3125,22.85376739501953,954000
NWL,1999-04-14,49.0625,49.3125,48.0,49.0,22.708948135375977,572000
NWL,1999-04-15,49.0625,49.375,48.375,48.5625,22.50618934631348,692700
NWL,1999-04-16,48.625,48.625,48.3125,48.5625,22.50618934631348,624700
NWL,1999-04-19,48.5,49.875,48.5,48.5,22.47722053527832,710200
NWL,1999-04-20,48.75,49.0,48.625,49.0,22.708948135375977,1102000
NWL,1999-04-21,49.5,52.0,49.375,52.0,24.09928321838379,883000
NWL,1999-04-22,51.5,51.5,50.0,50.0625,23.20136070251465,638100
NWL,1999-04-23,50.3125,50.875,50.25,50.625,23.46204376220703,441200
NWL,1999-04-26,50.6875,50.6875,48.875,49.4375,22.91169548034668,568000
NWL,1999-04-27,49.4375,49.4375,47.875,48.0,22.24548721313477,1237600
NWL,1999-04-28,48.0,48.0,45.625,46.0,21.318592071533203,1703800
NWL,1999-04-29,46.0,47.125,46.0,46.5,21.550331115722656,710600
NWL,1999-04-30,46.625,47.875,46.0,47.4375,21.98480224609375,817200
NWL,1999-05-03,47.1875,48.4375,47.0,48.4375,22.448246002197266,639700
NWL,1999-05-04,48.1875,48.3125,47.375,47.875,22.18756103515625,472000
NWL,1999-05-05,47.875,47.875,46.5625,47.0625,21.81100273132324,504300
NWL,1999-05-06,47.0,48.25,46.6875,47.875,22.18756103515625,574100
NWL,1999-05-07,47.75,48.1875,47.5,47.75,22.129627227783203,423000
NWL,1999-05-10,47.625,47.625,46.5,47.0,21.782054901123047,635900
NWL,1999-05-11,47.0,47.125,46.375,46.5,21.550331115722656,604000
NWL,1999-05-12,46.125,47.25,45.5,46.75,21.66618156433105,772200
NWL,1999-05-13,46.875,47.1875,45.8125,45.875,21.26067352294922,575600
NWL,1999-05-14,45.0,45.8125,44.4375,45.625,21.1447982788086,943500
NWL,1999-05-17,45.375,46.0625,45.3125,45.8125,21.2316951751709,2359400
NWL,1999-05-18,45.75,46.0,44.875,45.1875,20.942045211791992,1462200
NWL,1999-05-19,44.9375,45.5,44.875,45.3125,21.09333038330078,1183900
NWL,1999-05-20,45.0,45.875,45.0,45.3125,21.09333038330078,1847100
NWL,1999-05-21,45.0,45.0625,42.125,43.75,20.36599349975586,3075000
NWL,1999-05-24,43.25,43.625,42.75,43.5,20.24960708618164,1654000
NWL,1999-05-25,43.375,43.4375,42.5,42.5625,19.813196182250977,1490000
NWL,1999-05-26,42.5,42.5625,41.25,42.0625,19.580432891845703,1107100
NWL,1999-05-27,40.875,41.1875,40.0625,40.125,18.678516387939453,1266300
NWL,1999-05-28,40.0,40.6875,39.9375,40.5,18.853076934814453,853800
NWL,1999-06-01,39.375,43.75,38.5,43.0,20.0168399810791,3235300
NWL,1999-06-02,42.5,44.625,42.125,44.625,20.773303985595703,4549900
NWL,1999-06-03,44.75,44.8125,43.5,44.6875,20.80239486694336,2877300
NWL,1999-06-04,44.6875,45.1875,44.625,45.0,20.947858810424805,1338700
NWL,1999-06-07,44.9375,45.625,44.75,45.25,21.064245223999023,967200
NWL,1999-06-08,45.125,45.1875,44.75,45.0,20.947858810424805,909800
NWL,1999-06-09,45.0,45.4375,44.75,45.0,20.947858810424805,1283700
NWL,1999-06-10,44.875,45.0625,44.4375,44.4375,20.686023712158203,1165900
NWL,1999-06-11,44.375,44.75,44.0,44.328125,20.635103225708008,651700
NWL,1999-06-14,44.125,44.375,43.8125,44.0625,20.511449813842773,740700
NWL,1999-06-15,44.0,44.5625,43.5625,43.5625,20.278697967529297,642000
NWL,1999-06-16,43.625,44.375,43.625,44.125,20.540552139282227,1034100
NWL,1999-06-17,43.75,44.625,43.3125,44.4375,20.686023712158203,811600
NWL,1999-06-18,45.0,45.6875,44.3125,45.0625,20.976951599121094,991100
NWL,1999-06-21,45.0,46.75,45.0,46.6875,21.73341178894043,1113400
NWL,1999-06-22,46.25,46.75,45.8125,46.1875,21.50065422058105,619700
NWL,1999-06-23,46.0,46.25,45.5,46.25,21.52974510192871,1147100
NWL,1999-06-24,46.0,46.125,45.75,46.0,21.413366317749023,630500
NWL,1999-06-25,46.125,46.1875,45.3125,45.4375,21.151525497436523,1290400
NWL,1999-06-28,45.625,46.1875,45.5,45.9375,21.38428497314453,1314500
NWL,1999-06-29,45.8125,46.375,44.875,45.875,21.35518455505371,1350500
NWL,1999-06-30,45.9375,46.5,45.6875,46.375,21.587940216064453,1031500
NWL,1999-07-01,46.375,46.375,45.875,46.125,21.4715633392334,738000
NWL,1999-07-02,46.125,47.625,46.125,47.625,22.169811248779297,650900
NWL,1999-07-06,47.625,47.75,47.0,47.6875,22.198925018310547,793300
NWL,1999-07-07,47.3125,47.6875,46.8125,47.125,21.93706703186035,765900
NWL,1999-07-08,47.0,47.25,46.6875,47.0,21.878883361816406,565900
NWL,1999-07-09,47.0,47.1875,46.75,47.0625,21.90797615051269,429800
NWL,1999-07-12,46.8125,47.0,46.0,46.625,21.70431327819824,650000
NWL,1999-07-13,46.625,46.6875,46.0625,46.375,21.587940216064453,520100
NWL,1999-07-14,46.125,46.4375,45.875,46.0625,21.44246864318848,658800
NWL,1999-07-15,45.5,45.5,44.75,44.8125,20.860572814941406,1273100
NWL,1999-07-16,44.9375,45.1875,44.625,45.0,20.947858810424805,693100
NWL,1999-07-19,45.0,45.375,44.5625,44.9375,20.918758392333984,520300
NWL,1999-07-20,45.0,45.0,43.8125,44.0,20.48234939575196,615900
NWL,1999-07-21,43.75,44.0625,43.3125,44.0,20.48234939575196,550800
NWL,1999-07-22,43.75,43.75,42.5,43.4375,20.220502853393555,1139700
NWL,1999-07-23,43.4375,43.4375,41.625,41.9375,19.52223777770996,622600
NWL,1999-07-26,41.75,42.5,40.625,42.0,19.55133438110352,1391300
NWL,1999-07-27,43.25,44.9375,42.5,44.9375,20.918758392333984,2365500
NWL,1999-07-28,44.25,44.6875,42.9375,44.0625,20.511449813842773,1376700
NWL,1999-07-29,43.0,43.40625,42.75,42.875,19.958660125732425,1036300
NWL,1999-07-30,43.0,43.625,42.875,43.25,20.133220672607425,1260900
NWL,1999-08-02,43.25,43.5,42.75,42.875,19.958660125732425,1133400
NWL,1999-08-03,42.9375,43.0,42.6875,43.0,20.0168399810791,739200
NWL,1999-08-04,43.0,43.0,42.0,42.5,19.78409767150879,883500
NWL,1999-08-05,42.5,43.0,42.25,42.8125,19.929563522338867,918800
NWL,1999-08-06,42.8125,42.8125,42.0625,42.625,19.842283248901367,700100
NWL,1999-08-09,42.625,42.8125,42.25,42.375,19.72590446472168,968900
NWL,1999-08-10,42.0,42.0,40.6875,41.5,19.31859016418457,742500
NWL,1999-08-11,41.5,41.75,41.1875,41.5625,19.347681045532227,489900
NWL,1999-08-12,41.5625,41.8125,40.6875,41.6875,19.40586853027344,752200
NWL,1999-08-13,41.625,41.6875,40.0625,40.6875,18.940359115600582,1407500
NWL,1999-08-16,40.75,41.625,40.75,41.625,19.376768112182617,467800
NWL,1999-08-17,41.625,41.75,40.625,41.625,19.376768112182617,703100
NWL,1999-08-18,41.6875,41.6875,40.25,41.4375,19.382617950439453,841300
NWL,1999-08-19,41.0,42.4375,41.0,42.4375,19.85037422180176,2237900
NWL,1999-08-20,42.5,42.5,41.875,42.0,19.645727157592773,656800
NWL,1999-08-23,42.125,42.625,42.0,42.625,19.93807601928711,574600
NWL,1999-08-24,42.75,42.8125,42.1875,42.625,19.93807601928711,546000
NWL,1999-08-25,42.375,42.8125,41.75,42.375,19.821144104003903,861900
NWL,1999-08-26,42.375,42.6875,42.0625,42.25,19.762666702270508,425700
NWL,1999-08-27,42.375,42.4375,41.75,41.9375,19.61648941040039,494600
NWL,1999-08-30,41.75,42.0,41.3125,41.4375,19.382617950439453,371600
NWL,1999-08-31,41.625,41.875,40.5625,41.0,19.177976608276367,554900
NWL,1999-09-01,41.0,42.375,41.0,41.8125,19.558029174804688,592600
NWL,1999-09-02,41.375,41.6875,41.0,41.3125,19.32415199279785,621000
NWL,1999-09-03,40.0,40.25,32.875,32.875,15.377459526062012,8993000
NWL,1999-09-07,33.75,34.6875,31.875,31.9375,14.93894863128662,8120500
NWL,1999-09-08,30.3125,32.375,30.3125,31.0,14.50041961669922,3485700
NWL,1999-09-09,31.9375,32.9375,31.1875,32.75,15.31899356842041,2868700
NWL,1999-09-10,33.5,33.625,32.6875,33.0,15.43592643737793,2361100
NWL,1999-09-13,33.0,33.625,32.6875,33.0625,15.46517276763916,1631600
NWL,1999-09-14,32.75,32.8125,31.875,32.0625,14.997408866882324,1382600
NWL,1999-09-15,32.75,32.9375,32.0,32.1875,15.05588436126709,1128400
NWL,1999-09-16,32.25,32.25,31.125,31.4375,14.705065727233888,581100
NWL,1999-09-17,30.75,31.5,30.4375,31.3125,14.646599769592283,1683200
NWL,1999-09-20,31.5,32.4375,31.5,32.3125,15.114341735839844,1202500
NWL,1999-09-21,32.25,32.3125,30.25,30.5,14.266546249389648,1572300
NWL,1999-09-22,30.5,30.9375,29.4375,29.5,13.798791885375977,1223400
NWL,1999-09-23,29.6875,29.6875,28.0625,28.125,13.155622482299805,1274400
NWL,1999-09-24,28.1875,28.3125,27.0,27.25,12.746338844299316,1622200
NWL,1999-09-27,27.5625,27.875,27.125,27.1875,12.717103004455566,1707900
NWL,1999-09-28,27.0,28.125,27.0,27.3125,12.775575637817385,1736000
NWL,1999-09-29,27.5,29.375,27.5,27.9375,13.067920684814451,1933500
NWL,1999-09-30,28.0625,29.1875,28.0,28.5625,13.36026668548584,3083100
NWL,1999-10-01,28.0,28.1875,27.625,27.9375,13.067920684814451,1115900
NWL,1999-10-04,27.75,28.125,27.5625,28.0625,13.126388549804688,753100
NWL,1999-10-05,28.0625,28.625,27.3125,27.5625,12.892508506774902,856700
NWL,1999-10-06,27.5,28.0,27.3125,27.8125,13.00944995880127,1239200
NWL,1999-10-07,27.9375,28.625,27.6875,28.0625,13.126388549804688,959600
NWL,1999-10-08,28.3125,28.75,28.3125,28.5,13.33103370666504,1030900
NWL,1999-10-11,28.625,28.625,27.75,27.8125,13.00944995880127,594200
NWL,1999-10-12,27.5625,27.8125,27.1875,27.5,12.863277435302734,1074600
NWL,1999-10-13,27.5,27.6875,27.0,27.0,12.629403114318848,1314500
NWL,1999-10-14,27.125,27.125,25.25,26.625,12.453997611999512,2210500
NWL,1999-10-15,26.625,27.0,25.75,26.25,12.278581619262695,2164200
NWL,1999-10-18,26.1875,26.75,26.0,26.6875,12.483226776123049,1270700
NWL,1999-10-19,26.9375,27.125,26.125,26.75,12.51246166229248,1897900
NWL,1999-10-20,26.6875,27.9375,26.5,27.9375,13.067920684814451,1583200
NWL,1999-10-21,27.6875,28.0,27.1875,27.9375,13.067920684814451,1349900
NWL,1999-10-22,28.125,29.375,27.9375,29.0,13.564908027648926,1985800
NWL,1999-10-25,28.75,29.5,28.5625,29.3125,13.711079597473145,1088500
NWL,1999-10-26,29.25,31.875,29.1875,30.5625,14.295781135559082,3128800
NWL,1999-10-27,30.5625,31.375,30.4375,31.25,14.617358207702637,1612500
NWL,1999-10-28,31.3125,34.4375,31.3125,34.1875,15.99140167236328,1962700
NWL,1999-10-29,34.0625,35.0,33.0,34.625,16.19603729248047,2026100
NWL,1999-11-01,34.6875,35.75,34.5,35.3125,16.51762580871582,1614200
NWL,1999-11-02,34.5,35.125,33.6875,35.0625,16.40068244934082,1973900
NWL,1999-11-03,34.8125,36.5,34.375,36.5,17.07308578491211,1195500
NWL,1999-11-04,36.5,36.5,35.4375,35.625,16.663780212402344,1156800
NWL,1999-11-05,35.625,36.0,34.6875,34.875,16.312971115112305,1137200
NWL,1999-11-08,34.9375,35.25,34.3125,35.0,16.371442794799805,1015500
NWL,1999-11-09,34.625,34.625,29.0,32.0,14.968177795410156,3231700
NWL,1999-11-10,32.75,35.25,32.6875,34.5625,16.268474578857422,2535900
NWL,1999-11-11,34.5625,35.0625,33.8125,34.875,16.415573120117188,955700
NWL,1999-11-12,34.875,34.9375,33.5,34.3125,16.150806427001953,1249200
NWL,1999-11-15,34.0,34.4375,33.6875,34.3125,16.150806427001953,556400
NWL,1999-11-16,35.0,35.625,34.4375,35.5625,16.73917579650879,1403400
NWL,1999-11-17,35.5,37.0625,35.375,36.5,17.180458068847656,1214100
NWL,1999-11-18,36.5,36.5,35.5625,35.9375,16.915687561035156,836400
NWL,1999-11-19,35.5,35.625,34.625,34.9375,16.444992065429688,1065200
NWL,1999-11-22,34.5,34.75,33.4375,34.3125,16.150806427001953,1670100
NWL,1999-11-23,33.5,34.5,33.4375,34.0,16.003713607788086,1154400
NWL,1999-11-24,33.5,34.0,32.8125,33.9375,15.97429084777832,836300
NWL,1999-11-26,33.6875,33.9375,33.625,33.6875,15.856618881225586,267000
NWL,1999-11-29,33.3125,33.4375,32.125,32.9375,15.503600120544434,971100
NWL,1999-11-30,32.5,33.5,32.5,32.8125,15.444753646850586,1039700
NWL,1999-12-01,32.375,32.75,31.8125,31.8125,14.974065780639648,1068200
NWL,1999-12-02,32.0,32.5,31.625,32.1875,15.15057373046875,777100
NWL,1999-12-03,32.5,34.0,32.5,33.5,15.7683687210083,1133200
NWL,1999-12-06,33.125,34.0,33.125,33.6875,15.856618881225586,788300
NWL,1999-12-07,33.625,33.625,32.3125,32.75,15.415339469909668,842200
NWL,1999-12-08,32.5,32.875,31.5,32.0,15.062311172485352,815000
NWL,1999-12-09,31.5,32.125,31.0,31.1875,14.679871559143066,674700
NWL,1999-12-10,31.4375,33.5,31.375,32.0,15.062311172485352,1096500
NWL,1999-12-13,32.0,32.3125,31.625,32.078125,15.099098205566406,673300
NWL,1999-12-14,31.375,32.125,31.0625,31.0625,14.621042251586914,864600
NWL,1999-12-15,31.0625,31.1875,30.0625,30.5625,14.385689735412598,1110700
NWL,1999-12-16,30.125,30.1875,29.3125,30.0625,14.150345802307127,837000
NWL,1999-12-17,31.1875,31.75,30.5,30.875,14.53277587890625,1789400
NWL,1999-12-20,30.125,30.9375,30.125,30.8125,14.5033597946167,923500
NWL,1999-12-21,30.5,30.5,28.625,28.8125,13.56196403503418,914100
NWL,1999-12-22,29.0625,31.0625,28.9375,30.5625,14.385689735412598,1082800
NWL,1999-12-23,30.3125,30.4375,29.3125,29.9375,14.091506004333496,785700
NWL,1999-12-27,29.25,30.75,29.125,29.5,13.885575294494627,1359300
NWL,1999-12-28,29.625,30.4375,29.625,30.0,14.120925903320312,716000
NWL,1999-12-29,30.0,30.6875,29.75,30.1875,14.20917797088623,405900
NWL,1999-12-30,29.625,30.1875,29.375,29.75,14.003249168395996,456300
NWL,1999-12-31,29.25,29.25,28.0,29.0,13.65021800994873,501700
NWL,2000-01-03,29.0,29.3125,27.625,27.75,13.061856269836426,1010500
NWL,2000-01-04,27.5,29.1875,27.5,28.4375,13.385457038879396,1194700
NWL,2000-01-05,28.25,28.8125,27.375,28.0,13.179527282714844,902200
NWL,2000-01-06,27.8125,28.8125,27.625,28.5625,13.444294929504396,2052500
NWL,2000-01-07,28.9375,29.5,28.75,29.5,13.885575294494627,1780600
NWL,2000-01-10,29.5,29.6875,28.375,28.9375,13.620805740356444,1312600
NWL,2000-01-11,28.9375,29.875,28.5625,28.625,13.473709106445312,834100
NWL,2000-01-12,28.875,29.0,27.625,28.25,13.297202110290527,878800
NWL,2000-01-13,28.4375,28.625,28.1875,28.3125,13.326621055603027,1297200
NWL,2000-01-14,29.5,29.875,28.5,28.75,13.532548904418944,2802000
NWL,2000-01-18,28.5625,30.25,28.5625,29.875,14.062089920043944,2117900
NWL,2000-01-19,29.75,29.8125,28.75,29.5,13.885575294494627,1081200
NWL,2000-01-20,29.375,31.0,29.375,30.6875,14.444522857666016,2006700
NWL,2000-01-21,31.75,31.75,30.6875,31.0,14.591619491577148,1416500
NWL,2000-01-24,31.75,31.75,30.5,30.5,14.356266021728516,1375000
NWL,2000-01-25,30.5,30.875,30.5,30.5625,14.385689735412598,1130300
NWL,2000-01-26,30.5,30.8125,30.4375,30.625,14.415115356445312,829700
NWL,2000-01-27,30.8125,31.5,30.5625,31.25,14.709291458129885,554800
NWL,2000-01-28,30.75,30.9375,29.5625,29.8125,14.032668113708496,1032900
NWL,2000-01-31,29.875,30.4375,29.75,29.9375,14.091506004333496,736800
NWL,2000-02-01,29.75,30.125,29.5,29.6875,13.973834037780762,618400
NWL,2000-02-02,29.6875,30.6875,29.6875,30.5625,14.385689735412598,863800
NWL,2000-02-03,31.375,31.875,27.0,27.5,12.94417953491211,3486000
NWL,2000-02-04,23.0,23.6875,21.0,23.5,11.061392784118652,14708000
NWL,2000-02-07,24.5,26.25,24.375,25.9375,12.208717346191406,6683000
NWL,2000-02-08,25.875,28.625,25.875,28.5,13.414875984191896,3148700
NWL,2000-02-09,27.0,27.9375,26.0625,26.125,12.29697036743164,3034800
NWL,2000-02-10,26.9375,26.9375,26.3125,26.4375,12.44406032562256,2317100
NWL,2000-02-11,26.3125,26.75,26.25,26.5,12.47347927093506,2473600
NWL,2000-02-14,26.5,27.8125,26.5,27.5,12.94417953491211,2504600
NWL,2000-02-15,27.25,28.1875,26.875,27.6875,13.032435417175291,2349400
NWL,2000-02-16,27.4375,27.9375,27.25,27.625,13.102391242980955,2049100
NWL,2000-02-17,27.375,27.8125,26.1875,26.1875,12.420599937438965,1812900
NWL,2000-02-18,26.0625,26.0625,24.0625,24.6875,11.709153175354004,2355900
NWL,2000-02-22,24.5,25.5,24.4375,25.1875,11.94629955291748,951800
NWL,2000-02-23,25.125,25.75,24.375,24.375,11.56093692779541,1029700
NWL,2000-02-24,24.0,24.875,23.4375,23.8125,11.294142723083496,1653800
NWL,2000-02-25,24.375,25.0,23.3125,23.5,11.145931243896484,1751600
NWL,2000-02-28,23.5,25.0625,23.5,24.375,11.56093692779541,1128800
NWL,2000-02-29,24.375,24.75,23.125,23.25,11.02735710144043,1225900
NWL,2000-03-01,23.125,24.0,22.6875,23.6875,11.234855651855469,2068500
NWL,2000-03-02,24.375,24.375,23.0625,23.8125,11.294142723083496,1070000
NWL,2000-03-03,23.5,24.4375,23.375,24.1875,11.472003936767578,789900
NWL,2000-03-06,24.4375,24.6875,23.0,23.125,10.968067169189451,1154600
NWL,2000-03-07,23.0625,23.0625,22.375,22.4375,10.641983032226562,1911200
NWL,2000-03-08,22.4375,23.25,22.3125,23.0625,10.938420295715332,1225000
NWL,2000-03-09,22.75,23.0625,22.0625,22.6875,10.7605619430542,1041700
NWL,2000-03-10,22.1875,22.4375,21.125,21.5,10.197336196899414,1619300
NWL,2000-03-13,21.5,22.3125,21.3125,22.0625,10.46412754058838,1402500
NWL,2000-03-14,21.9375,21.9375,21.1875,21.625,10.256625175476074,1183600
NWL,2000-03-15,21.25,23.6875,21.25,23.0625,10.938420295715332,1722400
NWL,2000-03-16,23.25,25.0625,23.1875,24.5,11.620224952697754,1305700
NWL,2000-03-17,25.0625,25.1875,24.5625,24.75,11.738795280456545,1548600
NWL,2000-03-20,24.75,24.9375,24.0,24.375,11.56093692779541,738600
NWL,2000-03-21,24.5,25.5,24.4375,25.1875,11.94629955291748,874000
NWL,2000-03-22,25.1875,25.3125,24.75,24.875,11.798080444335938,872700
NWL,2000-03-23,25.0,25.0,24.375,24.875,11.798080444335938,706800
NWL,2000-03-24,24.625,25.25,24.0,24.125,11.442358016967772,666900
NWL,2000-03-27,24.75,24.8125,23.9375,24.1875,11.472003936767578,573200
NWL,2000-03-28,24.125,24.4375,23.8125,23.8125,11.294142723083496,1029300
NWL,2000-03-29,23.875,24.4375,23.5625,24.375,11.56093692779541,1421800
NWL,2000-03-30,24.4375,24.4375,23.625,23.8125,11.294142723083496,1165700
NWL,2000-03-31,24.0,25.4375,23.875,24.8125,11.768437385559082,1168200
NWL,2000-04-03,25.25,25.9375,25.0,25.5625,12.124156951904297,1092700
NWL,2000-04-04,26.75,28.0,26.0,26.875,12.74667263031006,1669200
NWL,2000-04-05,26.875,27.25,26.625,26.6875,12.657742500305176,821400
NWL,2000-04-06,26.6875,27.5,26.4375,26.5,12.568807601928713,1112900
NWL,2000-04-07,26.5,26.6875,25.75,26.0625,12.361302375793455,870600
NWL,2000-04-10,26.25,26.4375,26.0,26.125,12.390954971313477,684900
NWL,2000-04-11,26.1875,26.4375,26.125,26.3125,12.479877471923828,867600
NWL,2000-04-12,27.0,27.25,26.5,27.0,12.805957794189451,1589100
NWL,2000-04-13,26.75,27.25,26.3125,27.25,12.924532890319824,865600
NWL,2000-04-14,26.625,26.625,24.75,25.25,11.975940704345703,1115300
NWL,2000-04-17,25.125,27.25,24.8125,27.25,12.924532890319824,1076100
NWL,2000-04-18,26.75,26.75,25.75,25.75,12.213088035583496,1492900
NWL,2000-04-19,26.375,26.375,25.5,25.75,12.213088035583496,1017400
NWL,2000-04-20,26.0,26.5625,26.0,26.25,12.450238227844238,1006000
NWL,2000-04-24,26.125,26.75,26.125,26.4375,12.539164543151855,777100
NWL,2000-04-25,26.4375,26.8125,26.3125,26.625,12.628101348876951,987100
NWL,2000-04-26,26.6875,26.75,26.25,26.4375,12.539164543151855,795600
NWL,2000-04-27,26.4375,26.4375,25.6875,26.0625,12.361302375793455,831600
NWL,2000-04-28,25.75,25.9375,25.0,25.1875,11.94629955291748,1271400
NWL,2000-05-01,25.0,25.3125,24.8125,25.0,11.85737133026123,975900
NWL,2000-05-02,25.1875,25.1875,24.25,24.6875,11.709153175354004,1036000
NWL,2000-05-03,25.0,26.625,24.875,26.125,12.390954971313477,2130800
NWL,2000-05-04,25.75,26.0625,25.0,25.125,11.91665267944336,1060300
NWL,2000-05-05,25.625,26.875,25.5,26.0,12.331660270690918,898300
NWL,2000-05-08,26.0625,27.5,25.75,27.5,13.04310703277588,1078500
NWL,2000-05-09,27.0,27.875,26.3125,26.6875,12.657742500305176,971300
NWL,2000-05-10,26.8125,27.125,26.3125,26.9375,12.77631664276123,712000
NWL,2000-05-11,27.125,28.5,27.0,27.3125,12.954172134399414,1244000
NWL,2000-05-12,27.3125,27.5,26.5,26.9375,12.77631664276123,1196000
NWL,2000-05-15,26.875,27.625,26.75,27.25,12.924532890319824,637300
NWL,2000-05-16,27.375,27.875,27.25,27.4375,13.013465881347656,665800
NWL,2000-05-17,27.5,27.875,27.4375,27.5625,13.072752952575684,620700
NWL,2000-05-18,27.25,27.3125,26.625,27.0,12.904274940490724,846800
NWL,2000-05-19,26.5,26.625,25.1875,25.625,12.247116088867188,1332200
NWL,2000-05-22,25.75,26.25,25.1875,25.5,12.187371253967283,551900
NWL,2000-05-23,25.1875,26.125,25.0625,25.75,12.306855201721191,433600
NWL,2000-05-24,25.5,26.5,25.5,26.375,12.60556697845459,582200
NWL,2000-05-25,26.375,26.625,24.8125,25.125,12.008143424987791,838000
NWL,2000-05-26,25.25,25.625,25.1875,25.5,12.187371253967283,358500
NWL,2000-05-30,25.75,26.375,25.5625,26.1875,12.51595687866211,562200
NWL,2000-05-31,26.0,26.625,26.0,26.25,12.545825004577637,775600
NWL,2000-06-01,26.25,27.1875,26.0,26.75,12.784793853759766,1143500
NWL,2000-06-02,26.75,27.375,26.4375,26.9375,12.87440586090088,1289600
NWL,2000-06-05,26.9375,27.3125,26.625,26.6875,12.754924774169922,558500
NWL,2000-06-06,26.625,26.8125,26.5,26.8125,12.81466293334961,393400
NWL,2000-06-07,26.9375,26.9375,26.5,26.5,12.665306091308594,413900
NWL,2000-06-08,26.5625,26.5625,25.875,26.0625,12.456205368041992,1257200
NWL,2000-06-09,26.3125,26.625,25.875,26.0,12.42633819580078,822500
NWL,2000-06-12,25.9375,26.375,25.5,25.5625,12.217239379882812,813600
NWL,2000-06-13,25.625,26.125,25.625,25.8125,12.336731910705566,672400
NWL,2000-06-14,26.0625,26.1875,25.6875,25.75,12.306855201721191,568800
NWL,2000-06-15,25.75,26.125,24.9375,24.9375,11.91853141784668,1339200
NWL,2000-06-16,24.5625,24.875,23.75,24.25,11.589951515197754,2708400
NWL,2000-06-19,24.4375,24.75,24.125,24.125,11.530207633972168,1172700
NWL,2000-06-20,24.25,24.25,23.875,23.875,11.410725593566896,1120100
NWL,2000-06-21,24.0625,24.125,23.75,23.8125,11.380851745605469,2130200
NWL,2000-06-22,23.875,24.1875,23.8125,24.0,11.470463752746582,788400
NWL,2000-06-23,24.0,24.0625,23.8125,23.8125,11.380851745605469,761900
NWL,2000-06-26,24.0,24.875,24.0,24.375,11.649696350097656,1040700
NWL,2000-06-27,24.125,25.75,24.125,25.625,12.247116088867188,1157100
NWL,2000-06-28,25.4375,26.1875,25.0625,25.265625,12.075356483459473,928100
NWL,2000-06-29,25.375,26.5625,25.1875,25.8125,12.336731910705566,1003900
NWL,2000-06-30,26.0,26.3125,25.734375,25.75,12.306855201721191,1475200
NWL,2000-07-03,25.9375,26.4375,25.75,26.0625,12.456205368041992,382700
NWL,2000-07-05,26.3125,26.625,26.25,26.25,12.545825004577637,501800
NWL,2000-07-06,26.5,26.6875,26.1875,26.5625,12.695183753967283,509600
NWL,2000-07-07,26.3125,26.625,25.75,26.3125,12.575692176818848,1261200
NWL,2000-07-10,26.25,26.5,26.1875,26.5,12.665306091308594,853500
NWL,2000-07-11,26.25,26.625,25.9375,26.25,12.545825004577637,968000
NWL,2000-07-12,26.0,26.5,26.0,26.5,12.665306091308594,1174300
NWL,2000-07-13,26.3125,26.6875,26.25,26.5,12.665306091308594,911300
NWL,2000-07-14,26.625,27.8125,26.5,27.6875,13.232857704162598,892300
NWL,2000-07-17,27.5,27.5,27.0,27.21875,13.00882625579834,736200
NWL,2000-07-18,27.25,27.75,27.1875,27.6875,13.232857704162598,834500
NWL,2000-07-19,27.5625,28.0,27.3125,28.0,13.38221263885498,1667000
NWL,2000-07-20,28.25,28.4375,28.0,28.125,13.44195556640625,1102900
NWL,2000-07-21,28.0,28.1875,27.8125,28.0,13.38221263885498,796600
NWL,2000-07-24,27.75,28.3125,27.75,28.3125,13.531567573547363,1135000
NWL,2000-07-25,28.3125,28.4375,28.0625,28.4375,13.591307640075684,631400
NWL,2000-07-26,28.4375,28.9375,28.3125,28.5,13.621179580688477,860300
NWL,2000-07-27,28.5,29.0625,27.3125,27.4375,13.113377571105955,1790800
NWL,2000-07-28,27.5,28.0,26.8125,27.0,12.904274940490724,1082400
NWL,2000-07-31,27.0,27.25,26.9375,26.9375,12.87440586090088,2788900
NWL,2000-08-01,26.875,27.125,26.8125,27.0625,12.93415069580078,1079800
NWL,2000-08-02,27.0,27.0,26.0625,26.3125,12.575692176818848,805200
NWL,2000-08-03,26.5,26.8125,25.8125,26.0,12.42633819580078,673600
NWL,2000-08-04,26.5625,26.75,25.875,26.1875,12.51595687866211,1065800
NWL,2000-08-07,26.0625,26.5625,25.6875,26.0,12.42633819580078,972000
NWL,2000-08-08,26.125,26.1875,25.8125,26.0625,12.456205368041992,866700
NWL,2000-08-09,26.625,26.625,25.625,25.875,12.366596221923828,1523900
NWL,2000-08-10,26.125,26.4375,25.625,25.875,12.366596221923828,1110300
NWL,2000-08-11,25.875,26.125,25.75,25.9375,12.396470069885254,1273800
NWL,2000-08-14,25.9375,26.0,25.8125,25.9375,12.396470069885254,1055400
NWL,2000-08-15,25.9375,26.1875,25.875,25.9375,12.396470069885254,1532700
NWL,2000-08-16,24.75,25.75,24.75,25.75,12.306855201721191,885600
NWL,2000-08-17,25.875,25.875,25.5,25.75,12.40804672241211,635300
NWL,2000-08-18,25.9375,26.0625,25.625,25.9375,12.498398780822754,931200
NWL,2000-08-21,26.0625,26.0625,25.5,25.5,12.28758144378662,253800
NWL,2000-08-22,25.5625,26.1875,25.5,26.0,12.528512954711914,758300
NWL,2000-08-23,25.875,26.25,25.625,25.8125,12.4381685256958,868700
NWL,2000-08-24,25.75,26.25,25.5,26.0,12.528512954711914,970400
NWL,2000-08-25,25.8125,25.875,24.9375,25.625,12.347814559936523,505200
NWL,2000-08-28,25.5,25.75,24.625,24.875,11.986416816711426,719800
NWL,2000-08-29,24.8125,26.0625,24.625,25.8125,12.4381685256958,1402800
NWL,2000-08-30,25.875,26.0625,25.625,26.0625,12.55862808227539,1041800
NWL,2000-08-31,25.875,26.5,25.8125,25.953125,12.505931854248049,5061700
NWL,2000-09-01,25.8125,26.0,25.6875,25.9375,12.498398780822754,1719900
NWL,2000-09-05,25.8125,26.6875,25.8125,26.6875,12.8597993850708,1148300
NWL,2000-09-06,26.5,26.5,25.3125,25.4375,12.257464408874512,1814400
NWL,2000-09-07,25.5,26.0625,25.375,26.0,12.528512954711914,627100
NWL,2000-09-08,26.125,26.25,25.75,26.0,12.528512954711914,1258400
NWL,2000-09-11,26.0,26.125,25.75,25.9375,12.498398780822754,860500
NWL,2000-09-12,26.0,26.0,25.5,25.625,12.347814559936523,603200
NWL,2000-09-13,25.5,25.875,25.25,25.375,12.227337837219238,591900
NWL,2000-09-14,25.375,25.375,24.25,24.625,11.86594581604004,1301600
NWL,2000-09-15,24.375,25.0625,24.375,25.0,12.046648979187012,1576100
NWL,2000-09-18,24.875,25.0,24.0,24.5,11.805716514587402,909600
NWL,2000-09-19,24.375,24.625,23.8125,24.1875,11.655132293701172,377400
NWL,2000-09-20,24.4375,24.4375,22.75,23.0625,11.113033294677734,1478600
NWL,2000-09-21,23.75,24.0,21.375,21.9375,10.570938110351562,3462900
NWL,2000-09-22,21.9375,22.8125,21.875,22.75,10.962450981140137,2994500
NWL,2000-09-25,23.25,23.5625,22.0625,22.6875,10.932333946228027,1400800
NWL,2000-09-26,22.625,22.875,21.9375,22.4375,10.811861991882324,1284500
NWL,2000-09-27,22.25,22.375,21.6875,21.9375,10.570938110351562,629000
NWL,2000-09-28,21.6875,22.625,21.6875,22.3125,10.751629829406738,794800
NWL,2000-09-29,22.25,22.8125,21.75,22.8125,10.992568016052246,699100
NWL,2000-10-02,22.8125,22.8125,22.0625,22.4375,10.811861991882324,1721100
NWL,2000-10-03,22.375,22.625,22.25,22.4375,10.811861991882324,607400
NWL,2000-10-04,22.3125,22.625,22.125,22.25,10.721515655517578,985400
NWL,2000-10-05,22.25,22.6875,22.1875,22.5,10.841980934143066,1084900
NWL,2000-10-06,22.625,23.0625,22.375,22.5,10.841980934143066,870400
NWL,2000-10-09,22.5,23.0,22.5,22.75,10.962450981140137,867700
NWL,2000-10-10,22.8125,22.9375,22.6875,22.75,10.962450981140137,883600
NWL,2000-10-11,22.8125,22.9375,22.5,22.75,10.962450981140137,1948700
NWL,2000-10-12,22.75,22.75,22.3125,22.5625,10.872098922729492,1530700
NWL,2000-10-13,22.5625,23.0625,22.5625,22.8125,10.992568016052246,638300
NWL,2000-10-16,22.8125,23.25,22.6875,22.875,11.022683143615724,760300
NWL,2000-10-17,23.0625,23.0625,22.5,22.6875,10.932333946228027,592900
NWL,2000-10-18,22.6875,22.875,22.5,22.625,10.902217864990234,1110100
NWL,2000-10-19,22.4375,22.625,22.25,22.4375,10.811861991882324,1626800
NWL,2000-10-20,22.4375,22.4375,22.3125,22.3125,10.751629829406738,1414400
NWL,2000-10-23,22.4375,22.5625,22.0,22.0625,10.631166458129885,1615100
NWL,2000-10-24,22.125,23.4375,18.75,19.25,9.275917053222656,5400900
NWL,2000-10-25,19.0,19.375,18.875,19.0,9.155450820922852,3541700
NWL,2000-10-26,18.9375,19.0,18.25,18.6875,9.004868507385254,3332000
NWL,2000-10-27,18.9375,18.9375,18.625,18.9375,9.125337600708008,3206800
NWL,2000-10-30,18.9375,19.1875,18.8125,19.0625,9.18556785583496,3125300
NWL,2000-10-31,18.9375,19.25,18.5,19.1875,9.245802879333496,1813700
NWL,2000-11-01,18.5,19.1875,18.5,19.125,9.21568489074707,2917700
NWL,2000-11-02,19.0,19.6875,18.875,19.4375,9.366268157958984,1004700
NWL,2000-11-03,19.25,19.4375,19.0,19.375,9.336152076721191,870000
NWL,2000-11-06,19.0,19.9375,18.8125,19.75,9.516852378845217,1458600
NWL,2000-11-07,19.625,19.9375,19.125,19.5625,9.426506996154783,917600
NWL,2000-11-08,19.625,19.875,19.5,19.8125,9.546968460083008,845100
NWL,2000-11-09,19.875,20.0625,19.75,20.0,9.63731575012207,1123100
NWL,2000-11-10,19.875,20.0625,19.625,19.75,9.516852378845217,823200
NWL,2000-11-13,19.75,19.875,19.5,19.8125,9.546968460083008,828200
NWL,2000-11-14,20.0,20.0625,19.5625,19.6875,9.486735343933104,1261900
NWL,2000-11-15,19.6875,19.875,19.46875,19.75,9.516852378845217,1027800
NWL,2000-11-16,19.8125,20.0,19.625,19.625,9.456618309020996,1311200
NWL,2000-11-17,19.75,19.875,19.5,19.875,9.68067455291748,1044600
NWL,2000-11-20,20.0625,20.0625,19.5,19.5,9.498023986816406,1392900
NWL,2000-11-21,19.5,19.6875,19.25,19.375,9.437137603759766,1018600
NWL,2000-11-22,19.5,19.5625,19.0,19.125,9.315363883972168,1109700
NWL,2000-11-24,19.125,19.25,19.0625,19.25,9.376250267028809,226200
NWL,2000-11-27,19.25,19.6875,19.25,19.5,9.498023986816406,818600
NWL,2000-11-28,19.375,19.625,19.0,19.375,9.437137603759766,1073000
NWL,2000-11-29,19.25,19.625,19.25,19.5625,9.528465270996094,540900
NWL,2000-11-30,19.4375,19.625,19.3125,19.4375,9.467577934265137,837900
NWL,2000-12-01,19.5,19.5625,19.3125,19.5,9.498023986816406,534500
NWL,2000-12-04,19.5,19.9375,19.5,19.75,9.619790077209473,1891800
NWL,2000-12-05,19.875,20.9375,19.75,20.4375,9.954660415649414,1929000
NWL,2000-12-06,20.0,20.5,20.0,20.25,9.863327980041504,1382600
NWL,2000-12-07,20.125,20.375,20.125,20.25,9.863327980041504,915800
NWL,2000-12-08,20.25,20.4375,20.25,20.375,9.92421054840088,881400
NWL,2000-12-11,20.375,20.8125,20.375,20.6875,10.07642650604248,1483300
NWL,2000-12-12,20.75,21.5,20.75,21.5,10.47217845916748,2103700
NWL,2000-12-13,21.5,21.8125,21.4375,21.625,10.533061027526855,1304200
NWL,2000-12-14,21.625,22.4375,21.625,22.3125,10.867923736572266,1967500
NWL,2000-12-15,22.3125,22.375,21.125,21.25,10.350407600402832,2472000
NWL,2000-12-18,21.5,21.9375,21.25,21.375,10.41129207611084,969100
NWL,2000-12-19,21.3125,21.625,21.25,21.5625,10.502622604370115,1538700
NWL,2000-12-20,21.5625,21.6875,21.4375,21.5625,10.502622604370115,993800
NWL,2000-12-21,21.5625,21.75,21.5,21.6875,10.563512802124023,828100
NWL,2000-12-22,21.5625,21.75,21.3125,21.6875,10.563512802124023,2371600
NWL,2000-12-26,21.6875,21.9375,21.4375,21.625,10.533061027526855,1552800
NWL,2000-12-27,21.6875,21.9375,21.5625,21.875,10.65483570098877,1505900
NWL,2000-12-28,21.875,22.875,21.625,22.8125,11.111469268798828,870700
NWL,2000-12-29,22.875,23.1875,22.75,22.75,11.081022262573242,983700
NWL,2001-01-02,22.8125,23.5,22.6875,23.375,11.385449409484863,993800
NWL,2001-01-03,23.4375,23.9375,23.375,23.75,11.568100929260254,1480200
NWL,2001-01-04,23.875,24.25,23.625,24.0625,11.720314979553224,2029700
NWL,2001-01-05,24.0,24.25,23.75,23.875,11.628985404968262,1302500
NWL,2001-01-08,24.75,25.125,24.375,25.0,12.176947593688965,2111200
NWL,2001-01-09,25.0625,25.6875,25.0,25.6875,12.51181411743164,2026700
NWL,2001-01-10,25.625,25.9375,25.25,25.8125,12.572697639465332,1429700
NWL,2001-01-11,25.8125,26.75,25.75,26.0625,12.694467544555664,1392700
NWL,2001-01-12,26.125,26.5,25.9375,26.375,12.84667682647705,727500
NWL,2001-01-16,26.25,26.5,26.1875,26.375,12.84667682647705,1076400
NWL,2001-01-17,26.4375,26.8125,26.4375,26.5,12.907563209533691,1125000
NWL,2001-01-18,26.5625,27.25,26.5,27.0,13.151103973388672,1215000
NWL,2001-01-19,27.125,27.25,26.9375,27.125,13.21198844909668,1129200
NWL,2001-01-22,27.0625,27.125,26.0,26.5625,12.938013076782228,952300
NWL,2001-01-23,26.5,26.9375,26.5,26.75,13.029338836669922,628400
NWL,2001-01-24,26.5,26.6875,26.1875,26.5,12.907563209533691,1529100
NWL,2001-01-25,26.6875,27.3125,26.4375,27.0625,13.181546211242676,1544500
NWL,2001-01-26,27.3125,27.3125,26.875,27.0625,13.181546211242676,929400
NWL,2001-01-29,26.850000381469727,26.89999961853028,26.63999938964844,26.709999084472656,13.009851455688477,813200
NWL,2001-01-30,26.799999237060547,27.25,26.76000022888184,27.100000381469727,13.199810981750488,750500
NWL,2001-01-31,27.100000381469727,27.299999237060547,26.89999961853028,27.200000762939453,13.248522758483888,784000
NWL,2001-02-01,27.299999237060547,28.600000381469727,27.200000762939453,28.600000381469727,13.930427551269531,1082900
NWL,2001-02-02,28.39999961853028,28.40999984741211,27.75,27.959999084472656,13.618703842163086,783100
NWL,2001-02-05,28.0,28.350000381469727,27.700000762939453,27.8799991607666,13.579734802246094,687400
NWL,2001-02-06,27.6299991607666,28.09000015258789,27.61000061035156,27.8799991607666,13.579734802246094,1386600
NWL,2001-02-07,27.950000762939453,27.950000762939453,27.420000076293945,27.729999542236328,13.506668090820312,1099900
NWL,2001-02-08,27.89999961853028,28.21999931335449,27.75,28.06999969482422,13.672284126281738,738000
NWL,2001-02-09,27.75,27.920000076293945,27.049999237060547,27.36000061035156,13.326449394226074,548700
NWL,2001-02-12,26.049999237060547,27.0,25.8799991607666,26.89999961853028,13.10240077972412,1638400
NWL,2001-02-13,26.89999961853028,26.89999961853028,26.3700008392334,26.450000762939453,12.88321590423584,1376600
NWL,2001-02-14,26.5,27.459999084472656,26.5,26.770000457763672,13.03907871246338,1575900
NWL,2001-02-15,26.31999969482422,26.950000762939453,26.0,26.5,13.009620666503906,1720500
NWL,2001-02-16,26.739999771118164,26.799999237060547,25.799999237060547,26.1200008392334,12.82306671142578,1211700
NWL,2001-02-20,25.8799991607666,26.5,25.8700008392334,26.3799991607666,12.95071029663086,723300
NWL,2001-02-21,26.3799991607666,26.729999542236328,25.75,25.76000022888184,12.646333694458008,885000
NWL,2001-02-22,25.700000762939453,25.850000381469727,25.270000457763672,25.479999542236328,12.508870124816896,824400
NWL,2001-02-23,25.549999237060547,25.75,25.1200008392334,25.21999931335449,12.381231307983398,859300
NWL,2001-02-26,25.450000762939453,25.670000076293945,25.299999237060547,25.63999938964844,12.587417602539062,571500
NWL,2001-02-27,25.43000030517578,27.049999237060547,25.43000030517578,25.809999465942383,12.67088508605957,1200800
NWL,2001-02-28,26.059999465942383,26.64999961853028,25.89999961853028,26.309999465942383,12.916345596313477,424400
NWL,2001-03-01,26.200000762939453,26.540000915527344,25.8799991607666,26.40999984741211,12.965438842773438,1755400
NWL,2001-03-02,26.25,27.09000015258789,26.25,26.520000457763672,13.019439697265623,884400
NWL,2001-03-05,26.600000381469727,27.5,26.530000686645508,27.350000381469727,13.426913261413574,922800
NWL,2001-03-06,27.89999961853028,27.89999961853028,27.559999465942383,27.700000762939453,13.598736763000488,968200
NWL,2001-03-07,27.89999961853028,28.940000534057617,27.84000015258789,28.700000762939453,14.08966827392578,1181600
NWL,2001-03-08,28.700000762939453,29.5,28.489999771118164,29.209999084472656,14.340041160583496,725400
NWL,2001-03-09,29.0,29.39999961853028,28.950000762939453,29.15999984741211,14.315491676330566,753800
NWL,2001-03-12,29.15999984741211,29.25,28.39999961853028,28.600000381469727,14.040571212768556,1125500
NWL,2001-03-13,28.5,28.64999961853028,28.09000015258789,28.56999969482422,14.025846481323242,1309200
NWL,2001-03-14,27.75,28.299999237060547,27.530000686645508,27.979999542236328,13.736190795898438,604100
NWL,2001-03-15,27.850000381469727,27.920000076293945,27.450000762939453,27.920000076293945,13.706743240356444,622100
NWL,2001-03-16,27.39999961853028,27.75,27.32999992370605,27.43000030517578,13.466184616088867,1044400
NWL,2001-03-19,27.700000762939453,28.0,27.09000015258789,27.799999237060547,13.647830963134766,624500
NWL,2001-03-20,28.0,28.559999465942383,27.799999237060547,28.32999992370605,13.908020973205566,817000
NWL,2001-03-21,28.32999992370605,28.450000762939453,27.14999961853028,27.36000061035156,13.431819915771484,1290700
NWL,2001-03-22,27.11000061035156,27.14999961853028,26.01000022888184,26.729999542236328,13.122536659240724,1140200
NWL,2001-03-23,26.549999237060547,27.5,25.89999961853028,26.989999771118164,13.250182151794434,1146400
NWL,2001-03-26,26.89999961853028,27.25,26.700000762939453,27.06999969482422,13.289453506469728,668100
NWL,2001-03-27,26.25,26.799999237060547,25.600000381469727,26.350000381469727,12.935982704162598,2379400
NWL,2001-03-28,26.0,26.39999961853028,25.489999771118164,25.8700008392334,12.700339317321776,1385700
NWL,2001-03-29,26.100000381469727,26.43000030517578,25.479999542236328,26.170000076293945,12.847616195678713,788900
NWL,2001-03-30,26.170000076293945,26.799999237060547,25.790000915527344,26.5,13.009620666503906,726400
NWL,2001-04-02,26.51000022888184,27.600000381469727,26.51000022888184,27.11000061035156,13.309087753295898,846500
NWL,2001-04-03,27.11000061035156,27.11000061035156,26.11000061035156,26.25,12.886883735656738,945800
NWL,2001-04-04,26.25,26.31999969482422,25.799999237060547,26.0,12.764155387878418,798500
NWL,2001-04-05,26.450000762939453,26.46999931335449,25.040000915527344,26.030000686645508,12.778886795043944,2013300
NWL,2001-04-06,26.270000457763672,26.270000457763672,25.31999969482422,25.51000022888184,12.523599624633787,1194400
NWL,2001-04-09,26.0,26.049999237060547,25.549999237060547,25.799999237060547,12.665969848632812,587400
NWL,2001-04-10,26.14999961853028,26.229999542236328,25.450000762939453,25.81999969482422,12.675790786743164,1162800
NWL,2001-04-11,25.75,26.049999237060547,25.25,25.309999465942383,12.42541790008545,512900
NWL,2001-04-12,25.450000762939453,25.8700008392334,25.100000381469727,25.280000686645508,12.410688400268556,688900
NWL,2001-04-16,25.75,26.209999084472656,25.559999465942383,25.76000022888184,12.646333694458008,573600
NWL,2001-04-17,25.76000022888184,26.229999542236328,25.600000381469727,25.940000534057617,12.734702110290527,558700
NWL,2001-04-18,25.940000534057617,27.09000015258789,25.540000915527344,26.81999969482422,13.16672134399414,764300
NWL,2001-04-19,27.0,27.0,26.309999465942383,26.700000762939453,13.107803344726562,494400
NWL,2001-04-20,26.64999961853028,26.850000381469727,25.89999961853028,25.989999771118164,12.759244918823242,682700
NWL,2001-04-23,26.21999931335449,26.21999931335449,25.700000762939453,25.93000030517578,12.729791641235352,424400
NWL,2001-04-24,25.93000030517578,26.200000762939453,25.290000915527344,25.790000915527344,12.661067008972168,687400
NWL,2001-04-25,25.790000915527344,26.479999542236328,25.600000381469727,26.32999992370605,12.926162719726562,320500
NWL,2001-04-26,26.32999992370605,26.850000381469727,25.989999771118164,26.40999984741211,12.965438842773438,564100
NWL,2001-04-27,26.420000076293945,27.0,26.350000381469727,26.90999984741211,13.210902214050291,306100
NWL,2001-04-30,26.90999984741211,27.540000915527344,26.76000022888184,26.959999084472656,13.235448837280272,441000
NWL,2001-05-01,27.200000762939453,27.43000030517578,26.89999961853028,27.309999465942383,13.407278060913086,413100
NWL,2001-05-02,27.14999961853028,27.489999771118164,26.86000061035156,27.34000015258789,13.422006607055664,460700
NWL,2001-05-03,26.0,26.38999938964844,25.549999237060547,25.850000381469727,12.690521240234377,2932700
NWL,2001-05-04,25.549999237060547,25.549999237060547,24.600000381469727,24.790000915527344,12.17013454437256,2213800
NWL,2001-05-07,24.75,25.07999992370605,24.3700008392334,24.670000076293945,12.111218452453612,1231000
NWL,2001-05-08,24.56999969482422,24.57999992370605,23.5,24.299999237060547,11.929580688476562,1254700
NWL,2001-05-09,23.850000381469727,24.239999771118164,23.75,24.0,11.782303810119627,1385900
NWL,2001-05-10,23.799999237060547,24.489999771118164,23.75,24.290000915527344,11.924668312072754,926900
NWL,2001-05-11,24.299999237060547,24.5,24.14999961853028,24.34000015258789,11.949214935302734,633100
NWL,2001-05-14,24.200000762939453,24.5,24.059999465942383,24.39999961853028,11.97866916656494,407300
NWL,2001-05-15,24.39999961853028,24.700000762939453,24.15999984741211,24.309999465942383,11.934488296508787,765600
NWL,2001-05-16,24.309999465942383,26.3799991607666,24.309999465942383,26.299999237060547,12.911439895629885,1950000
NWL,2001-05-17,25.8799991607666,26.07999992370605,25.489999771118164,25.700000762939453,12.718432426452637,2069300
NWL,2001-05-18,25.5,25.68000030517578,24.89999961853028,25.1200008392334,12.431400299072266,1382200
NWL,2001-05-21,25.1200008392334,25.1200008392334,24.51000022888184,25.01000022888184,12.376970291137695,1546000
NWL,2001-05-22,25.049999237060547,25.59000015258789,24.89999961853028,25.1299991607666,12.43635082244873,952100
NWL,2001-05-23,25.13999938964844,25.3700008392334,25.059999465942383,25.299999237060547,12.520480155944824,1173500
NWL,2001-05-24,25.25,25.51000022888184,25.21999931335449,25.26000022888184,12.500694274902344,774400
NWL,2001-05-25,25.14999961853028,25.190000534057617,24.350000381469727,24.809999465942383,12.27798843383789,882600
NWL,2001-05-29,24.799999237060547,25.89999961853028,24.25,25.40999984741211,12.574918746948242,1194000
NWL,2001-05-30,25.450000762939453,25.90999984741211,25.450000762939453,25.5,12.61945629119873,809100
NWL,2001-05-31,25.5,25.71999931335449,25.040000915527344,25.270000457763672,12.505632400512695,859500
NWL,2001-06-01,25.0,25.82999992370605,24.89999961853028,25.64999961853028,12.693684577941896,532600
NWL,2001-06-04,25.64999961853028,26.0,25.64999961853028,25.989999771118164,12.861950874328612,1074800
NWL,2001-06-05,25.989999771118164,26.239999771118164,25.920000076293945,26.229999542236328,12.980724334716797,1046300
NWL,2001-06-06,26.06999969482422,26.450000762939453,26.0,26.209999084472656,12.970820426940918,1651000
NWL,2001-06-07,26.280000686645508,26.5,26.25,26.489999771118164,13.109386444091797,875900
NWL,2001-06-08,26.540000915527344,26.59000015258789,26.299999237060547,26.440000534057617,13.084647178649902,509600
NWL,2001-06-11,26.5,26.5,26.100000381469727,26.18000030517578,12.955974578857422,430200
NWL,2001-06-12,26.25,26.46999931335449,26.049999237060547,26.299999237060547,13.015357971191406,372500
NWL,2001-06-13,26.299999237060547,26.450000762939453,26.06999969482422,26.229999542236328,12.980724334716797,874900
NWL,2001-06-14,26.100000381469727,26.229999542236328,25.799999237060547,25.920000076293945,12.827311515808104,843000
NWL,2001-06-15,25.75,25.75,25.100000381469727,25.100000381469727,12.421504974365234,1395800
NWL,2001-06-18,25.100000381469727,25.100000381469727,24.8700008392334,24.8799991607666,12.312631607055664,920600
NWL,2001-06-19,24.950000762939453,25.049999237060547,24.65999984741211,24.86000061035156,12.302735328674316,790900
NWL,2001-06-20,24.86000061035156,24.950000762939453,24.3700008392334,24.520000457763672,12.134474754333496,1477700
NWL,2001-06-21,24.520000457763672,24.75,24.049999237060547,24.709999084472656,12.228506088256836,1749500
NWL,2001-06-22,24.64999961853028,24.76000022888184,24.43000030517578,24.65999984741211,12.203760147094728,532600
NWL,2001-06-25,24.600000381469727,24.64999961853028,24.170000076293945,24.43000030517578,12.089936256408691,470300
NWL,2001-06-26,24.0,24.5,23.8700008392334,24.450000762939453,12.099830627441406,1512800
NWL,2001-06-27,24.21999931335449,24.440000534057617,23.8700008392334,24.06999969482422,11.911775588989258,993100
NWL,2001-06-28,24.200000762939453,24.84000015258789,24.100000381469727,24.76000022888184,12.25324249267578,1515200
NWL,2001-06-29,25.100000381469727,25.239999771118164,24.600000381469727,25.100000381469727,12.421504974365234,1191500
NWL,2001-07-02,25.100000381469727,25.200000762939453,24.89999961853028,25.100000381469727,12.421504974365234,3171500
NWL,2001-07-03,25.32999992370605,25.489999771118164,25.020000457763672,25.39999961853028,12.56996726989746,266100
NWL,2001-07-05,25.39999961853028,25.39999961853028,24.71999931335449,25.020000457763672,12.381912231445312,494900
NWL,2001-07-06,25.049999237060547,25.049999237060547,24.299999237060547,24.530000686645508,12.139423370361328,412500
NWL,2001-07-09,24.530000686645508,24.670000076293945,24.14999961853028,24.670000076293945,12.20870590209961,1424800
NWL,2001-07-10,24.700000762939453,24.700000762939453,24.1200008392334,24.3700008392334,12.060251235961914,299300
NWL,2001-07-11,22.0,23.07999992370605,21.6299991607666,22.700000762939453,11.23379611968994,3961000
NWL,2001-07-12,22.729999542236328,23.1299991607666,22.559999465942383,22.88999938964844,11.327821731567385,1512300
NWL,2001-07-13,22.850000381469727,22.950000762939453,22.63999938964844,22.799999237060547,11.283281326293944,1238100
NWL,2001-07-16,22.71999931335449,22.950000762939453,22.13999938964844,22.200000762939453,10.98635196685791,1229600
NWL,2001-07-17,22.39999961853028,22.540000915527344,22.100000381469727,22.39999961853028,11.085329055786133,1344800
NWL,2001-07-18,22.299999237060547,22.559999465942383,22.299999237060547,22.450000762939453,11.110071182250977,1001400
NWL,2001-07-19,22.450000762939453,22.850000381469727,22.0,22.31999969482422,11.045738220214844,794600
NWL,2001-07-20,22.34000015258789,22.63999938964844,22.299999237060547,22.57999992370605,11.174405097961426,837400
NWL,2001-07-23,22.520000457763672,22.700000762939453,22.15999984741211,22.51000022888184,11.139763832092283,522100
NWL,2001-07-24,22.350000381469727,22.549999237060547,22.059999465942383,22.280000686645508,11.025941848754885,718200
NWL,2001-07-25,22.07999992370605,22.600000381469727,22.020000457763672,22.239999771118164,11.006145477294922,1083900
NWL,2001-07-26,22.14999961853028,22.56999969482422,21.89999961853028,22.5,11.134815216064451,534000
NWL,2001-07-27,22.39999961853028,22.479999542236328,22.0,22.020000457763672,10.897273063659668,334300
NWL,2001-07-30,22.200000762939453,22.26000022888184,21.600000381469727,21.89999961853028,10.837884902954102,1772100
NWL,2001-07-31,22.13999938964844,22.200000762939453,21.61000061035156,21.68000030517578,10.729016304016112,739300
NWL,2001-08-01,21.950000762939453,22.64999961853028,21.64999961853028,22.549999237060547,11.159561157226562,1469200
NWL,2001-08-02,22.450000762939453,23.850000381469727,22.3700008392334,23.700000762939453,11.728671073913574,1695400
NWL,2001-08-03,23.57999992370605,23.64999961853028,22.780000686645508,23.020000457763672,11.392156600952148,562300
NWL,2001-08-06,23.25,23.34000015258789,22.89999961853028,23.06999969482422,11.41690158843994,616400
NWL,2001-08-07,23.100000381469727,23.32999992370605,23.01000022888184,23.18000030517578,11.471332550048828,743000
NWL,2001-08-08,23.18000030517578,23.5,23.18000030517578,23.3700008392334,11.565364837646484,756200
NWL,2001-08-09,23.3700008392334,23.700000762939453,23.3700008392334,23.51000022888184,11.63464641571045,684600
NWL,2001-08-10,23.59000015258789,23.75,23.25,23.670000076293945,11.713824272155762,1015500
NWL,2001-08-13,23.700000762939453,23.89999961853028,23.51000022888184,23.809999465942383,11.78310775756836,312300
NWL,2001-08-14,24.0,24.1299991607666,23.64999961853028,24.0,11.877134323120115,773400
NWL,2001-08-15,24.100000381469727,24.350000381469727,23.46999931335449,23.959999084472656,11.857340812683104,923100
NWL,2001-08-16,23.959999084472656,24.11000061035156,23.43000030517578,23.989999771118164,11.872186660766602,631700
NWL,2001-08-17,23.920000076293945,24.06999969482422,23.76000022888184,23.88999938964844,11.822697639465332,596400
NWL,2001-08-20,24.100000381469727,24.229999542236328,23.600000381469727,23.979999542236328,11.867242813110352,981600
NWL,2001-08-21,23.850000381469727,23.850000381469727,23.450000762939453,23.559999465942383,11.65938949584961,648300
NWL,2001-08-22,23.729999542236328,24.049999237060547,23.39999961853028,23.950000762939453,11.852395057678224,1170900
NWL,2001-08-23,23.799999237060547,24.0,23.450000762939453,23.84000015258789,11.902313232421877,628100
NWL,2001-08-24,23.75,24.25,23.600000381469727,23.82999992370605,11.89732837677002,475700
NWL,2001-08-27,23.8700008392334,24.299999237060547,23.809999465942383,24.059999465942383,12.012158393859863,390000
NWL,2001-08-28,24.0,24.0,23.75,23.88999938964844,11.92728042602539,663100
NWL,2001-08-29,23.89999961853028,24.049999237060547,23.299999237060547,23.36000061035156,11.662675857543944,772300
NWL,2001-08-30,23.479999542236328,23.65999984741211,23.170000076293945,23.229999542236328,11.597772598266602,493100
NWL,2001-08-31,23.15999984741211,23.15999984741211,22.770000457763672,22.89999961853028,11.43301773071289,961000
NWL,2001-09-04,23.06999969482422,23.239999771118164,22.88999938964844,22.88999938964844,11.428025245666504,1184800
NWL,2001-09-05,22.799999237060547,23.1200008392334,22.65999984741211,22.71999931335449,11.343146324157717,1308300
NWL,2001-09-06,22.76000022888184,23.39999961853028,22.440000534057617,23.229999542236328,11.597772598266602,1621900
NWL,2001-09-07,23.0,23.950000762939453,22.89999961853028,23.549999237060547,11.757532119750977,1536600
NWL,2001-09-10,23.64999961853028,23.799999237060547,23.39999961853028,23.489999771118164,11.727571487426758,1095300
NWL,2001-09-17,23.0,23.0,21.799999237060547,22.040000915527344,11.00365161895752,869000
NWL,2001-09-18,21.89999961853028,22.450000762939453,21.799999237060547,22.13999938964844,11.05357837677002,1290500
NWL,2001-09-19,22.350000381469727,22.39999961853028,21.040000915527344,21.770000457763672,10.868851661682127,899000
NWL,2001-09-20,21.850000381469727,22.25,21.75,21.989999771118164,10.978686332702637,2478600
NWL,2001-09-21,21.0,21.76000022888184,20.5,21.200000762939453,10.58427619934082,1914100
NWL,2001-09-24,21.200000762939453,21.739999771118164,21.14999961853028,21.600000381469727,10.78398323059082,1065300
NWL,2001-09-25,21.600000381469727,22.0,21.350000381469727,21.799999237060547,10.883832931518556,1414200
NWL,2001-09-26,21.75,22.25,21.21999931335449,22.049999237060547,11.008645057678224,2052200
NWL,2001-09-27,22.100000381469727,22.600000381469727,21.89999961853028,22.600000381469727,11.283235549926758,2058500
NWL,2001-09-28,22.600000381469727,22.71999931335449,22.38999938964844,22.709999084472656,11.338156700134276,1435400
NWL,2001-10-01,22.709999084472656,22.93000030517578,22.479999542236328,22.8700008392334,11.418038368225098,895000
NWL,2001-10-02,22.8700008392334,23.350000381469727,22.5,23.190000534057617,11.577800750732422,1178700
NWL,2001-10-03,23.190000534057617,23.850000381469727,23.0,23.850000381469727,11.90731143951416,1195300
NWL,2001-10-04,23.799999237060547,24.100000381469727,22.8700008392334,23.86000061035156,11.912304878234863,1063600
NWL,2001-10-05,23.86000061035156,24.11000061035156,23.450000762939453,24.11000061035156,12.037113189697266,490400
NWL,2001-10-08,24.11000061035156,24.25,23.450000762939453,23.57999992370605,11.77251148223877,280200
NWL,2001-10-09,23.5,23.709999084472656,23.0,23.68000030517578,11.822434425354004,490700
NWL,2001-10-10,23.5,24.64999961853028,23.280000686645508,24.59000015258789,12.27676486968994,748000
NWL,2001-10-11,24.59000015258789,25.299999237060547,24.59000015258789,24.799999237060547,12.381601333618164,1229900
NWL,2001-10-12,24.64999961853028,24.950000762939453,23.89999961853028,24.68000030517578,12.321690559387209,758100
NWL,2001-10-15,24.549999237060547,24.65999984741211,24.25,24.34000015258789,12.151947975158691,490900
NWL,2001-10-16,24.59000015258789,24.979999542236328,24.270000457763672,24.790000915527344,12.376612663269045,456300
NWL,2001-10-17,24.799999237060547,25.13999938964844,24.5,24.729999542236328,12.34665870666504,538800
NWL,2001-10-18,24.729999542236328,25.100000381469727,24.549999237060547,24.88999938964844,12.426536560058594,432600
NWL,2001-10-19,24.89999961853028,25.07999992370605,24.75,24.989999771118164,12.476465225219728,428600
NWL,2001-10-22,24.850000381469727,25.049999237060547,24.75,24.89999961853028,12.431530952453612,495700
NWL,2001-10-23,24.989999771118164,25.25,24.6299991607666,25.06999969482422,12.51640510559082,614200
NWL,2001-10-24,25.299999237060547,25.729999542236328,25.11000061035156,25.61000061035156,12.786002159118652,614100
NWL,2001-10-25,25.39999961853028,26.07999992370605,25.270000457763672,25.89999961853028,12.93078899383545,785600
NWL,2001-10-26,25.799999237060547,26.3700008392334,25.64999961853028,26.25,13.105527877807615,476500
NWL,2001-10-29,26.100000381469727,26.100000381469727,25.39999961853028,25.88999938964844,12.92579460144043,673500
NWL,2001-10-30,26.5,28.049999237060547,26.350000381469727,27.14999961853028,13.554862022399902,2042600
NWL,2001-10-31,27.15999984741211,27.799999237060547,26.850000381469727,27.63999938964844,13.799498558044434,1639800
NWL,2001-11-01,27.75,28.229999542236328,27.63999938964844,27.93000030517578,13.944283485412598,1497000
NWL,2001-11-02,27.950000762939453,27.950000762939453,27.06999969482422,27.209999084472656,13.584821701049805,1297700
NWL,2001-11-05,27.89999961853028,27.89999961853028,27.200000762939453,27.549999237060547,13.754569053649902,1633000
NWL,2001-11-06,27.549999237060547,27.61000061035156,27.26000022888184,27.450000762939453,13.704644203186035,1255300
NWL,2001-11-07,27.39999961853028,27.600000381469727,27.270000457763672,27.450000762939453,13.704644203186035,874600
NWL,2001-11-08,27.350000381469727,27.479999542236328,27.059999465942383,27.1299991607666,13.544875144958496,1054000
NWL,2001-11-09,27.0,27.100000381469727,26.75,26.799999237060547,13.380118370056152,890300
NWL,2001-11-12,26.75,26.8799991607666,26.350000381469727,26.850000381469727,13.405085563659668,725000
NWL,2001-11-13,26.950000762939453,26.979999542236328,26.700000762939453,26.8799991607666,13.420061111450195,840200
NWL,2001-11-14,26.63999938964844,26.989999771118164,26.63999938964844,26.84000015258789,13.505605697631836,1064400
NWL,2001-11-15,26.850000381469727,27.0,26.64999961853028,26.81999969482422,13.4955415725708,1327900
NWL,2001-11-16,26.81999969482422,26.950000762939453,26.600000381469727,26.950000762939453,13.560953140258787,898200
NWL,2001-11-19,26.950000762939453,27.32999992370605,26.799999237060547,27.049999237060547,13.61127471923828,743900
NWL,2001-11-20,27.01000022888184,27.01000022888184,26.700000762939453,26.76000022888184,13.465349197387695,814700
NWL,2001-11-21,26.549999237060547,26.670000076293945,26.280000686645508,26.549999237060547,13.359679222106934,531100
NWL,2001-11-23,26.6299991607666,26.63999938964844,26.290000915527344,26.56999969482422,13.369745254516602,311900
NWL,2001-11-26,26.600000381469727,26.6299991607666,26.200000762939453,26.270000457763672,13.218790054321287,758600
NWL,2001-11-27,26.020000457763672,26.239999771118164,25.89999961853028,26.030000686645508,13.098020553588867,760900
NWL,2001-11-28,26.100000381469727,26.15999984741211,25.75,25.780000686645508,12.972227096557615,488400
NWL,2001-11-29,25.64999961853028,25.950000762939453,24.600000381469727,25.75,12.957124710083008,1467500
NWL,2001-11-30,25.75,25.75,25.520000457763672,25.64999961853028,12.906804084777832,658700
NWL,2001-12-03,25.549999237060547,25.799999237060547,25.200000762939453,25.6299991607666,12.89674472808838,1461600
NWL,2001-12-04,25.5,26.1200008392334,25.420000076293945,26.1200008392334,13.143306732177734,3484500
NWL,2001-12-05,26.200000762939453,26.82999992370605,26.1299991607666,26.63999938964844,13.404970169067385,1755100
NWL,2001-12-06,26.75,27.100000381469727,26.3700008392334,26.739999771118164,13.45529079437256,1597100
NWL,2001-12-07,26.600000381469727,26.920000076293945,26.39999961853028,26.81999969482422,13.4955415725708,1187500
NWL,2001-12-10,26.81999969482422,27.34000015258789,26.75,27.13999938964844,13.6565580368042,1009900
NWL,2001-12-11,27.290000915527344,27.5,26.81999969482422,27.21999931335449,13.696820259094238,903800
NWL,2001-12-12,27.299999237060547,27.5,27.229999542236328,27.450000762939453,13.812556266784668,653000
NWL,2001-12-13,27.350000381469727,27.59000015258789,27.06999969482422,27.170000076293945,13.67165756225586,770700
NWL,2001-12-14,27.100000381469727,27.299999237060547,26.5,27.229999542236328,13.70185089111328,605800
NWL,2001-12-17,27.049999237060547,27.600000381469727,27.01000022888184,27.489999771118164,13.832676887512209,1026200
NWL,2001-12-18,27.479999542236328,27.63999938964844,27.239999771118164,27.5,13.837712287902832,1671600
NWL,2001-12-19,27.489999771118164,27.600000381469727,27.0,27.559999465942383,13.867901802062988,1368100
NWL,2001-12-20,27.5,27.8799991607666,27.459999084472656,27.799999237060547,13.988669395446776,1397800
NWL,2001-12-21,27.8799991607666,27.93000030517578,27.520000457763672,27.64999961853028,13.913188934326172,1741800
NWL,2001-12-24,28.0,28.25,27.559999465942383,27.6200008392334,13.898090362548828,507300
NWL,2001-12-26,27.799999237060547,28.3700008392334,27.799999237060547,28.1299991607666,14.154715538024902,760200
NWL,2001-12-27,28.13999938964844,28.26000022888184,27.850000381469727,28.0,14.089305877685549,671600
NWL,2001-12-28,27.850000381469727,28.0,27.75,27.81999969482422,13.998729705810549,646500
NWL,2001-12-31,27.64999961853028,27.82999992370605,27.350000381469727,27.56999969482422,13.872934341430664,583200
NWL,2002-01-02,27.520000457763672,27.56999969482422,26.940000534057617,27.309999465942383,13.742103576660156,651900
NWL,2002-01-03,27.299999237060547,27.5,27.100000381469727,27.32999992370605,13.752169609069824,1313700
NWL,2002-01-04,27.350000381469727,27.450000762939453,26.979999542236328,27.290000915527344,13.732043266296388,776200
NWL,2002-01-07,27.309999465942383,27.39999961853028,27.049999237060547,27.31999969482422,13.747138023376465,553600
NWL,2002-01-08,27.3799991607666,27.450000762939453,27.309999465942383,27.36000061035156,13.767267227172852,848100
NWL,2002-01-09,27.39999961853028,27.600000381469727,27.36000061035156,27.489999771118164,13.832676887512209,735400
NWL,2002-01-10,27.25,27.5,27.09000015258789,27.280000686645508,13.727006912231444,1231200
NWL,2002-01-11,27.299999237060547,27.5,27.100000381469727,27.43000030517578,13.802485466003418,343900
NWL,2002-01-14,27.14999961853028,27.31999969482422,26.90999984741211,27.0,13.586109161376951,1130100
NWL,2002-01-15,27.09000015258789,27.350000381469727,27.049999237060547,27.26000022888184,13.716946601867676,2658800
NWL,2002-01-16,27.26000022888184,27.46999931335449,27.049999237060547,27.11000061035156,13.641468048095703,2228600
NWL,2002-01-17,27.11000061035156,27.440000534057617,26.940000534057617,27.350000381469727,13.762232780456545,881300
NWL,2002-01-18,27.25,27.39999961853028,27.229999542236328,27.32999992370605,13.752169609069824,595800
NWL,2002-01-22,27.229999542236328,27.299999237060547,26.88999938964844,27.190000534057617,13.681726455688477,862700
NWL,2002-01-23,27.14999961853028,27.64999961853028,27.1299991607666,27.290000915527344,13.732043266296388,1482300
NWL,2002-01-24,27.299999237060547,27.790000915527344,27.25,27.5,13.837712287902832,3036600
NWL,2002-01-25,27.46999931335449,27.690000534057617,27.38999938964844,27.549999237060547,13.862871170043944,1995000
NWL,2002-01-28,27.540000915527344,27.700000762939453,27.420000076293945,27.530000686645508,13.852815628051758,1283600
NWL,2002-01-29,27.309999465942383,27.479999542236328,26.700000762939453,27.0,13.586109161376951,1713200
NWL,2002-01-30,26.799999237060547,27.350000381469727,26.690000534057617,27.190000534057617,13.681726455688477,1520400
NWL,2002-01-31,27.549999237060547,27.709999084472656,26.959999084472656,27.61000061035156,13.893054008483888,2411100
NWL,2002-02-01,27.5,28.01000022888184,27.39999961853028,27.549999237060547,13.862871170043944,1436400
NWL,2002-02-04,27.559999465942383,27.920000076293945,27.299999237060547,27.39999961853028,13.787389755249023,942600
NWL,2002-02-05,27.38999938964844,27.68000030517578,27.030000686645508,27.299999237060547,13.737071990966797,925100
NWL,2002-02-06,27.3700008392334,27.450000762939453,26.799999237060547,26.89999961853028,13.535796165466309,662600
NWL,2002-02-07,26.799999237060547,27.020000457763672,26.1200008392334,26.5,13.33452320098877,882500
NWL,2002-02-08,26.34000015258789,26.64999961853028,26.11000061035156,26.6299991607666,13.399935722351074,924500
NWL,2002-02-11,26.64999961853028,27.64999961853028,26.59000015258789,27.5,13.837712287902832,802300
NWL,2002-02-12,27.739999771118164,27.739999771118164,27.39999961853028,27.57999992370605,13.87796688079834,843000
NWL,2002-02-13,27.700000762939453,27.729999542236328,27.299999237060547,27.549999237060547,13.862871170043944,1463300
NWL,2002-02-14,28.5,28.86000061035156,28.299999237060547,28.39999961853028,14.29058837890625,2916900
NWL,2002-02-15,28.5,28.739999771118164,28.059999465942383,28.479999542236328,14.437591552734377,2554500
NWL,2002-02-19,28.5,29.36000061035156,28.5,28.959999084472656,14.68092441558838,3331300
NWL,2002-02-20,29.07999992370605,29.229999542236328,28.6299991607666,29.0,14.701197624206545,1411100
NWL,2002-02-21,29.0,29.1299991607666,28.559999465942383,28.700000762939453,14.549118995666504,1171700
NWL,2002-02-22,28.89999961853028,29.200000762939453,28.559999465942383,29.040000915527344,14.721475601196287,1496200
NWL,2002-02-25,29.299999237060547,29.739999771118164,29.049999237060547,29.64999961853028,15.030709266662598,2243400
NWL,2002-02-26,29.75,30.93000030517578,29.709999084472656,30.76000022888184,15.59341049194336,2966300
NWL,2002-02-27,30.850000381469727,31.39999961853028,30.559999465942383,30.61000061035156,15.517375946044922,1896800
NWL,2002-02-28,30.549999237060547,31.440000534057617,30.5,31.1299991607666,15.780976295471191,1862800
NWL,2002-03-01,31.200000762939453,31.89999961853028,31.200000762939453,31.670000076293945,16.054723739624023,2060900
NWL,2002-03-04,31.989999771118164,32.900001525878906,31.75,32.310001373291016,16.379167556762695,2357100
NWL,2002-03-05,32.20000076293945,32.45000076293945,31.200000762939453,31.5,15.968547821044922,1714300
NWL,2002-03-06,31.5,32.869998931884766,31.200000762939453,32.599998474121094,16.52617073059082,1332100
NWL,2002-03-07,32.599998474121094,32.86000061035156,32.0,32.099998474121094,16.27271270751953,2825600
NWL,2002-03-08,32.599998474121094,32.599998474121094,32.0,32.0,16.222009658813477,2009300
NWL,2002-03-11,31.950000762939453,33.400001525878906,31.700000762939453,32.97999954223633,16.71881866455078,1864800
NWL,2002-03-12,32.25,33.220001220703125,32.04999923706055,32.939998626708984,16.69853401184082,1309900
NWL,2002-03-13,32.939998626708984,32.939998626708984,32.5099983215332,32.7599983215332,16.607284545898438,850200
NWL,2002-03-14,32.5099983215332,32.7400016784668,32.310001373291016,32.54999923706055,16.500839233398438,737700
NWL,2002-03-15,32.5,33.0,32.369998931884766,32.7599983215332,16.607284545898438,1374700
NWL,2002-03-18,32.5,33.09000015258789,32.4900016784668,32.9900016784668,16.723886489868164,1313300
NWL,2002-03-19,32.79999923706055,34.400001525878906,32.79999923706055,33.849998474121094,17.159849166870117,1696200
NWL,2002-03-20,33.79999923706055,33.81999969482422,33.40999984741211,33.66999816894531,17.068599700927734,1788600
NWL,2002-03-21,33.54999923706055,33.560001373291016,32.34000015258789,32.40999984741211,16.429861068725586,1674300
NWL,2002-03-22,32.40999984741211,32.599998474121094,32.099998474121094,32.36000061035156,16.40451431274414,1118000
NWL,2002-03-25,32.04999923706055,32.20000076293945,31.13999938964844,31.200000762939453,15.816460609436035,1583800
NWL,2002-03-26,31.600000381469727,32.2599983215332,31.600000381469727,31.989999771118164,16.21694564819336,680500
NWL,2002-03-27,31.89999961853028,32.220001220703125,31.63999938964844,32.04999923706055,16.247360229492188,1444000
NWL,2002-03-28,32.099998474121094,32.2400016784668,31.76000022888184,31.959999084472656,16.20173454284668,660100
NWL,2002-04-01,31.959999084472656,31.959999084472656,31.209999084472656,31.86000061035156,16.15104103088379,1015500
NWL,2002-04-02,31.86000061035156,32.09000015258789,31.76000022888184,31.84000015258789,16.140905380249023,987500
NWL,2002-04-03,31.75,31.88999938964844,31.200000762939453,31.43000030517578,15.933062553405762,858400
NWL,2002-04-04,31.200000762939453,31.43000030517578,30.64999961853028,31.32999992370605,15.882366180419922,1093000
NWL,2002-04-05,31.32999992370605,31.5,31.11000061035156,31.350000381469727,15.892507553100586,1057500
NWL,2002-04-08,31.32999992370605,31.540000915527344,30.89999961853028,31.5,15.968547821044922,1494900
NWL,2002-04-09,31.5,31.82999992370605,30.100000381469727,30.61000061035156,15.517375946044922,14765900
NWL,2002-04-10,30.559999465942383,30.950000762939453,30.299999237060547,30.82999992370605,15.628896713256836,2084600
NWL,2002-04-11,30.89999961853028,31.239999771118164,30.700000762939453,30.739999771118164,15.583271026611328,1661400
NWL,2002-04-12,31.100000381469727,32.2599983215332,30.959999084472656,32.150001525878906,16.29804801940918,2110600
NWL,2002-04-15,32.29999923706055,32.38999938964844,31.76000022888184,31.8799991607666,16.161184310913086,1405500
NWL,2002-04-16,32.20000076293945,32.29999923706055,31.5,31.799999237060547,16.120635986328125,1116200
NWL,2002-04-17,31.8799991607666,32.400001525878906,31.700000762939453,32.04999923706055,16.247360229492188,892900
NWL,2002-04-18,32.04999923706055,32.09000015258789,31.299999237060547,31.299999237060547,15.867154121398926,1000000
NWL,2002-04-19,31.14999961853028,31.709999084472656,31.11000061035156,31.39999961853028,15.917847633361816,972000
NWL,2002-04-22,31.39999961853028,31.600000381469727,31.229999542236328,31.549999237060547,15.993887901306152,879900
NWL,2002-04-23,31.5,32.33000183105469,31.46999931335449,31.86000061035156,16.15104103088379,921500
NWL,2002-04-24,32.25,32.849998474121094,31.770000457763672,31.82999992370605,16.13583755493164,1434300
NWL,2002-04-25,31.850000381469727,32.20000076293945,31.71999931335449,31.799999237060547,16.120635986328125,959800
NWL,2002-04-26,31.850000381469727,31.959999084472656,31.14999961853028,31.440000534057617,15.938122749328612,1308300
NWL,2002-04-29,31.489999771118164,31.89999961853028,31.049999237060547,31.229999542236328,15.831671714782717,820000
NWL,2002-04-30,31.450000762939453,31.63999938964844,31.020000457763672,31.39999961853028,15.917847633361816,779000
NWL,2002-05-01,31.5,32.18000030517578,31.25,32.18000030517578,16.313264846801758,2158000
NWL,2002-05-02,32.5,33.22999954223633,32.25,33.09000015258789,16.774578094482422,2189600
NWL,2002-05-03,33.400001525878906,34.4900016784668,33.099998474121094,33.2599983215332,16.860754013061523,1274700
NWL,2002-05-06,33.70000076293945,34.400001525878906,33.630001068115234,33.779998779296875,17.124366760253906,1998100
NWL,2002-05-07,34.20000076293945,36.25,33.900001525878906,35.099998474121094,17.793521881103516,2479300
NWL,2002-05-08,36.70000076293945,36.70000076293945,34.88999938964844,35.20000076293945,17.84421730041504,2346200
NWL,2002-05-09,35.20000076293945,35.7400016784668,35.0,35.34000015258789,17.915185928344727,1539400
NWL,2002-05-10,35.34000015258789,35.72999954223633,35.22999954223633,35.33000183105469,17.910118103027344,905300
NWL,2002-05-13,35.34000015258789,35.400001525878906,34.83000183105469,35.099998474121094,17.793521881103516,2367400
NWL,2002-05-14,35.20000076293945,35.900001525878906,35.0,35.869998931884766,18.18386459350586,707800
NWL,2002-05-15,35.77000045776367,35.900001525878906,35.400001525878906,35.70000076293945,18.09768295288086,966800
NWL,2002-05-16,35.45000076293945,35.77000045776367,35.310001373291016,35.630001068115234,18.062198638916016,839300
NWL,2002-05-17,35.5,35.58000183105469,35.20000076293945,35.47999954223633,17.986160278320312,1007900
NWL,2002-05-20,35.5,35.54999923706055,34.9900016784668,35.06999969482422,17.7783145904541,1486600
NWL,2002-05-21,34.83000183105469,35.099998474121094,34.599998474121094,34.70000076293945,17.69671630859375,2300000
NWL,2002-05-22,34.599998474121094,34.849998474121094,34.52000045776367,34.810001373291016,17.7528133392334,962100
NWL,2002-05-23,34.810001373291016,34.959999084472656,34.54999923706055,34.77000045776367,17.73240852355957,834300
NWL,2002-05-24,34.79999923706055,35.11000061035156,34.650001525878906,34.7599983215332,17.727319717407227,1324400
NWL,2002-05-28,35.0,35.0,34.27000045776367,34.349998474121094,17.51821517944336,1621800
NWL,2002-05-29,34.380001068115234,34.400001525878906,33.65999984741211,34.15999984741211,17.42131996154785,609600
NWL,2002-05-30,33.75,34.349998474121094,33.650001525878906,34.0,17.3397274017334,814400
NWL,2002-05-31,34.0,34.43000030517578,34.0,34.150001525878906,17.416221618652344,933300
NWL,2002-06-03,34.150001525878906,35.09000015258789,34.029998779296875,34.529998779296875,17.610015869140625,1329300
NWL,2002-06-04,34.29999923706055,34.5,33.88999938964844,34.09000015258789,17.385618209838867,1995100
NWL,2002-06-05,34.119998931884766,34.369998931884766,34.02000045776367,34.2599983215332,17.472320556640625,1802000
NWL,2002-06-06,34.22999954223633,34.5,34.150001525878906,34.31999969482422,17.502914428710938,1918600
NWL,2002-06-07,34.31999969482422,34.31999969482422,33.790000915527344,33.90999984741211,17.293821334838867,1576400
NWL,2002-06-10,33.95000076293945,33.970001220703125,33.5,33.79999923706055,17.23771858215332,1072100
NWL,2002-06-11,33.63999938964844,34.0,33.290000915527344,33.34000015258789,17.003124237060547,732100
NWL,2002-06-12,33.439998626708984,33.939998626708984,33.36000061035156,33.75,17.212221145629883,1320200
NWL,2002-06-13,33.75,33.790000915527344,33.38999938964844,33.41999816894531,17.04392433166504,820100
NWL,2002-06-14,33.41999816894531,33.58000183105469,32.52000045776367,33.0,16.829729080200195,1963700
NWL,2002-06-17,33.0099983215332,34.0,33.0,34.0,17.3397274017334,1478000
NWL,2002-06-18,34.0,34.099998474121094,33.86000061035156,33.959999084472656,17.319316864013672,1237600
NWL,2002-06-19,33.970001220703125,34.130001068115234,33.70000076293945,33.79999923706055,17.23771858215332,1186500
NWL,2002-06-20,33.75,34.0,33.709999084472656,33.93000030517578,17.30402374267578,666400
NWL,2002-06-21,33.849998474121094,34.20000076293945,33.810001373291016,34.0099983215332,17.344816207885742,2604300
NWL,2002-06-24,34.0099983215332,34.0099983215332,33.16999816894531,33.709999084472656,17.19182014465332,1517300
NWL,2002-06-25,33.77000045776367,34.04999923706055,32.29999923706055,32.380001068115234,16.513538360595703,1751200
NWL,2002-06-26,31.600000381469727,33.33000183105469,31.559999465942383,33.099998474121094,16.880722045898438,2716200
NWL,2002-06-27,33.25,34.29999923706055,33.150001525878906,34.119998931884766,17.400917053222656,1404500
NWL,2002-06-28,34.11000061035156,35.09000015258789,33.93000030517578,35.060001373291016,17.880306243896484,1853200
NWL,2002-07-01,34.900001525878906,35.5,34.75,34.83000183105469,17.763023376464844,1545900
NWL,2002-07-02,34.83000183105469,34.900001525878906,33.54999923706055,33.779998779296875,17.227521896362305,1373300
NWL,2002-07-03,33.79999923706055,33.970001220703125,32.25,32.810001373291016,16.732830047607422,1493200
NWL,2002-07-05,33.0,34.04999923706055,32.77000045776367,33.95000076293945,17.31422996520996,965800
NWL,2002-07-08,34.0,35.369998931884766,34.0,35.150001525878906,17.92621612548828,1599300
NWL,2002-07-09,35.150001525878906,35.4900016784668,34.5099983215332,34.5099983215332,17.59981918334961,1673800
NWL,2002-07-10,34.58000183105469,35.0,33.20000076293945,33.22999954223633,16.947025299072266,1567800
NWL,2002-07-11,33.2599983215332,33.400001525878906,30.700000762939453,32.0,16.319732666015625,3069200
NWL,2002-07-12,31.989999771118164,32.400001525878906,31.75,32.119998931884766,16.380935668945312,3221800
NWL,2002-07-15,31.850000381469727,32.529998779296875,30.280000686645508,32.33000183105469,16.488037109375,1487000
NWL,2002-07-16,31.799999237060547,32.25,30.850000381469727,30.979999542236328,15.799538612365724,1486800
NWL,2002-07-17,30.979999542236328,31.299999237060547,30.36000061035156,30.600000381469727,15.60574722290039,1389100
NWL,2002-07-18,30.600000381469727,31.280000686645508,30.3799991607666,30.489999771118164,15.549647331237791,1381900
NWL,2002-07-19,29.5,29.75,27.63999938964844,27.799999237060547,14.17776870727539,3555600
NWL,2002-07-22,27.799999237060547,28.600000381469727,26.799999237060547,27.26000022888184,13.902379035949709,2195400
NWL,2002-07-23,27.600000381469727,28.25,27.350000381469727,27.799999237060547,14.17776870727539,2126200
NWL,2002-07-24,27.100000381469727,28.6299991607666,26.75,28.479999542236328,14.524566650390623,2209700
NWL,2002-07-25,28.5,28.799999237060547,27.850000381469727,28.65999984741211,14.61636447906494,2238900
NWL,2002-07-26,28.75,29.299999237060547,28.520000457763672,29.280000686645508,14.932559967041016,853000
NWL,2002-07-29,29.799999237060547,30.89999961853028,29.299999237060547,30.86000061035156,15.738348960876465,1308100
NWL,2002-07-30,30.64999961853028,30.82999992370605,29.770000457763672,29.989999771118164,15.294649124145508,1403900
NWL,2002-07-31,30.09000015258789,30.31999969482422,29.299999237060547,30.07999992370605,15.34055995941162,1371500
NWL,2002-08-01,30.350000381469727,34.5,30.350000381469727,34.150001525878906,17.416221618652344,4264400
NWL,2002-08-02,34.15999984741211,34.810001373291016,33.5,34.099998474121094,17.390724182128906,2956700
NWL,2002-08-05,34.099998474121094,34.189998626708984,33.599998474121094,33.79999923706055,17.23771858215332,1745100
NWL,2002-08-06,34.0,34.20000076293945,33.650001525878906,33.75,17.212221145629883,2576800
NWL,2002-08-07,33.869998931884766,34.0,33.20000076293945,33.5,17.08473014831543,1786200
NWL,2002-08-08,33.650001525878906,34.060001373291016,33.290000915527344,33.95000076293945,17.31422996520996,1628000
NWL,2002-08-09,33.95000076293945,35.290000915527344,33.689998626708984,35.18000030517578,17.94150733947754,1588100
NWL,2002-08-12,35.0,35.20000076293945,34.31999969482422,34.83000183105469,17.763023376464844,1423100
NWL,2002-08-13,34.70000076293945,35.75,34.380001068115234,34.970001220703125,17.83441925048828,1374600
NWL,2002-08-14,34.25,35.599998474121094,33.310001373291016,35.4900016784668,18.0996150970459,1930000
NWL,2002-08-15,35.599998474121094,35.95000076293945,34.779998779296875,35.849998474121094,18.283201217651367,1254900
NWL,2002-08-16,35.0,35.029998779296875,34.529998779296875,34.75,17.826641082763672,1491600
NWL,2002-08-19,34.5,35.47999954223633,34.150001525878906,35.0,17.954891204833984,896800
NWL,2002-08-20,35.0099983215332,35.689998626708984,34.54999923706055,35.40999984741211,18.16521644592285,1436200
NWL,2002-08-21,35.40999984741211,35.5,34.619998931884766,35.13999938964844,18.026704788208008,1434400
NWL,2002-08-22,35.38999938964844,36.0,35.150001525878906,35.9900016784668,18.46275329589844,1745700
NWL,2002-08-23,35.900001525878906,35.93000030517578,35.099998474121094,35.220001220703125,18.0677490234375,1197900
NWL,2002-08-26,35.29999923706055,35.380001068115234,34.650001525878906,35.0,17.954891204833984,956000
NWL,2002-08-27,35.0,35.150001525878906,34.65999984741211,34.97999954223633,17.944625854492188,1250300
NWL,2002-08-28,34.9900016784668,35.189998626708984,34.65999984741211,34.849998474121094,17.8779296875,1457400
NWL,2002-08-29,34.81999969482422,34.95000076293945,34.29999923706055,34.83000183105469,17.867679595947266,1090800
NWL,2002-08-30,34.7599983215332,34.790000915527344,34.349998474121094,34.599998474121094,17.74968147277832,867300
NWL,2002-09-03,34.349998474121094,34.349998474121094,32.83000183105469,33.400001525878906,17.13409423828125,2112800
NWL,2002-09-04,33.400001525878906,34.27000045776367,33.29999923706055,34.150001525878906,17.518840789794922,1862600
NWL,2002-09-05,34.150001525878906,34.2400016784668,33.650001525878906,33.970001220703125,17.4265079498291,1283300
NWL,2002-09-06,33.970001220703125,34.70000076293945,33.63999938964844,34.70000076293945,17.800994873046875,2015900
NWL,2002-09-09,34.68000030517578,35.400001525878906,34.29999923706055,35.29999923706055,18.108787536621094,1725000
NWL,2002-09-10,35.25,35.72999954223633,34.810001373291016,35.599998474121094,18.26268577575684,1140300
NWL,2002-09-11,35.97999954223633,35.97999954223633,35.58000183105469,35.79999923706055,18.36528778076172,736800
NWL,2002-09-12,35.25,35.29999923706055,33.45000076293945,34.040000915527344,17.462411880493164,1677900
NWL,2002-09-13,34.040000915527344,34.380001068115234,33.77000045776367,33.880001068115234,17.380334854125977,1909400
NWL,2002-09-16,33.900001525878906,34.9900016784668,33.849998474121094,34.9900016784668,17.949756622314453,886300
NWL,2002-09-17,35.0,35.189998626708984,33.84000015258789,33.970001220703125,17.4265079498291,1104900
NWL,2002-09-18,33.970001220703125,33.970001220703125,32.720001220703125,33.0,16.92888641357422,2460800
NWL,2002-09-19,33.0,33.5,32.13999938964844,32.220001220703125,16.528759002685547,2281700
NWL,2002-09-20,32.400001525878906,32.630001068115234,31.979999542236328,32.529998779296875,16.687788009643555,2195500
NWL,2002-09-23,33.0,33.0099983215332,31.809999465942383,31.950000762939453,16.390254974365234,1251700
NWL,2002-09-24,31.75,31.850000381469727,31.040000915527344,31.3700008392334,16.09270668029785,1316100
NWL,2002-09-25,31.850000381469727,32.349998474121094,31.43000030517578,32.22999954223633,16.53388786315918,2994800
NWL,2002-09-26,32.349998474121094,33.0,32.29999923706055,32.5,16.672395706176758,1948100
NWL,2002-09-27,32.470001220703125,32.470001220703125,30.75,30.959999084472656,15.882381439208984,2012200
NWL,2002-09-30,30.950000762939453,31.25,30.479999542236328,30.8700008392334,15.836219787597656,1350400
NWL,2002-10-01,31.100000381469727,31.200000762939453,30.61000061035156,31.11000061035156,15.959330558776855,2185300
NWL,2002-10-02,31.049999237060547,31.059999465942383,30.299999237060547,30.6299991607666,15.713089942932127,1483600
NWL,2002-10-03,30.600000381469727,31.14999961853028,30.34000015258789,30.549999237060547,15.67205047607422,1564400
NWL,2002-10-04,30.600000381469727,30.799999237060547,29.40999984741211,30.0,15.38990592956543,1720300
NWL,2002-10-07,30.100000381469727,30.25,29.0,29.059999465942383,14.907686233520508,1069200
NWL,2002-10-08,29.64999961853028,29.799999237060547,28.89999961853028,29.34000015258789,15.051324844360352,1843700
NWL,2002-10-09,29.350000381469727,29.350000381469727,28.46999931335449,28.950000762939453,14.851262092590332,914400
NWL,2002-10-10,29.049999237060547,29.84000015258789,28.809999465942383,29.450000762939453,15.10775375366211,2047800
NWL,2002-10-11,30.21999931335449,31.549999237060547,30.059999465942383,31.0,15.902896881103516,1919200
NWL,2002-10-14,31.0,31.239999771118164,30.81999969482422,31.15999984741211,15.984977722167969,946900
NWL,2002-10-15,32.5,33.0,32.25,32.29999923706055,16.569793701171875,2564200
NWL,2002-10-16,32.5,32.70000076293945,31.459999084472656,31.549999237060547,16.185049057006836,1203500
NWL,2002-10-17,32.5,32.619998931884766,32.16999816894531,32.5,16.672395706176758,1014600
NWL,2002-10-18,32.5099983215332,32.599998474121094,32.16999816894531,32.5099983215332,16.677522659301758,896700
NWL,2002-10-21,32.5099983215332,33.75,32.119998931884766,33.7400016784668,17.30851173400879,1176800
NWL,2002-10-22,33.7400016784668,33.7400016784668,32.900001525878906,33.439998626708984,17.154613494873047,1077900
NWL,2002-10-23,33.20000076293945,33.93000030517578,33.099998474121094,33.72999954223633,17.303380966186523,1025900
NWL,2002-10-24,34.599998474121094,34.79999923706055,33.400001525878906,33.720001220703125,17.298255920410156,1410800
NWL,2002-10-25,33.83000183105469,34.209999084472656,33.599998474121094,34.189998626708984,17.539363861083984,806200
NWL,2002-10-28,32.040000915527344,33.38999938964844,30.450000762939453,32.400001525878906,16.621103286743164,5158200
NWL,2002-10-29,31.799999237060547,32.95000076293945,31.770000457763672,32.75,16.800647735595703,1527400
NWL,2002-10-30,32.939998626708984,33.349998474121094,32.4900016784668,32.849998474121094,16.851945877075195,1677300
NWL,2002-10-31,33.0,33.16999816894531,32.20000076293945,32.41999816894531,16.631351470947266,1513200
NWL,2002-11-01,32.43000030517578,32.599998474121094,31.8700008392334,32.45000076293945,16.646747589111328,1495900
NWL,2002-11-04,32.849998474121094,32.849998474121094,31.229999542236328,31.3799991607666,16.09783935546875,2091000
NWL,2002-11-05,31.36000061035156,31.989999771118164,31.170000076293945,31.809999465942383,16.318429946899414,1668300
NWL,2002-11-06,32.0,32.349998474121094,31.5,32.349998474121094,16.595443725585938,990200
NWL,2002-11-07,32.099998474121094,32.150001525878906,31.51000022888184,31.6200008392334,16.22096061706543,926000
NWL,2002-11-08,31.64999961853028,32.43000030517578,31.049999237060547,31.299999237060547,16.056798934936523,615100
NWL,2002-11-11,31.0,31.14999961853028,30.3700008392334,30.3700008392334,15.579712867736816,1105800
NWL,2002-11-12,30.479999542236328,30.64999961853028,30.049999237060547,30.3799991607666,15.5848388671875,1022500
NWL,2002-11-13,30.36000061035156,30.75,29.799999237060547,30.530000686645508,15.661787033081056,969000
NWL,2002-11-14,31.0,31.21999931335449,30.700000762939453,30.81999969482422,15.810561180114746,782800
NWL,2002-11-15,30.850000381469727,31.14999961853028,30.68000030517578,30.96999931335449,15.887511253356934,742500
NWL,2002-11-18,31.0,31.049999237060547,30.350000381469727,30.57999992370605,15.794540405273438,791800
NWL,2002-11-19,30.89999961853028,30.89999961853028,29.799999237060547,30.11000061035156,15.551782608032228,979700
NWL,2002-11-20,30.11000061035156,30.11000061035156,29.46999931335449,29.82999992370605,15.40717315673828,1785900
NWL,2002-11-21,29.82999992370605,30.239999771118164,29.64999961853028,30.18000030517578,15.58793830871582,1090600
NWL,2002-11-22,30.0,31.25,30.0,30.780000686645508,15.897836685180664,1589100
NWL,2002-11-25,30.780000686645508,31.59000015258789,30.700000762939453,31.32999992370605,16.18191146850586,1353900
NWL,2002-11-26,31.25,31.36000061035156,30.850000381469727,31.14999961853028,16.088943481445312,1181300
NWL,2002-11-27,31.39999961853028,31.90999984741211,31.209999084472656,31.75,16.398836135864258,902000
NWL,2002-11-29,31.89999961853028,32.20000076293945,31.61000061035156,31.71999931335449,16.38335418701172,462200
NWL,2002-12-02,32.20000076293945,32.20000076293945,31.63999938964844,31.96999931335449,16.51247215270996,1499300
NWL,2002-12-03,31.940000534057617,32.0,31.270000457763672,31.57999992370605,16.311044692993164,1010800
NWL,2002-12-04,31.59000015258789,31.799999237060547,31.1299991607666,31.65999984741211,16.35236167907715,1220100
NWL,2002-12-05,31.65999984741211,31.799999237060547,31.01000022888184,31.11000061035156,16.06828498840332,886800
NWL,2002-12-06,31.020000457763672,31.59000015258789,31.020000457763672,31.5,16.269723892211914,819900
NWL,2002-12-09,31.530000686645508,31.6299991607666,31.190000534057617,31.229999542236328,16.13026237487793,825300
NWL,2002-12-10,31.25,31.600000381469727,30.850000381469727,31.549999237060547,16.295543670654297,1476300
NWL,2002-12-11,31.489999771118164,31.489999771118164,30.600000381469727,31.020000457763672,16.021799087524414,1097500
NWL,2002-12-12,31.25,31.290000915527344,30.89999961853028,31.049999237060547,16.037294387817383,855200
NWL,2002-12-13,30.950000762939453,31.34000015258789,30.89999961853028,31.18000030517578,16.104440689086914,927300
NWL,2002-12-16,31.100000381469727,31.739999771118164,31.049999237060547,31.709999084472656,16.378183364868164,1057800
NWL,2002-12-17,31.700000762939453,31.850000381469727,31.350000381469727,31.64999961853028,16.34719467163086,744700
NWL,2002-12-18,31.600000381469727,31.780000686645508,31.36000061035156,31.56999969482422,16.305877685546875,902100
NWL,2002-12-19,31.1200008392334,31.280000686645508,30.8799991607666,31.0,16.01146697998047,1461700
NWL,2002-12-20,31.07999992370605,31.459999084472656,30.920000076293945,31.350000381469727,16.19224739074707,2181100
NWL,2002-12-23,31.100000381469727,31.559999465942383,30.89999961853028,31.459999084472656,16.249059677124023,1013900
NWL,2002-12-24,31.459999084472656,31.5,31.280000686645508,31.350000381469727,16.19224739074707,466800
NWL,2002-12-26,31.549999237060547,31.64999961853028,31.25,31.290000915527344,16.161252975463867,488000
NWL,2002-12-27,31.350000381469727,31.38999938964844,30.799999237060547,30.920000076293945,15.970149040222168,470400
NWL,2002-12-30,30.93000030517578,30.93000030517578,29.84000015258789,30.25,15.624099731445312,1139700
NWL,2002-12-31,30.350000381469727,30.43000030517578,29.68000030517578,30.32999992370605,15.665417671203612,1556100
NWL,2003-01-02,30.75,31.489999771118164,30.32999992370605,31.40999984741211,16.223237991333008,1262700
NWL,2003-01-03,31.100000381469727,31.13999938964844,30.350000381469727,30.43000030517578,15.717068672180176,1064800
NWL,2003-01-06,30.43000030517578,32.0,30.350000381469727,30.59000015258789,15.79970932006836,1896000
NWL,2003-01-07,30.100000381469727,30.5,30.049999237060547,30.299999237060547,15.649925231933594,4648000
NWL,2003-01-08,30.299999237060547,30.38999938964844,30.020000457763672,30.13999938964844,15.567280769348145,3978200
NWL,2003-01-09,30.200000762939453,30.489999771118164,30.200000762939453,30.43000030517578,15.717068672180176,1607600
NWL,2003-01-10,30.14999961853028,30.43000030517578,30.100000381469727,30.38999938964844,15.69640064239502,1627900
NWL,2003-01-13,30.299999237060547,30.600000381469727,29.940000534057617,30.059999465942383,15.525964736938477,1922800
NWL,2003-01-14,30.0,30.14999961853028,29.14999961853028,29.450000762939453,15.210895538330078,2162500
NWL,2003-01-15,29.350000381469727,29.5,28.76000022888184,29.32999992370605,15.148910522460938,2100600
NWL,2003-01-16,29.5,29.850000381469727,29.39999961853028,29.57999992370605,15.278043746948242,2690500
NWL,2003-01-17,29.799999237060547,29.920000076293945,29.290000915527344,29.559999465942383,15.267708778381348,1170900
NWL,2003-01-21,29.64999961853028,29.64999961853028,28.670000076293945,28.770000457763672,14.859683990478516,1268300
NWL,2003-01-22,28.75,29.15999984741211,28.530000686645508,28.6200008392334,14.78220272064209,1236300
NWL,2003-01-23,28.75,29.15999984741211,28.690000534057617,29.1200008392334,15.04045295715332,878700
NWL,2003-01-24,29.059999465942383,29.059999465942383,28.39999961853028,28.68000030517578,14.813187599182127,1009900
NWL,2003-01-27,28.549999237060547,28.600000381469727,27.68000030517578,27.959999084472656,14.44131565093994,1273500
NWL,2003-01-28,28.299999237060547,29.489999771118164,28.200000762939453,29.25,15.107603073120115,3024100
NWL,2003-01-29,29.190000534057617,29.190000534057617,28.59000015258789,28.809999465942383,14.88033390045166,2807400
NWL,2003-01-30,28.809999465942383,28.89999961853028,26.64999961853028,27.82999992370605,14.374173164367676,6130900
NWL,2003-01-31,28.25,28.280000686645508,27.75,27.850000381469727,14.384503364562988,4728200
NWL,2003-02-03,28.14999961853028,28.51000022888184,28.13999938964844,28.290000915527344,14.6117582321167,1884700
NWL,2003-02-04,28.489999771118164,28.489999771118164,27.65999984741211,28.190000534057617,14.560113906860352,1513100
NWL,2003-02-05,28.5,28.76000022888184,28.0,28.36000061035156,14.647915840148926,1274800
NWL,2003-02-06,28.14999961853028,28.5,28.030000686645508,28.26000022888184,14.596264839172363,1422700
NWL,2003-02-07,28.5,28.540000915527344,27.86000061035156,27.950000762939453,14.436148643493652,1702100
NWL,2003-02-10,28.100000381469727,28.25,27.68000030517578,28.200000762939453,14.565271377563477,1384900
NWL,2003-02-11,28.299999237060547,28.46999931335449,27.89999961853028,28.01000022888184,14.467144966125488,1674900
NWL,2003-02-12,28.020000457763672,28.59000015258789,28.020000457763672,28.38999938964844,14.663409233093262,2083300
NWL,2003-02-13,28.32999992370605,28.46999931335449,28.1200008392334,28.299999237060547,14.61692237854004,1272600
NWL,2003-02-14,28.309999465942383,29.57999992370605,28.309999465942383,29.56999969482422,15.272875785827637,2096300
NWL,2003-02-18,29.700000762939453,29.709999084472656,29.39999961853028,29.530000686645508,15.361310005187988,1902700
NWL,2003-02-19,29.530000686645508,29.530000686645508,28.549999237060547,28.549999237060547,14.851522445678713,1413000
NWL,2003-02-20,28.799999237060547,29.440000534057617,28.729999542236328,29.21999931335449,15.200053215026855,2035700
NWL,2003-02-21,29.14999961853028,29.46999931335449,28.850000381469727,29.3700008392334,15.278082847595217,1478300
NWL,2003-02-24,29.5,29.809999465942383,28.93000030517578,28.940000534057617,15.054394721984863,1194800
NWL,2003-02-25,28.799999237060547,29.34000015258789,28.229999542236328,29.040000915527344,15.106414794921877,1422100
NWL,2003-02-26,29.049999237060547,29.049999237060547,28.440000534057617,28.540000915527344,14.8463134765625,1126200
NWL,2003-02-27,28.64999961853028,28.979999542236328,28.26000022888184,28.729999542236328,14.94515609741211,960200
NWL,2003-02-28,28.739999771118164,28.940000534057617,28.09000015258789,28.200000762939453,14.669445037841797,1550300
NWL,2003-03-03,28.450000762939453,28.450000762939453,26.729999542236328,27.049999237060547,14.07122802734375,3798200
NWL,2003-03-04,27.049999237060547,27.100000381469727,26.440000534057617,26.459999084472656,13.76431369781494,3142400
NWL,2003-03-05,26.6299991607666,26.64999961853028,25.190000534057617,25.25,13.134882926940918,3764200
NWL,2003-03-06,25.21999931335449,25.549999237060547,24.850000381469727,25.280000686645508,13.15049171447754,4311100
NWL,2003-03-07,25.280000686645508,26.170000076293945,25.0,25.549999237060547,13.29094123840332,2817600
NWL,2003-03-10,25.450000762939453,25.450000762939453,24.739999771118164,25.09000015258789,13.05164623260498,2246700
NWL,2003-03-11,25.170000076293945,25.39999961853028,24.90999984741211,25.15999984741211,13.088065147399902,1436900
NWL,2003-03-12,25.07999992370605,25.39999961853028,25.049999237060547,25.36000061035156,13.19210147857666,1892000
NWL,2003-03-13,26.0,26.350000381469727,25.59000015258789,26.31999969482422,13.691486358642578,2789000
NWL,2003-03-14,26.64999961853028,26.940000534057617,26.450000762939453,26.670000076293945,13.873549461364746,1950600
NWL,2003-03-17,26.670000076293945,27.780000686645508,26.600000381469727,27.690000534057617,14.404151916503906,2303800
NWL,2003-03-18,27.690000534057617,28.14999961853028,27.559999465942383,27.6299991607666,14.372939109802246,2438500
NWL,2003-03-19,27.799999237060547,28.989999771118164,27.700000762939453,28.81999969482422,14.991979598999023,2746200
NWL,2003-03-20,28.5,29.0,28.190000534057617,28.940000534057617,15.054394721984863,1630200
NWL,2003-03-21,29.25,29.8700008392334,29.11000061035156,29.700000762939453,15.44974422454834,2068800
NWL,2003-03-24,29.5,29.51000022888184,28.18000030517578,28.479999542236328,14.81510066986084,1193400
NWL,2003-03-25,28.280000686645508,28.59000015258789,28.01000022888184,28.32999992370605,14.73707675933838,1514900
NWL,2003-03-26,28.25,28.26000022888184,27.770000457763672,28.0,14.565412521362305,1848700
NWL,2003-03-27,27.850000381469727,28.549999237060547,27.40999984741211,28.46999931335449,14.80990219116211,1459300
NWL,2003-03-28,28.200000762939453,28.57999992370605,28.059999465942383,28.39999961853028,14.773488998413086,1256700
NWL,2003-03-31,28.14999961853028,28.75,27.61000061035156,28.350000381469727,14.747483253479004,1466000
NWL,2003-04-01,28.26000022888184,28.809999465942383,27.959999084472656,28.729999542236328,14.94515609741211,2103600
NWL,2003-04-02,29.450000762939453,30.059999465942383,29.229999542236328,29.89999961853028,15.55378246307373,2030200
NWL,2003-04-03,29.81999969482422,29.979999542236328,29.61000061035156,29.6299991607666,15.413324356079102,997700
NWL,2003-04-04,29.6299991607666,29.989999771118164,29.5,29.81999969482422,15.51215648651123,1219800
NWL,2003-04-07,30.5,30.799999237060547,30.0,30.040000915527344,15.626608848571776,1472800
NWL,2003-04-08,30.049999237060547,30.350000381469727,29.88999938964844,30.07999992370605,15.647418975830078,1601700
NWL,2003-04-09,30.09000015258789,30.5,29.59000015258789,29.65999984741211,15.428935050964355,1497500
NWL,2003-04-10,29.799999237060547,30.049999237060547,29.64999961853028,29.93000030517578,15.569381713867188,1243700
NWL,2003-04-11,30.0,30.799999237060547,29.96999931335449,30.26000022888184,15.741058349609377,1078100
NWL,2003-04-14,30.26000022888184,30.68000030517578,30.049999237060547,30.600000381469727,15.91791820526123,763800
NWL,2003-04-15,30.57999992370605,30.959999084472656,30.3799991607666,30.850000381469727,16.047971725463867,1265800
NWL,2003-04-16,30.90999984741211,31.059999465942383,29.959999084472656,29.979999542236328,15.5954008102417,1559300
NWL,2003-04-17,30.049999237060547,30.56999969482422,29.950000762939453,30.520000457763672,15.87630558013916,827400
NWL,2003-04-21,30.5,30.6200008392334,30.14999961853028,30.350000381469727,15.78786563873291,1121600
NWL,2003-04-22,30.450000762939453,31.200000762939453,30.059999465942383,31.14999961853028,16.204021453857422,1505200
NWL,2003-04-23,31.14999961853028,31.34000015258789,30.799999237060547,31.21999931335449,16.240436553955078,1098200
NWL,2003-04-24,31.0,31.01000022888184,30.520000457763672,30.799999237060547,16.02195167541504,1254700
NWL,2003-04-25,30.799999237060547,31.0,30.6299991607666,30.790000915527344,16.016756057739258,1299700
NWL,2003-04-28,30.700000762939453,31.11000061035156,30.559999465942383,31.0,16.125988006591797,1442700
NWL,2003-04-29,30.450000762939453,31.01000022888184,28.850000381469727,30.049999237060547,15.631810188293455,6407500
NWL,2003-04-30,29.950000762939453,30.479999542236328,29.729999542236328,30.479999542236328,15.855485916137695,2736500
NWL,2003-05-01,30.3799991607666,30.3799991607666,29.350000381469727,29.350000381469727,15.26767921447754,2650000
NWL,2003-05-02,29.100000381469727,29.530000686645508,28.989999771118164,29.46999931335449,15.330095291137695,1852800
NWL,2003-05-05,29.57999992370605,29.90999984741211,29.32999992370605,29.420000076293945,15.304086685180664,1393100
NWL,2003-05-06,29.21999931335449,29.299999237060547,28.8700008392334,29.1299991607666,15.15323543548584,2429900
NWL,2003-05-07,29.1299991607666,29.6200008392334,29.01000022888184,29.38999938964844,15.288480758666992,1293200
NWL,2003-05-08,29.38999938964844,29.75,28.979999542236328,29.34000015258789,15.262470245361328,1555000
NWL,2003-05-09,29.299999237060547,29.299999237060547,28.5,28.82999992370605,14.997180938720703,3122800
NWL,2003-05-12,28.940000534057617,29.100000381469727,28.3799991607666,28.57999992370605,14.8671293258667,3077400
NWL,2003-05-13,28.5,28.6299991607666,28.1200008392334,28.170000076293945,14.653850555419922,2144100
NWL,2003-05-14,28.21999931335449,28.3799991607666,28.100000381469727,28.14999961853028,14.64344310760498,2559500
NWL,2003-05-15,28.6200008392334,28.6299991607666,28.18000030517578,28.299999237060547,14.721466064453123,2015900
NWL,2003-05-16,28.15999984741211,28.43000030517578,28.1200008392334,28.239999771118164,14.690262794494627,1705400
NWL,2003-05-19,28.0,28.01000022888184,27.440000534057617,27.540000915527344,14.43345546722412,1792200
NWL,2003-05-20,27.850000381469727,28.229999542236328,27.520000457763672,27.82999992370605,14.585442543029783,2104700
NWL,2003-05-21,27.8799991607666,27.96999931335449,27.68000030517578,27.739999771118164,14.538277626037598,1999500
NWL,2003-05-22,27.86000061035156,28.1299991607666,27.68000030517578,27.979999542236328,14.664052963256836,1219200
NWL,2003-05-23,27.989999771118164,27.989999771118164,27.600000381469727,27.65999984741211,14.496346473693848,1146400
NWL,2003-05-27,27.65999984741211,28.57999992370605,27.5,28.57999992370605,14.97851276397705,2369700
NWL,2003-05-28,28.64999961853028,28.700000762939453,27.850000381469727,28.01000022888184,14.67977809906006,6584900
NWL,2003-05-29,28.07999992370605,28.459999084472656,27.6200008392334,27.770000457763672,14.553997993469238,2713300
NWL,2003-05-30,27.850000381469727,28.5,27.850000381469727,28.5,14.936580657958984,4690100
NWL,2003-06-02,29.0,29.06999969482422,28.350000381469727,28.39999961853028,14.88417911529541,3287200
NWL,2003-06-03,28.520000457763672,28.57999992370605,27.89999961853028,27.989999771118164,14.669299125671388,2698900
NWL,2003-06-04,28.049999237060547,28.440000534057617,27.8700008392334,28.350000381469727,14.8579683303833,2615600
NWL,2003-06-05,28.350000381469727,28.38999938964844,28.040000915527344,28.350000381469727,14.8579683303833,2227500
NWL,2003-06-06,28.43000030517578,28.489999771118164,27.84000015258789,27.88999938964844,14.616884231567385,2988800
NWL,2003-06-09,27.96999931335449,27.979999542236328,27.549999237060547,27.86000061035156,14.60116481781006,1790400
NWL,2003-06-10,27.600000381469727,28.1299991607666,27.600000381469727,27.93000030517578,14.637853622436523,2768900
NWL,2003-06-11,28.049999237060547,28.209999084472656,27.75,27.950000762939453,14.648332595825195,1640000
NWL,2003-06-12,27.89999961853028,28.799999237060547,27.88999938964844,28.75,15.06761074066162,7500000
NWL,2003-06-13,28.89999961853028,28.940000534057617,28.170000076293945,28.420000076293945,14.894657135009766,2419900
NWL,2003-06-16,28.57999992370605,28.89999961853028,28.5,28.89999961853028,15.146221160888672,2151300
NWL,2003-06-17,29.100000381469727,29.100000381469727,28.75,28.989999771118164,15.19338321685791,3490000
NWL,2003-06-18,28.75,29.18000030517578,28.14999961853028,29.100000381469727,15.2510347366333,4924200
NWL,2003-06-19,29.25,29.51000022888184,29.030000686645508,29.270000457763672,15.340136528015137,3994600
NWL,2003-06-20,29.25,29.280000686645508,29.0,29.049999237060547,15.224836349487305,4313500
NWL,2003-06-23,28.950000762939453,28.989999771118164,28.06999969482422,28.799999237060547,15.09381103515625,2350700
NWL,2003-06-24,28.700000762939453,28.950000762939453,28.51000022888184,28.809999465942383,15.099055290222168,2040300
NWL,2003-06-25,28.809999465942383,28.81999969482422,28.32999992370605,28.40999984741211,14.889410018920898,1605200
NWL,2003-06-26,28.600000381469727,28.600000381469727,27.700000762939453,28.09000015258789,14.721710205078123,3046400
NWL,2003-06-27,28.100000381469727,28.11000061035156,27.76000022888184,27.8799991607666,14.611647605895996,1099500
NWL,2003-06-30,28.0,28.100000381469727,27.780000686645508,28.0,14.67453956604004,2681700
NWL,2003-07-01,27.8799991607666,28.07999992370605,27.59000015258789,27.989999771118164,14.669299125671388,1434100
NWL,2003-07-02,27.989999771118164,28.059999465942383,27.82999992370605,28.0,14.67453956604004,1112500
NWL,2003-07-03,27.799999237060547,28.040000915527344,27.790000915527344,27.96999931335449,14.658812522888184,1019000
NWL,2003-07-07,28.030000686645508,28.299999237060547,27.950000762939453,28.0,14.67453956604004,1791700
NWL,2003-07-08,27.989999771118164,28.229999542236328,27.82999992370605,27.959999084472656,14.653576850891112,1755700
NWL,2003-07-09,28.0,28.13999938964844,27.75,27.89999961853028,14.6221284866333,1706700
NWL,2003-07-10,27.979999542236328,28.11000061035156,27.86000061035156,27.979999542236328,14.664052963256836,1539500
NWL,2003-07-11,28.0,28.43000030517578,27.950000762939453,28.040000915527344,14.695497512817385,1761900
NWL,2003-07-14,28.049999237060547,28.18000030517578,27.799999237060547,27.8799991607666,14.611647605895996,2148500
NWL,2003-07-15,27.8799991607666,27.950000762939453,27.489999771118164,27.81999969482422,14.58020305633545,2887700
NWL,2003-07-16,27.90999984741211,28.100000381469727,27.799999237060547,28.07999992370605,14.71646499633789,1642600
NWL,2003-07-17,28.100000381469727,28.15999984741211,27.81999969482422,27.88999938964844,14.616884231567385,1308800
NWL,2003-07-18,28.030000686645508,28.280000686645508,27.88999938964844,28.270000457763672,14.81603717803955,1142500
NWL,2003-07-21,28.040000915527344,28.31999969482422,28.0,28.15999984741211,14.758389472961426,1012400
NWL,2003-07-22,28.25,28.950000762939453,28.01000022888184,28.59000015258789,14.983757972717283,1807300
NWL,2003-07-23,28.90999984741211,28.96999931335449,28.530000686645508,28.96999931335449,15.182905197143556,1167300
NWL,2003-07-24,29.09000015258789,29.34000015258789,28.790000915527344,28.799999237060547,15.09381103515625,1369400
NWL,2003-07-25,28.600000381469727,29.170000076293945,28.51000022888184,29.13999938964844,15.271998405456545,855200
NWL,2003-07-28,29.299999237060547,29.450000762939453,29.049999237060547,29.38999938964844,15.403016090393066,1491400
NWL,2003-07-29,29.34000015258789,29.34000015258789,28.600000381469727,28.76000022888184,15.072848320007324,883600
NWL,2003-07-30,28.86000061035156,28.93000030517578,28.36000061035156,28.420000076293945,14.894657135009766,1077300
NWL,2003-07-31,26.0,26.100000381469727,23.38999938964844,23.6299991607666,12.384262084960938,21758800
NWL,2003-08-01,23.64999961853028,23.75,22.989999771118164,23.100000381469727,12.10649299621582,9901600
NWL,2003-08-04,23.100000381469727,23.440000534057617,22.90999984741211,23.350000381469727,12.237520217895508,8471500
NWL,2003-08-05,23.549999237060547,23.71999931335449,23.31999969482422,23.63999938964844,12.389500617980955,8475300
NWL,2003-08-06,23.63999938964844,23.75,23.3700008392334,23.57999992370605,12.35805320739746,9314100
NWL,2003-08-07,23.559999465942383,23.600000381469727,23.26000022888184,23.31999969482422,12.221794128417969,5222600
NWL,2003-08-08,23.5,23.61000061035156,23.32999992370605,23.459999084472656,12.295169830322266,3386600
NWL,2003-08-11,23.5,23.76000022888184,23.38999938964844,23.549999237060547,12.34233283996582,3308200
NWL,2003-08-12,23.670000076293945,23.690000534057617,23.299999237060547,23.63999938964844,12.389500617980955,3254100
NWL,2003-08-13,23.63999938964844,23.68000030517578,22.88999938964844,22.979999542236328,12.04360294342041,4961500
NWL,2003-08-14,22.989999771118164,23.15999984741211,22.56999969482422,23.0,12.054082870483398,4241800
NWL,2003-08-15,22.89999961853028,23.0,22.39999961853028,22.64999961853028,11.870651245117188,4558600
NWL,2003-08-18,22.40999984741211,22.96999931335449,22.25,22.82999992370605,12.076956748962402,3795100
NWL,2003-08-19,22.82999992370605,23.38999938964844,22.809999465942383,23.25,12.29914093017578,3976400
NWL,2003-08-20,23.299999237060547,23.63999938964844,23.1299991607666,23.549999237060547,12.457834243774414,2954500
NWL,2003-08-21,23.549999237060547,24.14999961853028,23.520000457763672,24.06999969482422,12.732909202575684,4424000
NWL,2003-08-22,24.270000457763672,24.270000457763672,23.31999969482422,23.5,12.43138313293457,2335900
NWL,2003-08-25,23.299999237060547,23.39999961853028,23.049999237060547,23.31999969482422,12.336167335510254,2232700
NWL,2003-08-26,23.31999969482422,23.709999084472656,23.14999961853028,23.63999938964844,12.50544548034668,2115800
NWL,2003-08-27,23.63999938964844,23.68000030517578,23.25,23.34000015258789,12.346745491027832,1636500
NWL,2003-08-28,23.350000381469727,23.43000030517578,23.01000022888184,23.40999984741211,12.383779525756836,1383800
NWL,2003-08-29,23.51000022888184,23.82999992370605,23.489999771118164,23.75,12.563634872436523,1572300
NWL,2003-09-02,23.950000762939453,24.51000022888184,23.89999961853028,24.36000061035156,12.886329650878906,2160400
NWL,2003-09-03,24.549999237060547,24.86000061035156,24.13999938964844,24.25,12.828137397766112,3189600
NWL,2003-09-04,24.39999961853028,24.64999961853028,24.229999542236328,24.36000061035156,12.886329650878906,2355000
NWL,2003-09-05,24.14999961853028,24.209999084472656,23.979999542236328,24.100000381469727,12.748785018920898,1360000
NWL,2003-09-08,24.15999984741211,24.440000534057617,24.06999969482422,24.299999237060547,12.854578971862791,1811300
NWL,2003-09-09,24.3799991607666,24.39999961853028,23.89999961853028,23.90999984741211,12.648277282714844,1907200
NWL,2003-09-10,23.920000076293945,23.989999771118164,23.729999542236328,23.780000686645508,12.579508781433104,2316800
NWL,2003-09-11,23.8700008392334,23.93000030517578,23.65999984741211,23.739999771118164,12.558345794677734,1699700
NWL,2003-09-12,23.799999237060547,23.93000030517578,23.559999465942383,23.89999961853028,12.642986297607422,1585000
NWL,2003-09-15,23.89999961853028,24.350000381469727,23.799999237060547,24.290000915527344,12.84929370880127,1425100
NWL,2003-09-16,24.290000915527344,24.549999237060547,24.290000915527344,24.3700008392334,12.891615867614746,1921300
NWL,2003-09-17,24.3799991607666,24.38999938964844,24.200000762939453,24.25,12.828137397766112,4393700
NWL,2003-09-18,24.299999237060547,24.46999931335449,23.989999771118164,24.0,12.695879936218262,3081900
NWL,2003-09-19,24.11000061035156,24.229999542236328,21.5,22.43000030517578,11.865361213684082,18147300
NWL,2003-09-22,22.0,22.34000015258789,21.76000022888184,22.0,11.637895584106444,7279100
NWL,2003-09-23,22.0,23.0,21.75,21.86000061035156,11.563838005065918,3649800
NWL,2003-09-24,21.75,21.950000762939453,21.59000015258789,21.670000076293945,11.463329315185549,2451800
NWL,2003-09-25,21.64999961853028,21.8799991607666,21.26000022888184,21.420000076293945,11.331077575683594,2354400
NWL,2003-09-26,21.3700008392334,21.38999938964844,21.170000076293945,21.32999992370605,11.283469200134276,1855600
NWL,2003-09-29,21.31999969482422,21.65999984741211,21.21999931335449,21.51000022888184,11.378689765930176,1311500
NWL,2003-09-30,21.39999961853028,21.979999542236328,21.270000457763672,21.670000076293945,11.463329315185549,2365100
NWL,2003-10-01,22.0,22.14999961853028,21.770000457763672,22.14999961853028,11.717244148254396,2571600
NWL,2003-10-02,22.14999961853028,22.3700008392334,22.01000022888184,22.200000762939453,11.743691444396973,1662400
NWL,2003-10-03,22.299999237060547,22.39999961853028,21.89999961853028,22.13999938964844,11.711955070495604,2016600
NWL,2003-10-06,22.13999938964844,22.559999465942383,22.13999938964844,22.36000061035156,11.82833194732666,2041000
NWL,2003-10-07,22.3799991607666,22.530000686645508,22.15999984741211,22.5,11.902389526367188,1628400
NWL,2003-10-08,22.5,22.89999961853028,22.5,22.84000015258789,12.082249641418455,2553600
NWL,2003-10-09,23.0,23.049999237060547,22.780000686645508,22.799999237060547,12.061091423034668,1661900
NWL,2003-10-10,22.93000030517578,23.049999237060547,22.809999465942383,22.850000381469727,12.087546348571776,1600900
NWL,2003-10-13,23.0,23.290000915527344,22.89999961853028,23.209999084472656,12.277981758117676,1391400
NWL,2003-10-14,23.299999237060547,23.530000686645508,23.21999931335449,23.229999542236328,12.28856086730957,1783300
NWL,2003-10-15,23.350000381469727,23.38999938964844,23.0,23.09000015258789,12.214502334594728,1369300
NWL,2003-10-16,23.030000686645508,23.229999542236328,22.64999961853028,23.0,12.16688632965088,2241100
NWL,2003-10-17,23.200000762939453,23.479999542236328,22.850000381469727,22.93000030517578,12.129860877990724,2138100
NWL,2003-10-20,22.93000030517578,22.950000762939453,22.64999961853028,22.729999542236328,12.02406406402588,1437800
NWL,2003-10-21,22.729999542236328,22.850000381469727,22.3700008392334,22.3799991607666,11.838906288146973,2181200
NWL,2003-10-22,22.0,22.950000762939453,22.0,22.36000061035156,11.82833194732666,2003400
NWL,2003-10-23,22.299999237060547,22.68000030517578,22.209999084472656,22.43000030517578,11.865361213684082,1622000
NWL,2003-10-24,22.39999961853028,22.700000762939453,22.200000762939453,22.32999992370605,11.812460899353027,1589000
NWL,2003-10-27,22.520000457763672,22.64999961853028,22.049999237060547,22.11000061035156,11.696087837219238,1989200
NWL,2003-10-28,22.229999542236328,22.350000381469727,22.059999465942383,22.209999084472656,11.748985290527344,1474500
NWL,2003-10-29,22.270000457763672,22.450000762939453,22.100000381469727,22.200000762939453,11.743691444396973,1457800
NWL,2003-10-30,22.600000381469727,24.229999542236328,22.600000381469727,22.799999237060547,12.061091423034668,7315200
NWL,2003-10-31,22.709999084472656,23.21999931335449,22.64999961853028,22.799999237060547,12.061091423034668,3114700
NWL,2003-11-03,23.020000457763672,23.1200008392334,22.850000381469727,22.8799991607666,12.103413581848145,2494300
NWL,2003-11-04,22.89999961853028,22.950000762939453,22.700000762939453,22.76000022888184,12.039932250976562,1949400
NWL,2003-11-05,22.76000022888184,22.76000022888184,22.40999984741211,22.690000534057617,12.002903938293455,1452300
NWL,2003-11-06,22.600000381469727,22.770000457763672,22.489999771118164,22.600000381469727,11.955292701721191,1946100
NWL,2003-11-07,22.75,22.850000381469727,22.6200008392334,22.790000915527344,12.055805206298828,3013100
NWL,2003-11-10,22.850000381469727,23.030000686645508,22.700000762939453,22.76000022888184,12.039932250976562,1989100
NWL,2003-11-11,22.75,22.8700008392334,22.57999992370605,22.6200008392334,11.965869903564451,1432600
NWL,2003-11-12,22.64999961853028,23.0,22.56999969482422,22.89999961853028,12.113984107971191,1746700
NWL,2003-11-13,22.780000686645508,22.93000030517578,22.75,22.88999938964844,12.108699798583984,1250400
NWL,2003-11-14,22.88999938964844,22.950000762939453,22.64999961853028,22.729999542236328,12.02406406402588,1451700
NWL,2003-11-17,22.700000762939453,22.850000381469727,22.61000061035156,22.75,12.034638404846191,1262100
NWL,2003-11-18,22.520000457763672,22.700000762939453,22.25,22.25,11.879806518554688,1541600
NWL,2003-11-19,22.290000915527344,22.39999961853028,22.170000076293945,22.280000686645508,11.895822525024414,1315800
NWL,2003-11-20,22.200000762939453,22.690000534057617,22.190000534057617,22.25,11.879806518554688,1912400
NWL,2003-11-21,22.350000381469727,22.940000534057617,22.280000686645508,22.850000381469727,12.200159072875977,2203700
NWL,2003-11-24,22.950000762939453,22.979999542236328,22.76000022888184,22.8799991607666,12.216174125671388,2289300
NWL,2003-11-25,22.770000457763672,22.979999542236328,22.76000022888184,22.88999938964844,12.221513748168944,1189400
NWL,2003-11-26,22.82999992370605,23.06999969482422,22.809999465942383,22.90999984741211,12.232192039489746,908600
NWL,2003-11-28,22.770000457763672,22.950000762939453,22.76000022888184,22.8700008392334,12.21083641052246,531600
NWL,2003-12-01,23.049999237060547,23.15999984741211,22.86000061035156,23.15999984741211,12.365678787231444,1299200
NWL,2003-12-02,23.209999084472656,23.600000381469727,23.1299991607666,23.36000061035156,12.472455024719238,1590600
NWL,2003-12-03,23.559999465942383,23.850000381469727,23.31999969482422,23.440000534057617,12.51517105102539,1623400
NWL,2003-12-04,23.489999771118164,23.64999961853028,23.040000915527344,23.21999931335449,12.397708892822266,1064100
NWL,2003-12-05,23.030000686645508,23.18000030517578,22.8799991607666,23.020000457763672,12.29092502593994,1094500
NWL,2003-12-08,22.93000030517578,23.07999992370605,22.770000457763672,22.96999931335449,12.264227867126465,1185800
NWL,2003-12-09,21.030000686645508,21.100000381469727,20.270000457763672,21.0,11.212395668029783,18906300
NWL,2003-12-10,20.89999961853028,21.239999771118164,20.89999961853028,21.14999961853028,11.292488098144531,4357200
NWL,2003-12-11,21.1200008392334,21.809999465942383,21.11000061035156,21.739999771118164,11.607504844665527,2733100
NWL,2003-12-12,21.68000030517578,21.950000762939453,21.309999465942383,21.700000762939453,11.586148262023926,1744100
NWL,2003-12-15,22.0,22.0,21.209999084472656,21.31999969482422,11.38325309753418,2400300
NWL,2003-12-16,22.950000762939453,22.950000762939453,21.56999969482422,21.64999961853028,11.559449195861816,4046600
NWL,2003-12-17,21.64999961853028,22.059999465942383,21.61000061035156,21.979999542236328,11.735640525817873,3386600
NWL,2003-12-18,22.049999237060547,22.11000061035156,21.81999969482422,22.07999992370605,11.789036750793455,3008800
NWL,2003-12-19,22.190000534057617,22.190000534057617,21.84000015258789,21.850000381469727,11.66623306274414,2470300
NWL,2003-12-22,21.799999237060547,21.8799991607666,21.600000381469727,21.850000381469727,11.66623306274414,2409500
NWL,2003-12-23,21.850000381469727,22.309999465942383,21.799999237060547,22.270000457763672,11.89048194885254,3130700
NWL,2003-12-24,22.020000457763672,22.32999992370605,21.989999771118164,22.100000381469727,11.79971694946289,1566300
NWL,2003-12-26,22.049999237060547,22.479999542236328,22.01000022888184,22.43000030517578,11.97590446472168,1195300
NWL,2003-12-29,22.3700008392334,22.6299991607666,22.3700008392334,22.559999465942383,12.045315742492676,2624000
NWL,2003-12-30,22.600000381469727,22.690000534057617,22.520000457763672,22.68000030517578,12.109392166137695,1771600
NWL,2003-12-31,22.68000030517578,22.88999938964844,22.68000030517578,22.770000457763672,12.157442092895508,1704400
NWL,2004-01-02,22.459999084472656,22.940000534057617,22.459999084472656,22.63999938964844,12.088037490844728,1674700
NWL,2004-01-05,22.84000015258789,23.190000534057617,22.5,22.700000762939453,12.120072364807127,2676300
NWL,2004-01-06,22.799999237060547,22.950000762939453,22.690000534057617,22.84000015258789,12.194816589355469,3334900
NWL,2004-01-07,22.979999542236328,23.25,22.959999084472656,23.25,12.413728713989258,2612500
NWL,2004-01-08,23.3799991607666,23.479999542236328,23.15999984741211,23.31999969482422,12.45110034942627,1870600
NWL,2004-01-09,23.11000061035156,23.5,23.0,23.31999969482422,12.45110034942627,1673200
NWL,2004-01-12,23.3799991607666,23.5,23.25,23.39999961853028,12.493810653686523,1205500
NWL,2004-01-13,23.40999984741211,23.5,23.100000381469727,23.25,12.413728713989258,1351600
NWL,2004-01-14,23.26000022888184,23.530000686645508,23.25,23.520000457763672,12.557888984680176,1182400
NWL,2004-01-15,23.520000457763672,23.530000686645508,23.26000022888184,23.34000015258789,12.461777687072754,1308300
NWL,2004-01-16,23.5,23.76000022888184,23.39999961853028,23.6200008392334,12.611276626586914,1333500
NWL,2004-01-20,23.559999465942383,23.76000022888184,23.39999961853028,23.76000022888184,12.686023712158203,1356700
NWL,2004-01-21,23.82999992370605,24.049999237060547,23.6299991607666,23.979999542236328,12.803494453430176,1434300
NWL,2004-01-22,24.049999237060547,24.270000457763672,23.780000686645508,23.88999938964844,12.75544261932373,1515800
NWL,2004-01-23,24.0,24.0,23.63999938964844,23.64999961853028,12.62729835510254,1469400
NWL,2004-01-26,23.549999237060547,23.549999237060547,22.96999931335449,23.07999992370605,12.322962760925291,2807200
NWL,2004-01-27,23.07999992370605,23.239999771118164,22.920000076293945,23.0,12.280245780944824,2208200
NWL,2004-01-28,23.0,23.100000381469727,22.440000534057617,22.57999992370605,12.055997848510742,2057800
NWL,2004-01-29,24.0,24.700000762939453,23.5,24.21999931335449,12.931628227233888,7348800
NWL,2004-01-30,23.75,24.43000030517578,23.51000022888184,24.43000030517578,13.043757438659668,2912600
NWL,2004-02-02,24.3799991607666,24.5,24.01000022888184,24.350000381469727,13.001042366027832,1996500
NWL,2004-02-03,24.25,24.350000381469727,24.040000915527344,24.13999938964844,12.888911247253418,1589300
NWL,2004-02-04,24.040000915527344,24.5,24.040000915527344,24.39999961853028,13.02773666381836,1465500
NWL,2004-02-05,24.51000022888184,24.6200008392334,24.299999237060547,24.32999992370605,12.990365982055664,1503900
NWL,2004-02-06,24.3700008392334,24.600000381469727,24.1299991607666,24.18000030517578,12.910276412963867,1274700
NWL,2004-02-09,24.290000915527344,24.489999771118164,24.1299991607666,24.34000015258789,12.99570655822754,1088600
NWL,2004-02-10,24.270000457763672,24.440000534057617,24.14999961853028,24.15999984741211,12.899598121643066,1221600
NWL,2004-02-11,24.100000381469727,24.420000076293945,24.040000915527344,24.31999969482422,12.985026359558104,1963500
NWL,2004-02-12,25.25,25.700000762939453,25.0,25.39999961853028,13.561662673950195,4325900
NWL,2004-02-13,25.309999465942383,25.549999237060547,25.239999771118164,25.299999237060547,13.50826644897461,1844800
NWL,2004-02-17,25.549999237060547,26.0,25.450000762939453,25.850000381469727,13.801928520202637,1958600
NWL,2004-02-18,25.950000762939453,26.270000457763672,25.88999938964844,26.049999237060547,13.90871524810791,1577600
NWL,2004-02-19,26.049999237060547,26.40999984741211,25.780000686645508,25.940000534057617,13.96253490447998,1810300
NWL,2004-02-20,25.989999771118164,26.25,25.64999961853028,25.770000457763672,13.8710355758667,1307400
NWL,2004-02-23,25.89999961853028,26.25,25.799999237060547,26.15999984741211,14.080961227416992,1331900
NWL,2004-02-24,26.0,26.049999237060547,25.21999931335449,25.290000915527344,13.612671852111816,2032500
NWL,2004-02-25,25.420000076293945,25.63999938964844,25.14999961853028,25.31999969482422,13.628824234008787,924600
NWL,2004-02-26,25.31999969482422,25.479999542236328,25.1299991607666,25.40999984741211,13.677257537841797,853300
NWL,2004-02-27,25.030000686645508,25.68000030517578,25.030000686645508,25.59000015258789,13.774145126342772,931300
NWL,2004-03-01,25.57999992370605,25.600000381469727,25.25,25.39999961853028,13.671874046325684,964300
NWL,2004-03-02,25.39999961853028,25.5,25.11000061035156,25.40999984741211,13.677257537841797,1240200
NWL,2004-03-03,25.420000076293945,25.700000762939453,25.15999984741211,25.63999938964844,13.801057815551758,1210000
NWL,2004-03-04,25.709999084472656,25.89999961853028,25.6200008392334,25.75,13.860272407531738,926000
NWL,2004-03-05,25.6200008392334,26.0,25.32999992370605,25.63999938964844,13.801057815551758,896900
NWL,2004-03-08,25.65999984741211,25.90999984741211,25.350000381469727,25.65999984741211,13.811826705932615,925500
NWL,2004-03-09,25.670000076293945,25.700000762939453,24.959999084472656,25.09000015258789,13.505017280578612,1652400
NWL,2004-03-10,25.200000762939453,25.32999992370605,24.6200008392334,24.690000534057617,13.289708137512209,1248200
NWL,2004-03-11,24.420000076293945,24.520000457763672,24.030000686645508,24.049999237060547,12.94522476196289,1828400
NWL,2004-03-12,24.31999969482422,24.989999771118164,24.229999542236328,24.88999938964844,13.397360801696776,1249500
NWL,2004-03-15,24.88999938964844,24.89999961853028,23.790000915527344,23.790000915527344,12.805279731750488,1996600
NWL,2004-03-16,23.989999771118164,24.290000915527344,23.46999931335449,23.700000762939453,12.756832122802734,2263600
NWL,2004-03-17,23.799999237060547,23.90999984741211,23.190000534057617,23.40999984741211,12.600737571716309,2289800
NWL,2004-03-18,23.15999984741211,23.170000076293945,22.14999961853028,22.82999992370605,12.288544654846191,4731500
NWL,2004-03-19,22.93000030517578,23.38999938964844,22.6200008392334,22.75,12.24548053741455,2431400
NWL,2004-03-22,22.75,22.799999237060547,22.3700008392334,22.600000381469727,12.164742469787598,2675900
NWL,2004-03-23,22.850000381469727,22.979999542236328,22.540000915527344,22.770000457763672,12.256245613098145,2153700
NWL,2004-03-24,22.770000457763672,23.0,22.670000076293945,22.81999969482422,12.283158302307127,1761200
NWL,2004-03-25,22.81999969482422,23.14999961853028,22.76000022888184,23.07999992370605,12.423103332519531,1562600
NWL,2004-03-26,23.89999961853028,23.89999961853028,23.200000762939453,23.200000762939453,12.487706184387209,3248500
NWL,2004-03-29,23.209999084472656,23.25,22.8700008392334,23.1299991607666,12.450028419494627,1392200
NWL,2004-03-30,23.01000022888184,23.15999984741211,22.89999961853028,23.11000061035156,12.43925666809082,1452000
NWL,2004-03-31,23.14999961853028,23.350000381469727,22.979999542236328,23.200000762939453,12.487706184387209,1490200
NWL,2004-04-01,23.31999969482422,23.670000076293945,23.21999931335449,23.559999465942383,12.681472778320312,1631500
NWL,2004-04-02,23.75,23.920000076293945,23.670000076293945,23.75,12.783746719360352,1456300
NWL,2004-04-05,23.700000762939453,23.82999992370605,23.31999969482422,23.770000457763672,12.794509887695312,1345100
NWL,2004-04-06,23.809999465942383,23.89999961853028,23.600000381469727,23.770000457763672,12.794509887695312,1058300
NWL,2004-04-07,23.770000457763672,23.770000457763672,23.40999984741211,23.6299991607666,12.71915340423584,750500
NWL,2004-04-08,23.780000686645508,23.809999465942383,23.450000762939453,23.670000076293945,12.740678787231444,911600
NWL,2004-04-12,23.64999961853028,23.950000762939453,23.559999465942383,23.88999938964844,12.859100341796877,1122800
NWL,2004-04-13,24.0,24.040000915527344,23.40999984741211,23.520000457763672,12.659941673278809,1261500
NWL,2004-04-14,23.51000022888184,24.56999969482422,23.229999542236328,23.76000022888184,12.789127349853516,2005800
NWL,2004-04-15,23.739999771118164,24.01000022888184,23.440000534057617,23.8799991607666,12.853715896606444,935900
NWL,2004-04-16,24.0,24.5,23.850000381469727,24.489999771118164,13.182056427001951,1472800
NWL,2004-04-19,24.3700008392334,24.3700008392334,23.920000076293945,24.31999969482422,13.090551376342772,777500
NWL,2004-04-20,24.18000030517578,24.39999961853028,23.989999771118164,24.100000381469727,12.972134590148926,940800
NWL,2004-04-21,24.049999237060547,24.34000015258789,23.950000762939453,24.309999465942383,13.085172653198242,793300
NWL,2004-04-22,24.309999465942383,24.780000686645508,24.1299991607666,24.739999771118164,13.31662654876709,1296500
NWL,2004-04-23,24.75,24.940000534057617,24.56999969482422,24.84000015258789,13.370447158813477,1229100
NWL,2004-04-26,24.850000381469727,24.89999961853028,24.61000061035156,24.88999938964844,13.397360801696776,1053300
NWL,2004-04-27,24.88999938964844,25.030000686645508,24.59000015258789,24.76000022888184,13.327383041381836,1328600
NWL,2004-04-28,24.809999465942383,25.0,24.63999938964844,24.809999465942383,13.354296684265137,1091700
NWL,2004-04-29,24.600000381469727,24.600000381469727,23.450000762939453,23.64999961853028,12.729918479919434,4325600
NWL,2004-04-30,23.64999961853028,23.89999961853028,23.520000457763672,23.63999938964844,12.724532127380373,1597700
NWL,2004-05-03,23.82999992370605,23.850000381469727,23.43000030517578,23.64999961853028,12.729918479919434,2848300
NWL,2004-05-04,23.57999992370605,23.89999961853028,23.40999984741211,23.799999237060547,12.810653686523438,1286700
NWL,2004-05-05,23.729999542236328,23.739999771118164,23.31999969482422,23.530000686645508,12.665326118469238,899700
NWL,2004-05-06,23.39999961853028,23.64999961853028,22.530000686645508,22.89999961853028,12.326220512390137,2152800
NWL,2004-05-07,22.459999084472656,22.86000061035156,22.190000534057617,22.6299991607666,12.180891036987305,2599000
NWL,2004-05-10,22.350000381469727,23.059999465942383,22.290000915527344,22.690000534057617,12.213191986083984,2068100
NWL,2004-05-11,22.63999938964844,23.0,22.5,22.780000686645508,12.26162338256836,1150700
NWL,2004-05-12,22.700000762939453,22.90999984741211,22.530000686645508,22.90999984741211,12.331600189208984,1598600
NWL,2004-05-13,22.90999984741211,23.07999992370605,22.600000381469727,22.979999542236328,12.369277000427246,1298500
NWL,2004-05-14,23.040000915527344,23.459999084472656,22.89999961853028,23.350000381469727,12.568443298339844,1722800
NWL,2004-05-17,22.959999084472656,23.100000381469727,22.64999961853028,22.68000030517578,12.20779514312744,1178800
NWL,2004-05-18,22.84000015258789,22.90999984741211,22.700000762939453,22.81999969482422,12.283158302307127,579800
NWL,2004-05-19,23.0,23.18000030517578,22.850000381469727,23.030000686645508,12.396199226379396,976700
NWL,2004-05-20,23.030000686645508,23.030000686645508,22.729999542236328,22.75,12.24548053741455,611700
NWL,2004-05-21,22.75,23.190000534057617,22.559999465942383,22.8700008392334,12.31007480621338,1571400
NWL,2004-05-24,22.8700008392334,23.34000015258789,22.799999237060547,23.270000457763672,12.52537727355957,842300
NWL,2004-05-25,23.200000762939453,23.31999969482422,23.0,23.299999237060547,12.541529655456545,1203400
NWL,2004-05-26,23.059999465942383,23.34000015258789,23.0,23.200000762939453,12.601278305053713,969500
NWL,2004-05-27,23.25,23.489999771118164,23.049999237060547,23.239999771118164,12.623003005981444,929100
NWL,2004-05-28,23.309999465942383,23.6200008392334,23.1299991607666,23.56999969482422,12.802241325378418,632100
NWL,2004-06-01,23.5,23.57999992370605,23.270000457763672,23.5,12.764217376708984,742500
NWL,2004-06-02,23.6299991607666,23.68000030517578,23.290000915527344,23.540000915527344,12.785947799682615,728100
NWL,2004-06-03,23.39999961853028,23.40999984741211,23.13999938964844,23.309999465942383,12.66102409362793,650200
NWL,2004-06-04,23.309999465942383,23.549999237060547,23.309999465942383,23.51000022888184,12.769652366638184,863000
NWL,2004-06-07,23.51000022888184,23.6200008392334,23.25,23.520000457763672,12.775081634521484,777600
NWL,2004-06-08,23.51000022888184,23.51000022888184,23.21999931335449,23.39999961853028,12.70989990234375,550300
NWL,2004-06-09,23.21999931335449,23.5,23.200000762939453,23.200000762939453,12.601278305053713,726400
NWL,2004-06-10,23.100000381469727,23.489999771118164,22.84000015258789,23.309999465942383,12.66102409362793,1025300
NWL,2004-06-14,23.299999237060547,23.350000381469727,23.14999961853028,23.299999237060547,12.65559196472168,554100
NWL,2004-06-15,23.3799991607666,23.700000762939453,23.36000061035156,23.39999961853028,12.70989990234375,867000
NWL,2004-06-16,23.39999961853028,23.90999984741211,23.11000061035156,23.200000762939453,12.601278305053713,984300
NWL,2004-06-17,23.200000762939453,23.43000030517578,23.100000381469727,23.18000030517578,12.590409278869627,662300
NWL,2004-06-18,23.200000762939453,23.34000015258789,23.049999237060547,23.18000030517578,12.590409278869627,567000
NWL,2004-06-21,23.07999992370605,23.239999771118164,22.96999931335449,23.100000381469727,12.546956062316896,899000
NWL,2004-06-22,23.06999969482422,23.21999931335449,22.940000534057617,23.01000022888184,12.49807357788086,782500
NWL,2004-06-23,23.07999992370605,23.68000030517578,22.950000762939453,23.6200008392334,12.82939910888672,922200
NWL,2004-06-24,23.64999961853028,23.64999961853028,23.280000686645508,23.3700008392334,12.693612098693848,695100
NWL,2004-06-25,23.270000457763672,23.43000030517578,22.89999961853028,23.0,12.49263858795166,1204400
NWL,2004-06-28,23.100000381469727,23.459999084472656,23.020000457763672,23.290000915527344,12.650155067443848,963300
NWL,2004-06-29,23.290000915527344,23.299999237060547,23.020000457763672,23.09000015258789,12.541529655456545,961400
NWL,2004-06-30,23.059999465942383,23.5,23.059999465942383,23.5,12.764217376708984,605000
NWL,2004-07-01,23.5,23.600000381469727,23.15999984741211,23.309999465942383,12.66102409362793,734800
NWL,2004-07-02,23.309999465942383,23.309999465942383,23.040000915527344,23.170000076293945,12.58498191833496,640000
NWL,2004-07-06,23.170000076293945,23.270000457763672,22.940000534057617,23.200000762939453,12.601278305053713,781900
NWL,2004-07-07,23.100000381469727,23.200000762939453,22.90999984741211,22.96999931335449,12.476346969604492,683900
NWL,2004-07-08,22.8799991607666,22.8799991607666,22.38999938964844,22.39999961853028,12.166749000549316,829500
NWL,2004-07-09,22.32999992370605,22.71999931335449,22.290000915527344,22.670000076293945,12.31340217590332,986400
NWL,2004-07-12,22.600000381469727,22.809999465942383,22.40999984741211,22.600000381469727,12.27537727355957,615500
NWL,2004-07-13,22.559999465942383,22.57999992370605,22.239999771118164,22.350000381469727,12.139591217041016,913700
NWL,2004-07-14,22.100000381469727,22.39999961853028,22.059999465942383,22.200000762939453,12.058112144470217,1505600
NWL,2004-07-15,22.18000030517578,22.290000915527344,21.950000762939453,22.040000915527344,11.97120761871338,1052400
NWL,2004-07-16,22.1299991607666,22.1299991607666,21.790000915527344,21.88999938964844,11.889741897583008,1075700
NWL,2004-07-19,21.950000762939453,22.190000534057617,21.88999938964844,22.07999992370605,11.992937088012695,1045300
NWL,2004-07-20,22.07999992370605,22.239999771118164,21.979999542236328,22.06999969482422,11.987504959106444,725000
NWL,2004-07-21,22.06999969482422,22.25,21.809999465942383,21.89999961853028,11.895163536071776,824800
NWL,2004-07-22,21.729999542236328,22.06999969482422,21.709999084472656,21.959999084472656,11.927760124206545,1176200
NWL,2004-07-23,21.89999961853028,21.93000030517578,21.549999237060547,21.559999465942383,11.710494995117188,842300
NWL,2004-07-26,21.549999237060547,21.739999771118164,21.31999969482422,21.34000015258789,11.5910005569458,1066500
NWL,2004-07-27,21.350000381469727,21.850000381469727,21.350000381469727,21.770000457763672,11.82455062866211,1496500
NWL,2004-07-28,21.700000762939453,21.75,21.36000061035156,21.690000534057617,11.781102180480955,1500100
NWL,2004-07-29,21.5,21.600000381469727,21.14999961853028,21.489999771118164,11.672473907470703,1525800
NWL,2004-07-30,21.299999237060547,21.86000061035156,21.299999237060547,21.600000381469727,11.732219696044922,1664400
NWL,2004-08-02,21.61000061035156,21.670000076293945,21.38999938964844,21.670000076293945,11.77024745941162,2039600
NWL,2004-08-03,21.520000457763672,21.920000076293945,21.5,21.809999465942383,11.84628677368164,1267300
NWL,2004-08-04,21.809999465942383,21.84000015258789,21.540000915527344,21.64999961853028,11.759377479553224,876800
NWL,2004-08-05,21.700000762939453,21.780000686645508,21.170000076293945,21.18000030517578,11.504095077514648,941700
NWL,2004-08-06,20.600000381469727,21.0,20.520000457763672,20.809999465942383,11.303122520446776,1214800
NWL,2004-08-09,20.809999465942383,21.190000534057617,20.809999465942383,21.0,11.40632438659668,1192200
NWL,2004-08-10,21.049999237060547,21.3799991607666,20.93000030517578,21.350000381469727,11.596431732177734,767000
NWL,2004-08-11,21.350000381469727,21.46999931335449,21.190000534057617,21.39999961853028,11.62358570098877,775700
NWL,2004-08-12,21.049999237060547,21.15999984741211,20.81999969482422,20.88999938964844,11.45902156829834,735200
NWL,2004-08-13,20.950000762939453,20.979999542236328,20.770000457763672,20.8799991607666,11.453540802001951,893600
NWL,2004-08-16,21.030000686645508,21.25,21.030000686645508,21.14999961853028,11.601644515991213,1137000
NWL,2004-08-17,21.14999961853028,21.309999465942383,21.100000381469727,21.1299991607666,11.590680122375488,995400
NWL,2004-08-18,21.13999938964844,21.46999931335449,21.030000686645508,21.420000076293945,11.749750137329102,735100
NWL,2004-08-19,21.43000030517578,21.540000915527344,21.21999931335449,21.39999961853028,11.738779067993164,757900
NWL,2004-08-20,21.40999984741211,21.729999542236328,21.299999237060547,21.690000534057617,11.89785861968994,828300
NWL,2004-08-23,21.75,21.950000762939453,21.75,21.82999992370605,11.974655151367188,618100
NWL,2004-08-24,21.82999992370605,21.850000381469727,21.51000022888184,21.729999542236328,11.919806480407717,545800
NWL,2004-08-25,21.739999771118164,21.799999237060547,21.489999771118164,21.729999542236328,11.919806480407717,431100
NWL,2004-08-26,21.690000534057617,21.780000686645508,21.600000381469727,21.739999771118164,11.925288200378418,539900
NWL,2004-08-27,21.88999938964844,21.88999938964844,21.6299991607666,21.770000457763672,11.941737174987791,472600
NWL,2004-08-30,21.770000457763672,21.770000457763672,21.43000030517578,21.440000534057617,11.760725021362305,506100
NWL,2004-08-31,21.549999237060547,21.729999542236328,21.32999992370605,21.530000686645508,11.810091972351074,654300
NWL,2004-09-01,21.530000686645508,21.71999931335449,21.32999992370605,21.549999237060547,11.82106590270996,683800
NWL,2004-09-02,21.46999931335449,21.68000030517578,21.030000686645508,21.6200008392334,11.859460830688477,1480100
NWL,2004-09-03,21.6200008392334,22.049999237060547,21.61000061035156,22.040000915527344,12.089845657348633,834800
NWL,2004-09-07,22.049999237060547,22.290000915527344,22.040000915527344,22.13999938964844,12.144701957702637,1533500
NWL,2004-09-08,22.13999938964844,22.14999961853028,21.89999961853028,21.940000534057617,12.034991264343262,706900
NWL,2004-09-09,21.89999961853028,22.11000061035156,21.700000762939453,22.01000022888184,12.073396682739258,963500
NWL,2004-09-10,21.96999931335449,22.200000762939453,21.86000061035156,22.14999961853028,12.150187492370604,1043500
NWL,2004-09-13,21.96999931335449,22.229999542236328,21.799999237060547,22.13999938964844,12.144701957702637,913600
NWL,2004-09-14,22.13999938964844,22.170000076293945,21.920000076293945,22.0,12.067907333374023,754200
NWL,2004-09-15,21.89999961853028,22.100000381469727,21.850000381469727,21.88999938964844,12.007575035095217,818900
NWL,2004-09-16,21.88999938964844,22.13999938964844,21.850000381469727,22.049999237060547,12.09533405303955,723400
NWL,2004-09-17,22.0,22.049999237060547,21.559999465942383,21.690000534057617,11.89785861968994,1223300
NWL,2004-09-20,21.600000381469727,21.61000061035156,21.21999931335449,21.239999771118164,11.651012420654297,1517500
NWL,2004-09-21,21.290000915527344,21.3700008392334,21.01000022888184,21.1299991607666,11.590680122375488,1777800
NWL,2004-09-22,21.06999969482422,21.14999961853028,20.940000534057617,21.09000015258789,11.568734169006348,1572800
NWL,2004-09-23,21.030000686645508,21.170000076293945,20.86000061035156,20.950000762939453,11.491938591003418,1156400
NWL,2004-09-24,20.96999931335449,21.059999465942383,20.799999237060547,20.81999969482422,11.420629501342772,1355300
NWL,2004-09-27,20.71999931335449,20.75,20.56999969482422,20.709999084472656,11.360286712646484,1597000
NWL,2004-09-28,20.709999084472656,20.709999084472656,19.75,20.100000381469727,11.025674819946287,4374400
NWL,2004-09-29,20.049999237060547,20.09000015258789,19.799999237060547,19.989999771118164,10.965343475341797,2812000
NWL,2004-09-30,20.0,20.1200008392334,19.8700008392334,20.040000915527344,10.99276638031006,3741700
NWL,2004-10-01,20.040000915527344,20.440000534057617,19.8700008392334,20.15999984741211,11.058592796325684,4427700
NWL,2004-10-04,20.68000030517578,20.68000030517578,19.8799991607666,20.459999084472656,11.223156929016112,3285500
NWL,2004-10-05,20.549999237060547,20.690000534057617,20.46999931335449,20.670000076293945,11.33834743499756,2120400
NWL,2004-10-06,20.68000030517578,20.739999771118164,20.3799991607666,20.690000534057617,11.349316596984863,2058400
NWL,2004-10-07,20.63999938964844,20.790000915527344,20.450000762939453,20.46999931335449,11.228636741638184,1525300
NWL,2004-10-08,20.5,20.700000762939453,20.40999984741211,20.440000534057617,11.21218204498291,979900
NWL,2004-10-11,20.450000762939453,20.51000022888184,20.209999084472656,20.299999237060547,11.135387420654297,743800
NWL,2004-10-12,20.299999237060547,20.3799991607666,20.059999465942383,20.13999938964844,11.047622680664062,1431100
NWL,2004-10-13,20.15999984741211,20.350000381469727,19.979999542236328,20.020000457763672,10.981799125671388,2200500
NWL,2004-10-14,20.040000915527344,20.07999992370605,19.81999969482422,19.850000381469727,10.888544082641602,1983900
NWL,2004-10-15,19.950000762939453,19.979999542236328,19.64999961853028,19.68000030517578,10.79529094696045,1727200
NWL,2004-10-18,19.71999931335449,19.75,19.34000015258789,19.68000030517578,10.79529094696045,2312300
NWL,2004-10-19,19.700000762939453,19.799999237060547,19.520000457763672,19.520000457763672,10.707526206970217,1792100
NWL,2004-10-20,19.549999237060547,19.549999237060547,19.11000061035156,19.39999961853028,10.641701698303224,2639800
NWL,2004-10-21,19.31999969482422,19.40999984741211,19.07999992370605,19.209999084472656,10.53747272491455,2378200
NWL,2004-10-22,19.31999969482422,19.36000061035156,19.239999771118164,19.299999237060547,10.586843490600586,2683700
NWL,2004-10-25,19.25,19.290000915527344,19.049999237060547,19.11000061035156,10.482622146606444,1202800
NWL,2004-10-26,19.11000061035156,19.239999771118164,19.059999465942383,19.14999961853028,10.504566192626951,1595000
NWL,2004-10-27,19.18000030517578,19.31999969482422,19.059999465942383,19.280000686645508,10.575873374938965,2004700
NWL,2004-10-28,20.549999237060547,21.39999961853028,20.270000457763672,21.0,11.519363403320312,5958100
NWL,2004-10-29,21.25,21.559999465942383,21.0,21.559999465942383,11.826550483703612,3090500
NWL,2004-11-01,21.600000381469727,21.799999237060547,21.39999961853028,21.729999542236328,11.919806480407717,1755400
NWL,2004-11-02,21.729999542236328,21.790000915527344,21.3700008392334,21.450000762939453,11.766206741333008,1501000
NWL,2004-11-03,21.600000381469727,21.809999465942383,21.51000022888184,21.809999465942383,11.96368408203125,1039300
NWL,2004-11-04,21.82999992370605,22.459999084472656,21.799999237060547,22.459999084472656,12.320236206054688,1537700
NWL,2004-11-05,22.5,22.709999084472656,22.290000915527344,22.3799991607666,12.276349067687988,2288300
NWL,2004-11-08,22.479999542236328,22.479999542236328,22.21999931335449,22.3700008392334,12.270870208740234,1048900
NWL,2004-11-09,22.459999084472656,22.799999237060547,22.36000061035156,22.799999237060547,12.506738662719728,1595900
NWL,2004-11-10,22.8799991607666,22.89999961853028,22.64999961853028,22.700000762939453,12.451884269714355,1070700
NWL,2004-11-11,22.82999992370605,22.89999961853028,22.690000534057617,22.799999237060547,12.506738662719728,1280700
NWL,2004-11-12,22.75,22.8700008392334,22.530000686645508,22.799999237060547,12.623003959655762,1401300
NWL,2004-11-15,22.8799991607666,23.14999961853028,22.770000457763672,23.14999961853028,12.816771507263184,2988700
NWL,2004-11-16,23.01000022888184,23.350000381469727,23.0,23.31999969482422,12.910893440246582,2141800
NWL,2004-11-17,23.5,23.850000381469727,23.350000381469727,23.75,13.148965835571287,2916600
NWL,2004-11-18,23.75,23.979999542236328,23.700000762939453,23.850000381469727,13.204328536987305,2473400
NWL,2004-11-19,23.950000762939453,23.959999084472656,23.530000686645508,23.63999938964844,13.088057518005373,2399800
NWL,2004-11-22,23.56999969482422,23.600000381469727,23.36000061035156,23.51000022888184,13.016088485717772,1366800
NWL,2004-11-23,23.39999961853028,23.65999984741211,23.09000015258789,23.38999938964844,12.949650764465332,1321200
NWL,2004-11-24,23.5,23.739999771118164,23.450000762939453,23.51000022888184,13.016088485717772,1239500
NWL,2004-11-26,23.5,23.71999931335449,23.39999961853028,23.489999771118164,13.00501823425293,701700
NWL,2004-11-29,23.600000381469727,23.64999961853028,23.190000534057617,23.34000015258789,12.92196559906006,1109000
NWL,2004-11-30,23.34000015258789,23.38999938964844,22.96999931335449,23.07999992370605,12.778018951416016,2262600
NWL,2004-12-01,23.07999992370605,23.239999771118164,22.89999961853028,23.229999542236328,12.861074447631836,2268100
NWL,2004-12-02,23.1200008392334,23.31999969482422,22.89999961853028,23.020000457763672,12.744802474975586,2834900
NWL,2004-12-03,23.049999237060547,23.21999931335449,22.920000076293945,23.049999237060547,12.761414527893066,1972700
NWL,2004-12-06,23.09000015258789,23.09000015258789,22.770000457763672,22.82999992370605,12.63961410522461,1395400
NWL,2004-12-07,22.809999465942383,22.86000061035156,22.38999938964844,22.530000686645508,12.47352409362793,2252100
NWL,2004-12-08,22.57999992370605,22.57999992370605,22.26000022888184,22.43000030517578,12.418150901794434,1451500
NWL,2004-12-09,22.3700008392334,22.65999984741211,22.350000381469727,22.489999771118164,12.451375007629396,1837200
NWL,2004-12-10,23.1200008392334,23.1200008392334,22.3700008392334,22.459999084472656,12.434768676757812,1771300
NWL,2004-12-13,22.6200008392334,22.82999992370605,22.440000534057617,22.809999465942383,12.628540992736816,1954300
NWL,2004-12-14,22.0,23.0,22.0,22.93000030517578,12.694979667663574,2472500
NWL,2004-12-15,22.96999931335449,23.18000030517578,22.56999969482422,22.71999931335449,12.57871437072754,1745500
NWL,2004-12-16,22.799999237060547,22.989999771118164,22.6200008392334,22.799999237060547,12.623003959655762,1124900
NWL,2004-12-17,22.600000381469727,22.82999992370605,22.43000030517578,22.76000022888184,12.600862503051758,1917800
NWL,2004-12-20,22.790000915527344,23.040000915527344,22.5,22.549999237060547,12.484591484069824,1790900
NWL,2004-12-21,22.61000061035156,23.170000076293945,22.38999938964844,23.13999938964844,12.811240196228027,1928600
NWL,2004-12-22,23.239999771118164,23.489999771118164,23.11000061035156,23.459999084472656,12.988404273986816,1897600
NWL,2004-12-23,23.5,23.920000076293945,23.5,23.82999992370605,13.193256378173828,2966400
NWL,2004-12-27,23.959999084472656,24.1299991607666,23.799999237060547,23.89999961853028,13.23200511932373,1927900
NWL,2004-12-28,24.100000381469727,24.270000457763672,24.0,24.06999969482422,13.326125144958496,1354600
NWL,2004-12-29,24.06999969482422,24.13999938964844,23.850000381469727,23.96999931335449,13.270761489868164,1442400
NWL,2004-12-30,23.950000762939453,24.07999992370605,23.950000762939453,23.950000762939453,13.259696006774902,930600
NWL,2004-12-31,23.950000762939453,24.229999542236328,23.86000061035156,24.190000534057617,13.392570495605469,1206100
NWL,2005-01-03,24.299999237060547,24.549999237060547,23.940000534057617,24.020000457763672,13.29845142364502,1706900
NWL,2005-01-04,24.1299991607666,24.1299991607666,23.600000381469727,23.63999938964844,13.088057518005373,1234800
NWL,2005-01-05,23.5,23.51000022888184,23.100000381469727,23.14999961853028,12.816771507263184,1095500
NWL,2005-01-06,23.049999237060547,23.299999237060547,22.950000762939453,23.209999084472656,12.84999656677246,1257800
NWL,2005-01-07,23.25,23.39999961853028,23.13999938964844,23.229999542236328,12.861074447631836,1079400
NWL,2005-01-10,23.170000076293945,23.6200008392334,23.049999237060547,23.450000762939453,12.98287296295166,1424400
NWL,2005-01-11,22.93000030517578,23.46999931335449,22.93000030517578,23.39999961853028,12.955183029174805,1218400
NWL,2005-01-12,23.43000030517578,23.489999771118164,23.15999984741211,23.440000534057617,12.977334976196287,1064000
NWL,2005-01-13,23.39999961853028,23.39999961853028,23.040000915527344,23.09000015258789,12.783563613891602,1307200
NWL,2005-01-14,23.09000015258789,23.15999984741211,22.89999961853028,23.01000022888184,12.739269256591797,1096300
NWL,2005-01-18,23.020000457763672,23.13999938964844,22.84000015258789,23.040000915527344,12.75588321685791,2382600
NWL,2005-01-19,23.049999237060547,23.190000534057617,22.8799991607666,23.0,12.733731269836426,1621600
NWL,2005-01-20,22.979999542236328,23.09000015258789,22.790000915527344,22.950000762939453,12.706048011779783,1642800
NWL,2005-01-21,23.0,23.100000381469727,22.690000534057617,22.690000534057617,12.562108039855955,1550400
NWL,2005-01-24,22.739999771118164,22.850000381469727,22.530000686645508,22.809999465942383,12.628540992736816,1372300
NWL,2005-01-25,22.799999237060547,22.940000534057617,22.65999984741211,22.729999542236328,12.58424949645996,1146400
NWL,2005-01-26,22.729999542236328,23.0,22.540000915527344,22.90999984741211,12.683902740478516,1723100
NWL,2005-01-27,22.700000762939453,22.709999084472656,21.64999961853028,21.76000022888184,12.04721450805664,4522600
NWL,2005-01-28,21.920000076293945,21.950000762939453,21.450000762939453,21.700000762939453,12.013998031616213,2155600
NWL,2005-01-31,21.850000381469727,21.850000381469727,21.39999961853028,21.520000457763672,11.914345741271973,2311300
NWL,2005-02-01,21.520000457763672,21.8799991607666,21.350000381469727,21.81999969482422,12.080437660217283,2228400
NWL,2005-02-02,21.81999969482422,22.26000022888184,21.81999969482422,22.239999771118164,12.31296730041504,1289400
NWL,2005-02-03,22.25,22.450000762939453,21.88999938964844,22.030000686645508,12.196702003479004,1267700
NWL,2005-02-04,22.049999237060547,22.489999771118164,21.920000076293945,22.450000762939453,12.429231643676758,1607500
NWL,2005-02-07,22.5,22.809999465942383,22.32999992370605,22.38999938964844,12.39600944519043,1404500
NWL,2005-02-08,22.34000015258789,22.809999465942383,22.31999969482422,22.739999771118164,12.589784622192385,1512500
NWL,2005-02-09,22.84000015258789,22.88999938964844,22.43000030517578,22.489999771118164,12.451375007629396,1120600
NWL,2005-02-10,22.6299991607666,22.690000534057617,22.36000061035156,22.3799991607666,12.390470504760742,716700
NWL,2005-02-11,22.39999961853028,22.75,22.18000030517578,22.75,12.595321655273438,940400
NWL,2005-02-14,22.86000061035156,22.90999984741211,22.6299991607666,22.8700008392334,12.66175937652588,944400
NWL,2005-02-15,22.920000076293945,23.07999992370605,22.8700008392334,22.989999771118164,12.728193283081056,1186700
NWL,2005-02-16,23.0,23.049999237060547,22.63999938964844,22.920000076293945,12.689438819885254,1042700
NWL,2005-02-17,22.81999969482422,22.920000076293945,22.559999465942383,22.670000076293945,12.667092323303224,1201900
NWL,2005-02-18,22.729999542236328,22.729999542236328,22.520000457763672,22.65999984741211,12.661503791809082,851400
NWL,2005-02-22,22.65999984741211,22.700000762939453,21.89999961853028,21.920000076293945,12.248024940490724,1332300
NWL,2005-02-23,21.959999084472656,22.1299991607666,21.93000030517578,21.940000534057617,12.259194374084473,1250400
NWL,2005-02-24,22.0,22.100000381469727,21.739999771118164,21.979999542236328,12.281549453735352,1123500
NWL,2005-02-25,22.100000381469727,22.36000061035156,21.959999084472656,22.15999984741211,12.382128715515137,970800
NWL,2005-02-28,22.209999084472656,22.36000061035156,22.030000686645508,22.290000915527344,12.454766273498535,967000
NWL,2005-03-01,22.440000534057617,22.59000015258789,22.31999969482422,22.43000030517578,12.532981872558594,906900
NWL,2005-03-02,22.440000534057617,22.5,22.170000076293945,22.280000686645508,12.449172973632812,748400
NWL,2005-03-03,22.299999237060547,22.420000076293945,22.200000762939453,22.280000686645508,12.449172973632812,975800
NWL,2005-03-04,22.479999542236328,22.549999237060547,22.299999237060547,22.39999961853028,12.516227722167969,588000
NWL,2005-03-07,22.540000915527344,22.57999992370605,22.36000061035156,22.36000061035156,12.493873596191406,650200
NWL,2005-03-08,22.3700008392334,22.450000762939453,22.1200008392334,22.18000030517578,12.39329719543457,1183100
NWL,2005-03-09,22.18000030517578,22.350000381469727,21.950000762939453,22.01000022888184,12.298314094543455,1536000
NWL,2005-03-10,22.09000015258789,22.09000015258789,21.90999984741211,22.030000686645508,12.309484481811523,1357500
NWL,2005-03-11,22.09000015258789,22.239999771118164,21.81999969482422,21.86000061035156,12.214499473571776,1111400
NWL,2005-03-14,21.950000762939453,21.989999771118164,21.799999237060547,21.89999961853028,12.236842155456545,1140300
NWL,2005-03-15,21.90999984741211,21.989999771118164,21.530000686645508,21.530000686645508,12.030102729797363,1332700
NWL,2005-03-16,21.530000686645508,21.530000686645508,20.600000381469727,20.959999084472656,11.7116117477417,3213000
NWL,2005-03-17,20.979999542236328,21.14999961853028,20.799999237060547,21.01000022888184,11.739551544189451,1615600
NWL,2005-03-18,21.14999961853028,21.25,20.8799991607666,20.950000762939453,11.706024169921877,2055800
NWL,2005-03-21,20.86000061035156,21.1299991607666,20.86000061035156,21.07999992370605,11.77866554260254,1193700
NWL,2005-03-22,21.18000030517578,21.39999961853028,20.979999542236328,21.030000686645508,11.750723838806152,1651700
NWL,2005-03-23,20.940000534057617,21.229999542236328,20.89999961853028,21.049999237060547,11.761897087097168,1648000
NWL,2005-03-24,21.049999237060547,21.270000457763672,21.030000686645508,21.18000030517578,11.834538459777832,1045000
NWL,2005-03-28,21.239999771118164,21.38999938964844,21.1200008392334,21.290000915527344,11.895999908447266,1029800
NWL,2005-03-29,21.32999992370605,21.39999961853028,21.11000061035156,21.299999237060547,11.901591300964355,1571900
NWL,2005-03-30,21.280000686645508,21.71999931335449,21.209999084472656,21.709999084472656,12.130681991577148,2081000
NWL,2005-03-31,21.75,22.13999938964844,21.65999984741211,21.940000534057617,12.259194374084473,1928600
NWL,2005-04-01,22.020000457763672,22.07999992370605,21.790000915527344,21.920000076293945,12.248024940490724,2296200
NWL,2005-04-04,22.0,22.040000915527344,21.850000381469727,21.950000762939453,12.26478385925293,933900
NWL,2005-04-05,21.959999084472656,22.14999961853028,21.75,22.030000686645508,12.309484481811523,1654200
NWL,2005-04-06,22.07999992370605,22.309999465942383,22.020000457763672,22.21999931335449,12.415650367736816,1281300
NWL,2005-04-07,22.299999237060547,22.61000061035156,22.239999771118164,22.3799991607666,12.505045890808104,1481300
NWL,2005-04-08,22.3799991607666,22.600000381469727,22.31999969482422,22.46999931335449,12.555337905883787,1352500
NWL,2005-04-11,22.549999237060547,22.549999237060547,22.15999984741211,22.170000076293945,12.387713432312012,1032600
NWL,2005-04-12,22.200000762939453,22.450000762939453,21.950000762939453,22.39999961853028,12.516227722167969,1344200
NWL,2005-04-13,22.290000915527344,22.31999969482422,21.96999931335449,22.030000686645508,12.309484481811523,904100
NWL,2005-04-14,21.96999931335449,22.049999237060547,21.75,21.770000457763672,12.164202690124512,1129700
NWL,2005-04-15,21.75,21.8799991607666,21.39999961853028,21.5,12.013339042663574,1452300
NWL,2005-04-18,21.450000762939453,21.729999542236328,21.3700008392334,21.690000534057617,12.119505882263184,1329800
NWL,2005-04-19,21.8799991607666,21.950000762939453,21.65999984741211,21.88999938964844,12.231261253356934,1573700
NWL,2005-04-20,21.89999961853028,21.89999961853028,21.600000381469727,21.739999771118164,12.147445678710938,1874900
NWL,2005-04-21,22.0,22.209999084472656,21.75,22.07999992370605,12.337424278259276,1473200
NWL,2005-04-22,22.100000381469727,22.15999984741211,21.71999931335449,21.90999984741211,12.242436408996582,1190400
NWL,2005-04-25,21.920000076293945,21.93000030517578,21.600000381469727,21.770000457763672,12.164202690124512,1205400
NWL,2005-04-26,21.770000457763672,21.770000457763672,21.270000457763672,21.309999465942383,11.90717601776123,1937000
NWL,2005-04-27,21.26000022888184,21.5,20.809999465942383,21.43000030517578,11.97422981262207,2085700
NWL,2005-04-28,20.549999237060547,21.420000076293945,20.5,21.239999771118164,11.868061065673828,3127600
NWL,2005-04-29,21.88999938964844,22.25,21.190000534057617,21.729999542236328,12.141860961914062,2705300
NWL,2005-05-02,21.780000686645508,21.88999938964844,21.6200008392334,21.86000061035156,12.214499473571776,1180600
NWL,2005-05-03,21.76000022888184,21.96999931335449,21.6299991607666,21.770000457763672,12.164202690124512,1203200
NWL,2005-05-04,21.81999969482422,22.0,21.65999984741211,21.84000015258789,12.203316688537598,980900
NWL,2005-05-05,21.920000076293945,21.920000076293945,21.479999542236328,21.600000381469727,12.0692138671875,1086100
NWL,2005-05-06,21.61000061035156,21.81999969482422,21.46999931335449,21.59000015258789,12.063632011413574,1062900
NWL,2005-05-09,21.59000015258789,21.68000030517578,21.39999961853028,21.59000015258789,12.063632011413574,865500
NWL,2005-05-10,21.450000762939453,21.68000030517578,21.38999938964844,21.489999771118164,12.007755279541016,884400
NWL,2005-05-11,21.56999969482422,21.71999931335449,21.39999961853028,21.68000030517578,12.11392307281494,1012800
NWL,2005-05-12,21.709999084472656,21.82999992370605,21.450000762939453,21.51000022888184,12.018932342529297,1371700
NWL,2005-05-13,21.549999237060547,21.59000015258789,21.31999969482422,21.5,12.013339042663574,1372700
NWL,2005-05-16,21.459999084472656,22.11000061035156,21.0,21.959999084472656,12.270373344421388,1506700
NWL,2005-05-17,21.82999992370605,22.11000061035156,21.76000022888184,22.09000015258789,12.343010902404783,1046200
NWL,2005-05-18,22.11000061035156,22.6299991607666,22.030000686645508,22.520000457763672,12.583282470703123,1737300
NWL,2005-05-19,22.51000022888184,22.6299991607666,22.32999992370605,22.559999465942383,12.605623245239258,731700
NWL,2005-05-20,22.600000381469727,22.729999542236328,22.51000022888184,22.690000534057617,12.678272247314451,755100
NWL,2005-05-23,22.75,23.020000457763672,22.700000762939453,22.89999961853028,12.795605659484863,1566600
NWL,2005-05-24,22.979999542236328,23.0,22.68000030517578,22.81999969482422,12.75090217590332,2240600
NWL,2005-05-25,22.6200008392334,22.6200008392334,22.18000030517578,22.38999938964844,12.626832962036133,1561300
NWL,2005-05-26,22.38999938964844,22.600000381469727,22.34000015258789,22.450000762939453,12.660675048828123,913500
NWL,2005-05-27,22.459999084472656,22.559999465942383,22.3799991607666,22.549999237060547,12.717065811157228,926600
NWL,2005-05-31,22.479999542236328,22.799999237060547,22.40999984741211,22.790000915527344,12.8524169921875,2695500
NWL,2005-06-01,22.75,22.780000686645508,22.43000030517578,22.65999984741211,12.779099464416504,2237100
NWL,2005-06-02,22.71999931335449,22.729999542236328,22.40999984741211,22.559999465942383,12.722705841064451,1056100
NWL,2005-06-03,22.450000762939453,22.51000022888184,22.36000061035156,22.39999961853028,12.63247776031494,1483500
NWL,2005-06-06,22.3700008392334,22.46999931335449,22.15999984741211,22.450000762939453,12.660675048828123,822700
NWL,2005-06-07,22.450000762939453,22.8700008392334,22.420000076293945,22.75,12.829858779907228,1255600
NWL,2005-06-08,22.790000915527344,22.89999961853028,22.64999961853028,22.670000076293945,12.784743309020996,681700
NWL,2005-06-09,22.64999961853028,22.950000762939453,22.57999992370605,22.93000030517578,12.93136978149414,1289500
NWL,2005-06-10,22.93000030517578,23.030000686645508,22.81999969482422,23.020000457763672,12.982123374938965,966900
NWL,2005-06-13,23.030000686645508,23.13999938964844,22.93000030517578,23.100000381469727,13.027236938476562,1163400
NWL,2005-06-14,23.09000015258789,23.31999969482422,23.0,23.280000686645508,13.128750801086426,1340100
NWL,2005-06-15,23.479999542236328,23.530000686645508,23.26000022888184,23.46999931335449,13.235906600952148,1267400
NWL,2005-06-16,23.520000457763672,23.530000686645508,23.190000534057617,23.46999931335449,13.235906600952148,1322800
NWL,2005-06-17,23.71999931335449,23.75,23.5,23.520000457763672,13.264100074768066,2141300
NWL,2005-06-20,23.450000762939453,23.64999961853028,23.290000915527344,23.56999969482422,13.29229736328125,1062800
NWL,2005-06-21,23.600000381469727,23.770000457763672,23.420000076293945,23.729999542236328,13.382525444030762,946000
NWL,2005-06-22,23.799999237060547,24.059999465942383,23.59000015258789,24.040000915527344,13.557351112365724,1422200
NWL,2005-06-23,24.020000457763672,24.030000686645508,23.690000534057617,23.850000381469727,13.450201988220217,1599400
NWL,2005-06-24,23.670000076293945,23.88999938964844,23.530000686645508,23.86000061035156,13.45584201812744,1775800
NWL,2005-06-27,23.8799991607666,23.8799991607666,23.3799991607666,23.489999771118164,13.247183799743652,1189800
NWL,2005-06-28,23.540000915527344,23.790000915527344,23.530000686645508,23.76000022888184,13.399447441101074,798600
NWL,2005-06-29,23.770000457763672,23.920000076293945,23.600000381469727,23.82999992370605,13.43892765045166,961300
NWL,2005-06-30,23.93000030517578,24.049999237060547,23.729999542236328,23.84000015258789,13.444561958312988,1542500
NWL,2005-07-01,23.84000015258789,23.8799991607666,23.489999771118164,23.540000915527344,13.275376319885254,947500
NWL,2005-07-05,23.540000915527344,23.8799991607666,23.3700008392334,23.770000457763672,13.405088424682615,1030800
NWL,2005-07-06,23.809999465942383,23.8700008392334,23.65999984741211,23.809999465942383,13.42764663696289,1044200
NWL,2005-07-07,23.56999969482422,23.71999931335449,23.3700008392334,23.670000076293945,13.348689079284668,1491300
NWL,2005-07-08,23.64999961853028,24.059999465942383,23.520000457763672,24.049999237060547,13.562995910644531,984300
NWL,2005-07-11,24.100000381469727,24.34000015258789,24.0,24.229999542236328,13.664506912231444,2231600
NWL,2005-07-12,24.200000762939453,24.26000022888184,23.86000061035156,23.920000076293945,13.489681243896484,1184000
NWL,2005-07-13,23.90999984741211,23.989999771118164,23.790000915527344,23.90999984741211,13.484034538269045,909300
NWL,2005-07-14,23.920000076293945,24.06999969482422,23.90999984741211,24.0,13.5347900390625,886000
NWL,2005-07-15,23.89999961853028,24.0,23.850000381469727,23.989999771118164,13.529154777526855,684100
NWL,2005-07-18,23.989999771118164,24.01000022888184,23.93000030517578,23.950000762939453,13.506599426269531,719100
NWL,2005-07-19,23.989999771118164,24.09000015258789,23.920000076293945,23.940000534057617,13.500956535339355,1314900
NWL,2005-07-20,23.799999237060547,24.11000061035156,23.75,24.020000457763672,13.546079635620115,1191200
NWL,2005-07-21,24.030000686645508,24.100000381469727,23.790000915527344,23.8799991607666,13.467117309570312,883900
NWL,2005-07-22,23.84000015258789,23.89999961853028,23.68000030517578,23.75,13.39380931854248,879500
NWL,2005-07-25,23.690000534057617,23.850000381469727,23.600000381469727,23.670000076293945,13.348689079284668,1057900
NWL,2005-07-26,23.670000076293945,23.75,23.540000915527344,23.61000061035156,13.31485652923584,790200
NWL,2005-07-27,23.61000061035156,23.76000022888184,23.200000762939453,23.309999465942383,13.145672798156738,1820000
NWL,2005-07-28,24.950000762939453,25.520000457763672,24.3799991607666,25.209999084472656,14.217168807983398,7298400
NWL,2005-07-29,25.209999084472656,25.229999542236328,24.71999931335449,24.8700008392334,14.02542495727539,2835700
NWL,2005-08-01,24.920000076293945,25.309999465942383,24.670000076293945,25.309999465942383,14.273569107055664,2096200
NWL,2005-08-02,25.479999542236328,25.600000381469727,25.38999938964844,25.450000762939453,14.352524757385254,1416800
NWL,2005-08-03,25.450000762939453,25.690000534057617,25.020000457763672,25.18000030517578,14.200249671936035,1576800
NWL,2005-08-04,25.15999984741211,25.239999771118164,24.8700008392334,24.96999931335449,14.081822395324709,1228100
NWL,2005-08-05,24.8700008392334,24.959999084472656,24.459999084472656,24.479999542236328,13.805497169494627,891400
NWL,2005-08-08,24.549999237060547,24.71999931335449,24.3799991607666,24.489999771118164,13.811128616333008,757500
NWL,2005-08-09,24.5,24.799999237060547,24.34000015258789,24.64999961853028,13.901358604431152,1403400
NWL,2005-08-10,24.770000457763672,25.1299991607666,24.68000030517578,24.780000686645508,13.974678993225098,1152400
NWL,2005-08-11,24.790000915527344,24.989999771118164,24.6299991607666,24.88999938964844,14.036706924438477,845000
NWL,2005-08-12,24.799999237060547,24.940000534057617,24.61000061035156,24.850000381469727,14.014154434204102,716700
NWL,2005-08-15,24.850000381469727,25.100000381469727,24.729999542236328,25.030000686645508,14.115662574768066,878300
NWL,2005-08-16,25.030000686645508,25.030000686645508,24.25,24.299999237060547,13.703973770141602,1499700
NWL,2005-08-17,24.309999465942383,24.690000534057617,24.270000457763672,24.290000915527344,13.698344230651855,1365100
NWL,2005-08-18,24.09000015258789,24.3799991607666,24.01000022888184,24.36000061035156,13.857626914978027,1200500
NWL,2005-08-19,24.39999961853028,24.40999984741211,24.06999969482422,24.15999984741211,13.743853569030762,838300
NWL,2005-08-22,24.209999084472656,24.350000381469727,24.040000915527344,24.100000381469727,13.709714889526367,761000
NWL,2005-08-23,24.11000061035156,24.26000022888184,23.89999961853028,23.96999931335449,13.635764122009276,1147400
NWL,2005-08-24,23.989999771118164,24.1299991607666,23.82999992370605,23.850000381469727,13.567502975463867,964100
NWL,2005-08-25,23.89999961853028,23.920000076293945,23.63999938964844,23.790000915527344,13.533367156982422,736800
NWL,2005-08-26,23.799999237060547,23.850000381469727,23.6299991607666,23.700000762939453,13.482172012329102,460100
NWL,2005-08-29,23.549999237060547,23.729999542236328,23.51000022888184,23.700000762939453,13.482172012329102,910500
NWL,2005-08-30,23.549999237060547,23.6200008392334,23.13999938964844,23.26000022888184,13.2318696975708,1598600
NWL,2005-08-31,23.26000022888184,23.440000534057617,23.09000015258789,23.43000030517578,13.328577041625977,1410900
NWL,2005-09-01,23.520000457763672,23.520000457763672,22.959999084472656,23.049999237060547,13.112406730651855,1764600
NWL,2005-09-02,23.049999237060547,23.07999992370605,22.86000061035156,23.020000457763672,13.0953369140625,1076000
NWL,2005-09-06,23.14999961853028,23.440000534057617,23.100000381469727,23.229999542236328,13.214805603027344,1082500
NWL,2005-09-07,23.100000381469727,23.450000762939453,23.09000015258789,23.299999237060547,13.254624366760254,957000
NWL,2005-09-08,23.14999961853028,23.43000030517578,23.09000015258789,23.299999237060547,13.254624366760254,857800
NWL,2005-09-09,23.34000015258789,23.61000061035156,23.18000030517578,23.3700008392334,13.29444980621338,951400
NWL,2005-09-12,23.3799991607666,23.81999969482422,23.3700008392334,23.739999771118164,13.504923820495604,1406100
NWL,2005-09-13,23.739999771118164,23.739999771118164,23.31999969482422,23.3700008392334,13.29444980621338,723000
NWL,2005-09-14,23.36000061035156,23.459999084472656,22.770000457763672,22.809999465942383,12.975878715515137,1394800
NWL,2005-09-15,22.89999961853028,23.020000457763672,22.770000457763672,22.950000762939453,13.055521965026855,1395500
NWL,2005-09-16,23.1200008392334,23.5,23.06999969482422,23.3799991607666,13.300134658813477,1823500
NWL,2005-09-19,23.25,23.25,22.51000022888184,22.600000381469727,12.85641384124756,1029500
NWL,2005-09-20,22.600000381469727,23.059999465942383,22.280000686645508,22.479999542236328,12.788153648376465,1780100
NWL,2005-09-21,22.34000015258789,22.34000015258789,21.76000022888184,21.86000061035156,12.435453414916992,1919800
NWL,2005-09-22,21.76000022888184,22.3799991607666,21.65999984741211,22.34000015258789,12.708508491516112,1999000
NWL,2005-09-23,22.25,22.3799991607666,21.989999771118164,22.06999969482422,12.554916381835938,1240300
NWL,2005-09-26,22.25,22.6299991607666,22.030000686645508,22.13999938964844,12.594733238220217,1175000
NWL,2005-09-27,22.239999771118164,22.32999992370605,22.0,22.190000534057617,12.623183250427246,1206000
NWL,2005-09-28,22.299999237060547,22.530000686645508,22.049999237060547,22.32999992370605,12.702823638916016,1493400
NWL,2005-09-29,22.209999084472656,22.600000381469727,22.100000381469727,22.600000381469727,12.85641384124756,1448200
NWL,2005-09-30,22.600000381469727,22.729999542236328,22.46999931335449,22.64999961853028,12.884857177734377,776000
NWL,2005-10-03,22.89999961853028,23.25,22.39999961853028,22.56999969482422,12.839346885681152,1530800
NWL,2005-10-04,22.670000076293945,22.89999961853028,22.61000061035156,22.68000030517578,12.901923179626465,1040700
NWL,2005-10-05,22.700000762939453,22.700000762939453,22.299999237060547,22.36000061035156,12.719890594482422,1695300
NWL,2005-10-06,22.34000015258789,22.600000381469727,22.18000030517578,22.5,12.799524307250977,1932000
NWL,2005-10-07,22.530000686645508,22.6299991607666,22.309999465942383,22.32999992370605,12.702823638916016,911600
NWL,2005-10-10,22.34000015258789,22.440000534057617,22.100000381469727,22.25,12.65731430053711,1020100
NWL,2005-10-11,22.299999237060547,22.40999984741211,22.049999237060547,22.11000061035156,12.577672958374023,715900
NWL,2005-10-12,22.07999992370605,22.46999931335449,21.799999237060547,21.979999542236328,12.503716468811035,1077300
NWL,2005-10-13,21.850000381469727,21.89999961853028,21.57999992370605,21.6299991607666,12.304616928100586,2611500
NWL,2005-10-14,21.68000030517578,21.86000061035156,21.540000915527344,21.84000015258789,12.424074172973633,2233700
NWL,2005-10-17,22.89999961853028,23.940000534057617,22.700000762939453,23.729999542236328,13.499237060546877,6991000
NWL,2005-10-18,23.51000022888184,23.520000457763672,22.920000076293945,22.96999931335449,13.06689739227295,4164800
NWL,2005-10-19,22.799999237060547,22.950000762939453,22.440000534057617,22.920000076293945,13.038454055786133,2550900
NWL,2005-10-20,22.96999931335449,23.040000915527344,22.670000076293945,22.780000686645508,12.958806991577148,1936300
NWL,2005-10-21,23.0,23.100000381469727,22.739999771118164,22.96999931335449,13.06689739227295,2262400
NWL,2005-10-24,22.979999542236328,23.14999961853028,22.8700008392334,22.89999961853028,13.027069091796877,2250400
NWL,2005-10-25,22.75,22.989999771118164,22.700000762939453,22.88999938964844,13.021385192871094,2059700
NWL,2005-10-26,22.940000534057617,22.959999084472656,22.57999992370605,22.600000381469727,12.85641384124756,1523700
NWL,2005-10-27,22.600000381469727,22.90999984741211,22.01000022888184,22.799999237060547,12.97018814086914,4089400
NWL,2005-10-28,22.89999961853028,22.989999771118164,22.61000061035156,22.940000534057617,13.049829483032228,1654300
NWL,2005-10-31,23.049999237060547,23.100000381469727,22.8700008392334,22.989999771118164,13.07827091217041,1352200
NWL,2005-11-01,22.989999771118164,23.01000022888184,22.709999084472656,22.850000381469727,12.998639106750488,1500600
NWL,2005-11-02,22.86000061035156,22.950000762939453,22.729999542236328,22.940000534057617,13.049829483032228,997900
NWL,2005-11-03,22.979999542236328,23.18000030517578,22.729999542236328,22.75,12.941746711730955,1019700
NWL,2005-11-04,22.75,22.8700008392334,22.559999465942383,22.63999938964844,12.87917423248291,842000
NWL,2005-11-07,22.670000076293945,22.780000686645508,22.5,22.600000381469727,12.85641384124756,773600
NWL,2005-11-08,22.57999992370605,22.6200008392334,22.21999931335449,22.51000022888184,12.805217742919922,1387600
NWL,2005-11-09,22.549999237060547,22.850000381469727,22.549999237060547,22.809999465942383,12.975878715515137,1376300
NWL,2005-11-10,22.88999938964844,23.0,22.690000534057617,22.920000076293945,13.038454055786133,885600
NWL,2005-11-11,22.96999931335449,23.06999969482422,22.88999938964844,23.0,13.083959579467772,990500
NWL,2005-11-14,22.940000534057617,23.049999237060547,22.86000061035156,22.96999931335449,13.06689739227295,616300
NWL,2005-11-15,23.0,23.049999237060547,22.68000030517578,22.989999771118164,13.07827091217041,1311900
NWL,2005-11-16,23.100000381469727,23.100000381469727,22.729999542236328,22.959999084472656,13.061205863952637,930600
NWL,2005-11-17,22.8700008392334,23.100000381469727,22.84000015258789,23.0,13.204734802246094,827400
NWL,2005-11-18,23.100000381469727,23.11000061035156,22.950000762939453,23.040000915527344,13.227705955505373,1126000
NWL,2005-11-21,23.040000915527344,23.290000915527344,23.020000457763672,23.21999931335449,13.331043243408203,1177600
NWL,2005-11-22,23.049999237060547,23.14999961853028,22.89999961853028,23.14999961853028,13.290851593017578,1091500
NWL,2005-11-23,23.18000030517578,23.239999771118164,23.040000915527344,23.100000381469727,13.2621488571167,1238400
NWL,2005-11-25,23.170000076293945,23.190000534057617,23.11000061035156,23.14999961853028,13.290851593017578,167700
NWL,2005-11-28,23.14999961853028,23.190000534057617,22.959999084472656,23.040000915527344,13.227705955505373,671200
NWL,2005-11-29,23.14999961853028,23.31999969482422,23.100000381469727,23.21999931335449,13.331043243408203,1380700
NWL,2005-11-30,23.21999931335449,23.350000381469727,23.049999237060547,23.06999969482422,13.244921684265137,993000
NWL,2005-12-01,23.100000381469727,23.39999961853028,23.100000381469727,23.299999237060547,13.376975059509276,2162800
NWL,2005-12-02,23.25,23.39999961853028,23.200000762939453,23.34000015258789,13.39993381500244,668700
NWL,2005-12-05,23.270000457763672,23.39999961853028,23.14999961853028,23.290000915527344,13.371237754821776,591600
NWL,2005-12-06,23.43000030517578,23.89999961853028,23.39999961853028,23.700000762939453,13.606621742248535,1140500
NWL,2005-12-07,23.770000457763672,24.34000015258789,23.75,23.8700008392334,13.70422077178955,2014800
NWL,2005-12-08,23.90999984741211,24.100000381469727,23.770000457763672,23.959999084472656,13.755887985229492,1219800
NWL,2005-12-09,23.93000030517578,24.07999992370605,23.84000015258789,23.90999984741211,13.727185249328612,837800
NWL,2005-12-12,23.90999984741211,24.190000534057617,23.90999984741211,24.11000061035156,13.842007637023926,745900
NWL,2005-12-13,24.06999969482422,24.479999542236328,24.059999465942383,24.270000457763672,13.933873176574709,878200
NWL,2005-12-14,24.18000030517578,24.489999771118164,24.170000076293945,24.190000534057617,13.887941360473633,1993500
NWL,2005-12-15,24.200000762939453,24.299999237060547,24.059999465942383,24.14999961853028,13.864978790283203,2563900
NWL,2005-12-16,24.15999984741211,24.299999237060547,23.96999931335449,24.01000022888184,13.78459930419922,1836800
NWL,2005-12-19,23.90999984741211,24.100000381469727,23.850000381469727,24.049999237060547,13.807562828063965,1194800
NWL,2005-12-20,24.09000015258789,24.14999961853028,24.0,24.049999237060547,13.807562828063965,1211600
NWL,2005-12-21,24.100000381469727,24.14999961853028,23.8799991607666,24.020000457763672,13.79034423828125,683900
NWL,2005-12-22,24.020000457763672,24.13999938964844,23.93000030517578,24.030000686645508,13.796077728271484,990600
NWL,2005-12-23,23.979999542236328,24.030000686645508,23.8700008392334,24.0,13.77885627746582,1025200
NWL,2005-12-27,24.0,24.07999992370605,23.76000022888184,23.89999961853028,13.72144603729248,823000
NWL,2005-12-28,23.90999984741211,24.07999992370605,23.90999984741211,23.979999542236328,13.767374038696287,1018000
NWL,2005-12-29,23.979999542236328,24.049999237060547,23.88999938964844,23.96999931335449,13.761632919311523,640200
NWL,2005-12-30,23.86000061035156,23.93000030517578,23.65999984741211,23.780000686645508,13.652551651000977,895900
NWL,2006-01-03,24.36000061035156,24.36000061035156,23.38999938964844,23.850000381469727,13.692742347717283,1391400
NWL,2006-01-04,23.809999465942383,24.09000015258789,23.700000762939453,24.059999465942383,13.813304901123049,1083800
NWL,2006-01-05,24.100000381469727,24.209999084472656,23.920000076293945,24.14999961853028,13.864978790283203,1129000
NWL,2006-01-06,24.0,24.239999771118164,23.89999961853028,24.01000022888184,13.78459930419922,1825600
NWL,2006-01-09,24.0,24.299999237060547,23.8799991607666,24.280000686645508,13.93961238861084,1353200
NWL,2006-01-10,24.049999237060547,24.239999771118164,23.950000762939453,23.959999084472656,13.755887985229492,1548800
NWL,2006-01-11,23.959999084472656,24.06999969482422,23.8700008392334,23.950000762939453,13.750154495239258,877700
NWL,2006-01-12,23.850000381469727,23.950000762939453,23.670000076293945,23.690000534057617,13.600882530212402,704200
NWL,2006-01-13,23.729999542236328,24.01000022888184,23.729999542236328,23.89999961853028,13.72144603729248,1091900
NWL,2006-01-17,23.57999992370605,23.729999542236328,23.350000381469727,23.61000061035156,13.554951667785645,959600
NWL,2006-01-18,23.61000061035156,23.799999237060547,23.46999931335449,23.520000457763672,13.503278732299805,1762800
NWL,2006-01-19,24.5,24.5,23.89999961853028,24.299999237060547,13.951090812683104,4074800
NWL,2006-01-20,24.450000762939453,24.57999992370605,23.920000076293945,23.950000762939453,13.750154495239258,1672600
NWL,2006-01-23,23.959999084472656,24.13999938964844,23.89999961853028,23.989999771118164,13.773113250732422,815300
NWL,2006-01-24,24.01000022888184,24.13999938964844,23.8799991607666,23.8799991607666,13.7099609375,1082900
NWL,2006-01-25,24.030000686645508,24.3700008392334,23.799999237060547,24.21999931335449,13.905160903930664,1361300
NWL,2006-01-26,24.299999237060547,24.32999992370605,23.770000457763672,23.780000686645508,13.652551651000977,2548700
NWL,2006-01-27,23.76000022888184,23.8799991607666,23.5,23.51000022888184,13.497539520263672,2599400
NWL,2006-01-30,23.450000762939453,23.51000022888184,23.25,23.26000022888184,13.354009628295898,1469900
NWL,2006-01-31,23.299999237060547,23.780000686645508,23.26000022888184,23.63999938964844,13.57217025756836,2166900
NWL,2006-02-01,23.65999984741211,24.049999237060547,23.57999992370605,23.93000030517578,13.73866844177246,1704800
NWL,2006-02-02,23.799999237060547,24.01000022888184,23.690000534057617,23.950000762939453,13.750154495239258,1367700
NWL,2006-02-03,23.799999237060547,23.920000076293945,23.450000762939453,23.549999237060547,13.52050495147705,704200
NWL,2006-02-06,23.65999984741211,23.799999237060547,23.489999771118164,23.729999542236328,13.623845100402832,702400
NWL,2006-02-07,23.770000457763672,23.770000457763672,23.420000076293945,23.670000076293945,13.589398384094238,1230300
NWL,2006-02-08,23.89999961853028,24.049999237060547,23.81999969482422,23.989999771118164,13.773113250732422,993800
NWL,2006-02-09,24.0,24.0,23.700000762939453,23.71999931335449,13.6181001663208,978000
NWL,2006-02-10,23.71999931335449,24.0,23.600000381469727,23.96999931335449,13.761632919311523,1126300
NWL,2006-02-13,23.979999542236328,23.989999771118164,23.549999237060547,23.6200008392334,13.560694694519045,705700
NWL,2006-02-14,23.600000381469727,23.86000061035156,23.46999931335449,23.86000061035156,13.698479652404783,1116800
NWL,2006-02-15,23.950000762939453,24.020000457763672,23.700000762939453,24.01000022888184,13.78459930419922,1357900
NWL,2006-02-16,23.920000076293945,24.299999237060547,23.89999961853028,24.299999237060547,13.951090812683104,1454000
NWL,2006-02-17,24.14999961853028,24.950000762939453,24.14999961853028,24.38999938964844,14.124833106994627,3081000
NWL,2006-02-21,24.76000022888184,24.88999938964844,24.459999084472656,24.51000022888184,14.194318771362305,2071100
NWL,2006-02-22,24.68000030517578,24.86000061035156,24.420000076293945,24.549999237060547,14.217483520507812,3844600
NWL,2006-02-23,24.559999465942383,24.729999542236328,24.5,24.51000022888184,14.194318771362305,937100
NWL,2006-02-24,24.51000022888184,24.600000381469727,24.25,24.3799991607666,14.11903476715088,706800
NWL,2006-02-27,24.450000762939453,24.799999237060547,24.440000534057617,24.799999237060547,14.362271308898926,1087300
NWL,2006-02-28,24.799999237060547,24.96999931335449,24.59000015258789,24.8700008392334,14.402806282043455,2423700
NWL,2006-03-01,24.84000015258789,24.950000762939453,24.790000915527344,24.90999984741211,14.425972938537598,1275400
NWL,2006-03-02,24.75,25.0,24.68000030517578,24.96999931335449,14.460716247558594,1174300
NWL,2006-03-03,24.96999931335449,25.0,24.8700008392334,24.88999938964844,14.414393424987791,1064800
NWL,2006-03-06,24.86000061035156,24.96999931335449,24.670000076293945,24.96999931335449,14.460716247558594,1168900
NWL,2006-03-07,24.950000762939453,25.0,24.709999084472656,24.76000022888184,14.339102745056152,1222000
NWL,2006-03-08,24.700000762939453,24.84000015258789,24.549999237060547,24.75,14.333311080932615,825400
NWL,2006-03-09,24.75,25.11000061035156,24.600000381469727,25.01000022888184,14.483890533447266,1647100
NWL,2006-03-10,25.100000381469727,25.56999969482422,24.89999961853028,25.450000762939453,14.73870086669922,1440700
NWL,2006-03-13,25.450000762939453,25.670000076293945,25.40999984741211,25.63999938964844,14.848736763000488,1362700
NWL,2006-03-14,25.549999237060547,25.82999992370605,25.40999984741211,25.700000762939453,14.88348388671875,1781500
NWL,2006-03-15,25.670000076293945,25.940000534057617,25.57999992370605,25.81999969482422,14.952974319458008,2166700
NWL,2006-03-16,25.809999465942383,25.81999969482422,25.270000457763672,25.479999542236328,14.756073951721191,2414800
NWL,2006-03-17,25.5,25.71999931335449,25.440000534057617,25.61000061035156,14.831365585327148,2130300
NWL,2006-03-20,25.600000381469727,25.790000915527344,25.43000030517578,25.59000015258789,14.819775581359863,1114000
NWL,2006-03-21,25.59000015258789,25.68000030517578,25.25,25.549999237060547,14.796611785888672,1376200
NWL,2006-03-22,25.549999237060547,25.670000076293945,25.450000762939453,25.520000457763672,14.779240608215332,1376300
NWL,2006-03-23,25.450000762939453,25.5,25.280000686645508,25.3799991607666,14.698163032531738,1245700
NWL,2006-03-24,25.31999969482422,25.5,25.25,25.440000534057617,14.732909202575684,806600
NWL,2006-03-27,25.89999961853028,26.32999992370605,25.799999237060547,26.1299991607666,15.13250732421875,2599900
NWL,2006-03-28,26.1299991607666,26.350000381469727,25.88999938964844,25.93000030517578,15.01667594909668,1869300
NWL,2006-03-29,25.96999931335449,26.0,25.75,26.0,15.057214736938477,960100
NWL,2006-03-30,25.950000762939453,25.96999931335449,25.51000022888184,25.57999992370605,14.813983917236328,1303100
NWL,2006-03-31,25.479999542236328,25.65999984741211,25.100000381469727,25.190000534057617,14.58813190460205,2093900
NWL,2006-04-03,25.3700008392334,25.82999992370605,25.200000762939453,25.51000022888184,14.773446083068848,2767500
NWL,2006-04-04,25.51000022888184,25.670000076293945,25.450000762939453,25.549999237060547,14.796611785888672,1103100
NWL,2006-04-05,25.549999237060547,25.61000061035156,25.420000076293945,25.5,14.767657279968262,1005900
NWL,2006-04-06,25.39999961853028,25.520000457763672,25.25,25.51000022888184,14.773446083068848,1573400
NWL,2006-04-07,25.5,25.809999465942383,25.030000686645508,25.07999992370605,14.524423599243164,1466400
NWL,2006-04-10,25.14999961853028,25.3700008392334,25.06999969482422,25.15999984741211,14.570758819580078,1199600
NWL,2006-04-11,25.170000076293945,25.170000076293945,24.71999931335449,24.780000686645508,14.350687980651855,1136400
NWL,2006-04-12,24.799999237060547,24.979999542236328,24.59000015258789,24.84000015258789,14.385433197021484,1076300
NWL,2006-04-13,24.799999237060547,25.09000015258789,24.75,24.88999938964844,14.414393424987791,1342800
NWL,2006-04-17,24.88999938964844,25.0,24.600000381469727,24.64999961853028,14.275402069091797,1001000
NWL,2006-04-18,24.780000686645508,24.81999969482422,24.59000015258789,24.68000030517578,14.29277801513672,1129700
NWL,2006-04-19,24.71999931335449,24.940000534057617,24.690000534057617,24.739999771118164,14.327519416809082,1285700
NWL,2006-04-20,24.850000381469727,25.729999542236328,24.799999237060547,25.43000030517578,14.72712230682373,2527000
NWL,2006-04-21,25.65999984741211,25.75,25.1200008392334,25.25,14.622881889343262,1594300
NWL,2006-04-24,25.299999237060547,25.559999465942383,25.26000022888184,25.5,14.767657279968262,1119300
NWL,2006-04-25,25.5,25.75,25.350000381469727,25.520000457763672,14.779240608215332,1295500
NWL,2006-04-26,25.51000022888184,26.0,25.39999961853028,25.61000061035156,14.831365585327148,1588600
NWL,2006-04-27,26.350000381469727,27.799999237060547,26.229999542236328,27.71999931335449,16.053308486938477,5290200
NWL,2006-04-28,27.299999237060547,27.57999992370605,27.1200008392334,27.420000076293945,15.879572868347168,2661900
NWL,2006-05-01,27.25,28.200000762939453,27.209999084472656,27.68000030517578,16.03014373779297,2606000
NWL,2006-05-02,27.700000762939453,27.770000457763672,27.26000022888184,27.34000015258789,15.833240509033203,1697000
NWL,2006-05-03,27.34000015258789,27.489999771118164,27.1200008392334,27.21999931335449,15.763747215270996,1779100
NWL,2006-05-04,27.21999931335449,27.75,27.200000762939453,27.75,16.07068634033203,949100
NWL,2006-05-05,27.75,28.36000061035156,27.690000534057617,28.309999465942383,16.394989013671875,1950100
NWL,2006-05-08,28.350000381469727,28.6299991607666,28.280000686645508,28.31999969482422,16.400785446166992,1426700
NWL,2006-05-09,28.3799991607666,28.39999961853028,27.780000686645508,27.979999542236328,16.203880310058594,1389400
NWL,2006-05-10,27.89999961853028,28.06999969482422,27.670000076293945,27.799999237060547,16.09964370727539,997400
NWL,2006-05-11,27.799999237060547,27.81999969482422,27.270000457763672,27.350000381469727,15.839038848876951,1419700
NWL,2006-05-12,27.26000022888184,27.63999938964844,27.100000381469727,27.21999931335449,15.763747215270996,958700
NWL,2006-05-15,27.21999931335449,27.34000015258789,27.040000915527344,27.31999969482422,15.821660041809082,1112600
NWL,2006-05-16,27.350000381469727,27.3799991607666,26.86000061035156,27.049999237060547,15.665298461914062,918000
NWL,2006-05-17,26.65999984741211,26.81999969482422,26.229999542236328,26.34000015258789,15.254122734069824,1342200
NWL,2006-05-18,26.280000686645508,26.59000015258789,26.21999931335449,26.299999237060547,15.23095417022705,907600
NWL,2006-05-19,26.5,26.920000076293945,26.5,26.6299991607666,15.422072410583496,1199400
NWL,2006-05-22,26.559999465942383,26.76000022888184,26.170000076293945,26.34000015258789,15.254122734069824,1069100
NWL,2006-05-23,26.32999992370605,26.700000762939453,26.200000762939453,26.270000457763672,15.213582992553713,1669200
NWL,2006-05-24,26.100000381469727,26.229999542236328,25.68000030517578,26.030000686645508,15.07459545135498,2080700
NWL,2006-05-25,26.11000061035156,26.3700008392334,25.96999931335449,26.36000061035156,15.265704154968262,1124200
NWL,2006-05-26,26.25,26.299999237060547,26.09000015258789,26.290000915527344,15.347429275512695,1120400
NWL,2006-05-30,26.280000686645508,26.459999084472656,26.059999465942383,26.14999961853028,15.265698432922363,1251500
NWL,2006-05-31,26.15999984741211,26.459999084472656,26.09000015258789,26.459999084472656,15.446673393249512,1564700
NWL,2006-06-01,26.540000915527344,26.700000762939453,26.190000534057617,26.520000457763672,15.481700897216797,1116800
NWL,2006-06-02,26.520000457763672,26.56999969482422,26.100000381469727,26.25,15.324073791503906,1653000
NWL,2006-06-05,26.14999961853028,26.40999984741211,25.36000061035156,25.61000061035156,14.950471878051758,2041300
NWL,2006-06-06,25.61000061035156,25.780000686645508,25.1200008392334,25.309999465942383,14.775335311889648,1836600
NWL,2006-06-07,25.309999465942383,25.36000061035156,24.979999542236328,25.020000457763672,14.606039047241213,1750500
NWL,2006-06-08,25.600000381469727,25.600000381469727,24.65999984741211,25.06999969482422,14.635225296020508,1901600
NWL,2006-06-09,25.049999237060547,25.34000015258789,25.020000457763672,25.100000381469727,14.65274143218994,992000
NWL,2006-06-12,25.11000061035156,25.280000686645508,24.75,24.799999237060547,14.477608680725098,1329400
NWL,2006-06-13,24.75,24.959999084472656,24.350000381469727,24.479999542236328,14.290802001953123,1310800
NWL,2006-06-14,25.030000686645508,25.479999542236328,24.56999969482422,24.96999931335449,14.576844215393066,1916400
NWL,2006-06-15,25.170000076293945,25.61000061035156,25.13999938964844,25.61000061035156,14.950471878051758,2278200
NWL,2006-06-16,25.61000061035156,25.82999992370605,25.559999465942383,25.709999084472656,15.00884246826172,1634200
NWL,2006-06-19,25.809999465942383,25.8700008392334,25.559999465942383,25.790000915527344,15.055542945861816,2050500
NWL,2006-06-20,25.770000457763672,25.96999931335449,25.63999938964844,25.780000686645508,15.04970645904541,1566900
NWL,2006-06-21,25.700000762939453,26.1299991607666,25.670000076293945,26.049999237060547,15.207326889038086,1159400
NWL,2006-06-22,26.100000381469727,26.270000457763672,25.90999984741211,26.190000534057617,15.289052963256836,1515900
NWL,2006-06-23,26.200000762939453,26.38999938964844,26.059999465942383,26.13999938964844,15.259876251220703,989300
NWL,2006-06-26,26.14999961853028,26.3799991607666,26.0,26.06999969482422,15.218999862670898,1039200
NWL,2006-06-27,25.8799991607666,26.11000061035156,25.64999961853028,25.709999084472656,15.00884246826172,1029300
NWL,2006-06-28,25.700000762939453,25.799999237060547,25.280000686645508,25.46999931335449,14.868736267089844,990300
NWL,2006-06-29,25.670000076293945,25.799999237060547,25.40999984741211,25.799999237060547,15.06138038635254,1188100
NWL,2006-06-30,25.89999961853028,26.030000686645508,25.790000915527344,25.82999992370605,15.07889461517334,1847500
NWL,2006-07-03,25.89999961853028,26.43000030517578,25.8700008392334,26.36000061035156,15.38829517364502,1186200
NWL,2006-07-05,26.15999984741211,26.229999542236328,25.76000022888184,25.8799991607666,15.108081817626951,1722900
NWL,2006-07-06,25.8799991607666,26.170000076293945,25.850000381469727,25.8799991607666,15.108081817626951,1442300
NWL,2006-07-07,25.780000686645508,25.790000915527344,25.3700008392334,25.459999084472656,14.86289882659912,883500
NWL,2006-07-10,25.600000381469727,25.75,25.43000030517578,25.51000022888184,14.892085075378418,697400
NWL,2006-07-11,25.5,25.690000534057617,25.25,25.46999931335449,14.868736267089844,1012800
NWL,2006-07-12,25.479999542236328,25.6200008392334,25.38999938964844,25.489999771118164,14.880417823791504,868800
NWL,2006-07-13,25.489999771118164,25.51000022888184,24.600000381469727,24.64999961853028,14.390043258666992,1916700
NWL,2006-07-14,24.600000381469727,24.700000762939453,24.170000076293945,24.36000061035156,14.22075080871582,1144600
NWL,2006-07-17,24.26000022888184,24.559999465942383,24.25,24.46999931335449,14.284963607788086,1256500
NWL,2006-07-18,24.450000762939453,24.6299991607666,24.11000061035156,24.299999237060547,14.185715675354004,909200
NWL,2006-07-19,24.450000762939453,24.799999237060547,24.39999961853028,24.690000534057617,14.413390159606934,1918100
NWL,2006-07-20,24.65999984741211,24.84000015258789,24.459999084472656,24.479999542236328,14.290802001953123,938800
NWL,2006-07-21,24.5,24.549999237060547,24.040000915527344,24.549999237060547,14.33166217803955,1761600
NWL,2006-07-24,24.549999237060547,25.350000381469727,24.549999237060547,25.309999465942383,14.775335311889648,2329000
NWL,2006-07-25,25.309999465942383,25.489999771118164,25.020000457763672,25.420000076293945,14.839547157287598,1437100
NWL,2006-07-26,25.39999961853028,25.40999984741211,24.770000457763672,25.059999465942383,14.629392623901367,2375100
NWL,2006-07-27,26.100000381469727,27.40999984741211,26.040000915527344,26.51000022888184,15.475863456726074,6219500
NWL,2006-07-28,26.76000022888184,26.84000015258789,26.209999084472656,26.5,15.470026016235352,2079300
NWL,2006-07-31,26.32999992370605,26.479999542236328,26.25,26.36000061035156,15.38829517364502,1275700
NWL,2006-08-01,26.299999237060547,26.32999992370605,25.88999938964844,26.049999237060547,15.207326889038086,1222800
NWL,2006-08-02,25.57999992370605,26.440000534057617,25.57999992370605,26.21999931335449,15.306570053100586,1275100
NWL,2006-08-03,26.21999931335449,26.780000686645508,26.190000534057617,26.6299991607666,15.545918464660645,1283400
NWL,2006-08-04,26.799999237060547,27.0,26.39999961853028,26.64999961853028,15.557589530944824,1253300
NWL,2006-08-07,26.600000381469727,26.790000915527344,26.549999237060547,26.790000915527344,15.63931941986084,953100
NWL,2006-08-08,26.89999961853028,27.0,26.350000381469727,26.530000686645508,15.487536430358888,1044900
NWL,2006-08-09,26.729999542236328,26.790000915527344,26.270000457763672,26.420000076293945,15.423325538635254,1089700
NWL,2006-08-10,26.290000915527344,26.43000030517578,26.100000381469727,26.200000762939453,15.29489040374756,861000
NWL,2006-08-11,26.26000022888184,26.32999992370605,26.040000915527344,26.190000534057617,15.289052963256836,583800
NWL,2006-08-14,26.309999465942383,26.520000457763672,26.200000762939453,26.26000022888184,15.329922676086426,453100
NWL,2006-08-15,26.31999969482422,26.540000915527344,26.299999237060547,26.479999542236328,15.458348274230955,459600
NWL,2006-08-16,26.540000915527344,26.86000061035156,26.40999984741211,26.84000015258789,15.668503761291504,729100
NWL,2006-08-17,26.84000015258789,26.950000762939453,26.68000030517578,26.770000457763672,15.627645492553713,983700
NWL,2006-08-18,26.799999237060547,26.799999237060547,26.56999969482422,26.700000762939453,15.58677577972412,413700
NWL,2006-08-21,26.700000762939453,26.75,26.25,26.65999984741211,15.563426971435549,402100
NWL,2006-08-22,26.690000534057617,26.89999961853028,26.64999961853028,26.82999992370605,15.662671089172363,728800
NWL,2006-08-23,26.86000061035156,26.920000076293945,26.450000762939453,26.6299991607666,15.545918464660645,1448100
NWL,2006-08-24,26.81999969482422,26.8799991607666,26.600000381469727,26.799999237060547,15.645158767700195,1449700
NWL,2006-08-25,26.64999961853028,26.770000457763672,26.39999961853028,26.64999961853028,15.557589530944824,758700
NWL,2006-08-28,26.600000381469727,26.799999237060547,26.57999992370605,26.709999084472656,15.59261417388916,1075300
NWL,2006-08-29,26.549999237060547,26.770000457763672,26.270000457763672,26.700000762939453,15.710293769836426,1293000
NWL,2006-08-30,26.790000915527344,26.88999938964844,26.520000457763672,26.6299991607666,15.669112205505373,413600
NWL,2006-08-31,26.739999771118164,26.989999771118164,26.690000534057617,26.989999771118164,15.880931854248049,1291700
NWL,2006-09-01,26.989999771118164,27.440000534057617,26.5,27.3799991607666,16.11040687561035,1033200
NWL,2006-09-05,27.299999237060547,27.46999931335449,27.1200008392334,27.31999969482422,16.075101852416992,771500
NWL,2006-09-06,27.31999969482422,27.5,26.84000015258789,26.950000762939453,15.857399940490724,1053100
NWL,2006-09-07,26.89999961853028,27.06999969482422,26.709999084472656,26.90999984741211,15.8338623046875,625600
NWL,2006-09-08,26.90999984741211,27.020000457763672,26.809999465942383,27.0,15.886813163757324,1442300
NWL,2006-09-11,27.200000762939453,28.8700008392334,27.13999938964844,28.63999938964844,16.851795196533203,5276300
NWL,2006-09-12,28.5,28.5,28.059999465942383,28.100000381469727,16.534053802490234,2321800
NWL,2006-09-13,27.96999931335449,28.51000022888184,27.76000022888184,28.5,16.76942253112793,1733000
NWL,2006-09-14,28.280000686645508,28.549999237060547,27.71999931335449,28.46999931335449,16.751758575439453,1313400
NWL,2006-09-15,28.670000076293945,29.15999984741211,28.530000686645508,29.01000022888184,17.069503784179688,2393000
NWL,2006-09-18,29.239999771118164,29.25,28.549999237060547,28.64999961853028,16.8576717376709,1964300
NWL,2006-09-19,28.75,28.75,28.26000022888184,28.32999992370605,16.669389724731445,982600
NWL,2006-09-20,28.299999237060547,28.3799991607666,27.84000015258789,28.270000457763672,16.634082794189453,1007700
NWL,2006-09-21,28.239999771118164,28.68000030517578,28.15999984741211,28.68000030517578,16.875333786010742,1332000
NWL,2006-09-22,28.770000457763672,28.790000915527344,28.479999542236328,28.600000381469727,16.828262329101562,920500
NWL,2006-09-25,28.68000030517578,29.0,28.540000915527344,29.0,17.063615798950195,1064300
NWL,2006-09-26,28.950000762939453,29.100000381469727,28.82999992370605,29.049999237060547,17.093040466308594,1245200
NWL,2006-09-27,28.89999961853028,29.09000015258789,28.709999084472656,28.76000022888184,16.922407150268555,1250200
NWL,2006-09-28,28.76000022888184,28.850000381469727,28.3799991607666,28.5,16.76942253112793,1463100
NWL,2006-09-29,28.39999961853028,28.61000061035156,28.030000686645508,28.31999969482422,16.66350555419922,975300
NWL,2006-10-02,28.46999931335449,28.81999969482422,28.3799991607666,28.559999465942383,16.804723739624023,1860400
NWL,2006-10-03,28.63999938964844,28.989999771118164,28.40999984741211,28.950000762939453,17.034204483032227,1208100
NWL,2006-10-04,28.790000915527344,29.39999961853028,28.690000534057617,29.1299991607666,17.14011001586914,1664500
NWL,2006-10-05,28.989999771118164,29.36000061035156,28.88999938964844,29.350000381469727,17.269559860229492,757600
NWL,2006-10-06,29.190000534057617,29.34000015258789,28.93000030517578,29.11000061035156,17.128339767456055,918300
NWL,2006-10-09,29.030000686645508,29.32999992370605,28.920000076293945,29.26000022888184,17.216602325439453,737100
NWL,2006-10-10,29.21999931335449,29.40999984741211,28.940000534057617,29.3799991607666,17.287208557128906,657000
NWL,2006-10-11,29.280000686645508,29.31999969482422,28.81999969482422,29.229999542236328,17.19894790649414,1186800
NWL,2006-10-12,29.239999771118164,29.46999931335449,29.1200008392334,29.38999938964844,17.2930908203125,999300
NWL,2006-10-13,29.239999771118164,29.34000015258789,28.770000457763672,28.88999938964844,16.998889923095703,950800
NWL,2006-10-16,28.76000022888184,29.350000381469727,28.63999938964844,29.350000381469727,17.269559860229492,960800
NWL,2006-10-17,29.25,29.350000381469727,28.950000762939453,29.1200008392334,17.134231567382812,866900
NWL,2006-10-18,29.270000457763672,29.5,29.100000381469727,29.3700008392334,17.281330108642578,1131900
NWL,2006-10-19,29.39999961853028,29.489999771118164,28.739999771118164,29.14999961853028,17.15187644958496,1237100
NWL,2006-10-20,29.299999237060547,29.39999961853028,28.799999237060547,28.920000076293945,17.016544342041016,1201900
NWL,2006-10-23,28.81999969482422,29.46999931335449,28.71999931335449,29.46999931335449,17.340164184570312,1038200
NWL,2006-10-24,29.25,29.75,29.200000762939453,29.690000534057617,17.46961212158203,1241800
NWL,2006-10-25,29.739999771118164,29.979999542236328,29.5,29.82999992370605,17.5519962310791,1717400
NWL,2006-10-26,29.799999237060547,29.809999465942383,28.049999237060547,28.700000762939453,16.88709831237793,4236100
NWL,2006-10-27,28.459999084472656,28.700000762939453,27.75,28.3700008392334,16.69292640686035,1525400
NWL,2006-10-30,28.420000076293945,28.940000534057617,28.15999984741211,28.88999938964844,16.998889923095703,1336500
NWL,2006-10-31,28.790000915527344,28.850000381469727,28.459999084472656,28.780000686645508,16.934165954589844,1124200
NWL,2006-11-01,28.950000762939453,29.0,28.770000457763672,28.809999465942383,16.95182228088379,1286500
NWL,2006-11-02,28.690000534057617,28.75,28.31999969482422,28.6200008392334,16.84002685546875,1643500
NWL,2006-11-03,28.770000457763672,28.790000915527344,28.299999237060547,28.549999237060547,16.798837661743164,1212500
NWL,2006-11-06,28.549999237060547,28.979999542236328,28.5,28.8700008392334,16.98712921142578,1796500
NWL,2006-11-07,28.920000076293945,29.239999771118164,28.86000061035156,29.049999237060547,17.093040466308594,1823200
NWL,2006-11-08,29.059999465942383,29.100000381469727,28.25,28.75,16.91651725769043,1839700
NWL,2006-11-09,28.8700008392334,28.8700008392334,28.559999465942383,28.82999992370605,16.96359634399414,933300
NWL,2006-11-10,28.950000762939453,28.950000762939453,28.549999237060547,28.88999938964844,16.998889923095703,818700
NWL,2006-11-13,28.8799991607666,28.989999771118164,28.63999938964844,28.81999969482422,16.95770835876465,855500
NWL,2006-11-14,28.780000686645508,29.0,28.64999961853028,28.959999084472656,17.040081024169922,818000
NWL,2006-11-15,29.020000457763672,29.25,28.940000534057617,29.020000457763672,17.075389862060547,1714600
NWL,2006-11-16,29.01000022888184,29.25,28.940000534057617,29.209999084472656,17.187177658081055,1458600
NWL,2006-11-17,29.200000762939453,29.239999771118164,28.950000762939453,29.14999961853028,17.15187644958496,1559400
NWL,2006-11-20,29.11000061035156,29.229999542236328,29.040000915527344,29.06999969482422,17.10480499267578,997600
NWL,2006-11-21,29.040000915527344,29.09000015258789,28.6299991607666,28.700000762939453,16.88709831237793,2028500
NWL,2006-11-22,28.81999969482422,28.8799991607666,28.59000015258789,28.81999969482422,16.95770835876465,1743900
NWL,2006-11-24,28.76000022888184,28.84000015258789,28.63999938964844,28.65999984741211,16.86355972290039,203300
NWL,2006-11-27,28.700000762939453,28.799999237060547,28.31999969482422,28.64999961853028,16.8576717376709,2233800
NWL,2006-11-28,28.440000534057617,28.57999992370605,28.06999969482422,28.540000915527344,16.916955947875977,1738100
NWL,2006-11-29,28.5,28.6200008392334,28.040000915527344,28.26000022888184,16.75098991394043,1338000
NWL,2006-11-30,28.209999084472656,28.61000061035156,27.90999984741211,28.489999771118164,16.887313842773438,1656100
NWL,2006-12-01,28.489999771118164,28.959999084472656,28.39999961853028,28.81999969482422,17.082923889160156,1684700
NWL,2006-12-04,28.940000534057617,29.209999084472656,28.309999465942383,29.15999984741211,17.284460067749023,1139500
NWL,2006-12-05,29.059999465942383,29.31999969482422,28.89999961853028,29.299999237060547,17.367433547973633,864200
NWL,2006-12-06,29.290000915527344,29.40999984741211,29.0,29.030000686645508,17.2073974609375,1010000
NWL,2006-12-07,29.13999938964844,29.26000022888184,28.90999984741211,28.989999771118164,17.183687210083008,1477600
NWL,2006-12-08,28.89999961853028,29.1200008392334,28.65999984741211,28.920000076293945,17.142196655273438,1359800
NWL,2006-12-11,28.81999969482422,28.959999084472656,28.540000915527344,28.75,17.04142951965332,1058100
NWL,2006-12-12,28.799999237060547,29.07999992370605,28.729999542236328,29.01000022888184,17.195545196533203,962200
NWL,2006-12-13,29.18000030517578,29.200000762939453,28.809999465942383,28.96999931335449,17.17182731628418,652900
NWL,2006-12-14,28.89999961853028,29.1299991607666,28.700000762939453,29.11000061035156,17.25481414794922,923100
NWL,2006-12-15,29.200000762939453,29.420000076293945,28.989999771118164,29.36000061035156,17.40300750732422,1528100
NWL,2006-12-18,29.5,29.5,29.040000915527344,29.1299991607666,17.26667022705078,925600
NWL,2006-12-19,29.0,29.190000534057617,28.690000534057617,28.90999984741211,17.136268615722656,1016900
NWL,2006-12-20,28.920000076293945,29.06999969482422,28.81999969482422,28.950000762939453,17.159984588623047,892500
NWL,2006-12-21,29.049999237060547,29.309999465942383,28.93000030517578,29.030000686645508,17.2073974609375,802600
NWL,2006-12-22,29.0,29.09000015258789,28.65999984741211,28.68000030517578,16.99993896484375,774200
NWL,2006-12-26,28.56999969482422,28.84000015258789,28.559999465942383,28.790000915527344,17.065139770507812,856800
NWL,2006-12-27,28.88999938964844,29.09000015258789,28.850000381469727,29.07999992370605,17.237037658691406,559600
NWL,2006-12-28,29.06999969482422,29.190000534057617,28.950000762939453,29.0,17.189617156982422,647500
NWL,2006-12-29,29.020000457763672,29.21999931335449,28.799999237060547,28.950000762939453,17.159984588623047,815700
NWL,2007-01-03,29.049999237060547,29.450000762939453,28.96999931335449,29.26000022888184,17.343727111816406,1264900
NWL,2007-01-04,29.26000022888184,29.280000686645508,28.979999542236328,29.1299991607666,17.26667022705078,1009100
NWL,2007-01-05,29.1200008392334,29.440000534057617,28.89999961853028,29.15999984741211,17.284460067749023,1104600
NWL,2007-01-08,29.100000381469727,29.100000381469727,28.65999984741211,28.84000015258789,17.09477424621582,1207900
NWL,2007-01-09,28.940000534057617,29.31999969482422,28.88999938964844,29.280000686645508,17.3555850982666,1161700
NWL,2007-01-10,29.18000030517578,29.71999931335449,29.11000061035156,29.61000061035156,17.551191329956055,889100
NWL,2007-01-11,29.71999931335449,29.88999938964844,29.600000381469727,29.75,17.63417625427246,1060000
NWL,2007-01-12,29.739999771118164,29.790000915527344,29.6200008392334,29.670000076293945,17.586755752563477,727200
NWL,2007-01-16,29.64999961853028,29.81999969482422,29.57999992370605,29.739999771118164,17.628244400024414,1078100
NWL,2007-01-17,29.770000457763672,30.34000015258789,29.59000015258789,30.209999084472656,17.906837463378906,1436300
NWL,2007-01-18,30.34000015258789,30.64999961853028,30.11000061035156,30.5,18.07872772216797,1588400
NWL,2007-01-19,30.63999938964844,30.63999938964844,30.1200008392334,30.280000686645508,17.948326110839844,1202300
NWL,2007-01-22,30.290000915527344,30.520000457763672,30.209999084472656,30.309999465942383,17.966108322143555,1692600
NWL,2007-01-23,30.309999465942383,30.5,30.21999931335449,30.309999465942383,17.966108322143555,1051200
NWL,2007-01-24,30.280000686645508,30.31999969482422,30.11000061035156,30.290000915527344,17.954259872436523,1912800
NWL,2007-01-25,30.299999237060547,30.32999992370605,29.950000762939453,30.01000022888184,17.788284301757812,1353400
NWL,2007-01-26,30.020000457763672,30.549999237060547,29.920000076293945,30.43000030517578,18.03724670410156,2101100
NWL,2007-01-29,30.43000030517578,30.46999931335449,29.89999961853028,29.959999084472656,17.758649826049805,2269100
NWL,2007-01-30,29.8799991607666,29.89999961853028,29.25,29.56999969482422,17.527477264404297,3908300
NWL,2007-01-31,29.46999931335449,29.65999984741211,29.059999465942383,29.540000915527344,17.50969123840332,3255800
NWL,2007-02-01,29.670000076293945,30.030000686645508,29.540000915527344,30.020000457763672,17.794219970703125,1600300
NWL,2007-02-02,30.020000457763672,30.09000015258789,29.93000030517578,29.940000534057617,17.746789932250977,1617500
NWL,2007-02-05,29.850000381469727,30.14999961853028,29.799999237060547,30.09000015258789,17.83570671081543,1177200
NWL,2007-02-06,30.020000457763672,30.459999084472656,30.01000022888184,30.3700008392334,18.001678466796875,1150500
NWL,2007-02-07,30.420000076293945,30.479999542236328,30.1299991607666,30.290000915527344,17.954259872436523,1260100
NWL,2007-02-08,30.290000915527344,30.36000061035156,30.14999961853028,30.290000915527344,17.954259872436523,1576300
NWL,2007-02-09,30.239999771118164,30.34000015258789,29.76000022888184,29.84000015258789,17.687522888183594,1947300
NWL,2007-02-12,29.8700008392334,30.309999465942383,29.8700008392334,30.170000076293945,17.883127212524414,1688400
NWL,2007-02-13,30.21999931335449,30.290000915527344,29.850000381469727,30.15999984741211,17.877199172973633,1675000
NWL,2007-02-14,30.15999984741211,31.729999542236328,30.13999938964844,31.700000762939453,18.79002571105957,3207900
NWL,2007-02-15,31.420000076293945,31.549999237060547,31.100000381469727,31.43000030517578,18.62998962402344,1860500
NWL,2007-02-16,31.290000915527344,31.600000381469727,31.06999969482422,31.51000022888184,18.677404403686523,1725900
NWL,2007-02-20,31.3799991607666,31.82999992370605,31.3799991607666,31.700000762939453,18.79002571105957,1362400
NWL,2007-02-21,31.56999969482422,31.920000076293945,31.440000534057617,31.82999992370605,18.86708068847656,1753300
NWL,2007-02-22,31.88999938964844,31.950000762939453,31.56999969482422,31.75,18.81966590881348,936500
NWL,2007-02-23,31.799999237060547,31.8700008392334,31.559999465942383,31.739999771118164,18.81373405456543,1159800
NWL,2007-02-26,31.559999465942383,31.65999984741211,31.06999969482422,31.100000381469727,18.55716323852539,2278500
NWL,2007-02-27,30.96999931335449,31.100000381469727,30.200000762939453,30.39999961853028,18.13947105407715,1594400
NWL,2007-02-28,30.3799991607666,30.75,29.75,30.61000061035156,18.26477813720703,2679100
NWL,2007-03-01,30.1200008392334,30.690000534057617,29.93000030517578,30.57999992370605,18.24687385559082,1557800
NWL,2007-03-02,30.489999771118164,30.75,30.26000022888184,30.350000381469727,18.10964012145996,1823700
NWL,2007-03-05,30.059999465942383,30.61000061035156,29.93000030517578,29.96999931335449,17.882898330688477,2001700
NWL,2007-03-06,30.049999237060547,30.36000061035156,29.88999938964844,30.36000061035156,18.1156063079834,1438700
NWL,2007-03-07,30.36000061035156,30.700000762939453,30.059999465942383,30.440000534057617,18.16333770751953,1152200
NWL,2007-03-08,30.489999771118164,30.8799991607666,30.31999969482422,30.81999969482422,18.390079498291016,936400
NWL,2007-03-09,30.81999969482422,30.8700008392334,30.309999465942383,30.59000015258789,18.25285720825196,1025600
NWL,2007-03-12,30.559999465942383,31.3799991607666,30.559999465942383,31.239999771118164,18.64069366455078,2812600
NWL,2007-03-13,31.11000061035156,31.13999938964844,30.64999961853028,30.670000076293945,18.30058479309082,2117600
NWL,2007-03-14,30.850000381469727,30.959999084472656,30.40999984741211,30.86000061035156,18.413951873779297,1931200
NWL,2007-03-15,30.8700008392334,30.8700008392334,30.36000061035156,30.5,18.19914054870605,2311200
NWL,2007-03-16,30.5,30.64999961853028,30.190000534057617,30.209999084472656,18.02610206604004,1920300
NWL,2007-03-19,30.43000030517578,30.559999465942383,30.280000686645508,30.350000381469727,18.10964012145996,1753800
NWL,2007-03-20,30.38999938964844,31.299999237060547,30.36000061035156,31.25,18.64666748046875,2149200
NWL,2007-03-21,31.26000022888184,32.0,31.11000061035156,31.950000762939453,19.06435203552246,1653400
NWL,2007-03-22,31.31999969482422,32.0,31.31999969482422,31.670000076293945,18.89727020263672,1138300
NWL,2007-03-23,31.670000076293945,31.809999465942383,31.450000762939453,31.700000762939453,18.91517448425293,994600
NWL,2007-03-26,31.56999969482422,31.690000534057617,31.1200008392334,31.3799991607666,18.72422981262207,1429000
NWL,2007-03-27,31.36000061035156,31.36000061035156,30.770000457763672,31.1200008392334,18.569095611572266,1075300
NWL,2007-03-28,30.979999542236328,31.07999992370605,30.88999938964844,30.940000534057617,18.461685180664062,1504700
NWL,2007-03-29,31.170000076293945,31.350000381469727,31.07999992370605,31.18000030517578,18.60489273071289,1139000
NWL,2007-03-30,31.170000076293945,31.350000381469727,30.88999938964844,31.09000015258789,18.551193237304688,1291100
NWL,2007-04-02,31.299999237060547,31.36000061035156,31.11000061035156,31.170000076293945,18.59893226623535,1148700
NWL,2007-04-03,31.420000076293945,31.64999961853028,31.25,31.290000915527344,18.670530319213867,1084700
NWL,2007-04-04,31.309999465942383,31.31999969482422,30.950000762939453,31.01000022888184,18.50346565246582,1349400
NWL,2007-04-05,30.979999542236328,31.36000061035156,30.88999938964844,31.31999969482422,18.68843650817871,672100
NWL,2007-04-09,31.36000061035156,31.5,31.020000457763672,31.059999465942383,18.533287048339844,958500
NWL,2007-04-10,31.0,31.07999992370605,30.790000915527344,30.81999969482422,18.390079498291016,1389900
NWL,2007-04-11,30.81999969482422,30.8799991607666,30.489999771118164,30.600000381469727,18.25881767272949,1294400
NWL,2007-04-12,31.440000534057617,31.440000534057617,30.3799991607666,30.709999084472656,18.32444953918457,1222900
NWL,2007-04-13,30.68000030517578,30.799999237060547,30.51000022888184,30.670000076293945,18.30058479309082,1343600
NWL,2007-04-16,30.81999969482422,30.850000381469727,30.700000762939453,30.75,18.348318099975582,1064000
NWL,2007-04-17,30.799999237060547,30.84000015258789,30.36000061035156,30.450000762939453,18.169307708740234,1159700
NWL,2007-04-18,30.46999931335449,30.770000457763672,30.459999084472656,30.709999084472656,18.32444953918457,1455200
NWL,2007-04-19,31.15999984741211,31.15999984741211,30.290000915527344,30.600000381469727,18.25881767272949,1628500
NWL,2007-04-20,30.14999961853028,30.770000457763672,30.14999961853028,30.46999931335449,18.18124008178711,2686700
NWL,2007-04-23,30.34000015258789,30.790000915527344,30.21999931335449,30.739999771118164,18.34235000610352,2786100
NWL,2007-04-24,30.709999084472656,30.90999984741211,30.520000457763672,30.86000061035156,18.413951873779297,1538400
NWL,2007-04-25,30.979999542236328,31.059999465942383,30.84000015258789,31.049999237060547,18.52732276916504,1171700
NWL,2007-04-26,30.14999961853028,31.350000381469727,30.14999961853028,31.21999931335449,18.628761291503903,3082100
NWL,2007-04-27,31.100000381469727,31.229999542236328,30.770000457763672,31.13999938964844,18.581026077270508,1484900
NWL,2007-04-30,31.100000381469727,31.1299991607666,30.670000076293945,30.670000076293945,18.30058479309082,1146100
NWL,2007-05-01,30.1299991607666,30.8700008392334,30.1299991607666,30.809999465942383,18.38411521911621,985500
NWL,2007-05-02,30.799999237060547,31.040000915527344,30.739999771118164,30.780000686645508,18.36621284484864,1342300
NWL,2007-05-03,30.8700008392334,30.96999931335449,30.729999542236328,30.89999961853028,18.437816619873047,1491800
NWL,2007-05-04,30.93000030517578,31.030000686645508,30.57999992370605,30.81999969482422,18.390079498291016,1018300
NWL,2007-05-07,30.770000457763672,30.89999961853028,30.690000534057617,30.799999237060547,18.378154754638672,1025200
NWL,2007-05-08,30.64999961853028,30.8700008392334,30.530000686645508,30.71999931335449,18.33041000366211,1306200
NWL,2007-05-09,30.729999542236328,31.25,30.6299991607666,31.200000762939453,18.6168270111084,1371400
NWL,2007-05-10,30.979999542236328,31.09000015258789,30.6200008392334,30.690000534057617,18.3125114440918,1315500
NWL,2007-05-11,30.84000015258789,31.32999992370605,30.739999771118164,31.299999237060547,18.676496505737305,1587200
NWL,2007-05-14,31.309999465942383,31.350000381469727,30.40999984741211,30.540000915527344,18.22300338745117,1757700
NWL,2007-05-15,30.64999961853028,30.64999961853028,30.21999931335449,30.270000457763672,18.061906814575195,1200800
NWL,2007-05-16,29.61000061035156,30.71999931335449,29.61000061035156,30.56999969482422,18.240907669067383,1486600
NWL,2007-05-17,30.600000381469727,30.86000061035156,30.239999771118164,30.39999961853028,18.13947105407715,1289200
NWL,2007-05-18,30.540000915527344,30.64999961853028,30.14999961853028,30.31999969482422,18.09173393249512,1275600
NWL,2007-05-21,30.200000762939453,30.68000030517578,29.959999084472656,30.520000457763672,18.21107482910156,1847200
NWL,2007-05-22,30.56999969482422,31.020000457763672,30.51000022888184,30.89999961853028,18.437816619873047,1369500
NWL,2007-05-23,30.90999984741211,31.09000015258789,30.82999992370605,30.89999961853028,18.437816619873047,1172800
NWL,2007-05-24,30.81999969482422,31.0,30.61000061035156,30.88999938964844,18.43185043334961,2014500
NWL,2007-05-25,30.63999938964844,31.489999771118164,30.34000015258789,31.420000076293945,18.74810028076172,1989600
NWL,2007-05-29,31.270000457763672,31.440000534057617,30.799999237060547,31.290000915527344,18.79615592956543,2882400
NWL,2007-05-30,31.290000915527344,31.84000015258789,31.200000762939453,31.84000015258789,19.12655067443848,1808800
NWL,2007-05-31,31.989999771118164,32.099998474121094,31.600000381469727,31.76000022888184,19.078487396240234,1798400
NWL,2007-06-01,32.04999923706055,32.189998626708984,31.299999237060547,31.51000022888184,18.92831802368164,2034500
NWL,2007-06-04,31.26000022888184,31.38999938964844,30.88999938964844,31.299999237060547,18.802165985107425,1400700
NWL,2007-06-05,31.030000686645508,31.270000457763672,30.809999465942383,30.86000061035156,18.53785514831543,1143100
NWL,2007-06-06,30.86000061035156,30.86000061035156,30.40999984741211,30.600000381469727,18.381669998168945,1150100
NWL,2007-06-07,30.440000534057617,30.729999542236328,30.030000686645508,30.030000686645508,18.03926658630371,1517700
NWL,2007-06-08,30.100000381469727,30.229999542236328,29.790000915527344,30.18000030517578,18.129371643066406,1512700
NWL,2007-06-11,30.09000015258789,30.100000381469727,29.76000022888184,29.799999237060547,17.901107788085938,1350600
NWL,2007-06-12,29.82999992370605,29.82999992370605,29.25,29.309999465942383,17.60675621032715,1987400
NWL,2007-06-13,29.43000030517578,29.63999938964844,29.059999465942383,29.61000061035156,17.78696632385254,1923500
NWL,2007-06-14,29.61000061035156,29.68000030517578,29.0,29.200000762939453,17.54067611694336,2516100
NWL,2007-06-15,29.39999961853028,29.600000381469727,29.239999771118164,29.309999465942383,17.60675621032715,2539600
NWL,2007-06-18,29.32999992370605,29.540000915527344,29.25,29.420000076293945,17.672832489013672,1312600
NWL,2007-06-19,29.26000022888184,29.46999931335449,29.100000381469727,29.38999938964844,17.654808044433594,1678000
NWL,2007-06-20,29.59000015258789,29.89999961853028,29.40999984741211,29.43000030517578,17.67884063720703,2434300
NWL,2007-06-21,29.479999542236328,29.479999542236328,29.01000022888184,29.270000457763672,17.58272933959961,1506600
NWL,2007-06-22,29.100000381469727,29.18000030517578,28.799999237060547,29.1200008392334,17.49262237548828,1916700
NWL,2007-06-25,29.14999961853028,29.82999992370605,29.13999938964844,29.39999961853028,17.660816192626953,2150800
NWL,2007-06-26,29.290000915527344,29.68000030517578,29.280000686645508,29.3799991607666,17.6488094329834,2403900
NWL,2007-06-27,29.100000381469727,29.600000381469727,29.07999992370605,29.549999237060547,17.750930786132812,1322600
NWL,2007-06-28,29.559999465942383,29.799999237060547,29.34000015258789,29.6299991607666,17.798980712890625,1920600
NWL,2007-06-29,29.6299991607666,29.81999969482422,29.13999938964844,29.43000030517578,17.67884063720703,1554500
NWL,2007-07-02,29.600000381469727,29.770000457763672,29.520000457763672,29.770000457763672,17.883075714111328,1351500
NWL,2007-07-03,29.770000457763672,29.8799991607666,29.530000686645508,29.690000534057617,17.835031509399414,556900
NWL,2007-07-05,29.57999992370605,29.64999961853028,29.11000061035156,29.200000762939453,17.54067611694336,1740300
NWL,2007-07-06,29.26000022888184,29.600000381469727,29.09000015258789,29.520000457763672,17.732906341552734,1383200
NWL,2007-07-09,29.489999771118164,29.600000381469727,29.14999961853028,29.21999931335449,17.552696228027344,1970600
NWL,2007-07-10,29.15999984741211,29.18000030517578,28.670000076293945,28.76000022888184,17.2763671875,2650700
NWL,2007-07-11,28.75,28.979999542236328,28.65999984741211,28.809999465942383,17.306406021118164,1881700
NWL,2007-07-12,28.81999969482422,29.209999084472656,28.690000534057617,29.209999084472656,17.54668617248535,1405500
NWL,2007-07-13,29.21999931335449,29.6299991607666,29.040000915527344,29.61000061035156,17.78696632385254,1364000
NWL,2007-07-16,29.520000457763672,29.709999084472656,29.18000030517578,29.270000457763672,17.58272933959961,1932100
NWL,2007-07-17,28.690000534057617,29.34000015258789,28.690000534057617,29.14999961853028,17.510648727416992,1719000
NWL,2007-07-18,28.86000061035156,29.030000686645508,28.229999542236328,28.709999084472656,17.246335983276367,2153200
NWL,2007-07-19,28.8799991607666,29.15999984741211,28.82999992370605,29.01000022888184,17.42654800415039,1014000
NWL,2007-07-20,28.979999542236328,28.989999771118164,28.36000061035156,28.59000015258789,17.174238204956055,2590300
NWL,2007-07-23,28.700000762939453,29.07999992370605,28.520000457763672,29.020000457763672,17.432552337646484,1509700
NWL,2007-07-24,28.75,29.32999992370605,28.549999237060547,28.56999969482422,17.162233352661133,1970200
NWL,2007-07-25,28.799999237060547,29.049999237060547,28.5,29.01000022888184,17.42654800415039,1673100
NWL,2007-07-26,28.5,28.600000381469727,26.6200008392334,26.950000762939453,16.18907928466797,8191700
NWL,2007-07-27,26.59000015258789,27.489999771118164,26.309999465942383,26.76000022888184,16.0749454498291,6188900
NWL,2007-07-30,26.670000076293945,27.049999237060547,26.190000534057617,26.96999931335449,16.201099395751953,4511000
NWL,2007-07-31,26.979999542236328,27.0,26.40999984741211,26.450000762939453,15.888733863830566,3422700
NWL,2007-08-01,26.34000015258789,26.450000762939453,25.780000686645508,26.07999992370605,15.666468620300291,4185900
NWL,2007-08-02,26.020000457763672,26.6299991607666,25.920000076293945,26.57999992370605,15.966825485229492,3019500
NWL,2007-08-03,26.690000534057617,26.75,26.049999237060547,26.209999084472656,15.744561195373535,3077300
NWL,2007-08-06,26.459999084472656,26.549999237060547,26.030000686645508,26.420000076293945,15.870710372924805,3329100
NWL,2007-08-07,26.270000457763672,27.170000076293945,26.190000534057617,27.1200008392334,16.29120445251465,4805300
NWL,2007-08-08,27.350000381469727,27.670000076293945,27.14999961853028,27.459999084472656,16.495445251464844,2756400
NWL,2007-08-09,26.959999084472656,27.1200008392334,26.459999084472656,26.459999084472656,15.89474105834961,3721300
NWL,2007-08-10,26.15999984741211,26.559999465942383,25.84000015258789,26.309999465942383,15.80463409423828,3019800
NWL,2007-08-13,26.709999084472656,27.09000015258789,26.420000076293945,26.489999771118164,15.912761688232422,1608900
NWL,2007-08-14,26.43000030517578,26.57999992370605,25.700000762939453,25.89999961853028,15.558340072631836,1868500
NWL,2007-08-15,25.96999931335449,26.209999084472656,24.920000076293945,24.93000030517578,14.975651741027832,2859900
NWL,2007-08-16,24.71999931335449,24.739999771118164,24.21999931335449,24.5,14.717351913452148,3753100
NWL,2007-08-17,25.0,25.309999465942383,24.809999465942383,25.25,15.16788387298584,2016600
NWL,2007-08-20,25.65999984741211,25.82999992370605,25.280000686645508,25.64999961853028,15.408164024353027,4241800
NWL,2007-08-21,25.5,25.64999961853028,25.36000061035156,25.459999084472656,15.294028282165527,1567700
NWL,2007-08-22,25.600000381469727,26.1200008392334,25.51000022888184,26.09000015258789,15.672480583190918,1336700
NWL,2007-08-23,26.31999969482422,26.59000015258789,25.75,25.799999237060547,15.49827003479004,1980800
NWL,2007-08-24,25.700000762939453,26.31999969482422,25.59000015258789,26.31999969482422,15.810643196105955,1337100
NWL,2007-08-27,26.15999984741211,26.61000061035156,26.100000381469727,26.43000030517578,15.876708030700684,2189600
NWL,2007-08-28,26.229999542236328,26.450000762939453,25.63999938964844,25.709999084472656,15.444201469421388,2357300
NWL,2007-08-29,25.799999237060547,25.920000076293945,25.36000061035156,25.71999931335449,15.577451705932615,2210200
NWL,2007-08-30,25.450000762939453,25.799999237060547,25.309999465942383,25.559999465942383,15.480539321899414,1012800
NWL,2007-08-31,25.76000022888184,25.93000030517578,25.440000534057617,25.790000915527344,15.61984920501709,1184300
NWL,2007-09-04,25.81999969482422,26.270000457763672,25.540000915527344,26.07999992370605,15.795489311218262,1517800
NWL,2007-09-05,25.920000076293945,26.350000381469727,25.729999542236328,25.75,15.59561538696289,1502500
NWL,2007-09-06,25.920000076293945,26.040000915527344,25.530000686645508,25.790000915527344,15.61984920501709,1318400
NWL,2007-09-07,25.559999465942383,25.59000015258789,25.100000381469727,25.3700008392334,15.365472793579102,1905100
NWL,2007-09-10,25.59000015258789,25.61000061035156,24.8799991607666,25.15999984741211,15.23828411102295,1427300
NWL,2007-09-11,25.350000381469727,25.450000762939453,25.14999961853028,25.36000061035156,15.359411239624023,1390600
NWL,2007-09-12,25.200000762939453,25.530000686645508,25.0,25.100000381469727,15.201945304870604,1548500
NWL,2007-09-13,25.299999237060547,25.549999237060547,25.07999992370605,25.309999465942383,15.329136848449709,1064000
NWL,2007-09-14,25.280000686645508,25.850000381469727,25.13999938964844,25.76000022888184,15.601675033569336,1144100
NWL,2007-09-17,26.25,28.38999938964844,26.18000030517578,28.020000457763672,16.970462799072266,5572000
NWL,2007-09-18,27.850000381469727,29.14999961853028,27.790000915527344,29.11000061035156,17.63062286376953,3109800
NWL,2007-09-19,29.11000061035156,29.39999961853028,28.84000015258789,29.01000022888184,17.57004737854004,3611800
NWL,2007-09-20,28.920000076293945,29.1200008392334,28.6200008392334,28.700000762939453,17.382307052612305,2170000
NWL,2007-09-21,28.790000915527344,28.920000076293945,28.61000061035156,28.82999992370605,17.461040496826172,2792400
NWL,2007-09-24,28.799999237060547,28.89999961853028,28.489999771118164,28.6200008392334,17.333850860595703,2321200
NWL,2007-09-25,28.51000022888184,28.59000015258789,27.950000762939453,28.209999084472656,17.085529327392578,2560700
NWL,2007-09-26,28.43000030517578,28.540000915527344,28.030000686645508,28.350000381469727,17.170326232910156,1384000
NWL,2007-09-27,28.40999984741211,28.57999992370605,28.25,28.520000457763672,17.273283004760742,1633000
NWL,2007-09-28,28.530000686645508,29.14999961853028,28.46999931335449,28.81999969482422,17.454988479614258,1613500
NWL,2007-10-01,28.850000381469727,29.34000015258789,28.75,29.34000015258789,17.769922256469727,1697600
NWL,2007-10-02,29.26000022888184,29.5,28.979999542236328,29.13999938964844,17.648799896240234,1594200
NWL,2007-10-03,28.950000762939453,29.450000762939453,28.950000762939453,29.309999465942383,17.751750946044922,1464000
NWL,2007-10-04,29.40999984741211,29.440000534057617,28.8799991607666,29.030000686645508,17.58216667175293,1397600
NWL,2007-10-05,29.239999771118164,29.309999465942383,28.86000061035156,29.239999771118164,17.709354400634766,1105000
NWL,2007-10-08,29.11000061035156,29.31999969482422,28.959999084472656,29.01000022888184,17.57004737854004,811600
NWL,2007-10-09,29.030000686645508,29.239999771118164,28.989999771118164,29.190000534057617,17.679075241088867,981500
NWL,2007-10-10,29.13999938964844,29.280000686645508,28.989999771118164,29.030000686645508,17.58216667175293,1763400
NWL,2007-10-11,29.13999938964844,29.25,28.32999992370605,28.479999542236328,17.249059677124023,2054300
NWL,2007-10-12,28.39999961853028,28.670000076293945,28.26000022888184,28.6299991607666,17.339908599853516,2779400
NWL,2007-10-15,28.549999237060547,28.6200008392334,28.299999237060547,28.459999084472656,17.236940383911133,1647400
NWL,2007-10-16,28.56999969482422,28.56999969482422,28.1200008392334,28.26000022888184,17.11581802368164,1556300
NWL,2007-10-17,28.489999771118164,28.530000686645508,27.90999984741211,28.350000381469727,17.170326232910156,1373300
NWL,2007-10-18,28.190000534057617,28.530000686645508,28.1299991607666,28.39999961853028,17.20060920715332,836600
NWL,2007-10-19,28.21999931335449,28.81999969482422,28.01000022888184,28.01000022888184,16.964405059814453,1415000
NWL,2007-10-22,27.780000686645508,28.32999992370605,27.700000762939453,28.09000015258789,17.012855529785156,898200
NWL,2007-10-23,28.13999938964844,28.34000015258789,27.86000061035156,28.09000015258789,17.012855529785156,784900
NWL,2007-10-24,28.059999465942383,28.059999465942383,27.31999969482422,27.75,16.806936264038086,2205200
NWL,2007-10-25,28.440000534057617,29.459999084472656,27.96999931335449,28.420000076293945,17.212722778320312,2959800
NWL,2007-10-26,28.8700008392334,29.190000534057617,28.540000915527344,29.020000457763672,17.576112747192383,878400
NWL,2007-10-29,29.170000076293945,29.21999931335449,28.76000022888184,28.850000381469727,17.473154067993164,931900
NWL,2007-10-30,28.8700008392334,29.190000534057617,28.780000686645508,29.030000686645508,17.58216667175293,1006600
NWL,2007-10-31,29.100000381469727,29.25,28.739999771118164,29.15999984741211,17.66090965270996,1243200
NWL,2007-11-01,29.030000686645508,29.11000061035156,28.270000457763672,28.299999237060547,17.140047073364258,1139200
NWL,2007-11-02,28.350000381469727,28.56999969482422,28.14999961853028,28.43000030517578,17.21877670288086,1167400
NWL,2007-11-05,28.280000686645508,28.43000030517578,27.86000061035156,28.170000076293945,17.061309814453125,1246800
NWL,2007-11-06,28.3700008392334,28.3700008392334,27.489999771118164,28.0,16.958349227905273,1370600
NWL,2007-11-07,27.729999542236328,27.780000686645508,27.25,27.270000457763672,16.516218185424805,1232300
NWL,2007-11-08,27.26000022888184,27.57999992370605,27.0,27.520000457763672,16.66762924194336,2108900
NWL,2007-11-09,27.11000061035156,27.479999542236328,26.93000030517578,27.1299991607666,16.431427001953125,1484100
NWL,2007-11-12,26.780000686645508,27.729999542236328,26.780000686645508,27.40999984741211,16.60101890563965,1732300
NWL,2007-11-13,27.700000762939453,27.96999931335449,27.229999542236328,27.920000076293945,16.909896850585938,1471100
NWL,2007-11-14,27.989999771118164,28.239999771118164,27.790000915527344,27.89999961853028,16.897775650024414,1178500
NWL,2007-11-15,27.729999542236328,28.15999984741211,27.6299991607666,27.809999465942383,16.843271255493164,1105600
NWL,2007-11-16,27.940000534057617,28.1299991607666,27.61000061035156,27.950000762939453,16.928058624267578,1929400
NWL,2007-11-19,27.82999992370605,28.07999992370605,27.59000015258789,28.01000022888184,16.964405059814453,2766800
NWL,2007-11-20,28.01000022888184,28.84000015258789,27.96999931335449,28.530000686645508,17.27934455871582,3423800
NWL,2007-11-21,28.299999237060547,28.6200008392334,28.09000015258789,28.209999084472656,17.085529327392578,1941800
NWL,2007-11-23,28.3700008392334,28.709999084472656,28.26000022888184,28.700000762939453,17.382307052612305,512100
NWL,2007-11-26,26.700000762939453,27.790000915527344,26.51000022888184,26.549999237060547,16.08014488220215,5170800
NWL,2007-11-27,26.6299991607666,26.75,25.920000076293945,26.280000686645508,15.916624069213867,4166700
NWL,2007-11-28,26.13999938964844,26.729999542236328,26.13999938964844,26.65999984741211,16.276826858520508,2130600
NWL,2007-11-29,26.64999961853028,26.68000030517578,26.43000030517578,26.61000061035156,16.24630355834961,1523500
NWL,2007-11-30,26.700000762939453,26.989999771118164,26.520000457763672,26.780000686645508,16.350093841552734,1774700
NWL,2007-12-03,26.530000686645508,26.8799991607666,26.38999938964844,26.440000534057617,16.14251136779785,1467300
NWL,2007-12-04,26.32999992370605,26.8700008392334,26.270000457763672,26.530000686645508,16.19746971130371,1816000
NWL,2007-12-05,26.71999931335449,26.8700008392334,26.420000076293945,26.6299991607666,16.25851821899414,1342600
NWL,2007-12-06,26.6200008392334,27.06999969482422,26.3700008392334,27.01000022888184,16.490520477294922,1895500
NWL,2007-12-07,27.239999771118164,27.280000686645508,26.709999084472656,26.86000061035156,16.398941040039062,1244700
NWL,2007-12-10,26.8799991607666,26.959999084472656,26.6299991607666,26.799999237060547,16.362302780151367,1235800
NWL,2007-12-11,26.790000915527344,26.96999931335449,25.6299991607666,25.6299991607666,15.647984504699709,2381900
NWL,2007-12-12,26.14999961853028,26.3799991607666,25.3700008392334,25.770000457763672,15.733461380004885,2238700
NWL,2007-12-13,25.600000381469727,25.799999237060547,25.200000762939453,25.61000061035156,15.635777473449709,2050600
NWL,2007-12-14,25.290000915527344,25.290000915527344,24.86000061035156,25.040000915527344,15.287763595581056,2598000
NWL,2007-12-17,24.8799991607666,25.239999771118164,24.8799991607666,24.979999542236328,15.25113010406494,2656900
NWL,2007-12-18,25.11000061035156,25.32999992370605,24.690000534057617,25.290000915527344,15.440399169921877,2287800
NWL,2007-12-19,25.34000015258789,25.479999542236328,25.15999984741211,25.26000022888184,15.422083854675291,1439600
NWL,2007-12-20,25.38999938964844,25.600000381469727,25.229999542236328,25.5,15.568611145019531,1771700
NWL,2007-12-21,26.0,26.020000457763672,25.75,25.8700008392334,15.794511795043944,2801700
NWL,2007-12-24,25.8799991607666,26.299999237060547,25.850000381469727,26.209999084472656,16.002086639404297,446500
NWL,2007-12-26,26.1299991607666,26.14999961853028,25.89999961853028,26.07999992370605,15.922722816467283,805400
NWL,2007-12-27,26.040000915527344,26.21999931335449,25.96999931335449,26.049999237060547,15.904413223266602,1287300
NWL,2007-12-28,26.0,26.229999542236328,25.850000381469727,25.950000762939453,15.843355178833008,925500
NWL,2007-12-31,25.81999969482422,26.020000457763672,25.68000030517578,25.8799991607666,15.80060863494873,1142500
NWL,2008-01-02,25.90999984741211,25.940000534057617,25.190000534057617,25.280000686645508,15.434295654296877,2428900
NWL,2008-01-03,25.15999984741211,25.51000022888184,24.600000381469727,24.690000534057617,15.074082374572754,1827500
NWL,2008-01-04,24.530000686645508,24.549999237060547,23.88999938964844,23.90999984741211,14.597864151000977,2159200
NWL,2008-01-07,24.15999984741211,24.26000022888184,23.3799991607666,23.600000381469727,14.40860366821289,2674700
NWL,2008-01-08,23.76000022888184,23.76000022888184,22.950000762939453,22.950000762939453,14.011747360229492,2634000
NWL,2008-01-09,23.01000022888184,23.200000762939453,22.56999969482422,23.18000030517578,14.152177810668944,1907600
NWL,2008-01-10,22.93000030517578,23.51000022888184,22.559999465942383,23.299999237060547,14.22543716430664,2907700
NWL,2008-01-11,22.96999931335449,23.14999961853028,22.280000686645508,22.420000076293945,13.688165664672852,2238900
NWL,2008-01-14,22.670000076293945,23.530000686645508,22.600000381469727,23.309999465942383,14.23154640197754,3494200
NWL,2008-01-15,23.06999969482422,23.26000022888184,22.709999084472656,22.739999771118164,13.883538246154783,2704700
NWL,2008-01-16,22.57999992370605,23.26000022888184,22.57999992370605,22.93000030517578,13.999539375305176,1925800
NWL,2008-01-17,22.959999084472656,23.049999237060547,22.71999931335449,22.84000015258789,13.944594383239746,2630400
NWL,2008-01-18,23.0,23.420000076293945,22.530000686645508,22.82999992370605,13.93848705291748,2078700
NWL,2008-01-22,22.07999992370605,23.809999465942383,22.07999992370605,23.5,14.347548484802246,3877900
NWL,2008-01-23,22.84000015258789,25.11000061035156,22.61000061035156,24.989999771118164,15.257237434387209,5295100
NWL,2008-01-24,24.93000030517578,25.209999084472656,24.13999938964844,24.440000534057617,14.92144775390625,3420700
NWL,2008-01-25,24.770000457763672,24.770000457763672,23.96999931335449,24.15999984741211,14.750496864318848,2299200
NWL,2008-01-28,24.350000381469727,24.88999938964844,23.96999931335449,24.88999938964844,15.196185111999512,1913600
NWL,2008-01-29,24.809999465942383,25.049999237060547,24.520000457763672,24.920000076293945,15.214503288269045,1639300
NWL,2008-01-30,25.280000686645508,25.440000534057617,24.559999465942383,24.81999969482422,15.153450012207031,3217200
NWL,2008-01-31,24.15999984741211,24.61000061035156,23.39999961853028,24.059999465942383,14.689444541931152,7808600
NWL,2008-02-01,23.51000022888184,24.040000915527344,23.450000762939453,23.920000076293945,14.603967666625977,3817200
NWL,2008-02-04,23.5,24.0,23.020000457763672,23.229999542236328,14.182701110839844,2484200
NWL,2008-02-05,22.729999542236328,23.280000686645508,22.729999542236328,22.780000686645508,13.907963752746582,2188300
NWL,2008-02-06,22.8799991607666,23.25,22.780000686645508,22.940000534057617,14.00564670562744,2946000
NWL,2008-02-07,22.88999938964844,23.39999961853028,22.81999969482422,22.979999542236328,14.03006362915039,2766200
NWL,2008-02-08,22.89999961853028,22.96999931335449,22.190000534057617,22.36000061035156,13.651541709899902,2315200
NWL,2008-02-11,22.39999961853028,22.6299991607666,22.170000076293945,22.600000381469727,13.798059463500977,1669100
NWL,2008-02-12,22.75,23.07999992370605,22.600000381469727,22.88999938964844,13.97512149810791,1605500
NWL,2008-02-13,23.18000030517578,23.39999961853028,23.0,23.31999969482422,14.237650871276855,2533200
NWL,2008-02-14,23.3700008392334,23.3700008392334,22.75,22.850000381469727,13.950698852539062,1451800
NWL,2008-02-15,22.790000915527344,22.809999465942383,22.450000762939453,22.71999931335449,13.87132740020752,1369900
NWL,2008-02-19,22.940000534057617,22.950000762939453,22.489999771118164,22.559999465942383,13.773643493652344,1639400
NWL,2008-02-20,22.39999961853028,22.8700008392334,22.39999961853028,22.82999992370605,13.93848705291748,1108400
NWL,2008-02-21,22.989999771118164,23.200000762939453,22.46999931335449,22.489999771118164,13.730907440185549,1346300
NWL,2008-02-22,22.600000381469727,22.809999465942383,22.239999771118164,22.809999465942383,13.926275253295898,2220600
NWL,2008-02-25,22.780000686645508,23.799999237060547,22.670000076293945,23.770000457763672,14.512392044067385,2761700
NWL,2008-02-26,23.700000762939453,24.07999992370605,23.6299991607666,24.049999237060547,14.683342933654783,2123800
NWL,2008-02-27,23.82999992370605,24.15999984741211,23.690000534057617,24.059999465942383,14.818835258483888,3295800
NWL,2008-02-28,23.88999938964844,24.030000686645508,23.799999237060547,23.84000015258789,14.683341026306152,2083600
NWL,2008-02-29,23.56999969482422,23.56999969482422,22.6200008392334,22.700000762939453,13.981204986572266,2676600
NWL,2008-03-03,22.709999084472656,23.25,22.43000030517578,23.209999084472656,14.295308113098145,2455500
NWL,2008-03-04,22.989999771118164,23.030000686645508,22.3700008392334,22.61000061035156,13.92576503753662,3262100
NWL,2008-03-05,22.81999969482422,22.8799991607666,22.239999771118164,22.459999084472656,13.833382606506348,3388400
NWL,2008-03-06,22.450000762939453,22.549999237060547,22.229999542236328,22.36000061035156,13.771784782409668,1847800
NWL,2008-03-07,22.34000015258789,22.549999237060547,22.13999938964844,22.350000381469727,13.76562786102295,1919300
NWL,2008-03-10,22.350000381469727,22.549999237060547,22.030000686645508,22.100000381469727,13.611647605895996,2187100
NWL,2008-03-11,22.530000686645508,22.68000030517578,21.950000762939453,22.3700008392334,13.777950286865234,2167400
NWL,2008-03-12,22.559999465942383,22.600000381469727,21.979999542236328,22.0,13.55006504058838,2108700
NWL,2008-03-13,21.739999771118164,22.790000915527344,21.57999992370605,22.61000061035156,13.92576503753662,2213500
NWL,2008-03-14,22.739999771118164,22.739999771118164,21.8700008392334,22.15999984741211,13.648606300354004,2177200
NWL,2008-03-17,21.670000076293945,22.239999771118164,21.239999771118164,22.0,13.55006504058838,2644100
NWL,2008-03-18,22.3700008392334,22.76000022888184,22.11000061035156,22.729999542236328,13.999675750732422,2100700
NWL,2008-03-19,22.81999969482422,23.270000457763672,22.700000762939453,22.700000762939453,13.981204986572266,2176900
NWL,2008-03-20,22.71999931335449,23.040000915527344,22.559999465942383,22.989999771118164,14.159814834594728,1816300
NWL,2008-03-24,23.01000022888184,23.39999961853028,22.979999542236328,23.36000061035156,14.387702941894531,1809500
NWL,2008-03-25,23.450000762939453,23.57999992370605,23.13999938964844,23.5,14.473925590515137,1683200
NWL,2008-03-26,23.440000534057617,23.440000534057617,23.209999084472656,23.309999465942383,14.356905937194824,1655900
NWL,2008-03-27,23.31999969482422,23.3799991607666,22.96999931335449,23.01000022888184,14.172128677368164,1593000
NWL,2008-03-28,23.0,23.0,22.420000076293945,22.540000915527344,13.882652282714844,1275800
NWL,2008-03-31,22.56999969482422,22.920000076293945,22.459999084472656,22.8700008392334,14.08590602874756,1369300
NWL,2008-04-01,23.07999992370605,23.6299991607666,22.520000457763672,23.61000061035156,14.541680335998535,2021100
NWL,2008-04-02,23.68000030517578,24.07999992370605,23.56999969482422,23.700000762939453,14.597118377685549,1628700
NWL,2008-04-03,23.56999969482422,23.729999542236328,23.299999237060547,23.63999938964844,14.56015682220459,1032600
NWL,2008-04-04,23.56999969482422,23.68000030517578,23.31999969482422,23.43000030517578,14.430811882019045,768600
NWL,2008-04-07,23.63999938964844,23.809999465942383,23.489999771118164,23.71999931335449,14.609424591064451,1068900
NWL,2008-04-08,23.600000381469727,23.670000076293945,23.32999992370605,23.450000762939453,14.443137168884276,770400
NWL,2008-04-09,23.61000061035156,23.61000061035156,22.950000762939453,23.020000457763672,14.17829132080078,1260500
NWL,2008-04-10,22.96999931335449,23.059999465942383,22.739999771118164,22.86000061035156,14.079739570617676,1256800
NWL,2008-04-11,22.6299991607666,22.64999961853028,22.21999931335449,22.309999465942383,13.740992546081545,1589800
NWL,2008-04-14,22.31999969482422,22.38999938964844,22.030000686645508,22.09000015258789,13.60548973083496,1204700
NWL,2008-04-15,22.190000534057617,22.32999992370605,21.96999931335449,22.09000015258789,13.60548973083496,1618700
NWL,2008-04-16,22.09000015258789,22.32999992370605,22.030000686645508,22.270000457763672,13.716354370117188,1645400
NWL,2008-04-17,22.290000915527344,22.59000015258789,22.190000534057617,22.520000457763672,13.870338439941406,1115700
NWL,2008-04-18,22.770000457763672,22.93000030517578,22.479999542236328,22.549999237060547,13.888809204101562,1976200
NWL,2008-04-21,22.38999938964844,22.770000457763672,22.25,22.46999931335449,13.839537620544434,1519100
NWL,2008-04-22,22.489999771118164,22.489999771118164,21.96999931335449,22.280000686645508,13.722516059875488,1766100
NWL,2008-04-23,22.34000015258789,23.76000022888184,22.26000022888184,23.690000534057617,14.590949058532717,3846500
NWL,2008-04-24,22.59000015258789,22.59000015258789,20.209999084472656,21.190000534057617,13.05117130279541,5330000
NWL,2008-04-25,21.3799991607666,21.989999771118164,21.030000686645508,21.39999961853028,13.180514335632324,2861700
NWL,2008-04-28,21.39999961853028,21.39999961853028,20.59000015258789,20.71999931335449,12.761693954467772,2984800
NWL,2008-04-29,20.799999237060547,21.059999465942383,20.700000762939453,20.84000015258789,12.835601806640623,2065300
NWL,2008-04-30,20.979999542236328,21.01000022888184,20.309999465942383,20.530000686645508,12.644667625427246,4430900
NWL,2008-05-01,20.540000915527344,21.6299991607666,20.540000915527344,21.3799991607666,13.168198585510254,3478400
NWL,2008-05-02,21.51000022888184,21.6299991607666,20.959999084472656,21.07999992370605,12.983420372009276,2283400
NWL,2008-05-05,21.020000457763672,21.020000457763672,20.3799991607666,20.59000015258789,12.68162727355957,2833600
NWL,2008-05-06,20.39999961853028,20.600000381469727,20.200000762939453,20.51000022888184,12.632353782653809,2724200
NWL,2008-05-07,20.559999465942383,20.559999465942383,19.86000061035156,19.93000030517578,12.275121688842772,4628900
NWL,2008-05-08,20.049999237060547,20.40999984741211,19.850000381469727,20.26000022888184,12.47837734222412,3181700
NWL,2008-05-09,20.14999961853028,20.3700008392334,19.93000030517578,19.96999931335449,12.299757957458496,2775100
NWL,2008-05-12,20.100000381469727,20.190000534057617,19.920000076293945,20.190000534057617,12.435261726379396,3266200
NWL,2008-05-13,20.200000762939453,20.56999969482422,20.190000534057617,20.450000762939453,12.5954008102417,3341500
NWL,2008-05-14,20.540000915527344,20.850000381469727,20.450000762939453,20.670000076293945,12.73089599609375,2792700
NWL,2008-05-15,20.690000534057617,21.059999465942383,20.39999961853028,21.020000457763672,12.946470260620115,2357400
NWL,2008-05-16,21.100000381469727,21.200000762939453,20.790000915527344,21.07999992370605,12.983420372009276,2449400
NWL,2008-05-19,21.0,21.239999771118164,20.959999084472656,21.100000381469727,12.995741844177246,1224300
NWL,2008-05-20,21.020000457763672,21.020000457763672,20.6200008392334,20.709999084472656,12.755535125732422,2569600
NWL,2008-05-21,20.56999969482422,20.93000030517578,20.11000061035156,20.15999984741211,12.416784286499023,2470200
NWL,2008-05-22,20.100000381469727,20.3700008392334,20.01000022888184,20.21999931335449,12.453734397888184,1458900
NWL,2008-05-23,20.15999984741211,20.15999984741211,19.56999969482422,19.57999992370605,12.05955410003662,2157700
NWL,2008-05-27,19.700000762939453,19.959999084472656,19.600000381469727,19.89999961853028,12.256643295288086,1768300
NWL,2008-05-28,19.89999961853028,19.89999961853028,19.420000076293945,19.559999465942383,12.175726890563965,2157400
NWL,2008-05-29,19.479999542236328,20.209999084472656,19.479999542236328,20.09000015258789,12.50563907623291,1779300
NWL,2008-05-30,19.950000762939453,20.26000022888184,19.93000030517578,20.07999992370605,12.499407768249512,3045000
NWL,2008-06-02,19.75,19.96999931335449,19.26000022888184,19.63999938964844,12.225522994995115,2984000
NWL,2008-06-03,19.65999984741211,19.75,19.350000381469727,19.51000022888184,12.144596099853516,1840500
NWL,2008-06-04,19.559999465942383,19.989999771118164,19.450000762939453,19.809999465942383,12.331343650817873,2136900
NWL,2008-06-05,19.82999992370605,20.239999771118164,19.64999961853028,20.1299991607666,12.530534744262695,3083000
NWL,2008-06-06,19.770000457763672,19.8799991607666,19.36000061035156,19.5,12.138371467590332,4016500
NWL,2008-06-09,19.65999984741211,19.65999984741211,19.049999237060547,19.280000686645508,12.001428604125977,2384200
NWL,2008-06-10,19.1200008392334,19.71999931335449,19.0,19.5,12.138371467590332,2985300
NWL,2008-06-11,19.309999465942383,19.420000076293945,18.82999992370605,18.82999992370605,11.721307754516602,2811400
NWL,2008-06-12,18.959999084472656,19.15999984741211,18.76000022888184,18.90999984741211,11.771110534667969,1862200
NWL,2008-06-13,19.06999969482422,19.170000076293945,18.90999984741211,19.170000076293945,11.932954788208008,2405300
NWL,2008-06-16,19.01000022888184,19.030000686645508,18.40999984741211,18.559999465942383,11.553239822387695,4401100
NWL,2008-06-17,18.600000381469727,18.799999237060547,18.5,18.520000457763672,11.528346061706545,1659800
NWL,2008-06-18,18.40999984741211,18.450000762939453,17.969999313354492,18.06999969482422,11.2482271194458,1959800
NWL,2008-06-19,18.059999465942383,18.739999771118164,17.969999313354492,18.709999084472656,11.646615982055664,2941600
NWL,2008-06-20,18.25,18.75,17.959999084472656,18.15999984741211,11.304247856140137,2738700
NWL,2008-06-23,18.3700008392334,18.3700008392334,17.93000030517578,18.030000686645508,11.223328590393066,1723600
NWL,2008-06-24,17.93000030517578,18.290000915527344,17.709999084472656,17.75,11.049034118652344,3199100
NWL,2008-06-25,17.84000015258789,18.1299991607666,17.780000686645508,17.940000534057617,11.167305946350098,4421800
NWL,2008-06-26,17.770000457763672,17.770000457763672,17.290000915527344,17.290000915527344,10.762693405151367,2925700
NWL,2008-06-27,17.280000686645508,17.3799991607666,16.850000381469727,16.979999542236328,10.569724082946776,3651500
NWL,2008-06-30,16.979999542236328,17.010000228881836,16.68000030517578,16.790000915527344,10.451451301574709,3165800
NWL,2008-07-01,16.6200008392334,16.90999984741211,16.530000686645508,16.81999969482422,10.470128059387209,3407100
NWL,2008-07-02,16.690000534057617,16.770000457763672,16.1200008392334,16.1299991607666,10.04061222076416,4334900
NWL,2008-07-03,16.229999542236328,16.309999465942383,16.110000610351562,16.139999389648438,10.04683780670166,2801000
NWL,2008-07-07,16.18000030517578,16.459999084472656,15.989999771118164,16.229999542236328,10.102861404418944,2858600
NWL,2008-07-08,16.110000610351562,16.829999923706055,16.110000610351562,16.829999923706055,10.47635269165039,3375000
NWL,2008-07-09,16.81999969482422,16.889999389648438,16.149999618530273,16.15999984741211,10.059292793273926,2696900
NWL,2008-07-10,16.1200008392334,16.170000076293945,15.619999885559082,15.84000015258789,9.86009407043457,2951700
NWL,2008-07-11,15.6899995803833,16.010000228881836,15.390000343322754,15.81999969482422,9.847643852233888,3716300
NWL,2008-07-14,16.040000915527344,16.3700008392334,15.369999885559082,15.4399995803833,9.611101150512695,2482000
NWL,2008-07-15,15.100000381469728,16.049999237060547,14.890000343322754,15.609999656677246,9.716924667358398,6819800
NWL,2008-07-16,15.529999732971191,15.9399995803833,15.270000457763672,15.850000381469728,9.866320610046388,8791000
NWL,2008-07-17,15.75,16.360000610351562,15.56999969482422,16.360000610351562,10.18378448486328,6696900
NWL,2008-07-18,16.40999984741211,16.40999984741211,15.829999923706056,16.34000015258789,10.171337127685549,2622600
NWL,2008-07-21,16.440000534057617,16.559999465942383,16.229999542236328,16.360000610351562,10.18378448486328,2985000
NWL,2008-07-22,16.350000381469727,16.920000076293945,16.06999969482422,16.899999618530273,10.51992130279541,2537600
NWL,2008-07-23,17.0,17.6299991607666,16.959999084472656,17.350000381469727,10.80003547668457,3058900
NWL,2008-07-24,17.389999389648438,17.389999389648438,16.559999465942383,16.6200008392334,10.34562873840332,2387700
NWL,2008-07-25,16.690000534057617,16.8700008392334,16.440000534057617,16.799999237060547,10.45767593383789,2467600
NWL,2008-07-28,16.59000015258789,16.850000381469727,16.1200008392334,16.280000686645508,10.13398551940918,2152900
NWL,2008-07-29,16.25,17.270000457763672,16.25,17.25,10.737792015075684,2711400
NWL,2008-07-30,17.299999237060547,17.760000228881836,17.18000030517578,17.549999237060547,10.92453670501709,2761600
NWL,2008-07-31,16.450000762939453,16.93000030517578,16.110000610351562,16.530000686645508,10.289608001708984,5616600
NWL,2008-08-01,16.479999542236328,16.760000228881836,16.299999237060547,16.360000610351562,10.18378448486328,2563900
NWL,2008-08-04,16.309999465942383,16.829999923706055,16.209999084472656,16.75,10.426551818847656,2660400
NWL,2008-08-05,16.860000610351562,17.969999313354492,16.860000610351562,17.93000030517578,11.161078453063965,3660000
NWL,2008-08-06,17.899999618530273,18.229999542236328,17.65999984741211,18.170000076293945,11.31047248840332,4581900
NWL,2008-08-07,17.799999237060547,18.059999465942383,17.1200008392334,17.15999984741211,10.681771278381348,3253800
NWL,2008-08-08,17.219999313354492,18.36000061035156,17.149999618530273,18.36000061035156,11.428747177124023,2872600
NWL,2008-08-11,18.36000061035156,18.89999961853028,18.13999938964844,18.690000534057617,11.634164810180664,3189800
NWL,2008-08-12,19.1299991607666,19.59000015258789,18.850000381469727,19.11000061035156,11.89560890197754,4586700
NWL,2008-08-13,19.18000030517578,19.18000030517578,18.36000061035156,18.89999961853028,11.764886856079102,4144900
NWL,2008-08-14,18.63999938964844,19.15999984741211,18.38999938964844,19.0,11.82713222503662,3286200
NWL,2008-08-15,19.01000022888184,19.38999938964844,18.459999084472656,19.020000457763672,11.839584350585938,3060000
NWL,2008-08-18,19.100000381469727,19.18000030517578,18.690000534057617,18.940000534057617,11.789786338806152,2968000
NWL,2008-08-19,18.790000915527344,18.950000762939453,18.040000915527344,18.3700008392334,11.434971809387209,2300800
NWL,2008-08-20,18.38999938964844,18.479999542236328,17.899999618530273,18.11000061035156,11.273128509521484,2680700
NWL,2008-08-21,17.68000030517578,18.1200008392334,17.68000030517578,17.93000030517578,11.161078453063965,1790500
NWL,2008-08-22,18.010000228881836,18.40999984741211,17.989999771118164,18.3799991607666,11.44119644165039,1337600
NWL,2008-08-25,18.299999237060547,18.32999992370605,17.829999923706055,18.1200008392334,11.279354095458984,2122600
NWL,2008-08-26,18.06999969482422,18.21999931335449,17.719999313354492,17.950000762939453,11.173532485961914,1953400
NWL,2008-08-27,17.920000076293945,17.920000076293945,17.450000762939453,17.700000762939453,11.148332595825195,1796400
NWL,2008-08-28,17.790000915527344,18.32999992370605,17.75,18.280000686645508,11.513646125793455,2200200
NWL,2008-08-29,17.899999618530273,18.3700008392334,17.899999618530273,18.100000381469727,11.400277137756348,1621400
NWL,2008-09-02,18.32999992370605,19.39999961853028,18.32999992370605,19.06999969482422,12.011229515075684,4621000
NWL,2008-09-03,19.200000762939453,20.559999465942383,18.809999465942383,20.209999084472656,12.729259490966797,7273700
NWL,2008-09-04,19.690000534057617,20.14999961853028,19.61000061035156,19.63999938964844,12.370246887207031,4552900
NWL,2008-09-05,19.530000686645508,19.96999931335449,19.40999984741211,19.799999237060547,12.471020698547363,3491200
NWL,2008-09-08,20.1200008392334,20.920000076293945,19.93000030517578,20.920000076293945,13.176446914672852,6242400
NWL,2008-09-09,21.020000457763672,21.3799991607666,19.93000030517578,20.030000686645508,12.615887641906738,6178700
NWL,2008-09-10,20.1299991607666,20.309999465942383,19.799999237060547,20.06999969482422,12.64107894897461,4059100
NWL,2008-09-11,19.8700008392334,20.63999938964844,19.700000762939453,20.63999938964844,13.000092506408691,2940500
NWL,2008-09-12,20.51000022888184,20.51000022888184,19.940000534057617,20.18000030517578,12.710357666015623,2587900
NWL,2008-09-15,19.8700008392334,19.940000534057617,19.1200008392334,19.64999961853028,12.376542091369627,4610000
NWL,2008-09-16,19.15999984741211,19.920000076293945,19.0,19.920000076293945,12.546606063842772,3199900
NWL,2008-09-17,19.61000061035156,19.8799991607666,18.61000061035156,18.68000030517578,11.765585899353027,4384100
NWL,2008-09-18,19.14999961853028,19.34000015258789,18.0,18.850000381469727,11.872661590576172,6445600
NWL,2008-09-19,18.8799991607666,20.3799991607666,18.799999237060547,19.09000015258789,12.023825645446776,4973000
NWL,2008-09-22,18.84000015258789,19.100000381469727,18.1200008392334,18.15999984741211,11.438064575195312,2990100
NWL,2008-09-23,18.170000076293945,18.36000061035156,17.65999984741211,17.790000915527344,11.205022811889648,2642900
NWL,2008-09-24,17.700000762939453,17.81999969482422,17.3799991607666,17.489999771118164,11.01606559753418,2244300
NWL,2008-09-25,17.719999313354492,18.15999984741211,17.690000534057617,17.8700008392334,11.255406379699709,2364100
NWL,2008-09-26,17.709999084472656,18.09000015258789,17.559999465942383,18.06999969482422,11.38138198852539,2643500
NWL,2008-09-29,18.030000686645508,18.059999465942383,16.8700008392334,16.959999084472656,10.682245254516602,3616000
NWL,2008-09-30,17.139999389648438,17.290000915527344,16.6299991607666,17.260000228881836,10.871203422546388,3270300
NWL,2008-10-01,17.040000915527344,17.459999084472656,16.790000915527344,17.34000015258789,10.921589851379396,2550100
NWL,2008-10-02,17.18000030517578,17.350000381469727,16.65999984741211,16.770000457763672,10.562576293945312,2625800
NWL,2008-10-03,16.959999084472656,17.59000015258789,16.209999084472656,16.229999542236328,10.222455978393556,4075300
NWL,2008-10-06,15.829999923706056,15.899999618530272,14.829999923706056,15.550000190734863,9.794159889221191,3912800
NWL,2008-10-07,15.630000114440918,15.949999809265137,14.199999809265137,14.199999809265137,8.943861961364746,3304100
NWL,2008-10-08,14.109999656677246,14.489999771118164,13.079999923706056,14.010000228881836,8.82419490814209,6670000
NWL,2008-10-09,14.920000076293944,14.920000076293944,12.81999969482422,12.829999923706056,8.080968856811523,4489800
NWL,2008-10-10,12.449999809265137,13.510000228881836,11.800000190734863,12.81999969482422,8.074666976928711,7315300
NWL,2008-10-13,16.100000381469727,17.5,14.68000030517578,15.130000114440918,9.529623031616213,6565700
NWL,2008-10-14,16.280000686645508,16.6200008392334,14.880000114440918,15.18000030517578,9.561117172241213,5466400
NWL,2008-10-15,15.109999656677246,15.43000030517578,13.869999885559082,13.869999885559082,8.736013412475586,2613000
NWL,2008-10-16,13.93000030517578,14.539999961853027,13.029999732971191,14.489999771118164,9.12651824951172,4285700
NWL,2008-10-17,14.15999984741211,15.020000457763672,13.989999771118164,14.68000030517578,9.246187210083008,4337500
NWL,2008-10-20,14.859999656677246,15.260000228881836,14.390000343322754,15.1899995803833,9.567411422729492,2733100
NWL,2008-10-21,14.970000267028809,15.239999771118164,14.710000038146973,14.84000015258789,9.346964836120604,2041100
NWL,2008-10-22,14.40999984741211,14.479999542236328,13.649999618530272,14.010000228881836,8.82419490814209,3487600
NWL,2008-10-23,14.109999656677246,14.1899995803833,12.6899995803833,13.3100004196167,8.383296012878418,4319400
NWL,2008-10-24,12.670000076293944,13.40999984741211,12.5,13.06999969482422,8.232131004333496,3324800
NWL,2008-10-27,13.0600004196167,13.229999542236328,12.65999984741211,12.65999984741211,7.973891258239746,2115500
NWL,2008-10-28,12.979999542236328,13.90999984741211,12.4399995803833,13.90999984741211,8.761204719543457,3222000
NWL,2008-10-29,13.800000190734863,14.039999961853027,13.18000030517578,13.489999771118164,8.496668815612793,3713200
NWL,2008-10-30,14.0,14.31999969482422,12.890000343322754,13.199999809265137,8.314013481140137,4824500
NWL,2008-10-31,13.140000343322754,13.84000015258789,12.920000076293944,13.75,8.660429000854492,7163300
NWL,2008-11-03,13.729999542236328,13.90999984741211,13.520000457763672,13.710000038146973,8.635235786437988,2653100
NWL,2008-11-04,13.979999542236328,14.630000114440918,13.81999969482422,14.550000190734863,9.164311408996582,3388400
NWL,2008-11-05,14.359999656677246,14.579999923706056,14.050000190734863,14.329999923706056,9.025742530822754,3462100
NWL,2008-11-06,14.229999542236328,14.369999885559082,13.520000457763672,13.65999984741211,8.603744506835938,2669600
NWL,2008-11-07,13.770000457763672,13.880000114440918,13.369999885559082,13.789999961853027,8.685624122619629,1836400
NWL,2008-11-10,14.039999961853027,14.039999961853027,12.720000267028809,12.880000114440918,8.112460136413574,2528000
NWL,2008-11-11,12.880000114440918,13.109999656677246,12.579999923706056,12.84000015258789,8.087268829345703,3611900
NWL,2008-11-12,12.869999885559082,12.93000030517578,11.979999542236328,12.010000228881836,7.5644917488098145,2938800
NWL,2008-11-13,12.050000190734863,12.960000038146973,11.270000457763672,12.949999809265137,8.156549453735352,3503900
NWL,2008-11-14,12.699999809265137,12.869999885559082,12.010000228881836,12.050000190734863,7.589685440063477,3589800
NWL,2008-11-17,11.899999618530272,12.31999969482422,11.619999885559082,11.93000030517578,7.514102935791016,1787100
NWL,2008-11-18,11.949999809265137,12.050000190734863,11.140000343322754,11.600000381469728,7.306252479553223,2637300
NWL,2008-11-19,11.579999923706056,11.6899995803833,10.760000228881836,10.8100004196167,6.808671474456787,2398900
NWL,2008-11-20,10.6899995803833,11.260000228881836,10.010000228881836,10.079999923706056,6.348880290985107,4443800
NWL,2008-11-21,10.34000015258789,10.34000015258789,9.420000076293944,10.100000381469728,6.361480236053467,3778200
NWL,2008-11-24,10.210000038146973,11.220000267028809,10.039999961853027,10.970000267028809,6.909448146820068,3169200
NWL,2008-11-25,11.149999618530272,11.15999984741211,10.329999923706056,10.949999809265137,7.031455039978027,3874200
NWL,2008-11-26,11.010000228881836,12.34000015258789,10.9399995803833,12.300000190734863,7.898348808288574,3326400
NWL,2008-11-28,12.270000457763672,13.43000030517578,12.229999542236328,13.359999656677246,8.579019546508789,2307400
NWL,2008-12-01,13.079999923706056,13.15999984741211,11.800000190734863,11.8100004196167,7.583695888519287,4350900
NWL,2008-12-02,12.140000343322754,12.649999618530272,11.979999542236328,12.59000015258789,8.084567070007324,3099000
NWL,2008-12-03,12.300000190734863,13.029999732971191,12.289999961853027,12.9399995803833,8.309317588806152,2960800
NWL,2008-12-04,12.739999771118164,13.270000457763672,12.470000267028809,12.739999771118164,8.180888175964355,2091200
NWL,2008-12-05,12.649999618530272,13.270000457763672,12.270000457763672,13.029999732971191,8.367112159729004,3344100
NWL,2008-12-08,13.399999618530272,13.5,12.8100004196167,13.260000228881836,8.514803886413574,3380900
NWL,2008-12-09,13.140000343322754,13.5,12.81999969482422,12.920000076293944,8.296476364135742,3919500
NWL,2008-12-10,13.15999984741211,13.229999542236328,12.75,13.020000457763672,8.360690116882324,2844900
NWL,2008-12-11,12.869999885559082,13.109999656677246,12.25,12.390000343322754,7.956141948699951,3056700
NWL,2008-12-12,12.020000457763672,12.699999809265137,11.880000114440918,12.649999618530272,8.123095512390137,2280800
NWL,2008-12-15,12.720000267028809,12.75,12.029999732971191,12.270000457763672,7.879083156585693,2588900
NWL,2008-12-16,12.65999984741211,13.220000267028809,12.239999771118164,13.18000030517578,8.463433265686035,2701600
NWL,2008-12-17,12.100000381469728,12.449999809265137,9.130000114440918,9.579999923706056,6.151721954345703,18680000
NWL,2008-12-18,10.010000228881836,10.380000114440918,9.600000381469728,9.75,6.260883331298828,9152200
NWL,2008-12-19,9.829999923706056,9.899999618530272,9.359999656677246,9.5,6.100349426269531,5531400
NWL,2008-12-22,9.43000030517578,9.93000030517578,9.300000190734863,9.890000343322754,6.350784778594971,5867100
NWL,2008-12-23,9.949999809265137,9.949999809265137,9.350000381469728,9.40999984741211,6.042555809020996,3376500
NWL,2008-12-24,9.65999984741211,9.869999885559082,9.399999618530272,9.800000190734863,6.292992115020752,1273800
NWL,2008-12-26,9.800000190734863,9.9399995803833,9.649999618530272,9.84000015258789,6.3186774253845215,1381000
NWL,2008-12-29,9.829999923706056,9.869999885559082,9.609999656677246,9.789999961853027,6.286571025848389,2824300
NWL,2008-12-30,9.84000015258789,9.899999618530272,9.699999809265137,9.899999618530272,6.357206344604492,2591700
NWL,2008-12-31,9.890000343322754,9.899999618530272,9.600000381469728,9.779999732971191,6.280150413513184,4429800
NWL,2009-01-02,9.800000190734863,10.5600004196167,9.800000190734863,10.520000457763672,6.755336284637451,2988600
NWL,2009-01-05,10.5,10.579999923706056,10.170000076293944,10.550000190734863,6.774599075317383,3715000
NWL,2009-01-06,10.630000114440918,10.949999809265137,10.40999984741211,10.5600004196167,6.781020164489746,5508200
NWL,2009-01-07,10.399999618530272,10.460000038146973,10.029999732971191,10.09000015258789,6.479212284088135,4472700
NWL,2009-01-08,10.0600004196167,10.210000038146973,9.859999656677246,10.18000030517578,6.537006378173828,4782800
NWL,2009-01-09,10.220000267028809,10.34000015258789,9.850000381469728,10.109999656677246,6.49205493927002,2578000
NWL,2009-01-12,10.109999656677246,10.229999542236328,9.970000267028809,10.0600004196167,6.459949970245361,3163400
NWL,2009-01-13,9.670000076293944,9.770000457763672,9.390000343322754,9.539999961853027,6.126037120819092,3574800
NWL,2009-01-14,9.390000343322754,9.520000457763672,9.15999984741211,9.210000038146973,5.914127349853516,3246900
NWL,2009-01-15,9.199999809265137,9.199999809265137,8.609999656677246,8.84000015258789,5.676536083221436,4996100
NWL,2009-01-16,8.970000267028809,8.979999542236328,8.779999732971191,8.829999923706055,5.670114994049072,4509500
NWL,2009-01-20,8.899999618530273,9.100000381469728,8.5,8.569999694824219,5.503157138824463,5546100
NWL,2009-01-21,8.59000015258789,8.8100004196167,8.350000381469727,8.789999961853027,5.644428730010986,3171100
NWL,2009-01-22,8.65999984741211,8.829999923706055,8.4399995803833,8.640000343322754,5.548105716705322,3096400
NWL,2009-01-23,8.300000190734863,8.829999923706055,8.25,8.6899995803833,5.580214500427246,4771300
NWL,2009-01-26,8.819999694824219,9.15999984741211,8.569999694824219,8.800000190734863,5.650848865509033,3776400
NWL,2009-01-27,8.880000114440918,8.960000038146973,8.539999961853027,8.729999542236328,5.605898857116699,3797100
NWL,2009-01-28,8.920000076293945,9.279999732971191,8.829999923706055,9.210000038146973,5.914127349853516,3456800
NWL,2009-01-29,9.100000381469728,9.380000114440918,8.630000114440918,8.729999542236328,5.605898857116699,5180800
NWL,2009-01-30,9.170000076293944,9.170000076293944,8.0,8.079999923706055,5.1885085105896,5113200
NWL,2009-02-02,8.010000228881836,8.180000305175781,7.809999942779541,8.100000381469727,5.201350688934326,3300500
NWL,2009-02-03,8.130000114440918,8.15999984741211,7.849999904632568,8.09000015258789,5.194929599761963,3905400
NWL,2009-02-04,8.130000114440918,8.289999961853027,7.760000228881836,7.840000152587891,5.03439474105835,3686000
NWL,2009-02-05,7.849999904632568,8.119999885559082,7.610000133514404,8.0600004196167,5.175664901733398,5280600
NWL,2009-02-06,8.050000190734863,8.5600004196167,7.960000038146973,8.420000076293945,5.406836032867432,3526700
NWL,2009-02-09,8.430000305175781,8.600000381469727,8.199999809265137,8.380000114440918,5.381149768829346,2319300
NWL,2009-02-10,8.279999732971191,8.470000267028809,7.650000095367432,7.760000228881836,4.983022212982178,5120100
NWL,2009-02-11,7.820000171661377,7.989999771118164,7.619999885559082,7.710000038146973,4.950916290283203,5398600
NWL,2009-02-12,7.699999809265137,7.820000171661377,7.5,7.789999961853027,5.002286911010742,6112600
NWL,2009-02-13,7.739999771118164,7.809999942779541,7.519999980926514,7.579999923706055,4.867438316345215,5169000
NWL,2009-02-17,7.440000057220459,7.460000038146973,7.159999847412109,7.329999923706055,4.7069010734558105,5327300
NWL,2009-02-18,7.369999885559082,7.369999885559082,6.889999866485596,6.940000057220459,4.456466197967529,5525400
NWL,2009-02-19,7.039999961853027,7.039999961853027,6.519999980926514,6.53000020980835,4.1931867599487305,7151700
NWL,2009-02-20,6.400000095367432,6.5,6.010000228881836,6.409999847412109,4.116128921508789,4807800
NWL,2009-02-23,6.46999979019165,6.489999771118164,6.199999809265137,6.239999771118164,4.0069661140441895,3758700
NWL,2009-02-24,6.260000228881836,6.28000020980835,5.909999847412109,6.119999885559082,3.929908275604248,6188600
NWL,2009-02-25,6.079999923706055,6.159999847412109,5.690000057220459,5.820000171661377,3.802506446838379,7155800
NWL,2009-02-26,5.960000038146973,5.989999771118164,5.710000038146973,5.730000019073486,3.7437047958374015,6760300
NWL,2009-02-27,5.610000133514404,5.860000133514404,5.610000133514404,5.650000095367432,3.6914355754852295,4146700
NWL,2009-03-02,5.53000020980835,5.610000133514404,5.099999904632568,5.110000133514404,3.338627576828003,4368300
NWL,2009-03-03,5.170000076293945,5.440000057220459,4.889999866485596,4.949999809265137,3.2340893745422363,7181800
NWL,2009-03-04,5.019999980926514,5.190000057220459,4.800000190734863,5.039999961853027,3.292891263961792,6016400
NWL,2009-03-05,4.940000057220459,4.980000019073486,4.639999866485596,4.710000038146973,3.0772852897644043,4920900
NWL,2009-03-06,4.760000228881836,4.860000133514404,4.590000152587891,4.710000038146973,3.0772852897644043,5066700
NWL,2009-03-09,4.659999847412109,4.849999904632568,4.510000228881836,4.539999961853027,2.966215372085572,3291300
NWL,2009-03-10,4.639999866485596,4.920000076293945,4.550000190734863,4.800000190734863,3.136087417602539,7089400
NWL,2009-03-11,4.829999923706055,5.0,4.789999961853027,4.860000133514404,3.175288438796997,3541200
NWL,2009-03-12,4.860000133514404,5.230000019073486,4.710000038146973,5.210000038146973,3.403960704803467,4638100
NWL,2009-03-13,5.269999980926514,5.650000095367432,5.210000038146973,5.610000133514404,3.665302276611328,5467900
NWL,2009-03-16,6.329999923706055,6.539999961853027,6.099999904632568,6.170000076293945,4.031179428100586,8494900
NWL,2009-03-17,6.159999847412109,6.340000152587891,6.110000133514404,6.320000171661377,4.129179954528809,5229400
NWL,2009-03-18,6.389999866485596,7.059999942779541,6.340000152587891,6.869999885559082,4.488523960113525,8906200
NWL,2009-03-19,6.96999979019165,7.079999923706055,6.619999885559082,6.710000038146973,4.383988380432129,5971400
NWL,2009-03-20,6.769999980926514,6.809999942779541,6.429999828338623,6.579999923706055,4.29905366897583,5060700
NWL,2009-03-23,6.75,7.260000228881836,6.650000095367432,7.25,4.736798286437988,5052700
NWL,2009-03-24,6.389999866485596,6.889999866485596,6.349999904632568,6.559999942779541,4.285985469818115,12659600
NWL,2009-03-25,6.619999885559082,6.800000190734863,5.949999809265137,6.179999828338623,4.037711143493652,22613700
NWL,2009-03-26,6.190000057220459,6.949999809265137,6.179999828338623,6.840000152587891,4.468923568725586,15628300
NWL,2009-03-27,6.590000152587891,7.070000171661377,6.590000152587891,6.909999847412109,4.5146589279174805,8111100
NWL,2009-03-30,6.760000228881836,6.800000190734863,6.260000228881836,6.360000133514404,4.155315399169922,6727300
NWL,2009-03-31,6.429999828338623,6.519999980926514,6.199999809265137,6.380000114440918,4.168383121490479,9432300
NWL,2009-04-01,6.269999980926514,6.690000057220459,6.21999979019165,6.639999866485596,4.338253021240234,5834900
NWL,2009-04-02,6.800000190734863,7.340000152587891,6.75,7.190000057220459,4.697597503662109,8132900
NWL,2009-04-03,7.199999809265137,7.420000076293945,6.960000038146973,7.300000190734863,4.769466400146484,3380500
NWL,2009-04-06,7.199999809265137,7.320000171661377,6.940000057220459,7.170000076293945,4.684529781341553,4777000
NWL,2009-04-07,7.019999980926514,7.179999828338623,6.900000095367432,6.960000038146973,4.547327995300293,3239200
NWL,2009-04-08,7.0,7.139999866485596,6.800000190734863,6.940000057220459,4.534259796142578,3158800
NWL,2009-04-09,7.170000076293945,7.570000171661377,7.170000076293945,7.570000171661377,4.945870876312256,3949500
NWL,2009-04-13,7.5,7.630000114440918,7.269999980926514,7.5,4.900137901306152,3509800
NWL,2009-04-14,7.420000076293945,7.449999809265137,7.150000095367432,7.190000057220459,4.697597503662109,3621600
NWL,2009-04-15,7.099999904632568,7.53000020980835,7.050000190734863,7.489999771118164,4.893601894378662,4498300
NWL,2009-04-16,7.679999828338623,7.75,7.300000190734863,7.449999809265137,4.867468357086182,6245600
NWL,2009-04-17,7.449999809265137,8.039999961853027,7.360000133514404,7.920000076293945,5.1745452880859375,8908600
NWL,2009-04-20,7.78000020980835,7.849999904632568,7.28000020980835,7.340000152587891,4.795598030090332,5363600
NWL,2009-04-21,7.329999923706055,7.789999961853027,7.329999923706055,7.610000133514404,4.972003936767578,6817600
NWL,2009-04-22,7.630000114440918,8.569999694824219,7.53000020980835,8.170000076293945,5.337882518768311,9305300
NWL,2009-04-23,8.199999809265137,8.510000228881836,8.149999618530273,8.40999984741211,5.494687080383301,8578500
NWL,2009-04-24,8.350000381469727,8.350000381469727,7.980000019073486,8.300000190734863,5.422818660736084,11408300
NWL,2009-04-27,8.170000076293945,8.350000381469727,7.940000057220459,8.079999923706055,5.27908182144165,5351300
NWL,2009-04-28,8.0,8.369999885559082,7.920000076293945,8.210000038146973,5.364014625549316,5634600
NWL,2009-04-29,8.3100004196167,8.989999771118164,8.25,8.670000076293945,5.664556503295898,9301900
NWL,2009-04-30,9.56999969482422,11.149999618530272,9.56999969482422,10.449999809265137,6.827520370483398,25214400
NWL,2009-05-01,10.369999885559082,11.0600004196167,10.15999984741211,10.8100004196167,7.06273078918457,10435000
NWL,2009-05-04,10.880000114440918,11.390000343322754,10.800000190734863,11.31999969482422,7.395941257476807,7954600
NWL,2009-05-05,11.25,11.420000076293944,10.920000076293944,11.109999656677246,7.25873327255249,5612300
NWL,2009-05-06,11.270000457763672,11.270000457763672,10.75,10.84000015258789,7.082330226898193,7382600
NWL,2009-05-07,10.960000038146973,11.09000015258789,10.600000381469728,10.829999923706056,7.075797080993652,6760000
NWL,2009-05-08,10.920000076293944,11.31999969482422,10.699999809265137,11.31999969482422,7.395941257476807,4282900
NWL,2009-05-11,11.119999885559082,11.3100004196167,10.65999984741211,10.739999771118164,7.016994476318359,5720300
NWL,2009-05-12,11.06999969482422,11.34000015258789,10.329999923706056,10.65999984741211,6.964728832244873,6369300
NWL,2009-05-13,10.5,10.539999961853027,9.84000015258789,10.109999656677246,6.605382919311523,6075700
NWL,2009-05-14,10.100000381469728,10.4399995803833,9.920000076293944,10.369999885559082,6.77525520324707,5522400
NWL,2009-05-15,10.399999618530272,10.9399995803833,10.1899995803833,10.390000343322754,6.788321971893311,6126200
NWL,2009-05-18,10.489999771118164,10.699999809265137,10.25,10.6899995803833,6.984324455261231,4028400
NWL,2009-05-19,10.56999969482422,10.93000030517578,10.520000457763672,10.90999984741211,7.1280670166015625,6251300
NWL,2009-05-20,11.020000457763672,11.390000343322754,10.93000030517578,11.109999656677246,7.25873327255249,7178200
NWL,2009-05-21,11.100000381469728,11.119999885559082,10.59000015258789,10.859999656677246,7.095396518707275,8215700
NWL,2009-05-22,10.880000114440918,11.199999809265137,10.859999656677246,11.109999656677246,7.25873327255249,3450000
NWL,2009-05-26,10.949999809265137,11.4399995803833,10.93000030517578,11.390000343322754,7.44167423248291,4971900
NWL,2009-05-27,11.369999885559082,11.600000381469728,11.100000381469728,11.239999771118164,7.376049518585205,5747100
NWL,2009-05-28,11.31999969482422,11.420000076293944,10.81999969482422,11.229999542236328,7.36948823928833,4395100
NWL,2009-05-29,11.300000190734863,11.520000457763672,11.100000381469728,11.510000228881836,7.553235054016113,5186200
NWL,2009-06-01,11.800000190734863,12.149999618530272,11.699999809265137,11.859999656677246,7.782914638519287,4850100
NWL,2009-06-02,11.850000381469728,11.9399995803833,11.600000381469728,11.739999771118164,7.704163551330566,3982200
NWL,2009-06-03,11.619999885559082,11.84000015258789,11.3100004196167,11.529999732971191,7.566357612609863,5303100
NWL,2009-06-04,11.550000190734863,11.619999885559082,11.220000267028809,11.510000228881836,7.553235054016113,3584600
NWL,2009-06-05,11.649999618530272,11.739999771118164,11.239999771118164,11.359999656677246,7.454798698425293,3560400
NWL,2009-06-08,11.170000076293944,11.550000190734863,11.050000190734863,11.390000343322754,7.474486351013184,4152800
NWL,2009-06-09,11.43000030517578,11.729999542236328,11.130000114440918,11.630000114440918,7.631980419158935,4780100
NWL,2009-06-10,11.729999542236328,11.90999984741211,11.039999961853027,11.3100004196167,7.421985149383545,4741600
NWL,2009-06-11,11.399999618530272,11.479999542236328,11.039999961853027,11.079999923706056,7.271056175231934,3651900
NWL,2009-06-12,11.029999732971191,11.06999969482422,10.380000114440918,10.800000190734863,7.087310791015625,4274600
NWL,2009-06-15,10.68000030517578,10.75,10.529999732971191,10.619999885559082,6.969187259674072,4579500
NWL,2009-06-16,10.609999656677246,10.710000038146973,10.390000343322754,10.420000076293944,6.8379387855529785,3501200
NWL,2009-06-17,10.40999984741211,10.699999809265137,10.289999961853027,10.470000267028809,6.870753765106201,3653300
NWL,2009-06-18,10.529999732971191,10.68000030517578,10.329999923706056,10.56999969482422,6.936372756958008,3625400
NWL,2009-06-19,10.6899995803833,10.880000114440918,10.609999656677246,10.68000030517578,7.008559703826904,3419900
NWL,2009-06-22,10.09000015258789,10.399999618530272,9.979999542236328,10.06999969482422,6.608258247375488,5480400
NWL,2009-06-23,10.0600004196167,10.220000267028809,9.850000381469728,9.960000038146973,6.536073684692383,3835300
NWL,2009-06-24,10.039999961853027,10.31999969482422,9.989999771118164,10.109999656677246,6.634507179260254,5163400
NWL,2009-06-25,10.06999969482422,10.600000381469728,9.979999542236328,10.510000228881836,6.897002696990967,4535500
NWL,2009-06-26,10.399999618530272,10.489999771118164,10.220000267028809,10.279999732971191,6.746068954467773,2967500
NWL,2009-06-29,10.34000015258789,10.5,10.140000343322754,10.390000343322754,6.8182525634765625,3154300
NWL,2009-06-30,10.399999618530272,10.489999771118164,10.149999618530272,10.40999984741211,6.831377506256104,4999400
NWL,2009-07-01,10.510000228881836,10.760000228881836,10.449999809265137,10.670000076293944,7.001997470855713,3398500
NWL,2009-07-02,10.520000457763672,10.59000015258789,10.199999809265137,10.199999809265137,6.693569660186768,1934900
NWL,2009-07-06,10.100000381469728,10.279999732971191,10.0,10.170000076293944,6.6738810539245605,3145200
NWL,2009-07-07,10.149999618530272,10.149999618530272,9.81999969482422,9.850000381469728,6.463888645172119,4432300
NWL,2009-07-08,9.789999961853027,10.09000015258789,9.789999961853027,10.039999961853027,6.588569641113281,3899000
NWL,2009-07-09,10.149999618530272,10.479999542236328,10.09000015258789,10.390000343322754,6.8182525634765625,6263300
NWL,2009-07-10,10.3100004196167,10.489999771118164,10.140000343322754,10.270000457763672,6.739505290985107,3696600
NWL,2009-07-13,10.270000457763672,10.479999542236328,10.130000114440918,10.420000076293944,6.8379387855529785,2628300
NWL,2009-07-14,10.390000343322754,10.710000038146973,10.289999961853027,10.699999809265137,7.021682262420654,5473000
NWL,2009-07-15,10.770000457763672,11.09000015258789,10.770000457763672,11.09000015258789,7.277615070343018,3455600
NWL,2009-07-16,11.06999969482422,11.34000015258789,11.050000190734863,11.3100004196167,7.421985149383545,2417600
NWL,2009-07-17,11.3100004196167,11.460000038146973,11.199999809265137,11.43000030517578,7.500736236572266,3997800
NWL,2009-07-20,11.470000267028809,11.869999885559082,11.420000076293944,11.850000381469728,7.776350498199463,3514500
NWL,2009-07-21,11.880000114440918,11.970000267028809,11.4399995803833,11.630000114440918,7.631980419158935,5345500
NWL,2009-07-22,11.5,11.760000228881836,11.479999542236328,11.640000343322754,7.63854455947876,3748700
NWL,2009-07-23,11.75,12.350000381469728,11.68000030517578,12.199999809265137,8.006031036376953,5259200
NWL,2009-07-24,12.109999656677246,12.279999732971191,11.989999771118164,12.229999542236328,8.02571964263916,6498200
NWL,2009-07-27,12.1899995803833,12.5,12.18000030517578,12.289999961853027,8.065091133117676,6670100
NWL,2009-07-28,12.170000076293944,12.460000038146973,12.109999656677246,12.270000457763672,8.051971435546875,7190900
NWL,2009-07-29,12.229999542236328,12.520000457763672,12.109999656677246,12.260000228881836,8.045406341552734,6565200
NWL,2009-07-30,13.079999923706056,13.25,12.43000030517578,12.8100004196167,8.406333923339844,11004900
NWL,2009-07-31,12.8100004196167,13.149999618530272,12.699999809265137,12.869999885559082,8.445706367492676,4699000
NWL,2009-08-03,13.039999961853027,13.729999542236328,12.949999809265137,13.65999984741211,8.964131355285645,8149400
NWL,2009-08-04,13.609999656677246,13.829999923706056,13.550000190734863,13.710000038146973,8.996943473815918,5617700
NWL,2009-08-05,13.800000190734863,13.84000015258789,13.3100004196167,13.670000076293944,8.970697402954102,5284600
NWL,2009-08-06,13.670000076293944,13.84000015258789,13.3100004196167,13.329999923706056,8.747574806213379,4515400
NWL,2009-08-07,13.579999923706056,14.0,13.5600004196167,13.859999656677246,9.095379829406738,6089100
NWL,2009-08-10,13.84000015258789,13.84000015258789,13.529999732971191,13.609999656677246,8.931321144104004,3825800
NWL,2009-08-11,13.550000190734863,13.56999969482422,13.220000267028809,13.359999656677246,8.76725959777832,5474300
NWL,2009-08-12,13.359999656677246,13.739999771118164,13.359999656677246,13.510000228881836,8.865694999694824,5474300
NWL,2009-08-13,13.609999656677246,14.050000190734863,13.3100004196167,14.050000190734863,9.220063209533691,7167900
NWL,2009-08-14,14.06999969482422,14.119999885559082,13.539999961853027,13.729999542236328,9.010072708129885,5100100
NWL,2009-08-17,13.43000030517578,13.630000114440918,13.029999732971191,13.3100004196167,8.73444938659668,6321300
NWL,2009-08-18,13.34000015258789,13.449999809265137,13.170000076293944,13.3100004196167,8.73444938659668,3559600
NWL,2009-08-19,13.239999771118164,13.649999618530272,12.920000076293944,13.600000381469728,8.924759864807129,2680600
NWL,2009-08-20,13.630000114440918,13.630000114440918,13.350000381469728,13.460000038146973,8.83288860321045,7388400
NWL,2009-08-21,13.579999923706056,13.829999923706056,13.329999923706056,13.6899995803833,8.983817100524902,4193200
NWL,2009-08-24,13.710000038146973,13.710000038146973,13.31999969482422,13.489999771118164,8.852572441101074,3834900
NWL,2009-08-25,13.579999923706056,13.989999771118164,13.470000267028809,13.899999618530272,9.121627807617188,4833700
NWL,2009-08-26,13.890000343322754,14.0,13.640000343322754,13.920000076293944,9.134756088256836,4828400
NWL,2009-08-27,13.899999618530272,13.989999771118164,13.579999923706056,13.859999656677246,9.128165245056152,2736300
NWL,2009-08-28,13.93000030517578,14.0,13.520000457763672,13.640000343322754,8.9832763671875,2439300
NWL,2009-08-31,13.8100004196167,14.109999656677246,13.640000343322754,13.920000076293944,9.167684555053713,5105200
NWL,2009-09-01,13.729999542236328,14.420000076293944,13.609999656677246,13.65999984741211,8.996445655822754,7632000
NWL,2009-09-02,13.59000015258789,13.649999618530272,13.390000343322754,13.43000030517578,8.844968795776367,4427700
NWL,2009-09-03,13.609999656677246,13.609999656677246,13.329999923706056,13.600000381469728,8.956934928894043,6076000
NWL,2009-09-04,13.539999961853027,14.079999923706056,13.40999984741211,13.970000267028809,9.200613021850586,5375700
NWL,2009-09-08,14.06999969482422,14.420000076293944,13.970000267028809,14.399999618530272,9.483809471130373,5672100
NWL,2009-09-09,14.5,14.770000457763672,14.109999656677246,14.729999542236328,9.701146125793455,7780600
NWL,2009-09-10,14.729999542236328,15.300000190734863,14.579999923706056,15.029999732971191,9.898726463317873,10770200
NWL,2009-09-11,15.079999923706056,15.449999809265137,15.0,15.109999656677246,9.951414108276367,5556000
NWL,2009-09-14,15.020000457763672,15.210000038146973,14.800000190734863,15.199999809265137,10.010684967041016,3745900
NWL,2009-09-15,15.170000076293944,15.350000381469728,15.0,15.109999656677246,9.951414108276367,5203300
NWL,2009-09-16,15.140000343322754,15.600000381469728,15.0,15.600000381469728,10.274127006530762,4880100
NWL,2009-09-17,15.539999961853027,15.600000381469728,15.170000076293944,15.279999732971191,10.063373565673828,4877700
NWL,2009-09-18,15.399999618530272,15.899999618530272,15.31999969482422,15.779999732971191,10.39267635345459,5149100
NWL,2009-09-21,15.609999656677246,15.729999542236328,15.279999732971191,15.65999984741211,10.313644409179688,4958700
NWL,2009-09-22,15.6899995803833,15.93000030517578,15.630000114440918,15.81999969482422,10.419017791748049,5783700
NWL,2009-09-23,15.81999969482422,16.059999465942383,15.739999771118164,15.850000381469728,10.438776016235352,6126900
NWL,2009-09-24,15.869999885559082,16.100000381469727,15.300000190734863,15.399999618530272,10.142409324645996,5132700
NWL,2009-09-25,15.3100004196167,15.399999618530272,14.90999984741211,15.119999885559082,9.958003997802734,5134500
NWL,2009-09-28,15.15999984741211,15.760000228881836,15.029999732971191,15.710000038146973,10.34657096862793,5462500
NWL,2009-09-29,15.720000267028809,15.850000381469728,15.510000228881836,15.619999885559082,10.28730010986328,5987500
NWL,2009-09-30,15.699999809265137,15.84000015258789,15.140000343322754,15.6899995803833,10.333403587341309,4448200
NWL,2009-10-01,15.56999969482422,15.56999969482422,14.84000015258789,14.970000267028809,9.859211921691896,5585000
NWL,2009-10-02,14.800000190734863,15.09000015258789,14.520000457763672,14.949999809265137,9.84603786468506,4792000
NWL,2009-10-05,15.109999656677246,15.25,14.890000343322754,15.18000030517578,9.997517585754396,4159400
NWL,2009-10-06,15.1899995803833,15.31999969482422,14.90999984741211,15.029999732971191,9.898726463317873,4910200
NWL,2009-10-07,15.100000381469728,15.109999656677246,14.619999885559082,14.789999961853027,9.740660667419434,9690700
NWL,2009-10-08,14.970000267028809,15.130000114440918,14.760000228881836,15.0600004196167,9.91848373413086,5917500
NWL,2009-10-09,14.989999771118164,15.149999618530272,14.859999656677246,15.100000381469728,9.944826126098633,3514300
NWL,2009-10-12,15.100000381469728,15.359999656677246,15.079999923706056,15.109999656677246,9.951414108276367,1698500
NWL,2009-10-13,15.100000381469728,15.25,14.960000038146973,15.149999618530272,9.977754592895508,2014800
NWL,2009-10-14,15.279999732971191,15.380000114440918,15.0,15.140000343322754,9.971173286437988,3417200
NWL,2009-10-15,15.0600004196167,15.1899995803833,14.9399995803833,15.18000030517578,9.997517585754396,3132000
NWL,2009-10-16,15.010000228881836,15.18000030517578,14.789999961853027,15.029999732971191,9.898726463317873,4559800
NWL,2009-10-19,15.119999885559082,15.34000015258789,15.0,15.0600004196167,9.91848373413086,2191200
NWL,2009-10-20,15.109999656677246,15.109999656677246,14.890000343322754,15.039999961853027,9.905311584472656,4649800
NWL,2009-10-21,14.960000038146973,15.369999885559082,14.93000030517578,14.970000267028809,9.859211921691896,5311700
NWL,2009-10-22,15.0,15.56999969482422,14.989999771118164,15.5,10.208267211914062,3826700
NWL,2009-10-23,15.710000038146973,15.729999542236328,15.109999656677246,15.149999618530272,9.977754592895508,3408500
NWL,2009-10-26,15.140000343322754,15.420000076293944,14.760000228881836,14.81999969482422,9.760421752929688,3775600
NWL,2009-10-27,14.869999885559082,15.109999656677246,14.670000076293944,14.81999969482422,9.760421752929688,5803300
NWL,2009-10-28,14.479999542236328,14.59000015258789,13.65999984741211,13.989999771118164,9.213786125183104,10874800
NWL,2009-10-29,14.210000038146973,14.75,14.079999923706056,14.539999961853027,9.576013565063477,6225800
NWL,2009-10-30,14.420000076293944,14.600000381469728,14.149999618530272,14.510000228881836,9.556252479553224,6583300
NWL,2009-11-02,14.220000267028809,14.399999618530272,13.880000114440918,14.119999885559082,9.299403190612791,6071400
NWL,2009-11-03,13.81999969482422,14.270000457763672,13.81999969482422,14.140000343322754,9.31257152557373,5247200
NWL,2009-11-04,14.229999542236328,14.579999923706056,14.06999969482422,14.229999542236328,9.37185001373291,5778300
NWL,2009-11-05,14.31999969482422,14.6899995803833,14.270000457763672,14.520000457763672,9.56284236907959,4139600
NWL,2009-11-06,14.489999771118164,14.630000114440918,14.31999969482422,14.420000076293944,9.496984481811523,4669900
NWL,2009-11-09,14.520000457763672,15.0,14.510000228881836,14.989999771118164,9.872384071350098,2531800
NWL,2009-11-10,14.93000030517578,15.010000228881836,14.710000038146973,14.93000030517578,9.83286476135254,2643400
NWL,2009-11-11,15.100000381469728,15.100000381469728,14.720000267028809,14.760000228881836,9.720906257629396,3544900
NWL,2009-11-12,14.699999809265137,14.739999771118164,14.449999809265137,14.460000038146973,9.523324012756348,3489000
NWL,2009-11-13,14.470000267028809,14.789999961853027,14.359999656677246,14.710000038146973,9.68797206878662,3048200
NWL,2009-11-16,14.81999969482422,14.989999771118164,14.640000343322754,14.760000228881836,9.720906257629396,3669700
NWL,2009-11-17,14.770000457763672,14.779999732971191,14.520000457763672,14.699999809265137,9.681390762329102,2443800
NWL,2009-11-18,14.68000030517578,14.760000228881836,14.520000457763672,14.68000030517578,9.668214797973633,3158100
NWL,2009-11-19,14.539999961853027,14.649999618530272,14.199999809265137,14.449999809265137,9.516742706298828,2441700
NWL,2009-11-20,14.380000114440918,14.5,14.220000267028809,14.449999809265137,9.516742706298828,2525200
NWL,2009-11-23,14.56999969482422,14.81999969482422,14.5,14.59000015258789,9.608946800231934,2321400
NWL,2009-11-24,14.550000190734863,14.739999771118164,14.510000228881836,14.720000267028809,9.694565773010254,2574600
NWL,2009-11-25,14.729999542236328,14.899999618530272,14.649999618530272,14.859999656677246,9.820120811462402,1697500
NWL,2009-11-27,14.479999542236328,14.760000228881836,14.279999732971191,14.649999618530272,9.681344032287598,920500
NWL,2009-11-30,14.609999656677246,14.619999885559082,14.369999885559082,14.510000228881836,9.588822364807127,2350200
NWL,2009-12-01,14.65999984741211,15.020000457763672,14.640000343322754,14.850000381469728,9.81351375579834,2701200
NWL,2009-12-02,14.90999984741211,15.239999771118164,14.859999656677246,14.970000267028809,9.892815589904783,2274900
NWL,2009-12-03,14.93000030517578,15.050000190734863,14.81999969482422,14.859999656677246,9.820120811462402,1831700
NWL,2009-12-04,15.050000190734863,15.380000114440918,14.989999771118164,15.140000343322754,10.005157470703123,3085000
NWL,2009-12-07,15.109999656677246,15.18000030517578,14.890000343322754,14.9399995803833,9.872989654541016,2401400
NWL,2009-12-08,14.729999542236328,14.890000343322754,14.510000228881836,14.550000190734863,9.615262031555176,2577800
NWL,2009-12-09,14.420000076293944,14.800000190734863,14.399999618530272,14.760000228881836,9.754037857055664,2802900
NWL,2009-12-10,14.899999618530272,15.029999732971191,14.710000038146973,14.729999542236328,9.734210014343262,2282800
NWL,2009-12-11,14.8100004196167,15.149999618530272,14.779999732971191,15.109999656677246,9.985331535339355,1782900
NWL,2009-12-14,15.170000076293944,15.229999542236328,15.010000228881836,15.170000076293944,10.024982452392578,1799200
NWL,2009-12-15,15.020000457763672,15.100000381469728,14.850000381469728,14.979999542236328,9.899426460266112,1734600
NWL,2009-12-16,15.020000457763672,15.0600004196167,14.8100004196167,14.81999969482422,9.793688774108888,2095800
NWL,2009-12-17,14.770000457763672,14.93000030517578,14.600000381469728,14.640000343322754,9.674734115600586,2659300
NWL,2009-12-18,14.699999809265137,15.0,14.65999984741211,14.829999923706056,9.800297737121582,3648700
NWL,2009-12-21,14.890000343322754,15.229999542236328,14.869999885559082,15.020000457763672,9.925857543945312,2517300
NWL,2009-12-22,14.93000030517578,15.229999542236328,14.90999984741211,14.989999771118164,9.90603256225586,2480100
NWL,2009-12-23,15.029999732971191,15.300000190734863,15.0,15.279999732971191,10.09767246246338,2793000
NWL,2009-12-24,15.279999732971191,15.369999885559082,15.239999771118164,15.31999969482422,10.12410831451416,364400
NWL,2009-12-28,15.34000015258789,15.390000343322754,15.100000381469728,15.170000076293944,10.024982452392578,1191600
NWL,2009-12-29,15.199999809265137,15.229999542236328,15.0,15.109999656677246,9.985331535339355,1548300
NWL,2009-12-30,15.0600004196167,15.18000030517578,15.010000228881836,15.119999885559082,9.991944313049316,1034400
NWL,2009-12-31,15.109999656677246,15.18000030517578,15.010000228881836,15.010000228881836,9.919243812561035,1229000
NWL,2010-01-04,15.119999885559082,15.43000030517578,15.06999969482422,15.199999809265137,10.044804573059082,2925800
NWL,2010-01-05,15.270000457763672,15.279999732971191,14.979999542236328,15.109999656677246,9.985331535339355,2885400
NWL,2010-01-06,15.050000190734863,15.399999618530272,15.039999961853027,15.380000114440918,10.163759231567385,4676500
NWL,2010-01-07,15.539999961853027,15.869999885559082,15.329999923706056,15.81999969482422,10.454529762268066,3613200
NWL,2010-01-08,15.699999809265137,15.800000190734863,15.5600004196167,15.770000457763672,10.421483039855955,1915900
NWL,2010-01-11,15.859999656677246,15.859999656677246,15.5600004196167,15.600000381469728,10.309144020080566,2321700
NWL,2010-01-12,15.460000038146973,15.59000015258789,15.220000267028809,15.399999618530272,10.17697811126709,3032900
NWL,2010-01-13,15.399999618530272,15.56999969482422,15.380000114440918,15.510000228881836,10.249670028686523,2514000
NWL,2010-01-14,15.460000038146973,15.550000190734863,15.420000076293944,15.449999809265137,10.210017204284668,2204300
NWL,2010-01-15,15.380000114440918,15.4399995803833,14.90999984741211,14.90999984741211,9.853160858154297,4555400
NWL,2010-01-19,15.020000457763672,15.4399995803833,14.93000030517578,15.199999809265137,10.044804573059082,10731500
NWL,2010-01-20,15.130000114440918,15.239999771118164,15.010000228881836,15.130000114440918,9.99854850769043,4472700
NWL,2010-01-21,15.229999542236328,15.229999542236328,14.729999542236328,14.770000457763672,9.760644912719728,5474500
NWL,2010-01-22,14.720000267028809,14.93000030517578,14.4399995803833,14.470000267028809,9.562393188476562,4615800
NWL,2010-01-25,14.609999656677246,14.699999809265137,14.420000076293944,14.539999961853027,9.608651161193848,2533700
NWL,2010-01-26,14.4399995803833,14.600000381469728,14.359999656677246,14.43000030517578,9.535958290100098,3819100
NWL,2010-01-27,14.43000030517578,14.5,14.020000457763672,14.260000228881836,9.423612594604492,4837200
NWL,2010-01-28,14.31999969482422,14.359999656677246,14.039999961853027,14.199999809265137,9.383965492248535,4504300
NWL,2010-01-29,14.020000457763672,14.109999656677246,13.210000038146973,13.56999969482422,8.967633247375488,15226700
NWL,2010-02-01,13.8100004196167,13.8100004196167,13.390000343322754,13.640000343322754,9.013894081115724,9550300
NWL,2010-02-02,14.029999732971191,14.479999542236328,13.829999923706056,14.239999771118164,9.410398483276367,7714400
NWL,2010-02-03,14.140000343322754,14.3100004196167,14.029999732971191,14.130000114440918,9.337706565856934,4598600
NWL,2010-02-04,14.010000228881836,14.050000190734863,13.539999961853027,13.5600004196167,8.961026191711426,4746800
NWL,2010-02-05,13.529999732971191,13.5600004196167,13.109999656677246,13.359999656677246,8.828858375549316,5776500
NWL,2010-02-08,13.75,13.920000076293944,13.510000228881836,13.579999923706056,8.97424030303955,6038800
NWL,2010-02-09,13.739999771118164,13.880000114440918,13.579999923706056,13.84000015258789,9.146059036254885,3775800
NWL,2010-02-10,13.829999923706056,13.850000381469728,13.5,13.640000343322754,9.013894081115724,4896500
NWL,2010-02-11,13.59000015258789,13.84000015258789,13.460000038146973,13.770000457763672,9.099802017211914,6039200
NWL,2010-02-12,13.59000015258789,13.8100004196167,13.449999809265137,13.779999732971191,9.106410026550291,3292800
NWL,2010-02-16,13.8100004196167,13.850000381469728,13.649999618530272,13.760000228881836,9.093192100524902,4969100
NWL,2010-02-17,13.8100004196167,13.880000114440918,13.609999656677246,13.75,9.086585998535156,3938000
NWL,2010-02-18,13.6899995803833,13.899999618530272,13.65999984741211,13.829999923706056,9.139452934265137,2232000
NWL,2010-02-19,13.729999542236328,13.81999969482422,13.68000030517578,13.770000457763672,9.099802017211914,3511800
NWL,2010-02-22,13.800000190734863,13.979999542236328,13.779999732971191,13.84000015258789,9.146059036254885,2406000
NWL,2010-02-23,13.850000381469728,13.949999809265137,13.640000343322754,13.710000038146973,9.060152053833008,3380800
NWL,2010-02-24,13.739999771118164,13.739999771118164,13.470000267028809,13.649999618530272,9.053516387939451,3946300
NWL,2010-02-25,13.539999961853027,13.739999771118164,13.369999885559082,13.68000030517578,9.07341766357422,4020600
NWL,2010-02-26,13.670000076293944,13.75,13.5600004196167,13.75,9.119844436645508,2844400
NWL,2010-03-01,13.770000457763672,13.90999984741211,13.68000030517578,13.81999969482422,9.16627597808838,2430700
NWL,2010-03-02,13.890000343322754,13.90999984741211,13.800000190734863,13.869999885559082,9.19943904876709,3158500
NWL,2010-03-03,13.899999618530272,14.15999984741211,13.84000015258789,13.979999542236328,9.2723970413208,5086700
NWL,2010-03-04,13.989999771118164,14.229999542236328,13.9399995803833,14.18000030517578,9.405047416687012,3204800
NWL,2010-03-05,14.25,14.56999969482422,14.229999542236328,14.510000228881836,9.623923301696776,4111200
NWL,2010-03-08,14.539999961853027,14.65999984741211,14.40999984741211,14.640000343322754,9.710145950317385,2614100
NWL,2010-03-09,14.59000015258789,15.140000343322754,14.520000457763672,15.010000228881836,9.955552101135254,7479000
NWL,2010-03-10,15.0,15.5600004196167,14.90999984741211,15.31999969482422,10.16117000579834,8968600
NWL,2010-03-11,15.239999771118164,15.369999885559082,15.15999984741211,15.3100004196167,10.154536247253418,4642700
NWL,2010-03-12,15.380000114440918,15.399999618530272,15.229999542236328,15.359999656677246,10.187698364257812,2565800
NWL,2010-03-15,15.350000381469728,15.43000030517578,15.210000038146973,15.390000343322754,10.207592964172363,2769500
NWL,2010-03-16,15.350000381469728,15.510000228881836,15.31999969482422,15.510000228881836,10.287185668945312,2487200
NWL,2010-03-17,15.619999885559082,15.880000114440918,15.449999809265137,15.770000457763672,10.45963191986084,6514200
NWL,2010-03-18,15.789999961853027,15.81999969482422,15.510000228881836,15.720000267028809,10.426467895507812,3916100
NWL,2010-03-19,15.34000015258789,15.789999961853027,15.25,15.34000015258789,10.174428939819336,5133100
NWL,2010-03-22,15.210000038146973,15.539999961853027,15.210000038146973,15.5,10.28055191040039,5241000
NWL,2010-03-23,15.529999732971191,15.65999984741211,15.43000030517578,15.600000381469728,10.346879005432127,2601400
NWL,2010-03-24,15.56999969482422,15.56999969482422,15.289999961853027,15.4399995803833,10.240758895874023,2800100
NWL,2010-03-25,15.59000015258789,15.619999885559082,15.289999961853027,15.289999961853027,10.14126968383789,3435600
NWL,2010-03-26,15.369999885559082,15.40999984741211,15.140000343322754,15.260000228881836,10.12137222290039,2925200
NWL,2010-03-29,15.34000015258789,15.380000114440918,15.1899995803833,15.3100004196167,10.154536247253418,2316300
NWL,2010-03-30,15.34000015258789,15.470000267028809,15.130000114440918,15.369999885559082,10.194328308105469,2124200
NWL,2010-03-31,15.279999732971191,15.380000114440918,15.149999618530272,15.199999809265137,10.081576347351074,4130500
NWL,2010-04-01,15.34000015258789,15.630000114440918,15.239999771118164,15.619999885559082,10.36014461517334,5983400
NWL,2010-04-05,15.630000114440918,15.920000076293944,15.619999885559082,15.859999656677246,10.519326210021973,2846200
NWL,2010-04-06,15.829999923706056,16.100000381469727,15.68000030517578,16.010000228881836,10.618817329406738,4946500
NWL,2010-04-07,15.989999771118164,16.139999389648438,15.890000343322754,16.030000686645508,10.632083892822266,5555300
NWL,2010-04-08,15.949999809265137,16.170000076293945,15.829999923706056,16.15999984741211,10.718307495117188,3780200
NWL,2010-04-09,16.15999984741211,16.3700008392334,16.040000915527344,16.290000915527344,10.80452823638916,2743100
NWL,2010-04-12,16.40999984741211,16.799999237060547,16.360000610351562,16.709999084472656,11.083100318908691,5315800
NWL,2010-04-13,16.700000762939453,16.75,16.510000228881836,16.690000534057617,11.069832801818848,3192100
NWL,2010-04-14,16.739999771118164,16.850000381469727,16.649999618530273,16.790000915527344,11.136157035827637,4325900
NWL,2010-04-15,16.700000762939453,16.889999389648438,16.510000228881836,16.8799991607666,11.195852279663086,3109300
NWL,2010-04-16,16.81999969482422,16.920000076293945,16.5,16.65999984741211,11.04993724822998,3831200
NWL,2010-04-19,16.639999389648438,16.75,16.469999313354492,16.75,11.109631538391112,3375100
NWL,2010-04-20,16.889999389648438,17.06999969482422,16.780000686645508,16.989999771118164,11.268814086914062,3773000
NWL,2010-04-21,17.040000915527344,17.309999465942383,17.020000457763672,17.290000915527344,11.467792510986328,4269000
NWL,2010-04-22,17.190000534057617,17.690000534057617,17.030000686645508,17.670000076293945,11.719829559326172,4621100
NWL,2010-04-23,17.68000030517578,17.889999389648438,17.559999465942383,17.709999084472656,11.746360778808594,6157200
NWL,2010-04-26,17.3799991607666,17.700000762939453,17.31999969482422,17.31999969482422,11.487690925598145,6260200
NWL,2010-04-27,17.229999542236328,17.40999984741211,16.969999313354492,17.0,11.275442123413086,6777900
NWL,2010-04-28,17.079999923706055,17.170000076293945,16.799999237060547,17.06999969482422,11.321873664855955,4033200
NWL,2010-04-29,17.18000030517578,17.270000457763672,16.889999389648438,16.950000762939453,11.24228286743164,7048400
NWL,2010-04-30,17.829999923706055,17.959999084472656,17.020000457763672,17.06999969482422,11.321873664855955,11513200
NWL,2010-05-03,17.190000534057617,17.770000457763672,17.190000534057617,17.709999084472656,11.746360778808594,4842400
NWL,2010-05-04,17.299999237060547,17.549999237060547,17.010000228881836,17.09000015258789,11.335139274597168,4910300
NWL,2010-05-05,16.84000015258789,17.149999618530273,16.520000457763672,16.600000381469727,11.010143280029297,5692700
NWL,2010-05-06,16.489999771118164,16.889999389648438,15.119999885559082,16.030000686645508,10.632083892822266,8366300
NWL,2010-05-07,16.06999969482422,16.100000381469727,15.460000038146973,15.6899995803833,10.406572341918944,9296800
NWL,2010-05-10,16.350000381469727,16.860000610351562,16.350000381469727,16.6299991607666,11.030036926269531,4539400
NWL,2010-05-11,16.350000381469727,16.969999313354492,16.350000381469727,16.739999771118164,11.102997779846191,4525900
NWL,2010-05-12,16.780000686645508,17.170000076293945,16.670000076293945,17.110000610351562,11.348406791687012,4608800
NWL,2010-05-13,17.149999618530273,17.15999984741211,16.649999618530273,16.719999313354492,11.089734077453612,3759800
NWL,2010-05-14,16.579999923706055,16.649999618530273,16.190000534057617,16.489999771118164,10.93718147277832,6765900
NWL,2010-05-17,16.510000228881836,16.84000015258789,16.270000457763672,16.790000915527344,11.136157035827637,5734500
NWL,2010-05-18,16.889999389648438,16.959999084472656,16.350000381469727,16.399999618530273,10.877488136291504,4665600
NWL,2010-05-19,16.280000686645508,16.469999313354492,16.0,16.270000457763672,10.791267395019531,5826400
NWL,2010-05-20,15.890000343322754,16.079999923706055,15.640000343322754,15.699999809265137,10.413201332092283,7173300
NWL,2010-05-21,15.3100004196167,16.059999465942383,15.3100004196167,15.770000457763672,10.45963191986084,5352700
NWL,2010-05-24,15.699999809265137,16.100000381469727,15.640000343322754,15.869999885559082,10.525960922241213,5019900
NWL,2010-05-25,15.5600004196167,16.079999923706055,15.210000038146973,16.06999969482422,10.658612251281738,8586300
NWL,2010-05-26,16.239999771118164,16.549999237060547,16.149999618530273,16.229999542236328,10.798333168029783,6933100
NWL,2010-05-27,16.549999237060547,16.920000076293945,16.510000228881836,16.90999984741211,11.25075626373291,4991900
NWL,2010-05-28,16.829999923706055,16.989999771118164,16.479999542236328,16.65999984741211,11.08442497253418,3931300
NWL,2010-06-01,16.549999237060547,17.5,16.450000762939453,16.65999984741211,11.08442497253418,8528200
NWL,2010-06-02,16.729999542236328,17.049999237060547,16.5,17.040000915527344,11.337249755859377,6077800
NWL,2010-06-03,17.100000381469727,17.190000534057617,16.829999923706055,17.040000915527344,11.337249755859377,2763900
NWL,2010-06-04,16.639999389648438,16.709999084472656,16.299999237060547,16.3700008392334,10.891478538513184,5315900
NWL,2010-06-07,16.389999389648438,16.389999389648438,15.880000114440918,15.93000030517578,10.598732948303224,6284200
NWL,2010-06-08,15.93000030517578,16.170000076293945,15.75,16.1200008392334,10.72514533996582,9423500
NWL,2010-06-09,16.149999618530273,16.649999618530273,16.149999618530273,16.280000686645508,10.831597328186035,5890600
NWL,2010-06-10,16.579999923706055,16.760000228881836,16.360000610351562,16.5,10.97796630859375,4413700
NWL,2010-06-11,16.290000915527344,16.6200008392334,16.09000015258789,16.6200008392334,11.057809829711914,2932000
NWL,2010-06-14,16.770000457763672,16.950000762939453,16.510000228881836,16.6299991607666,11.064464569091797,2540200
NWL,2010-06-15,16.729999542236328,16.979999542236328,16.559999465942383,16.959999084472656,11.284022331237791,1777000
NWL,2010-06-16,16.770000457763672,17.0,16.709999084472656,16.889999389648438,11.237448692321776,5192600
NWL,2010-06-17,16.989999771118164,16.989999771118164,16.209999084472656,16.81999969482422,11.190877914428713,7205900
NWL,2010-06-18,16.84000015258789,17.09000015258789,16.829999923706055,16.989999771118164,11.303983688354492,3725600
NWL,2010-06-21,17.239999771118164,17.290000915527344,16.389999389648438,16.479999542236328,10.964664459228516,3577500
NWL,2010-06-22,16.440000534057617,16.600000381469727,15.920000076293944,15.970000267028809,10.625346183776855,5320600
NWL,2010-06-23,15.93000030517578,16.239999771118164,15.609999656677246,16.1200008392334,10.72514533996582,5538000
NWL,2010-06-24,16.010000228881836,16.09000015258789,15.640000343322754,15.710000038146973,10.452359199523926,6875400
NWL,2010-06-25,15.729999542236328,15.960000038146973,15.56999969482422,15.859999656677246,10.55215549468994,6300400
NWL,2010-06-28,15.9399995803833,16.049999237060547,15.670000076293944,15.739999771118164,10.472317695617676,3468400
NWL,2010-06-29,15.489999771118164,15.529999732971191,14.81999969482422,14.920000076293944,9.926746368408203,5570100
NWL,2010-06-30,14.869999885559082,14.970000267028809,14.550000190734863,14.640000343322754,9.74045467376709,6395600
NWL,2010-07-01,14.699999809265137,14.699999809265137,14.25,14.539999961853027,9.673922538757324,5810000
NWL,2010-07-02,14.56999969482422,14.630000114440918,14.18000030517578,14.279999732971191,9.500930786132812,3314700
NWL,2010-07-06,14.630000114440918,14.649999618530272,14.140000343322754,14.279999732971191,9.500930786132812,4240200
NWL,2010-07-07,14.289999961853027,14.869999885559082,14.279999732971191,14.84000015258789,9.873519897460938,3780300
NWL,2010-07-08,15.34000015258789,15.34000015258789,14.970000267028809,15.199999809265137,10.113040924072266,3396300
NWL,2010-07-09,15.220000267028809,15.460000038146973,15.109999656677246,15.390000343322754,10.23945140838623,2839700
NWL,2010-07-12,15.3100004196167,15.43000030517578,14.970000267028809,15.1899995803833,10.1063871383667,5475500
NWL,2010-07-13,15.31999969482422,15.649999618530272,15.279999732971191,15.529999732971191,10.332599639892578,3593600
NWL,2010-07-14,15.529999732971191,15.68000030517578,15.350000381469728,15.489999771118164,10.305986404418944,3700000
NWL,2010-07-15,15.460000038146973,15.550000190734863,15.18000030517578,15.520000457763672,10.32594394683838,3271000
NWL,2010-07-16,15.43000030517578,15.43000030517578,14.899999618530272,14.949999809265137,9.946704864501951,3282400
NWL,2010-07-19,14.989999771118164,15.119999885559082,14.779999732971191,15.079999923706056,10.033197402954102,2499100
NWL,2010-07-20,14.84000015258789,15.329999923706056,14.739999771118164,15.270000457763672,10.159618377685549,2555800
NWL,2010-07-21,15.31999969482422,15.5,15.109999656677246,15.18000030517578,10.099732398986816,2747600
NWL,2010-07-22,15.369999885559082,15.6899995803833,15.359999656677246,15.550000190734863,10.345907211303713,2703100
NWL,2010-07-23,15.4399995803833,15.829999923706056,15.4399995803833,15.770000457763672,10.49227523803711,2070400
NWL,2010-07-26,15.770000457763672,16.049999237060547,15.720000267028809,16.0,10.645308494567873,3049900
NWL,2010-07-27,16.030000686645508,16.059999465942383,15.779999732971191,15.859999656677246,10.55215549468994,2921500
NWL,2010-07-28,15.859999656677246,15.880000114440918,15.609999656677246,15.6899995803833,10.439050674438477,2578300
NWL,2010-07-29,15.779999732971191,15.949999809265137,15.390000343322754,15.579999923706056,10.365867614746094,3537500
NWL,2010-07-30,15.420000076293944,15.6899995803833,15.0600004196167,15.5,10.312640190124512,7945700
NWL,2010-08-02,15.760000228881836,16.18000030517578,15.720000267028809,16.020000457763672,10.658614158630373,10873200
NWL,2010-08-03,16.229999542236328,16.59000015258789,16.200000762939453,16.3700008392334,10.891478538513184,6797500
NWL,2010-08-04,16.440000534057617,16.56999969482422,16.3799991607666,16.479999542236328,10.964664459228516,2661200
NWL,2010-08-05,16.329999923706055,16.530000686645508,16.260000228881836,16.459999084472656,10.95135498046875,1772600
NWL,2010-08-06,16.309999465942383,16.399999618530273,16.020000457763672,16.3700008392334,10.891478538513184,1820300
NWL,2010-08-09,16.510000228881836,16.6200008392334,16.3799991607666,16.59000015258789,11.03785514831543,2792500
NWL,2010-08-10,16.389999389648438,16.850000381469727,16.34000015258789,16.739999771118164,11.137649536132812,4144700
NWL,2010-08-11,16.459999084472656,16.579999923706055,16.100000381469727,16.170000076293945,10.75841236114502,4526300
NWL,2010-08-12,15.859999656677246,16.040000915527344,15.770000457763672,16.0,10.645308494567873,2266300
NWL,2010-08-13,15.93000030517578,16.18000030517578,15.899999618530272,16.020000457763672,10.658614158630373,1691100
NWL,2010-08-16,15.869999885559082,16.15999984741211,15.779999732971191,16.049999237060547,10.678571701049805,1690400
NWL,2010-08-17,16.040000915527344,16.049999237060547,15.8100004196167,15.880000114440918,10.565464973449709,21662600
NWL,2010-08-18,15.880000114440918,16.06999969482422,15.789999961853027,16.0,10.645308494567873,4381300
NWL,2010-08-19,15.9399995803833,15.960000038146973,15.399999618530272,15.550000190734863,10.345907211303713,4140700
NWL,2010-08-20,15.399999618530272,15.539999961853027,15.1899995803833,15.34000015258789,10.206184387207031,3351100
NWL,2010-08-23,15.43000030517578,15.520000457763672,15.199999809265137,15.239999771118164,10.139652252197266,2749600
NWL,2010-08-24,15.0,15.43000030517578,14.979999542236328,15.329999923706056,10.199533462524414,4999900
NWL,2010-08-25,15.220000267028809,15.359999656677246,15.0600004196167,15.31999969482422,10.192879676818848,3458500
NWL,2010-08-26,15.369999885559082,15.470000267028809,15.079999923706056,15.15999984741211,10.08642578125,4327300
NWL,2010-08-27,15.18000030517578,15.40999984741211,14.9399995803833,15.399999618530272,10.280014038085938,675600
NWL,2010-08-30,15.359999656677246,15.399999618530272,15.029999732971191,15.029999732971191,10.033024787902832,1632600
NWL,2010-08-31,14.899999618530272,15.15999984741211,14.859999656677246,15.010000228881836,10.019672393798828,2855300
NWL,2010-09-01,15.210000038146973,15.550000190734863,15.199999809265137,15.470000267028809,10.326739311218262,3451200
NWL,2010-09-02,15.520000457763672,15.779999732971191,15.4399995803833,15.729999542236328,10.500298500061035,2936400
NWL,2010-09-03,15.859999656677246,16.149999618530273,15.789999961853027,16.100000381469727,10.747284889221191,2945100
NWL,2010-09-07,16.049999237060547,16.190000534057617,16.0,16.100000381469727,10.747284889221191,4180400
NWL,2010-09-08,16.1200008392334,16.3700008392334,16.010000228881836,16.15999984741211,10.787339210510254,5076000
NWL,2010-09-09,16.399999618530273,16.770000457763672,16.299999237060547,16.729999542236328,11.167829513549805,4767800
NWL,2010-09-10,17.010000228881836,17.290000915527344,16.780000686645508,16.829999923706055,11.234582901000977,4082400
NWL,2010-09-13,17.0,17.25,16.950000762939453,17.110000610351562,11.42149543762207,3611600
NWL,2010-09-14,16.799999237060547,16.979999542236328,16.639999389648438,16.90999984741211,11.287985801696776,3855600
NWL,2010-09-15,16.889999389648438,16.979999542236328,16.639999389648438,16.889999389648438,11.27463436126709,2965200
NWL,2010-09-16,16.829999923706055,16.989999771118164,16.65999984741211,16.790000915527344,11.20788288116455,3133500
NWL,2010-09-17,16.8700008392334,16.940000534057617,16.6200008392334,16.739999771118164,11.174505233764648,4316800
NWL,2010-09-20,16.780000686645508,17.850000381469727,16.770000457763672,17.75,11.848711967468262,8133700
NWL,2010-09-21,17.770000457763672,17.850000381469727,17.34000015258789,17.5,11.681832313537598,4372000
NWL,2010-09-22,17.43000030517578,17.530000686645508,17.229999542236328,17.270000457763672,11.528301239013672,2584400
NWL,2010-09-23,17.149999618530273,17.479999542236328,16.979999542236328,17.260000228881836,11.52161979675293,1847400
NWL,2010-09-24,17.479999542236328,17.889999389648438,17.43000030517578,17.8700008392334,11.92881679534912,2661100
NWL,2010-09-27,17.799999237060547,17.860000610351562,17.6299991607666,17.770000457763672,11.862065315246582,2991100
NWL,2010-09-28,17.760000228881836,18.11000061035156,17.68000030517578,18.06999969482422,12.062326431274414,3212500
NWL,2010-09-29,17.920000076293945,17.989999771118164,17.790000915527344,17.920000076293945,11.962197303771973,2267400
NWL,2010-09-30,18.020000457763672,18.170000076293945,17.780000686645508,17.809999465942383,11.888765335083008,2419000
NWL,2010-10-01,17.969999313354492,18.030000686645508,17.719999313354492,17.989999771118164,12.008926391601562,1887700
NWL,2010-10-04,17.969999313354492,18.09000015258789,17.719999313354492,17.8700008392334,11.92881679534912,2244800
NWL,2010-10-05,18.0,18.479999542236328,18.0,18.3799991607666,12.269262313842772,4686200
NWL,2010-10-06,18.3799991607666,18.46999931335449,18.15999984741211,18.270000457763672,12.19583225250244,9526300
NWL,2010-10-07,18.39999961853028,18.440000534057617,18.049999237060547,18.170000076293945,12.12907886505127,2797000
NWL,2010-10-08,18.13999938964844,18.3799991607666,18.13999938964844,18.280000686645508,12.202510833740234,3113900
NWL,2010-10-11,18.25,18.270000457763672,18.06999969482422,18.1200008392334,12.095705032348633,2263600
NWL,2010-10-12,18.100000381469727,18.13999938964844,17.610000610351562,17.809999465942383,11.888765335083008,5958200
NWL,2010-10-13,17.93000030517578,18.38999938964844,17.809999465942383,18.13999938964844,12.109048843383787,4098200
NWL,2010-10-14,18.1299991607666,18.350000381469727,18.100000381469727,18.13999938964844,12.109048843383787,3385600
NWL,2010-10-15,18.209999084472656,18.270000457763672,17.950000762939453,18.11000061035156,12.089024543762209,2903300
NWL,2010-10-18,18.09000015258789,18.26000022888184,17.979999542236328,18.229999542236328,12.169129371643066,1971300
NWL,2010-10-19,18.010000228881836,18.15999984741211,17.530000686645508,17.65999984741211,11.788637161254885,5513000
NWL,2010-10-20,17.670000076293945,17.93000030517578,17.6200008392334,17.81999969482422,11.8954439163208,3027000
NWL,2010-10-21,17.860000610351562,18.040000915527344,17.799999237060547,17.959999084472656,11.988896369934082,2755200
NWL,2010-10-22,17.959999084472656,18.14999961853028,17.940000534057617,18.06999969482422,12.062326431274414,2120800
NWL,2010-10-25,18.18000030517578,18.420000076293945,18.09000015258789,18.1299991607666,12.102374076843262,2776400
NWL,2010-10-26,18.010000228881836,18.09000015258789,17.889999389648438,17.959999084472656,11.988896369934082,3207800
NWL,2010-10-27,17.709999084472656,17.920000076293945,17.639999389648438,17.889999389648438,11.942167282104492,2448600
NWL,2010-10-28,18.059999465942383,18.1299991607666,17.68000030517578,17.799999237060547,11.88209056854248,3949200
NWL,2010-10-29,17.579999923706055,17.780000686645508,17.190000534057617,17.649999618530273,11.781960487365724,7308600
NWL,2010-11-01,17.719999313354492,18.040000915527344,17.600000381469727,17.780000686645508,11.868741035461426,4898800
NWL,2010-11-02,17.8700008392334,18.049999237060547,17.68000030517578,17.81999969482422,11.8954439163208,3180000
NWL,2010-11-03,17.829999923706055,17.940000534057617,17.56999969482422,17.8700008392334,11.92881679534912,2839200
NWL,2010-11-04,18.049999237060547,18.13999938964844,17.889999389648438,17.899999618530273,11.948843955993652,4623400
NWL,2010-11-05,17.850000381469727,17.93000030517578,17.309999465942383,17.469999313354492,11.66180419921875,6211000
NWL,2010-11-08,17.3799991607666,17.59000015258789,17.270000457763672,17.549999237060547,11.715208053588867,5044400
NWL,2010-11-09,17.559999465942383,17.559999465942383,17.299999237060547,17.3700008392334,11.595053672790527,4178000
NWL,2010-11-10,17.389999389648438,17.389999389648438,17.190000534057617,17.299999237060547,11.548324584960938,3521500
NWL,2010-11-11,17.1299991607666,17.40999984741211,17.100000381469727,17.3700008392334,11.595053672790527,2445700
NWL,2010-11-12,17.25,17.299999237060547,17.059999465942383,17.280000686645508,11.5349760055542,2528200
NWL,2010-11-15,17.31999969482422,17.549999237060547,17.270000457763672,17.350000381469727,11.581700325012209,2034700
NWL,2010-11-16,17.110000610351562,17.329999923706055,17.059999465942383,17.270000457763672,11.528301239013672,3452500
NWL,2010-11-17,17.25,17.350000381469727,17.149999618530273,17.239999771118164,11.508273124694824,2480600
NWL,2010-11-18,17.43000030517578,17.43000030517578,17.09000015258789,17.100000381469727,11.41481876373291,5048900
NWL,2010-11-19,17.049999237060547,17.15999984741211,16.979999542236328,17.1299991607666,11.434844017028809,2714300
NWL,2010-11-22,17.059999465942383,17.15999984741211,16.90999984741211,17.010000228881836,11.354741096496582,2825900
NWL,2010-11-23,16.790000915527344,16.940000534057617,16.719999313354492,16.739999771118164,11.174505233764648,2831000
NWL,2010-11-24,16.8799991607666,17.260000228881836,16.850000381469727,17.18000030517578,11.468220710754396,7457400
NWL,2010-11-26,16.989999771118164,17.200000762939453,16.940000534057617,17.139999389648438,11.474916458129885,1406300
NWL,2010-11-29,17.020000457763672,17.170000076293945,16.8700008392334,17.139999389648438,11.474916458129885,2378600
NWL,2010-11-30,16.969999313354492,17.040000915527344,16.709999084472656,16.770000457763672,11.22721004486084,9124800
NWL,2010-12-01,16.989999771118164,17.420000076293945,16.950000762939453,17.3700008392334,11.628896713256836,4098400
NWL,2010-12-02,17.40999984741211,17.709999084472656,17.329999923706055,17.600000381469727,11.782878875732422,3149100
NWL,2010-12-03,17.510000228881836,17.709999084472656,17.489999771118164,17.690000534057617,11.843128204345703,2632200
NWL,2010-12-06,17.6200008392334,17.719999313354492,17.450000762939453,17.579999923706055,11.769482612609863,3408600
NWL,2010-12-07,17.780000686645508,17.829999923706055,17.489999771118164,17.520000457763672,11.729317665100098,4623700
NWL,2010-12-08,17.549999237060547,17.6299991607666,17.479999542236328,17.520000457763672,11.729317665100098,3214200
NWL,2010-12-09,17.5,17.59000015258789,17.440000534057617,17.56999969482422,11.762795448303224,3241300
NWL,2010-12-10,17.6299991607666,17.65999984741211,17.5,17.579999923706055,11.769482612609863,2153200
NWL,2010-12-13,17.65999984741211,17.690000534057617,17.40999984741211,17.510000228881836,11.722623825073242,2423000
NWL,2010-12-14,17.5,17.649999618530273,17.399999618530273,17.530000686645508,11.736014366149902,2635600
NWL,2010-12-15,17.780000686645508,18.040000915527344,17.739999771118164,17.770000457763672,11.896687507629396,5302900
NWL,2010-12-16,17.829999923706055,17.860000610351562,17.729999542236328,17.799999237060547,11.91677188873291,2747900
NWL,2010-12-17,17.850000381469727,18.020000457763672,17.739999771118164,18.0,12.050667762756348,4405700
NWL,2010-12-20,18.010000228881836,18.290000915527344,17.979999542236328,18.239999771118164,12.211347579956056,3429300
NWL,2010-12-21,18.239999771118164,18.40999984741211,18.18000030517578,18.350000381469727,12.284988403320312,3259300
NWL,2010-12-22,18.350000381469727,18.40999984741211,18.270000457763672,18.31999969482422,12.264902114868164,2358300
NWL,2010-12-23,18.25,18.270000457763672,18.11000061035156,18.190000534057617,12.177874565124512,1393600
NWL,2010-12-27,18.07999992370605,18.18000030517578,18.040000915527344,18.15999984741211,12.157782554626465,1262200
NWL,2010-12-28,18.15999984741211,18.209999084472656,18.0,18.030000686645508,12.07075309753418,1718800
NWL,2010-12-29,18.049999237060547,18.100000381469727,17.969999313354492,18.020000457763672,12.064059257507324,2388500
NWL,2010-12-30,18.0,18.11000061035156,17.920000076293945,18.020000457763672,12.064059257507324,933400
NWL,2010-12-31,17.959999084472656,18.21999931335449,17.90999984741211,18.18000030517578,12.171178817749023,1476900
NWL,2011-01-03,18.270000457763672,18.31999969482422,18.170000076293945,18.26000022888184,12.224735260009766,2572200
NWL,2011-01-04,18.270000457763672,18.31999969482422,17.93000030517578,18.100000381469727,12.117619514465332,2339400
NWL,2011-01-05,17.989999771118164,18.26000022888184,17.989999771118164,18.26000022888184,12.224735260009766,2851400
NWL,2011-01-06,18.31999969482422,18.350000381469727,18.07999992370605,18.299999237060547,12.25151538848877,2719300
NWL,2011-01-07,18.420000076293945,18.420000076293945,17.969999313354492,18.06999969482422,12.097529411315918,3759300
NWL,2011-01-10,17.969999313354492,18.100000381469727,17.649999618530273,18.07999992370605,12.104230880737305,3450800
NWL,2011-01-11,18.059999465942383,18.06999969482422,17.639999389648438,17.8700008392334,11.963637351989746,4612300
NWL,2011-01-12,17.950000762939453,18.209999084472656,17.93000030517578,18.209999084472656,12.191259384155272,2812300
NWL,2011-01-13,18.239999771118164,18.239999771118164,17.75,17.780000686645508,11.903386116027832,5840500
NWL,2011-01-14,17.719999313354492,17.829999923706055,17.6299991607666,17.760000228881836,11.88999366760254,3572600
NWL,2011-01-18,17.719999313354492,17.920000076293945,17.670000076293945,17.899999618530273,11.983719825744627,2869700
NWL,2011-01-19,17.8700008392334,17.93000030517578,17.56999969482422,17.639999389648438,11.809657096862791,5310200
NWL,2011-01-20,17.610000610351562,17.8799991607666,17.600000381469727,17.770000457763672,11.896687507629396,2425000
NWL,2011-01-21,17.899999618530273,17.93000030517578,17.649999618530273,17.700000762939453,11.849825859069824,2649200
NWL,2011-01-24,17.700000762939453,17.8799991607666,17.649999618530273,17.860000610351562,11.956941604614258,2769000
NWL,2011-01-25,17.84000015258789,18.010000228881836,17.709999084472656,17.969999313354492,12.03058624267578,3192000
NWL,2011-01-26,18.040000915527344,18.350000381469727,17.950000762939453,18.25,12.21804141998291,4851700
NWL,2011-01-27,18.26000022888184,19.489999771118164,18.26000022888184,19.34000015258789,12.94777488708496,14123400
NWL,2011-01-28,19.420000076293945,19.739999771118164,19.229999542236328,19.34000015258789,12.94777488708496,6679000
NWL,2011-01-31,19.43000030517578,19.489999771118164,19.190000534057617,19.25,12.88751983642578,3631700
NWL,2011-02-01,19.40999984741211,19.549999237060547,19.299999237060547,19.46999931335449,13.034810066223145,3611400
NWL,2011-02-02,19.3799991607666,19.520000457763672,19.280000686645508,19.3700008392334,12.967859268188477,2323500
NWL,2011-02-03,19.38999938964844,19.450000762939453,19.25,19.43000030517578,13.008028984069824,2369800
NWL,2011-02-04,19.39999961853028,19.65999984741211,19.299999237060547,19.61000061035156,13.128534317016602,2269100
NWL,2011-02-07,19.6200008392334,19.770000457763672,19.549999237060547,19.68000030517578,13.175399780273438,1641000
NWL,2011-02-08,19.709999084472656,19.770000457763672,19.600000381469727,19.76000022888184,13.228959083557127,2021600
NWL,2011-02-09,19.690000534057617,19.75,19.489999771118164,19.68000030517578,13.175399780273438,2109800
NWL,2011-02-10,19.56999969482422,19.90999984741211,19.450000762939453,19.86000061035156,13.295905113220217,2395900
NWL,2011-02-11,19.75,20.020000457763672,19.739999771118164,20.020000457763672,13.40302562713623,2545700
NWL,2011-02-14,19.979999542236328,20.01000022888184,19.81999969482422,19.93000030517578,13.342771530151367,1559300
NWL,2011-02-15,19.81999969482422,19.989999771118164,19.6200008392334,19.88999938964844,13.31598949432373,3647100
NWL,2011-02-16,19.920000076293945,20.100000381469727,19.790000915527344,19.940000534057617,13.34946060180664,2038800
NWL,2011-02-17,19.82999992370605,20.170000076293945,19.82999992370605,20.100000381469727,13.456578254699709,1651600
NWL,2011-02-18,20.13999938964844,20.3799991607666,19.989999771118164,20.209999084472656,13.53022289276123,2440900
NWL,2011-02-22,20.020000457763672,20.11000061035156,19.68000030517578,19.780000686645508,13.242349624633787,2330900
NWL,2011-02-23,19.770000457763672,19.82999992370605,19.280000686645508,19.559999465942383,13.09506130218506,3033900
NWL,2011-02-24,19.549999237060547,19.61000061035156,18.979999542236328,19.229999542236328,12.907124519348145,4123200
NWL,2011-02-25,19.34000015258789,19.530000686645508,19.239999771118164,19.420000076293945,13.034650802612305,2195000
NWL,2011-02-28,19.459999084472656,19.56999969482422,19.200000762939453,19.34000015258789,12.980961799621582,3570700
NWL,2011-03-01,19.420000076293945,19.540000915527344,19.020000457763672,19.059999465942383,12.793025970458984,4126400
NWL,2011-03-02,19.040000915527344,19.190000534057617,18.89999961853028,19.01000022888184,12.759461402893066,3536700
NWL,2011-03-03,19.15999984741211,19.459999084472656,19.15999984741211,19.26000022888184,12.927264213562012,2912000
NWL,2011-03-04,19.270000457763672,19.299999237060547,18.88999938964844,19.14999961853028,12.85343074798584,3201300
NWL,2011-03-07,19.170000076293945,19.25,18.96999931335449,19.040000915527344,12.779600143432615,2466100
NWL,2011-03-08,19.049999237060547,19.540000915527344,18.989999771118164,19.489999771118164,13.081637382507324,1735900
NWL,2011-03-09,19.40999984741211,19.6299991607666,19.290000915527344,19.57999992370605,13.142046928405762,1675300
NWL,2011-03-10,19.31999969482422,19.3799991607666,19.11000061035156,19.14999961853028,12.85343074798584,2858600
NWL,2011-03-11,19.1200008392334,19.559999465942383,19.07999992370605,19.540000915527344,13.11519718170166,2627700
NWL,2011-03-14,19.43000030517578,19.690000534057617,19.39999961853028,19.51000022888184,13.095063209533691,3769500
NWL,2011-03-15,18.979999542236328,19.18000030517578,18.84000015258789,19.040000915527344,12.779600143432615,4097700
NWL,2011-03-16,18.940000534057617,19.06999969482422,18.540000915527344,18.63999938964844,12.511122703552246,4465500
NWL,2011-03-17,19.1200008392334,19.1200008392334,18.76000022888184,18.799999237060547,12.618512153625488,2128600
NWL,2011-03-18,19.07999992370605,19.100000381469727,18.75,18.8700008392334,12.665498733520508,2389200
NWL,2011-03-21,19.06999969482422,19.26000022888184,19.059999465942383,19.15999984741211,12.860145568847656,1918900
NWL,2011-03-22,19.190000534057617,19.239999771118164,18.96999931335449,19.049999237060547,12.786312103271484,1709100
NWL,2011-03-23,18.96999931335449,19.14999961853028,18.86000061035156,19.11000061035156,12.826581001281738,1931900
NWL,2011-03-24,19.229999542236328,19.280000686645508,18.96999931335449,19.209999084472656,12.89370059967041,3661100
NWL,2011-03-25,19.270000457763672,19.63999938964844,19.239999771118164,19.520000457763672,13.101771354675291,2936600
NWL,2011-03-28,19.56999969482422,19.600000381469727,19.25,19.25,12.920549392700195,1703500
NWL,2011-03-29,19.190000534057617,19.290000915527344,19.030000686645508,19.26000022888184,12.927264213562012,2747400
NWL,2011-03-30,19.36000061035156,19.420000076293945,19.239999771118164,19.36000061035156,12.994383811950684,2129100
NWL,2011-03-31,19.290000915527344,19.3799991607666,18.93000030517578,19.1299991607666,12.840005874633787,3605900
NWL,2011-04-01,19.239999771118164,19.459999084472656,19.1200008392334,19.25,12.920549392700195,2240200
NWL,2011-04-04,19.25,19.31999969482422,19.030000686645508,19.170000076293945,12.86685562133789,1732800
NWL,2011-04-05,19.100000381469727,19.299999237060547,18.89999961853028,19.21999931335449,12.90041160583496,3050700
NWL,2011-04-06,19.270000457763672,19.36000061035156,19.170000076293945,19.229999542236328,12.907124519348145,2247800
NWL,2011-04-07,19.239999771118164,19.270000457763672,18.93000030517578,19.020000457763672,12.76617431640625,2348800
NWL,2011-04-08,19.059999465942383,19.190000534057617,18.700000762939453,18.809999465942383,12.62521743774414,2113900
NWL,2011-04-11,18.799999237060547,18.850000381469727,18.65999984741211,18.82999992370605,12.638646125793455,1615700
NWL,2011-04-12,18.690000534057617,18.850000381469727,18.540000915527344,18.799999237060547,12.618512153625488,3234000
NWL,2011-04-13,18.86000061035156,18.940000534057617,18.729999542236328,18.93000030517578,12.705766677856444,1989700
NWL,2011-04-14,18.8799991607666,19.100000381469727,18.739999771118164,19.049999237060547,12.786312103271484,3032600
NWL,2011-04-15,19.100000381469727,19.25,19.049999237060547,19.1299991607666,12.840005874633787,2037700
NWL,2011-04-18,18.88999938964844,18.959999084472656,18.64999961853028,18.88999938964844,12.678918838500977,1800500
NWL,2011-04-19,18.89999961853028,19.15999984741211,18.88999938964844,19.1200008392334,12.833294868469238,2475100
NWL,2011-04-20,19.38999938964844,19.39999961853028,19.14999961853028,19.280000686645508,12.940685272216797,2194000
NWL,2011-04-21,19.34000015258789,19.350000381469727,19.14999961853028,19.270000457763672,12.933974266052246,1356400
NWL,2011-04-25,19.280000686645508,19.280000686645508,18.940000534057617,19.049999237060547,12.786312103271484,2188500
NWL,2011-04-26,19.14999961853028,19.280000686645508,19.0,19.239999771118164,12.913838386535645,2300000
NWL,2011-04-27,19.36000061035156,19.770000457763672,19.239999771118164,19.700000762939453,13.222588539123535,3782200
NWL,2011-04-28,19.63999938964844,19.809999465942383,19.540000915527344,19.729999542236328,13.242722511291504,3159300
NWL,2011-04-29,19.57999992370605,19.61000061035156,18.57999992370605,19.059999465942383,12.793025970458984,10500000
NWL,2011-05-02,19.100000381469727,19.1299991607666,18.420000076293945,18.65999984741211,12.524544715881348,7585300
NWL,2011-05-03,18.559999465942383,18.68000030517578,18.239999771118164,18.459999084472656,12.390303611755373,4626600
NWL,2011-05-04,18.46999931335449,18.670000076293945,18.229999542236328,18.64999961853028,12.517829895019531,3779700
NWL,2011-05-05,18.600000381469727,18.989999771118164,18.450000762939453,18.770000457763672,12.598376274108888,4595000
NWL,2011-05-06,18.90999984741211,18.979999542236328,18.549999237060547,18.64999961853028,12.517829895019531,3014000
NWL,2011-05-09,18.6299991607666,18.670000076293945,18.479999542236328,18.6200008392334,12.497695922851562,2596200
NWL,2011-05-10,18.6299991607666,18.799999237060547,18.540000915527344,18.770000457763672,12.598376274108888,1401200
NWL,2011-05-11,18.709999084472656,18.809999465942383,18.489999771118164,18.63999938964844,12.511122703552246,1514200
NWL,2011-05-12,18.59000015258789,18.700000762939453,18.450000762939453,18.600000381469727,12.484274864196776,2179600
NWL,2011-05-13,18.63999938964844,18.770000457763672,18.40999984741211,18.46999931335449,12.397017478942873,2694100
NWL,2011-05-16,18.459999084472656,18.670000076293945,18.25,18.309999465942383,12.28961944580078,3555800
NWL,2011-05-17,18.290000915527344,18.440000534057617,18.13999938964844,18.26000022888184,12.256064414978027,2839400
NWL,2011-05-18,18.31999969482422,18.32999992370605,18.1200008392334,18.31999969482422,12.296335220336914,1951300
NWL,2011-05-19,18.3700008392334,18.420000076293945,18.1200008392334,18.31999969482422,12.296335220336914,2207900
NWL,2011-05-20,18.309999465942383,18.309999465942383,17.850000381469727,17.860000610351562,11.987584114074709,3421300
NWL,2011-05-23,17.639999389648438,17.809999465942383,17.6299991607666,17.649999618530273,11.846634864807127,2868000
NWL,2011-05-24,17.68000030517578,17.700000762939453,17.280000686645508,17.3700008392334,11.65870189666748,3310800
NWL,2011-05-25,17.260000228881836,17.489999771118164,17.190000534057617,17.489999771118164,11.739245414733888,3012200
NWL,2011-05-26,17.350000381469727,17.639999389648438,17.270000457763672,17.559999465942383,11.840383529663086,3735700
NWL,2011-05-27,17.600000381469727,17.84000015258789,17.549999237060547,17.649999618530273,11.90107250213623,2619500
NWL,2011-05-31,17.780000686645508,17.860000610351562,17.709999084472656,17.809999465942383,12.008957862854004,3556400
NWL,2011-06-01,17.739999771118164,17.860000610351562,17.350000381469727,17.350000381469727,11.698784828186035,2476800
NWL,2011-06-02,17.34000015258789,17.3700008392334,16.940000534057617,16.969999313354492,11.442557334899902,3818900
NWL,2011-06-03,15.130000114440918,15.25,14.6899995803833,14.970000267028809,10.093996047973633,14346500
NWL,2011-06-06,14.970000267028809,15.079999923706056,14.140000343322754,14.449999809265137,9.743367195129396,11163100
NWL,2011-06-07,14.579999923706056,14.619999885559082,14.3100004196167,14.34000015258789,9.669197082519531,7028400
NWL,2011-06-08,14.3100004196167,14.520000457763672,14.199999809265137,14.350000381469728,9.675941467285156,6403600
NWL,2011-06-09,14.40999984741211,14.779999732971191,14.329999923706056,14.760000228881836,9.952399253845217,6790600
NWL,2011-06-10,14.630000114440918,14.779999732971191,14.460000038146973,14.609999656677246,9.851253509521484,5792700
NWL,2011-06-13,14.670000076293944,14.8100004196167,14.609999656677246,14.630000114440918,9.864739418029783,4004300
NWL,2011-06-14,14.8100004196167,14.8100004196167,14.65999984741211,14.720000267028809,9.925422668457031,3984700
NWL,2011-06-15,14.619999885559082,14.800000190734863,14.399999618530272,14.5,9.777087211608888,4678600
NWL,2011-06-16,14.5,14.670000076293944,14.31999969482422,14.520000457763672,9.790568351745604,4510200
NWL,2011-06-17,14.609999656677246,14.869999885559082,14.609999656677246,14.720000267028809,9.925422668457031,4014400
NWL,2011-06-20,14.710000038146973,15.15999984741211,14.65999984741211,15.06999969482422,10.161421775817873,4584200
NWL,2011-06-21,15.149999618530272,15.380000114440918,15.130000114440918,15.199999809265137,10.2490816116333,4294800
NWL,2011-06-22,15.579999923706056,15.579999923706056,14.989999771118164,15.0,10.114224433898926,5797000
NWL,2011-06-23,14.829999923706056,15.449999809265137,14.800000190734863,15.350000381469728,10.350223541259766,7104300
NWL,2011-06-24,15.779999732971191,15.949999809265137,15.520000457763672,15.65999984741211,10.55925178527832,9443600
NWL,2011-06-27,15.550000190734863,15.869999885559082,15.449999809265137,15.489999771118164,10.444621086120604,5147600
NWL,2011-06-28,15.56999969482422,15.59000015258789,15.369999885559082,15.56999969482422,10.498567581176758,3366400
NWL,2011-06-29,15.6899995803833,15.710000038146973,15.4399995803833,15.640000343322754,10.545763969421388,2686800
NWL,2011-06-30,15.6899995803833,15.890000343322754,15.649999618530272,15.779999732971191,10.640165328979492,5037400
NWL,2011-07-01,15.850000381469728,16.270000457763672,15.739999771118164,16.1299991607666,10.876163482666016,4323500
NWL,2011-07-05,16.1299991607666,16.190000534057617,15.859999656677246,15.970000267028809,10.76827621459961,2961100
NWL,2011-07-06,15.899999618530272,16.0,15.739999771118164,15.869999885559082,10.700850486755373,3026300
NWL,2011-07-07,16.0,16.1299991607666,15.949999809265137,16.06999969482422,10.835705757141112,2099600
NWL,2011-07-08,15.84000015258789,15.989999771118164,15.739999771118164,15.960000038146973,10.7615327835083,2865600
NWL,2011-07-11,15.800000190734863,15.8100004196167,15.4399995803833,15.5,10.45136547088623,2703400
NWL,2011-07-12,15.43000030517578,15.550000190734863,15.279999732971191,15.31999969482422,10.329995155334473,3082300
NWL,2011-07-13,15.460000038146973,15.600000381469728,15.279999732971191,15.3100004196167,10.323254585266112,3788000
NWL,2011-07-14,15.399999618530272,15.460000038146973,15.130000114440918,15.1899995803833,10.242338180541992,2319900
NWL,2011-07-15,15.239999771118164,15.380000114440918,15.020000457763672,15.380000114440918,10.37045192718506,2265500
NWL,2011-07-18,15.260000228881836,15.289999961853027,15.0,15.149999618530272,10.215364456176758,2432800
NWL,2011-07-19,15.1899995803833,15.470000267028809,15.1899995803833,15.4399995803833,10.410907745361328,2238400
NWL,2011-07-20,15.550000190734863,15.649999618530272,15.3100004196167,15.609999656677246,10.525537490844728,2848900
NWL,2011-07-21,15.68000030517578,15.68000030517578,15.199999809265137,15.220000267028809,10.262567520141602,5260200
NWL,2011-07-22,15.279999732971191,15.359999656677246,15.18000030517578,15.25,10.282796859741213,2053000
NWL,2011-07-25,15.09000015258789,15.229999542236328,15.0,15.109999656677246,10.188397407531738,2920900
NWL,2011-07-26,15.130000114440918,15.199999809265137,15.010000228881836,15.100000381469728,10.181652069091797,3343500
NWL,2011-07-27,15.0,15.039999961853027,14.5600004196167,14.68000030517578,9.898451805114746,5030000
NWL,2011-07-28,14.739999771118164,14.93000030517578,14.229999542236328,14.369999885559082,9.689425468444824,6056000
NWL,2011-07-29,15.18000030517578,15.9399995803833,14.529999732971191,15.520000457763672,10.464851379394531,9601000
NWL,2011-08-01,15.550000190734863,15.789999961853027,15.039999961853027,15.220000267028809,10.262567520141602,4986400
NWL,2011-08-02,15.039999961853027,15.09000015258789,14.25,14.25,9.608513832092283,6023200
NWL,2011-08-03,14.279999732971191,14.5,14.140000343322754,14.460000038146973,9.750110626220703,4021900
NWL,2011-08-04,14.220000267028809,14.25,13.0600004196167,13.06999969482422,8.812859535217285,12189600
NWL,2011-08-05,13.350000381469728,13.59000015258789,12.84000015258789,13.15999984741211,8.873547554016113,9055800
NWL,2011-08-08,12.81999969482422,12.970000267028809,11.850000381469728,12.010000228881836,8.098124504089355,6709900
NWL,2011-08-09,12.1899995803833,12.550000190734863,11.600000381469728,12.229999542236328,8.246464729309082,9433500
NWL,2011-08-10,12.0,12.210000038146973,11.5,11.550000190734863,7.7879533767700195,11601100
NWL,2011-08-11,11.68000030517578,13.0,11.630000114440918,12.779999732971191,8.617319107055664,7053500
NWL,2011-08-12,13.039999961853027,13.960000038146973,12.979999542236328,13.9399995803833,9.399487495422363,10745100
NWL,2011-08-15,13.960000038146973,13.960000038146973,13.4399995803833,13.670000076293944,9.217427253723145,4797300
NWL,2011-08-16,13.529999732971191,13.68000030517578,13.270000457763672,13.449999809265137,9.069087028503418,3018200
NWL,2011-08-17,13.510000228881836,13.609999656677246,12.93000030517578,13.010000228881836,8.772405624389648,3861800
NWL,2011-08-18,12.6899995803833,12.710000038146973,12.079999923706056,12.380000114440918,8.347604751586914,6286400
NWL,2011-08-19,12.25,12.8100004196167,12.119999885559082,12.460000038146973,8.40155029296875,5947200
NWL,2011-08-22,12.779999732971191,12.859999656677246,12.529999732971191,12.59000015258789,8.489205360412598,3658100
NWL,2011-08-23,12.59000015258789,12.970000267028809,12.520000457763672,12.970000267028809,8.745431900024414,3369800
NWL,2011-08-24,12.93000030517578,13.369999885559082,12.829999923706056,13.34000015258789,8.994915962219238,3736100
NWL,2011-08-25,13.359999656677246,13.5,13.09000015258789,13.229999542236328,8.920748710632324,3780700
NWL,2011-08-26,13.100000381469728,13.640000343322754,12.81999969482422,13.460000038146973,9.075830459594728,3281000
NWL,2011-08-29,13.56999969482422,13.75,13.510000228881836,13.609999656677246,9.231844902038574,4257300
NWL,2011-08-30,13.59000015258789,13.649999618530272,13.279999732971191,13.550000190734863,9.191143989562988,4043200
NWL,2011-08-31,13.670000076293944,13.9399995803833,13.640000343322754,13.84000015258789,9.387852668762209,3886300
NWL,2011-09-01,13.779999732971191,14.029999732971191,13.6899995803833,13.760000228881836,9.333585739135742,4206400
NWL,2011-09-02,13.479999542236328,13.579999923706056,13.1899995803833,13.25,8.987649917602539,2281600
NWL,2011-09-06,12.789999961853027,13.18000030517578,12.720000267028809,13.06999969482422,8.86555290222168,2571000
NWL,2011-09-07,13.390000343322754,13.8100004196167,13.210000038146973,13.699999809265137,9.292892456054688,4098100
NWL,2011-09-08,13.5600004196167,13.739999771118164,13.260000228881836,13.329999923706056,9.041914939880373,2933800
NWL,2011-09-09,13.149999618530272,13.210000038146973,12.68000030517578,12.8100004196167,8.689192771911621,2605300
NWL,2011-09-12,12.619999885559082,12.859999656677246,12.43000030517578,12.729999542236328,8.634927749633789,2895400
NWL,2011-09-13,12.789999961853027,13.020000457763672,12.65999984741211,12.970000267028809,8.797723770141602,2365900
NWL,2011-09-14,12.989999771118164,13.369999885559082,12.729999542236328,13.09000015258789,8.879121780395508,2998700
NWL,2011-09-15,13.220000267028809,13.270000457763672,12.93000030517578,13.079999923706056,8.872336387634277,3323600
NWL,2011-09-16,13.100000381469728,13.220000267028809,12.9399995803833,12.989999771118164,8.811288833618164,3384300
NWL,2011-09-19,12.760000228881836,13.039999961853027,12.729999542236328,12.949999809265137,8.784153938293457,2299200
NWL,2011-09-20,13.029999732971191,13.18000030517578,12.59000015258789,12.59000015258789,8.53996467590332,3248700
NWL,2011-09-21,12.539999961853027,12.600000381469728,11.9399995803833,11.960000038146973,8.112627029418945,4490400
NWL,2011-09-22,11.5600004196167,11.859999656677246,11.4399995803833,11.56999969482422,7.848084449768066,5676000
NWL,2011-09-23,11.43000030517578,11.859999656677246,11.359999656677246,11.4399995803833,7.759904384613037,4903900
NWL,2011-09-26,11.520000457763672,11.789999961853027,11.3100004196167,11.770000457763672,7.98375129699707,7178000
NWL,2011-09-27,11.960000038146973,12.489999771118164,11.899999618530272,12.239999771118164,8.302555084228516,5661900
NWL,2011-09-28,12.279999732971191,12.289999961853027,11.9399995803833,11.949999809265137,8.10584545135498,4023600
NWL,2011-09-29,12.210000038146973,12.359999656677246,11.699999809265137,11.9399995803833,8.099061012268066,2957800
NWL,2011-09-30,11.739999771118164,12.0,11.59000015258789,11.869999885559082,8.051580429077148,5286500
NWL,2011-10-03,11.720000267028809,11.8100004196167,11.140000343322754,11.140000343322754,7.55640983581543,4240800
NWL,2011-10-04,10.90999984741211,11.699999809265137,10.869999885559082,11.670000076293944,7.915913581848144,3692300
NWL,2011-10-05,11.6899995803833,12.010000228881836,11.609999656677246,11.949999809265137,8.10584545135498,2613900
NWL,2011-10-06,11.949999809265137,12.300000190734863,11.84000015258789,12.199999809265137,8.275422096252441,1967900
NWL,2011-10-07,12.3100004196167,12.380000114440918,12.039999961853027,12.199999809265137,8.275422096252441,3217600
NWL,2011-10-10,12.399999618530272,12.579999923706056,12.359999656677246,12.5,8.478912353515625,2200800
NWL,2011-10-11,12.359999656677246,12.600000381469728,12.3100004196167,12.529999732971191,8.499262809753418,3141000
NWL,2011-10-12,12.640000343322754,13.0,12.5,12.789999961853027,8.675623893737793,3955300
NWL,2011-10-13,12.649999618530272,12.869999885559082,12.579999923706056,12.8100004196167,8.689192771911621,2681800
NWL,2011-10-14,13.010000228881836,13.170000076293944,12.890000343322754,13.09000015258789,8.879121780395508,3808200
NWL,2011-10-17,12.970000267028809,13.06999969482422,12.760000228881836,12.880000114440918,8.736672401428223,3330100
NWL,2011-10-18,12.859999656677246,13.359999656677246,12.670000076293944,13.140000343322754,8.91303539276123,3886000
NWL,2011-10-19,13.140000343322754,13.289999961853027,12.989999771118164,13.140000343322754,8.91303539276123,3798300
NWL,2011-10-20,13.130000114440918,13.239999771118164,12.960000038146973,13.109999656677246,8.892687797546387,3911600
NWL,2011-10-21,13.279999732971191,13.470000267028809,13.220000267028809,13.4399995803833,9.116528511047363,3897100
NWL,2011-10-24,13.4399995803833,13.670000076293944,13.390000343322754,13.539999961853027,9.184362411499023,3447500
NWL,2011-10-25,13.470000267028809,13.5600004196167,13.18000030517578,13.210000038146973,8.960516929626465,3880800
NWL,2011-10-26,13.420000076293944,13.619999885559082,13.130000114440918,13.510000228881836,9.16400909423828,3563600
NWL,2011-10-27,13.93000030517578,14.0600004196167,13.619999885559082,13.81999969482422,9.374287605285645,6225800
NWL,2011-10-28,14.550000190734863,15.979999542236328,14.550000190734863,15.359999656677246,10.418888092041016,17359900
NWL,2011-10-31,15.18000030517578,15.5,14.710000038146973,14.800000190734863,10.03903579711914,8237000
NWL,2011-11-01,14.399999618530272,15.600000381469728,14.380000114440918,14.979999542236328,10.161130905151367,9289300
NWL,2011-11-02,15.25,15.93000030517578,15.0600004196167,15.859999656677246,10.758047103881836,7877000
NWL,2011-11-03,15.949999809265137,16.06999969482422,15.699999809265137,15.779999732971191,10.70378589630127,6471600
NWL,2011-11-04,15.68000030517578,15.93000030517578,15.609999656677246,15.90999984741211,10.791962623596191,3471400
NWL,2011-11-07,15.869999885559082,15.9399995803833,15.609999656677246,15.8100004196167,10.72413158416748,3482000
NWL,2011-11-08,15.899999618530272,16.09000015258789,15.6899995803833,16.079999923706055,10.90727710723877,3276100
NWL,2011-11-09,15.68000030517578,15.850000381469728,15.470000267028809,15.550000190734863,10.547768592834473,4059400
NWL,2011-11-10,15.8100004196167,15.970000267028809,15.65999984741211,15.81999969482422,10.730913162231444,3010500
NWL,2011-11-11,16.040000915527344,16.530000686645508,16.010000228881836,16.200000762939453,10.988675117492676,2997600
NWL,2011-11-14,16.149999618530273,16.34000015258789,16.010000228881836,16.219999313354492,11.002236366271973,4605600
NWL,2011-11-15,16.149999618530273,16.229999542236328,15.890000343322754,16.079999923706055,10.90727710723877,4734100
NWL,2011-11-16,15.989999771118164,16.18000030517578,15.760000228881836,15.789999961853027,10.710563659667969,2096200
NWL,2011-11-17,15.710000038146973,15.81999969482422,15.149999618530272,15.270000457763672,10.357840538024902,4889800
NWL,2011-11-18,15.289999961853027,15.34000015258789,15.039999961853027,15.149999618530272,10.276445388793944,3588000
NWL,2011-11-21,14.9399995803833,15.039999961853027,14.65999984741211,14.760000228881836,10.011903762817385,3114800
NWL,2011-11-22,14.720000267028809,14.890000343322754,14.600000381469728,14.68000030517578,9.957637786865234,4506800
NWL,2011-11-23,14.579999923706056,14.68000030517578,14.260000228881836,14.270000457763672,9.679527282714844,4798700
NWL,2011-11-25,14.300000190734863,14.470000267028809,14.220000267028809,14.25,9.665963172912598,889600
NWL,2011-11-28,14.529999732971191,14.75,14.350000381469728,14.6899995803833,10.020673751831056,2290200
NWL,2011-11-29,14.869999885559082,15.149999618530272,14.699999809265137,15.050000190734863,10.266249656677246,3922900
NWL,2011-11-30,15.529999732971191,15.529999732971191,15.09000015258789,15.300000190734863,10.436785697937012,3616400
NWL,2011-12-01,15.210000038146973,15.34000015258789,15.100000381469728,15.220000267028809,10.382209777832031,1599800
NWL,2011-12-02,15.3100004196167,15.34000015258789,14.989999771118164,15.020000457763672,10.245783805847168,2670200
NWL,2011-12-05,15.25,15.470000267028809,15.15999984741211,15.270000457763672,10.416319847106934,2361800
NWL,2011-12-06,15.3100004196167,15.390000343322754,15.0600004196167,15.3100004196167,10.443604469299316,2098200
NWL,2011-12-07,15.289999961853027,15.739999771118164,15.170000076293944,15.65999984741211,10.68235683441162,3057300
NWL,2011-12-08,15.56999969482422,15.579999923706056,15.15999984741211,15.1899995803833,10.36174774169922,2682300
NWL,2011-12-09,15.289999961853027,15.760000228881836,15.1899995803833,15.600000381469728,10.64142608642578,2725200
NWL,2011-12-12,15.479999542236328,15.5,15.210000038146973,15.390000343322754,10.498177528381348,1988600
NWL,2011-12-13,15.529999732971191,15.770000457763672,14.920000076293944,15.079999923706056,10.28671169281006,3224200
NWL,2011-12-14,14.9399995803833,15.079999923706056,14.81999969482422,14.81999969482422,10.109355926513672,2497600
NWL,2011-12-15,14.970000267028809,15.119999885559082,14.859999656677246,15.050000190734863,10.266249656677246,2340100
NWL,2011-12-16,15.170000076293944,15.279999732971191,14.960000038146973,14.989999771118164,10.225318908691406,2579300
NWL,2011-12-19,15.039999961853027,15.260000228881836,14.640000343322754,14.670000076293944,10.007036209106444,1670200
NWL,2011-12-20,14.93000030517578,15.43000030517578,14.93000030517578,15.369999885559082,10.484536170959473,2159200
NWL,2011-12-21,15.399999618530272,15.81999969482422,15.289999961853027,15.789999961853027,10.77103328704834,2403000
NWL,2011-12-22,15.859999656677246,16.0,15.779999732971191,15.859999656677246,10.818784713745115,1255800
NWL,2011-12-23,15.9399995803833,16.1299991607666,15.8100004196167,16.079999923706055,10.968854904174805,1812600
NWL,2011-12-27,16.06999969482422,16.200000762939453,15.970000267028809,16.059999465942383,10.955214500427246,998900
NWL,2011-12-28,16.010000228881836,16.049999237060547,15.850000381469728,15.970000267028809,10.89382266998291,1665100
NWL,2011-12-29,16.0,16.469999313354492,16.0,16.420000076293945,11.200783729553224,1634700
NWL,2011-12-30,16.360000610351562,16.450000762939453,16.1299991607666,16.149999618530273,11.016607284545898,1568400
NWL,2012-01-03,16.479999542236328,16.6299991607666,16.219999313354492,16.229999542236328,11.071176528930664,3210400
NWL,2012-01-04,16.170000076293945,16.389999389648438,16.100000381469727,16.270000457763672,11.098466873168944,1919200
NWL,2012-01-05,16.170000076293945,16.709999084472656,15.93000030517578,16.65999984741211,11.364500045776367,2988700
NWL,2012-01-06,16.649999618530273,17.09000015258789,16.479999542236328,17.0,11.596423149108888,3509300
NWL,2012-01-09,17.06999969482422,17.200000762939453,16.8700008392334,17.18000030517578,11.719213485717772,2422600
NWL,2012-01-10,17.329999923706055,17.329999923706055,17.100000381469727,17.190000534057617,11.726034164428713,1913000
NWL,2012-01-11,17.149999618530273,17.3799991607666,17.149999618530273,17.360000610351562,11.842000961303713,2325500
NWL,2012-01-12,17.350000381469727,17.459999084472656,17.100000381469727,17.43000030517578,11.88974952697754,3878700
NWL,2012-01-13,17.31999969482422,17.31999969482422,17.049999237060547,17.190000534057617,11.726034164428713,2690700
NWL,2012-01-17,17.3700008392334,17.440000534057617,16.899999618530273,16.940000534057617,11.555497169494627,2728300
NWL,2012-01-18,16.889999389648438,17.200000762939453,16.850000381469727,17.190000534057617,11.726034164428713,4996800
NWL,2012-01-19,17.239999771118164,17.600000381469727,17.170000076293945,17.459999084472656,11.910211563110352,3241700
NWL,2012-01-20,17.469999313354492,17.56999969482422,17.200000762939453,17.299999237060547,11.801069259643556,1879900
NWL,2012-01-23,17.260000228881836,17.399999618530273,17.110000610351562,17.190000534057617,11.726034164428713,1326700
NWL,2012-01-24,17.06999969482422,17.1200008392334,16.940000534057617,17.06999969482422,11.64417552947998,4014900
NWL,2012-01-25,17.010000228881836,17.389999389648438,16.969999313354492,17.329999923706055,11.821537017822266,3024700
NWL,2012-01-26,17.3700008392334,17.43000030517578,17.079999923706055,17.43000030517578,11.88974952697754,4094000
NWL,2012-01-27,17.860000610351562,18.950000762939453,17.610000610351562,18.81999969482422,12.83792781829834,13534200
NWL,2012-01-30,18.549999237060547,18.809999465942383,18.38999938964844,18.600000381469727,12.687856674194336,4646900
NWL,2012-01-31,18.770000457763672,18.799999237060547,18.3799991607666,18.46999931335449,12.5991792678833,3193400
NWL,2012-02-01,18.82999992370605,18.84000015258789,18.440000534057617,18.549999237060547,12.653745651245115,4701300
NWL,2012-02-02,18.559999465942383,18.61000061035156,18.3700008392334,18.38999938964844,12.54460906982422,2666900
NWL,2012-02-03,18.559999465942383,18.86000061035156,18.549999237060547,18.71999931335449,12.769713401794434,1729700
NWL,2012-02-06,18.61000061035156,18.93000030517578,18.559999465942383,18.89999961853028,12.892495155334473,2289300
NWL,2012-02-07,18.809999465942383,19.229999542236328,18.780000686645508,19.170000076293945,13.076677322387695,4672200
NWL,2012-02-08,19.1299991607666,19.190000534057617,18.88999938964844,19.030000686645508,12.981179237365724,3182300
NWL,2012-02-09,19.07999992370605,19.350000381469727,18.809999465942383,19.299999237060547,13.165352821350098,3037500
NWL,2012-02-10,19.07999992370605,19.100000381469727,18.75,18.8799991607666,12.878856658935549,3821700
NWL,2012-02-13,18.790000915527344,19.0,18.6200008392334,18.96999931335449,12.94024658203125,4549100
NWL,2012-02-14,18.790000915527344,18.940000534057617,18.6299991607666,18.90999984741211,12.899321556091309,2274000
NWL,2012-02-15,18.93000030517578,19.100000381469727,18.68000030517578,18.71999931335449,12.769713401794434,2647500
NWL,2012-02-16,18.76000022888184,19.1299991607666,18.71999931335449,19.100000381469727,13.028923034667969,2320200
NWL,2012-02-17,19.15999984741211,19.440000534057617,19.1200008392334,19.26000022888184,13.138070106506348,2133400
NWL,2012-02-21,19.26000022888184,19.489999771118164,18.90999984741211,18.989999771118164,12.953893661499023,2377000
NWL,2012-02-22,18.8799991607666,18.989999771118164,18.799999237060547,18.81999969482422,12.83792781829834,1668800
NWL,2012-02-23,18.780000686645508,18.790000915527344,18.270000457763672,18.51000022888184,12.62646484375,4386800
NWL,2012-02-24,18.530000686645508,18.64999961853028,18.32999992370605,18.3799991607666,12.5377836227417,1998900
NWL,2012-02-27,18.239999771118164,18.450000762939453,18.09000015258789,18.350000381469727,12.572040557861328,2106700
NWL,2012-02-28,18.39999961853028,18.440000534057617,18.229999542236328,18.290000915527344,12.53093433380127,2225400
NWL,2012-02-29,18.299999237060547,18.64999961853028,18.239999771118164,18.299999237060547,12.537782669067385,2025000
NWL,2012-03-01,18.40999984741211,18.76000022888184,18.38999938964844,18.51000022888184,12.681662559509276,1856100
NWL,2012-03-02,18.350000381469727,18.459999084472656,18.1299991607666,18.170000076293945,12.448718070983888,2526500
NWL,2012-03-05,17.860000610351562,18.13999938964844,17.780000686645508,18.020000457763672,12.345952987670898,2770800
NWL,2012-03-06,17.780000686645508,17.790000915527344,17.270000457763672,17.280000686645508,11.838961601257324,4193900
NWL,2012-03-07,17.299999237060547,17.540000915527344,17.190000534057617,17.479999542236328,11.975985527038574,3329600
NWL,2012-03-08,17.690000534057617,17.989999771118164,17.670000076293945,17.950000762939453,12.297993659973145,3324600
NWL,2012-03-09,18.0,18.020000457763672,17.809999465942383,17.920000076293945,12.277433395385742,2679700
NWL,2012-03-12,17.950000762939453,18.0,17.670000076293945,17.670000076293945,12.10615348815918,2296900
NWL,2012-03-13,17.809999465942383,18.479999542236328,17.739999771118164,18.459999084472656,12.647404670715332,3656400
NWL,2012-03-14,18.440000534057617,19.049999237060547,18.420000076293945,18.64999961853028,12.777580261230469,4442800
NWL,2012-03-15,18.65999984741211,18.790000915527344,18.51000022888184,18.71999931335449,12.82553482055664,1793000
NWL,2012-03-16,18.75,18.84000015258789,18.43000030517578,18.46999931335449,12.654256820678713,1755900
NWL,2012-03-19,18.43000030517578,18.600000381469727,18.14999961853028,18.299999237060547,12.537782669067385,1868200
NWL,2012-03-20,18.200000762939453,18.299999237060547,18.030000686645508,18.15999984741211,12.44186782836914,1700900
NWL,2012-03-21,18.15999984741211,18.229999542236328,17.920000076293945,18.1299991607666,12.42131519317627,1622100
NWL,2012-03-22,17.950000762939453,18.07999992370605,17.829999923706055,17.959999084472656,12.30484390258789,1383700
NWL,2012-03-23,17.93000030517578,18.13999938964844,17.729999542236328,18.1200008392334,12.414463996887209,1231400
NWL,2012-03-26,18.25,18.36000061035156,18.11000061035156,18.26000022888184,12.51037883758545,1714400
NWL,2012-03-27,18.31999969482422,18.34000015258789,18.059999465942383,18.06999969482422,12.380204200744627,1932600
NWL,2012-03-28,18.059999465942383,18.100000381469727,17.780000686645508,17.90999984741211,12.270584106445312,1768100
NWL,2012-03-29,17.780000686645508,17.90999984741211,17.65999984741211,17.8799991607666,12.250030517578123,2235600
NWL,2012-03-30,17.940000534057617,18.020000457763672,17.770000457763672,17.809999465942383,12.202071189880373,3056400
NWL,2012-04-02,17.81999969482422,18.07999992370605,17.75,17.8700008392334,12.243181228637695,2533400
NWL,2012-04-03,17.799999237060547,18.07999992370605,17.799999237060547,17.969999313354492,12.311694145202637,3575800
NWL,2012-04-04,17.790000915527344,17.84000015258789,17.459999084472656,17.489999771118164,11.982833862304688,4405000
NWL,2012-04-05,17.440000534057617,17.6200008392334,17.399999618530273,17.459999084472656,11.962278366088867,2975700
NWL,2012-04-09,17.170000076293945,17.25,16.969999313354492,17.110000610351562,11.722485542297363,1594400
NWL,2012-04-10,17.020000457763672,17.059999465942383,16.6299991607666,16.790000915527344,11.50324535369873,3838400
NWL,2012-04-11,17.0,17.170000076293945,16.860000610351562,16.889999389648438,11.57175636291504,2078800
NWL,2012-04-12,16.90999984741211,17.239999771118164,16.90999984741211,17.239999771118164,11.811552047729492,1635000
NWL,2012-04-13,17.139999389648438,17.290000915527344,17.030000686645508,17.1299991607666,11.736187934875488,2222600
NWL,2012-04-16,17.219999313354492,17.350000381469727,17.100000381469727,17.190000534057617,11.77729320526123,1977800
NWL,2012-04-17,17.34000015258789,17.489999771118164,17.15999984741211,17.440000534057617,11.948579788208008,2592200
NWL,2012-04-18,17.34000015258789,17.43000030517578,17.18000030517578,17.34000015258789,11.8800630569458,1838900
NWL,2012-04-19,17.350000381469727,17.5,17.25,17.360000610351562,11.893770217895508,2074600
NWL,2012-04-20,17.40999984741211,17.520000457763672,17.309999465942383,17.399999618530273,11.92116928100586,2390000
NWL,2012-04-23,17.18000030517578,17.25,17.040000915527344,17.209999084472656,11.79099941253662,2718100
NWL,2012-04-24,17.209999084472656,17.559999465942383,17.209999084472656,17.479999542236328,11.975985527038574,2443400
NWL,2012-04-25,17.649999618530273,17.90999984741211,17.600000381469727,17.850000381469727,12.229479789733888,2625700
NWL,2012-04-26,17.860000610351562,18.049999237060547,17.719999313354492,17.959999084472656,12.30484390258789,3818900
NWL,2012-04-27,18.5,18.959999084472656,18.38999938964844,18.56999969482422,12.72276496887207,5378800
NWL,2012-04-30,18.549999237060547,18.56999969482422,18.100000381469727,18.200000762939453,12.469273567199709,2722000
NWL,2012-05-01,18.200000762939453,18.3700008392334,17.940000534057617,18.270000457763672,12.517231941223145,3384900
NWL,2012-05-02,18.1200008392334,18.65999984741211,18.06999969482422,18.600000381469727,12.74332046508789,3151500
NWL,2012-05-03,18.600000381469727,18.75,18.489999771118164,18.64999961853028,12.777580261230469,4305200
NWL,2012-05-04,18.6299991607666,18.63999938964844,18.200000762939453,18.559999465942383,12.715916633605955,4836400
NWL,2012-05-07,18.76000022888184,19.030000686645508,18.61000061035156,18.63999938964844,12.77072525024414,4537800
NWL,2012-05-08,18.46999931335449,18.479999542236328,17.989999771118164,18.36000061035156,12.578896522521973,3660300
NWL,2012-05-09,18.15999984741211,18.450000762939453,18.0,18.270000457763672,12.517231941223145,3028200
NWL,2012-05-10,18.479999542236328,18.64999961853028,18.350000381469727,18.43000030517578,12.626850128173828,3462400
NWL,2012-05-11,18.290000915527344,18.5,18.18000030517578,18.31999969482422,12.55148696899414,2180900
NWL,2012-05-14,18.13999938964844,18.309999465942383,18.0,18.26000022888184,12.51037883758545,3515400
NWL,2012-05-15,18.209999084472656,18.26000022888184,17.899999618530273,18.010000228881836,12.33910083770752,4735800
NWL,2012-05-16,18.06999969482422,18.39999961853028,18.040000915527344,18.100000381469727,12.400762557983398,3940400
NWL,2012-05-17,18.100000381469727,18.18000030517578,17.579999923706055,17.600000381469727,12.058197021484377,4532900
NWL,2012-05-18,17.709999084472656,17.8799991607666,17.59000015258789,17.690000534057617,12.119858741760254,4460400
NWL,2012-05-21,17.700000762939453,17.959999084472656,17.450000762939453,17.950000762939453,12.297993659973145,2242200
NWL,2012-05-22,18.010000228881836,18.229999542236328,17.860000610351562,17.959999084472656,12.30484390258789,2484700
NWL,2012-05-23,17.850000381469727,18.26000022888184,17.84000015258789,18.229999542236328,12.489826202392578,3158800
NWL,2012-05-24,18.31999969482422,18.68000030517578,18.06999969482422,18.38999938964844,12.599448204040527,3463600
NWL,2012-05-25,18.40999984741211,19.030000686645508,18.36000061035156,18.940000534057617,12.976263999938965,5428200
NWL,2012-05-29,18.71999931335449,19.1200008392334,18.71999931335449,19.030000686645508,13.10713005065918,3575300
NWL,2012-05-30,18.809999465942383,18.82999992370605,18.40999984741211,18.489999771118164,12.73519802093506,4119700
NWL,2012-05-31,18.51000022888184,18.520000457763672,18.190000534057617,18.39999961853028,12.673209190368652,3017300
NWL,2012-06-01,18.100000381469727,18.100000381469727,17.579999923706055,17.65999984741211,12.163527488708496,3224200
NWL,2012-06-04,17.68000030517578,17.760000228881836,17.350000381469727,17.639999389648438,12.149750709533691,2519800
NWL,2012-06-05,17.56999969482422,17.65999984741211,17.31999969482422,17.56999969482422,12.101539611816406,2551000
NWL,2012-06-06,17.729999542236328,18.07999992370605,17.709999084472656,18.040000915527344,12.425253868103027,2598800
NWL,2012-06-07,18.25,18.34000015258789,17.959999084472656,18.049999237060547,12.432144165039062,2946400
NWL,2012-06-08,17.940000534057617,18.209999084472656,17.829999923706055,17.989999771118164,12.390817642211914,2723000
NWL,2012-06-11,18.170000076293945,18.43000030517578,17.940000534057617,18.1200008392334,12.480354309082031,2890700
NWL,2012-06-12,18.21999931335449,18.5,18.11000061035156,18.479999542236328,12.728309631347656,2588300
NWL,2012-06-13,18.3700008392334,18.549999237060547,18.15999984741211,18.280000686645508,12.590558052062988,3180200
NWL,2012-06-14,18.3700008392334,18.540000915527344,18.200000762939453,18.40999984741211,12.68010139465332,2109800
NWL,2012-06-15,18.46999931335449,18.61000061035156,18.39999961853028,18.489999771118164,12.73519802093506,2125400
NWL,2012-06-18,18.43000030517578,18.600000381469727,18.34000015258789,18.56999969482422,12.79029941558838,1722400
NWL,2012-06-19,18.670000076293945,18.780000686645508,18.440000534057617,18.450000762939453,12.707647323608398,3092300
NWL,2012-06-20,18.440000534057617,18.549999237060547,18.26000022888184,18.39999961853028,12.673209190368652,2772800
NWL,2012-06-21,18.38999938964844,18.6299991607666,18.0,18.020000457763672,12.41148281097412,3049800
NWL,2012-06-22,18.06999969482422,18.11000061035156,17.8799991607666,18.010000228881836,12.404592514038086,2541400
NWL,2012-06-25,17.84000015258789,17.899999618530273,17.610000610351562,17.610000610351562,12.129090309143066,1517000
NWL,2012-06-26,17.6200008392334,17.65999984741211,17.219999313354492,17.43000030517578,12.005111694335938,3809000
NWL,2012-06-27,17.43000030517578,17.559999465942383,17.360000610351562,17.399999618530273,11.984445571899414,2968800
NWL,2012-06-28,17.239999771118164,17.540000915527344,17.139999389648438,17.469999313354492,12.032657623291016,3283000
NWL,2012-06-29,17.75,18.13999938964844,17.75,18.13999938964844,12.49413013458252,3047000
NWL,2012-07-02,18.229999542236328,18.229999542236328,17.899999618530273,18.15999984741211,12.50790786743164,2134300
NWL,2012-07-03,18.1200008392334,18.309999465942383,18.059999465942383,18.1200008392334,12.480354309082031,1156100
NWL,2012-07-05,17.969999313354492,18.71999931335449,17.969999313354492,18.63999938964844,12.838509559631348,4126400
NWL,2012-07-06,18.450000762939453,18.489999771118164,18.229999542236328,18.290000915527344,12.59744644165039,1573600
NWL,2012-07-09,18.229999542236328,18.270000457763672,17.959999084472656,18.030000686645508,12.418371200561523,1368400
NWL,2012-07-10,18.100000381469727,18.270000457763672,17.610000610351562,17.700000762939453,12.191079139709473,1770500
NWL,2012-07-11,17.690000534057617,17.719999313354492,17.299999237060547,17.420000076293945,11.998223304748535,2427800
NWL,2012-07-12,17.31999969482422,17.540000915527344,17.25,17.399999618530273,11.984445571899414,4245900
NWL,2012-07-13,17.40999984741211,17.81999969482422,17.40999984741211,17.700000762939453,12.191079139709473,2207800
NWL,2012-07-16,17.649999618530273,17.709999084472656,17.459999084472656,17.510000228881836,12.06021213531494,1972500
NWL,2012-07-17,17.579999923706055,18.0,17.549999237060547,17.760000228881836,12.232402801513672,3167800
NWL,2012-07-18,17.690000534057617,18.61000061035156,17.690000534057617,17.989999771118164,12.390817642211914,4662300
NWL,2012-07-19,18.010000228881836,18.46999931335449,17.989999771118164,18.32999992370605,12.62499713897705,1882200
NWL,2012-07-20,18.170000076293945,18.38999938964844,18.09000015258789,18.1200008392334,12.480354309082031,1566700
NWL,2012-07-23,17.809999465942383,17.93000030517578,17.549999237060547,17.559999465942383,12.094648361206056,3644200
NWL,2012-07-24,17.540000915527344,17.670000076293945,17.209999084472656,17.43000030517578,12.005111694335938,3236700
NWL,2012-07-25,17.510000228881836,17.65999984741211,17.299999237060547,17.43000030517578,12.005111694335938,2509500
NWL,2012-07-26,17.780000686645508,17.90999984741211,17.549999237060547,17.700000762939453,12.191079139709473,2805600
NWL,2012-07-27,17.8799991607666,18.43000030517578,17.829999923706055,18.09000015258789,12.459693908691406,5734500
NWL,2012-07-30,17.5,18.010000228881836,17.34000015258789,17.780000686645508,12.246180534362791,2860700
NWL,2012-07-31,17.709999084472656,18.010000228881836,17.6299991607666,17.649999618530273,12.156636238098145,2933600
NWL,2012-08-01,17.739999771118164,17.809999465942383,17.25,17.280000686645508,11.901801109313965,2565500
NWL,2012-08-02,17.18000030517578,17.209999084472656,16.670000076293945,16.670000076293945,11.48165225982666,5656800
NWL,2012-08-03,16.889999389648438,17.149999618530273,16.8700008392334,17.06999969482422,11.757157325744627,5341600
NWL,2012-08-06,17.06999969482422,17.280000686645508,17.0,17.170000076293945,11.826032638549805,3025000
NWL,2012-08-07,17.209999084472656,17.559999465942383,17.209999084472656,17.420000076293945,11.998223304748535,2815700
NWL,2012-08-08,17.31999969482422,17.459999084472656,17.25,17.420000076293945,11.998223304748535,2234500
NWL,2012-08-09,17.389999389648438,17.440000534057617,17.139999389648438,17.25,11.881134033203123,1742900
NWL,2012-08-10,17.18000030517578,17.18000030517578,16.8799991607666,16.979999542236328,11.69516658782959,2445600
NWL,2012-08-13,16.93000030517578,17.049999237060547,16.899999618530273,17.040000915527344,11.736491203308104,1479500
NWL,2012-08-14,17.1200008392334,17.149999618530273,16.84000015258789,16.889999389648438,11.633179664611816,1734300
NWL,2012-08-15,16.8799991607666,16.969999313354492,16.780000686645508,16.8799991607666,11.626294136047363,2274800
NWL,2012-08-16,16.8799991607666,17.260000228881836,16.84000015258789,17.209999084472656,11.853582382202148,3952700
NWL,2012-08-17,17.239999771118164,17.610000610351562,17.229999542236328,17.600000381469727,12.122199058532717,3103900
NWL,2012-08-20,17.549999237060547,17.649999618530273,17.350000381469727,17.649999618530273,12.156636238098145,2303600
NWL,2012-08-21,17.670000076293945,17.8700008392334,17.56999969482422,17.65999984741211,12.163527488708496,2129400
NWL,2012-08-22,17.670000076293945,17.799999237060547,17.3799991607666,17.510000228881836,12.06021213531494,2225600
NWL,2012-08-23,17.459999084472656,17.649999618530273,17.40999984741211,17.549999237060547,12.087764739990234,1826700
NWL,2012-08-24,17.489999771118164,17.719999313354492,17.459999084472656,17.649999618530273,12.156636238098145,2243000
NWL,2012-08-27,17.670000076293945,17.670000076293945,17.25,17.290000915527344,11.908685684204102,4461400
NWL,2012-08-28,17.25,17.440000534057617,17.100000381469727,17.360000610351562,11.956897735595703,2526500
NWL,2012-08-29,17.329999923706055,17.520000457763672,17.229999542236328,17.520000457763672,12.137009620666504,2537200
NWL,2012-08-30,17.3799991607666,17.739999771118164,17.360000610351562,17.719999313354492,12.275565147399902,3128000
NWL,2012-08-31,17.799999237060547,18.030000686645508,17.770000457763672,17.93000030517578,12.421045303344728,2829000
NWL,2012-09-04,17.899999618530273,18.040000915527344,17.610000610351562,17.969999313354492,12.448749542236328,2141700
NWL,2012-09-05,17.93000030517578,18.1299991607666,17.889999389648438,18.07999992370605,12.524953842163086,2601800
NWL,2012-09-06,18.25,18.59000015258789,18.13999938964844,18.59000015258789,12.878257751464844,3138800
NWL,2012-09-07,18.700000762939453,18.82999992370605,18.38999938964844,18.76000022888184,12.99602508544922,2716200
NWL,2012-09-10,18.57999992370605,18.93000030517578,18.57999992370605,18.75,12.989099502563477,2297800
NWL,2012-09-11,18.75,18.8799991607666,18.61000061035156,18.799999237060547,13.023736000061035,2766400
NWL,2012-09-12,18.850000381469727,19.09000015258789,18.799999237060547,18.959999084472656,13.134577751159668,2504700
NWL,2012-09-13,19.0,19.1200008392334,18.86000061035156,19.020000457763672,13.176142692565918,4257800
NWL,2012-09-14,19.06999969482422,19.739999771118164,19.030000686645508,19.709999084472656,13.654141426086426,4829400
NWL,2012-09-17,19.670000076293945,19.690000534057617,19.21999931335449,19.38999938964844,13.43245792388916,2698900
NWL,2012-09-18,19.40999984741211,19.6200008392334,19.299999237060547,19.56999969482422,13.557153701782228,3043000
NWL,2012-09-19,19.520000457763672,19.700000762939453,19.450000762939453,19.530000686645508,13.52944278717041,3407200
NWL,2012-09-20,19.43000030517578,19.530000686645508,19.21999931335449,19.280000686645508,13.356258392333984,3154400
NWL,2012-09-21,19.3799991607666,19.5,19.209999084472656,19.309999465942383,13.37703800201416,2746300
NWL,2012-09-24,19.190000534057617,19.299999237060547,19.030000686645508,19.26000022888184,13.342399597167969,1967900
NWL,2012-09-25,19.299999237060547,19.32999992370605,19.049999237060547,19.07999992370605,13.217707633972168,2847900
NWL,2012-09-26,19.100000381469727,19.43000030517578,19.030000686645508,19.13999938964844,13.259270668029783,3632800
NWL,2012-09-27,19.229999542236328,19.309999465942383,19.0,19.100000381469727,13.231559753417969,3357200
NWL,2012-09-28,19.06999969482422,19.1200008392334,18.89999961853028,19.09000015258789,13.224632263183594,3058500
NWL,2012-10-01,19.07999992370605,19.170000076293945,18.81999969482422,18.8700008392334,13.07222843170166,2457800
NWL,2012-10-02,18.940000534057617,19.020000457763672,18.799999237060547,18.8700008392334,13.07222843170166,2426400
NWL,2012-10-03,18.86000061035156,19.229999542236328,18.84000015258789,19.059999465942383,13.203849792480469,1580800
NWL,2012-10-04,19.170000076293945,19.36000061035156,19.01000022888184,19.36000061035156,13.411676406860352,1819600
NWL,2012-10-05,19.540000915527344,19.59000015258789,19.280000686645508,19.479999542236328,13.494802474975586,1732000
NWL,2012-10-08,19.459999084472656,19.65999984741211,19.38999938964844,19.59000015258789,13.57100772857666,2022900
NWL,2012-10-09,19.559999465942383,19.6299991607666,19.420000076293945,19.479999542236328,13.494802474975586,2476300
NWL,2012-10-10,19.46999931335449,19.670000076293945,19.40999984741211,19.59000015258789,13.57100772857666,2720800
NWL,2012-10-11,19.700000762939453,19.75,19.36000061035156,19.61000061035156,13.584864616394045,3333500
NWL,2012-10-12,19.68000030517578,19.780000686645508,19.540000915527344,19.75,13.68184757232666,3060000
NWL,2012-10-15,19.920000076293945,20.21999931335449,19.75,20.209999084472656,14.00051498413086,4041700
NWL,2012-10-16,20.34000015258789,20.5,20.25,20.459999084472656,14.17370319366455,2649500
NWL,2012-10-17,20.5,20.979999542236328,20.489999771118164,20.709999084472656,14.34688949584961,4355100
NWL,2012-10-18,20.709999084472656,21.040000915527344,20.549999237060547,20.93000030517578,14.499297142028809,2217500
NWL,2012-10-19,20.88999938964844,21.0,20.489999771118164,20.600000381469727,14.27069091796875,2811100
NWL,2012-10-22,20.530000686645508,20.739999771118164,20.21999931335449,20.459999084472656,14.17370319366455,2126500
NWL,2012-10-23,20.25,20.479999542236328,20.059999465942383,20.459999084472656,14.17370319366455,1696000
NWL,2012-10-24,20.57999992370605,20.6200008392334,20.06999969482422,20.26000022888184,14.035152435302734,2351400
NWL,2012-10-25,20.489999771118164,20.520000457763672,20.030000686645508,20.09000015258789,13.917388916015623,3912700
NWL,2012-10-26,21.049999237060547,21.229999542236328,20.57999992370605,20.59000015258789,14.263764381408691,7820300
NWL,2012-10-31,20.75,21.21999931335449,20.450000762939453,20.63999938964844,14.298399925231934,5725800
NWL,2012-11-01,20.84000015258789,21.31999969482422,20.84000015258789,21.07999992370605,14.603209495544434,3373900
NWL,2012-11-02,21.239999771118164,21.32999992370605,20.84000015258789,21.040000915527344,14.5754976272583,2586300
NWL,2012-11-05,20.940000534057617,21.170000076293945,20.90999984741211,21.11000061035156,14.623994827270508,1809000
NWL,2012-11-06,21.1299991607666,21.309999465942383,21.07999992370605,21.290000915527344,14.748687744140623,1559100
NWL,2012-11-07,21.13999938964844,21.26000022888184,20.700000762939453,21.049999237060547,14.58242893218994,3231400
NWL,2012-11-08,21.0,21.07999992370605,20.350000381469727,20.350000381469727,14.097500801086426,3686200
NWL,2012-11-09,20.270000457763672,20.56999969482422,19.93000030517578,20.34000015258789,14.090574264526367,9690600
NWL,2012-11-12,20.3700008392334,20.57999992370605,20.26000022888184,20.489999771118164,14.194488525390623,3157300
NWL,2012-11-13,20.40999984741211,20.65999984741211,20.270000457763672,20.489999771118164,14.194488525390623,1904300
NWL,2012-11-14,20.530000686645508,20.739999771118164,20.459999084472656,20.5,14.201416969299316,3520800
NWL,2012-11-15,20.479999542236328,20.65999984741211,20.36000061035156,20.600000381469727,14.27069091796875,5855400
NWL,2012-11-16,20.600000381469727,20.959999084472656,20.450000762939453,20.940000534057617,14.506224632263184,2837200
NWL,2012-11-19,21.1200008392334,21.520000457763672,21.07999992370605,21.350000381469727,14.79025173187256,4167900
NWL,2012-11-20,22.0,22.0,21.190000534057617,21.31999969482422,14.769474029541016,1981500
NWL,2012-11-21,21.309999465942383,21.309999465942383,21.059999465942383,21.14999961853028,14.651702880859377,1982900
NWL,2012-11-23,21.270000457763672,21.38999938964844,21.200000762939453,21.350000381469727,14.79025173187256,797100
NWL,2012-11-26,21.200000762939453,21.299999237060547,21.07999992370605,21.290000915527344,14.748687744140623,1472000
NWL,2012-11-27,21.229999542236328,21.420000076293945,21.11000061035156,21.36000061035156,14.79718017578125,2492200
NWL,2012-11-28,21.200000762939453,21.520000457763672,21.14999961853028,21.489999771118164,14.992520332336426,2550800
NWL,2012-11-29,21.549999237060547,21.76000022888184,21.459999084472656,21.75,15.173913955688477,2006200
NWL,2012-11-30,21.670000076293945,21.89999961853028,21.6299991607666,21.809999465942383,15.215767860412598,2582900
NWL,2012-12-03,21.86000061035156,21.93000030517578,21.68000030517578,21.739999771118164,15.166940689086914,2195700
NWL,2012-12-04,21.700000762939453,21.82999992370605,21.489999771118164,21.65999984741211,15.111125946044922,2127200
NWL,2012-12-05,21.670000076293945,21.81999969482422,21.489999771118164,21.709999084472656,15.146002769470217,2756500
NWL,2012-12-06,21.6299991607666,21.790000915527344,21.540000915527344,21.780000686645508,15.194841384887695,2344400
NWL,2012-12-07,21.850000381469727,22.11000061035156,21.799999237060547,21.90999984741211,15.28553581237793,2757900
NWL,2012-12-10,21.8799991607666,22.25,21.8799991607666,22.25,15.522734642028809,1883900
NWL,2012-12-11,22.299999237060547,22.489999771118164,21.780000686645508,21.920000076293945,15.292512893676758,3661300
NWL,2012-12-12,22.030000686645508,22.209999084472656,21.89999961853028,22.170000076293945,15.466926574707031,5359700
NWL,2012-12-13,22.13999938964844,22.21999931335449,21.729999542236328,21.89999961853028,15.278558731079102,3445500
NWL,2012-12-14,21.89999961853028,22.059999465942383,21.799999237060547,21.96999931335449,15.32739543914795,1568200
NWL,2012-12-17,22.059999465942383,22.15999984741211,21.90999984741211,21.93000030517578,15.299487113952637,1873900
NWL,2012-12-18,21.989999771118164,22.030000686645508,21.84000015258789,21.90999984741211,15.28553581237793,3801300
NWL,2012-12-19,21.920000076293945,21.940000534057617,21.5,21.670000076293945,15.118098258972168,3444500
NWL,2012-12-20,21.68000030517578,21.90999984741211,21.64999961853028,21.729999542236328,15.159954071044922,2405800
NWL,2012-12-21,21.6200008392334,21.84000015258789,21.549999237060547,21.81999969482422,15.222748756408691,4811200
NWL,2012-12-24,21.93000030517578,21.96999931335449,21.790000915527344,21.940000534057617,15.306468963623049,880300
NWL,2012-12-26,21.989999771118164,22.049999237060547,21.780000686645508,21.81999969482422,15.222748756408691,6980000
NWL,2012-12-27,21.84000015258789,22.01000022888184,21.71999931335449,21.96999931335449,15.32739543914795,1571400
NWL,2012-12-28,21.81999969482422,21.959999084472656,21.709999084472656,21.81999969482422,15.222748756408691,1923300
NWL,2012-12-31,21.76000022888184,22.280000686645508,21.64999961853028,22.270000457763672,15.536686897277832,2250900
NWL,2013-01-02,22.6299991607666,22.770000457763672,22.46999931335449,22.61000061035156,15.773892402648926,3627800
NWL,2013-01-03,22.600000381469727,22.63999938964844,22.270000457763672,22.459999084472656,15.6692476272583,3539200
NWL,2013-01-04,22.540000915527344,22.86000061035156,22.5,22.549999237060547,15.732029914855955,2635600
NWL,2013-01-07,22.520000457763672,22.790000915527344,22.07999992370605,22.13999938964844,15.445998191833496,3984700
NWL,2013-01-08,22.11000061035156,22.229999542236328,21.88999938964844,22.209999084472656,15.494829177856444,3124400
NWL,2013-01-09,22.299999237060547,22.39999961853028,22.15999984741211,22.26000022888184,15.529712677001951,2228600
NWL,2013-01-10,22.38999938964844,22.38999938964844,21.76000022888184,21.950000762939453,15.313438415527344,4738700
NWL,2013-01-11,21.940000534057617,22.170000076293945,21.71999931335449,21.799999237060547,15.208795547485352,2755700
NWL,2013-01-14,21.799999237060547,22.09000015258789,21.799999237060547,22.059999465942383,15.390181541442873,2207000
NWL,2013-01-15,22.049999237060547,22.420000076293945,22.020000457763672,22.350000381469727,15.59250545501709,1981700
NWL,2013-01-16,22.31999969482422,22.530000686645508,22.1299991607666,22.46999931335449,15.676218032836914,1497500
NWL,2013-01-17,22.549999237060547,23.030000686645508,22.420000076293945,22.93000030517578,15.997138023376465,2837100
NWL,2013-01-18,22.959999084472656,23.1200008392334,22.84000015258789,23.1200008392334,16.12969207763672,2236500
NWL,2013-01-22,23.1200008392334,23.36000061035156,22.979999542236328,23.32999992370605,16.276203155517578,1683300
NWL,2013-01-23,23.280000686645508,23.3700008392334,23.1200008392334,23.31999969482422,16.269224166870117,1618300
NWL,2013-01-24,23.36000061035156,23.61000061035156,23.100000381469727,23.25,16.220388412475586,3819000
NWL,2013-01-25,23.290000915527344,23.3700008392334,23.020000457763672,23.229999542236328,16.206443786621094,2268200
NWL,2013-01-28,23.290000915527344,23.290000915527344,22.950000762939453,22.989999771118164,16.038997650146484,2278500
NWL,2013-01-29,23.030000686645508,23.59000015258789,22.950000762939453,23.559999465942383,16.43665885925293,2603700
NWL,2013-01-30,23.540000915527344,23.709999084472656,23.38999938964844,23.64999961853028,16.499446868896484,2814500
NWL,2013-01-31,23.57999992370605,23.68000030517578,23.34000015258789,23.479999542236328,16.38084602355957,2590200
NWL,2013-02-01,23.049999237060547,23.8700008392334,22.239999771118164,23.38999938964844,16.31805419921875,7032700
NWL,2013-02-04,23.299999237060547,23.61000061035156,23.15999984741211,23.31999969482422,16.269224166870117,3013500
NWL,2013-02-05,23.61000061035156,24.18000030517578,23.549999237060547,24.1200008392334,16.827348709106445,3892000
NWL,2013-02-06,24.059999465942383,24.3799991607666,23.89999961853028,24.209999084472656,16.8901309967041,3019400
NWL,2013-02-07,24.07999992370605,24.270000457763672,24.0,24.11000061035156,16.82036590576172,3667800
NWL,2013-02-08,24.13999938964844,24.38999938964844,24.09000015258789,24.13999938964844,16.841297149658203,2256900
NWL,2013-02-11,24.059999465942383,24.39999961853028,23.940000534057617,23.940000534057617,16.701766967773438,2959900
NWL,2013-02-12,23.850000381469727,24.190000534057617,23.799999237060547,24.190000534057617,16.876184463500977,2011300
NWL,2013-02-13,24.030000686645508,24.170000076293945,23.920000076293945,24.030000686645508,16.764558792114258,2284100
NWL,2013-02-14,24.020000457763672,24.31999969482422,23.86000061035156,24.280000686645508,16.9389705657959,2082400
NWL,2013-02-15,24.239999771118164,24.51000022888184,24.049999237060547,24.18000030517578,16.869205474853516,2772900
NWL,2013-02-19,24.15999984741211,24.21999931335449,23.76000022888184,24.09000015258789,16.806415557861328,4474400
NWL,2013-02-20,24.09000015258789,24.09000015258789,23.56999969482422,23.600000381469727,16.464567184448242,4236400
NWL,2013-02-21,23.63999938964844,23.68000030517578,23.309999465942383,23.38999938964844,16.31805419921875,4582800
NWL,2013-02-22,23.420000076293945,23.5,23.229999542236328,23.479999542236328,16.38084602355957,3551100
NWL,2013-02-25,23.57999992370605,23.59000015258789,22.84000015258789,22.84000015258789,15.934351921081545,3764000
NWL,2013-02-26,22.86000061035156,22.89999961853028,22.459999084472656,22.770000457763672,15.990537643432615,1891400
NWL,2013-02-27,22.799999237060547,23.46999931335449,22.770000457763672,23.36000061035156,16.40487289428711,3223400
NWL,2013-02-28,23.39999961853028,23.63999938964844,23.34000015258789,23.34000015258789,16.390823364257812,2870100
NWL,2013-03-01,23.25,23.479999542236328,23.059999465942383,23.299999237060547,16.362733840942383,2645200
NWL,2013-03-04,23.309999465942383,23.549999237060547,23.190000534057617,23.46999931335449,16.48211669921875,3886400
NWL,2013-03-05,23.57999992370605,23.770000457763672,23.459999084472656,23.690000534057617,16.636619567871094,2987600
NWL,2013-03-06,23.780000686645508,24.049999237060547,23.63999938964844,23.940000534057617,16.81218147277832,2728400
NWL,2013-03-07,24.030000686645508,24.170000076293945,23.989999771118164,24.01000022888184,16.861337661743164,2348800
NWL,2013-03-08,24.14999961853028,25.0,24.100000381469727,24.940000534057617,17.514440536499023,6049600
NWL,2013-03-11,24.940000534057617,25.21999931335449,24.93000030517578,25.14999961853028,17.66191864013672,3627400
NWL,2013-03-12,25.07999992370605,25.280000686645508,24.989999771118164,25.21999931335449,17.71108055114746,3606800
NWL,2013-03-13,25.15999984741211,25.38999938964844,25.09000015258789,25.350000381469727,17.802371978759766,2096300
NWL,2013-03-14,25.350000381469727,25.84000015258789,25.32999992370605,25.84000015258789,18.14648056030273,4055000
NWL,2013-03-15,25.770000457763672,25.84000015258789,25.459999084472656,25.51000022888184,17.91473388671875,2972100
NWL,2013-03-18,25.290000915527344,25.51000022888184,25.209999084472656,25.479999542236328,17.89366340637207,2375900
NWL,2013-03-19,25.540000915527344,25.709999084472656,25.26000022888184,25.40999984741211,17.84450912475586,3046100
NWL,2013-03-20,25.56999969482422,25.68000030517578,25.31999969482422,25.520000457763672,17.9217586517334,2930100
NWL,2013-03-21,25.40999984741211,25.61000061035156,25.25,25.270000457763672,17.746192932128906,3614800
NWL,2013-03-22,25.34000015258789,25.36000061035156,25.209999084472656,25.270000457763672,17.746192932128906,1988100
NWL,2013-03-25,25.32999992370605,25.479999542236328,25.040000915527344,25.190000534057617,17.690017700195312,1824700
NWL,2013-03-26,25.270000457763672,25.64999961853028,25.270000457763672,25.59000015258789,17.970914840698242,1613100
NWL,2013-03-27,25.530000686645508,25.709999084472656,25.350000381469727,25.670000076293945,18.027097702026367,1466600
NWL,2013-03-28,25.65999984741211,26.11000061035156,25.57999992370605,26.100000381469727,18.32906913757324,3348100
NWL,2013-04-01,26.14999961853028,26.290000915527344,25.8799991607666,25.93000030517578,18.209686279296875,2331800
NWL,2013-04-02,25.989999771118164,26.25,25.770000457763672,25.84000015258789,18.14648056030273,2203100
NWL,2013-04-03,25.799999237060547,25.920000076293945,25.049999237060547,25.170000076293945,17.675962448120117,3462600
NWL,2013-04-04,25.1200008392334,25.3799991607666,25.049999237060547,25.25,17.732147216796875,2552400
NWL,2013-04-05,25.09000015258789,25.26000022888184,24.89999961853028,25.0,17.556581497192383,5526000
NWL,2013-04-08,25.0,25.309999465942383,25.0,25.26000022888184,17.739168167114258,1860900
NWL,2013-04-09,25.32999992370605,25.3799991607666,25.14999961853028,25.290000915527344,17.760238647460938,1490700
NWL,2013-04-10,25.31999969482422,25.56999969482422,25.15999984741211,25.39999961853028,17.83748435974121,2547700
NWL,2013-04-11,25.440000534057617,25.86000061035156,25.36000061035156,25.690000534057617,18.04114532470703,2065300
NWL,2013-04-12,25.600000381469727,25.790000915527344,25.51000022888184,25.64999961853028,18.013050079345703,2147700
NWL,2013-04-15,25.51000022888184,25.690000534057617,25.170000076293945,25.209999084472656,17.704050064086914,2764200
NWL,2013-04-16,25.440000534057617,25.75,25.31999969482422,25.729999542236328,18.069231033325195,1535200
NWL,2013-04-17,25.59000015258789,25.65999984741211,25.020000457763672,25.350000381469727,17.802371978759766,2239300
NWL,2013-04-18,25.43000030517578,25.940000534057617,25.280000686645508,25.84000015258789,18.14648056030273,3428400
NWL,2013-04-19,25.90999984741211,26.57999992370605,25.809999465942383,26.3700008392334,18.5186824798584,2841300
NWL,2013-04-22,26.39999961853028,26.75,26.229999542236328,26.68000030517578,18.73637580871582,2252500
NWL,2013-04-23,26.799999237060547,26.950000762939453,26.450000762939453,26.76000022888184,18.792564392089844,3763900
NWL,2013-04-24,26.700000762939453,26.780000686645508,26.290000915527344,26.520000457763672,18.62401962280273,3040800
NWL,2013-04-25,26.670000076293945,26.959999084472656,26.65999984741211,26.780000686645508,18.80661392211914,1810300
NWL,2013-04-26,26.809999465942383,26.84000015258789,26.39999961853028,26.450000762939453,18.574859619140625,2470300
NWL,2013-04-29,26.46999931335449,26.68000030517578,26.309999465942383,26.3700008392334,18.5186824798584,1495000
NWL,2013-04-30,26.31999969482422,26.46999931335449,26.270000457763672,26.34000015258789,18.49761390686035,1813500
NWL,2013-05-01,26.350000381469727,26.440000534057617,25.89999961853028,26.100000381469727,18.32906913757324,3039400
NWL,2013-05-02,26.170000076293945,26.51000022888184,26.07999992370605,26.38999938964844,18.5327262878418,5869100
NWL,2013-05-03,26.780000686645508,27.0,26.540000915527344,26.56999969482422,18.65913391113281,4869200
NWL,2013-05-06,26.520000457763672,26.68000030517578,26.229999542236328,26.489999771118164,18.602951049804688,3477400
NWL,2013-05-07,26.59000015258789,26.809999465942383,26.540000915527344,26.780000686645508,18.80661392211914,3494700
NWL,2013-05-08,26.780000686645508,27.13999938964844,26.700000762939453,27.020000457763672,18.97515296936035,2451800
NWL,2013-05-09,27.040000915527344,27.18000030517578,26.68000030517578,26.790000915527344,18.81363296508789,2699900
NWL,2013-05-10,26.75,27.6299991607666,26.64999961853028,27.57999992370605,19.36841583251953,3721500
NWL,2013-05-13,27.540000915527344,27.61000061035156,27.26000022888184,27.479999542236328,19.29819107055664,2007400
NWL,2013-05-14,27.479999542236328,27.90999984741211,27.459999084472656,27.89999961853028,19.59314346313477,2238500
NWL,2013-05-15,27.8700008392334,28.3799991607666,27.76000022888184,28.209999084472656,19.81084442138672,1956600
NWL,2013-05-16,28.059999465942383,28.309999465942383,27.84000015258789,27.950000762939453,19.62825584411621,2583600
NWL,2013-05-17,28.0,28.18000030517578,27.920000076293945,28.049999237060547,19.69847869873047,1469200
NWL,2013-05-20,27.950000762939453,28.46999931335449,27.940000534057617,28.200000762939453,19.803821563720703,3589100
NWL,2013-05-21,28.18000030517578,28.290000915527344,27.8799991607666,28.11000061035156,19.740623474121094,2085100
NWL,2013-05-22,28.09000015258789,28.299999237060547,27.46999931335449,27.63999938964844,19.410558700561523,3461900
NWL,2013-05-23,27.32999992370605,27.56999969482422,27.25,27.420000076293945,19.256053924560547,2531300
NWL,2013-05-24,27.209999084472656,27.479999542236328,27.06999969482422,27.38999938964844,19.234987258911133,1793900
NWL,2013-05-28,27.68000030517578,27.770000457763672,27.459999084472656,27.559999465942383,19.35437393188477,1489400
NWL,2013-05-29,27.200000762939453,27.290000915527344,27.0,27.030000686645508,19.086050033569336,1950000
NWL,2013-05-30,27.1299991607666,27.350000381469727,27.100000381469727,27.1299991607666,19.15666580200196,1277400
NWL,2013-05-31,27.0,27.290000915527344,26.780000686645508,27.040000915527344,19.09311294555664,2477900
NWL,2013-06-03,27.030000686645508,27.200000762939453,26.6299991607666,27.07999992370605,19.121362686157227,4064200
NWL,2013-06-04,27.030000686645508,27.170000076293945,26.780000686645508,26.89999961853028,18.994251251220703,4329600
NWL,2013-06-05,26.790000915527344,26.90999984741211,26.34000015258789,26.43000030517578,18.66239547729492,2121300
NWL,2013-06-06,26.39999961853028,26.739999771118164,26.229999542236328,26.739999771118164,18.88127899169922,2270800
NWL,2013-06-07,26.920000076293945,27.32999992370605,26.84000015258789,27.280000686645508,19.262575149536133,1409400
NWL,2013-06-10,27.3799991607666,27.39999961853028,27.030000686645508,27.14999961853028,19.170785903930664,1022800
NWL,2013-06-11,26.88999938964844,27.100000381469727,26.670000076293945,26.790000915527344,18.91658401489257,1741900
NWL,2013-06-12,27.850000381469727,27.850000381469727,26.440000534057617,26.530000686645508,18.73300552368164,1696400
NWL,2013-06-13,26.56999969482422,27.270000457763672,26.36000061035156,27.13999938964844,19.163724899291992,1510900
NWL,2013-06-14,27.11000061035156,27.5,26.940000534057617,27.170000076293945,19.184907913208008,1091900
NWL,2013-06-17,27.38999938964844,27.520000457763672,26.729999542236328,26.8799991607666,18.98014068603516,2804800
NWL,2013-06-18,26.8799991607666,27.07999992370605,26.709999084472656,27.0,19.06486892700196,2039100
NWL,2013-06-19,27.0,27.309999465942383,26.71999931335449,26.729999542236328,18.874217987060547,1553700
NWL,2013-06-20,26.5,26.520000457763672,25.989999771118164,26.059999465942383,18.4011344909668,2517800
NWL,2013-06-21,26.290000915527344,26.3700008392334,25.670000076293945,25.950000762939453,18.323463439941406,2625400
NWL,2013-06-24,25.64999961853028,25.64999961853028,25.25,25.46999931335449,17.984527587890625,3613900
NWL,2013-06-25,25.600000381469727,25.799999237060547,25.309999465942383,25.43000030517578,17.956281661987305,3002200
NWL,2013-06-26,25.690000534057617,25.790000915527344,25.3799991607666,25.530000686645508,18.026893615722656,2382000
NWL,2013-06-27,25.71999931335449,26.239999771118164,25.65999984741211,26.190000534057617,18.4929256439209,1983500
NWL,2013-06-28,26.15999984741211,26.479999542236328,26.100000381469727,26.25,18.535289764404297,3445700
NWL,2013-07-01,26.239999771118164,26.68000030517578,26.239999771118164,26.450000762939453,18.676511764526367,1441300
NWL,2013-07-02,26.1200008392334,26.420000076293945,26.059999465942383,26.1200008392334,18.44349479675293,1579500
NWL,2013-07-03,26.040000915527344,26.190000534057617,25.88999938964844,26.0,18.358762741088867,900100
NWL,2013-07-05,26.11000061035156,26.21999931335449,25.88999938964844,26.1200008392334,18.44349479675293,1756700
NWL,2013-07-08,26.270000457763672,26.6299991607666,26.14999961853028,26.530000686645508,18.73300552368164,2016000
NWL,2013-07-09,26.770000457763672,27.01000022888184,26.530000686645508,26.90999984741211,19.00132369995117,1629100
NWL,2013-07-10,26.8799991607666,26.96999931335449,26.40999984741211,26.63999938964844,18.81067276000977,1931600
NWL,2013-07-11,27.01000022888184,27.07999992370605,26.82999992370605,26.959999084472656,19.03662300109864,1740000
NWL,2013-07-12,26.950000762939453,27.07999992370605,26.780000686645508,27.040000915527344,19.09311294555664,1586300
NWL,2013-07-15,27.1200008392334,27.290000915527344,26.920000076293945,26.989999771118164,19.057811737060547,1219500
NWL,2013-07-16,26.979999542236328,27.25,26.709999084472656,26.84000015258789,18.9518985748291,1258300
NWL,2013-07-17,26.920000076293945,26.96999931335449,26.700000762939453,26.8700008392334,18.973073959350582,961100
NWL,2013-07-18,26.959999084472656,27.299999237060547,26.93000030517578,27.030000686645508,19.086050033569336,1096100
NWL,2013-07-19,27.020000457763672,27.21999931335449,27.0,27.14999961853028,19.170785903930664,1295800
NWL,2013-07-22,27.170000076293945,27.559999465942383,27.14999961853028,27.3700008392334,19.326128005981445,1439700
NWL,2013-07-23,27.440000534057617,27.65999984741211,27.26000022888184,27.43000030517578,19.368497848510746,1408500
NWL,2013-07-24,27.479999542236328,27.549999237060547,27.13999938964844,27.209999084472656,19.213153839111328,1063900
NWL,2013-07-25,27.059999465942383,27.26000022888184,26.75,27.209999084472656,19.213153839111328,1647200
NWL,2013-07-26,27.93000030517578,27.96999931335449,26.90999984741211,27.09000015258789,19.12841987609864,1922900
NWL,2013-07-29,26.96999931335449,27.31999969482422,26.809999465942383,27.020000457763672,19.078996658325195,1844500
NWL,2013-07-30,27.100000381469727,27.239999771118164,26.68000030517578,26.75,18.88834381103516,2452700
NWL,2013-07-31,26.790000915527344,27.270000457763672,26.700000762939453,27.020000457763672,19.078996658325195,1834100
NWL,2013-08-01,27.209999084472656,27.770000457763672,27.13999938964844,27.729999542236328,19.5803279876709,1785200
NWL,2013-08-02,27.600000381469727,27.850000381469727,27.56999969482422,27.709999084472656,19.56620216369629,1063100
NWL,2013-08-05,27.57999992370605,27.8799991607666,27.3700008392334,27.690000534057617,19.552085876464844,806800
NWL,2013-08-06,27.65999984741211,27.700000762939453,27.190000534057617,27.31999969482422,19.290828704833984,1803700
NWL,2013-08-07,27.21999931335449,27.32999992370605,26.6299991607666,27.059999465942383,19.107234954833984,3043200
NWL,2013-08-08,27.209999084472656,27.290000915527344,26.600000381469727,26.809999465942383,18.93070602416992,3080600
NWL,2013-08-09,26.700000762939453,26.8700008392334,26.450000762939453,26.82999992370605,18.9448356628418,2261900
NWL,2013-08-12,26.6299991607666,26.790000915527344,26.530000686645508,26.739999771118164,18.88127899169922,2411200
NWL,2013-08-13,26.739999771118164,26.90999984741211,26.479999542236328,26.86000061035156,18.96601676940918,3126400
NWL,2013-08-14,26.850000381469727,27.0,26.600000381469727,26.63999938964844,18.81067276000977,1457100
NWL,2013-08-15,26.40999984741211,26.43000030517578,25.93000030517578,26.01000022888184,18.365827560424805,1688600
NWL,2013-08-16,25.89999961853028,26.09000015258789,25.790000915527344,25.950000762939453,18.323463439941406,1572100
NWL,2013-08-19,26.0,26.020000457763672,25.600000381469727,25.65999984741211,18.11868667602539,1756900
NWL,2013-08-20,25.700000762939453,26.049999237060547,25.6200008392334,25.920000076293945,18.30227470397949,2127500
NWL,2013-08-21,25.84000015258789,25.84000015258789,25.3700008392334,25.440000534057617,17.96334457397461,1779800
NWL,2013-08-22,25.479999542236328,25.530000686645508,25.13999938964844,25.25,17.829185485839844,2091500
NWL,2013-08-23,25.25,25.520000457763672,24.739999771118164,25.51000022888184,18.012779235839844,3777300
NWL,2013-08-26,25.479999542236328,25.89999961853028,25.299999237060547,25.770000457763672,18.19636344909668,3315300
NWL,2013-08-27,25.559999465942383,25.600000381469727,25.15999984741211,25.200000762939453,17.793886184692383,2327400
NWL,2013-08-28,25.0,25.07999992370605,24.31999969482422,24.989999771118164,17.751256942749023,5212900
NWL,2013-08-29,24.940000534057617,25.790000915527344,24.81999969482422,25.39999961853028,18.042495727539062,2992300
NWL,2013-08-30,25.420000076293945,25.56999969482422,25.190000534057617,25.299999237060547,17.971460342407227,2525000
NWL,2013-09-03,25.600000381469727,26.030000686645508,25.600000381469727,25.71999931335449,18.26980400085449,3627900
NWL,2013-09-04,26.059999465942383,26.90999984741211,25.989999771118164,26.020000457763672,18.48290061950684,4567700
NWL,2013-09-05,25.959999084472656,26.1299991607666,25.81999969482422,25.920000076293945,18.4118709564209,2147000
NWL,2013-09-06,25.979999542236328,26.43000030517578,25.739999771118164,26.040000915527344,18.497114181518555,2594500
NWL,2013-09-09,26.170000076293945,26.40999984741211,26.020000457763672,26.280000686645508,18.66758918762207,1961900
NWL,2013-09-10,26.40999984741211,26.5,26.13999938964844,26.31999969482422,18.69600296020508,1434200
NWL,2013-09-11,26.36000061035156,26.84000015258789,26.270000457763672,26.65999984741211,18.937515258789062,1901800
NWL,2013-09-12,26.63999938964844,26.8799991607666,26.530000686645508,26.6200008392334,18.90910720825196,1595900
NWL,2013-09-13,26.71999931335449,26.96999931335449,26.520000457763672,26.93000030517578,19.129308700561523,1015800
NWL,2013-09-16,27.229999542236328,27.31999969482422,26.81999969482422,26.850000381469727,19.072479248046875,1471400
NWL,2013-09-17,26.8799991607666,26.90999984741211,26.729999542236328,26.84000015258789,19.06538200378418,1117100
NWL,2013-09-18,26.770000457763672,27.39999961853028,26.59000015258789,27.309999465942383,19.39923858642578,2171600
NWL,2013-09-19,27.39999961853028,27.559999465942383,27.34000015258789,27.38999938964844,19.45606231689453,1907800
NWL,2013-09-20,27.40999984741211,27.5,27.15999984741211,27.290000915527344,19.38503074645996,2347000
NWL,2013-09-23,27.18000030517578,27.3700008392334,26.82999992370605,27.100000381469727,19.25006103515625,1621500
NWL,2013-09-24,27.030000686645508,27.600000381469727,26.979999542236328,27.39999961853028,19.463171005249023,2035800
NWL,2013-09-25,27.40999984741211,27.65999984741211,27.11000061035156,27.170000076293945,19.29979133605957,1991200
NWL,2013-09-26,27.200000762939453,27.670000076293945,27.200000762939453,27.670000076293945,19.65495491027832,1775300
NWL,2013-09-27,27.46999931335449,27.81999969482422,27.34000015258789,27.59000015258789,19.598129272460938,1373700
NWL,2013-09-30,27.350000381469727,27.63999938964844,27.25,27.5,19.534198760986328,1508900
NWL,2013-10-01,27.520000457763672,27.799999237060547,27.420000076293945,27.65999984741211,19.647851943969727,1133100
NWL,2013-10-02,27.559999465942383,27.700000762939453,27.36000061035156,27.65999984741211,19.647851943969727,1180000
NWL,2013-10-03,27.56999969482422,27.65999984741211,27.020000457763672,27.309999465942383,19.39923858642578,1617100
NWL,2013-10-04,27.280000686645508,27.729999542236328,27.26000022888184,27.540000915527344,19.562612533569336,973300
NWL,2013-10-07,27.25,27.299999237060547,26.96999931335449,26.979999542236328,19.16482353210449,1274600
NWL,2013-10-08,27.13999938964844,27.239999771118164,26.520000457763672,26.559999465942383,18.866485595703125,3097700
NWL,2013-10-09,26.670000076293945,26.90999984741211,26.290000915527344,26.690000534057617,18.95882606506348,2031600
NWL,2013-10-10,27.030000686645508,27.3700008392334,26.8799991607666,27.239999771118164,19.34951400756836,1557900
NWL,2013-10-11,27.11000061035156,27.81999969482422,27.11000061035156,27.809999465942383,19.75440788269043,1080900
NWL,2013-10-14,27.56999969482422,27.940000534057617,27.540000915527344,27.799999237060547,19.747297286987305,1151200
NWL,2013-10-15,27.71999931335449,27.799999237060547,27.170000076293945,27.34000015258789,19.42054557800293,2112800
NWL,2013-10-16,27.61000061035156,27.96999931335449,27.46999931335449,27.959999084472656,19.860952377319336,1483300
NWL,2013-10-17,27.8799991607666,28.850000381469727,27.8799991607666,28.68000030517578,20.372398376464844,2677300
NWL,2013-10-18,28.809999465942383,29.1200008392334,28.739999771118164,29.020000457763672,20.61391258239746,2620300
NWL,2013-10-21,29.190000534057617,29.21999931335449,28.81999969482422,28.979999542236328,20.58549118041992,1266500
NWL,2013-10-22,29.06999969482422,29.290000915527344,29.059999465942383,29.07999992370605,20.656530380249023,2094200
NWL,2013-10-23,29.0,29.36000061035156,28.940000534057617,29.059999465942383,20.642322540283203,1940300
NWL,2013-10-24,29.18000030517578,29.229999542236328,28.780000686645508,28.920000076293945,20.542877197265625,2492100
NWL,2013-10-25,29.34000015258789,30.440000534057617,29.049999237060547,29.39999961853028,20.88383674621582,3751100
NWL,2013-10-28,29.440000534057617,29.729999542236328,29.34000015258789,29.690000534057617,21.089832305908203,2742300
NWL,2013-10-29,29.75,30.07999992370605,29.64999961853028,29.90999984741211,21.24611091613769,2506900
NWL,2013-10-30,29.979999542236328,29.979999542236328,29.46999931335449,29.59000015258789,21.018796920776367,1397500
NWL,2013-10-31,29.3799991607666,29.799999237060547,29.270000457763672,29.6299991607666,21.047212600708008,1305000
NWL,2013-11-01,29.75,29.89999961853028,29.43000030517578,29.63999938964844,21.0543155670166,1423700
NWL,2013-11-04,29.799999237060547,29.90999984741211,29.76000022888184,29.8799991607666,21.22479248046875,968600
NWL,2013-11-05,29.6200008392334,29.82999992370605,29.3700008392334,29.65999984741211,21.06852149963379,1503700
NWL,2013-11-06,29.75,29.88999938964844,29.270000457763672,29.36000061035156,20.85542678833008,1721300
NWL,2013-11-07,29.549999237060547,29.559999465942383,28.670000076293945,28.690000534057617,20.37949752807617,1881800
NWL,2013-11-08,28.729999542236328,29.020000457763672,28.600000381469727,29.01000022888184,20.6068058013916,2052200
NWL,2013-11-11,28.93000030517578,29.25,28.88999938964844,29.200000762939453,20.74176597595215,1406300
NWL,2013-11-12,29.1299991607666,29.51000022888184,29.059999465942383,29.46999931335449,20.933555603027344,1748200
NWL,2013-11-13,29.290000915527344,29.81999969482422,29.290000915527344,29.809999465942383,21.175064086914062,1307700
NWL,2013-11-14,29.729999542236328,29.920000076293945,29.559999465942383,29.8799991607666,21.22479248046875,1120800
NWL,2013-11-15,29.90999984741211,30.13999938964844,29.709999084472656,30.100000381469727,21.381065368652344,1658800
NWL,2013-11-18,30.100000381469727,30.190000534057617,29.6299991607666,29.739999771118164,21.12535095214844,1429200
NWL,2013-11-19,29.690000534057617,29.88999938964844,29.56999969482422,29.68000030517578,21.08272361755371,1341900
NWL,2013-11-20,29.81999969482422,29.940000534057617,29.549999237060547,29.64999961853028,21.061410903930664,1393200
NWL,2013-11-21,29.770000457763672,30.18000030517578,29.739999771118164,30.13999938964844,21.40947914123535,1946900
NWL,2013-11-22,30.14999961853028,30.350000381469727,29.850000381469727,30.34000015258789,21.551549911499023,1834700
NWL,2013-11-25,30.38999938964844,30.46999931335449,30.059999465942383,30.280000686645508,21.508934020996094,1321700
NWL,2013-11-26,30.43000030517578,30.530000686645508,30.290000915527344,30.350000381469727,21.66598320007324,1418300
NWL,2013-11-27,30.350000381469727,30.479999542236328,30.270000457763672,30.420000076293945,21.71594619750977,893100
NWL,2013-11-29,29.670000076293945,30.540000915527344,29.670000076293945,30.350000381469727,21.66598320007324,706900
NWL,2013-12-02,30.229999542236328,30.39999961853028,29.90999984741211,29.90999984741211,21.35187339782715,2210500
NWL,2013-12-03,29.82999992370605,30.040000915527344,29.63999938964844,30.030000686645508,21.437543869018555,1797300
NWL,2013-12-04,29.88999938964844,30.489999771118164,29.65999984741211,30.39999961853028,21.7016716003418,2808000
NWL,2013-12-05,30.39999961853028,30.63999938964844,30.239999771118164,30.309999465942383,21.637420654296875,3431900
NWL,2013-12-06,30.559999465942383,30.959999084472656,30.559999465942383,30.90999984741211,22.065750122070312,1913300
NWL,2013-12-09,31.0,31.270000457763672,30.850000381469727,30.93000030517578,22.08002662658692,2267100
NWL,2013-12-10,31.420000076293945,32.25,31.020000457763672,31.209999084472656,22.279903411865234,3639200
NWL,2013-12-11,31.170000076293945,31.270000457763672,30.8700008392334,31.01000022888184,22.13713264465332,2458000
NWL,2013-12-12,30.989999771118164,31.3799991607666,30.959999084472656,31.100000381469727,22.201385498046875,2429700
NWL,2013-12-13,31.100000381469727,31.32999992370605,30.690000534057617,30.76000022888184,21.95866584777832,2057900
NWL,2013-12-16,30.709999084472656,31.25,30.64999961853028,31.07999992370605,22.187105178833008,1978100
NWL,2013-12-17,31.200000762939453,31.299999237060547,30.96999931335449,31.11000061035156,22.20852279663086,1944200
NWL,2013-12-18,31.25,31.93000030517578,31.030000686645508,31.89999961853028,22.772480010986328,1924500
NWL,2013-12-19,31.780000686645508,32.18000030517578,31.780000686645508,32.099998474121094,22.915252685546875,2625700
NWL,2013-12-20,32.18000030517578,32.25,31.6299991607666,31.63999938964844,22.586870193481445,4303000
NWL,2013-12-23,31.86000061035156,31.950000762939453,31.6200008392334,31.8700008392334,22.75106239318848,1165500
NWL,2013-12-24,31.89999961853028,32.20000076293945,31.89999961853028,32.11000061035156,22.92239761352539,535600
NWL,2013-12-26,32.2599983215332,32.369998931884766,32.13999938964844,32.25,23.0223331451416,688500
NWL,2013-12-27,32.27000045776367,32.380001068115234,32.130001068115234,32.20000076293945,22.986644744873047,633300
NWL,2013-12-30,32.2400016784668,32.36000061035156,32.130001068115234,32.349998474121094,23.09371757507324,846100
NWL,2013-12-31,32.41999816894531,32.540000915527344,32.27000045776367,32.40999984741211,23.136552810668945,1033500
NWL,2014-01-02,32.400001525878906,32.400001525878906,31.989999771118164,32.18000030517578,22.972362518310547,1563700
NWL,2014-01-03,32.18000030517578,32.529998779296875,32.150001525878906,32.400001525878906,23.12941551208496,1786600
NWL,2014-01-06,32.540000915527344,32.540000915527344,31.770000457763672,32.099998474121094,22.915252685546875,2833100
NWL,2014-01-07,32.11000061035156,32.25,31.8799991607666,32.119998931884766,22.929533004760746,2518500
NWL,2014-01-08,32.04999923706055,32.380001068115234,31.88999938964844,32.0099983215332,22.85100173950196,1572900
NWL,2014-01-09,32.13999938964844,32.18000030517578,31.75,31.920000076293945,22.786754608154297,1502000
NWL,2014-01-10,32.029998779296875,32.16999816894531,31.799999237060547,32.029998779296875,22.865280151367188,1645100
NWL,2014-01-13,31.90999984741211,32.029998779296875,31.549999237060547,31.68000030517578,22.61543083190918,1658800
NWL,2014-01-14,31.780000686645508,31.920000076293945,31.350000381469727,31.84000015258789,22.729644775390625,2630800
NWL,2014-01-15,31.90999984741211,32.09000015258789,31.84000015258789,32.06999969482422,22.893835067749023,1432700
NWL,2014-01-16,32.04999923706055,32.22999954223633,31.940000534057617,32.11000061035156,22.92239761352539,1367900
NWL,2014-01-17,32.20000076293945,32.22999954223633,31.739999771118164,31.770000457763672,22.679676055908203,2162700
NWL,2014-01-21,32.0099983215332,32.189998626708984,31.46999931335449,31.780000686645508,22.686813354492188,1387500
NWL,2014-01-22,31.920000076293945,32.0,31.6200008392334,31.88999938964844,22.76533508300781,1276100
NWL,2014-01-23,31.6299991607666,31.790000915527344,31.459999084472656,31.56999969482422,22.536895751953125,1705700
NWL,2014-01-24,31.39999961853028,31.459999084472656,30.950000762939453,30.950000762939453,22.09429931640625,3169000
NWL,2014-01-27,30.979999542236328,31.18000030517578,30.64999961853028,30.76000022888184,21.95866584777832,2236600
NWL,2014-01-28,30.799999237060547,31.200000762939453,30.729999542236328,30.96999931335449,22.10858154296875,2479500
NWL,2014-01-29,30.709999084472656,30.76000022888184,30.290000915527344,30.34000015258789,21.658843994140625,4907100
NWL,2014-01-30,30.670000076293945,30.76000022888184,30.21999931335449,30.270000457763672,21.608875274658203,4523200
NWL,2014-01-31,29.93000030517578,31.1299991607666,29.59000015258789,30.89999961853028,22.05860710144043,6183700
NWL,2014-02-03,30.850000381469727,30.979999542236328,30.06999969482422,30.11000061035156,21.49465560913086,4854500
NWL,2014-02-04,30.21999931335449,30.700000762939453,30.06999969482422,30.6200008392334,21.85872459411621,3737800
NWL,2014-02-05,30.420000076293945,30.56999969482422,30.14999961853028,30.3700008392334,21.68025588989257,1839600
NWL,2014-02-06,30.43000030517578,30.709999084472656,30.39999961853028,30.530000686645508,21.794479370117188,2429500
NWL,2014-02-07,30.75,30.950000762939453,30.489999771118164,30.81999969482422,22.001495361328125,2303400
NWL,2014-02-10,30.75,30.82999992370605,30.5,30.75,21.95152473449707,2055100
NWL,2014-02-11,30.739999771118164,30.979999542236328,30.540000915527344,30.56999969482422,21.823028564453125,2609100
NWL,2014-02-12,30.57999992370605,31.0,30.51000022888184,30.81999969482422,22.001495361328125,1920000
NWL,2014-02-13,30.709999084472656,31.26000022888184,30.64999961853028,31.239999771118164,22.30132293701172,1806800
NWL,2014-02-14,31.209999084472656,31.559999465942383,31.209999084472656,31.36000061035156,22.38698959350586,1781900
NWL,2014-02-18,31.36000061035156,31.61000061035156,31.11000061035156,31.51000022888184,22.494070053100582,1857100
NWL,2014-02-19,31.420000076293945,31.88999938964844,31.32999992370605,31.450000762939453,22.45123863220215,1925300
NWL,2014-02-20,31.6299991607666,31.850000381469727,31.450000762939453,31.809999465942383,22.708229064941406,1343400
NWL,2014-02-21,31.850000381469727,32.209999084472656,31.770000457763672,31.790000915527344,22.693952560424805,1845800
NWL,2014-02-24,31.790000915527344,32.310001373291016,31.790000915527344,32.06999969482422,22.893835067749023,1255500
NWL,2014-02-25,32.08000183105469,32.119998931884766,31.450000762939453,31.57999992370605,22.54404067993164,2758900
NWL,2014-02-26,31.61000061035156,31.89999961853028,31.350000381469727,31.489999771118164,22.58707618713379,1510400
NWL,2014-02-27,31.450000762939453,31.959999084472656,31.38999938964844,31.93000030517578,22.902677536010746,1210700
NWL,2014-02-28,31.96999931335449,32.22999954223633,31.82999992370605,32.11000061035156,23.03179359436035,1885500
NWL,2014-03-03,31.8799991607666,31.950000762939453,31.61000061035156,31.850000381469727,22.84529685974121,1474900
NWL,2014-03-04,32.09000015258789,32.29999923706055,31.75,32.0,22.9528923034668,1896700
NWL,2014-03-05,31.979999542236328,31.989999771118164,31.57999992370605,31.65999984741211,22.70901679992676,1689000
NWL,2014-03-06,31.690000534057617,31.790000915527344,31.43000030517578,31.459999084472656,22.56555557250977,2421600
NWL,2014-03-07,31.479999542236328,31.57999992370605,31.18000030517578,31.31999969482422,22.46513557434082,2286600
NWL,2014-03-10,31.26000022888184,31.31999969482422,31.049999237060547,31.18000030517578,22.36471939086914,1751800
NWL,2014-03-11,31.18000030517578,31.309999465942383,30.81999969482422,30.979999542236328,22.22126197814941,1782400
NWL,2014-03-12,30.76000022888184,30.86000061035156,30.51000022888184,30.780000686645508,22.077810287475582,2485000
NWL,2014-03-13,30.71999931335449,30.850000381469727,29.530000686645508,29.57999992370605,21.217079162597656,7665600
NWL,2014-03-14,29.59000015258789,29.780000686645508,29.209999084472656,29.31999969482422,21.03058433532715,9031300
NWL,2014-03-17,29.40999984741211,29.709999084472656,29.25,29.64999961853028,21.26728248596192,7387700
NWL,2014-03-18,29.75,30.059999465942383,29.729999542236328,30.0,21.5183334350586,3299500
NWL,2014-03-19,30.01000022888184,30.040000915527344,29.39999961853028,29.6299991607666,21.2529411315918,2069200
NWL,2014-03-20,29.600000381469727,29.770000457763672,29.36000061035156,29.71999931335449,21.3174991607666,2760500
NWL,2014-03-21,29.920000076293945,30.1200008392334,29.6299991607666,29.75,21.339014053344727,4559100
NWL,2014-03-24,29.959999084472656,30.15999984741211,29.770000457763672,29.850000381469727,21.410737991333008,2494900
NWL,2014-03-25,30.01000022888184,30.100000381469727,29.61000061035156,29.790000915527344,21.36770248413086,2255500
NWL,2014-03-26,29.86000061035156,30.0,29.59000015258789,29.600000381469727,21.23142433166504,1898900
NWL,2014-03-27,29.559999465942383,29.559999465942383,29.13999938964844,29.21999931335449,20.95884895324707,2904400
NWL,2014-03-28,29.280000686645508,29.6200008392334,29.18000030517578,29.18000030517578,20.930164337158203,3105500
NWL,2014-03-31,29.3799991607666,29.90999984741211,29.299999237060547,29.89999961853028,21.44659996032715,2791700
NWL,2014-04-01,30.059999465942383,30.38999938964844,30.01000022888184,30.299999237060547,21.733516693115234,2833100
NWL,2014-04-02,30.38999938964844,30.61000061035156,30.270000457763672,30.280000686645508,21.719173431396484,2491200
NWL,2014-04-03,30.350000381469727,30.3700008392334,29.68000030517578,29.729999542236328,21.32466506958008,2495300
NWL,2014-04-04,29.82999992370605,30.020000457763672,29.280000686645508,29.309999465942383,21.023408889770508,2663700
NWL,2014-04-07,29.239999771118164,29.459999084472656,29.059999465942383,29.26000022888184,20.987548828125,2824000
NWL,2014-04-08,29.31999969482422,29.63999938964844,29.1200008392334,29.56999969482422,21.20990943908692,2488700
NWL,2014-04-09,29.600000381469727,29.8700008392334,29.46999931335449,29.700000762939453,21.30315399169922,1825800
NWL,2014-04-10,29.46999931335449,30.14999961853028,29.309999465942383,29.3700008392334,21.066450119018555,2677800
NWL,2014-04-11,29.270000457763672,29.43000030517578,28.61000061035156,28.68000030517578,20.5715274810791,2335300
NWL,2014-04-14,28.920000076293945,29.14999961853028,28.799999237060547,28.989999771118164,20.79388236999512,1300000
NWL,2014-04-15,29.1200008392334,29.31999969482422,28.6299991607666,29.030000686645508,20.822572708129883,1209700
NWL,2014-04-16,29.18000030517578,29.350000381469727,29.01000022888184,29.239999771118164,20.973201751708984,1576700
NWL,2014-04-17,29.229999542236328,29.940000534057617,29.209999084472656,29.88999938964844,21.43943214416504,2096000
NWL,2014-04-21,29.850000381469727,30.06999969482422,29.790000915527344,29.959999084472656,21.489641189575195,2028400
NWL,2014-04-22,30.040000915527344,30.350000381469727,29.950000762939453,30.1200008392334,21.604406356811523,1383000
NWL,2014-04-23,30.200000762939453,30.309999465942383,30.06999969482422,30.25,21.697654724121094,1216200
NWL,2014-04-24,30.489999771118164,30.520000457763672,30.200000762939453,30.309999465942383,21.740684509277344,1282600
NWL,2014-04-25,30.209999084472656,30.350000381469727,30.059999465942383,30.09000015258789,21.5828857421875,1740500
NWL,2014-04-28,30.290000915527344,30.459999084472656,30.0,30.34000015258789,21.762210845947266,1892600
NWL,2014-04-29,30.36000061035156,30.40999984741211,30.100000381469727,30.13999938964844,21.61874771118164,1935400
NWL,2014-04-30,30.09000015258789,30.43000030517578,30.0,30.11000061035156,21.59723854064941,3049600
NWL,2014-05-01,30.040000915527344,30.520000457763672,30.0,30.040000915527344,21.547025680541992,3735800
NWL,2014-05-02,29.8799991607666,29.8799991607666,28.86000061035156,28.8799991607666,20.714984893798828,4849800
NWL,2014-05-05,28.799999237060547,28.90999984741211,28.40999984741211,28.790000915527344,20.650428771972656,3682400
NWL,2014-05-06,28.6299991607666,28.75,28.270000457763672,28.489999771118164,20.43524932861328,2949300
NWL,2014-05-07,28.520000457763672,29.3799991607666,28.489999771118164,29.350000381469727,21.05210304260254,3891500
NWL,2014-05-08,29.170000076293945,29.46999931335449,28.93000030517578,28.989999771118164,20.79388236999512,2197500
NWL,2014-05-09,28.96999931335449,29.270000457763672,28.850000381469727,29.26000022888184,20.987548828125,1724300
NWL,2014-05-12,29.38999938964844,29.75,29.25,29.51000022888184,21.166866302490234,1990000
NWL,2014-05-13,29.5,29.729999542236328,29.46999931335449,29.690000534057617,21.29597854614257,2044400
NWL,2014-05-14,29.64999961853028,29.729999542236328,29.489999771118164,29.520000457763672,21.17404556274414,1208700
NWL,2014-05-15,29.5,29.530000686645508,28.940000534057617,29.25,20.98037338256836,2299500
NWL,2014-05-16,29.26000022888184,29.5,29.200000762939453,29.290000915527344,21.00906753540039,1497200
NWL,2014-05-19,29.170000076293945,29.3799991607666,29.170000076293945,29.190000534057617,20.937339782714844,1137700
NWL,2014-05-20,29.13999938964844,29.25,28.90999984741211,29.07999992370605,20.85843849182129,1646100
NWL,2014-05-21,29.200000762939453,29.31999969482422,29.06999969482422,29.18000030517578,20.930164337158203,862500
NWL,2014-05-22,29.1299991607666,29.479999542236328,29.100000381469727,29.1299991607666,20.894296646118164,1403400
NWL,2014-05-23,29.07999992370605,29.540000915527344,29.07999992370605,29.530000686645508,21.181209564208984,1032400
NWL,2014-05-27,29.600000381469727,29.90999984741211,29.36000061035156,29.3799991607666,21.07362174987793,1683200
NWL,2014-05-28,29.290000915527344,29.38999938964844,29.059999465942383,29.209999084472656,21.073619842529297,1785800
NWL,2014-05-29,29.229999542236328,29.5,29.13999938964844,29.3799991607666,21.196264266967773,1494800
NWL,2014-05-30,29.290000915527344,29.350000381469727,29.049999237060547,29.280000686645508,21.124122619628903,2300400
NWL,2014-06-02,29.34000015258789,29.43000030517578,29.13999938964844,29.26000022888184,21.10968971252441,1640200
NWL,2014-06-03,29.1200008392334,29.18000030517578,28.88999938964844,28.989999771118164,20.91490173339844,1930700
NWL,2014-06-04,29.520000457763672,30.459999084472656,29.520000457763672,30.270000457763672,21.83836555480957,4228800
NWL,2014-06-05,30.32999992370605,30.420000076293945,30.020000457763672,30.350000381469727,21.896074295043945,1641600
NWL,2014-06-06,30.450000762939453,31.280000686645508,30.420000076293945,31.020000457763672,22.37944793701172,3579800
NWL,2014-06-09,31.01000022888184,31.309999465942383,30.82999992370605,31.209999084472656,22.51651763916016,2488400
NWL,2014-06-10,31.13999938964844,31.440000534057617,31.059999465942383,31.350000381469727,22.61752891540528,2518500
NWL,2014-06-11,31.200000762939453,31.309999465942383,31.100000381469727,31.15999984741211,22.48044776916504,2102400
NWL,2014-06-12,31.030000686645508,31.09000015258789,30.59000015258789,30.71999931335449,22.16301345825196,2046700
NWL,2014-06-13,30.780000686645508,30.8700008392334,30.559999465942383,30.59000015258789,22.069225311279297,1539300
NWL,2014-06-16,30.51000022888184,30.690000534057617,30.450000762939453,30.56999969482422,22.054798126220703,1602500
NWL,2014-06-17,30.600000381469727,30.809999465942383,30.459999084472656,30.799999237060547,22.2207260131836,1640500
NWL,2014-06-18,30.82999992370605,31.280000686645508,30.76000022888184,31.26000022888184,22.55259895324707,1861100
NWL,2014-06-19,31.239999771118164,31.440000534057617,31.209999084472656,31.420000076293945,22.66803359985352,1391600
NWL,2014-06-20,31.450000762939453,31.59000015258789,31.309999465942383,31.40999984741211,22.66081619262696,1788100
NWL,2014-06-23,31.40999984741211,31.61000061035156,31.229999542236328,31.239999771118164,22.53817367553711,1655100
NWL,2014-06-24,31.21999931335449,31.38999938964844,30.799999237060547,30.959999084472656,22.336162567138672,1844100
NWL,2014-06-25,30.940000534057617,31.1200008392334,30.8700008392334,30.979999542236328,22.3505916595459,1287900
NWL,2014-06-26,30.8799991607666,30.950000762939453,30.6299991607666,30.89999961853028,22.29287338256836,1145900
NWL,2014-06-27,30.790000915527344,31.170000076293945,30.790000915527344,30.90999984741211,22.30008316040039,1991800
NWL,2014-06-30,30.739999771118164,31.0,30.709999084472656,30.989999771118164,22.357805252075195,1625100
NWL,2014-07-01,31.030000686645508,31.63999938964844,30.959999084472656,31.39999961853028,22.653600692749023,1370200
NWL,2014-07-02,31.229999542236328,31.520000457763672,31.040000915527344,31.06999969482422,22.41552734375,1283400
NWL,2014-07-03,31.1200008392334,31.61000061035156,31.1200008392334,31.549999237060547,22.76181602478028,861300
NWL,2014-07-07,31.56999969482422,31.950000762939453,31.489999771118164,31.6299991607666,22.819536209106445,2208700
NWL,2014-07-08,31.450000762939453,31.729999542236328,31.209999084472656,31.700000762939453,22.87003898620605,2363000
NWL,2014-07-09,31.86000061035156,32.310001373291016,31.790000915527344,32.22999954223633,23.25240707397461,2516300
NWL,2014-07-10,31.84000015258789,32.099998474121094,31.65999984741211,31.86000061035156,22.985469818115234,2433500
NWL,2014-07-11,31.86000061035156,31.959999084472656,31.690000534057617,31.76000022888184,22.91332244873047,1649000
NWL,2014-07-14,31.88999938964844,32.040000915527344,31.670000076293945,31.729999542236328,22.891679763793945,1272600
NWL,2014-07-15,31.809999465942383,31.850000381469727,31.479999542236328,31.559999465942383,22.76903533935547,2331000
NWL,2014-07-16,31.76000022888184,31.76000022888184,31.14999961853028,31.18000030517578,22.49488067626953,2369800
NWL,2014-07-17,31.1299991607666,31.479999542236328,31.09000015258789,31.100000381469727,22.437164306640625,1346300
NWL,2014-07-18,31.239999771118164,31.38999938964844,31.18000030517578,31.350000381469727,22.61752891540528,907700
NWL,2014-07-21,31.25,31.549999237060547,31.09000015258789,31.14999961853028,22.47323989868164,1215800
NWL,2014-07-22,31.270000457763672,31.530000686645508,31.14999961853028,31.479999542236328,22.71131706237793,1091800
NWL,2014-07-23,31.3799991607666,31.65999984741211,31.25,31.420000076293945,22.66803359985352,1829700
NWL,2014-07-24,31.520000457763672,31.790000915527344,31.46999931335449,31.75,22.906110763549805,1395100
NWL,2014-07-25,31.64999961853028,31.729999542236328,31.290000915527344,31.31999969482422,22.59588432312012,1402900
NWL,2014-07-28,31.290000915527344,31.3700008392334,31.020000457763672,31.270000457763672,22.559812545776367,1936100
NWL,2014-07-29,31.280000686645508,31.459999084472656,30.850000381469727,30.850000381469727,22.256797790527344,2385500
NWL,2014-07-30,30.96999931335449,31.670000076293945,30.940000534057617,31.61000061035156,22.80510711669922,2978400
NWL,2014-07-31,32.11000061035156,33.16999816894531,31.920000076293945,32.47999954223633,23.43276596069336,4805800
NWL,2014-08-01,32.47999954223633,32.849998474121094,32.279998779296875,32.45000076293945,23.41112518310547,3089800
NWL,2014-08-04,32.439998626708984,33.279998779296875,32.34000015258789,33.189998626708984,23.94499588012696,3088400
NWL,2014-08-05,33.150001525878906,33.22999954223633,32.720001220703125,32.869998931884766,23.71413230895996,2138200
NWL,2014-08-06,32.790000915527344,33.0099983215332,32.619998931884766,32.790000915527344,23.65641975402832,2730800
NWL,2014-08-07,32.83000183105469,32.9900016784668,32.66999816894531,32.900001525878906,23.73577690124512,2326000
NWL,2014-08-08,32.93000030517578,33.5099983215332,32.869998931884766,33.47999954223633,24.15422248840332,2054000
NWL,2014-08-11,33.56999969482422,33.63999938964844,33.380001068115234,33.5,24.16864967346192,1695200
NWL,2014-08-12,33.4900016784668,33.709999084472656,33.029998779296875,33.04999923706055,23.843997955322266,1790800
NWL,2014-08-13,33.189998626708984,33.27000045776367,32.90999984741211,33.02000045776367,23.82235717773437,1428400
NWL,2014-08-14,33.119998931884766,33.5,33.029998779296875,33.4900016784668,24.161439895629883,941900
NWL,2014-08-15,33.61000061035156,33.61000061035156,33.060001373291016,33.279998779296875,24.009933471679688,1119500
NWL,2014-08-18,33.5,33.810001373291016,33.5,33.619998931884766,24.25522422790528,842700
NWL,2014-08-19,33.630001068115234,33.79999923706055,33.459999084472656,33.47999954223633,24.15422248840332,1176900
NWL,2014-08-20,33.439998626708984,33.54999923706055,33.33000183105469,33.47999954223633,24.15422248840332,914700
NWL,2014-08-21,33.47999954223633,33.869998931884766,33.34000015258789,33.77000045776367,24.36344146728516,1109200
NWL,2014-08-22,33.68000030517578,33.93000030517578,33.40999984741211,33.7400016784668,24.3418025970459,942500
NWL,2014-08-25,33.81999969482422,33.849998474121094,33.58000183105469,33.650001525878906,24.2768669128418,1007400
NWL,2014-08-26,33.650001525878906,33.70000076293945,33.29999923706055,33.33000183105469,24.04600143432617,1660500
NWL,2014-08-27,33.220001220703125,33.58000183105469,33.119998931884766,33.52000045776367,24.30705451965332,1043700
NWL,2014-08-28,33.349998474121094,33.56999969482422,33.20000076293945,33.43000030517578,24.241798400878903,796400
NWL,2014-08-29,33.54999923706055,33.58000183105469,33.029998779296875,33.52000045776367,24.30705451965332,731100
NWL,2014-09-02,33.689998626708984,33.970001220703125,33.599998474121094,33.81999969482422,24.524608612060547,1080100
NWL,2014-09-03,33.90999984741211,33.93000030517578,33.599998474121094,33.91999816894531,24.59712219238281,942200
NWL,2014-09-04,33.9900016784668,34.470001220703125,33.900001525878906,34.279998779296875,24.85816764831543,2072600
NWL,2014-09-05,34.16999816894531,34.29999923706055,33.970001220703125,34.20000076293945,24.800161361694336,1139700
NWL,2014-09-08,34.18000030517578,34.40999984741211,34.130001068115234,34.31999969482422,24.88718032836914,948500
NWL,2014-09-09,34.25,34.41999816894531,34.13999938964844,34.25,24.83641624450684,1083100
NWL,2014-09-10,34.290000915527344,34.38999938964844,34.060001373291016,34.290000915527344,24.865421295166016,994800
NWL,2014-09-11,34.189998626708984,34.38999938964844,34.04999923706055,34.369998931884766,24.923433303833008,949700
NWL,2014-09-12,34.31999969482422,34.400001525878906,34.029998779296875,34.22999954223633,24.821916580200195,846800
NWL,2014-09-15,34.16999816894531,34.560001373291016,34.13999938964844,34.43000030517578,24.966943740844727,968800
NWL,2014-09-16,34.459999084472656,34.66999816894531,34.209999084472656,34.5,25.017709732055664,1134700
NWL,2014-09-17,34.529998779296875,34.66999816894531,34.150001525878906,34.459999084472656,24.988693237304688,1217200
NWL,2014-09-18,34.43000030517578,34.630001068115234,34.220001220703125,34.470001220703125,24.99595069885254,1428200
NWL,2014-09-19,34.689998626708984,34.939998626708984,34.5099983215332,34.869998931884766,25.286006927490234,2714500
NWL,2014-09-22,34.939998626708984,35.25,34.7599983215332,34.90999984741211,25.315013885498047,2356100
NWL,2014-09-23,34.900001525878906,35.16999816894531,34.70000076293945,35.0099983215332,25.387535095214844,2790100
NWL,2014-09-24,34.560001373291016,34.970001220703125,34.470001220703125,34.66999816894531,25.140979766845703,2920300
NWL,2014-09-25,34.689998626708984,34.689998626708984,34.11000061035156,34.18000030517578,24.7856559753418,1244400
NWL,2014-09-26,34.220001220703125,34.2599983215332,33.97999954223633,34.20000076293945,24.800161361694336,1072000
NWL,2014-09-29,34.0,34.529998779296875,33.900001525878906,34.5099983215332,25.02495574951172,1394500
NWL,2014-09-30,34.5,34.56999969482422,34.27000045776367,34.40999984741211,24.95244598388672,1800700
NWL,2014-10-01,34.40999984741211,34.470001220703125,33.97999954223633,34.029998779296875,24.676881790161133,2057200
NWL,2014-10-02,34.15999984741211,34.29999923706055,33.720001220703125,34.060001373291016,24.698638916015625,1605600
NWL,2014-10-03,34.20000076293945,34.849998474121094,34.18000030517578,34.810001373291016,25.24249839782715,1779600
NWL,2014-10-06,35.040000915527344,35.04999923706055,34.56999969482422,34.75,25.19899559020996,1306100
NWL,2014-10-07,34.529998779296875,34.65999984741211,34.11000061035156,34.13999938964844,24.75665283203125,1711800
NWL,2014-10-08,34.099998474121094,34.54999923706055,33.83000183105469,34.540000915527344,25.04671669006348,1706300
NWL,2014-10-09,34.529998779296875,34.68000030517578,33.81999969482422,33.86000061035156,24.553611755371094,1394400
NWL,2014-10-10,33.93000030517578,34.060001373291016,33.61000061035156,33.650001525878906,24.40132713317871,2098600
NWL,2014-10-13,33.540000915527344,33.560001373291016,32.84000015258789,32.869998931884766,23.83570671081543,1581100
NWL,2014-10-14,33.0099983215332,33.459999084472656,32.83000183105469,32.869998931884766,23.83570671081543,1786000
NWL,2014-10-15,32.33000183105469,32.65999984741211,31.440000534057617,31.920000076293945,23.14681434631348,6057500
NWL,2014-10-16,31.26000022888184,32.13999938964844,31.13999938964844,31.96999931335449,23.183069229125977,3419600
NWL,2014-10-17,32.27000045776367,33.470001220703125,32.20000076293945,33.33000183105469,24.16927528381348,3061000
NWL,2014-10-20,33.310001373291016,33.70000076293945,33.15999984741211,33.65999984741211,24.4085750579834,892500
NWL,2014-10-21,33.88999938964844,34.599998474121094,33.790000915527344,34.58000183105469,25.07572364807129,1575100
NWL,2014-10-22,34.709999084472656,34.849998474121094,34.02000045776367,34.029998779296875,24.676881790161133,1361600
NWL,2014-10-23,34.43000030517578,34.84000015258789,34.38999938964844,34.4900016784668,25.01045799255371,1744600
NWL,2014-10-24,34.63999938964844,34.90999984741211,34.41999816894531,34.88999938964844,25.300521850585938,889900
NWL,2014-10-27,34.95000076293945,35.189998626708984,34.70000076293945,35.13999938964844,25.48180389404297,952000
NWL,2014-10-28,35.34000015258789,35.36000061035156,34.880001068115234,35.11000061035156,25.460044860839844,1323500
NWL,2014-10-29,35.060001373291016,35.209999084472656,34.56999969482422,35.029998779296875,25.402040481567383,1031600
NWL,2014-10-30,34.9900016784668,35.43000030517578,34.810001373291016,34.95000076293945,25.34402084350586,1888500
NWL,2014-10-31,34.81999969482422,34.959999084472656,32.810001373291016,33.33000183105469,24.16927528381348,6066600
NWL,2014-11-03,33.54999923706055,34.150001525878906,33.369998931884766,34.040000915527344,24.684131622314453,3910500
NWL,2014-11-04,33.900001525878906,34.04999923706055,33.619998931884766,33.79999923706055,24.510093688964844,2436600
NWL,2014-11-05,34.13999938964844,34.58000183105469,33.91999816894531,34.5,25.017709732055664,2196800
NWL,2014-11-06,34.61000061035156,34.88999938964844,34.380001068115234,34.720001220703125,25.17723846435547,1513800
NWL,2014-11-07,34.56999969482422,34.81999969482422,34.439998626708984,34.79999923706055,25.235240936279297,1598800
NWL,2014-11-10,34.70000076293945,35.130001068115234,34.59000015258789,34.86000061035156,25.278751373291016,1732700
NWL,2014-11-11,34.900001525878906,35.150001525878906,34.65999984741211,34.880001068115234,25.293262481689453,1526500
NWL,2014-11-12,34.810001373291016,34.93000030517578,34.529998779296875,34.61000061035156,25.09746551513672,1543400
NWL,2014-11-13,35.04999923706055,35.130001068115234,34.81999969482422,34.880001068115234,25.293262481689453,1477200
NWL,2014-11-14,34.81999969482422,34.91999816894531,34.66999816894531,34.83000183105469,25.257003784179688,1175900
NWL,2014-11-17,34.81999969482422,35.68000030517578,34.77000045776367,35.619998931884766,25.829877853393555,2133300
NWL,2014-11-18,35.63999938964844,35.75,35.43000030517578,35.47999954223633,25.728347778320312,1426800
NWL,2014-11-19,35.52000045776367,35.689998626708984,35.40999984741211,35.58000183105469,25.800870895385746,1560500
NWL,2014-11-20,35.47999954223633,35.77000045776367,35.380001068115234,35.66999816894531,25.866130828857425,1308400
NWL,2014-11-21,35.970001220703125,36.02999877929688,35.75,35.939998626708984,26.061920166015625,1299700
NWL,2014-11-24,35.959999084472656,36.16999816894531,35.83000183105469,36.119998931884766,26.19244766235352,1671200
NWL,2014-11-25,35.93000030517578,36.09000015258789,35.72999954223633,35.900001525878906,26.15601921081543,1524600
NWL,2014-11-26,35.880001068115234,36.060001373291016,35.849998474121094,36.0,26.228878021240234,1011400
NWL,2014-11-28,36.130001068115234,36.38999938964844,36.08000183105469,36.310001373291016,26.454734802246094,645100
NWL,2014-12-01,36.18999862670898,36.18999862670898,35.88999938964844,36.02000045776367,26.24345016479492,1122200
NWL,2014-12-02,36.08000183105469,36.22999954223633,35.63999938964844,36.0099983215332,26.23616409301757,1602700
NWL,2014-12-03,35.880001068115234,36.380001068115234,35.810001373291016,36.33000183105469,26.469310760498047,2698400
NWL,2014-12-04,36.22999954223633,36.27000045776367,36.02000045776367,36.18999862670898,26.367307662963867,912800
NWL,2014-12-05,36.2599983215332,36.65999984741211,36.09000015258789,36.630001068115234,26.687883377075195,1323300
NWL,2014-12-08,36.56999969482422,36.84999847412109,36.5099983215332,36.77000045776367,26.789884567260746,1916400
NWL,2014-12-09,36.27999877929688,36.400001525878906,35.81999969482422,36.34999847412109,26.4838809967041,2551100
NWL,2014-12-10,36.459999084472656,36.52999877929688,35.90999984741211,35.939998626708984,26.18516159057617,2205300
NWL,2014-12-11,35.349998474121094,36.040000915527344,35.08000183105469,35.36000061035156,25.762590408325195,2968100
NWL,2014-12-12,35.08000183105469,35.2400016784668,34.54999923706055,34.58000183105469,25.194299697875977,2592100
NWL,2014-12-15,34.720001220703125,34.95000076293945,34.439998626708984,34.779998779296875,25.340011596679688,2845400
NWL,2014-12-16,34.83000183105469,35.279998779296875,34.630001068115234,34.709999084472656,25.28901100158692,3165300
NWL,2014-12-17,34.70000076293945,35.90999984741211,34.63999938964844,35.869998931884766,26.13416862487793,2538200
NWL,2014-12-18,36.290000915527344,36.959999084472656,35.9900016784668,36.959999084472656,26.92831993103028,2402600
NWL,2014-12-19,37.119998931884766,37.459999084472656,36.970001220703125,37.290000915527344,27.16874885559082,3590400
NWL,2014-12-22,37.29999923706055,37.720001220703125,37.29999923706055,37.63999938964844,27.42375564575196,1332800
NWL,2014-12-23,37.900001525878906,38.209999084472656,37.84999847412109,38.0099983215332,27.693323135375977,1549300
NWL,2014-12-24,38.09000015258789,38.400001525878906,38.02999877929688,38.040000915527344,27.71518325805664,599200
NWL,2014-12-26,38.09000015258789,38.56999969482422,37.9900016784668,38.40999984741211,27.984764099121094,670100
NWL,2014-12-29,38.310001373291016,38.72999954223633,38.27999877929688,38.400001525878906,27.977474212646484,860100
NWL,2014-12-30,38.290000915527344,38.58000183105469,38.150001525878906,38.38999938964844,27.97018051147461,919500
NWL,2014-12-31,38.540000915527344,38.70000076293945,38.060001373291016,38.09000015258789,27.75161361694336,899700
NWL,2015-01-02,38.150001525878906,38.27000045776367,37.61000061035156,37.86000061035156,27.58403778076172,903900
NWL,2015-01-05,37.72999954223633,37.7400016784668,37.2599983215332,37.41999816894531,27.263458251953125,1158200
NWL,2015-01-06,37.34000015258789,37.4900016784668,36.68999862670898,36.77000045776367,26.789884567260746,2335800
NWL,2015-01-07,37.09000015258789,37.29999923706055,36.79999923706055,36.9900016784668,26.950178146362305,3781100
NWL,2015-01-08,37.15999984741211,37.86000061035156,37.08000183105469,37.84999847412109,27.576753616333008,2052400
NWL,2015-01-09,37.959999084472656,37.9900016784668,37.31999969482422,37.45000076293945,27.285320281982425,1251800
NWL,2015-01-12,37.52999877929688,37.58000183105469,37.08000183105469,37.27999877929688,27.16145896911621,936700
NWL,2015-01-13,37.54999923706055,38.06999969482422,37.06999969482422,37.540000915527344,27.35089111328125,1867100
NWL,2015-01-14,37.150001525878906,37.66999816894531,36.93999862670898,37.630001068115234,27.41646957397461,1727200
NWL,2015-01-15,37.72999954223633,38.22999954223633,37.43999862670898,37.77999877929688,27.525747299194336,2541400
NWL,2015-01-16,37.650001525878906,38.209999084472656,37.45000076293945,38.15999984741211,27.8026065826416,1415000
NWL,2015-01-20,38.13999938964844,38.40999984741211,37.4900016784668,37.95000076293945,27.649608612060547,1732000
NWL,2015-01-21,37.790000915527344,38.04999923706055,37.560001373291016,37.75,27.503894805908203,1456500
NWL,2015-01-22,38.0,38.27000045776367,37.75,38.09999847412109,27.75889587402344,2888600
NWL,2015-01-23,37.77000045776367,37.900001525878906,37.18999862670898,37.40999984741211,27.25618553161621,3036400
NWL,2015-01-26,37.38999938964844,38.04999923706055,37.27000045776367,38.02999877929688,27.707895278930664,1594400
NWL,2015-01-27,37.59000015258789,37.66999816894531,36.75,37.380001068115234,27.23432159423828,2397400
NWL,2015-01-28,37.619998931884766,37.68999862670898,37.209999084472656,37.27000045776367,27.1541805267334,1841900
NWL,2015-01-29,37.27999877929688,38.0,36.9900016784668,37.970001220703125,27.664182662963867,2984700
NWL,2015-01-30,38.09999847412109,38.77000045776367,36.79999923706055,36.869998931884766,26.86273765563965,4021700
NWL,2015-02-02,36.93999862670898,37.66999816894531,36.33000183105469,37.56999969482422,27.37274932861328,3420500
NWL,2015-02-03,37.68999862670898,38.18000030517578,37.34000015258789,38.119998931884766,27.77346420288086,2872000
NWL,2015-02-04,38.09999847412109,38.36000061035156,37.619998931884766,37.65999984741211,27.438325881958008,3356600
NWL,2015-02-05,37.81999969482422,38.02000045776367,37.68999862670898,37.95000076293945,27.649608612060547,1588600
NWL,2015-02-06,38.08000183105469,38.54999923706055,37.869998931884766,38.0,27.68603706359864,1925600
NWL,2015-02-09,37.77999877929688,37.84999847412109,37.540000915527344,37.650001525878906,27.43103790283203,1393400
NWL,2015-02-10,37.650001525878906,38.150001525878906,37.560001373291016,38.040000915527344,27.71518325805664,2054200
NWL,2015-02-11,38.0,38.79999923706055,37.9900016784668,38.68000030517578,28.18146705627441,1635000
NWL,2015-02-12,38.959999084472656,39.29999923706055,38.77000045776367,39.25,28.59677124023437,1997500
NWL,2015-02-13,39.2400016784668,39.58000183105469,39.04999923706055,39.56999969482422,28.829912185668945,1353800
NWL,2015-02-17,39.34000015258789,40.16999816894531,39.27999877929688,39.900001525878906,29.070337295532227,1696900
NWL,2015-02-18,39.880001068115234,40.369998931884766,39.86000061035156,40.209999084472656,29.296201705932617,1389500
NWL,2015-02-19,40.02999877929688,40.18999862670898,39.72999954223633,39.77000045776367,28.97563743591309,906500
NWL,2015-02-20,39.59999847412109,40.150001525878906,39.380001068115234,40.119998931884766,29.230632781982425,1287200
NWL,2015-02-23,40.0,40.11000061035156,39.75,39.9900016784668,29.135921478271484,883000
NWL,2015-02-24,39.93000030517578,40.04999923706055,39.70000076293945,39.84000015258789,29.02662849426269,1330100
NWL,2015-02-25,39.84999847412109,39.86000061035156,39.459999084472656,39.560001373291016,28.960731506347656,1405400
NWL,2015-02-26,39.61000061035156,39.81999969482422,39.43000030517578,39.58000183105469,28.975385665893555,998200
NWL,2015-02-27,39.61000061035156,39.83000183105469,39.27000045776367,39.290000915527344,28.763078689575195,1443800
NWL,2015-03-02,39.290000915527344,39.77999877929688,39.290000915527344,39.650001525878906,29.0266342163086,1425700
NWL,2015-03-03,39.45000076293945,39.5,39.209999084472656,39.38999938964844,28.836292266845703,1096200
NWL,2015-03-04,39.52000045776367,39.65999984741211,38.9900016784668,39.06999969482422,28.602022171020508,1229500
NWL,2015-03-05,39.18999862670898,39.380001068115234,39.09999847412109,39.34000015258789,28.7996826171875,827900
NWL,2015-03-06,39.2400016784668,39.27999877929688,38.470001220703125,38.54999923706055,28.22134780883789,1568500
NWL,2015-03-09,38.54999923706055,38.900001525878906,38.4900016784668,38.720001220703125,28.345796585083008,1181300
NWL,2015-03-10,38.41999816894531,38.41999816894531,37.84999847412109,38.0099983215332,27.82602882385254,1609400
NWL,2015-03-11,38.04999923706055,38.13999938964844,37.54999923706055,37.83000183105469,27.694259643554688,1490700
NWL,2015-03-12,38.0,38.43000030517578,38.0,38.43000030517578,28.133506774902344,1374300
NWL,2015-03-13,38.36000061035156,38.65999984741211,38.02000045776367,38.59999847412109,28.257951736450195,1530800
NWL,2015-03-16,38.709999084472656,39.25,38.66999816894531,38.97999954223633,28.53612899780273,1440300
NWL,2015-03-17,38.84999847412109,39.02000045776367,38.5,38.869998931884766,28.45561408996582,1677000
NWL,2015-03-18,38.88999938964844,39.63999938964844,38.68999862670898,39.40999984741211,28.850923538208008,1575600
NWL,2015-03-19,39.33000183105469,39.380001068115234,38.97999954223633,39.25,28.733806610107425,942800
NWL,2015-03-20,39.650001525878906,39.86000061035156,39.459999084472656,39.720001220703125,29.077878952026367,1666100
NWL,2015-03-23,39.63999938964844,39.83000183105469,39.459999084472656,39.459999084472656,28.88753318786621,924500
NWL,2015-03-24,39.380001068115234,39.75,39.29999923706055,39.369998931884766,28.8216495513916,890700
NWL,2015-03-25,39.5,39.56999969482422,38.959999084472656,39.08000183105469,28.609346389770508,1950100
NWL,2015-03-26,38.9900016784668,39.18000030517578,38.68000030517578,38.97999954223633,28.53612899780273,1410700
NWL,2015-03-27,38.880001068115234,39.130001068115234,38.66999816894531,39.060001373291016,28.594703674316406,921000
NWL,2015-03-30,39.310001373291016,39.68999862670898,39.29999923706055,39.470001220703125,28.894859313964844,874200
NWL,2015-03-31,39.34999847412109,39.56999969482422,39.040000915527344,39.06999969482422,28.602022171020508,1862200
NWL,2015-04-01,39.04999923706055,40.11000061035156,38.810001373291016,39.97999954223633,29.268213272094727,2315500
NWL,2015-04-02,40.02000045776367,40.310001373291016,39.720001220703125,40.209999084472656,29.43658828735352,1325600
NWL,2015-04-06,40.02000045776367,40.720001220703125,39.83000183105469,40.61000061035156,29.729421615600582,1375900
NWL,2015-04-07,40.59000015258789,40.72999954223633,40.09999847412109,40.09999847412109,29.356050491333008,1095000
NWL,2015-04-08,40.150001525878906,40.29999923706055,39.7400016784668,40.060001373291016,29.326780319213867,1331000
NWL,2015-04-09,39.970001220703125,40.13999938964844,39.70000076293945,39.9900016784668,29.275537490844727,1003400
NWL,2015-04-10,40.0,40.04999923706055,39.7400016784668,40.040000915527344,29.3121280670166,578700
NWL,2015-04-13,40.02000045776367,40.02999877929688,39.560001373291016,39.619998931884766,29.004663467407227,1267500
NWL,2015-04-14,39.619998931884766,39.88999938964844,39.27000045776367,39.619998931884766,29.004663467407227,1649200
NWL,2015-04-15,39.88999938964844,39.88999938964844,39.560001373291016,39.630001068115234,29.0119857788086,1465500
NWL,2015-04-16,39.5099983215332,39.68999862670898,39.02000045776367,39.310001373291016,28.777721405029297,1239900
NWL,2015-04-17,39.11000061035156,39.18999862670898,38.59000015258789,38.709999084472656,28.338472366333008,1231800
NWL,2015-04-20,38.9900016784668,39.119998931884766,38.83000183105469,39.09000015258789,28.61667823791504,1082800
NWL,2015-04-21,39.15999984741211,39.68000030517578,38.77000045776367,39.470001220703125,28.894859313964844,1397200
NWL,2015-04-22,39.58000183105469,39.59999847412109,39.18000030517578,39.4900016784668,28.90948867797852,1301100
NWL,2015-04-23,39.459999084472656,39.91999816894531,39.38999938964844,39.619998931884766,29.004663467407227,1205400
NWL,2015-04-24,39.650001525878906,39.7400016784668,39.41999816894531,39.540000915527344,28.946102142333984,779700
NWL,2015-04-27,39.720001220703125,39.77999877929688,39.27999877929688,39.369998931884766,28.8216495513916,880400
NWL,2015-04-28,39.38999938964844,39.38999938964844,38.84999847412109,39.15999984741211,28.667911529541016,1105400
NWL,2015-04-29,39.040000915527344,39.13999938964844,38.68000030517578,38.86000061035156,28.448291778564453,1384600
NWL,2015-04-30,38.79999923706055,38.93000030517578,37.95000076293945,38.130001068115234,27.913877487182617,2656800
NWL,2015-05-01,39.33000183105469,40.470001220703125,39.33000183105469,39.61000061035156,28.997344970703125,3741500
NWL,2015-05-04,39.7400016784668,39.93000030517578,39.09000015258789,39.18000030517578,28.68255615234375,2232000
NWL,2015-05-05,39.18000030517578,39.470001220703125,38.7400016784668,39.02999877929688,28.57274436950684,1960300
NWL,2015-05-06,39.290000915527344,39.43000030517578,38.52999877929688,38.83000183105469,28.426332473754883,1655100
NWL,2015-05-07,38.86000061035156,39.66999816894531,38.83000183105469,39.27999877929688,28.755765914916992,1485300
NWL,2015-05-08,39.68000030517578,40.11000061035156,39.68000030517578,40.040000915527344,29.3121280670166,2083400
NWL,2015-05-11,40.13999938964844,40.45000076293945,40.060001373291016,40.06999969482422,29.334095001220703,1393100
NWL,2015-05-12,39.83000183105469,40.060001373291016,39.720001220703125,39.900001525878906,29.209640502929688,972500
NWL,2015-05-13,40.02000045776367,40.09000015258789,39.52999877929688,39.540000915527344,28.946102142333984,1154200
NWL,2015-05-14,39.77999877929688,40.209999084472656,39.68000030517578,40.02000045776367,29.297483444213867,1568400
NWL,2015-05-15,40.150001525878906,40.18999862670898,39.77000045776367,40.08000183105469,29.341413497924805,1317400
NWL,2015-05-18,40.09999847412109,40.34000015258789,40.0,40.0099983215332,29.29017639160156,1207000
NWL,2015-05-19,40.0099983215332,40.40999984741211,39.93999862670898,40.2400016784668,29.45855140686035,1373800
NWL,2015-05-20,40.22999954223633,40.47999954223633,40.04999923706055,40.060001373291016,29.326780319213867,871800
NWL,2015-05-21,39.97999954223633,40.40999984741211,39.97999954223633,40.2400016784668,29.45855140686035,1464100
NWL,2015-05-22,40.16999816894531,40.27999877929688,40.040000915527344,40.06999969482422,29.334095001220703,534500
NWL,2015-05-26,40.0099983215332,40.150001525878906,39.34999847412109,39.52000045776367,28.93146133422852,1163700
NWL,2015-05-27,39.34999847412109,40.02999877929688,39.31999969482422,39.970001220703125,29.40225601196289,1125200
NWL,2015-05-28,39.970001220703125,40.08000183105469,39.77000045776367,39.84000015258789,29.306617736816406,2174000
NWL,2015-05-29,39.720001220703125,39.91999816894531,39.38999938964844,39.52999877929688,29.078575134277344,2556400
NWL,2015-06-01,39.59999847412109,39.81999969482422,39.29999923706055,39.61000061035156,29.13742446899414,1148200
NWL,2015-06-02,39.369998931884766,39.630001068115234,39.13999938964844,39.619998931884766,29.14478302001953,2024800
NWL,2015-06-03,39.93000030517578,40.220001220703125,39.66999816894531,40.209999084472656,29.57879638671875,1603000
NWL,2015-06-04,40.02000045776367,40.25,39.84000015258789,40.15999984741211,29.54201316833496,1384700
NWL,2015-06-05,39.970001220703125,40.150001525878906,39.66999816894531,40.02000045776367,29.43902587890625,2616200
NWL,2015-06-08,40.209999084472656,40.31999969482422,40.0099983215332,40.18000030517578,29.55673599243164,1649300
NWL,2015-06-09,40.06999969482422,40.77000045776367,40.06999969482422,40.43000030517578,29.740619659423828,2329900
NWL,2015-06-10,40.56999969482422,41.08000183105469,40.43000030517578,41.08000183105469,30.2187728881836,2179100
NWL,2015-06-11,41.20000076293945,41.2599983215332,40.95000076293945,41.25,30.343828201293945,1438900
NWL,2015-06-12,41.04999923706055,41.33000183105469,40.97999954223633,41.150001525878906,30.270267486572266,1754700
NWL,2015-06-15,40.810001373291016,41.02000045776367,40.43999862670898,40.59999847412109,29.86568260192871,1891700
NWL,2015-06-16,40.52000045776367,41.09999847412109,40.4900016784668,41.09000015258789,30.22613906860352,1856400
NWL,2015-06-17,41.22999954223633,41.34000015258789,40.97999954223633,41.220001220703125,30.32176399230957,1453300
NWL,2015-06-18,41.27000045776367,41.9900016784668,41.22999954223633,41.619998931884766,30.616004943847656,1575400
NWL,2015-06-19,41.4900016784668,41.83000183105469,41.43000030517578,41.68000030517578,30.660140991210938,1691700
NWL,2015-06-22,41.81999969482422,41.93000030517578,41.63999938964844,41.81999969482422,30.763124465942383,1450600
NWL,2015-06-23,41.959999084472656,42.0,41.619998931884766,41.63999938964844,30.63071250915528,817800
NWL,2015-06-24,41.65999984741211,41.77000045776367,41.380001068115234,41.5099983215332,30.535076141357425,1410100
NWL,2015-06-25,41.59000015258789,41.68999862670898,41.33000183105469,41.34999847412109,30.417388916015625,1058900
NWL,2015-06-26,41.52000045776367,41.52999877929688,41.18999862670898,41.369998931884766,30.432098388671875,1490800
NWL,2015-06-29,41.09999847412109,41.34999847412109,40.65999984741211,40.70000076293945,29.939245223999023,1666900
NWL,2015-06-30,41.02999877929688,41.27999877929688,40.84999847412109,41.11000061035156,30.240835189819336,2255100
NWL,2015-07-01,41.4900016784668,41.58000183105469,41.02999877929688,41.310001373291016,30.3879623413086,1690400
NWL,2015-07-02,41.459999084472656,41.52999877929688,40.7599983215332,40.93000030517578,30.108434677124023,1319400
NWL,2015-07-06,40.52000045776367,41.0099983215332,40.40999984741211,40.630001068115234,29.88775062561035,1853700
NWL,2015-07-07,40.75,41.0099983215332,40.15999984741211,41.0,30.15992546081543,1251400
NWL,2015-07-08,40.75,40.900001525878906,40.29999923706055,40.43000030517578,29.740619659423828,1338400
NWL,2015-07-09,40.86000061035156,40.959999084472656,40.38999938964844,40.720001220703125,29.953947067260746,1450200
NWL,2015-07-10,41.27999877929688,42.040000915527344,41.2599983215332,41.83000183105469,30.770490646362305,2269300
NWL,2015-07-13,42.310001373291016,42.61000061035156,42.09999847412109,42.5,31.26332664489746,2623100
NWL,2015-07-14,42.5,42.61000061035156,42.06999969482422,42.25,31.07943153381348,1172600
NWL,2015-07-15,42.18999862670898,42.18999862670898,41.84000015258789,41.90999984741211,30.82933235168457,1089800
NWL,2015-07-16,42.20000076293945,42.20000076293945,41.75,42.02999877929688,30.9175968170166,1072800
NWL,2015-07-17,41.97999954223633,42.02999877929688,41.540000915527344,41.720001220703125,30.689558029174805,871500
NWL,2015-07-20,41.869998931884766,42.119998931884766,41.810001373291016,42.02999877929688,30.9175968170166,1018800
NWL,2015-07-21,42.06999969482422,42.150001525878906,41.77999877929688,41.91999816894531,30.836673736572266,1055500
NWL,2015-07-22,41.93999862670898,42.22999954223633,41.84000015258789,41.95000076293945,30.858755111694336,1065500
NWL,2015-07-23,42.09999847412109,42.2400016784668,41.86000061035156,41.9900016784668,30.88817405700684,1145300
NWL,2015-07-24,42.02999877929688,42.040000915527344,41.40999984741211,41.54999923706055,30.56450843811035,1260200
NWL,2015-07-27,41.34000015258789,41.560001373291016,40.97999954223633,41.16999816894531,30.28497886657715,1547800
NWL,2015-07-28,41.369998931884766,41.93999862670898,41.09999847412109,41.90999984741211,30.82933235168457,1376600
NWL,2015-07-29,41.90999984741211,42.40999984741211,41.75,42.310001373291016,31.12357521057129,1275500
NWL,2015-07-30,42.09000015258789,42.84999847412109,41.81999969482422,42.79999923706055,31.48402404785156,2061600
NWL,2015-07-31,43.79999923706055,44.0,42.790000915527344,43.27999877929688,31.83711624145508,2328500
NWL,2015-08-03,43.459999084472656,43.77000045776367,43.02999877929688,43.470001220703125,31.976879119873047,1575300
NWL,2015-08-04,43.52999877929688,43.959999084472656,43.380001068115234,43.86000061035156,32.26374816894531,1457000
NWL,2015-08-05,44.08000183105469,44.220001220703125,43.869998931884766,44.0099983215332,32.37409973144531,1057600
NWL,2015-08-06,44.08000183105469,44.08000183105469,43.09999847412109,43.2400016784668,31.807674407958984,1936900
NWL,2015-08-07,43.209999084472656,43.310001373291016,42.91999816894531,43.2400016784668,31.807674407958984,1172700
NWL,2015-08-10,43.56999969482422,43.84000015258789,43.540000915527344,43.65999984741211,32.11663818359375,864800
NWL,2015-08-11,43.369998931884766,43.38999938964844,42.91999816894531,43.18000030517578,31.763545989990234,1047400
NWL,2015-08-12,42.869998931884766,42.97999954223633,42.15999984741211,42.90999984741211,31.564929962158203,1538700
NWL,2015-08-13,43.060001373291016,43.40999984741211,42.869998931884766,43.220001220703125,31.79296875,671000
NWL,2015-08-14,43.31999969482422,43.54999923706055,43.0,43.5,31.998937606811523,643800
NWL,2015-08-17,43.2400016784668,43.9900016784668,43.02000045776367,43.970001220703125,32.34468460083008,909900
NWL,2015-08-18,44.16999816894531,44.5099983215332,43.9900016784668,44.459999084472656,32.70513916015625,1400100
NWL,2015-08-19,44.09999847412109,44.400001525878906,43.79999923706055,44.119998931884766,32.455013275146484,1734000
NWL,2015-08-20,43.68000030517578,43.77999877929688,43.18000030517578,43.209999084472656,31.78561210632324,1986600
NWL,2015-08-21,42.900001525878906,42.97999954223633,41.97999954223633,42.02999877929688,30.9175968170166,1631800
NWL,2015-08-24,39.709999084472656,41.04999923706055,39.310001373291016,39.970001220703125,29.40225601196289,3304000
NWL,2015-08-25,40.84000015258789,41.060001373291016,39.380001068115234,39.40999984741211,28.99030494689941,1807100
NWL,2015-08-26,40.369998931884766,41.11000061035156,39.59999847412109,40.97999954223633,30.14520263671875,2510100
NWL,2015-08-27,41.400001525878906,41.84999847412109,41.0099983215332,41.84999847412109,30.928585052490234,2105600
NWL,2015-08-28,41.7599983215332,41.95000076293945,41.41999816894531,41.65999984741211,30.78816604614257,1537300
NWL,2015-08-31,41.52000045776367,42.34000015258789,41.25,42.130001068115234,31.135517120361328,2843600
NWL,2015-09-01,41.209999084472656,41.5099983215332,40.470001220703125,40.68999862670898,30.071304321289062,1850700
NWL,2015-09-02,41.38999938964844,41.59000015258789,40.7599983215332,41.59000015258789,30.736440658569336,2196200
NWL,2015-09-03,41.86000061035156,42.560001373291016,41.630001068115234,41.959999084472656,31.00989151000977,1541900
NWL,2015-09-04,41.25,41.93999862670898,41.119998931884766,41.72999954223633,30.83991050720215,2313000
NWL,2015-09-08,43.13999938964844,43.75,42.959999084472656,43.56999969482422,32.19973373413086,2710600
NWL,2015-09-09,44.150001525878906,44.29999923706055,42.369998931884766,42.43999862670898,31.3646183013916,2507800
NWL,2015-09-10,42.56999969482422,42.56999969482422,41.900001525878906,42.13999938964844,31.142900466918945,2194100
NWL,2015-09-11,42.0,42.540000915527344,41.7400016784668,42.540000915527344,31.438526153564453,1320000
NWL,2015-09-14,42.540000915527344,42.58000183105469,42.09999847412109,42.25,31.22420310974121,1031000
NWL,2015-09-15,42.34999847412109,42.77999877929688,42.02000045776367,42.5,31.4089584350586,1352000
NWL,2015-09-16,42.5,42.9900016784668,42.2599983215332,42.91999816894531,31.719356536865234,2013700
NWL,2015-09-17,42.970001220703125,43.540000915527344,42.77999877929688,42.900001525878906,31.704572677612305,1418000
NWL,2015-09-18,42.290000915527344,42.7400016784668,41.959999084472656,42.040000915527344,31.06900787353516,1862600
NWL,2015-09-21,42.150001525878906,42.41999816894531,41.88999938964844,42.16999816894531,31.165084838867188,1461400
NWL,2015-09-22,41.56999969482422,41.77999877929688,41.22999954223633,41.380001068115234,30.581241607666016,1538600
NWL,2015-09-23,41.31999969482422,41.4900016784668,40.93999862670898,41.02999877929688,30.322582244873047,1864300
NWL,2015-09-24,40.59000015258789,40.77999877929688,40.0,40.470001220703125,29.908721923828125,2403500
NWL,2015-09-25,40.81999969482422,41.09999847412109,40.5,40.68000030517578,30.06391906738281,1540300
NWL,2015-09-28,40.4900016784668,40.79999923706055,39.209999084472656,39.2400016784668,28.99971580505371,2721000
NWL,2015-09-29,39.06999969482422,39.33000183105469,38.16999816894531,38.560001373291016,28.497163772583008,5161100
NWL,2015-09-30,39.09999847412109,39.75,39.08000183105469,39.709999084472656,29.347068786621094,3045500
NWL,2015-10-01,40.08000183105469,40.54999923706055,39.38999938964844,40.290000915527344,29.775697708129883,4484800
NWL,2015-10-02,39.93000030517578,40.66999816894531,39.43000030517578,40.61000061035156,30.012184143066406,2936200
NWL,2015-10-05,40.93999862670898,41.7599983215332,40.63999938964844,41.59000015258789,30.736440658569336,3227100
NWL,2015-10-06,41.52999877929688,41.65999984741211,40.58000183105469,40.93999862670898,30.25607109069824,2628700
NWL,2015-10-07,41.060001373291016,41.70000076293945,40.84999847412109,41.65999984741211,30.78816604614257,1910800
NWL,2015-10-08,41.52000045776367,42.5,41.369998931884766,42.41999816894531,31.349834442138672,1674900
NWL,2015-10-09,42.41999816894531,42.619998931884766,42.0099983215332,42.220001220703125,31.20203018188477,1772800
NWL,2015-10-12,42.16999816894531,42.59999847412109,42.060001373291016,42.54999923706055,31.44590759277344,1409100
NWL,2015-10-13,42.27999877929688,42.650001525878906,42.15999984741211,42.2599983215332,31.231584548950195,1224000
NWL,2015-10-14,42.27999877929688,42.63999938964844,41.65999984741211,42.33000183105469,31.283327102661133,1779700
NWL,2015-10-15,42.45000076293945,42.5,41.95000076293945,42.41999816894531,31.349834442138672,1692900
NWL,2015-10-16,42.380001068115234,42.88999938964844,41.9900016784668,42.81999969482422,31.64545440673828,1242700
NWL,2015-10-19,42.68999862670898,43.119998931884766,42.52000045776367,42.720001220703125,31.57155036926269,1380800
NWL,2015-10-20,42.59000015258789,42.84000015258789,42.31999969482422,42.4900016784668,31.40156555175781,1434600
NWL,2015-10-21,42.65999984741211,42.77999877929688,41.77000045776367,42.34000015258789,31.29071617126465,1733000
NWL,2015-10-22,42.61000061035156,43.4900016784668,42.38999938964844,42.90999984741211,31.71196174621582,3133500
NWL,2015-10-23,43.38999938964844,43.40999984741211,42.7599983215332,42.95000076293945,31.74152565002441,2409700
NWL,2015-10-26,42.959999084472656,43.5,42.79999923706055,43.38999938964844,32.06670379638672,1689300
NWL,2015-10-27,43.18000030517578,43.459999084472656,42.97999954223633,43.2599983215332,31.970623016357425,1557400
NWL,2015-10-28,43.400001525878906,43.900001525878906,43.11000061035156,43.720001220703125,32.31058120727539,1372700
NWL,2015-10-29,43.47999954223633,43.59000015258789,43.0,43.27999877929688,31.985401153564453,2127700
NWL,2015-10-30,41.5099983215332,43.0099983215332,41.400001525878906,42.43000030517578,31.35723114013672,3949900
NWL,2015-11-02,42.540000915527344,43.7599983215332,42.38999938964844,43.709999084472656,32.303199768066406,2091600
NWL,2015-11-03,43.68000030517578,44.209999084472656,43.5099983215332,43.970001220703125,32.49534225463867,2728000
NWL,2015-11-04,44.0,44.22999954223633,43.560001373291016,43.91999816894531,32.45838928222656,1729900
NWL,2015-11-05,44.040000915527344,44.09999847412109,43.45000076293945,43.84999847412109,32.406646728515625,1653600
NWL,2015-11-06,43.75,44.36000061035156,43.72999954223633,44.25,32.702266693115234,2286000
NWL,2015-11-09,44.04999923706055,44.22999954223633,43.400001525878906,43.79999923706055,32.36969757080078,3026400
NWL,2015-11-10,43.70000076293945,44.34000015258789,43.63999938964844,44.18000030517578,32.650535583496094,1644600
NWL,2015-11-11,44.33000183105469,44.9900016784668,44.11000061035156,44.97999954223633,33.24176788330078,2368400
NWL,2015-11-12,44.47999954223633,44.72999954223633,44.209999084472656,44.220001220703125,32.68009948730469,2459100
NWL,2015-11-13,44.150001525878906,44.22999954223633,42.630001068115234,42.68000030517578,31.54198455810547,2464300
NWL,2015-11-16,42.560001373291016,43.27000045776367,42.43000030517578,43.2400016784668,31.95584297180176,1609500
NWL,2015-11-17,43.459999084472656,44.06999969482422,43.22999954223633,43.43000030517578,32.09625244140625,1523500
NWL,2015-11-18,43.47999954223633,44.16999816894531,43.18000030517578,44.09999847412109,32.59142303466797,1187400
NWL,2015-11-19,44.20000076293945,44.369998931884766,43.7400016784668,43.93000030517578,32.46577835083008,1299500
NWL,2015-11-20,44.20000076293945,44.41999816894531,43.970001220703125,44.40999984741211,32.82051467895508,1334800
NWL,2015-11-23,44.369998931884766,44.93999862670898,44.36000061035156,44.75,33.0717887878418,824000
NWL,2015-11-24,44.38999938964844,44.810001373291016,44.310001373291016,44.68999862670898,33.02743911743164,1021800
NWL,2015-11-25,44.56999969482422,44.84000015258789,44.27999877929688,44.540000915527344,33.05714416503906,1002000
NWL,2015-11-27,44.5099983215332,44.7599983215332,44.400001525878906,44.619998931884766,33.11650466918945,401700
NWL,2015-11-30,44.56999969482422,44.709999084472656,44.25,44.65999984741211,33.14619827270508,1767100
NWL,2015-12-01,44.83000183105469,45.540000915527344,44.66999816894531,45.5099983215332,33.77704620361328,1805100
NWL,2015-12-02,45.5,45.58000183105469,44.45000076293945,44.63999938964844,33.131351470947266,2033700
NWL,2015-12-03,44.900001525878906,44.900001525878906,43.52000045776367,43.79999923706055,32.507911682128906,1997500
NWL,2015-12-04,43.97999954223633,44.88999938964844,43.84999847412109,44.83000183105469,33.27237319946289,1666400
NWL,2015-12-07,44.66999816894531,50.900001525878906,43.95000076293945,48.15999984741211,35.74386215209961,7264600
NWL,2015-12-08,48.2400016784668,48.380001068115234,45.52999877929688,46.95000076293945,34.84580612182617,7509100
NWL,2015-12-09,46.56999969482422,47.540000915527344,45.79999923706055,46.52000045776367,34.52667617797852,4709000
NWL,2015-12-10,46.58000183105469,48.18000030517578,46.47999954223633,47.220001220703125,35.04619216918945,4560800
NWL,2015-12-11,46.68999862670898,46.68999862670898,45.08000183105469,45.27999877929688,33.606353759765625,2253700
NWL,2015-12-14,41.630001068115234,43.54999923706055,40.119998931884766,42.150001525878906,31.28330039978028,24933300
NWL,2015-12-15,42.61000061035156,44.47999954223633,42.400001525878906,44.130001068115234,32.75282669067383,20325200
NWL,2015-12-16,44.97999954223633,45.869998931884766,43.90999984741211,45.18000030517578,33.53213882446289,10678200
NWL,2015-12-17,45.33000183105469,45.43000030517578,44.040000915527344,44.81999969482422,33.26493835449219,6693900
NWL,2015-12-18,44.56999969482422,45.02999877929688,44.11000061035156,44.709999084472656,33.183311462402344,5537000
NWL,2015-12-21,44.93999862670898,45.09000015258789,44.43000030517578,44.79999923706055,33.250091552734375,2704700
NWL,2015-12-22,44.83000183105469,44.93999862670898,43.470001220703125,44.43000030517578,32.97550201416016,4641200
NWL,2015-12-23,44.66999816894531,44.7599983215332,43.68000030517578,44.27000045776367,32.85673904418945,4498100
NWL,2015-12-24,44.150001525878906,44.310001373291016,43.52999877929688,43.61000061035156,32.36689758300781,1184500
NWL,2015-12-28,43.61000061035156,44.400001525878906,43.16999816894531,44.369998931884766,32.93095397949219,2934600
NWL,2015-12-29,44.58000183105469,44.7599983215332,43.90999984741211,44.2400016784668,32.8344841003418,3038300
NWL,2015-12-30,44.290000915527344,44.290000915527344,43.7400016784668,43.75,32.470802307128906,1795900
NWL,2015-12-31,43.630001068115234,44.630001068115234,43.41999816894531,44.08000183105469,32.71572494506836,2155000
NWL,2016-01-04,43.310001373291016,43.56999969482422,42.470001220703125,43.43999862670898,32.240718841552734,5525900
NWL,2016-01-05,43.459999084472656,43.83000183105469,43.02999877929688,43.41999816894531,32.22588348388672,3693100
NWL,2016-01-06,42.77000045776367,42.970001220703125,41.77999877929688,42.220001220703125,31.335243225097656,5857700
NWL,2016-01-07,41.619998931884766,41.619998931884766,40.150001525878906,40.33000183105469,29.93252182006836,6087500
NWL,2016-01-08,40.790000915527344,40.790000915527344,39.27999877929688,39.380001068115234,29.227439880371094,5811000
NWL,2016-01-11,39.40999984741211,39.7400016784668,38.43000030517578,39.34999847412109,29.20516967773437,5387200
NWL,2016-01-12,39.810001373291016,40.04999923706055,38.869998931884766,39.970001220703125,29.665332794189453,3923000
NWL,2016-01-13,40.150001525878906,40.77999877929688,37.93000030517578,37.970001220703125,28.180944442749023,7430300
NWL,2016-01-14,37.61000061035156,38.040000915527344,36.880001068115234,37.47999954223633,27.817270278930664,8768300
NWL,2016-01-15,36.369998931884766,37.18999862670898,36.09999847412109,37.130001068115234,27.5575008392334,6538600
NWL,2016-01-19,37.68000030517578,37.84000015258789,35.630001068115234,36.20000076293945,26.86726760864257,5970700
NWL,2016-01-20,35.58000183105469,36.43000030517578,34.5,36.06999969482422,26.77078628540039,8847100
NWL,2016-01-21,36.18000030517578,37.4900016784668,35.630001068115234,36.84999847412109,27.34969139099121,7980800
NWL,2016-01-22,37.38999938964844,37.79999923706055,36.59000015258789,36.970001220703125,27.438758850097656,3676100
NWL,2016-01-25,36.79999923706055,37.47999954223633,36.66999816894531,37.130001068115234,27.5575008392334,5988300
NWL,2016-01-26,37.220001220703125,38.2400016784668,37.11000061035156,38.18000030517578,28.33680725097656,5461300
NWL,2016-01-27,37.91999816894531,38.310001373291016,36.959999084472656,37.150001525878906,27.57235145568848,5122700
NWL,2016-01-28,37.34999847412109,37.77000045776367,36.52000045776367,37.5099983215332,27.839534759521484,6026200
NWL,2016-01-29,37.2400016784668,38.84000015258789,37.0,38.77999877929688,28.782114028930664,9700900
NWL,2016-02-01,39.18000030517578,39.41999816894531,38.47999954223633,39.0099983215332,28.95281791687012,8183300
NWL,2016-02-02,38.380001068115234,38.5099983215332,37.060001373291016,37.25,27.64656448364257,5731000
NWL,2016-02-03,37.650001525878906,37.709999084472656,35.470001220703125,36.22999954223633,26.88954162597656,6553900
NWL,2016-02-04,36.209999084472656,37.56999969482422,36.04999923706055,37.52000045776367,27.846961975097656,6034400
NWL,2016-02-05,37.310001373291016,37.61000061035156,36.38999938964844,36.43000030517578,27.037981033325195,7357000
NWL,2016-02-08,36.04999923706055,36.119998931884766,33.77000045776367,34.2599983215332,25.42741775512696,9930400
NWL,2016-02-09,33.91999816894531,34.70000076293945,33.43000030517578,34.27000045776367,25.434839248657227,8404600
NWL,2016-02-10,34.54999923706055,35.2400016784668,34.29999923706055,34.869998931884766,25.88015937805176,3657400
NWL,2016-02-11,34.02000045776367,34.52000045776367,33.2599983215332,33.7599983215332,25.05632209777832,4834700
NWL,2016-02-12,33.7599983215332,34.810001373291016,33.41999816894531,34.790000915527344,25.820789337158203,4006900
NWL,2016-02-16,35.27000045776367,36.09999847412109,34.84000015258789,36.0,26.71883010864257,4754300
NWL,2016-02-17,36.130001068115234,37.79999923706055,36.02999877929688,37.43000030517578,27.780160903930664,6600900
NWL,2016-02-18,37.29999923706055,37.54999923706055,36.88999938964844,37.5,27.832120895385746,4634700
NWL,2016-02-19,37.43999862670898,37.58000183105469,36.84999847412109,37.459999084472656,27.802425384521484,3507900
NWL,2016-02-22,37.970001220703125,38.79999923706055,37.88999938964844,38.11000061035156,28.284854888916016,3529700
NWL,2016-02-23,37.81999969482422,38.09999847412109,37.52000045776367,37.869998931884766,28.106727600097656,3719900
NWL,2016-02-24,37.5,37.86000061035156,37.08000183105469,37.7400016784668,28.0102481842041,2755300
NWL,2016-02-25,37.52999877929688,38.040000915527344,36.720001220703125,37.869998931884766,28.248947143554688,5487100
NWL,2016-02-26,37.93000030517578,39.18000030517578,37.900001525878906,38.66999816894531,28.84569931030273,6248200
NWL,2016-02-29,38.52000045776367,38.91999816894531,37.83000183105469,38.0099983215332,28.35338020324707,4834000
NWL,2016-03-01,38.33000183105469,39.68000030517578,37.959999084472656,39.5099983215332,29.4722957611084,4079100
NWL,2016-03-02,39.41999816894531,40.400001525878906,39.15999984741211,40.310001373291016,30.06904983520508,4569800
NWL,2016-03-03,40.369998931884766,41.29999923706055,40.060001373291016,41.27999877929688,30.792625427246094,5540900
NWL,2016-03-04,41.29999923706055,42.09000015258789,40.79999923706055,40.97999954223633,30.56884002685547,5515800
NWL,2016-03-07,40.90999984741211,40.90999984741211,39.38999938964844,39.59000015258789,29.531959533691406,5212400
NWL,2016-03-08,39.22999954223633,39.22999954223633,38.13999938964844,38.70000076293945,28.868078231811523,4901200
NWL,2016-03-09,38.97999954223633,39.869998931884766,38.81999969482422,39.84999847412109,29.725923538208008,6918600
NWL,2016-03-10,40.15999984741211,40.15999984741211,39.04999923706055,39.79999923706055,29.688621520996094,4870900
NWL,2016-03-11,40.25,41.209999084472656,40.060001373291016,41.15999984741211,30.70310401916504,6646900
NWL,2016-03-14,40.970001220703125,41.33000183105469,40.70000076293945,41.27000045776367,30.78516960144043,3257100
NWL,2016-03-15,40.970001220703125,41.540000915527344,40.70000076293945,41.369998931884766,30.859760284423828,3050800
NWL,2016-03-16,41.18999862670898,42.38999938964844,41.040000915527344,42.15999984741211,31.44905662536621,4891200
NWL,2016-03-17,42.130001068115234,42.970001220703125,41.790000915527344,42.630001068115234,31.79964065551757,4164200
NWL,2016-03-18,42.68000030517578,44.060001373291016,42.58000183105469,42.97999954223633,32.060726165771484,5624800
NWL,2016-03-21,43.02000045776367,43.540000915527344,42.58000183105469,43.16999816894531,32.20245742797852,4825600
NWL,2016-03-22,42.84000015258789,43.61000061035156,42.68999862670898,43.27000045776367,32.27705001831055,3001800
NWL,2016-03-23,43.060001373291016,43.36000061035156,42.810001373291016,43.09000015258789,32.14278030395508,4835000
NWL,2016-03-24,42.79999923706055,43.470001220703125,42.720001220703125,42.97999954223633,32.060726165771484,3828800
NWL,2016-03-28,42.959999084472656,43.83000183105469,42.790000915527344,43.810001373291016,32.67985534667969,3341200
NWL,2016-03-29,43.93999862670898,44.97999954223633,43.7599983215332,44.95000076293945,33.530235290527344,5077800
NWL,2016-03-30,45.08000183105469,45.56999969482422,44.29999923706055,44.369998931884766,33.09758377075195,8074800
NWL,2016-03-31,44.43999862670898,44.59999847412109,44.15999984741211,44.290000915527344,33.03791427612305,6020500
NWL,2016-04-01,43.86000061035156,45.56999969482422,43.7599983215332,45.540000915527344,33.9703369140625,6709300
NWL,2016-04-04,45.540000915527344,45.56999969482422,45.06999969482422,45.36000061035156,33.8360710144043,5755900
NWL,2016-04-05,44.90999984741211,45.18999862670898,44.58000183105469,44.77000045776367,33.395973205566406,5218800
NWL,2016-04-06,44.869998931884766,44.97999954223633,44.470001220703125,44.630001068115234,33.291534423828125,5864400
NWL,2016-04-07,44.25,44.27000045776367,43.40999984741211,43.84000015258789,32.702239990234375,11054000
NWL,2016-04-08,44.2400016784668,44.7400016784668,43.56999969482422,43.84000015258789,32.702239990234375,6082500
NWL,2016-04-11,43.970001220703125,44.58000183105469,43.7400016784668,43.7599983215332,32.64255142211914,4761800
NWL,2016-04-12,43.93999862670898,43.97999954223633,43.11000061035156,43.810001373291016,32.67985534667969,5061700
NWL,2016-04-13,44.2400016784668,44.66999816894531,43.970001220703125,44.54999923706055,33.23186492919922,4808000
NWL,2016-04-14,44.41999816894531,44.650001525878906,43.88999938964844,44.18999862670898,32.96332550048828,6431600
NWL,2016-04-15,44.25,44.7400016784668,43.66999816894531,44.33000183105469,33.0677490234375,42417300
NWL,2016-04-18,44.0,45.18999862670898,44.0,44.84999847412109,33.45563888549805,10003000
NWL,2016-04-19,44.95000076293945,45.11000061035156,44.15999984741211,44.869998931884766,33.47056198120117,8251900
NWL,2016-04-20,44.91999816894531,45.0,44.43000030517578,44.619998931884766,33.28407287597656,5954200
NWL,2016-04-21,44.59999847412109,44.869998931884766,44.33000183105469,44.47999954223633,33.17964172363281,4252600
NWL,2016-04-22,44.27999877929688,45.0,44.060001373291016,44.36000061035156,33.09013366699219,3268500
NWL,2016-04-25,44.36000061035156,44.43000030517578,43.900001525878906,44.040000915527344,32.8514289855957,4556500
NWL,2016-04-26,44.08000183105469,44.630001068115234,43.9900016784668,44.38999938964844,33.11249923706055,5065500
NWL,2016-04-27,44.459999084472656,44.720001220703125,44.11000061035156,44.56999969482422,33.24677658081055,5450100
NWL,2016-04-28,44.2400016784668,44.31999969482422,43.20000076293945,43.41999816894531,32.388946533203125,5722500
NWL,2016-04-29,45.88999938964844,46.900001525878906,44.959999084472656,45.540000915527344,33.9703369140625,14456700
NWL,2016-05-02,46.209999084472656,47.400001525878906,45.84000015258789,47.18000030517578,35.193687438964844,8044400
NWL,2016-05-03,46.810001373291016,47.11000061035156,46.47999954223633,46.61000061035156,34.76850128173828,5685100
NWL,2016-05-04,46.34000015258789,46.810001373291016,46.06999969482422,46.68000030517578,34.82072448730469,3541500
NWL,2016-05-05,46.630001068115234,47.20000076293945,46.40999984741211,46.90999984741211,34.99229431152344,5608600
NWL,2016-05-06,46.75,47.060001373291016,46.40999984741211,47.040000915527344,35.08925247192383,5507300
NWL,2016-05-09,47.18999862670898,47.9900016784668,47.18999862670898,47.81999969482422,35.671104431152344,5135600
NWL,2016-05-10,47.97999954223633,49.18000030517578,47.81999969482422,49.16999816894531,36.67812347412109,6567500
NWL,2016-05-11,49.09000015258789,49.09000015258789,48.290000915527344,48.40999984741211,36.11119842529297,5693000
NWL,2016-05-12,48.59999847412109,48.7400016784668,48.2599983215332,48.540000915527344,36.20818710327149,3699400
NWL,2016-05-13,48.54999923706055,48.790000915527344,47.060001373291016,47.4900016784668,35.42494201660156,6597600
NWL,2016-05-16,47.58000183105469,48.08000183105469,47.40999984741211,47.93999862670898,35.7606086730957,3872000
NWL,2016-05-17,47.95000076293945,48.209999084472656,47.290000915527344,47.5,35.432395935058594,4522400
NWL,2016-05-18,47.2599983215332,47.459999084472656,46.56999969482422,47.119998931884766,35.14895248413086,5897800
NWL,2016-05-19,46.959999084472656,47.22999954223633,46.5,47.16999816894531,35.18624496459961,3242000
NWL,2016-05-20,47.5,47.66999816894531,47.02000045776367,47.13999938964844,35.16384506225586,3310800
NWL,2016-05-23,46.95000076293945,47.75,46.84999847412109,47.5,35.432395935058594,3941400
NWL,2016-05-24,47.720001220703125,48.29999923706055,47.68000030517578,47.88999938964844,35.72331619262695,4559800
NWL,2016-05-25,47.84999847412109,48.18999862670898,47.77999877929688,47.880001068115234,35.71585464477539,3549300
NWL,2016-05-26,47.900001525878906,48.0,47.52000045776367,47.720001220703125,35.73833084106445,2568700
NWL,2016-05-27,47.72999954223633,48.0,47.5099983215332,47.7599983215332,35.768280029296875,2012300
NWL,2016-05-31,47.68999862670898,48.150001525878906,47.16999816894531,47.68999862670898,35.71585464477539,3410700
NWL,2016-06-01,47.68999862670898,48.0,47.29999923706055,47.93000030517578,35.89559555053711,3158500
NWL,2016-06-02,47.900001525878906,48.0,47.58000183105469,48.0,35.94801712036133,2843400
NWL,2016-06-03,47.880001068115234,48.0099983215332,46.95000076293945,47.959999084472656,35.91806411743164,3564600
NWL,2016-06-06,48.0099983215332,48.15999984741211,47.869998931884766,48.060001373291016,35.992958068847656,5026600
NWL,2016-06-07,48.209999084472656,49.20000076293945,48.209999084472656,48.86000061035156,36.59209060668945,4169900
NWL,2016-06-08,49.040000915527344,49.459999084472656,48.77000045776367,48.97999954223633,36.68196105957031,3460500
NWL,2016-06-09,48.650001525878906,49.02999877929688,48.43999862670898,48.959999084472656,36.66697692871094,2569300
NWL,2016-06-10,48.59000015258789,48.66999816894531,47.93999862670898,47.95000076293945,35.91058349609375,4735000
NWL,2016-06-13,47.720001220703125,48.02999877929688,47.470001220703125,47.72999954223633,35.745811462402344,3772000
NWL,2016-06-14,47.61000061035156,48.119998931884766,47.36000061035156,48.060001373291016,35.992958068847656,3589300
NWL,2016-06-15,48.310001373291016,49.08000183105469,47.95000076293945,48.459999084472656,36.29252624511719,3602300
NWL,2016-06-16,48.2599983215332,48.77999877929688,47.88999938964844,48.720001220703125,36.48723602294922,3182300
NWL,2016-06-17,48.70000076293945,48.91999816894531,48.27000045776367,48.369998931884766,36.2251205444336,8023600
NWL,2016-06-20,48.84999847412109,49.209999084472656,48.5099983215332,48.61000061035156,36.40485763549805,3318900
NWL,2016-06-21,48.880001068115234,48.959999084472656,48.22999954223633,48.5099983215332,36.32997131347656,3423100
NWL,2016-06-22,48.5099983215332,49.060001373291016,48.43000030517578,48.58000183105469,36.38240051269531,3230600
NWL,2016-06-23,49.02000045776367,49.4900016784668,48.9900016784668,49.459999084472656,37.04144287109375,3091700
NWL,2016-06-24,47.09999847412109,48.15999984741211,46.27000045776367,46.5099983215332,34.83213424682617,8470500
NWL,2016-06-27,45.84999847412109,45.959999084472656,44.83000183105469,45.08000183105469,33.76118469238281,6297100
NWL,2016-06-28,45.66999816894531,46.959999084472656,45.56999969482422,46.959999084472656,35.16913986206055,5266700
NWL,2016-06-29,47.52999877929688,48.18999862670898,47.52999877929688,47.84000015258789,35.82820129394531,4270600
NWL,2016-06-30,47.880001068115234,48.70000076293945,47.59999847412109,48.56999969482422,36.37491226196289,4978000
NWL,2016-07-01,48.56999969482422,49.2599983215332,48.470001220703125,48.77999877929688,36.53218078613281,3187000
NWL,2016-07-05,48.40999984741211,48.68999862670898,47.5099983215332,48.02000045776367,35.96299743652344,3022000
NWL,2016-07-06,47.7599983215332,48.20000076293945,47.06999969482422,48.16999816894531,36.07533645629883,5170100
NWL,2016-07-07,48.18999862670898,48.619998931884766,47.68000030517578,48.11000061035156,36.03041076660156,2793300
NWL,2016-07-08,48.52000045776367,49.20000076293945,48.43000030517578,48.86000061035156,36.59209060668945,3488200
NWL,2016-07-11,48.93000030517578,49.33000183105469,48.560001373291016,48.59000015258789,36.3898811340332,5338500
NWL,2016-07-12,49.09000015258789,49.41999816894531,48.880001068115234,49.290000915527344,36.91412734985352,10751400
NWL,2016-07-13,49.290000915527344,49.40999984741211,48.61000061035156,48.970001220703125,36.67446899414063,2958700
NWL,2016-07-14,49.2400016784668,49.5,48.63999938964844,48.720001220703125,36.48723602294922,2921200
NWL,2016-07-15,48.79999923706055,48.959999084472656,48.54999923706055,48.68999862670898,36.46477127075195,2316100
NWL,2016-07-18,48.61000061035156,48.84000015258789,48.130001068115234,48.310001373291016,36.18018341064453,2853400
NWL,2016-07-19,48.09000015258789,48.38999938964844,47.40999984741211,48.040000915527344,35.97798538208008,2349800
NWL,2016-07-20,48.2400016784668,48.88999938964844,48.06999969482422,48.83000183105469,36.56962585449219,2701700
NWL,2016-07-21,48.709999084472656,48.83000183105469,48.45000076293945,48.619998931884766,36.41234588623047,2463600
NWL,2016-07-22,48.7400016784668,49.08000183105469,48.68000030517578,48.97999954223633,36.68196105957031,2673500
NWL,2016-07-25,48.75,49.0,48.41999816894531,48.970001220703125,36.67446899414063,1879800
NWL,2016-07-26,49.09000015258789,49.630001068115234,49.0099983215332,49.560001373291016,37.116336822509766,3131300
NWL,2016-07-27,49.58000183105469,49.93000030517578,48.9900016784668,49.15999984741211,36.8167610168457,3298700
NWL,2016-07-28,49.09000015258789,49.5099983215332,48.77999877929688,49.38999938964844,36.989017486572266,3742400
NWL,2016-07-29,51.81999969482422,53.75,51.81999969482422,52.459999084472656,39.28819274902344,11512700
NWL,2016-08-01,52.58000183105469,54.52999877929688,52.40999984741211,53.970001220703125,40.4190559387207,10461500
NWL,2016-08-02,53.93000030517578,54.060001373291016,53.09000015258789,53.81999969482422,40.30672454833984,5514500
NWL,2016-08-03,53.54999923706055,53.58000183105469,53.09000015258789,53.5099983215332,40.07455062866211,2780900
NWL,2016-08-04,53.5099983215332,53.77999877929688,53.25,53.27999877929688,39.90229415893555,2537800
NWL,2016-08-05,53.43000030517578,53.9900016784668,53.310001373291016,53.75,40.25429153442383,3260900
NWL,2016-08-08,54.09000015258789,54.40999984741211,53.59000015258789,54.15999984741211,40.56134033203125,3780800
NWL,2016-08-09,54.27000045776367,54.459999084472656,53.9900016784668,54.150001525878906,40.55386352539063,2586100
NWL,2016-08-10,54.31999969482422,54.560001373291016,53.970001220703125,54.18999862670898,40.58382034301758,1908300
NWL,2016-08-11,54.29999923706055,54.709999084472656,54.22999954223633,54.470001220703125,40.79352188110352,3393700
NWL,2016-08-12,54.310001373291016,54.97999954223633,54.2599983215332,54.88999938964844,41.10804748535156,3167700
NWL,2016-08-15,55.0,55.45000076293945,54.81999969482422,54.88999938964844,41.10804748535156,3725600
NWL,2016-08-16,54.869998931884766,54.95000076293945,54.13999938964844,54.38999938964844,40.73359298706055,2938300
NWL,2016-08-17,54.34000015258789,54.540000915527344,53.619998931884766,53.95000076293945,40.40407943725586,3564100
NWL,2016-08-18,54.119998931884766,54.119998931884766,53.630001068115234,54.0,40.441532135009766,2784900
NWL,2016-08-19,53.7599983215332,54.08000183105469,53.63999938964844,53.79999923706055,40.29174041748047,7010000
NWL,2016-08-22,53.720001220703125,53.869998931884766,53.43000030517578,53.84999847412109,40.32918167114258,2936600
NWL,2016-08-23,54.33000183105469,54.47999954223633,54.06999969482422,54.459999084472656,40.78601837158203,4026600
NWL,2016-08-24,54.18999862670898,54.52999877929688,53.52999877929688,53.84000015258789,40.32169723510742,2807700
NWL,2016-08-25,53.540000915527344,53.7400016784668,53.2599983215332,53.70000076293945,40.21685028076172,3712000
NWL,2016-08-26,53.88999938964844,54.41999816894531,53.41999816894531,53.869998931884766,40.34416961669922,3835200
NWL,2016-08-29,53.66999816894531,54.20000076293945,53.58000183105469,53.90999984741211,40.51702117919922,1896500
NWL,2016-08-30,53.84000015258789,53.970001220703125,53.43999862670898,53.54999923706055,40.24645614624024,1944200
NWL,2016-08-31,53.41999816894531,53.58000183105469,52.84000015258789,53.08000183105469,39.89323043823242,4518700
NWL,2016-09-01,52.84000015258789,53.25,52.45000076293945,53.220001220703125,39.99844741821289,2351800
NWL,2016-09-02,53.5099983215332,53.959999084472656,53.34999847412109,53.56999969482422,40.261478424072266,2260900
NWL,2016-09-06,53.66999816894531,54.380001068115234,53.43000030517578,54.040000915527344,40.61473083496094,3940200
NWL,2016-09-07,53.75,54.02000045776367,53.060001373291016,53.630001068115234,40.30658721923828,3068500
NWL,2016-09-08,53.400001525878906,53.63999938964844,52.31999969482422,52.470001220703125,39.43476867675781,5447200
NWL,2016-09-09,51.91999816894531,52.0,50.400001525878906,50.400001525878906,37.87902069091797,4855000
NWL,2016-09-12,50.220001220703125,50.7400016784668,50.150001525878906,50.540000915527344,37.98424530029297,7083000
NWL,2016-09-13,50.09999847412109,50.20000076293945,49.11000061035156,49.66999816894531,37.330379486083984,7023900
NWL,2016-09-14,49.86000061035156,50.54999923706055,49.790000915527344,50.060001373291016,37.62348175048828,3993200
NWL,2016-09-15,50.0,51.0,49.91999816894531,50.83000183105469,38.20219802856445,4350700
NWL,2016-09-16,50.47999954223633,51.060001373291016,50.130001068115234,50.9900016784668,38.322452545166016,6170300
NWL,2016-09-19,51.4900016784668,51.79999923706055,50.93000030517578,51.13999938964844,38.43518829345703,3556100
NWL,2016-09-20,51.56999969482422,51.79999923706055,51.29999923706055,51.61000061035156,38.788421630859375,2941500
NWL,2016-09-21,51.810001373291016,52.56999969482422,51.52999877929688,52.5,39.45730972290039,3431200
NWL,2016-09-22,52.91999816894531,53.5,51.869998931884766,52.36000061035156,39.35210418701172,4083200
NWL,2016-09-23,52.5099983215332,52.61000061035156,51.970001220703125,51.970001220703125,39.058990478515625,2482700
NWL,2016-09-26,51.66999816894531,51.720001220703125,51.31999969482422,51.34999847412109,38.593017578125,2759800
NWL,2016-09-27,51.470001220703125,52.47999954223633,51.27999877929688,52.400001525878906,39.38215255737305,3972700
NWL,2016-09-28,52.34999847412109,52.5,51.75,52.13999938964844,39.18674850463867,3478900
NWL,2016-09-29,52.18999862670898,52.61000061035156,51.75,52.0099983215332,39.08903884887695,3706000
NWL,2016-09-30,52.2400016784668,53.0099983215332,52.0,52.65999984741211,39.57756042480469,2738100
NWL,2016-10-03,52.43999862670898,53.02000045776367,52.150001525878906,52.25,39.26942825317383,2941000
NWL,2016-10-04,52.2400016784668,52.5099983215332,51.470001220703125,51.59999847412109,38.780906677246094,3375100
NWL,2016-10-05,52.02999877929688,52.790000915527344,51.81999969482422,52.56999969482422,39.50992202758789,3949700
NWL,2016-10-06,52.540000915527344,52.650001525878906,51.88999938964844,52.31999969482422,39.322025299072266,2649500
NWL,2016-10-07,52.5,52.5,51.63999938964844,51.90999984741211,39.01388931274414,2903500
NWL,2016-10-10,52.2400016784668,52.43000030517578,51.31999969482422,51.34000015258789,38.58549499511719,3129900
NWL,2016-10-11,51.25,51.380001068115234,50.25,50.34000015258789,37.833927154541016,5147600
NWL,2016-10-12,50.7400016784668,51.72999954223633,50.34999847412109,51.41999816894531,38.645626068115234,4709400
NWL,2016-10-13,50.90999984741211,52.2599983215332,50.52000045776367,52.119998931884766,39.171722412109375,4108800
NWL,2016-10-14,52.43999862670898,52.91999816894531,52.22999954223633,52.25,39.26942825317383,2889100
NWL,2016-10-17,52.25,52.4900016784668,51.970001220703125,52.40999984741211,39.389678955078125,2958000
NWL,2016-10-18,52.900001525878906,53.0099983215332,52.27000045776367,52.68000030517578,39.59259414672852,2645500
NWL,2016-10-19,52.84999847412109,52.97999954223633,52.369998931884766,52.61000061035156,39.53999328613281,1988800
NWL,2016-10-20,52.650001525878906,52.70000076293945,52.08000183105469,52.470001220703125,39.43476867675781,1943300
NWL,2016-10-21,52.130001068115234,52.70000076293945,51.97999954223633,52.5,39.45730972290039,2486000
NWL,2016-10-24,52.86000061035156,53.220001220703125,52.369998931884766,52.47999954223633,39.4422721862793,2804600
NWL,2016-10-25,52.220001220703125,52.400001525878906,51.52000045776367,51.630001068115234,38.803443908691406,2280800
NWL,2016-10-26,51.52000045776367,51.59999847412109,50.81999969482422,50.86000061035156,38.22473907470703,3797900
NWL,2016-10-27,51.0,51.47999954223633,50.02999877929688,50.20000076293945,37.728702545166016,4225500
NWL,2016-10-28,49.060001373291016,50.31999969482422,48.75,49.400001525878906,37.12745666503906,10896400
NWL,2016-10-31,49.68000030517578,49.88999938964844,47.86000061035156,48.02000045776367,36.09029006958008,7580600
NWL,2016-11-01,48.560001373291016,49.43999862670898,47.630001068115234,48.15999984741211,36.19551467895508,6953500
NWL,2016-11-02,48.15999984741211,48.22999954223633,47.650001525878906,47.650001525878906,35.81221008300781,4623700
NWL,2016-11-03,47.77999877929688,48.060001373291016,47.400001525878906,47.61000061035156,35.78214645385742,4203500
NWL,2016-11-04,47.650001525878906,48.09000015258789,47.470001220703125,47.540000915527344,35.729530334472656,3917700
NWL,2016-11-07,48.20000076293945,49.25,48.20000076293945,49.15999984741211,36.94707107543945,3923300
NWL,2016-11-08,49.720001220703125,50.70000076293945,49.459999084472656,50.40999984741211,37.88653945922852,4206200
NWL,2016-11-09,49.2400016784668,50.2599983215332,49.0,49.59999847412109,37.27776336669922,5966500
NWL,2016-11-10,49.9900016784668,50.310001373291016,47.43000030517578,47.65999984741211,35.819725036621094,8381800
NWL,2016-11-11,47.52000045776367,48.33000183105469,47.2400016784668,47.45000076293945,35.661903381347656,7718600
NWL,2016-11-14,47.59999847412109,47.77999877929688,45.95000076293945,46.5099983215332,34.95541763305664,6925700
NWL,2016-11-15,46.720001220703125,47.56999969482422,46.56999969482422,47.04999923706055,35.36125946044922,6100700
NWL,2016-11-16,46.9900016784668,47.209999084472656,46.65999984741211,46.93000030517578,35.271080017089844,3884100
NWL,2016-11-17,47.09999847412109,47.709999084472656,46.77999877929688,47.560001373291016,35.744571685791016,3926700
NWL,2016-11-18,47.560001373291016,47.75,46.5099983215332,46.7400016784668,35.12828826904297,2975300
NWL,2016-11-21,46.880001068115234,47.61000061035156,46.84000015258789,47.56999969482422,35.752079010009766,2827900
NWL,2016-11-22,47.7599983215332,48.400001525878906,47.7599983215332,48.09999847412109,36.15040969848633,3347300
NWL,2016-11-23,48.09000015258789,48.34999847412109,47.970001220703125,48.16999816894531,36.20302581787109,2619600
NWL,2016-11-25,48.209999084472656,48.59999847412109,48.06999969482422,48.459999084472656,36.42098236083984,1151200
NWL,2016-11-28,48.08000183105469,48.45000076293945,47.540000915527344,47.59000015258789,35.90790557861328,3545300
NWL,2016-11-29,47.630001068115234,48.04999923706055,47.310001373291016,47.470001220703125,35.817352294921875,2627800
NWL,2016-11-30,47.540000915527344,48.02000045776367,46.470001220703125,47.0099983215332,35.47027587890625,9197300
NWL,2016-12-01,46.869998931884766,46.9900016784668,45.2599983215332,45.43999862670898,34.28567123413086,6495900
NWL,2016-12-02,45.43999862670898,46.08000183105469,45.369998931884766,45.68000030517578,34.466758728027344,3020700
NWL,2016-12-05,45.95000076293945,46.150001525878906,45.56999969482422,45.70000076293945,34.48185348510742,3112900
NWL,2016-12-06,45.650001525878906,45.959999084472656,45.560001373291016,45.68000030517578,34.466758728027344,2865900
NWL,2016-12-07,45.5099983215332,45.91999816894531,44.2400016784668,45.650001525878906,34.44411849975586,5195000
NWL,2016-12-08,45.619998931884766,45.650001525878906,44.709999084472656,45.18999862670898,34.09703826904297,6359800
NWL,2016-12-09,45.15999984741211,45.83000183105469,45.08000183105469,45.52999877929688,34.353572845458984,5157600
NWL,2016-12-12,45.75,46.4900016784668,45.290000915527344,46.47999954223633,35.07038116455078,3654100
NWL,2016-12-13,47.650001525878906,48.02000045776367,47.04999923706055,47.29999923706055,35.68907928466797,6197500
NWL,2016-12-14,47.36000061035156,47.619998931884766,46.560001373291016,46.63999938964844,35.19110107421875,5998600
NWL,2016-12-15,46.540000915527344,46.83000183105469,46.02000045776367,46.68000030517578,35.221282958984375,5863200
NWL,2016-12-16,46.68000030517578,46.97999954223633,45.93999862670898,46.18000030517578,34.84402847290039,6821100
NWL,2016-12-19,46.15999984741211,46.38999938964844,45.4900016784668,45.70000076293945,34.48185348510742,3589200
NWL,2016-12-20,45.77999877929688,46.08000183105469,45.470001220703125,45.61000061035156,34.413936614990234,4515500
NWL,2016-12-21,45.88999938964844,46.470001220703125,45.810001373291016,46.16999816894531,34.83646774291992,3425900
NWL,2016-12-22,46.150001525878906,46.36000061035156,45.5099983215332,45.540000915527344,34.36112594604492,2591900
NWL,2016-12-23,45.560001373291016,45.65999984741211,45.20000076293945,45.38999938964844,34.24794387817383,1814000
NWL,2016-12-27,45.54999923706055,45.619998931884766,45.2599983215332,45.4900016784668,34.32339859008789,1522400
NWL,2016-12-28,45.75,45.84000015258789,45.29999923706055,45.369998931884766,34.23284912109375,1608900
NWL,2016-12-29,45.310001373291016,45.4900016784668,44.97999954223633,45.29999923706055,34.1800422668457,1812900
NWL,2016-12-30,45.43000030517578,45.43000030517578,44.5,44.650001525878906,33.689598083496094,2071400
NWL,2017-01-03,45.0,45.54999923706055,44.75,44.91999816894531,33.893314361572266,3827600
NWL,2017-01-04,45.0,46.61000061035156,44.97999954223633,46.5099983215332,35.0930061340332,5471200
NWL,2017-01-05,46.25,46.7599983215332,46.11000061035156,46.68000030517578,35.221282958984375,3151100
NWL,2017-01-06,46.63999938964844,47.02999877929688,46.18999862670898,46.86000061035156,35.35709762573242,3605100
NWL,2017-01-09,46.66999816894531,47.130001068115234,46.52999877929688,46.93999862670898,35.41746139526367,3543600
NWL,2017-01-10,47.09000015258789,47.20000076293945,46.72999954223633,46.970001220703125,35.440093994140625,4216400
NWL,2017-01-11,46.84999847412109,47.02000045776367,46.61000061035156,46.880001068115234,35.3721923828125,4427500
NWL,2017-01-12,46.650001525878906,47.31999969482422,46.54999923706055,47.119998931884766,35.55326843261719,3148500
NWL,2017-01-13,47.02000045776367,47.400001525878906,46.7400016784668,47.0,35.46273422241211,3650300
NWL,2017-01-17,46.75,47.720001220703125,46.59999847412109,47.709999084472656,35.99843978881836,3271100
NWL,2017-01-18,47.709999084472656,47.75,47.04999923706055,47.54999923706055,35.877716064453125,2855100
NWL,2017-01-19,47.59000015258789,47.650001525878906,45.81999969482422,45.970001220703125,34.685577392578125,4074900
NWL,2017-01-20,46.290000915527344,46.720001220703125,45.880001068115234,46.08000183105469,34.76856994628906,3264100
NWL,2017-01-23,45.90999984741211,46.56999969482422,45.75,46.41999816894531,35.025108337402344,3628900
NWL,2017-01-24,46.56999969482422,47.56999969482422,46.41999816894531,47.18000030517578,35.59854888916016,3770000
NWL,2017-01-25,47.36000061035156,47.540000915527344,46.75,46.91999816894531,35.40237045288086,5380100
NWL,2017-01-26,46.86000061035156,47.0,46.18000030517578,46.34999847412109,34.972286224365234,3665300
NWL,2017-01-27,46.2599983215332,46.33000183105469,45.68000030517578,46.130001068115234,34.8062858581543,4259800
NWL,2017-01-30,46.09999847412109,46.29999923706055,45.52000045776367,46.27999877929688,34.91947937011719,3931900
NWL,2017-01-31,46.02000045776367,47.34000015258789,45.95000076293945,47.33000183105469,35.71172332763672,3931700
NWL,2017-02-01,47.29999923706055,47.58000183105469,46.90999984741211,47.45000076293945,35.802276611328125,3928000
NWL,2017-02-02,47.41999816894531,47.970001220703125,47.09000015258789,47.810001373291016,36.07388305664063,4524800
NWL,2017-02-03,47.68000030517578,47.83000183105469,46.810001373291016,46.88999938964844,35.37972640991211,6916100
NWL,2017-02-06,44.95000076293945,45.220001220703125,43.43000030517578,44.22999954223633,33.3726806640625,15093600
NWL,2017-02-07,44.43999862670898,45.93999862670898,44.38999938964844,45.52000045776367,34.34602737426758,8683300
NWL,2017-02-08,45.84000015258789,46.310001373291016,45.34999847412109,46.16999816894531,34.83646774291992,5961200
NWL,2017-02-09,46.16999816894531,46.52000045776367,45.81999969482422,46.33000183105469,34.95719909667969,4018800
NWL,2017-02-10,46.380001068115234,47.20000076293945,45.93000030517578,46.9900016784668,35.45517349243164,7859000
NWL,2017-02-13,47.20000076293945,47.52999877929688,46.560001373291016,47.060001373291016,35.50800323486328,3372400
NWL,2017-02-14,46.900001525878906,47.560001373291016,46.869998931884766,47.52999877929688,35.86262512207031,3489000
NWL,2017-02-15,47.47999954223633,47.59999847412109,47.119998931884766,47.27000045776367,35.66645812988281,3219700
NWL,2017-02-16,47.31999969482422,47.810001373291016,46.84000015258789,46.880001068115234,35.3721923828125,2478300
NWL,2017-02-17,46.77000045776367,47.2400016784668,46.52999877929688,46.63999938964844,35.19110107421875,3771700
NWL,2017-02-21,46.77999877929688,46.880001068115234,46.310001373291016,46.4900016784668,35.077919006347656,3299400
NWL,2017-02-22,46.43000030517578,47.310001373291016,46.40999984741211,47.25,35.6513671875,3314300
NWL,2017-02-23,47.209999084472656,47.369998931884766,46.7599983215332,46.9900016784668,35.45517349243164,4076100
NWL,2017-02-24,46.77999877929688,48.83000183105469,46.52999877929688,48.66999816894531,36.87187194824219,8205300
NWL,2017-02-27,48.75,50.16999816894531,48.630001068115234,49.4900016784668,37.49309158325195,7966300
NWL,2017-02-28,49.4900016784668,49.77000045776367,49.02999877929688,49.02999877929688,37.14460754394531,4434700
NWL,2017-03-01,49.41999816894531,49.68000030517578,49.09999847412109,49.59999847412109,37.5764274597168,5008900
NWL,2017-03-02,49.70000076293945,49.77000045776367,49.27000045776367,49.33000183105469,37.371883392333984,2375500
NWL,2017-03-03,49.29999923706055,49.43999862670898,49.060001373291016,49.34000015258789,37.37945938110352,2620600
NWL,2017-03-06,49.06999969482422,49.209999084472656,48.88999938964844,48.97999954223633,37.106727600097656,2204700
NWL,2017-03-07,48.79999923706055,48.900001525878906,48.380001068115234,48.52999877929688,36.76580810546875,4045400
NWL,2017-03-08,48.43999862670898,48.77000045776367,48.04999923706055,48.75,36.9324836730957,2560700
NWL,2017-03-09,48.68000030517578,48.900001525878906,48.16999816894531,48.43999862670898,36.697635650634766,2298100
NWL,2017-03-10,48.84000015258789,48.93999862670898,48.15999984741211,48.66999816894531,36.87187194824219,3617100
NWL,2017-03-13,48.540000915527344,48.959999084472656,48.16999816894531,48.54999923706055,36.78096389770508,2647800
NWL,2017-03-14,48.369998931884766,48.52999877929688,47.90999984741211,47.93999862670898,36.31884002685547,5678900
NWL,2017-03-15,48.02000045776367,49.15999984741211,48.0099983215332,48.959999084472656,37.091575622558594,3306000
NWL,2017-03-16,48.959999084472656,49.18999862670898,47.9900016784668,48.40999984741211,36.67490768432617,2736500
NWL,2017-03-17,48.68000030517578,48.75,48.27999877929688,48.41999816894531,36.68247985839844,3317700
NWL,2017-03-20,48.4900016784668,48.77999877929688,48.290000915527344,48.56999969482422,36.79611206054688,2169900
NWL,2017-03-21,48.880001068115234,49.130001068115234,48.400001525878906,48.47999954223633,36.727935791015625,3101300
NWL,2017-03-22,48.45000076293945,48.52000045776367,47.709999084472656,48.09000015258789,36.43247985839844,2856900
NWL,2017-03-23,47.900001525878906,48.369998931884766,47.56999969482422,47.88999938964844,36.28095626831055,3875300
NWL,2017-03-24,47.900001525878906,48.130001068115234,47.560001373291016,47.66999816894531,36.114288330078125,2437200
NWL,2017-03-27,47.459999084472656,47.79999923706055,46.95000076293945,47.709999084472656,36.14458084106445,4298100
NWL,2017-03-28,47.66999816894531,48.04999923706055,47.2400016784668,47.70000076293945,36.13703536987305,2227700
NWL,2017-03-29,47.650001525878906,47.77999877929688,47.27000045776367,47.72999954223633,36.15974044799805,2668800
NWL,2017-03-30,47.59999847412109,47.93000030517578,47.22999954223633,47.36000061035156,35.87943649291992,2114900
NWL,2017-03-31,47.2599983215332,47.63999938964844,47.150001525878906,47.16999816894531,35.73549270629883,4098400
NWL,2017-04-03,47.150001525878906,47.34999847412109,46.59000015258789,46.97999954223633,35.591548919677734,3694300
NWL,2017-04-04,46.95000076293945,47.09000015258789,46.06999969482422,46.18000030517578,34.9854850769043,3574400
NWL,2017-04-05,46.209999084472656,46.43999862670898,45.66999816894531,45.900001525878906,34.77335357666016,3463900
NWL,2017-04-06,45.79999923706055,46.29999923706055,45.7400016784668,46.09999847412109,34.92486953735352,2505100
NWL,2017-04-07,46.119998931884766,46.38999938964844,46.0,46.220001220703125,35.01578140258789,2632100
NWL,2017-04-10,46.27999877929688,46.81999969482422,46.119998931884766,46.77000045776367,35.432456970214844,3256800
NWL,2017-04-11,46.7599983215332,46.83000183105469,46.18000030517578,46.27000045776367,35.05366897583008,3110700
NWL,2017-04-12,46.220001220703125,46.43999862670898,45.9900016784668,46.16999816894531,34.9779052734375,2485400
NWL,2017-04-13,46.09999847412109,46.310001373291016,45.97999954223633,46.02000045776367,34.8642578125,1681500
NWL,2017-04-17,46.040000915527344,46.54999923706055,46.0099983215332,46.470001220703125,35.20517349243164,1439100
NWL,2017-04-18,46.310001373291016,46.34000015258789,45.97999954223633,46.27000045776367,35.05366897583008,2152700
NWL,2017-04-19,46.45000076293945,46.84999847412109,46.130001068115234,46.310001373291016,35.08396911621094,2543000
NWL,2017-04-20,46.5,47.16999816894531,46.040000915527344,47.09999847412109,35.682464599609375,3557200
NWL,2017-04-21,47.0,47.77999877929688,46.84999847412109,47.34999847412109,35.87185287475586,3996600
NWL,2017-04-24,47.7400016784668,48.27999877929688,47.7400016784668,48.0,36.36428451538086,4527000
NWL,2017-04-25,48.16999816894531,48.68000030517578,48.02000045776367,48.52000045776367,36.758243560791016,2214900
NWL,2017-04-26,48.63999938964844,49.27000045776367,48.41999816894531,49.060001373291016,37.16733169555664,3693800
NWL,2017-04-27,49.08000183105469,49.18999862670898,48.58000183105469,48.650001525878906,36.856727600097656,2856800
NWL,2017-04-28,48.470001220703125,48.52999877929688,47.52000045776367,47.7400016784668,36.16731643676758,3617100
NWL,2017-05-01,47.18000030517578,47.68999862670898,45.619998931884766,46.0,34.849117279052734,9927000
NWL,2017-05-02,45.93999862670898,46.369998931884766,45.720001220703125,45.970001220703125,34.826385498046875,6790800
NWL,2017-05-03,46.0,46.18999862670898,45.25,45.47999954223633,34.45516586303711,3477500
NWL,2017-05-04,45.54999923706055,46.060001373291016,45.18999862670898,45.84999847412109,34.735469818115234,4256400
NWL,2017-05-05,45.9900016784668,46.459999084472656,45.84999847412109,46.38999938964844,35.14457321166992,4944200
NWL,2017-05-08,51.20000076293945,52.869998931884766,50.84999847412109,51.93000030517578,39.34160614013672,14281100
NWL,2017-05-09,52.40999984741211,53.04999923706055,51.79999923706055,52.880001068115234,40.06132507324219,6462800
NWL,2017-05-10,52.81999969482422,53.18000030517578,52.5,53.08000183105469,40.21284866333008,3853300
NWL,2017-05-11,53.0,53.540000915527344,52.72999954223633,53.459999084472656,40.50072860717773,4590000
NWL,2017-05-12,53.43999862670898,53.459999084472656,52.59000015258789,52.68999862670898,39.917388916015625,3465200
NWL,2017-05-15,52.75,53.119998931884766,52.72999954223633,53.0,40.15223693847656,6996000
NWL,2017-05-16,53.0,53.2599983215332,52.83000183105469,53.06999969482422,40.20526885986328,2912400
NWL,2017-05-17,53.06999969482422,53.06999969482422,52.11000061035156,52.16999816894531,39.52344131469727,3907100
NWL,2017-05-18,52.09999847412109,52.09999847412109,51.16999816894531,51.869998931884766,39.2961540222168,2841100
NWL,2017-05-19,51.91999816894531,53.16999816894531,51.630001068115234,52.79999923706055,40.0007209777832,4858300
NWL,2017-05-22,53.09999847412109,53.209999084472656,52.619998931884766,52.790000915527344,39.99314498901367,2351300
NWL,2017-05-23,52.400001525878906,53.29999923706055,52.400001525878906,52.84000015258789,40.0310173034668,3335200
NWL,2017-05-24,52.810001373291016,52.93999862670898,52.31999969482422,52.810001373291016,40.008296966552734,2727000
NWL,2017-05-25,53.0,53.36000061035156,52.86000061035156,53.27999877929688,40.364349365234375,2018800
NWL,2017-05-26,52.880001068115234,53.310001373291016,52.77999877929688,53.18999862670898,40.47088623046875,2139700
NWL,2017-05-30,53.2599983215332,53.47999954223633,53.150001525878906,53.34000015258789,40.58501434326172,3288100
NWL,2017-05-31,53.43000030517578,53.630001068115234,52.68000030517578,52.95000076293945,40.28828430175781,5790200
NWL,2017-06-01,53.0,53.33000183105469,52.63999938964844,53.0099983215332,40.33393478393555,2135800
NWL,2017-06-02,53.02000045776367,53.54999923706055,52.7599983215332,53.34999847412109,40.59261703491211,2809400
NWL,2017-06-05,53.15999984741211,53.2599983215332,52.84999847412109,53.09000015258789,40.39479446411133,1869800
NWL,2017-06-06,53.0,53.2599983215332,52.65999984741211,52.72999954223633,40.12088394165039,2220600
NWL,2017-06-07,52.90999984741211,53.08000183105469,52.68000030517578,52.95000076293945,40.28828430175781,1891300
NWL,2017-06-08,52.95000076293945,53.43000030517578,52.619998931884766,53.02999877929688,40.34914016723633,3275000
NWL,2017-06-09,53.02999877929688,53.43000030517578,52.86000061035156,53.2400016784668,40.508934020996094,2602800
NWL,2017-06-12,53.20000076293945,53.4900016784668,52.560001373291016,52.75,40.13610458374024,3429700
NWL,2017-06-13,52.900001525878906,53.790000915527344,52.77999877929688,53.77999877929688,40.91979598999024,2230300
NWL,2017-06-14,54.0,55.060001373291016,53.79999923706055,54.77999877929688,41.6806755065918,4718800
NWL,2017-06-15,54.54999923706055,54.959999084472656,54.04999923706055,54.59000015258789,41.53611755371094,6286200
NWL,2017-06-16,54.47999954223633,55.060001373291016,54.25,54.84999847412109,41.73394393920898,4564400
NWL,2017-06-19,54.90999984741211,55.08000183105469,54.36000061035156,54.540000915527344,41.49806594848633,3667500
NWL,2017-06-20,54.45000076293945,54.54999923706055,53.209999084472656,53.34999847412109,40.59261703491211,4112400
NWL,2017-06-21,53.16999816894531,53.4900016784668,52.38999938964844,52.56999969482422,39.999141693115234,3327900
NWL,2017-06-22,52.619998931884766,52.619998931884766,52.0099983215332,52.18999862670898,39.71000671386719,3441900
NWL,2017-06-23,52.29999923706055,53.130001068115234,52.0,53.09999847412109,40.40241241455078,13304200
NWL,2017-06-26,53.119998931884766,53.72999954223633,53.119998931884766,53.34000015258789,40.58501434326172,2526000
NWL,2017-06-27,53.400001525878906,54.08000183105469,52.970001220703125,53.09999847412109,40.40241241455078,2814500
NWL,2017-06-28,53.45000076293945,53.59999847412109,53.0,53.369998931884766,40.60784912109375,3645600
NWL,2017-06-29,53.20000076293945,53.2400016784668,52.47999954223633,53.02000045776367,40.34153747558594,2660300
NWL,2017-06-30,53.27000045776367,54.11000061035156,53.2599983215332,53.619998931884766,40.79806518554688,2673100
NWL,2017-07-03,53.86000061035156,54.060001373291016,53.45000076293945,53.45000076293945,40.66872024536133,1021700
NWL,2017-07-05,53.41999816894531,53.84999847412109,53.220001220703125,53.70000076293945,40.85893249511719,1681600
NWL,2017-07-06,53.5,53.77000045776367,52.9900016784668,53.04999923706055,40.36436080932617,2708300
NWL,2017-07-07,53.29999923706055,53.75,53.20000076293945,53.27000045776367,40.53175735473633,2538100
NWL,2017-07-10,53.27000045776367,53.59999847412109,53.25,53.400001525878906,40.630672454833984,2699700
NWL,2017-07-11,53.36000061035156,53.36000061035156,52.91999816894531,52.97999954223633,40.31110382080078,1569800
NWL,2017-07-12,53.220001220703125,53.619998931884766,52.970001220703125,53.02000045776367,40.34153747558594,2162400
NWL,2017-07-13,53.08000183105469,53.560001373291016,53.0,53.45000076293945,40.66872024536133,2614500
NWL,2017-07-14,53.5099983215332,53.84000015258789,53.41999816894531,53.810001373291016,40.94262313842773,2098100
NWL,2017-07-17,53.959999084472656,54.18999862670898,53.869998931884766,53.900001525878906,41.011112213134766,2352900
NWL,2017-07-18,53.86000061035156,54.11000061035156,53.75,53.84999847412109,40.97306442260742,1551300
NWL,2017-07-19,53.93000030517578,54.060001373291016,53.72999954223633,53.7599983215332,40.90458297729492,2605100
NWL,2017-07-20,53.88999938964844,53.90999984741211,52.9900016784668,53.09999847412109,40.40241241455078,2133300
NWL,2017-07-21,53.0,53.209999084472656,52.81999969482422,52.900001525878906,40.2502326965332,2587700
NWL,2017-07-24,52.869998931884766,52.95000076293945,52.4900016784668,52.59999847412109,40.02197265625,3167600
NWL,2017-07-25,52.83000183105469,53.11000061035156,52.61000061035156,52.95000076293945,40.28828430175781,2741100
NWL,2017-07-26,53.08000183105469,53.09000015258789,52.68999862670898,52.75,40.13610458374024,1671500
NWL,2017-07-27,52.72999954223633,52.84000015258789,51.9900016784668,52.13999938964844,39.67196273803711,3061000
NWL,2017-07-28,52.0,52.459999084472656,51.90999984741211,52.06999969482422,39.61870193481445,2010600
NWL,2017-07-31,52.290000915527344,52.91999816894531,52.13999938964844,52.720001220703125,40.113277435302734,2108800
NWL,2017-08-01,53.02999877929688,53.09999847412109,52.290000915527344,52.66999816894531,40.07522964477539,3292800
NWL,2017-08-02,52.650001525878906,52.97999954223633,52.220001220703125,52.459999084472656,39.91544723510742,2321800
NWL,2017-08-03,52.34999847412109,53.09000015258789,52.18000030517578,52.560001373291016,39.99153137207031,4496600
NWL,2017-08-04,51.08000183105469,51.77000045776367,50.150001525878906,50.68999862670898,38.56869888305664,8935300
NWL,2017-08-07,50.79999923706055,51.56999969482422,50.650001525878906,51.310001373291016,39.04043197631836,5173700
NWL,2017-08-08,51.02999877929688,51.400001525878906,50.34999847412109,50.7599983215332,38.621952056884766,4680200
NWL,2017-08-09,50.4900016784668,50.7599983215332,50.2599983215332,50.7400016784668,38.606746673583984,3010500
NWL,2017-08-10,50.4900016784668,50.4900016784668,49.77999877929688,50.20000076293945,38.19586563110352,3594200
NWL,2017-08-11,49.959999084472656,50.380001068115234,49.95000076293945,50.0,38.04369735717773,2332400
NWL,2017-08-14,50.400001525878906,50.52000045776367,49.93999862670898,50.09999847412109,38.11978149414063,2199000
NWL,2017-08-15,50.04999923706055,50.290000915527344,49.75,50.209999084472656,38.2034797668457,3726400
NWL,2017-08-16,50.630001068115234,50.900001525878906,50.38999938964844,50.7400016784668,38.606746673583984,3725300
NWL,2017-08-17,50.59000015258789,50.68999862670898,50.150001525878906,50.150001525878906,38.1578254699707,2764900
NWL,2017-08-18,50.0099983215332,50.20000076293945,49.4900016784668,49.65999984741211,37.78499984741211,2958500
NWL,2017-08-21,49.34999847412109,49.400001525878906,48.2599983215332,48.470001220703125,36.87956619262695,5160200
NWL,2017-08-22,48.52999877929688,48.88999938964844,48.040000915527344,48.7599983215332,37.100215911865234,4922000
NWL,2017-08-23,48.65999984741211,48.93000030517578,48.540000915527344,48.68999862670898,37.04695129394531,2686900
NWL,2017-08-24,48.84000015258789,48.84999847412109,47.95000076293945,48.150001525878906,36.63608932495117,2920500
NWL,2017-08-25,48.33000183105469,48.5099983215332,47.970001220703125,48.119998931884766,36.61325454711914,3008800
NWL,2017-08-28,48.27000045776367,48.34000015258789,47.91999816894531,48.18000030517578,36.65890502929688,2455800
NWL,2017-08-29,47.65999984741211,47.86000061035156,47.130001068115234,47.59000015258789,36.38368606567383,3086100
NWL,2017-08-30,47.45000076293945,47.79999923706055,47.27000045776367,47.5,36.31486511230469,4971400
NWL,2017-08-31,47.790000915527344,48.59999847412109,47.790000915527344,48.27999877929688,36.91119384765625,3895100
NWL,2017-09-01,48.63999938964844,48.91999816894531,48.34999847412109,48.90999984741211,37.39285659790039,2337300
NWL,2017-09-05,48.90999984741211,49.2400016784668,48.209999084472656,48.720001220703125,37.24758529663086,2858500
NWL,2017-09-06,47.220001220703125,47.52999877929688,46.04999923706055,47.02999877929688,35.95554733276367,17971500
NWL,2017-09-07,47.0,47.380001068115234,44.54999923706055,44.7599983215332,34.220069885253906,16654600
NWL,2017-09-08,44.61000061035156,44.97999954223633,43.68000030517578,44.040000915527344,33.66960906982422,9004100
NWL,2017-09-11,43.619998931884766,44.2599983215332,42.880001068115234,44.02000045776367,33.65432357788086,7286700
NWL,2017-09-12,44.04999923706055,44.36000061035156,43.65999984741211,44.34999847412109,33.90662384033203,3863800
NWL,2017-09-13,44.34999847412109,44.43999862670898,43.41999816894531,44.220001220703125,33.80723190307617,6135900
NWL,2017-09-14,44.15999984741211,44.22999954223633,43.220001220703125,43.27000045776367,33.080928802490234,5200700
NWL,2017-09-15,43.130001068115234,43.380001068115234,42.810001373291016,43.20000076293945,33.02742385864258,7608200
NWL,2017-09-18,43.18999862670898,43.2599983215332,42.52999877929688,42.9900016784668,32.86686325073242,4595400
NWL,2017-09-19,43.0,43.130001068115234,42.400001525878906,42.66999816894531,32.622215270996094,5311600
NWL,2017-09-20,42.66999816894531,42.79999923706055,42.25,42.400001525878906,32.41579055786133,3791700
NWL,2017-09-21,42.400001525878906,42.56999969482422,41.470001220703125,41.47999954223633,31.712440490722656,5772900
NWL,2017-09-22,41.45000076293945,41.66999816894531,41.25,41.38999938964844,31.643630981445312,4154000
NWL,2017-09-25,41.38999938964844,41.66999816894531,40.880001068115234,40.959999084472656,31.314884185791016,5340100
NWL,2017-09-26,41.150001525878906,41.75,41.09999847412109,41.2400016784668,31.528953552246094,5634900
NWL,2017-09-27,41.40999984741211,42.09999847412109,41.290000915527344,41.58000183105469,31.78889846801757,4581400
NWL,2017-09-28,41.65999984741211,42.0,41.45000076293945,41.95000076293945,32.0717658996582,6794900
NWL,2017-09-29,41.84999847412109,42.68999862670898,41.77000045776367,42.66999816894531,32.622215270996094,5287900
NWL,2017-10-02,42.70000076293945,43.27999877929688,42.70000076293945,42.93000030517578,32.82099533081055,6238600
NWL,2017-10-03,42.900001525878906,43.15999984741211,42.5,43.09999847412109,32.95096969604492,4441100
NWL,2017-10-04,43.04999923706055,43.27000045776367,42.869998931884766,43.27000045776367,33.080928802490234,4370800
NWL,2017-10-05,43.2400016784668,43.83000183105469,42.90999984741211,43.79999923706055,33.48612976074219,5916000
NWL,2017-10-06,43.68999862670898,43.9900016784668,43.540000915527344,43.900001525878906,33.56258773803711,5990700
NWL,2017-10-09,43.90999984741211,43.97999954223633,42.93000030517578,43.0,32.87451934814453,3997100
NWL,2017-10-10,43.04999923706055,43.459999084472656,42.58000183105469,42.68999862670898,32.63751220703125,3523600
NWL,2017-10-11,42.59999847412109,43.29999923706055,41.83000183105469,43.16999816894531,33.00447463989258,5414600
NWL,2017-10-12,42.97999954223633,42.9900016784668,42.34000015258789,42.77999877929688,32.70631790161133,4166200
NWL,2017-10-13,42.86000061035156,43.130001068115234,42.47999954223633,43.09999847412109,32.95096969604492,3366400
NWL,2017-10-16,42.959999084472656,43.08000183105469,42.65999984741211,42.75,32.68338394165039,2794800
NWL,2017-10-17,42.4900016784668,42.52000045776367,41.83000183105469,41.93999862670898,32.064117431640625,4029700
NWL,2017-10-18,41.95000076293945,42.0,41.18999862670898,41.209999084472656,31.50601959228516,4700900
NWL,2017-10-19,41.060001373291016,41.16999816894531,40.43999862670898,40.59000015258789,31.032018661499023,6905900
NWL,2017-10-20,40.619998931884766,40.77000045776367,40.27000045776367,40.369998931884766,30.863813400268555,5346900
NWL,2017-10-23,40.45000076293945,40.619998931884766,39.9900016784668,40.15999984741211,30.70326805114746,4460400
NWL,2017-10-24,40.41999816894531,40.4900016784668,40.040000915527344,40.38999938964844,30.87910461425781,3006900
NWL,2017-10-25,40.5099983215332,40.59000015258789,39.900001525878906,40.27999877929688,30.795005798339844,3232700
NWL,2017-10-26,40.560001373291016,40.650001525878906,40.25,40.400001525878906,30.886756896972656,2664300
NWL,2017-10-27,40.4900016784668,40.4900016784668,39.58000183105469,40.0,30.5809383392334,6239000
NWL,2017-10-30,40.040000915527344,40.540000915527344,39.90999984741211,40.459999084472656,30.9326229095459,4253200
NWL,2017-10-31,40.459999084472656,40.97999954223633,40.27999877929688,40.77999877929688,31.17726707458496,6100000
NWL,2017-11-01,40.88999938964844,41.310001373291016,40.709999084472656,41.0,31.345474243164062,8571700
NWL,2017-11-02,32.5,33.20000076293945,29.700000762939453,30.01000022888184,22.94335556030273,47531700
NWL,2017-11-03,30.200000762939453,32.369998931884766,30.11000061035156,30.770000457763672,23.524391174316406,18719700
NWL,2017-11-06,30.65999984741211,31.13999938964844,29.920000076293945,30.81999969482422,23.56261444091797,11288800
NWL,2017-11-07,30.690000534057617,30.71999931335449,30.0,30.64999961853028,23.43264389038086,9423400
NWL,2017-11-08,30.8700008392334,31.540000915527344,30.64999961853028,31.40999984741211,24.013687133789062,9338900
NWL,2017-11-09,30.96999931335449,31.21999931335449,29.90999984741211,30.100000381469727,23.01215934753418,7800500
NWL,2017-11-10,30.01000022888184,30.06999969482422,29.21999931335449,29.299999237060547,22.400537490844727,11955600
NWL,2017-11-13,29.07999992370605,29.290000915527344,28.11000061035156,28.46999931335449,21.765987396240234,13274400
NWL,2017-11-14,28.5,28.59000015258789,27.89999961853028,28.040000915527344,21.43724250793457,6680000
NWL,2017-11-15,27.89999961853028,28.57999992370605,27.459999084472656,28.01000022888184,21.414306640625,9083900
NWL,2017-11-16,28.100000381469727,28.32999992370605,27.82999992370605,28.18000030517578,21.544273376464844,7636700
NWL,2017-11-17,28.14999961853028,28.709999084472656,27.989999771118164,28.559999465942383,21.83479118347168,5645500
NWL,2017-11-20,28.559999465942383,29.06999969482422,28.14999961853028,28.81999969482422,22.033567428588867,7668400
NWL,2017-11-21,28.770000457763672,28.8700008392334,27.8700008392334,27.96999931335449,21.38372611999512,8910600
NWL,2017-11-22,27.959999084472656,28.450000762939453,27.780000686645508,28.200000762939453,21.55956649780273,6194700
NWL,2017-11-24,28.32999992370605,28.549999237060547,28.06999969482422,28.3700008392334,21.68953323364257,2773200
NWL,2017-11-27,28.36000061035156,29.809999465942383,28.290000915527344,29.790000915527344,22.77516365051269,9351200
NWL,2017-11-28,29.75,30.88999938964844,29.489999771118164,30.780000686645508,23.53203582763672,15361200
NWL,2017-11-29,30.38999938964844,31.309999465942383,30.299999237060547,30.51000022888184,23.50122833251953,5891100
NWL,2017-11-30,30.51000022888184,31.049999237060547,30.5,30.96999931335449,23.85554885864257,9718400
NWL,2017-12-01,30.89999961853028,31.739999771118164,30.61000061035156,31.51000022888184,24.271503448486328,9404500
NWL,2017-12-04,31.81999969482422,32.279998779296875,31.5,31.809999465942383,24.502588272094727,9309100
NWL,2017-12-05,31.850000381469727,32.029998779296875,31.420000076293945,31.780000686645508,24.479480743408203,6587200
NWL,2017-12-06,31.700000762939453,32.09000015258789,31.600000381469727,31.790000915527344,24.487180709838867,6442300
NWL,2017-12-07,31.799999237060547,32.09000015258789,30.76000022888184,30.809999465942383,23.732309341430664,6037100
NWL,2017-12-08,30.850000381469727,31.14999961853028,30.56999969482422,30.959999084472656,23.84784889221192,4591700
NWL,2017-12-11,30.89999961853028,31.3799991607666,30.739999771118164,30.920000076293945,23.817041397094727,5511800
NWL,2017-12-12,31.0,31.56999969482422,30.8799991607666,31.15999984741211,24.00190544128418,4587100
NWL,2017-12-13,31.18000030517578,31.65999984741211,31.06999969482422,31.39999961853028,24.18677520751953,3962900
NWL,2017-12-14,31.39999961853028,31.51000022888184,30.38999938964844,30.479999542236328,23.478111267089844,6530200
NWL,2017-12-15,30.68000030517578,31.030000686645508,30.21999931335449,30.59000015258789,23.56285285949707,11402600
NWL,2017-12-18,30.799999237060547,31.14999961853028,30.6299991607666,30.84000015258789,23.75541305541992,8075400
NWL,2017-12-19,31.06999969482422,31.39999961853028,30.799999237060547,30.809999465942383,23.732309341430664,5857300
NWL,2017-12-20,30.86000061035156,30.90999984741211,30.14999961853028,30.209999084472656,23.270139694213867,5228600
NWL,2017-12-21,30.25,31.0,30.1299991607666,30.75,23.68608856201172,5908400
NWL,2017-12-22,30.940000534057617,31.01000022888184,30.57999992370605,30.670000076293945,23.62446975708008,3077100
NWL,2017-12-26,30.64999961853028,30.950000762939453,30.59000015258789,30.920000076293945,23.817041397094727,2839500
NWL,2017-12-27,30.950000762939453,31.3799991607666,30.549999237060547,30.729999542236328,23.670684814453125,3514900
NWL,2017-12-28,30.729999542236328,31.049999237060547,30.709999084472656,31.030000686645508,23.90177154541016,2880300
NWL,2017-12-29,30.950000762939453,31.34000015258789,30.8700008392334,30.89999961853028,23.801633834838867,2924800
NWL,2018-01-02,31.09000015258789,31.75,30.979999542236328,31.63999938964844,24.371641159057617,4264400
NWL,2018-01-03,31.670000076293945,32.209999084472656,31.61000061035156,31.82999992370605,24.51799201965332,6211000
NWL,2018-01-04,31.989999771118164,32.209999084472656,31.6299991607666,32.060001373291016,24.695161819458008,3833000
NWL,2018-01-05,32.15999984741211,32.36000061035156,31.82999992370605,31.979999542236328,24.633533477783203,3471500
NWL,2018-01-08,32.02000045776367,32.27000045776367,31.709999084472656,32.08000183105469,24.71056365966797,2977200
NWL,2018-01-09,32.029998779296875,32.400001525878906,31.82999992370605,31.90999984741211,24.57961654663086,5118100
NWL,2018-01-10,31.729999542236328,31.989999771118164,31.040000915527344,31.14999961853028,23.994199752807617,5102800
NWL,2018-01-11,31.350000381469727,31.989999771118164,31.200000762939453,31.90999984741211,24.57961654663086,3356900
NWL,2018-01-12,31.950000762939453,32.27000045776367,31.809999465942383,32.2599983215332,24.84921264648437,3519200
NWL,2018-01-16,32.41999816894531,32.58000183105469,31.420000076293945,31.75,24.45636749267578,5853200
NWL,2018-01-17,31.950000762939453,32.13999938964844,31.709999084472656,31.780000686645508,24.479480743408203,3023600
NWL,2018-01-18,31.700000762939453,31.8700008392334,31.229999542236328,31.290000915527344,24.1020450592041,4629400
NWL,2018-01-19,31.5,31.57999992370605,30.809999465942383,31.21999931335449,24.04812240600586,5488200
NWL,2018-01-22,31.100000381469727,31.6299991607666,31.01000022888184,31.540000915527344,24.29461669921875,6170600
NWL,2018-01-23,31.5,31.86000061035156,31.450000762939453,31.64999961853028,24.37934684753418,4007100
NWL,2018-01-24,31.770000457763672,31.82999992370605,30.979999542236328,31.229999542236328,24.055828094482425,5255300
NWL,2018-01-25,27.959999084472656,28.0,23.850000381469727,24.809999465942383,19.11063003540039,74382000
NWL,2018-01-26,24.64999961853028,26.549999237060547,24.39999961853028,25.32999992370605,19.51117897033692,37608300
NWL,2018-01-29,25.07999992370605,25.68000030517578,24.89999961853028,25.36000061035156,19.534284591674805,13188100
NWL,2018-01-30,25.1299991607666,25.799999237060547,25.0,25.729999542236328,19.819286346435547,10434900
NWL,2018-01-31,25.850000381469727,26.459999084472656,25.700000762939453,26.440000534057617,20.36618995666504,14463900
NWL,2018-02-01,26.440000534057617,27.540000915527344,26.39999961853028,27.39999961853028,21.10565948486328,15220100
NWL,2018-02-02,27.200000762939453,28.049999237060547,26.790000915527344,27.979999542236328,21.55242156982422,19499200
NWL,2018-02-05,27.64999961853028,28.14999961853028,26.01000022888184,26.1200008392334,20.11970329284668,17133200
NWL,2018-02-06,25.8700008392334,29.09000015258789,25.559999465942383,28.75,22.145532608032227,19699100
NWL,2018-02-07,28.6200008392334,30.170000076293945,28.56999969482422,29.459999084472656,22.69243431091309,16507100
NWL,2018-02-08,29.3799991607666,29.459999084472656,27.440000534057617,27.90999984741211,21.498498916625977,14725400
NWL,2018-02-09,28.530000686645508,28.700000762939453,26.26000022888184,27.61000061035156,21.26741409301757,23307300
NWL,2018-02-12,27.850000381469727,28.270000457763672,27.040000915527344,27.299999237060547,21.02862548828125,11506500
NWL,2018-02-13,27.040000915527344,27.459999084472656,26.46999931335449,26.600000381469727,20.48943519592285,8089100
NWL,2018-02-14,26.489999771118164,27.5,26.450000762939453,27.200000762939453,20.951601028442383,7794100
NWL,2018-02-15,27.5,27.729999542236328,27.100000381469727,27.63999938964844,21.290525436401367,8118000
NWL,2018-02-16,27.690000534057617,28.479999542236328,26.540000915527344,28.229999542236328,21.7449893951416,14630000
NWL,2018-02-20,27.979999542236328,28.540000915527344,27.3700008392334,27.38999938964844,21.09795379638672,7627400
NWL,2018-02-21,27.39999961853028,27.8799991607666,26.82999992370605,26.82999992370605,20.66659545898437,7495000
NWL,2018-02-22,26.8799991607666,27.6200008392334,26.700000762939453,26.709999084472656,20.57416343688965,7817300
NWL,2018-02-23,26.950000762939453,27.3799991607666,26.600000381469727,26.799999237060547,20.64349174499512,7206300
NWL,2018-02-26,27.01000022888184,27.979999542236328,26.530000686645508,27.81999969482422,21.42917251586914,5676600
NWL,2018-02-27,27.61000061035156,27.940000534057617,26.8799991607666,26.959999084472656,20.93985176086425,6963800
NWL,2018-02-28,27.030000686645508,27.14999961853028,25.64999961853028,25.690000534057617,19.953445434570312,8998200
NWL,2018-03-01,27.5,27.670000076293945,26.049999237060547,26.5,20.58257102966309,16611900
NWL,2018-03-02,26.420000076293945,26.920000076293945,26.26000022888184,26.59000015258789,20.65247344970703,9439800
NWL,2018-03-05,26.61000061035156,28.170000076293945,26.520000457763672,28.09000015258789,21.81752586364746,10047900
NWL,2018-03-06,28.01000022888184,28.09000015258789,27.36000061035156,27.88999938964844,21.66218376159668,8216400
NWL,2018-03-07,27.57999992370605,27.729999542236328,26.850000381469727,27.200000762939453,21.126256942749023,5233600
NWL,2018-03-08,27.299999237060547,27.739999771118164,27.020000457763672,27.670000076293945,21.491310119628903,4697400
NWL,2018-03-09,27.38999938964844,27.549999237060547,26.979999542236328,27.31999969482422,21.219467163085938,7489900
NWL,2018-03-12,27.450000762939453,29.09000015258789,27.440000534057617,28.989999771118164,22.51655578613281,11235100
NWL,2018-03-13,29.06999969482422,29.549999237060547,28.280000686645508,28.600000381469727,22.21364402770996,19577400
NWL,2018-03-14,28.729999542236328,29.21999931335449,28.190000534057617,28.43000030517578,22.081602096557617,9530500
NWL,2018-03-15,28.3700008392334,28.96999931335449,28.200000762939453,28.88999938964844,22.43888092041016,8969900
NWL,2018-03-16,28.959999084472656,29.229999542236328,28.600000381469727,28.65999984741211,22.26024436950684,18104000
NWL,2018-03-19,28.989999771118164,29.200000762939453,26.61000061035156,26.790000915527344,20.80781364440918,15951500
NWL,2018-03-20,26.75,27.670000076293945,26.36000061035156,27.200000762939453,21.126256942749023,10746500
NWL,2018-03-21,27.18000030517578,27.34000015258789,26.790000915527344,26.809999465942383,20.82334899902344,4666400
NWL,2018-03-22,26.520000457763672,26.71999931335449,25.739999771118164,25.84000015258789,20.06995010375977,7160100
NWL,2018-03-23,25.850000381469727,26.01000022888184,25.25,25.350000381469727,19.68936538696289,6596000
NWL,2018-03-26,25.88999938964844,26.06999969482422,25.07999992370605,26.059999465942383,20.240821838378903,14763500
NWL,2018-03-27,25.420000076293945,25.799999237060547,24.600000381469727,25.190000534057617,19.565092086791992,11515600
NWL,2018-03-28,25.25,25.600000381469727,25.049999237060547,25.280000686645508,19.634998321533203,6753100
NWL,2018-03-29,25.420000076293945,25.8700008392334,25.0,25.479999542236328,19.79033470153809,6517200
NWL,2018-04-02,25.39999961853028,25.6299991607666,24.440000534057617,24.729999542236328,19.207809448242188,7121000
NWL,2018-04-03,24.950000762939453,25.049999237060547,24.450000762939453,24.89999961853028,19.33985137939453,5469000
NWL,2018-04-04,24.46999931335449,25.76000022888184,24.43000030517578,25.670000076293945,19.93790626525879,7182400
NWL,2018-04-05,25.770000457763672,26.36000061035156,25.76000022888184,26.21999931335449,20.36509323120117,3974900
NWL,2018-04-06,26.040000915527344,26.450000762939453,25.450000762939453,25.790000915527344,20.031116485595703,4267300
NWL,2018-04-09,25.8700008392334,25.989999771118164,25.38999938964844,25.520000457763672,19.821401596069336,3756400
NWL,2018-04-10,25.8700008392334,26.100000381469727,25.38999938964844,25.82999992370605,20.06218338012696,4012600
NWL,2018-04-11,25.709999084472656,26.059999465942383,25.65999984741211,25.920000076293945,20.132083892822266,3633400
NWL,2018-04-12,26.059999465942383,26.14999961853028,25.6299991607666,25.76000022888184,20.007810592651367,5428500
NWL,2018-04-13,26.01000022888184,26.09000015258789,25.600000381469727,25.71999931335449,19.97673988342285,4235600
NWL,2018-04-16,25.88999938964844,26.40999984741211,25.65999984741211,26.25,20.38839340209961,4725000
NWL,2018-04-17,27.059999465942383,27.65999984741211,26.809999465942383,27.3700008392334,21.25830268859864,6864400
NWL,2018-04-18,27.3799991607666,27.549999237060547,27.1200008392334,27.229999542236328,21.149559020996094,3624400
NWL,2018-04-19,27.25,27.25,26.26000022888184,26.68000030517578,20.722375869750977,6258000
NWL,2018-04-20,26.770000457763672,26.850000381469727,26.229999542236328,26.440000534057617,20.53597068786621,2757800
NWL,2018-04-23,26.65999984741211,26.920000076293945,26.11000061035156,26.46999931335449,20.55927085876465,4902600
NWL,2018-04-24,26.75,27.21999931335449,26.40999984741211,26.770000457763672,20.79227828979492,11763500
NWL,2018-04-25,26.81999969482422,27.21999931335449,26.56999969482422,27.18000030517578,21.110727310180664,3423600
NWL,2018-04-26,27.1200008392334,27.280000686645508,26.690000534057617,26.959999084472656,20.93985176086425,5822700
NWL,2018-04-27,26.920000076293945,27.799999237060547,26.8700008392334,27.739999771118164,21.5456771850586,5163800
NWL,2018-04-30,27.729999542236328,27.76000022888184,27.520000457763672,27.6299991607666,21.46023941040039,6496700
NWL,2018-05-01,27.459999084472656,27.5,26.540000915527344,27.049999237060547,21.009750366210938,9676500
NWL,2018-05-02,27.07999992370605,28.049999237060547,26.71999931335449,26.850000381469727,20.854415893554688,6994400
NWL,2018-05-03,26.81999969482422,26.90999984741211,26.270000457763672,26.690000534057617,20.730144500732425,9314900
NWL,2018-05-04,26.799999237060547,28.3799991607666,26.75,27.64999961853028,21.47577667236328,11682700
NWL,2018-05-07,27.65999984741211,27.68000030517578,27.06999969482422,27.57999992370605,21.42140388488769,5706000
NWL,2018-05-08,27.57999992370605,27.68000030517578,27.239999771118164,27.309999465942383,21.21169662475586,5539500
NWL,2018-05-09,27.32999992370605,27.479999542236328,26.90999984741211,26.959999084472656,20.93985176086425,4651800
NWL,2018-05-10,27.200000762939453,27.61000061035156,27.13999938964844,27.420000076293945,21.29713630676269,5675200
NWL,2018-05-11,27.350000381469727,27.540000915527344,26.850000381469727,27.059999465942383,21.01752281188965,5505600
NWL,2018-05-14,27.1299991607666,27.25,27.01000022888184,27.11000061035156,21.056360244750977,2626100
NWL,2018-05-15,26.979999542236328,27.059999465942383,26.13999938964844,26.34000015258789,20.458297729492188,5967100
NWL,2018-05-16,26.31999969482422,26.520000457763672,26.059999465942383,26.5,20.58257102966309,4671800
NWL,2018-05-17,26.549999237060547,27.07999992370605,26.350000381469727,27.020000457763672,20.986452102661133,6866200
NWL,2018-05-18,27.049999237060547,27.190000534057617,26.06999969482422,26.31999969482422,20.442766189575195,6144000
NWL,2018-05-21,26.5,26.71999931335449,26.270000457763672,26.38999938964844,20.497129440307617,3465600
NWL,2018-05-22,26.450000762939453,26.729999542236328,26.170000076293945,26.229999542236328,20.372861862182617,5476800
NWL,2018-05-23,26.190000534057617,26.350000381469727,25.6299991607666,25.8799991607666,20.10101318359375,7248900
NWL,2018-05-24,25.739999771118164,25.86000061035156,24.89999961853028,25.11000061035156,19.502954483032227,9247100
NWL,2018-05-25,25.020000457763672,25.440000534057617,25.01000022888184,25.26000022888184,19.619461059570312,3727500
NWL,2018-05-29,25.049999237060547,25.299999237060547,24.61000061035156,24.82999992370605,19.28548049926757,7638000
NWL,2018-05-30,24.82999992370605,24.96999931335449,24.38999938964844,24.780000686645508,19.426591873168945,5854300
NWL,2018-05-31,24.780000686645508,24.799999237060547,23.40999984741211,23.57999992370605,18.485837936401367,11681900
NWL,2018-06-01,23.59000015258789,23.709999084472656,22.600000381469727,23.1200008392334,18.12521743774414,13858600
NWL,2018-06-04,23.15999984741211,23.34000015258789,22.690000534057617,23.21999931335449,18.20360946655273,9311000
NWL,2018-06-05,23.270000457763672,23.59000015258789,23.13999938964844,23.57999992370605,18.485837936401367,9715500
NWL,2018-06-06,23.670000076293945,24.1200008392334,23.40999984741211,24.100000381469727,18.89349937438965,5022600
NWL,2018-06-07,24.049999237060547,24.75,24.049999237060547,24.46999931335449,19.183565139770508,10818600
NWL,2018-06-08,24.290000915527344,24.739999771118164,24.21999931335449,24.68000030517578,19.348194122314453,5852200
NWL,2018-06-11,25.100000381469727,25.690000534057617,24.959999084472656,25.59000015258789,20.06160354614257,14419200
NWL,2018-06-12,25.57999992370605,26.40999984741211,25.450000762939453,26.31999969482422,20.63389587402344,10133300
NWL,2018-06-13,26.459999084472656,26.68000030517578,26.01000022888184,26.040000915527344,20.41438674926757,6301200
NWL,2018-06-14,26.190000534057617,26.709999084472656,26.049999237060547,26.38999938964844,20.68877410888672,6488100
NWL,2018-06-15,26.299999237060547,26.600000381469727,25.8799991607666,26.049999237060547,20.422224044799805,6645400
NWL,2018-06-18,25.76000022888184,26.01000022888184,25.479999542236328,25.920000076293945,20.32030868530273,4722100
NWL,2018-06-19,25.670000076293945,26.43000030517578,25.559999465942383,26.26000022888184,20.58685302734375,5410700
NWL,2018-06-20,26.43000030517578,26.709999084472656,25.950000762939453,26.299999237060547,20.61821556091309,4086500
NWL,2018-06-21,26.25,26.39999961853028,25.709999084472656,25.780000686645508,20.21055221557617,3106600
NWL,2018-06-22,25.81999969482422,26.420000076293945,25.81999969482422,26.209999084472656,20.54766082763672,7129500
NWL,2018-06-25,25.959999084472656,26.21999931335449,25.559999465942383,26.020000457763672,20.39870834350586,5747000
NWL,2018-06-26,26.190000534057617,26.36000061035156,25.670000076293945,26.21999931335449,20.55550003051757,6485000
NWL,2018-06-27,26.049999237060547,26.440000534057617,25.63999938964844,25.959999084472656,20.351667404174805,8620800
NWL,2018-06-28,25.96999931335449,26.09000015258789,25.280000686645508,25.709999084472656,20.15567970275879,3385700
NWL,2018-06-29,25.700000762939453,26.21999931335449,25.479999542236328,25.790000915527344,20.218395233154297,4006600
NWL,2018-07-02,25.549999237060547,26.299999237060547,25.530000686645508,26.270000457763672,20.594701766967773,4474400
NWL,2018-07-03,26.25,26.520000457763672,26.15999984741211,26.26000022888184,20.58685302734375,3238900
NWL,2018-07-05,26.5,27.190000534057617,26.34000015258789,27.14999961853028,21.28458404541016,5718700
NWL,2018-07-06,27.07999992370605,27.57999992370605,27.049999237060547,27.420000076293945,21.496252059936523,4301500
NWL,2018-07-09,27.46999931335449,27.979999542236328,27.270000457763672,27.84000015258789,21.82551956176757,4666800
NWL,2018-07-10,27.799999237060547,27.84000015258789,27.3799991607666,27.63999938964844,21.66872787475586,4106100
NWL,2018-07-11,26.940000534057617,27.600000381469727,26.940000534057617,27.39999961853028,21.48057556152344,3499800
NWL,2018-07-12,27.56999969482422,27.68000030517578,27.31999969482422,27.520000457763672,21.574649810791016,3414200
NWL,2018-07-13,27.559999465942383,28.0,27.51000022888184,27.799999237060547,21.794158935546875,2858500
NWL,2018-07-16,27.81999969482422,27.88999938964844,27.690000534057617,27.770000457763672,21.770641326904297,2531300
NWL,2018-07-17,27.670000076293945,27.790000915527344,27.61000061035156,27.6299991607666,21.660888671875,3087900
NWL,2018-07-18,27.559999465942383,27.68000030517578,26.82999992370605,26.86000061035156,21.057233810424805,5421500
NWL,2018-07-19,26.71999931335449,26.920000076293945,26.43000030517578,26.770000457763672,20.986677169799805,3885600
NWL,2018-07-20,26.709999084472656,26.86000061035156,26.09000015258789,26.14999961853028,20.500621795654297,5504900
NWL,2018-07-23,26.13999938964844,26.8799991607666,26.01000022888184,26.459999084472656,20.74365234375,4528900
NWL,2018-07-24,26.459999084472656,26.88999938964844,26.229999542236328,26.450000762939453,20.735809326171875,4084400
NWL,2018-07-25,26.38999938964844,26.479999542236328,25.43000030517578,25.88999938964844,20.29679107666016,5027300
NWL,2018-07-26,25.809999465942383,26.6200008392334,25.809999465942383,26.190000534057617,20.53197860717773,7469700
NWL,2018-07-27,26.280000686645508,26.40999984741211,25.8700008392334,26.030000686645508,20.40654754638672,5419200
NWL,2018-07-30,26.15999984741211,26.68000030517578,26.11000061035156,26.209999084472656,20.54766082763672,7463800
NWL,2018-07-31,26.280000686645508,26.3700008392334,25.979999542236328,26.190000534057617,20.53197860717773,5331300
NWL,2018-08-01,26.020000457763672,26.309999465942383,25.989999771118164,26.18000030517578,20.524141311645508,4325900
NWL,2018-08-02,26.1200008392334,26.530000686645508,26.09000015258789,26.520000457763672,20.79068946838379,3970300
NWL,2018-08-03,26.59000015258789,27.040000915527344,26.530000686645508,26.56999969482422,20.829883575439453,5422600
NWL,2018-08-06,25.64999961853028,26.25,22.5,22.76000022888184,17.842987060546875,34676600
NWL,2018-08-07,22.68000030517578,22.799999237060547,21.64999961853028,21.68000030517578,16.996309280395508,24685000
NWL,2018-08-08,21.40999984741211,21.64999961853028,20.209999084472656,20.790000915527344,16.298580169677734,26998500
NWL,2018-08-09,21.209999084472656,21.40999984741211,20.82999992370605,20.8799991607666,16.369136810302734,18774200
NWL,2018-08-10,20.93000030517578,21.040000915527344,20.64999961853028,20.81999969482422,16.322101593017578,11819200
NWL,2018-08-13,20.89999961853028,20.90999984741211,20.26000022888184,20.450000762939453,16.03203773498535,13463500
NWL,2018-08-14,20.700000762939453,20.76000022888184,20.32999992370605,20.64999961853028,16.188823699951172,13335200
NWL,2018-08-15,20.6200008392334,20.90999984741211,20.350000381469727,20.88999938964844,16.376976013183594,8051300
NWL,2018-08-16,20.940000534057617,21.559999465942383,20.920000076293945,21.309999465942383,16.70624351501465,9893900
NWL,2018-08-17,21.31999969482422,21.64999961853028,20.950000762939453,21.5,16.85519790649414,6604800
NWL,2018-08-20,21.600000381469727,21.770000457763672,21.5,21.75,17.051185607910156,11741100
NWL,2018-08-21,21.850000381469727,21.90999984741211,21.450000762939453,21.799999237060547,17.09038734436035,6679700
NWL,2018-08-22,21.799999237060547,21.799999237060547,21.559999465942383,21.64999961853028,16.972789764404297,4028000
NWL,2018-08-23,21.63999938964844,21.76000022888184,21.32999992370605,21.709999084472656,17.01982879638672,5220000
NWL,2018-08-24,21.670000076293945,21.770000457763672,21.530000686645508,21.68000030517578,16.996309280395508,5157500
NWL,2018-08-27,21.799999237060547,22.38999938964844,21.799999237060547,22.32999992370605,17.50588035583496,7580300
NWL,2018-08-28,22.420000076293945,22.59000015258789,22.280000686645508,22.459999084472656,17.60780143737793,8415300
NWL,2018-08-29,22.6200008392334,22.82999992370605,21.950000762939453,22.5,17.639158248901367,8792600
NWL,2018-08-30,22.229999542236328,22.239999771118164,21.81999969482422,21.86000061035156,17.314416885375977,6312100
NWL,2018-08-31,21.81999969482422,21.82999992370605,21.520000457763672,21.71999931335449,17.203527450561523,5588900
NWL,2018-09-04,21.6200008392334,21.65999984741211,21.25,21.3700008392334,16.926307678222656,6155000
NWL,2018-09-05,21.31999969482422,22.170000076293945,21.25,21.8700008392334,17.32233238220215,9596600
NWL,2018-09-06,21.799999237060547,21.850000381469727,21.209999084472656,21.270000457763672,16.84709930419922,4815700
NWL,2018-09-07,21.270000457763672,21.440000534057617,21.1299991607666,21.3700008392334,16.926307678222656,4135300
NWL,2018-09-10,21.450000762939453,21.93000030517578,21.40999984741211,21.61000061035156,17.11640167236328,5076300
NWL,2018-09-11,21.57999992370605,21.709999084472656,21.270000457763672,21.459999084472656,16.997589111328125,4706200
NWL,2018-09-12,21.530000686645508,21.979999542236328,21.38999938964844,21.729999542236328,17.211441040039062,5575500
NWL,2018-09-13,21.850000381469727,21.989999771118164,21.46999931335449,21.979999542236328,17.40946388244629,12633800
NWL,2018-09-14,22.100000381469727,22.100000381469727,21.530000686645508,21.700000762939453,17.187685012817383,6530300
NWL,2018-09-17,21.700000762939453,21.850000381469727,21.530000686645508,21.559999465942383,17.076797485351562,4181000
NWL,2018-09-18,21.51000022888184,21.700000762939453,21.31999969482422,21.520000457763672,17.045114517211914,4841400
NWL,2018-09-19,21.540000915527344,21.90999984741211,21.450000762939453,21.63999938964844,17.140161514282227,6976800
NWL,2018-09-20,21.75,22.34000015258789,21.729999542236328,22.0,17.42530059814453,9035800
NWL,2018-09-21,22.059999465942383,22.06999969482422,21.56999969482422,21.84000015258789,17.298572540283203,14275600
NWL,2018-09-24,21.75,21.75,20.13999938964844,20.450000762939453,16.197612762451172,15875000
NWL,2018-09-25,20.51000022888184,20.729999542236328,20.39999961853028,20.57999992370605,16.300579071044922,8262000
NWL,2018-09-26,20.64999961853028,20.84000015258789,20.420000076293945,20.540000915527344,16.268896102905273,4902300
NWL,2018-09-27,20.549999237060547,20.549999237060547,20.36000061035156,20.450000762939453,16.197612762451172,8907300
NWL,2018-09-28,20.450000762939453,20.559999465942383,20.26000022888184,20.299999237060547,16.078800201416016,6327400
NWL,2018-10-01,20.3799991607666,20.809999465942383,20.229999542236328,20.43000030517578,16.1817684173584,5738200
NWL,2018-10-02,20.459999084472656,20.709999084472656,20.290000915527344,20.40999984741211,16.16592788696289,5043400
NWL,2018-10-03,20.450000762939453,20.64999961853028,20.18000030517578,20.420000076293945,16.17384910583496,4110800
NWL,2018-10-04,20.3799991607666,20.459999084472656,19.959999084472656,19.96999931335449,15.817422866821287,8913000
NWL,2018-10-05,20.0,20.09000015258789,18.61000061035156,18.81999969482422,14.906554222106934,16045000
NWL,2018-10-08,18.64999961853028,19.3799991607666,18.57999992370605,19.309999465942383,15.294660568237305,8097000
NWL,2018-10-09,19.32999992370605,19.32999992370605,18.600000381469727,18.71999931335449,14.82734489440918,6213200
NWL,2018-10-10,18.690000534057617,18.71999931335449,18.049999237060547,18.06999969482422,14.312508583068848,8938600
NWL,2018-10-11,18.0,18.100000381469727,17.56999969482422,17.670000076293945,13.995685577392578,9018700
NWL,2018-10-12,18.059999465942383,18.1200008392334,17.280000686645508,17.520000457763672,13.876877784729004,6952700
NWL,2018-10-15,17.350000381469727,17.75,17.290000915527344,17.43000030517578,13.805594444274902,10435000
NWL,2018-10-16,17.520000457763672,18.06999969482422,17.06999969482422,18.0,14.257062911987305,9173400
NWL,2018-10-17,17.889999389648438,18.239999771118164,17.700000762939453,17.75,14.05905055999756,9681200
NWL,2018-10-18,17.799999237060547,17.860000610351562,16.510000228881836,16.610000610351562,13.15610408782959,13401400
NWL,2018-10-19,16.639999389648438,17.299999237060547,16.56999969482422,16.950000762939453,13.42540168762207,12178700
NWL,2018-10-22,17.100000381469727,17.31999969482422,16.31999969482422,16.31999969482422,12.926405906677246,10522400
NWL,2018-10-23,16.149999618530273,16.56999969482422,15.93000030517578,16.43000030517578,13.01353359222412,10612700
NWL,2018-10-24,16.6200008392334,16.84000015258789,15.880000114440918,15.9399995803833,12.625425338745115,14473500
NWL,2018-10-25,16.09000015258789,16.670000076293945,16.059999465942383,16.399999618530273,12.989768981933594,9140500
NWL,2018-10-26,16.15999984741211,16.200000762939453,15.380000114440918,15.630000114440918,12.37988567352295,11476000
NWL,2018-10-29,15.8100004196167,16.020000457763672,15.119999885559082,15.399999618530272,12.197710037231444,9230300
NWL,2018-10-30,15.4399995803833,16.030000686645508,15.399999618530272,15.960000038146973,12.641263961791992,9490500
NWL,2018-10-31,16.18000030517578,16.299999237060547,15.5600004196167,15.880000114440918,12.577900886535645,10693900
NWL,2018-11-01,15.899999618530272,16.8700008392334,15.75,16.549999237060547,13.108576774597168,16297100
NWL,2018-11-02,18.239999771118164,19.31999969482422,17.989999771118164,18.989999771118164,15.041203498840332,28383000
NWL,2018-11-05,19.15999984741211,20.11000061035156,19.0,19.96999931335449,15.817422866821287,17541500
NWL,2018-11-06,19.90999984741211,20.190000534057617,19.75,19.950000762939453,15.801581382751465,8315900
NWL,2018-11-07,20.440000534057617,20.6299991607666,19.8799991607666,20.170000076293945,15.975831031799316,8912200
NWL,2018-11-08,20.01000022888184,20.440000534057617,19.76000022888184,20.209999084472656,16.00751304626465,5444000
NWL,2018-11-09,20.200000762939453,20.32999992370605,19.600000381469727,19.89999961853028,15.761978149414062,7712000
NWL,2018-11-12,19.82999992370605,20.5,19.68000030517578,20.239999771118164,16.03127670288086,10483300
NWL,2018-11-13,20.26000022888184,20.8700008392334,20.239999771118164,20.530000686645508,16.260974884033203,10234100
NWL,2018-11-14,20.790000915527344,20.809999465942383,20.43000030517578,20.61000061035156,16.3243408203125,8926700
NWL,2018-11-15,20.68000030517578,21.559999465942383,20.5,21.3799991607666,16.934223175048828,11963300
NWL,2018-11-16,21.1299991607666,21.84000015258789,21.1200008392334,21.68000030517578,17.171842575073242,9719500
NWL,2018-11-19,21.65999984741211,21.89999961853028,21.21999931335449,21.420000076293945,16.965909957885742,11085200
NWL,2018-11-20,21.030000686645508,21.6200008392334,20.82999992370605,21.600000381469727,17.108482360839844,11113600
NWL,2018-11-21,21.670000076293945,21.989999771118164,21.40999984741211,21.770000457763672,17.24312973022461,5037900
NWL,2018-11-23,21.59000015258789,21.8700008392334,21.479999542236328,21.739999771118164,17.2193660736084,2349300
NWL,2018-11-26,21.88999938964844,23.739999771118164,21.850000381469727,23.520000457763672,18.62923240661621,18686900
NWL,2018-11-27,23.25,23.540000915527344,22.799999237060547,23.40999984741211,18.5421085357666,11694700
NWL,2018-11-28,23.479999542236328,23.600000381469727,22.450000762939453,23.57999992370605,18.676755905151367,12571700
NWL,2018-11-29,23.190000534057617,24.21999931335449,23.059999465942383,23.799999237060547,19.03669166564941,8367200
NWL,2018-11-30,23.709999084472656,24.209999084472656,23.39999961853028,23.39999961853028,18.716747283935547,14213500
NWL,2018-12-03,23.88999938964844,24.56999969482422,23.709999084472656,24.170000076293945,19.3326416015625,12693200
NWL,2018-12-04,24.049999237060547,24.209999084472656,23.31999969482422,23.540000915527344,18.828731536865234,12263800
NWL,2018-12-06,23.280000686645508,23.280000686645508,22.14999961853028,22.96999931335449,18.37280464172364,12409900
NWL,2018-12-07,23.100000381469727,23.549999237060547,22.40999984741211,22.68000030517578,18.14084815979004,10680000
NWL,2018-12-10,22.780000686645508,22.89999961853028,21.96999931335449,22.86000061035156,18.28482246398925,8360500
NWL,2018-12-11,23.13999938964844,23.559999465942383,22.979999542236328,23.40999984741211,18.724748611450195,9830200
NWL,2018-12-12,23.670000076293945,23.799999237060547,23.39999961853028,23.559999465942383,18.8447265625,7343400
NWL,2018-12-13,23.6200008392334,23.64999961853028,22.6299991607666,22.780000686645508,18.2208309173584,7587800
NWL,2018-12-14,22.65999984741211,22.71999931335449,21.950000762939453,22.07999992370605,17.660932540893555,12960200
NWL,2018-12-17,22.07999992370605,22.26000022888184,21.31999969482422,21.5,17.197011947631836,7239700
NWL,2018-12-18,21.59000015258789,21.989999771118164,21.26000022888184,21.40999984741211,17.125024795532227,6418300
NWL,2018-12-19,21.489999771118164,21.86000061035156,20.270000457763672,20.39999961853028,16.317167282104492,8214200
NWL,2018-12-20,21.229999542236328,21.25,19.959999084472656,20.030000686645508,16.02121925354004,13007400
NWL,2018-12-21,20.170000076293945,20.520000457763672,18.63999938964844,18.86000061035156,15.085382461547852,15918900
NWL,2018-12-24,18.670000076293945,18.809999465942383,17.940000534057617,17.950000762939453,14.357505798339844,4907200
NWL,2018-12-26,18.15999984741211,19.020000457763672,17.709999084472656,18.90999984741211,15.125370979309082,7465000
NWL,2018-12-27,18.59000015258789,18.709999084472656,17.860000610351562,18.39999961853028,14.717442512512209,8278000
NWL,2018-12-28,18.600000381469727,19.0,18.1200008392334,18.3799991607666,14.701443672180176,8517000
NWL,2018-12-31,18.56999969482422,18.739999771118164,18.020000457763672,18.59000015258789,14.869415283203123,5590200
NWL,2019-01-02,18.049999237060547,19.049999237060547,17.979999542236328,18.65999984741211,14.925407409667969,5207200
NWL,2019-01-03,18.3700008392334,18.71999931335449,18.059999465942383,18.270000457763672,14.613463401794434,4385900
NWL,2019-01-04,18.670000076293945,19.31999969482422,18.63999938964844,19.15999984741211,15.325335502624512,5135900
NWL,2019-01-07,19.15999984741211,19.86000061035156,18.799999237060547,19.5,15.597289085388184,9021100
NWL,2019-01-08,19.770000457763672,19.86000061035156,19.34000015258789,19.700000762939453,15.75726318359375,5278800
NWL,2019-01-09,19.75,20.14999961853028,19.61000061035156,19.729999542236328,15.781256675720217,7750200
NWL,2019-01-10,19.64999961853028,20.6200008392334,19.63999938964844,20.549999237060547,16.437143325805664,4730800
NWL,2019-01-11,20.46999931335449,20.700000762939453,20.200000762939453,20.39999961853028,16.317167282104492,4151100
NWL,2019-01-14,20.32999992370605,20.68000030517578,20.07999992370605,20.299999237060547,16.237178802490234,5880700
NWL,2019-01-15,20.39999961853028,20.8799991607666,20.299999237060547,20.790000915527344,16.62911033630371,4354300
NWL,2019-01-16,20.799999237060547,20.920000076293945,20.489999771118164,20.549999237060547,16.437143325805664,3987700
NWL,2019-01-17,20.51000022888184,20.790000915527344,20.350000381469727,20.729999542236328,16.58112144470215,4117800
NWL,2019-01-18,20.850000381469727,21.530000686645508,20.76000022888184,21.09000015258789,16.86907386779785,5098400
NWL,2019-01-22,21.01000022888184,21.07999992370605,20.299999237060547,20.489999771118164,16.389156341552734,4893200
NWL,2019-01-23,20.540000915527344,20.729999542236328,20.059999465942383,20.309999465942383,16.245176315307617,3190100
NWL,2019-01-24,20.280000686645508,21.01000022888184,20.11000061035156,20.979999542236328,16.78108787536621,3965700
NWL,2019-01-25,21.200000762939453,21.729999542236328,21.049999237060547,21.31999969482422,17.053037643432617,4020400
NWL,2019-01-28,21.1200008392334,21.540000915527344,20.979999542236328,21.450000762939453,17.157018661499023,3424700
NWL,2019-01-29,21.420000076293945,21.709999084472656,21.07999992370605,21.1299991607666,16.90106964111328,4218700
NWL,2019-01-30,20.93000030517578,21.440000534057617,20.57999992370605,20.920000076293945,16.733091354370117,6546600
NWL,2019-01-31,20.86000061035156,21.420000076293945,20.68000030517578,21.209999084472656,16.96504783630371,4053600
NWL,2019-02-01,21.229999542236328,21.36000061035156,21.0,21.280000686645508,17.021045684814453,6687400
NWL,2019-02-04,21.200000762939453,21.76000022888184,21.14999961853028,21.75,17.396976470947266,3383600
NWL,2019-02-05,21.71999931335449,21.89999961853028,21.270000457763672,21.3700008392334,17.093032836914062,3434700
NWL,2019-02-06,21.3799991607666,21.600000381469727,21.229999542236328,21.32999992370605,17.06103515625,3682400
NWL,2019-02-07,21.190000534057617,21.229999542236328,20.489999771118164,20.71999931335449,16.573118209838867,5152000
NWL,2019-02-08,20.600000381469727,20.770000457763672,20.25,20.59000015258789,16.46913719177246,3297000
NWL,2019-02-11,20.709999084472656,21.51000022888184,20.540000915527344,21.36000061035156,17.085033416748047,4455800
NWL,2019-02-12,21.5,21.81999969482422,21.309999465942383,21.559999465942383,17.245006561279297,3857500
NWL,2019-02-13,21.68000030517578,22.059999465942383,21.59000015258789,21.64999961853028,17.316993713378906,4214800
NWL,2019-02-14,21.520000457763672,21.8799991607666,21.21999931335449,21.690000534057617,17.348987579345703,5874900
NWL,2019-02-15,18.940000534057617,19.06999969482422,17.100000381469727,17.15999984741211,13.725614547729492,42437100
NWL,2019-02-19,17.34000015258789,17.479999542236328,16.579999923706055,17.010000228881836,13.605636596679688,15623300
NWL,2019-02-20,17.100000381469727,17.690000534057617,16.899999618530273,17.149999618530273,13.717616081237791,15955100
NWL,2019-02-21,17.15999984741211,17.31999969482422,16.899999618530273,17.290000915527344,13.829597473144531,8537100
NWL,2019-02-22,17.229999542236328,17.290000915527344,17.020000457763672,17.059999465942383,13.645628929138184,10761900
NWL,2019-02-25,17.149999618530273,17.40999984741211,17.100000381469727,17.1299991607666,13.701621055603027,10294000
NWL,2019-02-26,17.200000762939453,17.25,17.0,17.1200008392334,13.693622589111328,6960200
NWL,2019-02-27,16.920000076293945,16.950000762939453,16.450000762939453,16.489999771118164,13.369319915771484,7444500
NWL,2019-02-28,16.510000228881836,16.59000015258789,16.06999969482422,16.229999542236328,13.158522605895996,8583000
NWL,2019-03-01,16.280000686645508,16.3799991607666,16.059999465942383,16.170000076293945,13.109877586364746,4964500
NWL,2019-03-04,16.0,16.399999618530273,15.859999656677246,16.110000610351562,13.061234474182127,6376700
NWL,2019-03-05,16.06999969482422,16.229999542236328,16.0,16.0,12.972050666809082,8583500
NWL,2019-03-06,16.020000457763672,16.139999389648438,15.630000114440918,15.6899995803833,12.720715522766112,6423100
NWL,2019-03-07,15.56999969482422,15.789999961853027,15.460000038146973,15.5,12.566673278808594,5782100
NWL,2019-03-08,15.399999618530272,15.869999885559082,15.220000267028809,15.4399995803833,12.518027305603027,6982200
NWL,2019-03-11,15.649999618530272,15.699999809265137,15.34000015258789,15.609999656677246,12.655856132507324,5996800
NWL,2019-03-12,15.619999885559082,15.729999542236328,15.229999542236328,15.59000015258789,12.639642715454102,6864500
NWL,2019-03-13,15.65999984741211,15.760000228881836,15.449999809265137,15.470000267028809,12.542349815368652,6587100
NWL,2019-03-14,15.56999969482422,15.90999984741211,15.329999923706056,15.449999809265137,12.526135444641112,7289900
NWL,2019-03-15,15.609999656677246,15.75,15.149999618530272,15.5600004196167,12.615321159362791,19336300
NWL,2019-03-18,15.5600004196167,16.280000686645508,15.5600004196167,15.979999542236328,12.955835342407228,9242400
NWL,2019-03-19,16.049999237060547,16.1200008392334,15.800000190734863,15.869999885559082,12.866652488708496,6939200
NWL,2019-03-20,15.859999656677246,15.979999542236328,15.460000038146973,15.75,12.76936149597168,10779000
NWL,2019-03-21,15.760000228881836,15.9399995803833,15.6899995803833,15.800000190734863,12.80989933013916,4421200
NWL,2019-03-22,15.75,15.75,14.989999771118164,15.0,12.161295890808104,6927000
NWL,2019-03-25,14.960000038146973,15.130000114440918,14.739999771118164,15.06999969482422,12.218050956726074,4980100
NWL,2019-03-26,15.140000343322754,15.5,15.0600004196167,15.270000457763672,12.380200386047363,4406100
NWL,2019-03-27,15.289999961853027,15.449999809265137,15.100000381469728,15.329999923706056,12.42884635925293,3361200
NWL,2019-03-28,15.34000015258789,15.550000190734863,15.18000030517578,15.4399995803833,12.518027305603027,4237400
NWL,2019-03-29,15.510000228881836,15.529999732971191,15.18000030517578,15.34000015258789,12.4369535446167,6709200
NWL,2019-04-01,15.399999618530272,15.640000343322754,15.270000457763672,15.4399995803833,12.518027305603027,5827700
NWL,2019-04-02,15.390000343322754,15.649999618530272,15.329999923706056,15.34000015258789,12.4369535446167,4253900
NWL,2019-04-03,15.5,15.619999885559082,15.199999809265137,15.31999969482422,12.42073917388916,4641700
NWL,2019-04-04,15.31999969482422,15.649999618530272,15.279999732971191,15.56999969482422,12.623425483703612,5565500
NWL,2019-04-05,15.640000343322754,16.09000015258789,15.59000015258789,15.850000381469728,12.850438117980955,5532700
NWL,2019-04-08,15.899999618530272,16.0,15.640000343322754,15.760000228881836,12.77746868133545,4529900
NWL,2019-04-09,15.6899995803833,15.75,15.260000228881836,15.289999961853027,12.396414756774902,5143500
NWL,2019-04-10,15.329999923706056,15.479999542236328,15.210000038146973,15.479999542236328,12.550458908081056,3128000
NWL,2019-04-11,15.489999771118164,15.579999923706056,15.31999969482422,15.359999656677246,12.453167915344238,4470900
NWL,2019-04-12,15.43000030517578,15.59000015258789,15.3100004196167,15.390000343322754,12.47749137878418,5920900
NWL,2019-04-15,15.390000343322754,15.390000343322754,15.149999618530272,15.18000030517578,12.30723476409912,4913500
NWL,2019-04-16,15.1899995803833,15.260000228881836,15.029999732971191,15.18000030517578,12.30723476409912,5514800
NWL,2019-04-17,15.25,15.369999885559082,15.119999885559082,15.15999984741211,12.29101848602295,4294300
NWL,2019-04-18,15.15999984741211,15.289999961853027,15.119999885559082,15.149999618530272,12.282909393310549,7221800
NWL,2019-04-22,15.15999984741211,15.239999771118164,14.399999618530272,14.40999984741211,11.682950973510742,10268300
NWL,2019-04-23,14.479999542236328,14.539999961853027,14.149999618530272,14.170000076293944,11.488373756408691,7705600
NWL,2019-04-24,14.210000038146973,14.350000381469728,14.050000190734863,14.229999542236328,11.537016868591309,5768100
NWL,2019-04-25,14.15999984741211,14.18000030517578,13.56999969482422,13.630000114440918,11.050564765930176,8413400
NWL,2019-04-26,13.640000343322754,14.390000343322754,13.640000343322754,14.31999969482422,11.609986305236816,7792300
NWL,2019-04-29,14.399999618530272,14.6899995803833,14.31999969482422,14.420000076293944,11.69106101989746,5651300
NWL,2019-04-30,14.390000343322754,14.5,14.1899995803833,14.380000114440918,11.658631324768066,7173000
NWL,2019-05-01,14.420000076293944,14.710000038146973,14.220000267028809,14.350000381469728,11.634305953979492,7448200
NWL,2019-05-02,14.329999923706056,14.729999542236328,14.329999923706056,14.649999618530272,11.87753200531006,7218200
NWL,2019-05-03,15.550000190734863,16.700000762939453,15.5,16.6299991607666,13.482823371887209,19595000
NWL,2019-05-06,16.1200008392334,16.260000228881836,15.829999923706056,15.979999542236328,12.955835342407228,8264300
NWL,2019-05-07,15.8100004196167,16.31999969482422,15.789999961853027,15.960000038146973,12.939619064331056,7225000
NWL,2019-05-08,15.899999618530272,16.049999237060547,15.5,15.529999732971191,12.59099578857422,5103300
NWL,2019-05-09,15.43000030517578,15.56999969482422,15.18000030517578,15.359999656677246,12.453167915344238,5227600
NWL,2019-05-10,15.31999969482422,15.420000076293944,14.93000030517578,15.31999969482422,12.42073917388916,4655100
NWL,2019-05-13,14.90999984741211,15.239999771118164,14.829999923706056,15.199999809265137,12.323448181152344,4768400
NWL,2019-05-14,15.25,15.5,15.079999923706056,15.279999732971191,12.388309478759766,4734200
NWL,2019-05-15,15.220000267028809,15.670000076293944,15.09000015258789,15.630000114440918,12.672073364257812,7097500
NWL,2019-05-16,15.640000343322754,15.920000076293944,15.510000228881836,15.539999961853027,12.599102973937988,3313700
NWL,2019-05-17,15.529999732971191,15.8100004196167,15.369999885559082,15.460000038146973,12.534244537353516,3270900
NWL,2019-05-20,15.260000228881836,15.329999923706056,15.029999732971191,15.31999969482422,12.42073917388916,4095500
NWL,2019-05-21,15.390000343322754,15.619999885559082,15.329999923706056,15.520000457763672,12.58288860321045,3811000
NWL,2019-05-22,15.4399995803833,15.720000267028809,15.329999923706056,15.5,12.566673278808594,4184900
NWL,2019-05-23,15.34000015258789,15.449999809265137,15.09000015258789,15.149999618530272,12.282909393310549,3669300
NWL,2019-05-24,15.239999771118164,15.40999984741211,15.010000228881836,15.050000190734863,12.20183563232422,2605200
NWL,2019-05-28,15.079999923706056,15.109999656677246,14.3100004196167,14.31999969482422,11.609986305236816,7318200
NWL,2019-05-29,14.18000030517578,14.300000190734863,13.40999984741211,13.649999618530272,11.066779136657717,9510900
NWL,2019-05-30,13.390000343322754,13.68000030517578,13.300000190734863,13.40999984741211,11.05853271484375,5169200
NWL,2019-05-31,13.260000228881836,13.489999771118164,13.039999961853027,13.420000076293944,11.066781044006348,9234900
NWL,2019-06-03,13.279999732971191,13.970000267028809,13.279999732971191,13.850000381469728,11.421381950378418,7397100
NWL,2019-06-04,13.90999984741211,14.68000030517578,13.90999984741211,14.630000114440918,12.064605712890623,5344900
NWL,2019-06-05,14.720000267028809,14.890000343322754,14.31999969482422,14.81999969482422,12.221288681030272,4683900
NWL,2019-06-06,14.760000228881836,15.050000190734863,14.300000190734863,14.670000076293944,12.097590446472168,3898400
NWL,2019-06-07,14.600000381469728,14.770000457763672,14.43000030517578,14.56999969482422,12.015125274658203,3452700
NWL,2019-06-10,14.600000381469728,14.899999618530272,14.350000381469728,14.380000114440918,11.858443260192873,4978500
NWL,2019-06-11,14.539999961853027,14.829999923706056,14.5,14.600000381469728,12.03986644744873,4266400
NWL,2019-06-12,14.619999885559082,14.899999618530272,14.550000190734863,14.5600004196167,12.006880760192873,3042600
NWL,2019-06-13,14.619999885559082,14.869999885559082,14.470000267028809,14.859999656677246,12.254274368286133,3611300
NWL,2019-06-14,14.81999969482422,14.81999969482422,14.390000343322754,14.5,11.95740032196045,2929500
NWL,2019-06-17,14.5,14.75,14.270000457763672,14.539999961853027,11.990386962890623,3957100
NWL,2019-06-18,14.619999885559082,15.079999923706056,14.5600004196167,14.789999961853027,12.196548461914062,3913700
NWL,2019-06-19,14.84000015258789,15.039999961853027,14.649999618530272,15.029999732971191,12.394465446472168,3390200
NWL,2019-06-20,15.149999618530272,15.279999732971191,14.920000076293944,15.06999969482422,12.427451133728027,4060500
NWL,2019-06-21,15.0600004196167,15.5,14.880000114440918,15.359999656677246,12.666597366333008,6155000
NWL,2019-06-24,15.399999618530272,15.460000038146973,14.649999618530272,14.729999542236328,12.14707088470459,4270000
NWL,2019-06-25,14.760000228881836,15.15999984741211,14.670000076293944,14.850000381469728,12.246028900146484,6957100
NWL,2019-06-26,14.920000076293944,15.4399995803833,14.850000381469728,15.380000114440918,12.683090209960938,5184400
NWL,2019-06-27,15.510000228881836,15.640000343322754,15.100000381469728,15.1899995803833,12.526408195495604,3355300
NWL,2019-06-28,15.260000228881836,15.479999542236328,15.149999618530272,15.420000076293944,12.71607780456543,6961700
NWL,2019-07-01,15.579999923706056,15.84000015258789,15.09000015258789,15.220000267028809,12.551146507263184,3943300
NWL,2019-07-02,15.25,15.25,14.84000015258789,14.93000030517578,12.311999320983888,3850200
NWL,2019-07-03,15.0,15.460000038146973,14.960000038146973,15.460000038146973,12.749063491821287,2367900
NWL,2019-07-05,15.380000114440918,15.420000076293944,15.029999732971191,15.31999969482422,12.633611679077148,2060400
NWL,2019-07-08,15.220000267028809,15.350000381469728,15.050000190734863,15.210000038146973,12.542901992797852,2617800
NWL,2019-07-09,15.119999885559082,15.300000190734863,14.970000267028809,15.039999961853027,12.402709007263184,2927900
NWL,2019-07-10,15.109999656677246,15.149999618530272,14.81999969482422,14.920000076293944,12.303751945495604,2596300
NWL,2019-07-11,14.93000030517578,14.949999809265137,14.479999542236328,14.619999885559082,12.05635929107666,2955200
NWL,2019-07-12,14.59000015258789,15.0,14.59000015258789,14.949999809265137,12.328493118286133,2437000
NWL,2019-07-15,14.989999771118164,15.220000267028809,14.880000114440918,15.149999618530272,12.49342155456543,2984900
NWL,2019-07-16,15.100000381469728,15.34000015258789,15.029999732971191,15.149999618530272,12.49342155456543,4684300
NWL,2019-07-17,15.210000038146973,15.239999771118164,14.789999961853027,14.869999885559082,12.262520790100098,4687600
NWL,2019-07-18,14.859999656677246,14.93000030517578,14.529999732971191,14.670000076293944,12.097590446472168,3333800
NWL,2019-07-19,14.75,14.75,14.31999969482422,14.329999923706056,11.81721019744873,4126800
NWL,2019-07-22,14.3100004196167,14.5,14.09000015258789,14.18000030517578,11.69351291656494,4105700
NWL,2019-07-23,14.170000076293944,14.350000381469728,14.09000015258789,14.279999732971191,11.775979042053224,3558600
NWL,2019-07-24,14.199999809265137,14.5,14.199999809265137,14.390000343322754,11.866690635681152,5349900
NWL,2019-07-25,14.399999618530272,14.460000038146973,14.029999732971191,14.130000114440918,11.652281761169434,4404100
NWL,2019-07-26,14.15999984741211,14.369999885559082,14.020000457763672,14.199999809265137,11.710005760192873,5629600
NWL,2019-07-29,14.199999809265137,14.4399995803833,14.0,14.170000076293944,11.68526554107666,10765200
NWL,2019-07-30,14.18000030517578,14.789999961853027,14.050000190734863,14.149999618530272,11.668773651123049,10246300
NWL,2019-07-31,14.260000228881836,14.600000381469728,14.079999923706056,14.1899995803833,11.701760292053224,8235400
NWL,2019-08-01,14.100000381469728,14.199999809265137,13.390000343322754,13.43000030517578,11.075027465820312,12417700
NWL,2019-08-02,14.229999542236328,15.829999923706056,13.90999984741211,15.34000015258789,12.650104522705078,20655600
NWL,2019-08-05,15.029999732971191,15.449999809265137,14.75,15.100000381469728,12.452188491821287,9256600
NWL,2019-08-06,15.25,15.869999885559082,15.079999923706056,15.81999969482422,13.045936584472656,9475300
NWL,2019-08-07,15.579999923706056,16.34000015258789,15.520000457763672,16.1299991607666,13.3015775680542,8273000
NWL,2019-08-08,16.219999313354492,16.31999969482422,15.890000343322754,16.200000762939453,13.359302520751951,4507100
NWL,2019-08-09,16.1299991607666,16.260000228881836,15.720000267028809,15.84000015258789,13.06242847442627,3565500
NWL,2019-08-12,15.75,15.949999809265137,15.470000267028809,15.84000015258789,13.06242847442627,4412000
NWL,2019-08-13,15.770000457763672,16.25,15.649999618530272,16.010000228881836,13.202617645263672,3793000
NWL,2019-08-14,15.710000038146973,15.979999542236328,15.600000381469728,15.739999771118164,12.979966163635254,3968700
NWL,2019-08-15,15.729999542236328,16.110000610351562,15.600000381469728,15.729999542236328,12.971717834472656,4160700
NWL,2019-08-16,15.8100004196167,16.020000457763672,15.710000038146973,15.84000015258789,13.06242847442627,3198900
NWL,2019-08-19,15.979999542236328,16.110000610351562,15.859999656677246,15.899999618530272,13.111909866333008,5161800
NWL,2019-08-20,16.049999237060547,16.200000762939453,15.850000381469728,16.100000381469727,13.276837348937988,4489500
NWL,2019-08-21,16.190000534057617,16.6299991607666,16.1200008392334,16.549999237060547,13.64792823791504,5308800
NWL,2019-08-22,16.559999465942383,16.770000457763672,16.420000076293945,16.68000030517578,13.755132675170898,3195100
NWL,2019-08-23,16.530000686645508,16.579999923706055,15.699999809265137,15.760000228881836,12.996459007263184,4343900
NWL,2019-08-26,15.880000114440918,15.970000267028809,15.720000267028809,15.81999969482422,13.045936584472656,3045300
NWL,2019-08-27,15.899999618530272,16.170000076293945,15.630000114440918,15.699999809265137,12.946979522705078,4645800
NWL,2019-08-28,15.619999885559082,16.350000381469727,15.579999923706056,16.260000228881836,13.40878200531006,5065900
NWL,2019-08-29,16.25,16.700000762939453,16.229999542236328,16.450000762939453,13.76010513305664,4781600
NWL,2019-08-30,16.600000381469727,16.690000534057617,16.389999389648438,16.600000381469727,13.885577201843262,3089900
NWL,2019-09-03,16.520000457763672,16.520000457763672,16.15999984741211,16.280000686645508,13.617901802062988,4853300
NWL,2019-09-04,16.209999084472656,17.0,16.209999084472656,16.979999542236328,14.203438758850098,4012400
NWL,2019-09-05,17.15999984741211,17.600000381469727,17.06999969482422,17.510000228881836,14.646774291992188,6096100
NWL,2019-09-06,17.479999542236328,17.559999465942383,17.219999313354492,17.239999771118164,14.420923233032228,4228200
NWL,2019-09-09,17.3700008392334,17.850000381469727,17.350000381469727,17.81999969482422,14.906083106994627,4584700
NWL,2019-09-10,17.81999969482422,18.32999992370605,17.760000228881836,18.31999969482422,15.324320793151855,6270200
NWL,2019-09-11,18.3799991607666,18.59000015258789,17.989999771118164,18.51000022888184,15.483251571655272,5556100
NWL,2019-09-12,18.440000534057617,18.57999992370605,18.21999931335449,18.479999542236328,15.458158493041992,3997100
NWL,2019-09-13,18.600000381469727,18.729999542236328,18.39999961853028,18.459999084472656,15.441429138183594,4290000
NWL,2019-09-16,18.280000686645508,18.43000030517578,17.969999313354492,18.280000686645508,15.29086208343506,3879600
NWL,2019-09-17,18.020000457763672,18.540000915527344,17.93000030517578,18.51000022888184,15.483251571655272,4085700
NWL,2019-09-18,18.43000030517578,18.450000762939453,18.14999961853028,18.40999984741211,15.399603843688965,3790100
NWL,2019-09-19,18.3799991607666,18.39999961853028,17.700000762939453,17.8700008392334,14.947904586791992,5251100
NWL,2019-09-20,17.979999542236328,17.979999542236328,17.68000030517578,17.700000762939453,14.805705070495604,6241000
NWL,2019-09-23,17.579999923706055,17.969999313354492,17.56999969482422,17.920000076293945,14.98972988128662,2915300
NWL,2019-09-24,17.93000030517578,18.0,17.690000534057617,17.889999389648438,14.964635848999023,3668800
NWL,2019-09-25,17.940000534057617,18.280000686645508,17.8700008392334,18.020000457763672,15.073376655578612,3186100
NWL,2019-09-26,18.049999237060547,18.68000030517578,17.700000762939453,18.309999465942383,15.315956115722656,5546700
NWL,2019-09-27,18.21999931335449,18.479999542236328,18.07999992370605,18.200000762939453,15.223947525024414,3211400
NWL,2019-09-30,18.84000015258789,19.64999961853028,18.59000015258789,18.71999931335449,15.658913612365724,9557800
NWL,2019-10-01,18.739999771118164,19.1200008392334,18.57999992370605,18.6200008392334,15.57526683807373,6114500
NWL,2019-10-02,18.5,18.5,17.709999084472656,17.790000915527344,14.880987167358398,5013500
NWL,2019-10-03,17.719999313354492,18.13999938964844,17.549999237060547,18.1200008392334,15.157022476196287,5831900
NWL,2019-10-04,18.13999938964844,18.549999237060547,18.059999465942383,18.540000915527344,15.508346557617188,2758000
NWL,2019-10-07,18.530000686645508,18.739999771118164,18.350000381469727,18.59000015258789,15.5501708984375,4701400
NWL,2019-10-08,18.559999465942383,18.729999542236328,18.299999237060547,18.479999542236328,15.458158493041992,4751900
NWL,2019-10-09,18.57999992370605,18.96999931335449,18.530000686645508,18.790000915527344,15.71746826171875,3701100
NWL,2019-10-10,18.790000915527344,18.940000534057617,18.6299991607666,18.850000381469727,15.767656326293944,2854500
NWL,2019-10-11,19.030000686645508,19.270000457763672,18.84000015258789,18.950000762939453,15.851305961608888,3429900
NWL,2019-10-14,18.82999992370605,19.25,18.81999969482422,19.229999542236328,16.08551788330078,2678500
NWL,2019-10-15,19.26000022888184,19.31999969482422,18.989999771118164,19.170000076293945,16.035329818725586,3157800
NWL,2019-10-16,19.1299991607666,19.440000534057617,19.049999237060547,19.350000381469727,16.185897827148438,4088100
NWL,2019-10-17,19.489999771118164,19.5,18.8799991607666,19.06999969482422,15.951679229736328,3575000
NWL,2019-10-18,18.940000534057617,19.559999465942383,18.920000076293945,19.39999961853028,16.227724075317383,4584600
NWL,2019-10-21,19.600000381469727,20.0,19.489999771118164,19.920000076293945,16.662691116333008,4795600
NWL,2019-10-22,19.709999084472656,19.950000762939453,19.200000762939453,19.709999084472656,16.487031936645508,4051800
NWL,2019-10-23,19.739999771118164,19.76000022888184,19.39999961853028,19.479999542236328,16.294639587402344,3288500
NWL,2019-10-24,19.420000076293945,19.559999465942383,19.209999084472656,19.450000762939453,16.269546508789062,4336900
NWL,2019-10-25,19.489999771118164,19.850000381469727,19.450000762939453,19.64999961853028,16.43684196472168,5794600
NWL,2019-10-28,19.770000457763672,19.850000381469727,19.420000076293945,19.479999542236328,16.294639587402344,3924300
NWL,2019-10-29,19.3799991607666,19.420000076293945,18.979999542236328,19.170000076293945,16.035329818725586,5226000
NWL,2019-10-30,18.920000076293945,19.270000457763672,18.920000076293945,19.21999931335449,16.077157974243164,4080300
NWL,2019-10-31,19.100000381469727,19.170000076293945,18.76000022888184,18.96999931335449,15.868034362792969,5377500
NWL,2019-11-01,19.86000061035156,20.799999237060547,19.190000534057617,20.600000381469727,17.231496810913086,11943000
NWL,2019-11-04,20.420000076293945,20.89999961853028,19.530000686645508,20.86000061035156,17.448984146118164,7143800
NWL,2019-11-05,20.950000762939453,20.989999771118164,19.8799991607666,19.96999931335449,16.70451545715332,5838100
NWL,2019-11-06,19.959999084472656,20.280000686645508,19.770000457763672,20.1299991607666,16.838350296020508,3428500
NWL,2019-11-07,20.190000534057617,20.290000915527344,19.93000030517578,20.040000915527344,16.7630672454834,4593700
NWL,2019-11-08,20.100000381469727,20.46999931335449,19.93000030517578,20.3700008392334,17.039106369018555,3583700
NWL,2019-11-11,20.07999992370605,20.1200008392334,19.31999969482422,19.520000457763672,16.32809829711914,3796400
NWL,2019-11-12,19.64999961853028,20.040000915527344,19.530000686645508,19.82999992370605,16.58740997314453,3460100
NWL,2019-11-13,19.81999969482422,20.100000381469727,19.65999984741211,20.09000015258789,16.804889678955078,3421600
NWL,2019-11-14,20.059999465942383,20.200000762939453,19.920000076293945,19.959999084472656,16.696147918701172,2121500
NWL,2019-11-15,19.920000076293945,19.93000030517578,19.459999084472656,19.739999771118164,16.512123107910156,2948100
NWL,2019-11-18,19.670000076293945,19.81999969482422,19.5,19.63999938964844,16.42847442626953,2676000
NWL,2019-11-19,19.670000076293945,19.700000762939453,19.420000076293945,19.559999465942383,16.361555099487305,1911600
NWL,2019-11-20,19.549999237060547,19.57999992370605,19.1299991607666,19.290000915527344,16.135709762573242,2004000
NWL,2019-11-21,19.270000457763672,19.350000381469727,19.1299991607666,19.190000534057617,16.05206298828125,2982200
NWL,2019-11-22,19.209999084472656,19.26000022888184,18.940000534057617,19.0,15.8931245803833,4287500
NWL,2019-11-25,19.14999961853028,19.34000015258789,19.049999237060547,19.280000686645508,16.12734031677246,4280100
NWL,2019-11-26,18.96999931335449,19.07999992370605,18.71999931335449,18.82999992370605,15.941094398498535,4758900
NWL,2019-11-27,18.84000015258789,19.290000915527344,18.739999771118164,19.280000686645508,16.322053909301758,2427000
NWL,2019-11-29,19.14999961853028,19.459999084472656,19.14999961853028,19.21999931335449,16.271263122558594,1369600
NWL,2019-12-02,19.25,19.38999938964844,19.07999992370605,19.18000030517578,16.237398147583008,2671900
NWL,2019-12-03,18.93000030517578,18.96999931335449,18.600000381469727,18.6299991607666,15.771777153015137,3154200
NWL,2019-12-04,18.709999084472656,19.049999237060547,18.64999961853028,18.90999984741211,16.008821487426758,4010000
NWL,2019-12-05,18.89999961853028,18.89999961853028,18.6200008392334,18.729999542236328,15.856441497802734,2017300
NWL,2019-12-06,18.90999984741211,19.32999992370605,18.8700008392334,19.049999237060547,16.127342224121094,3358200
NWL,2019-12-09,19.07999992370605,19.190000534057617,18.959999084472656,19.1299991607666,16.195070266723633,2016800
NWL,2019-12-10,19.14999961853028,19.209999084472656,18.81999969482422,18.82999992370605,15.941094398498535,2852300
NWL,2019-12-11,18.790000915527344,19.15999984741211,18.75,19.040000915527344,16.11887550354004,2917400
NWL,2019-12-12,19.1299991607666,19.489999771118164,19.11000061035156,19.440000534057617,16.45751190185547,2765000
NWL,2019-12-13,19.51000022888184,19.51000022888184,18.979999542236328,19.209999084472656,16.262792587280273,2447600
NWL,2019-12-16,19.299999237060547,19.38999938964844,18.3799991607666,18.40999984741211,15.585530281066896,4693000
NWL,2019-12-17,18.450000762939453,18.950000762939453,18.450000762939453,18.920000076293945,16.01728630065918,3885400
NWL,2019-12-18,18.920000076293945,18.950000762939453,18.46999931335449,18.56999969482422,15.720985412597656,4100000
NWL,2019-12-19,18.51000022888184,19.020000457763672,18.26000022888184,18.950000762939453,16.042688369750977,6113800
NWL,2019-12-20,18.8700008392334,19.989999771118164,18.81999969482422,19.86000061035156,16.813072204589844,12935100
NWL,2019-12-23,19.84000015258789,19.89999961853028,19.290000915527344,19.34000015258789,16.37285041809082,3397600
NWL,2019-12-24,19.32999992370605,19.40999984741211,19.200000762939453,19.38999938964844,16.415178298950195,884400
NWL,2019-12-26,19.40999984741211,19.51000022888184,19.01000022888184,19.09000015258789,16.16120719909668,1836500
NWL,2019-12-27,19.15999984741211,19.31999969482422,19.06999969482422,19.229999542236328,16.279727935791016,2346800
NWL,2019-12-30,19.21999931335449,19.270000457763672,19.020000457763672,19.1200008392334,16.18660545349121,1502600
NWL,2019-12-31,19.1200008392334,19.450000762939453,19.11000061035156,19.21999931335449,16.271263122558594,2165200
NWL,2020-01-02,19.43000030517578,19.440000534057617,18.8700008392334,19.07999992370605,16.152740478515625,3998300
NWL,2020-01-03,18.780000686645508,18.850000381469727,18.5,18.65999984741211,15.797178268432615,3206800
NWL,2020-01-06,18.520000457763672,18.93000030517578,18.440000534057617,18.89999961853028,16.000350952148438,3492000
NWL,2020-01-07,18.950000762939453,19.14999961853028,18.729999542236328,19.0,16.085012435913086,3362600
NWL,2020-01-08,19.06999969482422,19.270000457763672,18.950000762939453,19.200000762939453,16.254331588745117,2967000
NWL,2020-01-09,19.309999465942383,19.31999969482422,19.049999237060547,19.15999984741211,16.220468521118164,3903500
NWL,2020-01-10,19.229999542236328,19.350000381469727,19.1200008392334,19.239999771118164,16.288192749023438,2339300
NWL,2020-01-13,19.309999465942383,19.600000381469727,19.040000915527344,19.56999969482422,16.567564010620117,2514100
NWL,2020-01-14,19.520000457763672,20.049999237060547,19.39999961853028,19.979999542236328,16.914661407470703,3991600
NWL,2020-01-15,19.8799991607666,20.21999931335449,19.739999771118164,19.81999969482422,16.779211044311523,3610900
NWL,2020-01-16,20.040000915527344,20.229999542236328,19.8799991607666,20.209999084472656,17.109376907348633,2708400
NWL,2020-01-17,20.299999237060547,20.489999771118164,20.190000534057617,20.26000022888184,17.151702880859375,2712600
NWL,2020-01-21,19.530000686645508,20.07999992370605,19.530000686645508,20.049999237060547,16.973922729492188,3623700
NWL,2020-01-22,20.059999465942383,20.229999542236328,20.030000686645508,20.09000015258789,17.007781982421875,1803400
NWL,2020-01-23,19.979999542236328,20.229999542236328,19.64999961853028,20.15999984741211,17.067049026489258,1845200
NWL,2020-01-24,20.11000061035156,20.18000030517578,19.729999542236328,19.88999938964844,16.838468551635742,1479300
NWL,2020-01-27,19.39999961853028,19.81999969482422,19.350000381469727,19.600000381469727,16.592960357666016,2902100
NWL,2020-01-28,19.739999771118164,20.1299991607666,19.5,20.100000381469727,17.016250610351562,3021800
NWL,2020-01-29,20.209999084472656,20.239999771118164,19.84000015258789,19.86000061035156,16.813072204589844,2448300
NWL,2020-01-30,19.790000915527344,20.01000022888184,19.559999465942383,20.0,16.93159294128418,2422900
NWL,2020-01-31,19.979999542236328,20.0,19.40999984741211,19.530000686645508,16.533700942993164,5176300
NWL,2020-02-03,19.6200008392334,20.01000022888184,19.559999465942383,19.709999084472656,16.686086654663086,2841400
NWL,2020-02-04,19.989999771118164,20.07999992370605,19.799999237060547,19.90999984741211,16.85540771484375,3584400
NWL,2020-02-05,20.13999938964844,20.540000915527344,20.049999237060547,20.530000686645508,17.380277633666992,3676000
NWL,2020-02-06,20.68000030517578,20.799999237060547,20.15999984741211,20.21999931335449,17.117841720581055,2370100
NWL,2020-02-07,20.11000061035156,20.13999938964844,19.82999992370605,20.059999465942383,16.98238754272461,2763000
NWL,2020-02-10,19.93000030517578,20.200000762939453,19.850000381469727,20.190000534057617,17.09244728088379,2880500
NWL,2020-02-11,20.209999084472656,20.34000015258789,20.07999992370605,20.170000076293945,17.075511932373047,2340300
NWL,2020-02-12,20.229999542236328,20.36000061035156,19.65999984741211,19.690000534057617,16.66915512084961,3684600
NWL,2020-02-13,19.64999961853028,19.90999984741211,19.459999084472656,19.520000457763672,16.52523422241211,4622500
NWL,2020-02-14,18.93000030517578,20.690000534057617,18.549999237060547,20.100000381469727,17.016250610351562,7850400
NWL,2020-02-18,20.030000686645508,20.459999084472656,19.709999084472656,20.020000457763672,16.94852638244629,3006700
NWL,2020-02-19,20.09000015258789,20.270000457763672,19.799999237060547,19.89999961853028,16.846933364868164,2647800
NWL,2020-02-20,19.82999992370605,20.21999931335449,19.780000686645508,19.88999938964844,16.838468551635742,3323000
NWL,2020-02-21,19.75,19.8799991607666,19.209999084472656,19.229999542236328,16.279727935791016,2779900
NWL,2020-02-24,18.700000762939453,18.770000457763672,18.1200008392334,18.239999771118164,15.441617012023926,5676800
NWL,2020-02-25,18.280000686645508,18.450000762939453,16.979999542236328,17.030000686645508,14.41724967956543,7006300
NWL,2020-02-26,17.1200008392334,17.329999923706055,16.56999969482422,16.59000015258789,14.044758796691896,4196000
NWL,2020-02-27,15.970000267028809,16.530000686645508,15.239999771118164,15.239999771118164,13.083258628845217,7236800
NWL,2020-02-28,14.75,15.5,14.5,15.43000030517578,13.246370315551758,9330100
NWL,2020-03-02,15.510000228881836,16.479999542236328,15.369999885559082,16.450000762939453,14.122021675109863,7320500
NWL,2020-03-03,16.229999542236328,16.770000457763672,15.270000457763672,15.470000267028809,13.280709266662598,5033000
NWL,2020-03-04,15.729999542236328,15.779999732971191,14.989999771118164,15.329999923706056,13.160521507263184,3925400
NWL,2020-03-05,14.770000457763672,14.869999885559082,14.079999923706056,14.1899995803833,12.181852340698242,4593000
NWL,2020-03-06,13.920000076293944,14.489999771118164,13.640000343322754,13.979999542236328,12.00157070159912,5553800
NWL,2020-03-09,13.0,13.84000015258789,12.5,13.68000030517578,11.744027137756348,6973900
NWL,2020-03-10,14.3100004196167,14.619999885559082,13.369999885559082,13.789999961853027,11.838459968566896,8180500
NWL,2020-03-11,13.260000228881836,13.890000343322754,13.15999984741211,13.630000114440918,11.701104164123535,9536700
NWL,2020-03-12,12.699999809265137,12.960000038146973,11.260000228881836,11.300000190734863,9.700840950012209,6619200
NWL,2020-03-13,11.960000038146973,12.970000267028809,11.449999809265137,12.960000038146973,11.125921249389648,6614000
NWL,2020-03-16,11.699999809265137,12.890000343322754,11.5600004196167,12.279999732971191,10.542153358459473,5681000
NWL,2020-03-17,12.890000343322754,13.8100004196167,11.90999984741211,13.260000228881836,11.383465766906738,6087400
NWL,2020-03-18,12.399999618530272,12.720000267028809,11.199999809265137,12.15999984741211,10.439135551452637,6415700
NWL,2020-03-19,11.90999984741211,12.84000015258789,11.100000381469728,12.43000030517578,10.67092514038086,4304100
NWL,2020-03-20,12.390000343322754,12.43000030517578,11.390000343322754,11.420000076293944,9.80385971069336,6597700
NWL,2020-03-23,11.43000030517578,11.720000267028809,10.4399995803833,10.550000190734863,9.056981086730955,5432000
NWL,2020-03-24,11.199999809265137,12.520000457763672,11.1899995803833,12.460000038146973,10.696678161621094,6163500
NWL,2020-03-25,12.630000114440918,13.289999961853027,11.829999923706056,12.760000228881836,10.954222679138184,5181700
NWL,2020-03-26,12.979999542236328,14.220000267028809,12.729999542236328,14.109999656677246,12.113174438476562,4452300
NWL,2020-03-27,13.399999618530272,14.34000015258789,13.18000030517578,13.609999656677246,11.68393325805664,4094700
NWL,2020-03-30,13.59000015258789,13.850000381469728,13.4399995803833,13.640000343322754,11.709688186645508,4105100
NWL,2020-03-31,13.5,13.770000457763672,12.93000030517578,13.279999732971191,11.400632858276367,5506800
NWL,2020-04-01,12.520000457763672,12.850000381469728,12.010000228881836,12.390000343322754,10.636585235595703,5029200
NWL,2020-04-02,12.279999732971191,12.729999542236328,11.789999961853027,12.06999969482422,10.361872673034668,4159900
NWL,2020-04-03,11.899999618530272,12.390000343322754,11.699999809265137,11.989999771118164,10.293194770812988,3122100
NWL,2020-04-06,12.68000030517578,13.109999656677246,12.529999732971191,12.81999969482422,11.005732536315918,3250700
NWL,2020-04-07,13.449999809265137,13.619999885559082,12.9399995803833,13.100000381469728,11.246109008789062,3638400
NWL,2020-04-08,13.270000457763672,13.579999923706056,13.029999732971191,13.470000267028809,11.563746452331545,3275200
NWL,2020-04-09,13.630000114440918,14.4399995803833,13.630000114440918,14.149999618530272,12.147512435913086,5238300
NWL,2020-04-13,14.079999923706056,14.109999656677246,13.039999961853027,13.34000015258789,11.452143669128418,2139500
NWL,2020-04-14,13.760000228881836,13.880000114440918,13.4399995803833,13.800000190734863,11.8470458984375,2850600
NWL,2020-04-15,13.25,13.3100004196167,12.619999885559082,12.729999542236328,10.928470611572266,2930700
NWL,2020-04-16,12.710000038146973,12.859999656677246,12.25,12.609999656677246,10.825450897216797,2955100
NWL,2020-04-17,13.109999656677246,13.380000114440918,12.520000457763672,12.859999656677246,11.040071487426758,4870300
NWL,2020-04-20,12.670000076293944,13.050000190734863,12.079999923706056,12.779999732971191,10.971393585205078,6883600
NWL,2020-04-21,12.31999969482422,12.739999771118164,12.239999771118164,12.520000457763672,10.748188972473145,3002000
NWL,2020-04-22,12.520000457763672,12.649999618530272,12.020000457763672,12.0600004196167,10.353286743164062,4208700
NWL,2020-04-23,12.25,12.829999923706056,12.199999809265137,12.600000381469728,10.816866874694824,4692800
NWL,2020-04-24,12.640000343322754,13.079999923706056,12.5,12.90999984741211,11.082995414733888,5442500
NWL,2020-04-27,12.970000267028809,13.609999656677246,12.920000076293944,13.489999771118164,11.580914497375488,4150600
NWL,2020-04-28,13.84000015258789,14.420000076293944,13.84000015258789,14.229999542236328,12.216191291809082,4972400
NWL,2020-04-29,14.579999923706056,14.6899995803833,14.3100004196167,14.329999923706056,12.30203914642334,3530900
NWL,2020-04-30,14.100000381469728,14.119999885559082,13.720000267028809,13.880000114440918,11.915724754333496,4788700
NWL,2020-05-01,13.199999809265137,13.3100004196167,12.210000038146973,12.279999732971191,10.542153358459473,6781100
NWL,2020-05-04,12.1899995803833,12.5,12.020000457763672,12.390000343322754,10.636585235595703,3766900
NWL,2020-05-05,12.5,12.619999885559082,11.920000076293944,11.93000030517578,10.241683959960938,3203700
NWL,2020-05-06,11.979999542236328,12.119999885559082,11.529999732971191,11.6899995803833,10.035649299621582,2764100
NWL,2020-05-07,11.779999732971191,12.380000114440918,11.75,12.039999961853027,10.336116790771484,3046800
NWL,2020-05-08,12.229999542236328,12.489999771118164,12.0600004196167,12.40999984741211,10.653754234313965,2591800
NWL,2020-05-11,12.149999618530272,12.279999732971191,11.899999618530272,12.029999732971191,10.327531814575195,3535500
NWL,2020-05-12,12.109999656677246,12.350000381469728,12.0600004196167,12.170000076293944,10.447720527648926,3639000
NWL,2020-05-13,12.029999732971191,12.079999923706056,11.4399995803833,11.720000267028809,10.061403274536133,7342000
NWL,2020-05-14,11.479999542236328,11.699999809265137,11.050000190734863,11.619999885559082,9.97555446624756,2813400
NWL,2020-05-15,11.529999732971191,11.779999732971191,11.34000015258789,11.699999809265137,10.044232368469238,2000900
NWL,2020-05-18,12.239999771118164,12.710000038146973,12.239999771118164,12.65999984741211,10.86837673187256,2916500
NWL,2020-05-19,12.65999984741211,12.970000267028809,12.420000076293944,12.640000343322754,10.851205825805664,3997400
NWL,2020-05-20,12.84000015258789,12.949999809265137,12.449999809265137,12.579999923706056,10.79969882965088,3270800
NWL,2020-05-21,12.43000030517578,12.920000076293944,12.359999656677246,12.859999656677246,11.040071487426758,4008200
NWL,2020-05-22,12.979999542236328,12.979999542236328,12.65999984741211,12.779999732971191,10.971393585205078,2180100
NWL,2020-05-26,13.109999656677246,13.739999771118164,13.039999961853027,13.550000190734863,11.63242530822754,3755300
NWL,2020-05-27,13.880000114440918,14.40999984741211,13.850000381469728,14.390000343322754,12.35354995727539,3974500
NWL,2020-05-28,14.369999885559082,14.369999885559082,13.529999732971191,13.579999923706056,11.847541809082031,3761100
NWL,2020-05-29,13.43000030517578,13.43000030517578,13.0600004196167,13.149999618530272,11.472399711608888,6024200
NWL,2020-06-01,13.100000381469728,13.510000228881836,13.0600004196167,13.460000038146973,11.74285125732422,3066100
NWL,2020-06-02,13.600000381469728,13.90999984741211,13.5,13.850000381469728,12.083099365234377,2843200
NWL,2020-06-03,13.989999771118164,15.109999656677246,13.960000038146973,14.989999771118164,13.077661514282228,4962700
NWL,2020-06-04,14.960000038146973,15.75,14.829999923706056,15.470000267028809,13.496427536010742,5231000
NWL,2020-06-05,16.0,16.790000915527344,15.989999771118164,16.399999618530273,14.307782173156738,5604100
NWL,2020-06-08,16.700000762939453,17.479999542236328,16.639999389648438,17.420000076293945,15.19765567779541,4910400
NWL,2020-06-09,16.829999923706055,17.06999969482422,16.440000534057617,16.65999984741211,14.534615516662598,4458000
NWL,2020-06-10,16.690000534057617,16.690000534057617,15.920000076293944,15.93000030517578,13.897743225097656,3567900
NWL,2020-06-11,15.079999923706056,15.449999809265137,14.81999969482422,14.880000114440918,12.981695175170898,3383600
NWL,2020-06-12,15.5,15.609999656677246,14.84000015258789,15.300000190734863,13.348114967346191,3163200
NWL,2020-06-15,14.800000190734863,15.109999656677246,14.609999656677246,14.90999984741211,13.007868766784668,4108100
NWL,2020-06-16,15.5,15.979999542236328,15.210000038146973,15.729999542236328,13.72325611114502,5035100
NWL,2020-06-17,15.760000228881836,15.970000267028809,15.40999984741211,15.8100004196167,13.793051719665527,3170300
NWL,2020-06-18,15.579999923706056,15.899999618530272,15.420000076293944,15.449999809265137,13.478978157043455,2773700
NWL,2020-06-19,15.640000343322754,15.890000343322754,15.279999732971191,15.869999885559082,13.845398902893066,11846400
NWL,2020-06-22,15.729999542236328,15.880000114440918,15.479999542236328,15.649999618530272,13.653460502624512,2980900
NWL,2020-06-23,15.789999961853027,15.960000038146973,15.539999961853027,15.579999923706056,13.59239387512207,4731500
NWL,2020-06-24,15.390000343322754,15.43000030517578,14.899999618530272,15.09000015258789,13.164904594421388,4692900
NWL,2020-06-25,14.960000038146973,15.270000457763672,14.859999656677246,15.1899995803833,13.252147674560549,2265500
NWL,2020-06-26,15.050000190734863,15.1899995803833,14.8100004196167,15.050000190734863,13.13000774383545,3870600
NWL,2020-06-29,15.350000381469728,15.68000030517578,15.210000038146973,15.59000015258789,13.601118087768556,4330000
NWL,2020-06-30,15.5600004196167,15.949999809265137,15.34000015258789,15.880000114440918,13.85412311553955,3009400
NWL,2020-07-01,15.8100004196167,16.15999984741211,15.75,15.779999732971191,13.766878128051758,2179600
NWL,2020-07-02,16.190000534057617,16.489999771118164,15.9399995803833,15.970000267028809,13.932640075683594,2235100
NWL,2020-07-06,16.309999465942383,16.360000610351562,15.979999542236328,16.0,13.958813667297363,4132100
NWL,2020-07-07,15.81999969482422,16.020000457763672,15.760000228881836,15.850000381469728,13.82794952392578,2745600
NWL,2020-07-08,15.760000228881836,15.880000114440918,15.579999923706056,15.8100004196167,13.793051719665527,2389100
NWL,2020-07-09,15.770000457763672,15.8100004196167,14.949999809265137,15.010000228881836,13.095110893249512,4211400
NWL,2020-07-10,15.1899995803833,15.869999885559082,15.109999656677246,15.8100004196167,13.793051719665527,2317800
NWL,2020-07-13,15.90999984741211,16.06999969482422,15.699999809265137,15.720000267028809,13.714532852172852,2473600
NWL,2020-07-14,15.670000076293944,16.190000534057617,15.539999961853027,16.079999923706055,14.028607368469238,3599500
NWL,2020-07-15,16.290000915527344,16.469999313354492,16.200000762939453,16.399999618530273,14.307782173156738,1885600
NWL,2020-07-16,16.040000915527344,16.690000534057617,16.030000686645508,16.549999237060547,14.438645362854004,2207100
NWL,2020-07-17,16.579999923706055,16.719999313354492,16.270000457763672,16.360000610351562,14.2728853225708,2022200
NWL,2020-07-20,16.170000076293945,16.34000015258789,15.869999885559082,16.06999969482422,14.019883155822754,2676400
NWL,2020-07-21,16.649999618530273,16.75,15.960000038146973,16.549999237060547,14.438645362854004,7239700
NWL,2020-07-22,16.5,16.829999923706055,16.399999618530273,16.719999313354492,14.586958885192873,3200700
NWL,2020-07-23,16.829999923706055,17.18000030517578,16.760000228881836,17.09000015258789,14.90975856781006,3591000
NWL,2020-07-24,17.100000381469727,17.389999389648438,17.010000228881836,17.139999389648438,14.953376770019531,2977700
NWL,2020-07-27,17.139999389648438,17.610000610351562,17.049999237060547,17.360000610351562,15.145312309265137,2766600
NWL,2020-07-28,17.309999465942383,17.56999969482422,17.200000762939453,17.260000228881836,15.058069229125977,3361400
NWL,2020-07-29,17.219999313354492,17.670000076293945,17.170000076293945,17.600000381469727,15.354692459106444,2629900
NWL,2020-07-30,17.360000610351562,17.850000381469727,17.1200008392334,17.719999313354492,15.459385871887209,5211400
NWL,2020-07-31,18.0,18.0,16.15999984741211,16.399999618530273,14.307782173156738,13061000
NWL,2020-08-03,16.40999984741211,16.5,16.100000381469727,16.389999389648438,14.29905891418457,3309900
NWL,2020-08-04,16.399999618530273,16.639999389648438,16.280000686645508,16.469999313354492,14.368852615356444,2943500
NWL,2020-08-05,16.56999969482422,16.81999969482422,16.3700008392334,16.760000228881836,14.621856689453123,1824300
NWL,2020-08-06,16.68000030517578,16.920000076293945,16.56999969482422,16.81999969482422,14.674201965332031,1926500
NWL,2020-08-07,16.889999389648438,17.15999984741211,16.700000762939453,17.149999618530273,14.962102890014648,1686400
NWL,2020-08-10,17.420000076293945,17.690000534057617,17.219999313354492,17.5,15.267450332641602,2297800
NWL,2020-08-11,17.790000915527344,17.940000534057617,17.219999313354492,17.270000457763672,15.06679344177246,3069000
NWL,2020-08-12,17.40999984741211,17.459999084472656,16.979999542236328,17.110000610351562,14.927206039428713,2716400
NWL,2020-08-13,17.06999969482422,17.299999237060547,16.969999313354492,17.049999237060547,14.874860763549805,2297500
NWL,2020-08-14,17.010000228881836,17.270000457763672,16.8799991607666,16.989999771118164,14.822514533996582,1844700
NWL,2020-08-17,17.020000457763672,17.020000457763672,16.75,16.959999084472656,14.796340942382812,3695600
NWL,2020-08-18,16.969999313354492,17.030000686645508,16.65999984741211,16.719999313354492,14.586958885192873,3429000
NWL,2020-08-19,16.700000762939453,16.989999771118164,16.649999618530273,16.75,14.613131523132324,2112400
NWL,2020-08-20,16.65999984741211,16.799999237060547,16.34000015258789,16.3799991607666,14.29033374786377,1941000
NWL,2020-08-21,16.420000076293945,16.420000076293945,15.880000114440918,16.100000381469727,14.04605484008789,3300900
NWL,2020-08-24,16.239999771118164,16.469999313354492,16.030000686645508,16.43000030517578,14.333955764770508,2442200
NWL,2020-08-25,16.469999313354492,16.5,16.030000686645508,16.149999618530273,14.089675903320312,1933200
NWL,2020-08-26,16.100000381469727,16.200000762939453,15.970000267028809,15.989999771118164,13.950087547302246,2084000
NWL,2020-08-27,16.1299991607666,16.270000457763672,16.0,16.190000534057617,14.124573707580566,2381200
NWL,2020-08-28,16.079999923706055,16.270000457763672,15.920000076293944,16.219999313354492,14.354671478271484,2002200
NWL,2020-08-31,16.100000381469727,16.31999969482422,15.90999984741211,15.979999542236328,14.142273902893066,3082200
NWL,2020-09-01,15.90999984741211,16.09000015258789,15.670000076293944,15.729999542236328,13.92102336883545,3387200
NWL,2020-09-02,15.869999885559082,16.260000228881836,15.800000190734863,16.219999313354492,14.354671478271484,3125500
NWL,2020-09-03,16.079999923706055,16.469999313354492,15.859999656677246,15.920000076293944,14.089173316955566,2656200
NWL,2020-09-04,16.110000610351562,16.389999389648438,15.960000038146973,16.31999969482422,14.443172454833984,2892500
NWL,2020-09-08,16.290000915527344,16.68000030517578,16.09000015258789,16.360000610351562,14.4785737991333,4252200
NWL,2020-09-09,16.479999542236328,16.65999984741211,16.200000762939453,16.43000030517578,14.540523529052734,3719700
NWL,2020-09-10,16.559999465942383,17.34000015258789,16.540000915527344,17.209999084472656,15.230817794799805,5061600
NWL,2020-09-11,17.219999313354492,17.600000381469727,17.049999237060547,17.450000762939453,15.443220138549805,3994800
NWL,2020-09-14,17.639999389648438,17.8700008392334,17.450000762939453,17.829999923706055,15.77952003479004,3485200
NWL,2020-09-15,17.899999618530273,18.040000915527344,17.65999984741211,17.68000030517578,15.646768569946287,3334500
NWL,2020-09-16,17.790000915527344,18.239999771118164,17.700000762939453,17.989999771118164,15.921119689941406,2855800
NWL,2020-09-17,17.799999237060547,18.190000534057617,17.6299991607666,17.90999984741211,15.85032081604004,2554600
NWL,2020-09-18,17.8799991607666,18.280000686645508,17.68000030517578,17.719999313354492,15.682170867919922,4806000
NWL,2020-09-21,17.479999542236328,17.510000228881836,16.950000762939453,17.09000015258789,15.124621391296388,2876000
NWL,2020-09-22,17.040000915527344,17.389999389648438,16.989999771118164,17.219999313354492,15.239667892456056,1794400
NWL,2020-09-23,17.299999237060547,17.489999771118164,16.8799991607666,16.889999389648438,14.947619438171388,1786900
NWL,2020-09-24,16.8799991607666,17.0,16.56999969482422,16.719999313354492,14.79716968536377,1350300
NWL,2020-09-25,16.559999465942383,16.829999923706055,16.559999465942383,16.739999771118164,14.814871788024902,1727900
NWL,2020-09-28,16.979999542236328,17.299999237060547,16.81999969482422,17.219999313354492,15.239667892456056,1819500
NWL,2020-09-29,17.09000015258789,17.25,16.979999542236328,17.1200008392334,15.151172637939451,1265900
NWL,2020-09-30,17.219999313354492,17.459999084472656,17.110000610351562,17.15999984741211,15.186572074890137,2037400
NWL,2020-10-01,17.309999465942383,17.350000381469727,16.8700008392334,17.010000228881836,15.053821563720703,2313500
NWL,2020-10-02,16.719999313354492,17.520000457763672,16.65999984741211,17.3799991607666,15.381269454956056,1823400
NWL,2020-10-05,17.56999969482422,17.670000076293945,17.440000534057617,17.600000381469727,15.575969696044922,1613300
NWL,2020-10-06,17.68000030517578,17.860000610351562,17.290000915527344,17.309999465942383,15.31931972503662,1675700
NWL,2020-10-07,17.469999313354492,17.829999923706055,17.469999313354492,17.700000762939453,15.664473533630373,1148600
NWL,2020-10-08,17.799999237060547,18.11000061035156,17.760000228881836,18.100000381469727,16.018468856811523,1460000
NWL,2020-10-09,18.229999542236328,18.270000457763672,17.969999313354492,18.010000228881836,15.938819885253906,1438100
NWL,2020-10-12,18.07999992370605,18.1299991607666,17.860000610351562,17.940000534057617,15.876870155334473,1764500
NWL,2020-10-13,17.940000534057617,17.950000762939453,17.5,17.690000534057617,15.65561866760254,1936200
NWL,2020-10-14,17.850000381469727,18.309999465942383,17.68000030517578,18.270000457763672,16.168920516967773,3806400
NWL,2020-10-15,18.030000686645508,18.21999931335449,17.84000015258789,18.1299991607666,16.045019149780273,1224900
NWL,2020-10-16,18.13999938964844,18.18000030517578,17.90999984741211,18.020000457763672,15.947667121887209,1485300
NWL,2020-10-19,17.959999084472656,18.15999984741211,17.559999465942383,17.59000015258789,15.567120552062988,1503600
NWL,2020-10-20,17.969999313354492,18.010000228881836,17.610000610351562,17.68000030517578,15.646768569946287,1213200
NWL,2020-10-21,17.559999465942383,17.700000762939453,17.40999984741211,17.549999237060547,15.531720161437988,1231700
NWL,2020-10-22,17.610000610351562,17.899999618530273,17.469999313354492,17.8700008392334,15.814922332763672,1239600
NWL,2020-10-23,17.920000076293945,18.030000686645508,17.719999313354492,18.0,15.92996883392334,1352400
NWL,2020-10-26,17.790000915527344,17.790000915527344,17.270000457763672,17.440000534057617,15.434370994567873,1247000
NWL,2020-10-27,17.459999084472656,17.600000381469727,17.190000534057617,17.190000534057617,15.213119506835938,1955300
NWL,2020-10-28,16.8799991607666,17.030000686645508,16.56999969482422,16.65999984741211,14.74407196044922,2064300
NWL,2020-10-29,16.600000381469727,16.989999771118164,16.600000381469727,16.81999969482422,14.885672569274902,2762400
NWL,2020-10-30,18.15999984741211,18.489999771118164,17.34000015258789,17.65999984741211,15.629069328308104,5827500
NWL,2020-11-02,17.799999237060547,19.049999237060547,17.700000762939453,18.90999984741211,16.73531723022461,5078500
NWL,2020-11-03,19.270000457763672,19.600000381469727,19.049999237060547,19.5,17.25746726989746,4324600
NWL,2020-11-04,19.40999984741211,19.5,18.76000022888184,18.8700008392334,16.699918746948242,2906900
NWL,2020-11-05,18.950000762939453,19.729999542236328,18.950000762939453,19.559999465942383,17.310565948486328,3357800
NWL,2020-11-06,19.600000381469727,19.739999771118164,18.709999084472656,18.8799991607666,16.708770751953125,3308500
NWL,2020-11-09,19.729999542236328,20.21999931335449,19.059999465942383,19.11000061035156,16.912321090698242,5018600
NWL,2020-11-10,19.229999542236328,19.290000915527344,19.020000457763672,19.26000022888184,17.045066833496094,2883600
NWL,2020-11-11,19.290000915527344,19.68000030517578,19.18000030517578,19.670000076293945,17.407917022705078,2692000
NWL,2020-11-12,19.64999961853028,19.690000534057617,18.61000061035156,18.96999931335449,16.78841781616211,3184700
NWL,2020-11-13,19.1200008392334,19.81999969482422,19.030000686645508,19.729999542236328,17.461015701293945,1986100
NWL,2020-11-16,19.979999542236328,20.6299991607666,19.76000022888184,20.36000061035156,18.018564224243164,3968800
NWL,2020-11-17,20.01000022888184,20.31999969482422,19.739999771118164,20.170000076293945,17.850418090820312,2807200
NWL,2020-11-18,20.190000534057617,20.63999938964844,20.170000076293945,20.200000762939453,17.876970291137695,2086300
NWL,2020-11-19,20.18000030517578,20.540000915527344,20.0,20.38999938964844,18.04511451721192,2236100
NWL,2020-11-20,20.36000061035156,20.459999084472656,20.200000762939453,20.3700008392334,18.027416229248047,2562700
NWL,2020-11-23,20.5,20.82999992370605,20.43000030517578,20.51000022888184,18.151317596435547,2134800
NWL,2020-11-24,20.739999771118164,21.600000381469727,20.63999938964844,21.459999084472656,18.992063522338867,5254700
NWL,2020-11-25,21.200000762939453,21.43000030517578,21.040000915527344,21.36000061035156,18.903562545776367,2299000
NWL,2020-11-27,21.030000686645508,21.1299991607666,20.600000381469727,21.06999969482422,18.849889755249023,1508700
NWL,2020-11-30,20.959999084472656,21.489999771118164,20.950000762939453,21.26000022888184,19.019868850708008,4987300
NWL,2020-12-01,21.43000030517578,21.540000915527344,21.200000762939453,21.440000534057617,19.18090438842773,2628600
NWL,2020-12-02,21.43000030517578,21.540000915527344,21.11000061035156,21.21999931335449,18.984081268310547,2140000
NWL,2020-12-03,21.270000457763672,21.89999961853028,21.170000076293945,21.770000457763672,19.47612953186035,2076900
NWL,2020-12-04,21.770000457763672,22.09000015258789,21.64999961853028,22.030000686645508,19.7087345123291,1954500
NWL,2020-12-07,21.89999961853028,21.979999542236328,21.450000762939453,21.600000381469727,19.32404136657715,4001700
NWL,2020-12-08,21.11000061035156,21.190000534057617,20.489999771118164,21.020000457763672,18.805156707763672,5160500
NWL,2020-12-09,21.049999237060547,21.15999984741211,20.65999984741211,20.75,18.56360244750977,3888400
NWL,2020-12-10,20.63999938964844,20.86000061035156,20.32999992370605,20.809999465942383,18.61728286743164,2581700
NWL,2020-12-11,20.68000030517578,20.75,20.3799991607666,20.51000022888184,18.348896026611328,3723000
NWL,2020-12-14,20.76000022888184,20.76000022888184,20.31999969482422,20.31999969482422,18.17891311645508,4109500
NWL,2020-12-15,20.43000030517578,20.57999992370605,19.799999237060547,20.0,17.89263343811035,4010800
NWL,2020-12-16,20.06999969482422,20.309999465942383,19.8799991607666,20.06999969482422,17.955251693725586,2636300
NWL,2020-12-17,20.1200008392334,20.200000762939453,19.8799991607666,20.09000015258789,17.9731502532959,2563800
NWL,2020-12-18,20.07999992370605,20.68000030517578,20.049999237060547,20.600000381469727,18.42941093444824,8094600
NWL,2020-12-21,19.90999984741211,20.770000457763672,19.8700008392334,20.68000030517578,18.500980377197266,2776200
NWL,2020-12-22,20.780000686645508,21.229999542236328,20.770000457763672,21.07999992370605,18.85883331298828,2922400
NWL,2020-12-23,21.1299991607666,21.34000015258789,21.1299991607666,21.229999542236328,18.99302864074707,1867100
NWL,2020-12-24,21.229999542236328,21.270000457763672,21.040000915527344,21.21999931335449,18.984081268310547,690200
NWL,2020-12-28,21.32999992370605,21.450000762939453,21.07999992370605,21.239999771118164,19.0019760131836,1961000
NWL,2020-12-29,21.299999237060547,21.3799991607666,20.82999992370605,20.979999542236328,18.769371032714844,1260000
NWL,2020-12-30,20.809999465942383,21.239999771118164,20.790000915527344,21.07999992370605,18.85883331298828,1668900
NWL,2020-12-31,21.11000061035156,21.309999465942383,20.950000762939453,21.229999542236328,18.99302864074707,1814200
NWL,2021-01-04,21.780000686645508,22.100000381469727,21.59000015258789,21.709999084472656,19.42245101928711,5114600
NWL,2021-01-05,21.6299991607666,21.950000762939453,21.5,21.86000061035156,19.556644439697266,3187800
NWL,2021-01-06,22.190000534057617,22.8700008392334,22.0,22.65999984741211,20.272350311279297,2735600
NWL,2021-01-07,22.68000030517578,22.89999961853028,22.5,22.63999938964844,20.254457473754883,2319400
NWL,2021-01-08,23.190000534057617,23.26000022888184,22.690000534057617,23.06999969482422,20.63915061950684,2082300
NWL,2021-01-11,22.89999961853028,23.31999969482422,22.709999084472656,23.06999969482422,20.63915061950684,2928700
NWL,2021-01-12,23.299999237060547,24.309999465942383,23.15999984741211,24.229999542236328,21.676925659179688,3924700
NWL,2021-01-13,24.170000076293945,24.450000762939453,23.920000076293945,24.3700008392334,21.802169799804688,3742300
NWL,2021-01-14,24.530000686645508,24.56999969482422,24.13999938964844,24.39999961853028,21.82901191711425,2293400
NWL,2021-01-15,24.1299991607666,24.38999938964844,23.89999961853028,24.13999938964844,21.596405029296875,2740200
NWL,2021-01-19,24.229999542236328,24.34000015258789,24.1200008392334,24.209999084472656,21.65902709960937,2198400
NWL,2021-01-20,24.11000061035156,24.729999542236328,23.979999542236328,24.65999984741211,22.061613082885746,2396000
NWL,2021-01-21,24.63999938964844,24.780000686645508,24.459999084472656,24.65999984741211,22.061613082885746,2197500
NWL,2021-01-22,24.51000022888184,24.8700008392334,24.299999237060547,24.799999237060547,22.18686294555664,1816100
NWL,2021-01-25,24.549999237060547,25.59000015258789,24.549999237060547,25.5,22.8131046295166,3675000
NWL,2021-01-26,25.549999237060547,25.989999771118164,25.38999938964844,25.88999938964844,23.16200828552246,3197100
NWL,2021-01-27,25.32999992370605,26.07999992370605,24.56999969482422,24.6200008392334,22.02582550048828,4994500
NWL,2021-01-28,24.520000457763672,24.790000915527344,24.3700008392334,24.479999542236328,21.90057945251465,3595700
NWL,2021-01-29,24.350000381469727,24.489999771118164,23.690000534057617,24.020000457763672,21.489049911499023,6757000
NWL,2021-02-01,24.299999237060547,24.57999992370605,23.940000534057617,24.38999938964844,21.8200626373291,2066600
NWL,2021-02-02,24.5,25.6200008392334,24.43000030517578,25.39999961853028,22.723642349243164,4002000
NWL,2021-02-03,25.709999084472656,26.1299991607666,25.5,25.93000030517578,23.19779396057129,4419600
NWL,2021-02-04,26.100000381469727,26.32999992370605,25.950000762939453,26.229999542236328,23.466184616088867,2936100
NWL,2021-02-05,26.36000061035156,26.479999542236328,26.0,26.1299991607666,23.376718521118164,4509200
NWL,2021-02-08,26.43000030517578,26.6200008392334,26.239999771118164,26.559999465942383,23.76141166687012,2603600
NWL,2021-02-09,26.799999237060547,26.88999938964844,26.309999465942383,26.530000686645508,23.73457717895508,2106500
NWL,2021-02-10,26.51000022888184,26.59000015258789,26.07999992370605,26.229999542236328,23.466184616088867,2524800
NWL,2021-02-11,26.18000030517578,26.3799991607666,25.790000915527344,26.049999237060547,23.305150985717773,4578600
NWL,2021-02-12,24.06999969482422,25.0,23.8700008392334,24.190000534057617,21.641138076782227,8893500
NWL,2021-02-16,24.26000022888184,24.36000061035156,23.739999771118164,23.790000915527344,21.28328323364257,5590000
NWL,2021-02-17,23.729999542236328,24.31999969482422,23.670000076293945,24.07999992370605,21.542724609375,3994900
NWL,2021-02-18,23.989999771118164,24.040000915527344,23.559999465942383,23.63999938964844,21.14909172058105,2801100
NWL,2021-02-19,23.850000381469727,24.31999969482422,23.6299991607666,24.31999969482422,21.7574405670166,3184300
NWL,2021-02-22,24.26000022888184,24.479999542236328,24.1200008392334,24.13999938964844,21.596405029296875,1990000
NWL,2021-02-23,24.06999969482422,24.200000762939453,23.530000686645508,24.059999465942383,21.52483558654785,2083000
NWL,2021-02-24,23.82999992370605,24.43000030517578,23.75,24.38999938964844,21.8200626373291,1856600
NWL,2021-02-25,24.06999969482422,24.239999771118164,23.440000534057617,23.56999969482422,21.28720664978028,2256500
NWL,2021-02-26,23.549999237060547,23.729999542236328,23.14999961853028,23.170000076293945,20.92594718933105,4531600
NWL,2021-03-01,23.559999465942383,24.13999938964844,23.46999931335449,24.1200008392334,21.783939361572266,2576300
NWL,2021-03-02,24.200000762939453,24.229999542236328,23.729999542236328,24.049999237060547,21.72071647644043,3321600
NWL,2021-03-03,23.959999084472656,24.540000915527344,23.799999237060547,24.3700008392334,22.00972557067871,3059300
NWL,2021-03-04,24.26000022888184,24.5,23.530000686645508,23.959999084472656,21.63943290710449,2783000
NWL,2021-03-05,24.270000457763672,24.780000686645508,23.670000076293945,24.63999938964844,22.253576278686523,1924000
NWL,2021-03-08,24.89999961853028,25.5,24.739999771118164,25.200000762939453,22.75933837890625,2396200
NWL,2021-03-09,25.40999984741211,25.489999771118164,24.8799991607666,24.8799991607666,22.470333099365234,2095000
NWL,2021-03-10,25.25,25.71999931335449,25.09000015258789,25.290000915527344,22.840625762939453,3062800
NWL,2021-03-11,25.25,25.290000915527344,24.780000686645508,24.950000762939453,22.533552169799805,2636700
NWL,2021-03-12,25.11000061035156,25.479999542236328,24.920000076293945,25.39999961853028,22.93996810913086,2398200
NWL,2021-03-15,25.63999938964844,26.11000061035156,25.56999969482422,26.100000381469727,23.572172164916992,2627500
NWL,2021-03-16,26.059999465942383,26.1200008392334,25.59000015258789,25.68000030517578,23.192848205566406,2812800
NWL,2021-03-17,25.549999237060547,26.049999237060547,25.479999542236328,25.8799991607666,23.37347984313965,2090200
NWL,2021-03-18,25.8799991607666,26.68000030517578,25.82999992370605,26.290000915527344,23.7437686920166,2819600
NWL,2021-03-19,26.450000762939453,26.51000022888184,26.06999969482422,26.09000015258789,23.56313705444336,5495100
NWL,2021-03-22,26.09000015258789,26.25,25.71999931335449,26.100000381469727,23.572172164916992,1824600
NWL,2021-03-23,25.88999938964844,26.18000030517578,25.049999237060547,25.13999938964844,22.70514869689941,2667800
NWL,2021-03-24,25.1299991607666,25.520000457763672,24.90999984741211,24.90999984741211,22.497425079345703,1812800
NWL,2021-03-25,24.920000076293945,25.940000534057617,24.71999931335449,25.8700008392334,23.36445045471192,1752700
NWL,2021-03-26,25.86000061035156,26.65999984741211,25.76000022888184,26.63999938964844,24.05986976623535,2023400
NWL,2021-03-29,26.440000534057617,26.90999984741211,26.299999237060547,26.420000076293945,23.86117935180664,2524500
NWL,2021-03-30,26.459999084472656,26.76000022888184,26.3700008392334,26.700000762939453,24.11406135559082,2060100
NWL,2021-03-31,26.63999938964844,27.049999237060547,26.530000686645508,26.780000686645508,24.186315536499023,2116600
NWL,2021-04-01,26.63999938964844,27.059999465942383,26.520000457763672,27.059999465942383,24.439193725585938,2026600
NWL,2021-04-05,27.25,27.43000030517578,27.07999992370605,27.21999931335449,24.583696365356445,2035000
NWL,2021-04-06,27.36000061035156,27.40999984741211,27.030000686645508,27.09000015258789,24.466289520263672,2240600
NWL,2021-04-07,27.01000022888184,27.25,26.959999084472656,27.049999237060547,24.43016242980957,1380500
NWL,2021-04-08,27.0,27.049999237060547,26.64999961853028,26.850000381469727,24.2495346069336,2172100
NWL,2021-04-09,26.89999961853028,27.11000061035156,26.770000457763672,27.030000686645508,24.41210174560547,2038100
NWL,2021-04-12,26.989999771118164,27.43000030517578,26.940000534057617,27.3799991607666,24.728200912475582,2333800
NWL,2021-04-13,27.239999771118164,27.32999992370605,26.18000030517578,26.84000015258789,24.2405014038086,3592800
NWL,2021-04-14,26.700000762939453,26.88999938964844,26.3799991607666,26.440000534057617,23.879243850708008,2355800
NWL,2021-04-15,26.690000534057617,26.729999542236328,26.309999465942383,26.6200008392334,24.041810989379883,1938600
NWL,2021-04-16,26.739999771118164,26.96999931335449,26.559999465942383,26.76000022888184,24.168249130249023,1749600
NWL,2021-04-19,26.6200008392334,26.63999938964844,26.190000534057617,26.479999542236328,23.915367126464844,2098800
NWL,2021-04-20,26.38999938964844,26.57999992370605,26.100000381469727,26.5,23.93342971801757,2024700
NWL,2021-04-21,26.5,27.100000381469727,26.5,26.96999931335449,24.35791015625,1757000
NWL,2021-04-22,27.059999465942383,27.15999984741211,26.61000061035156,26.68000030517578,24.09600067138672,2571800
NWL,2021-04-23,26.81999969482422,26.8700008392334,26.299999237060547,26.540000915527344,23.96955680847168,2622200
NWL,2021-04-26,26.64999961853028,26.76000022888184,26.450000762939453,26.71999931335449,24.13212203979492,1816900
NWL,2021-04-27,26.520000457763672,27.1200008392334,26.38999938964844,26.920000076293945,24.3127555847168,1975700
NWL,2021-04-28,27.049999237060547,27.06999969482422,26.6200008392334,26.65999984741211,24.07793426513672,1495800
NWL,2021-04-29,26.920000076293945,27.190000534057617,26.75,26.979999542236328,24.366943359375,2149600
NWL,2021-04-30,27.489999771118164,27.8700008392334,26.780000686645508,26.959999084472656,24.348876953125,4645600
NWL,2021-05-03,27.13999938964844,28.100000381469727,26.979999542236328,27.780000686645508,25.08946228027344,4054600
NWL,2021-05-04,27.82999992370605,28.170000076293945,27.600000381469727,28.059999465942383,25.342342376708984,3146700
NWL,2021-05-05,28.01000022888184,28.5,27.93000030517578,28.350000381469727,25.60425567626953,2008500
NWL,2021-05-06,28.6200008392334,29.1200008392334,28.350000381469727,29.100000381469727,26.2816162109375,2910400
NWL,2021-05-07,28.88999938964844,29.32999992370605,28.8700008392334,29.06999969482422,26.254526138305664,2137400
NWL,2021-05-10,29.239999771118164,30.100000381469727,29.1299991607666,29.270000457763672,26.43515396118164,3508500
NWL,2021-05-11,29.200000762939453,29.479999542236328,28.559999465942383,28.979999542236328,26.173240661621094,2591300
NWL,2021-05-12,28.8700008392334,28.89999961853028,27.989999771118164,28.059999465942383,25.342342376708984,2318100
NWL,2021-05-13,27.8799991607666,28.75,27.770000457763672,28.57999992370605,25.81197929382324,2059200
NWL,2021-05-14,28.850000381469727,29.06999969482422,28.670000076293945,28.950000762939453,26.146148681640625,1345100
NWL,2021-05-17,28.96999931335449,29.5,28.8700008392334,29.34000015258789,26.49837112426757,2052800
NWL,2021-05-18,29.3700008392334,29.5,28.440000534057617,28.450000762939453,25.694568634033203,3007400
NWL,2021-05-19,28.15999984741211,28.239999771118164,27.65999984741211,28.170000076293945,25.441688537597656,4731700
NWL,2021-05-20,28.1200008392334,28.6200008392334,27.920000076293945,28.440000534057617,25.6855411529541,1830000
NWL,2021-05-21,28.450000762939453,28.71999931335449,28.229999542236328,28.299999237060547,25.55909919738769,1539700
NWL,2021-05-24,28.459999084472656,28.51000022888184,28.1299991607666,28.25,25.51394271850586,1647300
NWL,2021-05-25,28.31999969482422,28.51000022888184,27.8799991607666,27.950000762939453,25.24299430847168,1750600
NWL,2021-05-26,28.14999961853028,28.36000061035156,28.07999992370605,28.25,25.51394271850586,1829600
NWL,2021-05-27,28.21999931335449,28.6299991607666,28.15999984741211,28.59000015258789,26.032958984375,6055900
NWL,2021-05-28,29.0,29.059999465942383,28.36000061035156,28.690000534057617,26.12401390075684,2812000
NWL,2021-06-01,29.0,29.100000381469727,28.51000022888184,28.739999771118164,26.169546127319336,2388800
NWL,2021-06-02,28.82999992370605,28.8700008392334,28.40999984741211,28.61000061035156,26.051170349121094,1646800
NWL,2021-06-03,28.549999237060547,28.600000381469727,28.09000015258789,28.39999961853028,25.85995101928711,1905800
NWL,2021-06-04,28.3799991607666,28.530000686645508,28.059999465942383,28.270000457763672,25.741579055786133,1217800
NWL,2021-06-07,28.34000015258789,28.549999237060547,28.059999465942383,28.209999084472656,25.686946868896484,1035600
NWL,2021-06-08,28.170000076293945,28.559999465942383,27.86000061035156,28.40999984741211,25.86905860900879,2270500
NWL,2021-06-09,28.43000030517578,28.43000030517578,27.959999084472656,27.96999931335449,25.468414306640625,1524900
NWL,2021-06-10,28.209999084472656,28.280000686645508,27.540000915527344,27.6299991607666,25.1588191986084,1741000
NWL,2021-06-11,27.8799991607666,28.049999237060547,27.739999771118164,28.040000915527344,25.53215408325196,1462900
NWL,2021-06-14,28.0,28.06999969482422,27.190000534057617,27.34000015258789,24.894758224487305,2221600
NWL,2021-06-15,27.31999969482422,27.540000915527344,27.11000061035156,27.34000015258789,24.894758224487305,1888600
NWL,2021-06-16,27.270000457763672,27.38999938964844,26.81999969482422,27.01000022888184,24.59427261352539,1978500
NWL,2021-06-17,27.030000686645508,27.030000686645508,25.780000686645508,26.290000915527344,23.93866920471192,2096500
NWL,2021-06-18,25.850000381469727,26.25,25.71999931335449,25.989999771118164,23.665502548217773,3488400
NWL,2021-06-21,26.21999931335449,26.68000030517578,26.13999938964844,26.540000915527344,24.16631126403809,1959700
NWL,2021-06-22,26.64999961853028,26.64999961853028,26.209999084472656,26.520000457763672,24.148099899291992,1903700
NWL,2021-06-23,26.61000061035156,26.71999931335449,26.309999465942383,26.420000076293945,24.05704116821289,2240600
NWL,2021-06-24,26.56999969482422,26.729999542236328,26.3799991607666,26.600000381469727,24.22094345092773,2537900
NWL,2021-06-25,26.520000457763672,26.82999992370605,26.489999771118164,26.6200008392334,24.239152908325195,3116700
NWL,2021-06-28,26.90999984741211,26.950000762939453,26.5,26.6299991607666,24.24825859069824,1871100
NWL,2021-06-29,26.920000076293945,27.34000015258789,26.8799991607666,27.0,24.585166931152344,3096400
NWL,2021-06-30,26.940000534057617,27.63999938964844,26.89999961853028,27.46999931335449,25.01313209533692,3113000
NWL,2021-07-01,27.59000015258789,27.81999969482422,27.309999465942383,27.450000762939453,24.99492073059082,1592300
NWL,2021-07-02,27.459999084472656,27.51000022888184,26.89999961853028,27.200000762939453,24.76728057861328,2084400
NWL,2021-07-06,27.09000015258789,27.13999938964844,26.21999931335449,26.51000022888184,24.138994216918945,2637300
NWL,2021-07-07,26.299999237060547,26.670000076293945,26.229999542236328,26.61000061035156,24.23004722595215,1561000
NWL,2021-07-08,26.14999961853028,26.770000457763672,25.989999771118164,26.479999542236328,24.11167526245117,2431100
NWL,2021-07-09,26.780000686645508,27.15999984741211,26.709999084472656,27.030000686645508,24.61248588562012,1636400
NWL,2021-07-12,26.799999237060547,27.270000457763672,26.59000015258789,27.190000534057617,24.758174896240234,2146800
NWL,2021-07-13,27.13999938964844,27.200000762939453,26.450000762939453,26.459999084472656,24.09346389770508,2068700
NWL,2021-07-14,27.239999771118164,27.40999984741211,26.729999542236328,27.100000381469727,24.67622375488281,4090400
NWL,2021-07-15,26.940000534057617,27.31999969482422,26.690000534057617,27.049999237060547,24.630693435668945,2836000
NWL,2021-07-16,27.11000061035156,27.39999961853028,26.940000534057617,27.040000915527344,24.62158966064453,3365100
NWL,2021-07-19,26.549999237060547,26.59000015258789,25.920000076293945,26.14999961853028,23.81119155883789,2988800
NWL,2021-07-20,26.299999237060547,27.07999992370605,26.049999237060547,27.040000915527344,24.62158966064453,1989900
NWL,2021-07-21,27.14999961853028,27.440000534057617,26.979999542236328,27.25,24.812807083129883,2147300
NWL,2021-07-22,27.170000076293945,27.170000076293945,26.81999969482422,26.940000534057617,24.530532836914062,1285200
NWL,2021-07-23,27.07999992370605,27.350000381469727,27.040000915527344,27.32999992370605,24.885650634765625,1256400
NWL,2021-07-26,27.3799991607666,27.63999938964844,27.15999984741211,27.40999984741211,24.958499908447266,1580300
NWL,2021-07-27,27.270000457763672,27.450000762939453,27.01000022888184,27.32999992370605,24.885650634765625,2454000
NWL,2021-07-28,27.36000061035156,27.479999542236328,26.690000534057617,26.82999992370605,24.430370330810547,2220200
NWL,2021-07-29,26.93000030517578,27.3799991607666,26.770000457763672,27.21999931335449,24.785490036010746,2657100
NWL,2021-07-30,26.46999931335449,26.61000061035156,24.6200008392334,24.75,22.53640556335449,9565400
NWL,2021-08-02,25.11000061035156,25.75,24.780000686645508,24.850000381469727,22.62745857238769,4370400
NWL,2021-08-03,25.0,25.36000061035156,24.57999992370605,25.21999931335449,22.9643669128418,2493000
NWL,2021-08-04,25.09000015258789,25.31999969482422,24.770000457763672,24.82999992370605,22.609249114990234,2297400
NWL,2021-08-05,25.049999237060547,25.440000534057617,25.020000457763672,25.290000915527344,23.02810859680176,1760900
NWL,2021-08-06,25.5,25.700000762939453,25.350000381469727,25.459999084472656,23.18290138244629,1407400
NWL,2021-08-09,25.420000076293945,25.420000076293945,25.049999237060547,25.239999771118164,22.98257827758789,1238400
NWL,2021-08-10,25.190000534057617,25.59000015258789,24.989999771118164,25.51000022888184,23.22843360900879,1237400
NWL,2021-08-11,25.6200008392334,25.989999771118164,25.32999992370605,25.81999969482422,23.510705947875977,1648500
NWL,2021-08-12,25.8799991607666,25.979999542236328,25.489999771118164,25.5,23.21932601928711,1314600
NWL,2021-08-13,25.6200008392334,25.809999465942383,25.420000076293945,25.670000076293945,23.37412071228028,1389600
NWL,2021-08-16,25.6299991607666,26.14999961853028,25.520000457763672,25.76000022888184,23.45607185363769,1859100
NWL,2021-08-17,25.520000457763672,25.600000381469727,24.71999931335449,25.100000381469727,22.855098724365234,1958300
NWL,2021-08-18,24.950000762939453,25.18000030517578,24.530000686645508,24.549999237060547,22.354293823242188,2494600
NWL,2021-08-19,24.299999237060547,24.530000686645508,23.940000534057617,24.09000015258789,21.935434341430664,2173500
NWL,2021-08-20,23.979999542236328,24.530000686645508,23.8700008392334,24.51000022888184,22.317869186401367,1562600
NWL,2021-08-23,24.729999542236328,24.799999237060547,24.46999931335449,24.63999938964844,22.436241149902344,1272700
NWL,2021-08-24,24.6200008392334,25.14999961853028,24.6200008392334,25.100000381469727,22.855098724365234,1804100
NWL,2021-08-25,25.100000381469727,25.559999465942383,24.959999084472656,25.34000015258789,23.073633193969727,1503000
NWL,2021-08-26,25.36000061035156,25.3799991607666,25.059999465942383,25.209999084472656,22.95526123046875,1736500
NWL,2021-08-27,25.32999992370605,25.71999931335449,25.32999992370605,25.540000915527344,23.255748748779297,1869000
NWL,2021-08-30,25.440000534057617,25.440000534057617,25.049999237060547,25.209999084472656,23.163862228393555,1506300
NWL,2021-08-31,25.229999542236328,25.450000762939453,25.14999961853028,25.40999984741211,23.34762954711914,2938300
NWL,2021-09-01,25.39999961853028,25.51000022888184,24.8700008392334,25.11000061035156,23.07198143005371,2219800
NWL,2021-09-02,25.15999984741211,25.520000457763672,25.1200008392334,25.51000022888184,23.439516067504883,1496900
NWL,2021-09-03,25.5,25.8799991607666,25.46999931335449,25.65999984741211,23.57733917236328,2313800
NWL,2021-09-07,25.57999992370605,25.790000915527344,25.459999084472656,25.57999992370605,23.50383186340332,2088000
NWL,2021-09-08,25.459999084472656,25.6200008392334,25.34000015258789,25.51000022888184,23.439516067504883,1972800
NWL,2021-09-09,25.59000015258789,26.01000022888184,25.51000022888184,25.6200008392334,23.540586471557617,1793000
NWL,2021-09-10,25.64999961853028,25.700000762939453,24.780000686645508,24.88999938964844,22.869834899902344,2741400
NWL,2021-09-13,25.100000381469727,25.25,24.82999992370605,25.049999237060547,23.0168514251709,2035100
NWL,2021-09-14,25.059999465942383,25.239999771118164,24.520000457763672,24.71999931335449,22.7136344909668,3020300
NWL,2021-09-15,24.700000762939453,25.489999771118164,24.61000061035156,25.309999465942383,23.255748748779297,2976500
NWL,2021-09-16,25.309999465942383,25.46999931335449,25.0,25.01000022888184,22.98009490966797,2337500
NWL,2021-09-17,24.82999992370605,25.059999465942383,24.68000030517578,24.809999465942383,22.796329498291016,4304500
NWL,2021-09-20,24.420000076293945,24.46999931335449,23.68000030517578,23.96999931335449,22.02450561523437,2385400
NWL,2021-09-21,24.18000030517578,24.290000915527344,23.61000061035156,23.670000076293945,21.74885368347168,1724100
NWL,2021-09-22,24.09000015258789,24.239999771118164,23.8799991607666,23.959999084472656,22.015316009521484,1564900
NWL,2021-09-23,24.049999237060547,24.46999931335449,23.93000030517578,24.11000061035156,22.15314292907715,2000000
NWL,2021-09-24,23.8799991607666,24.0,23.63999938964844,23.670000076293945,21.74885368347168,2347500
NWL,2021-09-27,23.709999084472656,24.280000686645508,23.68000030517578,24.100000381469727,22.14395523071289,1767000
NWL,2021-09-28,24.07999992370605,24.31999969482422,23.920000076293945,24.0,22.05206871032715,1954600
NWL,2021-09-29,24.0,24.09000015258789,23.809999465942383,23.89999961853028,21.96019172668457,1618600
NWL,2021-09-30,24.030000686645508,24.1299991607666,21.989999771118164,22.13999938964844,20.343036651611328,4972500
NWL,2021-10-01,22.489999771118164,22.709999084472656,21.89999961853028,22.559999465942383,20.72894859313965,3165800
NWL,2021-10-04,22.479999542236328,22.76000022888184,22.030000686645508,22.1200008392334,20.324663162231445,2675600
NWL,2021-10-05,22.13999938964844,22.479999542236328,21.8799991607666,22.200000762939453,20.398168563842773,2215900
NWL,2021-10-06,21.96999931335449,22.40999984741211,21.559999465942383,22.13999938964844,20.343036651611328,2536700
NWL,2021-10-07,22.309999465942383,22.690000534057617,22.25,22.489999771118164,20.664628982543945,1885200
NWL,2021-10-08,22.530000686645508,22.6200008392334,21.96999931335449,21.989999771118164,20.205209732055664,1253800
NWL,2021-10-11,22.09000015258789,22.450000762939453,22.049999237060547,22.13999938964844,20.343036651611328,2656800
NWL,2021-10-12,22.11000061035156,22.61000061035156,22.049999237060547,22.270000457763672,20.462486267089844,3168300
NWL,2021-10-13,22.32999992370605,22.46999931335449,22.0,22.21999931335449,20.41654396057129,3463800
NWL,2021-10-14,22.290000915527344,22.700000762939453,22.26000022888184,22.540000915527344,20.7105712890625,1776400
NWL,2021-10-15,22.75,22.8700008392334,22.520000457763672,22.59000015258789,20.75651359558105,1837600
NWL,2021-10-18,22.200000762939453,22.68000030517578,22.200000762939453,22.63999938964844,20.80245018005371,1698900
NWL,2021-10-19,22.780000686645508,22.940000534057617,22.600000381469727,22.82999992370605,20.977033615112305,2617500
NWL,2021-10-20,22.76000022888184,23.26000022888184,22.729999542236328,23.049999237060547,21.17917823791504,1749600
NWL,2021-10-21,22.920000076293945,23.270000457763672,22.780000686645508,23.25,21.362943649291992,1996900
NWL,2021-10-22,23.280000686645508,23.32999992370605,22.57999992370605,22.63999938964844,20.80245018005371,1924200
NWL,2021-10-25,22.670000076293945,22.739999771118164,22.3799991607666,22.46999931335449,20.6462516784668,2412800
NWL,2021-10-26,22.479999542236328,22.68000030517578,22.270000457763672,22.299999237060547,20.490049362182617,2510000
NWL,2021-10-27,22.31999969482422,22.420000076293945,21.670000076293945,21.729999542236328,19.966312408447266,3086500
NWL,2021-10-28,21.71999931335449,21.8700008392334,21.540000915527344,21.770000457763672,20.00306701660156,3820500
NWL,2021-10-29,22.530000686645508,23.450000762939453,21.82999992370605,22.88999938964844,21.03216361999512,4857200
NWL,2021-11-01,23.64999961853028,23.770000457763672,22.89999961853028,23.559999465942383,21.64778518676757,4450200
NWL,2021-11-02,23.709999084472656,24.31999969482422,23.229999542236328,23.8700008392334,21.9326229095459,3974100
NWL,2021-11-03,23.739999771118164,24.280000686645508,23.739999771118164,24.100000381469727,22.14395523071289,2911200
NWL,2021-11-04,24.229999542236328,24.270000457763672,23.59000015258789,23.739999771118164,21.813175201416016,1941500
NWL,2021-11-05,23.979999542236328,24.350000381469727,23.8799991607666,24.1299991607666,22.171520233154297,1948700
NWL,2021-11-08,24.239999771118164,24.479999542236328,24.14999961853028,24.420000076293945,22.4379825592041,2316300
NWL,2021-11-09,24.25,24.6200008392334,24.25,24.46999931335449,22.48392868041992,1711200
NWL,2021-11-10,24.350000381469727,24.700000762939453,24.06999969482422,24.11000061035156,22.15314292907715,1728600
NWL,2021-11-11,24.14999961853028,24.450000762939453,24.07999992370605,24.32999992370605,22.35528945922852,1106900
NWL,2021-11-12,24.39999961853028,24.729999542236328,24.21999931335449,24.26000022888184,22.29096984863281,1448300
NWL,2021-11-15,24.459999084472656,24.5,23.88999938964844,23.959999084472656,22.015316009521484,1485900
NWL,2021-11-16,23.96999931335449,24.100000381469727,23.6299991607666,23.64999961853028,21.73047637939453,2409000
NWL,2021-11-17,23.40999984741211,23.700000762939453,23.290000915527344,23.450000762939453,21.54671287536621,1693900
NWL,2021-11-18,23.459999084472656,23.700000762939453,22.51000022888184,22.68000030517578,20.839210510253903,3194000
NWL,2021-11-19,22.540000915527344,22.790000915527344,22.299999237060547,22.670000076293945,20.830018997192383,2039700
NWL,2021-11-22,22.68000030517578,23.26000022888184,22.6299991607666,23.030000686645508,21.160802841186523,1654500
NWL,2021-11-23,23.15999984741211,23.350000381469727,22.940000534057617,23.14999961853028,21.27106094360352,1897700
NWL,2021-11-24,22.950000762939453,23.270000457763672,22.81999969482422,22.989999771118164,21.1240463256836,2133600
NWL,2021-11-26,22.350000381469727,22.600000381469727,22.059999465942383,22.459999084472656,20.63706398010254,1436300
NWL,2021-11-29,22.43000030517578,22.479999542236328,21.88999938964844,22.350000381469727,20.748464584350582,3188600
NWL,2021-11-30,22.13999938964844,22.21999931335449,21.239999771118164,21.46999931335449,19.93152236938477,9812300
NWL,2021-12-01,21.84000015258789,22.030000686645508,20.86000061035156,20.8799991607666,19.3838005065918,3897300
NWL,2021-12-02,20.979999542236328,21.780000686645508,20.950000762939453,21.600000381469727,20.052207946777344,7104300
NWL,2021-12-03,21.76000022888184,21.809999465942383,21.520000457763672,21.75,20.19145774841309,2575100
NWL,2021-12-06,21.8700008392334,22.68000030517578,21.8700008392334,22.38999938964844,20.78559684753418,4417600
NWL,2021-12-07,22.6200008392334,22.809999465942383,22.39999961853028,22.709999084472656,21.08266830444336,4650100
NWL,2021-12-08,22.81999969482422,22.920000076293945,22.459999084472656,22.84000015258789,21.203353881835938,2766600
NWL,2021-12-09,22.71999931335449,22.989999771118164,22.43000030517578,22.780000686645508,21.147655487060547,2190200
NWL,2021-12-10,22.950000762939453,23.0,22.280000686645508,22.32999992370605,20.729900360107425,2053000
NWL,2021-12-13,22.350000381469727,22.39999961853028,21.920000076293945,22.26000022888184,20.664913177490234,2617000
NWL,2021-12-14,22.18000030517578,22.65999984741211,22.1200008392334,22.39999961853028,20.79488182067871,2802400
NWL,2021-12-15,22.32999992370605,22.600000381469727,21.959999084472656,22.530000686645508,20.91556739807129,3555800
NWL,2021-12-16,22.65999984741211,22.8700008392334,22.40999984741211,22.420000076293945,20.813446044921875,1891300
NWL,2021-12-17,22.40999984741211,22.450000762939453,21.71999931335449,21.75,20.19145774841309,5711000
NWL,2021-12-20,21.36000061035156,21.3700008392334,20.36000061035156,20.56999969482422,19.09601783752441,3913200
NWL,2021-12-21,20.8700008392334,21.780000686645508,20.76000022888184,21.43000030517578,19.89438819885254,5145300
NWL,2021-12-22,21.43000030517578,21.549999237060547,21.170000076293945,21.3700008392334,19.83869171142578,1854100
NWL,2021-12-23,21.43000030517578,21.56999969482422,21.350000381469727,21.40999984741211,19.87582397460937,2894100
NWL,2021-12-27,21.40999984741211,21.86000061035156,21.21999931335449,21.84000015258789,20.27500915527344,2094300
NWL,2021-12-28,21.790000915527344,21.979999542236328,21.6299991607666,21.739999771118164,20.18217658996582,2162600
NWL,2021-12-29,21.700000762939453,21.809999465942383,21.59000015258789,21.63999938964844,20.08934211730957,1872700
NWL,2021-12-30,21.739999771118164,21.88999938964844,21.549999237060547,21.600000381469727,20.052207946777344,3030000
NWL,2021-12-31,21.59000015258789,21.920000076293945,21.450000762939453,21.84000015258789,20.27500915527344,1912700
NWL,2022-01-03,21.86000061035156,22.13999938964844,21.76000022888184,22.11000061035156,20.525665283203125,2404600
NWL,2022-01-04,22.25,22.959999084472656,22.239999771118164,22.850000381469727,21.21263885498047,2547200
NWL,2022-01-05,22.950000762939453,23.290000915527344,22.90999984741211,23.040000915527344,21.38902282714844,4003200
NWL,2022-01-06,23.26000022888184,23.43000030517578,22.84000015258789,23.07999992370605,21.42615509033203,2852800
NWL,2022-01-07,23.09000015258789,23.34000015258789,23.07999992370605,23.13999938964844,21.48185539245605,2260300
NWL,2022-01-10,22.96999931335449,23.280000686645508,22.920000076293945,23.26000022888184,21.59325790405273,3957500
NWL,2022-01-11,23.309999465942383,23.31999969482422,22.979999542236328,23.06999969482422,21.416872024536133,2580500
NWL,2022-01-12,23.09000015258789,23.46999931335449,23.01000022888184,23.43000030517578,21.751075744628903,2577500
NWL,2022-01-13,23.549999237060547,24.0,23.43000030517578,23.68000030517578,21.983163833618164,3076000
NWL,2022-01-14,23.540000915527344,23.8700008392334,23.450000762939453,23.850000381469727,22.140981674194336,3124700
NWL,2022-01-18,23.88999938964844,23.920000076293945,23.559999465942383,23.65999984741211,21.96459579467773,2183900
NWL,2022-01-19,23.76000022888184,23.88999938964844,23.209999084472656,23.299999237060547,21.63038825988769,2759100
NWL,2022-01-20,23.299999237060547,23.56999969482422,23.0,23.06999969482422,21.416872024536133,2855200
NWL,2022-01-21,23.07999992370605,23.3700008392334,22.950000762939453,23.0,21.35188865661621,3186800
NWL,2022-01-24,22.229999542236328,23.459999084472656,22.13999938964844,23.40999984741211,21.73250770568848,3727500
NWL,2022-01-25,23.21999931335449,23.459999084472656,22.600000381469727,23.34000015258789,21.667526245117188,2992200
NWL,2022-01-26,23.51000022888184,23.790000915527344,23.06999969482422,23.309999465942383,21.639673233032227,3002600
NWL,2022-01-27,23.38999938964844,23.770000457763672,22.90999984741211,23.14999961853028,21.49113845825196,2962700
NWL,2022-01-28,22.950000762939453,23.0,22.25,23.0,21.35188865661621,3745100
NWL,2022-01-31,22.780000686645508,23.36000061035156,22.56999969482422,23.209999084472656,21.546838760375977,13593700
NWL,2022-02-01,23.15999984741211,23.600000381469727,23.14999961853028,23.459999084472656,21.7789249420166,6249600
NWL,2022-02-02,23.43000030517578,23.63999938964844,23.3700008392334,23.5,21.81606101989746,3006800
NWL,2022-02-03,23.5,23.56999969482422,23.270000457763672,23.31999969482422,21.64895820617676,4038400
NWL,2022-02-04,23.1299991607666,23.1299991607666,21.170000076293945,21.32999992370605,19.801557540893555,11503100
NWL,2022-02-07,21.3700008392334,22.200000762939453,21.170000076293945,21.959999084472656,20.38641166687012,5059500
NWL,2022-02-08,22.059999465942383,22.39999961853028,21.8799991607666,22.36000061035156,20.75775146484375,2485300
NWL,2022-02-09,22.440000534057617,22.940000534057617,22.440000534057617,22.780000686645508,21.147655487060547,3304900
NWL,2022-02-10,22.64999961853028,22.850000381469727,21.809999465942383,21.959999084472656,20.38641166687012,6184900
NWL,2022-02-11,22.670000076293945,25.1200008392334,22.5,24.38999938964844,22.64228820800781,8209400
NWL,2022-02-14,24.520000457763672,25.09000015258789,24.26000022888184,24.920000076293945,23.134307861328125,5187100
NWL,2022-02-15,25.100000381469727,26.09000015258789,25.07999992370605,26.049999237060547,24.183334350585938,5267000
NWL,2022-02-16,25.96999931335449,26.450000762939453,25.700000762939453,26.01000022888184,24.14620018005371,3749600
NWL,2022-02-17,25.76000022888184,26.34000015258789,25.57999992370605,25.920000076293945,24.062650680541992,3589400
NWL,2022-02-18,25.8799991607666,26.18000030517578,25.57999992370605,25.86000061035156,24.006948471069336,3486900
NWL,2022-02-22,25.770000457763672,25.850000381469727,24.850000381469727,25.11000061035156,23.310691833496094,4735400
NWL,2022-02-23,25.18000030517578,25.200000762939453,24.350000381469727,24.420000076293945,22.67013359069824,4595000
NWL,2022-02-24,23.8700008392334,24.209999084472656,23.450000762939453,23.8799991607666,22.1688289642334,4343700
NWL,2022-02-25,23.690000534057617,24.31999969482422,23.540000915527344,24.07999992370605,22.5718994140625,3560600
NWL,2022-02-28,23.770000457763672,24.020000457763672,23.520000457763672,23.75,22.2625675201416,4124800
NWL,2022-03-01,23.600000381469727,23.799999237060547,22.68000030517578,22.8700008392334,21.43768119812012,3164800
NWL,2022-03-02,22.920000076293945,23.81999969482422,22.8700008392334,23.68000030517578,22.19695281982422,3384800
NWL,2022-03-03,23.799999237060547,23.989999771118164,23.530000686645508,23.81999969482422,22.32818603515625,2509600
NWL,2022-03-04,23.479999542236328,23.68000030517578,22.93000030517578,23.14999961853028,21.70014381408692,3497000
NWL,2022-03-07,22.88999938964844,22.989999771118164,22.040000915527344,22.049999237060547,20.669034957885746,3484500
NWL,2022-03-08,22.1299991607666,22.920000076293945,21.88999938964844,22.1200008392334,20.734655380249023,3150400
NWL,2022-03-09,22.6200008392334,23.049999237060547,22.559999465942383,22.56999969482422,21.156469345092773,2497700
NWL,2022-03-10,22.170000076293945,22.229999542236328,21.64999961853028,21.959999084472656,20.58467483520508,3037800
NWL,2022-03-11,22.1299991607666,22.209999084472656,21.559999465942383,21.57999992370605,20.228471755981445,1929500
NWL,2022-03-14,21.75,21.8700008392334,21.1299991607666,21.3799991607666,20.040996551513672,2802500
NWL,2022-03-15,21.46999931335449,21.959999084472656,21.440000534057617,21.940000534057617,20.56592559814453,2623100
NWL,2022-03-16,22.170000076293945,22.530000686645508,21.96999931335449,22.46999931335449,21.06273078918457,2808800
NWL,2022-03-17,22.229999542236328,22.709999084472656,21.93000030517578,22.700000762939453,21.278329849243164,1813600
NWL,2022-03-18,22.420000076293945,22.520000457763672,21.920000076293945,22.38999938964844,20.98774147033692,5818600
NWL,2022-03-21,22.440000534057617,22.780000686645508,22.049999237060547,22.229999542236328,20.8377628326416,1805100
NWL,2022-03-22,22.40999984741211,22.540000915527344,22.07999992370605,22.229999542236328,20.8377628326416,2019100
NWL,2022-03-23,22.11000061035156,22.200000762939453,21.959999084472656,21.989999771118164,20.61279296875,1913200
NWL,2022-03-24,21.950000762939453,22.11000061035156,21.700000762939453,21.8799991607666,20.50968360900879,2228100
NWL,2022-03-25,21.86000061035156,22.729999542236328,21.84000015258789,22.309999465942383,20.91275215148925,2272700
NWL,2022-03-28,22.190000534057617,22.31999969482422,21.950000762939453,22.200000762939453,20.80964469909668,1847600
NWL,2022-03-29,22.51000022888184,22.940000534057617,22.5,22.809999465942383,21.38143920898437,2077400
NWL,2022-03-30,22.64999961853028,22.68000030517578,22.0,22.229999542236328,20.8377628326416,2561200
NWL,2022-03-31,22.020000457763672,22.14999961853028,21.3799991607666,21.40999984741211,20.06912040710449,4432000
NWL,2022-04-01,21.5,21.6299991607666,20.8799991607666,21.39999961853028,20.05974769592285,3638600
NWL,2022-04-04,21.309999465942383,21.82999992370605,21.020000457763672,21.75,20.3878231048584,2577600
NWL,2022-04-05,21.63999938964844,22.030000686645508,21.350000381469727,21.489999771118164,20.14410781860352,3974600
NWL,2022-04-06,21.34000015258789,21.989999771118164,21.280000686645508,21.8799991607666,20.50968360900879,4793700
NWL,2022-04-07,21.88999938964844,21.979999542236328,21.200000762939453,21.809999465942383,20.44406509399414,4231500
NWL,2022-04-08,22.14999961853028,22.280000686645508,21.700000762939453,22.100000381469727,20.715904235839844,2322400
NWL,2022-04-11,22.07999992370605,22.6299991607666,21.96999931335449,22.18000030517578,20.7908935546875,2754400
NWL,2022-04-12,22.21999931335449,22.63999938964844,22.06999969482422,22.25,20.85651016235352,2239900
NWL,2022-04-13,22.059999465942383,22.51000022888184,22.0,22.459999084472656,21.05335807800293,2174000
NWL,2022-04-14,22.520000457763672,22.729999542236328,22.34000015258789,22.40999984741211,21.00649070739746,1892500
NWL,2022-04-18,22.26000022888184,22.64999961853028,22.26000022888184,22.5,21.090850830078125,2200900
NWL,2022-04-19,22.59000015258789,22.96999931335449,22.5,22.8700008392334,21.43768119812012,1902200
NWL,2022-04-20,23.0,23.40999984741211,22.989999771118164,23.209999084472656,21.756385803222656,1877000
NWL,2022-04-21,23.290000915527344,23.51000022888184,23.239999771118164,23.36000061035156,21.89699363708496,1758200
NWL,2022-04-22,23.200000762939453,23.209999084472656,22.670000076293945,22.71999931335449,21.29707336425781,1851500
NWL,2022-04-25,22.65999984741211,23.299999237060547,22.309999465942383,23.270000457763672,21.81262969970703,2364300
NWL,2022-04-26,23.11000061035156,23.36000061035156,22.6200008392334,22.6299991607666,21.212709426879883,2285900
NWL,2022-04-27,22.61000061035156,22.809999465942383,22.26000022888184,22.56999969482422,21.156469345092773,2146300
NWL,2022-04-28,22.700000762939453,23.11000061035156,22.489999771118164,23.030000686645508,21.587661743164062,3027800
NWL,2022-04-29,23.15999984741211,24.200000762939453,23.06999969482422,23.14999961853028,21.70014381408692,4275500
NWL,2022-05-02,23.299999237060547,23.450000762939453,22.020000457763672,22.43000030517578,21.025236129760746,3955000
NWL,2022-05-03,22.600000381469727,23.549999237060547,22.38999938964844,23.40999984741211,21.94386100769043,4835000
NWL,2022-05-04,23.3700008392334,23.38999938964844,22.61000061035156,23.280000686645508,21.822004318237305,3284800
NWL,2022-05-05,23.049999237060547,23.15999984741211,22.34000015258789,22.59000015258789,21.175216674804688,3027100
NWL,2022-05-06,22.420000076293945,22.690000534057617,22.21999931335449,22.479999542236328,21.072105407714844,2740400
NWL,2022-05-09,22.14999961853028,24.700000762939453,22.049999237060547,24.26000022888184,22.74062728881836,12023100
NWL,2022-05-10,24.479999542236328,24.479999542236328,22.600000381469727,22.6200008392334,21.203338623046875,5527900
NWL,2022-05-11,22.459999084472656,23.06999969482422,21.739999771118164,21.790000915527344,20.42532157897949,3256200
NWL,2022-05-12,21.780000686645508,22.299999237060547,21.71999931335449,22.170000076293945,20.78152084350586,2407500
NWL,2022-05-13,22.170000076293945,22.82999992370605,22.09000015258789,22.690000534057617,21.26895523071289,2378200
NWL,2022-05-16,22.670000076293945,22.75,22.21999931335449,22.59000015258789,21.175216674804688,1631600
NWL,2022-05-17,22.75,23.1200008392334,22.6200008392334,23.06999969482422,21.62515640258789,2080300
NWL,2022-05-18,22.739999771118164,22.739999771118164,20.6299991607666,20.670000076293945,19.375465393066406,4983800
NWL,2022-05-19,20.5,20.5,19.51000022888184,19.670000076293945,18.43809509277344,4777800
NWL,2022-05-20,19.63999938964844,19.670000076293945,18.89999961853028,19.450000762939453,18.231874465942383,4389500
NWL,2022-05-23,19.559999465942383,19.84000015258789,19.38999938964844,19.59000015258789,18.36310386657715,2957000
NWL,2022-05-24,19.3799991607666,19.3799991607666,18.670000076293945,18.82999992370605,17.65070152282715,4479900
NWL,2022-05-25,18.780000686645508,20.39999961853028,18.700000762939453,20.36000061035156,19.084880828857425,5165700
NWL,2022-05-26,20.440000534057617,21.700000762939453,20.420000076293945,21.209999084472656,19.88164329528809,4935800
NWL,2022-05-27,20.780000686645508,21.8799991607666,20.780000686645508,21.8799991607666,20.734527587890625,3054800
NWL,2022-05-31,21.65999984741211,21.86000061035156,21.280000686645508,21.440000534057617,20.317562103271484,9224600
NWL,2022-06-01,21.61000061035156,21.81999969482422,20.86000061035156,21.489999771118164,20.36494445800781,3673500
NWL,2022-06-02,21.479999542236328,21.6200008392334,21.100000381469727,21.56999969482422,20.44075584411621,2415400
NWL,2022-06-03,21.450000762939453,21.600000381469727,21.06999969482422,21.1200008392334,20.01431655883789,1695400
NWL,2022-06-06,21.209999084472656,21.5,20.90999984741211,21.38999938964844,20.27017974853516,1800200
NWL,2022-06-07,21.049999237060547,21.170000076293945,20.3799991607666,21.13999938964844,20.03326797485352,2886800
NWL,2022-06-08,21.0,21.0,20.36000061035156,20.57999992370605,19.50258445739746,2043300
NWL,2022-06-09,20.450000762939453,20.56999969482422,19.920000076293945,19.979999542236328,18.933996200561523,3631000
NWL,2022-06-10,19.59000015258789,19.770000457763672,19.1299991607666,19.13999938964844,18.13797187805176,3435000
NWL,2022-06-13,18.90999984741211,19.0,18.40999984741211,18.63999938964844,17.664148330688477,3282800
NWL,2022-06-14,18.64999961853028,18.690000534057617,18.21999931335449,18.46999931335449,17.503047943115234,6018400
NWL,2022-06-15,18.63999938964844,19.040000915527344,18.520000457763672,18.71999931335449,17.739959716796875,4933600
NWL,2022-06-16,18.39999961853028,18.40999984741211,17.399999618530273,17.860000610351562,16.924983978271484,5549200
NWL,2022-06-17,17.829999923706055,18.25,17.770000457763672,18.11000061035156,17.161895751953125,7368300
NWL,2022-06-21,18.309999465942383,18.549999237060547,18.18000030517578,18.309999465942383,17.351423263549805,5520300
NWL,2022-06-22,17.920000076293945,18.43000030517578,17.84000015258789,18.270000457763672,17.313518524169922,3804900
NWL,2022-06-23,18.31999969482422,19.520000457763672,18.31999969482422,19.459999084472656,18.441219329833984,4650600
NWL,2022-06-24,19.479999542236328,20.170000076293945,19.309999465942383,20.030000686645508,18.981380462646484,5230900
NWL,2022-06-27,20.0,20.100000381469727,19.600000381469727,19.690000534057617,18.6591796875,2691700
NWL,2022-06-28,19.81999969482422,20.200000762939453,19.40999984741211,19.420000076293945,18.40331649780273,2851800
NWL,2022-06-29,19.36000061035156,19.3799991607666,19.040000915527344,19.290000915527344,18.280122756958008,2271200
NWL,2022-06-30,19.06999969482422,19.600000381469727,18.76000022888184,19.040000915527344,18.04320907592773,4287000
NWL,2022-07-01,19.059999465942383,19.65999984741211,19.040000915527344,19.51000022888184,18.488603591918945,2062400
NWL,2022-07-05,19.299999237060547,20.01000022888184,19.15999984741211,20.0,18.95295143127441,2819000
NWL,2022-07-06,19.950000762939453,20.09000015258789,19.32999992370605,19.479999542236328,18.46017265319824,2176400
NWL,2022-07-07,19.479999542236328,19.56999969482422,19.040000915527344,19.38999938964844,18.3748836517334,3421300
NWL,2022-07-08,19.479999542236328,19.540000915527344,19.11000061035156,19.31999969482422,18.30854797363281,2340400
NWL,2022-07-11,19.190000534057617,19.32999992370605,18.84000015258789,18.8799991607666,17.891584396362305,2492200
NWL,2022-07-12,18.84000015258789,19.36000061035156,18.809999465942383,19.09000015258789,18.09058952331543,2461600
NWL,2022-07-13,18.809999465942383,19.200000762939453,18.530000686645508,19.170000076293945,18.16640281677246,2514100
NWL,2022-07-14,18.809999465942383,18.979999542236328,18.68000030517578,18.90999984741211,17.920015335083008,2026400
NWL,2022-07-15,19.190000534057617,19.3799991607666,18.88999938964844,19.0,18.005300521850586,2312600
NWL,2022-07-18,19.1200008392334,19.63999938964844,19.1200008392334,19.43000030517578,18.41279029846192,2403000
NWL,2022-07-19,19.59000015258789,19.89999961853028,19.56999969482422,19.799999237060547,18.76341819763184,2529300
NWL,2022-07-20,19.850000381469727,19.959999084472656,19.600000381469727,19.93000030517578,18.886615753173828,2266300
NWL,2022-07-21,19.81999969482422,20.06999969482422,19.68000030517578,20.020000457763672,18.97190284729004,1737900
NWL,2022-07-22,20.100000381469727,20.299999237060547,19.989999771118164,20.190000534057617,19.13300514221192,1861900
NWL,2022-07-25,20.190000534057617,20.229999542236328,19.88999938964844,20.0,18.95295143127441,1717300
NWL,2022-07-26,20.040000915527344,20.059999465942383,19.32999992370605,19.790000915527344,18.753944396972656,3253000
NWL,2022-07-27,19.690000534057617,20.11000061035156,19.239999771118164,20.09000015258789,19.038238525390625,4546800
NWL,2022-07-28,20.229999542236328,20.8799991607666,20.09000015258789,20.690000534057617,19.60682678222656,5350300
NWL,2022-07-29,20.43000030517578,20.8799991607666,20.040000915527344,20.209999084472656,19.151954650878903,5758000
NWL,2022-08-01,20.01000022888184,20.299999237060547,19.420000076293945,20.280000686645508,19.21829032897949,2992900
NWL,2022-08-02,20.280000686645508,20.309999465942383,19.76000022888184,19.799999237060547,18.76341819763184,3134000
NWL,2022-08-03,20.040000915527344,20.31999969482422,19.540000915527344,19.809999465942383,18.77289581298828,2816800
NWL,2022-08-04,19.71999931335449,19.950000762939453,19.540000915527344,19.56999969482422,18.545459747314453,2474200
NWL,2022-08-05,19.420000076293945,19.950000762939453,19.36000061035156,19.920000076293945,18.877140045166016,1916000
NWL,2022-08-08,20.1299991607666,20.56999969482422,20.100000381469727,20.31999969482422,19.256196975708008,2110100
NWL,2022-08-09,20.34000015258789,20.38999938964844,19.76000022888184,19.88999938964844,18.84870719909668,1729100
NWL,2022-08-10,20.26000022888184,20.64999961853028,20.25,20.51000022888184,19.436250686645508,1912400
NWL,2022-08-11,20.68000030517578,21.059999465942383,20.6299991607666,20.75,19.663686752319336,1661100
NWL,2022-08-12,20.81999969482422,21.1200008392334,20.729999542236328,21.07999992370605,19.97640991210937,1786700
NWL,2022-08-15,21.0,21.21999931335449,20.850000381469727,21.100000381469727,19.99536323547364,1691300
NWL,2022-08-16,21.0,21.549999237060547,21.0,21.420000076293945,20.29861068725586,1792600
NWL,2022-08-17,21.25,21.34000015258789,20.8799991607666,21.100000381469727,19.99536323547364,1577800
NWL,2022-08-18,21.06999969482422,21.15999984741211,20.850000381469727,21.14999961853028,20.04274559020996,1083600
NWL,2022-08-19,20.989999771118164,21.09000015258789,20.68000030517578,20.84000015258789,19.74897193908692,1689500
NWL,2022-08-22,20.6299991607666,20.63999938964844,20.39999961853028,20.5,19.426773071289062,2355900
NWL,2022-08-23,20.559999465942383,20.809999465942383,20.489999771118164,20.770000457763672,19.68263816833496,2663900
NWL,2022-08-24,20.700000762939453,20.709999084472656,19.90999984741211,20.059999465942383,19.00980758666992,2405100
NWL,2022-08-25,20.040000915527344,20.489999771118164,20.01000022888184,20.31999969482422,19.256196975708008,1285700
NWL,2022-08-26,20.40999984741211,20.549999237060547,19.540000915527344,19.559999465942383,18.53598403930664,1686000
NWL,2022-08-29,19.520000457763672,19.520000457763672,19.11000061035156,19.1200008392334,18.119020462036133,2576700
NWL,2022-08-30,18.920000076293945,19.01000022888184,18.46999931335449,18.530000686645508,17.773714065551758,2750000
NWL,2022-08-31,18.56999969482422,18.56999969482422,17.81999969482422,17.850000381469727,17.1214656829834,5213300
NWL,2022-09-01,17.719999313354492,17.799999237060547,17.139999389648438,17.459999084472656,16.74738311767578,5215200
NWL,2022-09-02,17.510000228881836,17.950000762939453,17.3799991607666,17.520000457763672,16.804935455322266,2937900
NWL,2022-09-06,17.520000457763672,17.56999969482422,16.989999771118164,17.079999923706055,16.38289451599121,3096600
NWL,2022-09-07,16.479999542236328,17.290000915527344,16.479999542236328,17.209999084472656,16.507585525512695,6618100
NWL,2022-09-08,17.059999465942383,17.469999313354492,16.809999465942383,17.440000534057617,16.728200912475586,3774400
NWL,2022-09-09,17.540000915527344,18.209999084472656,17.540000915527344,18.15999984741211,17.418813705444336,2596900
NWL,2022-09-12,18.299999237060547,18.540000915527344,18.11000061035156,18.18000030517578,17.437997817993164,3114500
NWL,2022-09-13,17.770000457763672,17.829999923706055,17.139999389648438,17.239999771118164,16.53636360168457,3636000
NWL,2022-09-14,17.280000686645508,17.40999984741211,16.68000030517578,16.989999771118164,16.296567916870117,3052100
NWL,2022-09-15,16.989999771118164,17.260000228881836,16.65999984741211,16.719999313354492,16.037586212158203,3049500
NWL,2022-09-16,16.540000915527344,16.6200008392334,16.079999923706055,16.299999237060547,15.634727478027344,9881800
NWL,2022-09-19,16.170000076293945,16.559999465942383,16.1200008392334,16.489999771118164,15.816973686218262,3161400
NWL,2022-09-20,16.280000686645508,16.280000686645508,15.420000076293944,15.609999656677246,14.97288990020752,3625900
NWL,2022-09-21,15.75,16.06999969482422,15.1899995803833,15.210000038146973,14.58921718597412,3328500
NWL,2022-09-22,15.289999961853027,15.289999961853027,14.770000457763672,14.8100004196167,14.20554256439209,3188200
NWL,2022-09-23,14.630000114440918,14.65999984741211,14.1899995803833,14.630000114440918,14.032888412475586,3855500
NWL,2022-09-26,14.529999732971191,14.789999961853027,14.270000457763672,14.289999961853027,13.70676612854004,2728100
NWL,2022-09-27,14.43000030517578,14.539999961853027,14.06999969482422,14.229999542236328,13.649213790893556,3083800
NWL,2022-09-28,14.34000015258789,14.520000457763672,14.270000457763672,14.43000030517578,13.84105110168457,2525000
NWL,2022-09-29,14.149999618530272,14.260000228881836,13.729999542236328,13.970000267028809,13.399826049804688,2668600
NWL,2022-09-30,13.989999771118164,14.239999771118164,13.869999885559082,13.890000343322754,13.323091506958008,3593600
NWL,2022-10-03,14.130000114440918,14.239999771118164,13.869999885559082,13.949999809265137,13.38064193725586,5478800
NWL,2022-10-04,14.199999809265137,14.739999771118164,14.15999984741211,14.670000076293944,14.071255683898926,3895500
NWL,2022-10-05,14.300000190734863,14.56999969482422,14.09000015258789,14.489999771118164,13.898602485656738,3040600
NWL,2022-10-06,14.399999618530272,14.600000381469728,14.260000228881836,14.380000114440918,13.793091773986816,2634900
NWL,2022-10-07,14.18000030517578,14.25,13.890000343322754,13.960000038146973,13.390233993530272,2832700
NWL,2022-10-10,14.020000457763672,14.220000267028809,13.949999809265137,14.06999969482422,13.495744705200195,2573500
NWL,2022-10-11,13.920000076293944,14.380000114440918,13.920000076293944,14.170000076293944,13.591663360595703,2646700
NWL,2022-10-12,14.170000076293944,14.359999656677246,14.0600004196167,14.239999771118164,13.658805847167969,2076100
NWL,2022-10-13,13.899999618530272,14.8100004196167,13.84000015258789,14.640000343322754,14.04248046875,4484100
NWL,2022-10-14,14.789999961853027,14.8100004196167,14.5,14.640000343322754,14.04248046875,3368600
NWL,2022-10-17,14.90999984741211,15.079999923706056,14.850000381469728,14.90999984741211,14.30146026611328,3560300
NWL,2022-10-18,15.1899995803833,15.3100004196167,15.010000228881836,15.220000267028809,14.59880828857422,1991800
NWL,2022-10-19,15.010000228881836,15.079999923706056,14.84000015258789,15.029999732971191,14.4165620803833,2785200
NWL,2022-10-20,15.06999969482422,15.06999969482422,14.600000381469728,14.729999542236328,14.128807067871094,3045500
NWL,2022-10-21,14.68000030517578,15.109999656677246,14.579999923706056,15.020000457763672,14.40697193145752,2716100
NWL,2022-10-24,15.1899995803833,15.34000015258789,14.949999809265137,15.3100004196167,14.685134887695312,2516400
NWL,2022-10-25,15.270000457763672,15.829999923706056,15.229999542236328,15.720000267028809,15.07840061187744,4279100
NWL,2022-10-26,15.779999732971191,15.9399995803833,15.579999923706056,15.739999771118164,15.09758472442627,3103800
NWL,2022-10-27,15.890000343322754,16.020000457763672,15.640000343322754,15.670000076293944,15.030442237854004,4955800
NWL,2022-10-28,15.050000190734863,15.65999984741211,14.779999732971191,15.050000190734863,14.435747146606444,8476800
NWL,2022-10-31,14.43000030517578,14.640000343322754,13.699999809265137,13.8100004196167,13.246356964111328,12373800
NWL,2022-11-01,14.0,14.210000038146973,13.359999656677246,13.359999656677246,12.814722061157228,6497400
NWL,2022-11-02,13.359999656677246,13.359999656677246,12.850000381469728,12.859999656677246,12.335129737854004,5591400
NWL,2022-11-03,12.6899995803833,12.789999961853027,12.25,12.710000038146973,12.191251754760742,5568500
NWL,2022-11-04,12.920000076293944,13.449999809265137,12.829999923706056,13.109999656677246,12.574925422668455,5693100
NWL,2022-11-07,13.1899995803833,13.25,12.84000015258789,13.140000343322754,12.603702545166016,3898200
NWL,2022-11-08,13.18000030517578,13.31999969482422,12.729999542236328,12.869999885559082,12.344721794128418,3371300
NWL,2022-11-09,12.779999732971191,12.850000381469728,12.56999969482422,12.579999923706056,12.066557884216309,3542500
NWL,2022-11-10,12.989999771118164,13.670000076293944,12.989999771118164,13.449999809265137,12.901049613952637,5457000
NWL,2022-11-11,13.520000457763672,14.239999771118164,13.479999542236328,14.119999885559082,13.54370403289795,4154300
NWL,2022-11-14,13.989999771118164,14.100000381469728,13.630000114440918,13.640000343322754,13.083294868469238,4116100
NWL,2022-11-15,14.0,14.15999984741211,13.739999771118164,13.970000267028809,13.399826049804688,3554400
NWL,2022-11-16,13.729999542236328,13.829999923706056,13.029999732971191,13.06999969482422,12.536558151245115,6259600
NWL,2022-11-17,12.93000030517578,13.270000457763672,12.880000114440918,13.15999984741211,12.622884750366213,3813300
NWL,2022-11-18,13.369999885559082,13.600000381469728,13.25,13.350000381469728,12.805130958557127,3586200
NWL,2022-11-21,13.279999732971191,13.34000015258789,13.0,13.050000190734863,12.517374992370604,3154800
NWL,2022-11-22,13.15999984741211,13.199999809265137,12.970000267028809,13.0600004196167,12.526968002319336,3421700
NWL,2022-11-23,13.039999961853027,13.229999542236328,13.010000228881836,13.18000030517578,12.642069816589355,2233100
NWL,2022-11-25,13.18000030517578,13.43000030517578,13.140000343322754,13.350000381469728,12.805130958557127,1691500
NWL,2022-11-28,13.199999809265137,13.359999656677246,12.920000076293944,13.119999885559082,12.584517478942873,5037500
NWL,2022-11-29,13.0,13.079999923706056,12.729999542236328,12.869999885559082,12.56499195098877,5726400
NWL,2022-11-30,12.859999656677246,12.989999771118164,12.4399995803833,12.970000267028809,12.662622451782228,7601800
NWL,2022-12-01,12.979999542236328,13.380000114440918,12.770000457763672,12.84000015258789,12.5357027053833,5266000
NWL,2022-12-02,12.710000038146973,13.010000228881836,12.489999771118164,12.989999771118164,12.682147979736328,4209800
NWL,2022-12-05,12.869999885559082,12.869999885559082,12.520000457763672,12.59000015258789,12.291627883911133,4463400
NWL,2022-12-06,12.56999969482422,12.779999732971191,12.489999771118164,12.75,12.447835922241213,5185500
NWL,2022-12-07,12.789999961853027,13.020000457763672,12.68000030517578,12.8100004196167,12.506414413452148,4001200
NWL,2022-12-08,12.84000015258789,13.3100004196167,12.8100004196167,13.300000190734863,12.98480224609375,4655100
NWL,2022-12-09,13.25,13.699999809265137,13.220000267028809,13.4399995803833,13.121482849121094,4880100
NWL,2022-12-12,13.369999885559082,13.68000030517578,13.210000038146973,13.619999885559082,13.297218322753906,4188000
NWL,2022-12-13,14.050000190734863,14.350000381469728,13.779999732971191,13.829999923706056,13.502241134643556,7104800
NWL,2022-12-14,13.800000190734863,13.93000030517578,13.479999542236328,13.65999984741211,13.336270332336426,3664500
NWL,2022-12-15,13.56999969482422,13.630000114440918,13.119999885559082,13.199999809265137,12.887170791625977,4045800
NWL,2022-12-16,13.0,13.3100004196167,12.960000038146973,13.06999969482422,12.760251998901367,19006200
NWL,2022-12-19,12.989999771118164,13.06999969482422,12.640000343322754,12.760000228881836,12.457598686218262,4447000
NWL,2022-12-20,12.710000038146973,12.729999542236328,12.520000457763672,12.609999656677246,12.311153411865234,3586400
NWL,2022-12-21,12.760000228881836,12.93000030517578,12.739999771118164,12.890000343322754,12.584518432617188,3302800
NWL,2022-12-22,12.8100004196167,12.90999984741211,12.479999542236328,12.890000343322754,12.584518432617188,3926600
NWL,2022-12-23,12.890000343322754,13.0,12.729999542236328,12.989999771118164,12.682147979736328,2151400
NWL,2022-12-27,12.979999542236328,13.119999885559082,12.8100004196167,13.039999961853027,12.730962753295898,3217200
NWL,2022-12-28,13.039999961853027,13.18000030517578,12.869999885559082,12.920000076293944,12.61380672454834,3671400
NWL,2022-12-29,13.010000228881836,13.229999542236328,12.960000038146973,13.140000343322754,12.828594207763672,2613200
NWL,2022-12-30,12.989999771118164,13.220000267028809,12.899999618530272,13.079999923706056,12.770014762878418,3461300
NWL,2023-01-03,13.199999809265137,13.550000190734863,13.18000030517578,13.460000038146973,13.141010284423828,3725800
NWL,2023-01-04,13.640000343322754,14.390000343322754,13.600000381469728,14.220000267028809,13.8829984664917,4878800
NWL,2023-01-05,14.109999656677246,14.18000030517578,13.829999923706056,14.109999656677246,13.775605201721191,3426500
NWL,2023-01-06,14.149999618530272,14.470000267028809,14.0600004196167,14.399999618530272,14.05873203277588,3235600
NWL,2023-01-09,14.390000343322754,14.81999969482422,14.289999961853027,14.529999732971191,14.185651779174805,2953900
NWL,2023-01-10,14.43000030517578,14.68000030517578,14.31999969482422,14.65999984741211,14.312570571899414,2221900
NWL,2023-01-11,14.770000457763672,14.859999656677246,14.600000381469728,14.84000015258789,14.48830509185791,3076500
NWL,2023-01-12,14.979999542236328,15.1899995803833,14.84000015258789,15.140000343322754,14.781195640563965,3392600
NWL,2023-01-13,14.989999771118164,15.449999809265137,14.989999771118164,15.40999984741211,15.04479694366455,2465500
NWL,2023-01-17,15.350000381469728,15.649999618530272,15.350000381469728,15.56999969482422,15.201004028320312,4033300
NWL,2023-01-18,15.609999656677246,15.670000076293944,15.0600004196167,15.079999923706056,14.722616195678713,3144500
NWL,2023-01-19,14.970000267028809,15.010000228881836,14.470000267028809,14.829999923706056,14.478541374206545,3520700
NWL,2023-01-20,14.800000190734863,15.079999923706056,14.720000267028809,15.050000190734863,14.693328857421877,3321700
NWL,2023-01-23,15.40999984741211,16.229999542236328,15.34000015258789,15.970000267028809,15.591525077819824,4813600
NWL,2023-01-24,15.93000030517578,16.0,15.670000076293944,15.75,15.376738548278809,3711100
NWL,2023-01-25,15.56999969482422,15.800000190734863,15.289999961853027,15.75,15.376738548278809,2991500
NWL,2023-01-26,15.869999885559082,15.9399995803833,15.600000381469728,15.81999969482422,15.445079803466797,2562100
NWL,2023-01-27,15.760000228881836,16.100000381469727,15.670000076293944,15.84000015258789,15.464605331420898,2885200
NWL,2023-01-30,15.670000076293944,16.100000381469727,15.630000114440918,15.720000267028809,15.34744930267334,3578100
NWL,2023-01-31,15.739999771118164,15.979999542236328,15.630000114440918,15.960000038146973,15.581762313842772,8892500
NWL,2023-02-01,15.970000267028809,16.360000610351562,15.760000228881836,16.200000762939453,15.816075325012209,2980400
NWL,2023-02-02,16.31999969482422,16.760000228881836,16.260000228881836,16.469999313354492,16.079673767089844,3344100
NWL,2023-02-03,16.219999313354492,16.40999984741211,16.049999237060547,16.1200008392334,15.737971305847168,3215400
NWL,2023-02-06,15.920000076293944,15.920000076293944,15.4399995803833,15.520000457763672,15.152189254760742,3444000
NWL,2023-02-07,15.4399995803833,15.550000190734863,15.18000030517578,15.40999984741211,15.04479694366455,2818500
NWL,2023-02-08,15.390000343322754,15.5,15.100000381469728,15.130000114440918,14.771432876586914,2941100
NWL,2023-02-09,15.239999771118164,15.359999656677246,14.460000038146973,14.600000381469728,14.253993034362791,6312400
NWL,2023-02-10,13.93000030517578,14.949999809265137,13.460000038146973,14.770000457763672,14.419964790344238,11010600
NWL,2023-02-13,14.699999809265137,14.829999923706056,14.25,14.760000228881836,14.410201072692873,6038000
NWL,2023-02-14,14.720000267028809,15.100000381469728,14.5600004196167,14.899999618530272,14.546882629394531,6128100
NWL,2023-02-15,14.760000228881836,15.029999732971191,14.760000228881836,15.010000228881836,14.654276847839355,4256600
NWL,2023-02-16,14.859999656677246,15.609999656677246,14.739999771118164,15.300000190734863,14.937403678894045,5060500
NWL,2023-02-17,15.1899995803833,15.289999961853027,14.770000457763672,14.899999618530272,14.546882629394531,7488700
NWL,2023-02-21,14.739999771118164,14.739999771118164,14.130000114440918,14.270000457763672,13.93181324005127,5650300
NWL,2023-02-22,14.25,14.420000076293944,14.119999885559082,14.18000030517578,13.84394645690918,4592400
NWL,2023-02-23,14.65999984741211,15.390000343322754,14.640000343322754,14.81999969482422,14.468778610229492,7414000
NWL,2023-02-24,14.609999656677246,14.710000038146973,14.40999984741211,14.550000190734863,14.205177307128906,3176700
NWL,2023-02-27,14.699999809265137,14.8100004196167,14.300000190734863,14.420000076293944,14.304375648498535,6426600
NWL,2023-02-28,14.479999542236328,14.729999542236328,14.380000114440918,14.6899995803833,14.572210311889648,6409300
NWL,2023-03-01,14.600000381469728,14.600000381469728,14.210000038146973,14.4399995803833,14.324214935302734,4072700
NWL,2023-03-02,14.43000030517578,14.449999809265137,14.210000038146973,14.390000343322754,14.274617195129396,5895800
NWL,2023-03-03,14.56999969482422,14.579999923706056,14.34000015258789,14.529999732971191,14.413493156433104,7939800
NWL,2023-03-06,14.600000381469728,14.600000381469728,13.449999809265137,13.479999542236328,13.371912956237791,6619500
NWL,2023-03-07,13.460000038146973,13.81999969482422,13.229999542236328,13.359999656677246,13.252875328063965,6172200
NWL,2023-03-08,13.380000114440918,13.539999961853027,13.229999542236328,13.449999809265137,13.342153549194336,3940100
NWL,2023-03-09,13.43000030517578,13.449999809265137,13.0,13.020000457763672,12.91560173034668,4212300
NWL,2023-03-10,12.949999809265137,12.989999771118164,12.149999618530272,12.239999771118164,12.141855239868164,6592700
NWL,2023-03-13,12.020000457763672,12.260000228881836,11.779999732971191,11.81999969482422,11.725223541259766,6300500
NWL,2023-03-14,12.239999771118164,12.479999542236328,12.0600004196167,12.18000030517578,12.082337379455566,4841700
NWL,2023-03-15,12.079999923706056,12.229999542236328,11.75,12.199999809265137,12.102176666259766,5139500
NWL,2023-03-16,11.949999809265137,12.109999656677246,11.68000030517578,11.760000228881836,11.665704727172852,5440300
NWL,2023-03-17,11.649999618530272,11.68000030517578,11.34000015258789,11.390000343322754,11.29867172241211,11540700
NWL,2023-03-20,11.449999809265137,11.670000076293944,11.25,11.390000343322754,11.29867172241211,4228600
NWL,2023-03-21,11.640000343322754,11.75,11.529999732971191,11.68000030517578,11.586346626281738,3831000
NWL,2023-03-22,11.649999618530272,11.989999771118164,11.510000228881836,11.520000457763672,11.427629470825195,5053100
NWL,2023-03-23,11.600000381469728,11.720000267028809,11.369999885559082,11.520000457763672,11.427629470825195,4206200
NWL,2023-03-24,11.470000267028809,11.65999984741211,11.369999885559082,11.630000114440918,11.536746978759766,5023600
NWL,2023-03-27,11.779999732971191,11.869999885559082,11.520000457763672,11.770000457763672,11.67562484741211,4332600
NWL,2023-03-28,11.729999542236328,11.869999885559082,11.68000030517578,11.789999961853027,11.695464134216309,3841700
NWL,2023-03-29,11.989999771118164,12.15999984741211,11.890000343322754,12.100000381469728,12.002978324890137,4552000
NWL,2023-03-30,12.25,12.359999656677246,12.0,12.039999961853027,11.943459510803224,2997800
NWL,2023-03-31,12.1899995803833,12.460000038146973,12.0600004196167,12.4399995803833,12.340251922607422,3957100
NWL,2023-04-03,12.40999984741211,12.5600004196167,12.350000381469728,12.449999809265137,12.35017204284668,4398400
NWL,2023-04-04,12.5,12.5600004196167,12.0,12.18000030517578,12.082337379455566,5362100
NWL,2023-04-05,12.06999969482422,12.149999618530272,11.880000114440918,12.039999961853027,11.943459510803224,3450800
NWL,2023-04-06,12.149999618530272,12.289999961853027,12.039999961853027,12.140000343322754,12.042657852172852,3160500
NWL,2023-04-10,12.140000343322754,12.210000038146973,11.9399995803833,12.210000038146973,12.112096786499023,3031700
NWL,2023-04-11,12.3100004196167,12.699999809265137,12.300000190734863,12.579999923706056,12.479129791259766,3306300
NWL,2023-04-12,12.75,12.75,12.199999809265137,12.210000038146973,12.112096786499023,3566000
NWL,2023-04-13,12.279999732971191,12.390000343322754,12.210000038146973,12.31999969482422,12.221214294433594,2620600
NWL,2023-04-14,12.399999618530272,12.59000015258789,12.260000228881836,12.420000076293944,12.320412635803224,2559800
NWL,2023-04-17,12.43000030517578,12.6899995803833,12.40999984741211,12.649999618530272,12.54856777191162,3572500
NWL,2023-04-18,12.68000030517578,12.739999771118164,12.5,12.56999969482422,12.469209671020508,2555700
NWL,2023-04-19,12.59000015258789,12.59000015258789,12.380000114440918,12.529999732971191,12.429530143737791,2836500
NWL,2023-04-20,12.420000076293944,12.529999732971191,12.279999732971191,12.3100004196167,12.211295127868652,3272000
NWL,2023-04-21,12.34000015258789,12.380000114440918,12.199999809265137,12.229999542236328,12.131935119628906,2766100
NWL,2023-04-24,12.260000228881836,12.329999923706056,12.100000381469728,12.239999771118164,12.141855239868164,3587400
NWL,2023-04-25,12.109999656677246,12.119999885559082,11.869999885559082,11.899999618530272,11.80458164215088,3648600
NWL,2023-04-26,11.880000114440918,12.119999885559082,11.770000457763672,11.859999656677246,11.764902114868164,4017100
NWL,2023-04-27,11.8100004196167,11.960000038146973,11.550000190734863,11.880000114440918,11.78474235534668,10397000
NWL,2023-04-28,12.050000190734863,12.31999969482422,11.800000190734863,12.149999618530272,12.052577018737791,7579200
NWL,2023-05-01,11.960000038146973,12.020000457763672,10.800000190734863,10.8100004196167,10.723322868347168,13732500
NWL,2023-05-02,10.8100004196167,10.8100004196167,9.770000457763672,10.359999656677246,10.27692985534668,10579500
NWL,2023-05-03,10.350000381469728,10.529999732971191,9.989999771118164,10.010000228881836,9.929737091064451,6851100
NWL,2023-05-04,9.989999771118164,10.0600004196167,9.75,9.8100004196167,9.731340408325195,7191200
NWL,2023-05-05,10.18000030517578,10.479999542236328,10.06999969482422,10.109999656677246,10.028934478759766,8480400
NWL,2023-05-08,10.18000030517578,10.229999542236328,10.0,10.140000343322754,10.05869483947754,4425600
NWL,2023-05-09,10.020000457763672,10.0600004196167,9.68000030517578,9.989999771118164,9.909896850585938,6902600
NWL,2023-05-10,10.109999656677246,10.140000343322754,9.369999885559082,9.510000228881836,9.433746337890623,6832000
NWL,2023-05-11,9.4399995803833,9.5600004196167,9.3100004196167,9.5,9.423826217651367,5006400
NWL,2023-05-12,9.5,9.510000228881836,9.210000038146973,9.270000457763672,9.195671081542969,6022200
NWL,2023-05-15,9.270000457763672,9.31999969482422,9.130000114440918,9.279999732971191,9.20559024810791,5386500
NWL,2023-05-16,9.0,9.279999732971191,8.729999542236328,8.75,8.679840087890625,15052500
NWL,2023-05-17,8.819999694824219,9.119999885559082,8.729999542236328,9.010000228881836,8.937755584716797,11987600
NWL,2023-05-18,9.050000190734863,9.050000190734863,8.800000190734863,8.979999542236328,8.907995223999023,6323300
NWL,2023-05-19,8.989999771118164,8.989999771118164,8.649999618530273,8.6899995803833,8.620320320129395,6649400
NWL,2023-05-22,8.710000038146973,8.949999809265137,8.520000457763672,8.930000305175781,8.858396530151367,6549900
NWL,2023-05-23,8.9399995803833,9.260000228881836,8.890000343322754,9.020000457763672,8.947675704956055,5788800
NWL,2023-05-24,9.039999961853027,9.100000381469728,8.609999656677246,8.710000038146973,8.64016056060791,6079400
NWL,2023-05-25,8.600000381469727,8.739999771118164,8.399999618530273,8.460000038146973,8.392165184020996,5575000
NWL,2023-05-26,8.470000267028809,8.850000381469727,8.40999984741211,8.729999542236328,8.65999984741211,5732500
NWL,2023-05-30,8.640000343322754,8.869999885559082,8.550000190734863,8.8100004196167,8.8100004196167,6302100
NWL,2023-05-31,8.729999542236328,8.739999771118164,8.25,8.3100004196167,8.3100004196167,42776600
NWL,2023-06-01,8.3100004196167,8.359999656677246,8.020000457763672,8.199999809265137,8.199999809265137,10142300
NWL,2023-06-02,8.350000381469727,8.850000381469727,8.350000381469727,8.779999732971191,8.779999732971191,13509800
NWL,2023-06-05,8.880000114440918,8.9399995803833,8.640000343322754,8.649999618530273,8.649999618530273,6544200
NWL,2023-06-06,8.600000381469727,8.859999656677246,8.550000190734863,8.670000076293945,8.670000076293945,6407900
NWL,2023-06-07,8.670000076293945,8.960000038146973,8.539999961853027,8.920000076293945,8.920000076293945,4741600
NWL,2023-06-08,9.0,9.06999969482422,8.59000015258789,8.630000114440918,8.630000114440918,5393000
NWL,2023-06-09,8.609999656677246,8.720000267028809,8.420000076293945,8.479999542236328,8.479999542236328,3882800
NWL,2023-06-12,8.449999809265137,8.630000114440918,8.350000381469727,8.460000038146973,8.460000038146973,5373400
NWL,2023-06-13,8.4399995803833,8.729999542236328,8.390000343322754,8.489999771118164,8.489999771118164,5398500
NWL,2023-06-14,8.510000228881836,8.720000267028809,8.319999694824219,8.369999885559082,8.369999885559082,5133000
NWL,2023-06-15,8.3100004196167,8.5600004196167,8.279999732971191,8.539999961853027,8.539999961853027,4586300
NWL,2023-06-16,8.550000190734863,8.59000015258789,8.229999542236328,8.510000228881836,8.510000228881836,15811000
NWL,2023-06-20,8.460000038146973,8.470000267028809,8.199999809265137,8.270000457763672,8.270000457763672,4894800
NWL,2023-06-21,8.229999542236328,8.319999694824219,8.069999694824219,8.100000381469727,8.100000381469727,5279300
NWL,2023-06-22,8.0600004196167,8.130000114440918,7.829999923706055,7.920000076293945,7.920000076293945,5755600
NWL,2023-06-23,7.840000152587891,8.020000457763672,7.800000190734863,7.849999904632568,7.849999904632568,6765700
NWL,2023-06-26,7.849999904632568,8.260000228881836,7.840000152587891,8.220000267028809,8.220000267028809,5580800
NWL,2023-06-27,8.25,8.899999618530273,8.149999618530273,8.829999923706055,8.829999923706055,7793000
NWL,2023-06-28,8.84000015258789,9.0,8.65999984741211,8.989999771118164,8.989999771118164,6700900
NWL,2023-06-29,8.9399995803833,9.140000343322754,8.859999656677246,8.960000038146973,8.960000038146973,5588900
NWL,2023-06-30,9.010000228881836,9.010000228881836,8.520000457763672,8.699999809265137,8.699999809265137,5358200
NWL,2023-07-03,8.75,9.020000457763672,8.75,8.970000267028809,8.970000267028809,2487200
NWL,2023-07-05,8.880000114440918,8.880000114440918,8.470000267028809,8.699999809265137,8.699999809265137,6912700
NWL,2023-07-06,8.539999961853027,8.789999961853027,8.479999542236328,8.670000076293945,8.670000076293945,9910800
NWL,2023-07-07,8.65999984741211,9.050000190734863,8.529999732971191,8.869999885559082,8.869999885559082,7086100
NWL,2023-07-10,8.850000381469727,8.970000267028809,8.729999542236328,8.890000343322754,8.890000343322754,3846100
NWL,2023-07-11,9.300000190734863,9.899999618530272,9.270000457763672,9.869999885559082,9.869999885559082,10291300
NWL,2023-07-12,9.989999771118164,10.079999923706056,9.630000114440918,9.779999732971191,9.779999732971191,8197900
NWL,2023-07-13,9.800000190734863,9.970000267028809,9.739999771118164,9.890000343322754,9.890000343322754,4555800
NWL,2023-07-14,9.8100004196167,9.899999618530272,9.5600004196167,9.789999961853027,9.789999961853027,3430200
NWL,2023-07-17,9.68000030517578,9.710000038146973,9.449999809265137,9.630000114440918,9.630000114440918,3423900
NWL,2023-07-18,9.600000381469728,9.960000038146973,9.600000381469728,9.75,9.75,4134600
NWL,2023-07-19,9.800000190734863,10.06999969482422,9.789999961853027,10.0600004196167,10.0600004196167,4919400
NWL,2023-07-20,9.90999984741211,9.989999771118164,9.670000076293944,9.949999809265137,9.949999809265137,5342700
NWL,2023-07-21,9.979999542236328,10.09000015258789,9.65999984741211,10.010000228881836,10.010000228881836,4531900
NWL,2023-07-24,10.09000015258789,10.300000190734863,10.020000457763672,10.0600004196167,10.0600004196167,4780100
NWL,2023-07-25,10.039999961853027,10.149999618530272,9.960000038146973,10.020000457763672,10.020000457763672,4832500
NWL,2023-07-26,10.020000457763672,10.550000190734863,10.010000228881836,10.460000038146973,10.460000038146973,5094600
NWL,2023-07-27,10.449999809265137,10.649999618530272,10.220000267028809,10.25,10.25,6765300
NWL,2023-07-28,10.789999961853027,11.3100004196167,10.579999923706056,11.039999961853027,11.039999961853027,10952500
NWL,2023-07-31,11.1899995803833,11.609999656677246,11.06999969482422,11.15999984741211,11.15999984741211,16264300
NWL,2023-08-01,11.06999969482422,11.149999618530272,10.640000343322754,10.789999961853027,10.789999961853027,6122600
NWL,2023-08-02,10.600000381469728,11.029999732971191,10.550000190734863,10.960000038146973,10.960000038146973,6376100
NWL,2023-08-03,10.899999618530272,10.90999984741211,10.470000267028809,10.8149995803833,10.8149995803833,2406498
