Ticker,Date,Open,High,Low,Close,Adj Close,Volume,is_gap,log_return,RSI,SMA_20,EMA_20,MACD,ATR,Volatility,Volatility_Norm,AdaptiveWindow,AdaptivePatch
ABBV,2013-01-02,34.91999816894531,35.400001525878906,34.099998474121094,35.119998931884766,22.64424514770508,13767900,False,,,,35.119998931884766,0.0,,,,50,48
ABBV,2013-01-03,35.0,35.0,34.15999984741211,34.83000183105469,22.457258224487305,16739300,False,-0.0082918741325926,,,35.09238016037714,-0.023133671861089,,,,50,48
ABBV,2013-01-04,34.619998931884766,34.88999938964844,34.25,34.38999938964844,22.17356300354004,21372100,False,-0.0127131445995557,,,35.02548675364108,-0.0760946218147395,,,,50,48
ABBV,2013-01-07,34.150001525878906,35.45000076293945,34.150001525878906,34.459999084472656,22.218700408935547,17897100,True,0.0020335715046226,,,34.97163078514885,-0.111137047156383,,,,50,48
ABBV,2013-01-08,34.290000915527344,34.63999938964844,33.36000061035156,33.709999084472656,21.735116958618164,17863300,False,-0.0220050495092561,,,34.85147538508445,-0.1971544795789626,,,,50,48
ABBV,2013-01-09,33.61000061035156,33.95000076293945,33.61000061035156,33.900001525878906,21.85763168334961,18800400,False,0.0056208911396075,,,34.76085882706487,-0.2471433902300077,,0.011184000703951218,0.11398936307178925,45,48
ABBV,2013-01-10,33.65999984741211,34.0,33.33000183105469,34.0,21.922107696533203,15658100,False,0.0029454748115022,,,34.688396081630124,-0.2755149560212544,,0.011978249463613066,0.12265623627434738,45,48
ABBV,2013-01-11,33.59000015258789,33.900001525878906,33.349998474121094,33.849998474121094,22.08522224426269,11191500,False,0.007413096633281,,,34.60854869043879,-0.3065695528677494,,0.012045690311362486,0.12339215341492447,45,48
ABBV,2013-01-14,34.0099983215332,34.25,33.79999923706055,34.09000015258789,22.24180221557617,11584900,True,0.0070647928427469,,,34.55916311540537,-0.3082609743043321,,0.012541349137858558,0.12880080171145963,44,48
ABBV,2013-01-15,33.709999084472656,34.720001220703125,33.709999084472656,34.599998474121094,22.57455062866211,13040200,False,0.0148496924255602,,,34.563052197187815,-0.2653895896744629,,0.004428844291543396,0.04027683487758453,48,48
ABBV,2013-01-16,34.470001220703125,35.540000915527344,34.45000076293945,35.540000915527344,23.187843322753903,16512700,False,0.0268049532323535,,,34.65609493226777,-0.1537905654827582,,0.009414320907135192,0.09467854864299073,46,48
ABBV,2013-01-17,35.75,36.70000076293945,35.75,36.41999816894531,23.76199150085449,14424800,False,0.0244591617278183,,,34.82408571671325,0.0055963775666825,,0.009261890389435893,0.09301522093485232,46,48
ABBV,2013-01-18,36.43000030517578,37.31999969482422,36.040000915527344,37.31999969482422,24.349197387695312,17842200,False,0.0244115791364097,,,35.06179180986668,0.2022034047830274,,0.008341722656320235,0.08297431502094935,46,48
ABBV,2013-01-22,36.97999954223633,37.25,35.93000030517578,36.41999816894531,23.76199150085449,15809700,True,-0.0244115791364097,,,35.1911447964456,0.2821409436455724,0.9657143184116908,0.021534349083550345,0.22693276514456143,40,40
ABBV,2013-01-23,36.90999984741211,37.84000015258789,36.5,37.79999923706055,24.662363052368164,10981600,False,0.0371910101063166,67.31265118314674,,35.439607124123214,0.4516403434172105,0.9742856706891742,0.024119058360066316,0.2551372127971798,39,40
ABBV,2013-01-24,37.790000915527344,38.52000045776367,37.22999954223633,37.459999084472656,24.44053649902344,11327100,False,-0.0090352327233145,66.88058002922477,,35.63202540606126,0.5521696006567254,0.9978572300502232,0.025986733557045446,0.27551735682494327,38,40
ABBV,2013-01-25,37.52000045776367,37.84000015258789,36.63999938964844,37.59999847412109,24.531879425048828,8934600,False,0.0037303870036842,71.42854960121416,,35.819451412543145,0.6358073506521507,1.0378573281424386,0.02483559615902789,0.26295610098919164,39,40
ABBV,2013-01-28,37.650001525878906,37.869998931884766,36.709999084472656,36.88999938964844,24.06864356994629,7140100,True,-0.0190635760919927,64.94464234771252,,35.921408362743655,0.6374517309396168,1.0278573717389787,0.024552019458144204,0.2598617010548373,39,40
ABBV,2013-01-29,36.709999084472656,37.459999084472656,36.25,37.310001373291016,24.342674255371094,8838500,False,0.0113210556754092,73.0769174338848,,36.05365531612912,0.6649800876270433,1.022857393537249,0.021527456749926056,0.22685755573332247,40,40
ABBV,2013-01-30,36.810001373291016,37.52999877929688,36.810001373291016,36.93000030517578,24.094741821289062,10841800,False,-0.0102373173258261,68.96118082702965,35.6319995880127,36.13711674365738,0.6486562922746444,1.0500000544956758,0.012077922232598631,0.12374386938681652,45,48
ABBV,2013-01-31,36.84000015258789,36.93000030517578,36.27000045776367,36.68999862670898,23.938161849975582,10720700,False,-0.0065197193584937,66.54363929237203,35.7104995727539,36.18977216109087,0.6093294663826825,1.0492858886718754,0.01190104767925812,0.12181380741578622,45,48
ABBV,2013-02-01,36.84000015258789,37.20000076293945,36.52000045776367,37.18000030517578,24.257848739624023,9527500,False,0.01326630873926,69.65760538146483,35.82799949645996,36.28407960338467,0.6106623780956468,1.0514286586216524,0.014050386252507279,0.14526747310567484,44,48
ABBV,2013-02-04,36.63999938964844,37.29999923706055,36.54999923706055,37.27999877929688,24.32308959960937,6348000,True,0.0026858641037223,69.1476378430535,35.972499465942384,36.37892904870965,0.6127246529790469,1.0728571755545484,0.010447086478532227,0.10594812652571407,45,48
ABBV,2013-02-05,37.41999816894531,37.72999954223633,37.18000030517578,37.20000076293945,24.27090072631836,7284400,False,-0.0021479566920257,66.4556995643039,36.10949954986573,36.45712635482677,0.6009761701386154,1.03999982561384,0.009129459297003517,0.0915701277291968,46,48
ABBV,2013-02-06,36.959999084472656,37.27999877929688,36.86000061035156,37.13999938964844,24.23175048828125,5738900,False,-0.0016143549088266,61.39599359218192,36.28099956512451,36.52216188195264,0.5801363527203236,0.992142541067942,0.0075250467106341935,0.07406271549657155,47,48
ABBV,2013-02-07,37.56999969482422,37.56999969482422,35.79999923706055,36.41999816894531,23.76199150085449,9872500,False,-0.0195764685279126,50.0,36.40699939727783,36.512432004523376,0.4997616251402732,1.0357140132359106,0.01186122253244769,0.12137923387257261,45,48
ABBV,2013-02-08,36.369998931884766,36.41999816894531,35.83000183105469,36.25,23.651079177856445,13858700,False,-0.0046785632621203,41.27244010992296,36.51949939727783,36.48743848028305,0.4175335758082354,0.9864281245640356,0.008532643660568473,0.08505765240787712,46,48
ABBV,2013-02-11,36.130001068115234,36.18000030517578,35.75,35.849998474121094,23.39010429382324,6032100,True,-0.011095705603219,44.93784013789815,36.61949939727784,36.426729908267625,0.3164427194146455,0.9228567395891472,0.00757455438383593,0.07460294514247721,47,48
ABBV,2013-02-12,35.77000045776367,35.900001525878906,35.20000076293945,35.41999816894531,23.10955047607422,7473800,False,-0.0120670668851974,24.572660545224167,36.6859992980957,36.33085069499883,0.1993322780163069,0.8714280809674955,0.006993416102405325,0.0682615417256737,47,48
ABBV,2013-02-13,35.41999816894531,35.56999969482422,35.150001525878906,35.27000045776367,23.011690139770508,4859800,False,-0.0042436188556578,25.612496569747407,36.71949939727783,36.22981733907167,0.0933418608946681,0.8092850276402075,0.006286565700185434,0.06054836278180574,47,48
ABBV,2013-02-14,35.04999923706055,36.72999954223633,35.0099983215332,36.56999969482422,23.85986328125,7570100,False,0.0361953328617377,40.88496901656466,36.770999336242674,36.26221565866715,0.1129408537313239,0.8464279174804697,0.0200957030253121,0.21123420368200474,41,40
ABBV,2013-02-15,36.93000030517578,37.810001373291016,36.93000030517578,37.58000183105469,24.518829345703125,13296300,False,0.027243680480454,55.79833538279654,36.82899951934815,36.38771910365645,0.2075790857245039,0.852142333984376,0.02280015002427859,0.24074523399580802,40,40
ABBV,2013-02-19,37.540000915527344,38.33000183105469,37.11000061035156,38.18999862670898,24.916826248168945,8292700,True,0.0161019610969718,57.16610212455041,36.87249946594238,36.559364772518585,0.3280209880992828,0.8528567722865523,0.020467058415238208,0.21528644806819225,41,40
ABBV,2013-02-20,38.15999984741211,39.130001068115234,37.61000061035156,38.61000061035156,25.19085121154785,8096400,False,0.0109375532480392,63.59223480756761,36.9819995880127,36.75466342374077,0.4521506027507342,0.90999984741211,0.01550757774501122,0.16116840306464011,43,40
ABBV,2013-02-21,38.4900016784668,39.02999877929688,38.18999862670898,38.77999877929688,25.30175399780273,7260900,False,0.0043928398677909,67.10311987458321,37.03099956512451,36.94755250522231,0.5578115439148874,0.9228570120675238,0.012751521821612719,0.1310942141701888,44,48
ABBV,2013-02-22,38.790000915527344,38.84999847412109,38.13999938964844,38.459999084472656,25.09297752380371,4490400,False,-0.0082856942429004,60.7744099094875,37.08099956512452,37.09159503657949,0.6087104646824173,0.9249997820173002,0.013240410089886726,0.13642898187338673,44,48
ABBV,2013-02-25,38.540000915527344,38.61000061035156,37.369998931884766,37.369998931884766,24.381816864013672,4665600,True,-0.0287503830633436,50.6493520791211,37.0694995880127,37.11810969327523,0.5547000859926143,0.9599999019077856,0.017938486399361936,0.1876945723761651,42,40
ABBV,2013-02-26,37.59999847412109,37.59999847412109,36.959999084472656,37.09000015258789,24.19913673400879,4463000,False,-0.0075206836225724,49.22860692338394,37.07949962615967,37.11543259416215,0.483726808773298,0.9664284842354915,0.015164835439070969,0.15742838575822185,43,40
ABBV,2013-02-27,36.970001220703125,36.97999954223633,36.400001525878906,36.72999954223633,23.964252471923828,12238400,False,-0.0097537207451035,47.2409149322108,37.050499534606935,37.078724684454926,0.3938904111657493,0.9857142312186103,0.011915072967749435,0.12196685190657683,45,48
ABBV,2013-02-28,36.65999984741211,37.13999938964844,36.5,36.91999816894531,24.08822059631348,10321000,False,0.0051597094385958,53.62319161075458,37.04999942779541,37.06360787345401,0.3341735751575285,0.9049998692103794,0.012149032112941271,0.12451982315304101,45,48
ABBV,2013-03-01,36.79999923706055,38.06999969482422,36.54999923706055,37.810001373291016,24.668895721435547,8929400,False,0.0238202184669563,60.23623091837596,37.10599956512451,37.13469296867658,0.354576041023023,0.9714287349155972,0.019456362962209588,0.20425770017121034,41,40
ABBV,2013-03-04,37.52999877929688,38.25,37.52999877929688,38.2400016784668,24.949447631835938,5420800,True,0.0113085154094587,65.62094064977526,37.158999633789065,37.23996046484708,0.4008221449940805,0.9871431078229628,0.013853469627322862,0.1431187112710632,44,48
ABBV,2013-03-05,38.45000076293945,38.56999969482422,37.290000915527344,37.5099983215332,24.473154067993164,6650400,False,-0.0192749184995013,63.14465378626659,37.17049961090088,37.26567835596004,0.3742531877801909,1.0285715375627784,0.017052923826028486,0.17803127930501222,42,40
ABBV,2013-03-06,37.560001373291016,37.86000061035156,37.369998931884766,37.7400016784668,24.623220443725582,5489500,False,0.006113153753792,65.37982098015311,37.197499656677245,37.31085200572259,0.3675199057551168,1.0335717882428843,0.01568143587183349,0.16306554967276882,43,40
ABBV,2013-03-07,37.650001525878906,38.0099983215332,37.43999862670898,37.4900016784668,24.460111618041992,4442500,False,-0.0066462246648448,56.59026531793391,37.214999771118165,37.32791387931727,0.3381132613679014,0.9514288221086774,0.01659371658683913,0.17302039213983067,43,40
ABBV,2013-03-08,37.63999938964844,37.650001525878906,37.15999984741211,37.34000015258789,24.362245559692383,4114500,False,-0.0040090726907751,48.03920407548855,37.260999870300296,37.32906495296209,0.2992547913491918,0.8978573935372489,0.011892517298840201,0.12172072357454337,45,48
ABBV,2013-03-11,37.25,38.150001525878906,37.08000183105469,37.66999816894531,24.57755470275879,4614400,True,0.0087989951350159,45.54794721876941,37.33199977874756,37.36153478305573,0.2917244381795711,0.8871429988316127,0.011196561374151094,0.11412642559110352,45,48
ABBV,2013-03-12,37.70000076293945,38.29999923706055,37.04999923706055,37.16999816894531,24.25132751464844,6523900,False,-0.0133622572243146,37.83782913008236,37.39799976348877,37.343293200759504,0.2426140539221251,0.8678572518484933,0.009178863844558776,0.09210923206405719,46,48
ABBV,2013-03-13,37.20000076293945,37.59000015258789,37.040000915527344,37.16999816894531,24.25132751464844,3710600,False,0.0,36.000013268494584,37.48549976348877,37.326788912015296,0.2013724246158972,0.8471429007393964,0.008214260303499457,0.08158344089422394,46,48
ABBV,2013-03-14,37.43000030517578,37.59000015258789,36.86000061035156,37.560001373291016,24.50578689575196,9859700,False,0.010437930729248,42.26807569865522,37.599999809265135,37.34899962261298,0.1978771310660505,0.8485715048653734,0.009750630820800334,0.09834837543597183,46,48
ABBV,2013-03-15,37.43999862670898,38.540000915527344,37.27999877929688,38.5,25.119081497192383,12208300,False,0.0247184868427778,59.96471915600471,37.696499824523926,37.458618706173645,0.2678692886084448,0.8500001089913495,0.014042239767411376,0.1451785783450424,44,48
ABBV,2013-03-18,38.04999923706055,38.4900016784668,37.9900016784668,38.15999984741211,24.89724540710449,5178700,True,-0.0088706051988555,59.33680316998737,37.7254997253418,37.52541691010112,0.2925312883157502,0.8407143184116903,0.015360565491631215,0.15956419966643862,43,40
ABBV,2013-03-19,38.25,38.400001525878906,37.84000015258789,38.36000061035156,25.027732849121094,5108400,False,0.0052273528685352,64.63193723910982,37.73399982452393,37.60490107202973,0.324474154778855,0.8314288003104069,0.012523487210049542,0.12860589166395778,44,48
ABBV,2013-03-20,38.5,39.18999862670898,38.40999984741211,39.060001373291016,25.484451293945312,7072900,False,0.0180839890117304,67.59867213689714,37.7564998626709,37.74348205310224,0.4016434226436516,0.8450001307896196,0.012855173675216021,0.13222526720799574,44,48
ABBV,2013-03-21,38.81999969482422,38.970001220703125,38.47999954223633,38.4900016784668,25.1125545501709,4736100,False,-0.0147006106402063,55.90277041919213,37.74200000762939,37.81457916027982,0.4120564810971174,0.7778573717389777,0.016885721107879607,0.1762067567738894,42,40
ABBV,2013-03-22,38.56999969482422,38.970001220703125,38.29999923706055,38.970001220703125,25.42572975158692,3323400,False,0.0123937412795516,56.282258271019046,37.76750011444092,37.92461935651061,0.4538096216467764,0.7742859976632249,0.013904227253342782,0.14367258045049358,44,48
ABBV,2013-03-25,39.119998931884766,39.52000045776367,38.93000030517578,39.31999969482422,25.65407943725586,6065000,True,0.0089409577089833,66.66666666666666,37.86500015258789,38.05751272206429,0.5092706827292872,0.725000381469726,0.012496635738536642,0.12831288736766716,44,48
ABBV,2013-03-26,39.56999969482422,40.52000045776367,39.56999969482422,40.209999084472656,26.234752655029297,7249500,False,0.0223823676821999,70.27912433595142,38.02100009918213,38.26251142324604,0.6179165288174033,0.7757146017892015,0.014439218796865697,0.149510428877387,44,48
ABBV,2013-03-27,40.220001220703125,40.290000915527344,39.65999984741211,40.150001525878906,26.195613861083984,4274800,False,-0.0014929821710592,72.54238033322363,38.192000198364255,38.44227238540154,0.691210004368223,0.7800004141671307,0.014154014951763208,0.14639827348234719,44,48
ABBV,2013-03-28,40.2599983215332,40.79999923706055,39.77999877929688,40.77999877929688,26.606653213500977,7263400,False,0.0155693184508042,76.95926461171068,38.38500022888184,38.66491299434396,0.7910128216180965,0.8178574698311927,0.0088194829580002,0.08818765392202496,46,48
ABBV,2013-04-01,39.959999084472656,41.13999938964844,39.959999084472656,41.119998931884766,26.828481674194336,5740000,True,0.0083027669149724,76.99532982826686,38.550500106811526,38.89873070268118,0.8873140402212343,0.8257146562848757,0.008911923920235706,0.08919637327936925,46,48
ABBV,2013-04-02,41.220001220703125,41.220001220703125,40.52000045776367,40.709999084472656,26.560976028442383,5510700,False,-0.0100210002440743,78.09526577560118,38.67399997711182,39.07123245332799,0.9199453314675026,0.7864289964948367,0.012976703936522673,0.1335514101225493,44,48
ABBV,2013-04-03,40.75,41.45000076293945,40.34999847412109,40.56999969482422,26.469633102416992,4122100,False,-0.003444916732295,76.39754864039105,38.827000045776366,39.21397219061334,0.923859407982306,0.8257149287632524,0.010123827471633528,0.10242071173243356,45,48
ABBV,2013-04-04,40.77000045776367,41.77999877929688,40.619998931884766,41.59999847412109,27.141651153564453,20687600,False,0.0250713356740416,78.531091710727,39.01999988555908,39.44121278904265,0.9985628245918649,0.860000610351562,0.014146278010639059,0.14631384768138375,44,48
ABBV,2013-04-05,41.310001373291016,41.5,41.09000015258789,41.310001373291016,26.95244598388672,14089800,False,-0.0069954376270427,71.85074837608121,39.21099987030029,39.619192654209165,1.022577837258588,0.8064289093017573,0.014364748897865622,0.14869781045754113,44,48
ABBV,2013-04-08,41.27000045776367,41.869998931884766,41.06999969482422,41.77000045776367,27.252573013305664,16449200,True,0.0110738858517903,77.5573079252668,39.43249988555908,39.82403149264293,1.066434793097763,0.8271432604108533,0.0146903891097968,0.15225120905228776,43,40
ABBV,2013-04-09,41.959999084472656,43.560001373291016,41.79999923706055,42.54999923706055,27.76148223876953,8673900,False,0.01850158982315,79.38293805037021,39.676499938964845,40.08364746830176,1.1508646777236748,0.915000370570591,0.013815508290449169,0.14270447569400802,44,48
ABBV,2013-04-10,42.650001525878906,43.77000045776367,42.5,43.619998931884766,28.4595890045166,7809200,False,0.0248356224134703,80.40004557300945,39.998999977111815,40.42044284578586,1.289254281758737,0.9464291163853236,0.013307732835032227,0.13716361027377932,44,48
ABBV,2013-04-11,43.41999816894531,43.709999084472656,43.11000061035156,43.20000076293945,28.446409225463867,6494100,False,-0.0004632123044438,82.04088326792113,40.300500106811526,40.68516264741954,1.3494827012804933,0.9478574480329242,0.01313385082672007,0.1352662030699088,44,48
ABBV,2013-04-12,42.970001220703125,43.290000915527344,42.619998931884766,43.09000015258789,28.37398910522461,4199800,False,-0.0025490901711892,79.51295278454405,40.577000045776366,40.9141947907689,1.3725165117463547,0.9478574480329242,0.011833143102722776,0.12107283004875098,45,48
ABBV,2013-04-15,42.869998931884766,43.02999877929688,41.40999984741211,41.43999862670898,27.287485122680664,7152500,True,-0.0390446722498213,62.801945498581205,40.723999977111816,40.96427134657272,1.2432976772919986,1.025714601789202,0.024949889891878102,0.2642032786251776,39,40
ABBV,2013-04-16,41.66999816894531,42.52999877929688,41.130001068115234,42.45000076293945,27.95255851745605,6998000,False,0.0240805578282209,63.33335906743257,40.938500022888185,41.10576938622669,1.2084591862103338,1.040000098092216,0.026069476995884345,0.27642025643169327,38,40
ABBV,2013-04-17,42.13999938964844,42.43000030517578,41.41999816894531,42.2400016784668,27.81428909301757,5046200,False,-0.0049588497002181,62.222235111400416,41.13250007629394,41.21379150929717,1.1506403937387262,1.068571635654995,0.022530296393546492,0.23780058073402544,40,40
ABBV,2013-04-18,42.369998931884766,42.63999938964844,41.88999938964844,42.31999969482422,27.8669662475586,5009000,False,0.0018920970777082,59.625014901175376,41.29549999237061,41.31914466982356,1.098609667110125,1.049285888671876,0.02266230819565399,0.23924109862742948,40,40
ABBV,2013-04-19,42.5099983215332,42.58000183105469,42.20000076293945,42.38999938964844,27.913047790527344,6493200,False,0.0016522603748608,58.21475929136372,41.490499877929686,41.4211308336164,1.0509091057533553,0.992143086024694,0.022812321950955693,0.24087805453075753,40,40
ABBV,2013-04-22,43.0,44.83000183105469,42.880001068115234,44.20000076293945,29.10490798950196,8531300,True,0.0418125771390037,69.11283782343997,41.751999855041504,41.685785112599554,1.145948272864537,1.116428920200894,0.01954204432102008,0.20519265847438675,41,40
ABBV,2013-04-23,44.61000061035156,46.31999969482422,44.400001525878906,45.13999938964844,29.723875045776367,9378100,False,0.021043777081392,73.01109297880056,42.04299983978272,42.014757900889926,1.2823355646365189,1.1892858232770651,0.019150795455855126,0.20092333571652296,41,40
ABBV,2013-04-24,45.13999938964844,45.34000015258789,43.93999862670898,44.31999969482422,29.18391799926757,5541300,False,-0.0183327923663881,63.99178505187131,42.24849987030029,42.23430473840748,1.3091651131370057,1.2028574262346543,0.02275647412941341,0.24026864094079847,40,40
ABBV,2013-04-25,44.75,44.790000915527344,43.7599983215332,44.2400016784668,29.131237030029297,5236900,False,-0.0018067681906302,65.40484751631374,42.452999877929685,42.4253234946036,1.3088845459776903,1.2400005885532934,0.023127338915215366,0.24431553183579705,40,40
ABBV,2013-04-26,44.95000076293945,46.310001373291016,44.75,45.84000015258789,30.18480110168457,10096800,False,0.0355274870034349,69.10799073869772,42.70599994659424,42.750530795364014,1.4213838711134912,1.3307149069649842,0.025338985227639253,0.26844910198684635,39,40
ABBV,2013-04-29,45.83000183105469,45.93000030517578,45.04999923706055,45.22999954223633,29.78313446044922,6024700,True,-0.0133962473231101,62.786266210649984,42.911499977111816,42.98667067601852,1.4446652438714622,1.2657149178641194,0.023009408769591105,0.24302867352289284,40,40
ABBV,2013-04-30,45.04999923706055,46.22999954223633,45.0099983215332,46.04999923706055,30.323091506958008,6798600,False,0.0179672426130774,61.876839296395,43.17849998474121,43.278416253260616,1.5118552951194175,1.262143543788366,0.02249537484743423,0.23741951547139772,40,40
ABBV,2013-05-01,45.7400016784668,46.09000015258789,45.54999923706055,45.54999923706055,29.99384880065918,6398100,False,-0.0109171975463185,61.39669752958517,43.42749996185303,43.49475748981299,1.5073819131043535,1.2578580038888123,0.020839028075095425,0.21934539539164005,41,40
ABBV,2013-05-02,45.68000030517578,45.68000030517578,43.86000061035156,43.9900016784668,28.966615676879883,9649400,False,-0.0348483373507043,53.82653888722373,43.54700012207032,43.54192360301811,1.362254735477045,1.340000697544644,0.027801314283544893,0.29531813193609635,38,40
ABBV,2013-05-03,44.310001373291016,44.77000045776367,43.83000183105469,44.68000030517578,29.42097282409668,4641200,False,0.0155637980773386,65.00001942671415,43.71550006866456,43.65031186036646,1.2880694612845431,1.2871434347970154,0.022060813086514357,0.2326775607188635,40,40
ABBV,2013-05-06,44.95000076293945,44.95000076293945,44.150001525878906,44.59000015258789,29.361713409423828,4085700,True,-0.0020162207120743,60.82996779897914,43.85650005340576,43.73980598343517,1.2080887418528192,1.244286400931223,0.021575993644003293,0.22738719219985282,40,40
ABBV,2013-05-07,44.5,45.0,44.41999816894531,44.90999984741211,29.57242202758789,3745600,False,0.0071506781064563,63.36336726215205,43.97450008392334,43.85125301809964,1.157185433146104,1.2121434892926903,0.019399402521409773,0.20363614563685514,41,40
ABBV,2013-05-08,45.0099983215332,45.04999923706055,43.38999938964844,43.4900016784668,28.63738250732422,6973200,False,-0.0321292937664056,55.16329645340594,43.96800022125244,43.8168481286108,0.9908404178828504,1.2771434783935551,0.02299875630303295,0.24291243339556384,40,40
ABBV,2013-05-09,43.34000015258789,44.45000076293945,43.25,44.2400016784668,29.131237030029297,5046900,False,0.0170980908983058,57.70193056864444,44.020000267028806,43.85714846669232,0.9090505578574266,1.3357148851667138,0.020097526509414015,0.211254101611093,41,40
ABBV,2013-05-10,44.209999084472656,45.0099983215332,44.20000076293945,45.0099983215332,29.63827133178711,4455800,False,0.0172554406741733,53.69188056122372,44.11600017547608,43.966943690962886,0.8960348663116662,1.2192859649658208,0.020412947652690572,0.2146959893332063,41,40
ABBV,2013-05-13,44.790000915527344,44.790000915527344,44.16999816894531,44.540000915527344,29.32878303527832,3738400,True,-0.0104970866078217,47.14286025690025,44.27100028991699,44.02152056949284,0.838133493068085,1.1278574807303297,0.02111548977868511,0.22236215620017455,41,40
ABBV,2013-05-14,44.09000015258789,45.52000045776367,44.09000015258789,45.34999847412109,29.862150192260746,5760300,False,0.0180224086565946,54.90943988223509,44.41600017547607,44.14804227469553,0.8478329803227069,1.130000250680106,0.022574165104823875,0.23827927780918684,40,40
ABBV,2013-05-15,45.720001220703125,46.93000030517578,45.47999954223633,46.02999877929688,30.309925079345703,6702500,False,0.0148834206171612,58.07033155577604,44.605500030517575,44.32727622751471,0.9000154179826865,1.1692859104701456,0.012270045234105922,0.1258403230143519,44,48
ABBV,2013-05-16,46.060001373291016,46.900001525878906,46.0099983215332,46.209999084472656,30.428442001342773,4605300,False,0.0039025439144857,51.91313050582482,44.8,44.50658316627261,0.9450015069555776,1.0850004468645371,0.012143726646235167,0.12446192969502443,45,48
ABBV,2013-05-17,46.02999877929688,47.34000015258789,45.84999847412109,47.16999816894531,31.06059837341309,5244800,False,0.0205623194478149,59.680646169554784,45.03899993896484,44.76024173795573,1.0460588938642772,1.1285719190325063,0.012797696003238134,0.1315980686270088,44,48
ABBV,2013-05-20,47.119998931884766,47.13999938964844,46.06999969482422,46.2599983215332,30.46137809753418,3537800,True,-0.0194804933116841,51.03857264461912,45.14199981689453,44.90307569829644,1.0407214297528782,1.1200002942766472,0.016406693998407693,0.17097959441716304,43,40
ABBV,2013-05-21,46.18999862670898,46.959999084472656,46.16999816894531,46.540000915527344,30.645751953125,4708800,False,0.0060344648793642,55.005070197843786,45.21199989318848,45.05897333803272,1.0470159718673742,1.1378574371337902,0.015340094987538182,0.15934082473357464,43,40
ABBV,2013-05-22,46.459999084472656,48.0,45.84999847412109,46.7599983215332,30.79061889648437,5203500,False,0.0047160081186916,66.1988339056131,45.33399982452393,45.22097571741372,1.0575654378564892,1.1614289964948397,0.014375907723928433,0.1488195759993809,44,48
ABBV,2013-05-23,46.119998931884766,46.95000076293945,46.02000045776367,46.59000015258789,30.678680419921875,3306200,False,-0.0036420978128864,61.89291942615081,45.45149974822998,45.35135899695411,1.040217553711514,1.1607148306710395,0.014669723043043007,0.15202570013210137,43,40
ABBV,2013-05-24,46.25,46.47999954223633,45.310001373291016,45.43999862670898,29.92142105102539,4511700,False,-0.0249933174900417,54.67546496139551,45.43149967193604,45.35980086645458,0.9230335620325292,1.1950005122593486,0.014114183987181717,0.14596363645539062,44,48
ABBV,2013-05-28,45.88999938964844,46.040000915527344,44.70000076293945,45.38999938964844,29.888490676879883,6181800,True,-0.0011011679008273,52.721089465150186,45.43949966430664,45.36267691628257,0.8167152982218582,1.2492861066545775,0.012507041908358274,0.12842643989547567,44,48
ABBV,2013-05-29,44.88999938964844,45.18000030517578,43.790000915527344,43.880001068115234,28.894193649291992,6908400,False,-0.0338328159547936,52.18855161193647,45.330999755859374,45.22146969264758,0.6036545097781172,1.2450002942766478,0.01668306931450938,0.17399541256208534,43,40
ABBV,2013-05-30,44.06999969482422,45.119998931884766,44.06999969482422,44.54999923706055,29.33536720275879,4852200,False,0.0151531967204168,51.75536823333022,45.280999755859376,45.15752012544882,0.4832944353317643,1.2478572300502246,0.01965067709364627,0.20637806349333115,41,40
ABBV,2013-05-31,44.27000045776367,44.68999862670898,42.68000030517578,42.68999862670898,28.11059188842773,9308800,False,-0.0426474190155363,38.30644199924164,45.21599960327149,44.92251807794979,0.235111485747943,1.3335715702601851,0.023929349582332924,0.2530671032728948,39,40
ABBV,2013-06-03,42.880001068115234,43.58000183105469,42.75,43.36000061035156,28.55177497863769,7176800,True,0.0155726642013843,44.16995615357708,45.14999961853027,44.77370689055948,0.091434273393105,1.3371432168143151,0.027375688273386982,0.29067368444168684,38,40
ABBV,2013-06-04,43.41999816894531,44.470001220703125,43.380001068115234,43.630001068115234,28.729576110839844,4528400,False,0.0062080135977802,41.02297618919634,45.10199966430664,44.66478252651717,-0.0006368310905742,1.3142860957554423,0.02811292199836451,0.2987184073793093,38,40
ABBV,2013-06-05,43.4900016784668,43.900001525878906,42.68999862670898,43.040000915527344,28.341064453125,4801300,False,-0.0136153249944244,34.246583051485146,45.0084997177124,44.51004142070862,-0.1198305937148163,1.2878576006208162,0.0246988109948751,0.26146349598442203,39,40
ABBV,2013-06-06,43.220001220703125,43.56999969482422,42.650001525878906,43.5,28.64395523071289,4261300,False,0.0106306405350036,36.131013226110525,45.00899963378906,44.41384699968874,-0.1751553457990695,1.2900000980922168,0.02389800798906007,0.2527251025941935,39,40
ABBV,2013-06-07,43.720001220703125,44.27000045776367,43.5,44.0,28.973203659057617,5463200,False,0.0114289568794923,32.97530075064742,44.99699954986572,44.37443299971839,-0.1766188370810368,1.2385714394705647,0.011482012326349803,0.11724127742834023,45,48
ABBV,2013-06-10,44.33000183105469,44.33000183105469,43.220001220703125,43.91999816894531,28.9205265045166,4702700,True,-0.0018197883926099,36.20282854419361,44.94249954223633,44.33115349202571,-0.1821346092284699,1.239285877772741,0.01046333015589789,0.10612537816175238,45,48
ABBV,2013-06-11,43.310001373291016,44.04999923706055,43.04999923706055,43.59000015258789,28.70322799682617,3574800,False,-0.0075420124773255,32.708074417498096,44.89499950408936,44.2605674596983,-0.2107051031362772,1.2542858123779308,0.011057054971287604,0.11260412632421182,45,48
ABBV,2013-06-12,43.90999984741211,44.0,42.720001220703125,42.77000045776367,28.16327857971192,3742600,False,-0.0189906388487616,28.14896459976589,44.76599960327148,44.11860869760929,-0.2961012765470485,1.1921427590506422,0.012811611399144456,0.13174991396565913,44,48
ABBV,2013-06-13,42.41999816894531,43.20000076293945,40.09999847412109,43.150001525878906,28.41350173950196,6096500,False,0.0088454942076528,31.584590093631647,44.621999740600586,44.026360395539726,-0.3293192613748061,1.3471429007393982,0.01241622918754646,0.12743548797155904,44,48
ABBV,2013-06-14,42.97999954223633,43.5,42.5,43.209999084472656,28.453004837036133,4078500,False,0.0013893276118582,36.48484500993445,44.47199974060059,43.94861169924762,-0.3468056919774085,1.3271429879324788,0.01043265701066386,0.10579067161391947,45,48
ABBV,2013-06-17,43.400001525878906,43.5,42.68000030517578,43.0099983215332,28.3213119506836,3457700,True,-0.0046391794739121,35.833323115391465,44.26399974822998,43.85921994898911,-0.3725081620916839,1.2900000980922164,0.010386886350878654,0.105291220403036,45,48
ABBV,2013-06-18,42.970001220703125,43.560001373291016,42.630001068115234,43.540000915527344,28.670305252075195,3644900,False,0.0122473332340462,47.70889446298383,44.12799987792969,43.828818136278464,-0.3461209085339192,1.242143086024694,0.012370055519437543,0.12693163911825098,44,48
ABBV,2013-06-19,43.560001373291016,43.83000183105469,43.0099983215332,43.040000915527344,28.341064453125,3663300,False,-0.0115501332754439,39.58622395155076,43.952999877929685,43.75369268668312,-0.361388776446951,1.2121434892926908,0.009710532456501018,0.0979108205329461,46,48
ABBV,2013-06-20,42.650001525878906,42.77999877929688,40.90999984741211,41.060001373291016,27.03727149963379,7474900,False,-0.0470954536485551,38.941678114204905,43.668000030517575,43.49715065683625,-0.5271810720392978,1.2207151140485506,0.02253802256639373,0.23788488903113444,40,40
ABBV,2013-06-21,41.65999984741211,42.709999084472656,41.20000076293945,42.619998931884766,28.06449317932129,9825700,False,0.0372888494100565,45.520570043351775,43.46949996948242,43.41361239731705,-0.5266233095296542,1.2750004359654028,0.031126998208385888,0.3316081236266774,36,32
ABBV,2013-06-24,42.06999969482422,42.400001525878906,41.31999969482422,41.88999938964844,27.58380699157715,6042400,True,-0.0172762920731217,40.02292318763548,43.2920000076294,43.26850639658671,-0.5784184925904796,1.288571766444616,0.0318240163559867,0.33921401262763745,36,32
ABBV,2013-06-25,42.150001525878906,42.77000045776367,41.61000061035156,42.630001068115234,28.071083068847656,4686900,False,0.0175110768565721,47.68883936423998,43.15400009155273,43.20769636530371,-0.5533756275599728,1.285000119890486,0.03262562768136555,0.347961226432228,36,32
ABBV,2013-06-26,43.09999847412109,43.61000061035156,43.02999877929688,43.380001068115234,28.564945220947266,4733700,False,0.0174403002779822,49.3449839853509,43.12900009155273,43.22410633700005,-0.4676198144727124,1.2892859322684156,0.0335608760346615,0.3581666926571526,35,32
ABBV,2013-06-27,43.560001373291016,43.97999954223633,42.7400016784668,43.130001068115234,28.40032386779785,5163900,False,-0.0057797255784226,45.1178510281487,43.05800018310547,43.2151439304396,-0.4150462308348537,1.3228571755545484,0.021501851033452635,0.2265781451642329,40,40
ABBV,2013-06-28,42.52999877929688,42.970001220703125,41.31999969482422,41.34000015258789,27.221649169921875,10753100,False,-0.0423879668117314,37.85311546213338,42.99050025939941,43.03655880873943,-0.5119183254531308,1.3728572300502238,0.025265872694765396,0.2676512951986993,39,40
ABBV,2013-07-01,41.400001525878906,41.93000030517578,41.06999969482422,41.61000061035156,27.39943122863769,4588200,True,0.0065096730135511,40.62500338662711,42.90300025939941,42.90069612317868,-0.5604429405552125,1.362857273646764,0.024871303129149,0.26334573682899953,39,40
ABBV,2013-07-02,41.58000183105469,42.56999969482422,41.58000183105469,42.209999084472656,27.79452514648437,4365900,False,0.0143168090254416,47.292063031784096,42.83200016021728,42.834915452825726,-0.5442108611120773,1.342142922537668,0.024300464457183677,0.2571167231492722,39,40
ABBV,2013-07-03,41.880001068115234,42.310001373291016,41.61000061035156,42.22999954223633,27.80769729614257,2417500,False,0.0004737994031877,45.390771413620605,42.791500091552734,42.77730441372197,-0.5236961086656606,1.1707142421177454,0.021984908194450353,0.2318492835991703,40,40
ABBV,2013-07-05,42.45000076293945,42.83000183105469,42.310001373291016,42.720001220703125,28.130348205566406,2743700,True,0.0115361373386167,47.64650484440732,42.75250015258789,42.7718469667678,-0.4625667971143841,1.1421429770333429,0.023233311916616647,0.2454719133282031,40,40
ABBV,2013-07-08,42.900001525878906,43.68999862670898,42.81999969482422,43.68000030517578,28.76249122619629,3978300,True,0.0222231494513814,52.99911309158107,42.73650016784668,42.85833776090189,-0.3328209218144096,1.1528570992606022,0.008188573971392391,0.08130315064422025,46,48
ABBV,2013-07-09,44.0,44.22999954223633,43.25,43.31999969482422,28.52543067932129,3805700,False,-0.0082761563731224,48.99999445134943,42.70650024414063,42.90230556413259,-0.2560933369001361,1.1564284733363557,0.012002565340089543,0.12292157205947397,45,48
ABBV,2013-07-10,43.36000061035156,44.119998931884766,43.36000061035156,43.90999984741211,28.9139404296875,3080100,False,0.0135278526805279,53.92244779041662,42.72250022888184,42.99827644825445,-0.1459951503716894,1.1549995967320028,0.011904445332972916,0.12185088274460999,45,48
ABBV,2013-07-11,43.93999862670898,44.11000061035156,43.33000183105469,43.77999877929688,29.09336853027344,4061400,False,0.0061864160242842,64.71859800818348,42.773000144958495,43.07272619406802,-0.0684425806007951,1.0585708618164058,0.011271192976397762,0.11494080852303407,45,48
ABBV,2013-07-12,43.93000030517578,45.11000061035156,43.79999923706055,45.04999923706055,29.93732070922852,5693900,False,0.0285956236674363,63.57541375591919,42.86800003051758,43.26103791244826,0.094408530016814,1.0357140132359086,0.014371529258855152,0.1487717980190563,44,48
ABBV,2013-07-15,44.95000076293945,44.970001220703125,44.540000915527344,44.619998931884766,29.651573181152344,3265800,True,-0.0095907038949711,65.7803344318773,42.938500022888185,43.390462771442216,0.1866205321673888,0.9792853764125268,0.01592250733298385,0.16569613078621634,43,40
ABBV,2013-07-16,44.540000915527344,44.77000045776367,43.70000076293945,43.810001373291016,29.113306045532227,3714500,False,-0.0183198603292374,56.76605584856006,42.97850017547607,43.43041882876115,0.1921244832275448,0.9728567940848204,0.01859675106172264,0.19487758184643975,42,40
ABBV,2013-07-17,43.970001220703125,44.150001525878906,43.7400016784668,43.959999084472656,29.21297836303711,3645400,False,0.0034177529235242,53.57141682666944,42.99950008392334,43.480855043590815,0.2062128721783054,0.9321425301688048,0.017847182625757924,0.18669826206517645,42,40
ABBV,2013-07-18,43.959999084472656,44.560001373291016,43.810001373291016,44.31999969482422,29.45221519470215,3043700,False,0.0081560510874619,57.22963968954019,43.063500022888185,43.56077358180352,0.243618776915035,0.8971426827566954,0.01798231655240197,0.18817284870234838,42,40
ABBV,2013-07-19,44.4900016784668,44.90999984741211,44.119998931884766,44.52000045776367,29.58512115478516,4317900,False,0.0045024451583915,73.94578763164733,43.23649997711182,43.65212852237116,0.2861035918929389,0.8242855072021474,0.011158661410673908,0.11371285972292614,45,48
ABBV,2013-07-22,44.29999923706055,45.09999847412109,43.79999923706055,44.970001220703125,29.884174346923828,3810500,True,0.0100574829566923,74.63343666203912,43.354000091552734,43.77764020792659,0.3520264725586202,0.8557139805385029,0.011434958944037872,0.11672782909960426,45,48
ABBV,2013-07-23,44.91999816894531,45.09000015258789,44.22999954223633,44.310001373291016,29.44556427001953,3535100,False,-0.0147857744804759,65.26164217147175,43.47500019073486,43.82834127129463,0.347014194966853,0.8464284624372195,0.00990569380026307,0.10004042866874814,45,48
ABBV,2013-07-24,44.27999877929688,44.369998931884766,43.38999938964844,43.63999938964844,29.00033569335937,3088100,False,-0.0152358741862371,59.36254556231305,43.52550010681152,43.81040394923309,0.2856851674466441,0.8664283752441391,0.01253018927542771,0.12867902486073177,44,48
ABBV,2013-07-25,43.40999984741211,44.43000030517578,43.34999847412109,44.2400016784668,29.3990478515625,4088500,False,0.0136548822663638,59.947642802682886,43.5685001373291,43.85131801868392,0.2822431185836009,0.9007140568324488,0.01376570777171715,0.1421610505063429,44,48
ABBV,2013-07-26,45.0099983215332,45.119998931884766,44.16999816894531,44.790000915527344,29.764545440673828,4491100,False,0.0123556470647062,57.67634920450674,43.651500129699706,43.94071638981187,0.3202044938714081,0.8992857251848488,0.014863630731745407,0.15414162833537653,43,40
ABBV,2013-07-29,44.720001220703125,45.45000076293945,44.470001220703125,45.060001373291016,29.9439697265625,4326200,True,0.0060100247162013,62.18488023512205,43.83750019073487,44.04731495966703,0.3678357561108569,0.8992857251848488,0.014363061005992465,0.14867939211610046,44,48
ABBV,2013-07-30,45.08000183105469,45.22999954223633,44.20000076293945,44.70000076293945,29.70473861694336,3619700,False,-0.0080213771257944,55.71635670657652,43.99200019836426,44.10947551235964,0.372243838736388,0.9157142639160152,0.012809698273499294,0.1317290378645819,44,48
ABBV,2013-07-31,44.84000015258789,45.90999984741211,44.810001373291016,45.47999954223633,30.223073959350582,6020600,False,0.0172990885671356,61.24338924689509,44.15550022125244,44.24000161044313,0.433677494540909,0.946428571428571,0.009971582509303958,0.10075940881167056,45,48
ABBV,2013-08-01,45.13999938964844,45.900001525878906,45.040000915527344,45.25,30.07023048400879,3652400,False,-0.0050700091546187,51.53374807436787,44.30650024414062,44.33619193325807,0.4585195406533344,0.9128570556640624,0.010910739172865898,0.11100752266946784,45,48
ABBV,2013-08-02,45.11000061035156,45.41999816894531,44.810001373291016,45.31999969482422,30.11674690246582,3190700,False,0.0015457306460192,55.68182451525167,44.43650016784668,44.429887910550086,0.4783414095233738,0.9199998038155692,0.010001747875039602,0.1010885744499662,45,48
ABBV,2013-08-05,45.04999923706055,45.369998931884766,44.47999954223633,44.709999084472656,29.71138000488281,2953500,True,-0.0135512549653676,57.5503126962152,44.488000106811526,44.456565165209376,0.4397591622621775,0.9071426391601562,0.011865607208985137,0.12142707963263456,45,48
ABBV,2013-08-06,44.41999816894531,44.9900016784668,44.41999816894531,44.880001068115234,29.824359893798828,4980600,False,0.0037953681176885,57.69231505279012,44.56600017547608,44.496892394057554,0.4180808172368699,0.9185714721679688,0.011425451006872518,0.11662407812130232,45,48
ABBV,2013-08-07,44.70000076293945,44.86000061035156,44.220001220703125,44.56999969482422,29.61834144592285,3299400,False,-0.006931692811268,52.10792298052898,44.59900016784668,44.50385499413056,0.371602450846396,0.9121428898402624,0.0069368604111642055,0.06764440383416664,47,48
ABBV,2013-08-08,44.86000061035156,45.18000030517578,44.61000061035156,45.060001373291016,29.9439697265625,2892400,False,0.0109341467262054,54.340837196066566,44.66300029754639,44.55682131595537,0.3700414435424264,0.8992857251848493,0.009545857631303301,0.09611388246753486,46,48
ABBV,2013-08-09,44.900001525878906,45.0,44.470001220703125,44.709999084472656,29.71138000488281,3290800,False,-0.0077978220326258,47.87580314200872,44.64600028991699,44.571409674861776,0.3366810251102947,0.8485715048653744,0.009870714087268025,0.0996587286868445,46,48
ABBV,2013-08-12,44.709999084472656,45.20000076293945,44.38999938964844,45.040000915527344,29.93068504333496,3826400,True,0.0073540722190665,56.30395495636167,44.66700038909912,44.616037412068025,0.3330320567349503,0.845000130789621,0.008456959855997918,0.08423178780346847,46,48
ABBV,2013-08-13,45.119998931884766,45.18000030517578,44.68000030517578,44.93000030517578,29.85758209228516,2791800,False,-0.0024453957601203,62.33267883088162,44.72300033569336,44.64593863998304,0.3176029638004678,0.8107144492013119,0.008488586540861735,0.08457689941264324,46,48
ABBV,2013-08-14,44.84999847412109,45.22999954223633,44.45000076293945,44.58000183105469,29.624998092651367,2990500,False,-0.0078202789539335,53.41365123452771,44.75400047302246,44.639658943894624,0.2739751299327366,0.7892856597900391,0.008682894025231183,0.08669719020170917,46,48
ABBV,2013-08-15,44.59999847412109,44.619998931884766,43.130001068115234,43.209999084472656,28.714582443237305,4363100,False,-0.0312134422777631,36.37931964341855,44.69850044250488,44.50350086204492,0.1273835865206223,0.8278568812779018,0.014184487623700828,0.14673079245781143,44,48
ABBV,2013-08-16,42.93999862670898,43.13999938964844,42.41999816894531,43.0,28.575029373168945,6093300,False,-0.0048718551816863,32.05576626444051,44.6225004196167,44.36031030375492,-0.0056710663273875,0.8142855507986886,0.014274815340937871,0.1477164520039507,44,48
ABBV,2013-08-19,43.0099983215332,43.810001373291016,42.95000076293945,43.369998931884766,28.820905685424805,3326900,True,0.008567778052094,38.43478203180458,44.54250030517578,44.26599493500539,-0.0803359528661928,0.802142824445452,0.014603454593231098,0.15130257624318977,43,40
ABBV,2013-08-20,43.290000915527344,43.47999954223633,42.84999847412109,42.970001220703125,28.55509376525879,2803000,False,-0.0092656798812575,26.62946690203627,44.47550029754639,44.1425669622147,-0.1698272232359698,0.7607143947056366,0.014322502441971615,0.14823681549590376,44,48
ABBV,2013-08-21,42.81999969482422,42.880001068115234,42.25,42.310001373291016,28.11650848388672,4118800,False,-0.0154784414191287,24.655214257479926,44.40900039672852,43.968036906126734,-0.2906556739091428,0.7507144383021769,0.014582523161500913,0.15107417165011144,43,40
ABBV,2013-08-22,42.400001525878906,43.09999847412109,42.290000915527344,42.91999816894531,28.521862030029297,4077700,False,0.0143139876208661,31.072555015240734,44.34300022125244,43.86822369306184,-0.3333488105506319,0.7650002070835659,0.012433795565459912,0.12762717296716286,44,48
ABBV,2013-08-23,43.0099983215332,43.5,42.84999847412109,43.43000030517578,28.86078453063965,2738100,False,0.0118128550047525,39.74360855371749,44.27500019073487,43.82648813231079,-0.3223150712906744,0.7478575025285998,0.013448727547423059,0.1387021500318304,44,48
ABBV,2013-08-26,43.43000030517578,43.7400016784668,43.18999862670898,43.45000076293945,28.874067306518555,3493400,True,0.0004601302572222,38.25944685046522,44.19450016021729,43.79063219237066,-0.3084018194415847,0.7464288984026238,0.012936394946657034,0.13311155686519272,44,48
ABBV,2013-08-27,43.02000045776367,43.09000015258789,42.59999847412109,42.630001068115234,28.329151153564453,4473000,False,-0.019052516664782,35.30304580351657,44.09100017547608,43.68009589482252,-0.3593996539681114,0.7600005013602136,0.015285652297820479,0.15874674399646346,43,40
ABBV,2013-08-28,42.52999877929688,42.810001373291016,42.34999847412109,42.560001373291016,28.282638549804688,3009700,False,-0.0016432129939502,29.773463781982045,43.94500026702881,43.57342022610524,-0.4008435210165402,0.749286379132954,0.013260870028842265,0.1366522415190615,44,48
ABBV,2013-08-29,42.31999969482422,43.09000015258789,42.2599983215332,42.619998931884766,28.322498321533203,2788900,False,0.001408344914257,32.25804989161459,43.81350021362304,43.48261819808424,-0.4239596398587864,0.7664293561662967,0.011153439814690516,0.11365588146548156,45,48
ABBV,2013-08-30,42.7599983215332,43.02999877929688,42.29999923706055,42.61000061035156,28.31586456298828,3170700,False,-0.0002342496582671,28.18668072924514,43.67800025939941,43.39951176115732,-0.4380366971952867,0.7607149396623909,0.008591862142470501,0.085703846774125,46,48
ABBV,2013-09-03,43.0,43.27999877929688,42.310001373291016,42.59000015258789,28.30257797241211,2925600,True,-0.0004693379127043,28.64960213623361,43.57200031280517,43.322415417484045,-0.4456693376401333,0.7942861829485243,0.008485713460842686,0.08454554825228826,46,48
ABBV,2013-09-04,42.59999847412109,43.13999938964844,42.59000015258789,43.130001068115234,28.66141700744629,3190700,False,0.0125989682363911,37.213384420276455,43.48450031280517,43.30409024135368,-0.4034934776315992,0.7778576442173579,0.00584164414332378,0.05569336153503458,47,48
ABBV,2013-09-05,43.02999877929688,43.65999984741211,43.0,43.5099983215332,28.913938522338867,3355500,False,0.0087719174910241,53.20512768262295,43.43150024414062,43.32370053470411,-0.3355383251855102,0.7185720716203993,0.005926050963123439,0.056614412019200616,47,48
ABBV,2013-09-06,43.52999877929688,44.34999847412109,42.88999938964844,43.88999938964844,29.166460037231445,3992200,False,0.0086956395733003,59.17526875969407,43.373000144958496,43.37763375898452,-0.2481598347848219,0.7664290836879211,0.005897741373487983,0.05630549668152806,47,48
ABBV,2013-09-09,43.880001068115234,44.43999862670898,43.5,44.43000030517578,29.52531242370605,3287500,True,0.0122285234614445,60.55779768549372,43.35900020599365,43.47785914433607,-0.1337958751435266,0.7721432277134507,0.005271947723342356,0.049476812153160264,48,48
ABBV,2013-09-10,44.58000183105469,44.810001373291016,44.09999847412109,44.77999877929688,29.75790786743164,4282300,False,0.0078469636461828,68.20925445214894,43.34600009918213,43.60187244290377,-0.0147496367466004,0.7778576442173569,0.002211449045287161,0.016080532138075077,49,48
ABBV,2013-09-11,44.810001373291016,44.970001220703125,44.38999938964844,44.95000076293945,29.87087821960449,3441700,False,0.003789125848445,79.46430700167915,43.34700012207031,43.7302656162405,0.0922497069802759,0.7678576878138971,0.0030149679743760515,0.024848561788173167,49,48
ABBV,2013-09-12,44.84000015258789,44.95000076293945,44.5,44.70000076293945,29.70473861694336,2597900,False,-0.0055774507146222,71.60197882842469,43.35300006866455,43.82262134449754,0.1550868029830354,0.7421436309814479,0.006829657467892051,0.06647460116846733,47,48
ABBV,2013-09-13,44.709999084472656,44.88999938964844,44.43000030517578,44.88999938964844,29.831005096435547,2273500,False,0.0042417096330101,69.2105374111827,43.43700008392334,43.92427639641667,0.2177073606373909,0.728572028023858,0.0065775972570652624,0.06372411039329014,47,48
ABBV,2013-09-16,45.31999969482422,45.95000076293945,45.18999862670898,45.81999969482422,30.449018478393555,3531700,True,0.0205054676506366,75.1592495972696,43.57800006866455,44.10482147245549,0.3384761140770465,0.7650004795619435,0.009430096939407204,0.09485069731766943,46,48
ABBV,2013-09-17,45.91999816894531,47.70000076293945,45.86000061035156,47.59999847412109,31.631893157958984,7293800,False,0.038112129008039,93.82718125885134,43.78950004577637,44.43769547261412,0.5712324347605531,0.8385718209402911,0.01725205175060286,0.1802041709241435,42,40
ABBV,2013-09-18,47.18999862670898,48.41999816894531,46.880001068115234,47.91999816894531,31.844541549682617,6689400,False,0.0067000986494616,95.2702863796491,44.03699989318848,44.76934334845519,0.7726086453132552,0.9157142639160162,0.016943006424222723,0.17683185636274565,42,40
ABBV,2013-09-19,48.209999084472656,48.22999954223633,47.310001373291016,47.400001525878906,31.498994827270508,5326500,False,-0.0109103523381191,87.46087390140492,44.29149990081787,45.01988222249554,0.8800961590308702,0.9221425737653464,0.018486383620893432,0.19367324806093303,42,40
ABBV,2013-09-20,47.43999862670898,48.0,47.33000183105469,47.84000015258789,31.7913875579834,10495300,False,0.0092397865176347,88.39944454371754,44.5375,45.288464882504336,0.989380042746177,0.9178567613874165,0.018111584191057024,0.18958342217796129,42,40
ABBV,2013-09-23,47.560001373291016,47.560001373291016,46.93000030517578,47.09999847412109,31.29962921142578,3179500,True,-0.0155891703990852,79.94688803070801,44.72099990844727,45.46099189122974,1.0046948599930443,0.9135712214878622,0.021172089052072504,0.22297976966174837,41,40
ABBV,2013-09-24,46.95000076293945,46.95000076293945,45.93999862670898,45.97999954223633,30.55535125732422,7162700,False,-0.0240664170115482,67.57090592318106,44.84749984741211,45.510421191325605,0.9158994902213776,0.9571426936558308,0.01441980144864145,0.14929854602211995,44,48
ABBV,2013-09-25,46.09000015258789,46.15999984741211,45.02000045776367,45.33000183105469,30.1234073638916,4571900,False,-0.0142373113594467,60.85921798644825,44.98249988555908,45.49323839510933,0.7840411980242834,0.99142837524414,0.012367956781773467,0.1269087376116402,44,48
ABBV,2013-09-26,45.33000183105469,45.619998931884766,44.810001373291016,45.0,29.904098510742188,5033900,False,-0.0073069778838856,56.66267336734965,45.10449981689453,45.446263309860825,0.645473544417932,0.9449996948242188,0.012487104183348637,0.12820887866858807,44,48
ABBV,2013-09-27,44.869998931884766,44.900001525878906,44.02000045776367,44.33000183105469,29.458852767944336,6617300,False,-0.0150010766894804,49.40899187279279,45.18999996185303,45.33995269283167,0.4761061721960331,0.9478569030761724,0.005958667338435229,0.05697032316884432,47,48
ABBV,2013-09-30,44.52000045776367,44.95000076293945,44.02999877929688,44.72999954223633,29.72467613220215,5818400,True,0.0089830787978485,49.70623212839268,45.295999908447264,45.281861916584496,0.3698938755102219,0.9628568376813612,0.012327903070652044,0.1264716699658197,44,48
ABBV,2013-10-01,44.810001373291016,45.900001525878906,44.810001373291016,45.79999923706055,30.43572998046875,4159700,False,0.0236396995103776,54.51646929671651,45.456499862670896,45.33120832805841,0.3678198993405317,1.0049997057233533,0.01671510560301585,0.17434499378206025,43,40
ABBV,2013-10-02,45.34000015258789,45.970001220703125,45.119998931884766,45.95000076293945,30.53541374206543,4056800,False,0.0032698697885327,56.71321886224379,45.59749984741211,45.390140940904224,0.3739692431598485,1.0335712432861324,0.014931000782460692,0.15487677293597732,43,40
ABBV,2013-10-03,45.59999847412109,46.34000015258789,45.09999847412109,46.0099983215332,30.57529067993164,7020800,False,0.0013050722914517,56.10021944924514,45.72249984741211,45.449174977154605,0.3793114774000159,1.0892857142857142,0.013950093756810158,0.144173077511346,44,48
ABBV,2013-10-04,46.18000030517578,46.880001068115234,46.0,46.79999923706055,31.10025978088379,4141400,False,0.0170239835939187,55.42035776331886,45.86799983978271,45.57782490666946,0.4421943666912185,1.0764285496303014,0.009404038236444773,0.09456634374248139,46,48
ABBV,2013-10-07,46.119998931884766,46.97999954223633,46.09000015258789,46.09000015258789,30.628442764282227,4703700,True,-0.0152870928938957,40.526974539136646,45.95099983215332,45.62660350151884,0.4297842319991432,1.0057141440255302,0.015127152940201906,0.15701719287226412,43,40
ABBV,2013-10-08,46.290000915527344,46.31999969482422,44.38999938964844,44.52000045776367,29.58512115478516,7091500,False,-0.0346575080769063,31.56181409329469,45.93799991607666,45.52121273544692,0.2899212250948864,1.033571515764509,0.019851661726199808,0.208571215581785,41,40
ABBV,2013-10-09,44.720001220703125,45.310001373291016,44.31999969482422,44.810001373291016,29.77783966064453,5113000,False,0.0064929100658714,35.59509528899427,45.93099994659424,45.4534783200035,0.2001719767635918,1.038571766444615,0.020262562951152297,0.2130549856501893,41,40
ABBV,2013-10-10,45.09999847412109,45.68000030517578,44.5099983215332,45.68000030517578,30.629409790039062,3967500,False,0.028196170314555,38.53502578566815,45.97999992370605,45.47505184240086,0.1969760761784442,1.0742863246372767,0.025304201735607778,0.2680695431756908,39,40
ABBV,2013-10-11,45.70000076293945,45.70000076293945,44.959999084472656,45.650001525878906,30.609283447265625,2985700,False,-0.0006573080656729,41.67624356625057,46.01800003051758,45.49171371701782,0.1898343588395761,1.06214359828404,0.023568031353425327,0.24912438477617563,40,40
ABBV,2013-10-14,45.209999084472656,46.45000076293945,45.06999969482422,46.33000183105469,31.065248489379883,3377300,True,0.0147864389206532,52.11609789804002,46.043500137329104,45.57155068025943,0.2363206803249795,1.0778579711914062,0.02354405707758588,0.2488627765504201,40,40
ABBV,2013-10-15,46.04999923706055,46.380001068115234,45.75,46.08000183105469,30.897619247436523,3533300,False,-0.0054106485710864,54.76493307068294,45.96750030517578,45.61997459938279,0.25010545436254,1.0414295196533203,0.013310564883267678,0.1371945136937238,44,48
ABBV,2013-10-16,46.310001373291016,47.27000045776367,46.20000076293945,47.060001373291016,31.55471420288086,4399900,False,0.0210438639578722,62.08922011314258,45.924500465393066,45.75712000642167,0.3362318880534189,1.0685724530901228,0.014268639127560157,0.14764905692455593,44,48
ABBV,2013-10-17,46.95000076293945,48.31999969482422,46.95000076293945,48.16999816894531,32.29899597167969,7242400,False,0.0233131473925854,71.42857142857143,45.96300029754639,45.98691792666201,0.4884249136690783,1.0964295523507257,0.012954645831969256,0.1333107112320221,44,48
ABBV,2013-10-18,48.380001068115234,48.95000076293945,47.77000045776367,48.33000183105469,32.406280517578125,9212900,False,0.0033161018709002,70.64222109939433,45.98750038146973,46.21006877469941,0.6148621926681983,1.115000861031669,0.012189565183273658,0.12496212158512257,45,48
ABBV,2013-10-21,48.08000183105469,48.54999923706055,47.7599983215332,48.34999847412109,32.419700622558594,4713200,True,0.0004140347723599,66.62321456369924,46.05000038146973,46.41387160321576,0.7085109361438242,1.0878579275948663,0.012869862134096325,0.13238554823973547,44,48
ABBV,2013-10-22,48.38999938964844,49.310001373291016,48.11000061035156,49.0,32.85553741455078,6937500,False,0.0133540154572315,68.6658589027952,46.20100040435791,46.66016954576664,0.8256602336818091,1.112857818603516,0.010257209947489165,0.10387618647082189,45,48
ABBV,2013-10-23,48.7599983215332,48.86000061035156,48.27999877929688,48.33000183105469,32.406280517578125,4130300,False,-0.0137680502295913,63.21187266550604,46.35100040435791,46.81920119198455,0.8545874905414905,1.0757149287632528,0.013970829882727796,0.14439935091983955,44,48
ABBV,2013-10-24,48.630001068115234,48.97999954223633,47.7400016784668,47.93000030517578,32.13808059692383,5077900,False,-0.0083106086930265,56.73421730691325,46.4975004196167,46.924991583717045,0.8356034533609673,1.101428985595703,0.010525375165959572,0.106802415712664,45,48
ABBV,2013-10-25,49.09999847412109,49.83000183105469,48.560001373291016,49.29999923706055,33.05669021606445,6956800,False,0.0281823344692492,67.73481054222682,46.74600028991699,47.15118278879738,0.920495037562354,1.1735719953264503,0.016973460583138394,0.17716417332339796,42,40
ABBV,2013-10-28,49.130001068115234,49.970001220703125,48.970001220703125,49.41999816894531,33.13714599609375,5555000,True,0.0024309157544984,82.23684970032018,46.98050022125244,47.36726044404956,0.9860881304338918,1.107143402099609,0.016891464258485703,0.17626942625556088,42,40
ABBV,2013-10-29,49.47999954223633,50.20000076293945,49.47999954223633,49.790000915527344,33.3852424621582,5022900,False,0.0074590712121842,82.42188683556313,47.18000030517578,47.59799763180935,1.0557571473063518,1.092143467494419,0.01630381126259851,0.16985693402249005,43,40
ABBV,2013-10-30,49.56999969482422,49.56999969482422,48.720001220703125,48.79999923706055,32.72142791748047,4011600,False,-0.0200838085990424,69.999995109362,47.32250022888184,47.71247397516661,1.0193352215332112,1.0850004468645362,0.018093398588011,0.18938498017374708,42,40
ABBV,2013-10-31,48.68000030517578,49.0,48.43999862670898,48.45000076293945,32.48674774169922,4563700,False,-0.0071979069077462,67.24137688039465,47.44450035095215,47.78271462162117,0.9512630627037596,1.072143282209124,0.017942079501290217,0.1877337804434582,42,40
ABBV,2013-11-01,48.63999938964844,49.33000183105469,48.5,48.959999084472656,32.82870864868164,3866900,False,0.0104711518651497,66.54086957856936,47.55250034332276,47.89483695141655,0.9277731968177748,1.036428996494838,0.012417552813756151,0.12744993143198302,44,48
ABBV,2013-11-04,49.18999862670898,49.18999862670898,48.0,48.7599983215332,32.69460678100586,4095600,True,-0.0040932621932746,66.96200801859254,47.68600025177002,47.97723327238004,0.8828420649994726,1.0764288221086769,0.01225820650051248,0.12571113829522573,44,48
ABBV,2013-11-05,48.59000015258789,48.7599983215332,48.02999877929688,48.16999816894531,32.29899597167969,4095400,False,-0.0121739887788925,57.39012678918738,47.8685001373291,47.99559183395768,0.7905131938242818,1.043571744646344,0.011302064936605698,0.1152776845475563,45,48
ABBV,2013-11-06,48.5,48.7400016784668,48.0,48.04999923706055,32.218536376953125,4308100,False,-0.0024941944773527,49.07976285690381,48.03050003051758,48.000773491396046,0.6995944974104731,0.9985719408307746,0.008435932352164166,0.08400233486787809,46,48
ABBV,2013-11-07,48.16999816894531,48.36000061035156,47.18000030517578,47.2400016784668,31.67540740966797,4444900,False,-0.0170013624918422,42.39887719059296,48.10850009918213,47.92831903302183,0.555774123780651,0.9985719408307746,0.010511179510513028,0.10664751217106479,45,48
ABBV,2013-11-08,47.130001068115234,48.09999847412109,46.83000183105469,48.02999877929688,32.20512390136719,5190900,False,0.0165849789544345,47.98488725496329,48.22749996185303,47.93800281838136,0.4997804473701706,1.0328573499407072,0.012862074413076189,0.13230056832658185,44,48
ABBV,2013-11-11,48.22999954223633,48.66999816894531,48.18999862670898,48.56999969482422,32.56720733642578,2282900,True,0.0111803049175515,47.25414672028359,48.3394998550415,47.9981929970902,0.4932922503114838,0.9928572518484912,0.014495563358037377,0.15012526290940567,43,40
ABBV,2013-11-12,48.45000076293945,48.47999954223633,47.27999877929688,47.47999954223633,31.83633613586425,5351100,False,-0.0226975889349457,44.84846859485446,48.40949974060059,47.94884123948507,0.3956357618076609,1.033571515764507,0.017094414150054475,0.17848402332644372,42,40
ABBV,2013-11-13,47.36000061035156,47.93000030517578,47.290000915527344,47.84999847412109,32.08443069458008,3745100,False,0.0077626041370866,49.5133704779327,48.44899959564209,47.93942764278374,0.3441311826252828,0.9907144818987144,0.017755746140260095,0.18570050359686655,42,40
ABBV,2013-11-14,47.9900016784668,48.470001220703125,47.68999862670898,48.040000915527344,32.21183395385742,3411800,False,0.0039630117462607,41.05114459930219,48.44249973297119,47.949006049711706,0.3150137591316095,0.9107145581926605,0.015287263619238052,0.15876432679812957,43,40
ABBV,2013-11-15,48.02999877929688,48.75,48.0,48.43999862670898,32.48004150390625,6257100,False,0.0082918939937364,43.30601028822341,48.44799957275391,47.99576724752097,0.320519711883179,0.8928574153355174,0.01387847240035378,0.14339154249797448,44,48
ABBV,2013-11-18,48.88999938964844,49.959999084472656,48.72999954223633,48.869998931884766,32.76836395263672,8585700,True,0.008837743186099,43.76691868846664,48.47399959564209,48.07902740793658,0.3554828648862269,0.9457144056047702,0.013513159083588218,0.13940522944794081,44,48
ABBV,2013-11-19,48.72999954223633,49.0,48.369998931884766,48.459999084472656,32.49344253540039,4050700,False,-0.0084252354721502,47.49999579260812,48.44699954986572,48.11531042474954,0.346118021264445,0.914285932268414,0.007251416494798025,0.07107685199198091,47,48
ABBV,2013-11-20,48.41999816894531,48.540000915527344,47.83000183105469,47.95000076293945,32.151485443115234,3120300,False,-0.010579647701598,46.40804156709709,48.42799949645996,48.09956664743429,0.2941529013670774,0.9250000544956736,0.00928181633371903,0.09323265360999645,46,48
ABBV,2013-11-21,48.27999877929688,48.66999816894531,47.9900016784668,48.56999969482422,32.56720733642578,4459800,False,0.0128472190455114,47.2418682649205,48.45999946594238,48.14436979480477,0.2995459227788331,0.9135712214878612,0.01084837485008997,0.11032700076586109,45,48
ABBV,2013-11-22,48.650001525878906,49.13999938964844,48.56999969482422,48.93999862670898,32.815303802490234,5810100,False,0.007589113739867,51.24309770696336,48.441999435424805,48.22014396927183,0.3298731800149994,0.8692855834960928,0.010753762868074937,0.10929459115666496,45,48
ABBV,2013-11-25,49.0,49.27999877929688,48.31999969482422,48.40999984741211,32.459930419921875,3343200,True,-0.0108885673995813,51.67132347354759,48.39149951934815,48.23822548147567,0.3075955082189097,0.8857141222272601,0.011249807858973471,0.1147074532941042,45,48
ABBV,2013-11-26,48.380001068115234,49.18000030517578,48.310001373291016,48.59999847412109,32.587337493896484,4732300,False,0.0039173739648484,53.793104174021984,48.33199939727783,48.2726800522038,0.3017927155438471,0.8949996403285435,0.010802964135299518,0.10983147728869011,45,48
ABBV,2013-11-27,48.83000183105469,48.95000076293945,48.2400016784668,48.25,32.3526496887207,3414900,False,-0.0072278679769296,57.43740712546106,48.3044994354248,48.27052004723201,0.2658870285831298,0.8614281245640346,0.010012664081174108,0.10120769251375901,45,48
ABBV,2013-11-29,48.43000030517578,48.93000030517578,48.06999969482422,48.45000076293945,32.48674774169922,4044300,True,0.0041363198760213,53.387116522518085,48.3044994354248,48.28761344872796,0.2506802175682452,0.8321426936558319,0.00805650074267086,0.07986196246122666,46,48
ABBV,2013-12-02,48.4900016784668,48.68000030517578,48.02000045776367,48.38999938964844,32.44651412963867,4321900,True,-0.001239229819969,48.42656899607992,48.27599945068359,48.29736449072039,0.2311228604414239,0.833571297781809,0.0066941525910021935,0.06499596670785748,47,48
ABBV,2013-12-03,49.130001068115234,50.2599983215332,48.970001220703125,49.970001220703125,33.50593185424805,9480100,False,0.0321294788675849,70.04833796400678,48.33649959564209,48.45666322690922,0.3392062980992278,0.8749997275216254,0.01514392830212298,0.15720024627074708,43,40
ABBV,2013-12-04,49.75,50.290000915527344,49.29999923706055,49.66999816894531,33.304786682128906,5309200,False,-0.0060213625677262,64.8208458936707,48.41149959564209,48.57221893567456,0.3960895878835018,0.8999998910086511,0.016160110103704918,0.16828886141546243,43,40
ABBV,2013-12-05,49.41999816894531,50.06999969482422,49.04999923706055,49.7599983215332,33.36512756347656,5449100,False,0.0018101387561847,64.23839595692428,48.49699954986572,48.68534078194681,0.4433219258082914,0.9171425955636172,0.015004703892273244,0.1556810241225345,43,40
ABBV,2013-12-06,50.16999816894531,51.5,50.04999923706055,51.34999847412109,34.43125534057617,7285800,False,0.0314534677268302,70.12448154673065,48.70249938964843,48.93911770501103,0.6021128360605559,0.9878570011683884,0.018619987894492984,0.19513114306488644,42,40
ABBV,2013-12-09,51.45000076293945,51.810001373291016,50.77000045776367,51.209999084472656,34.337379455566406,5470800,True,-0.0027301965089289,66.85879406072416,48.86149940490722,49.15539212210261,0.7084919416587709,0.9535713195800788,0.01888755494421502,0.1980508450661974,42,40
ABBV,2013-12-10,51.25,54.130001068115234,50.720001220703125,52.13999938964844,34.96097183227539,14906900,False,0.0179978079686619,74.6648844289767,49.03999938964843,49.43964043329745,0.8579514710542071,1.1521426609584269,0.01580198994893168,0.16438104042746163,43,40
ABBV,2013-12-11,52.66999816894531,53.25,52.02000045776367,52.66999816894531,35.316341400146484,10775500,False,0.0101134371962016,81.55078673036073,49.29949932098389,49.7472935509782,1.007551273105037,1.189285550798689,0.013586894380816393,0.1402098318648229,44,48
ABBV,2013-12-12,52.560001373291016,52.619998931884766,51.79999923706055,52.38999938964844,35.12858963012695,7766400,False,-0.0053304676954471,76.75070042976805,49.52649936676025,49.998979821327744,1.0909409444761096,1.199999945504325,0.015172819351010117,0.15751550651427623,43,40
ABBV,2013-12-13,52.29999923706055,52.59999847412109,51.84000015258789,52.369998931884766,35.11518859863281,6465300,False,-0.000381557826035,75.25773080038985,49.74299926757812,50.22479116519032,1.1422468790395115,1.213571275983538,0.009808695817867443,0.09898198293106165,46,48
ABBV,2013-12-16,53.41999816894531,54.77999877929688,52.97999954223633,53.369998931884766,35.78570938110352,9846300,True,0.0189148739328728,84.15976325764555,49.98949928283691,50.52433476201836,1.2491988576400177,1.3171427590506417,0.01085315352922979,0.11037914589756788,45,48
ABBV,2013-12-17,53.43000030517578,53.91999816894531,53.0,53.630001068115234,35.96003723144531,7987300,False,0.0048596105454893,84.31104174462172,50.22749938964843,50.82011250545616,1.3394981696030754,1.3207141331263952,0.009400174598016562,0.09452418357043141,46,48
ABBV,2013-12-18,52.77999877929688,54.43000030517578,52.220001220703125,54.31999969482422,36.42270278930664,9635600,False,0.0127840382636488,89.56972037842571,50.52049942016601,51.153435094919786,1.4500231828773735,1.4278569902692522,0.009786190511996168,0.09873640416244744,46,48
ABBV,2013-12-19,53.209999084472656,53.209999084472656,52.02000045776367,52.630001068115234,35.28952407836914,8383400,False,-0.0316061316470787,72.81658643034436,50.7544994354248,51.29406042570031,1.3852776682650472,1.5307140350341797,0.01961972569628209,0.2060403206474858,41,40
ABBV,2013-12-20,52.77000045776367,53.0099983215332,52.290000915527344,52.59000015258789,35.2627067565918,12471800,False,-0.0007602119097155,72.97592609673555,50.955499458312985,51.417483256832455,1.3155735291590176,1.5349995749337333,0.019626707005077865,0.20611650095923933,41,40
ABBV,2013-12-23,52.72999954223633,52.93999862670898,52.2400016784668,52.58000183105469,35.256004333496094,4957700,True,-0.0001900892121333,67.23910644366396,51.13749961853027,51.52819931152029,1.2451721463278955,1.4514280046735486,0.016897713141448396,0.1763376143082792,42,40
ABBV,2013-12-24,52.77999877929688,52.790000915527344,52.27999877929688,52.36000061035156,35.108482360839844,1747000,False,-0.0041930864767332,67.95729778788242,51.33499965667725,51.60741848283755,1.1582744168590722,1.417142323085239,0.01632257919674981,0.17006173044626105,43,40
ABBV,2013-12-26,52.59000015258789,53.060001373291016,52.34000015258789,52.9900016784668,35.530914306640625,2401500,True,0.0119603790938827,70.11210366096984,51.55449981689453,51.73909307289748,1.1272489371891652,1.3957138061523426,0.016103524164965917,0.16767139346208793,43,40
ABBV,2013-12-27,52.91999816894531,53.04999923706055,52.380001068115234,52.54999923706055,35.23588562011719,2354100,False,-0.0083381019382901,58.72093442325728,51.76949977874756,51.8163222313892,1.0549951736069545,1.3192849840436651,0.0075879491113270605,0.07474910892723134,47,48
ABBV,2013-12-30,52.72999954223633,53.02999877929688,52.59999847412109,53.0099983215332,35.54431915283203,2898800,True,0.0087153035512256,62.49999337726239,51.99749965667725,51.93000566854577,1.023058446215785,1.2792848859514503,0.008565843861884245,0.0854199342894701,46,48
ABBV,2013-12-31,52.9900016784668,53.060001373291016,52.36000061035156,52.810001373291016,35.41022109985352,3019700,False,-0.0037798345858487,55.17776083666309,52.218499755859376,52.013814783283415,0.9704238354801262,1.085713522774832,0.008896490894285883,0.08902796750295248,46,48
ABBV,2014-01-02,52.119998931884766,52.33000183105469,51.52000045776367,51.97999954223633,34.85367965698242,4569100,True,-0.015841792900073,44.90399867020902,52.318999671936034,52.01059428413608,0.851915959230098,1.0899993351527617,0.01165299545483755,0.11910705194338124,45,48
ABBV,2014-01-03,52.25,52.66999816894531,51.970001220703125,52.29999923706055,35.06825256347656,4794300,False,0.0061375186080907,49.339206061390286,52.4504997253418,52.03815666060507,0.7748865052397917,1.077856336321149,0.010173998019007218,0.10296817468695657,45,48
ABBV,2014-01-06,52.70000076293945,52.70000076293945,50.02999877929688,50.38999938964844,33.787559509277344,11871100,True,-0.0372035629251866,38.62069328389719,52.48199977874756,51.88118930146634,0.5533405177872766,1.2142851693289616,0.01877927286555153,0.1968692668333457,42,40
ABBV,2014-01-07,50.84000015258789,51.209999084472656,50.29999923706055,50.4900016784668,33.85460662841797,9719900,False,0.0019824066828881,31.53848636784231,52.43899993896484,51.74869524213305,0.3814361174064231,1.107142312186104,0.01743927426063152,0.18224715019901694,42,40
ABBV,2014-01-08,50.630001068115234,51.11000061035156,50.2400016784668,50.36000061035156,33.76744079589844,6811100,False,-0.0025780314000167,28.683183754466853,52.39650001525879,51.616438610534814,0.2320358767181503,1.1035709381103505,0.017549907651387833,0.1834543860404204,42,40
ABBV,2014-01-09,50.59000015258789,51.650001525878906,49.869998931884766,51.220001220703125,34.34408950805664,6960300,False,0.0169328889751846,30.22961157254004,52.35050010681152,51.57868266864608,0.1809441598910766,1.0728569030761708,0.020467570372355054,0.21529203456406382,41,40
ABBV,2014-01-10,51.27000045776367,51.4900016784668,50.7599983215332,50.900001525878906,34.12952423095703,5517700,False,-0.006267114225985,36.63061672463391,52.262000274658206,51.51404636933492,0.1133259541301328,0.96071434020996,0.019833282048150564,0.20837065582362502,41,40
ABBV,2014-01-13,50.65999984741211,50.7400016784668,49.63999938964844,49.83000183105469,33.67671203613281,7055200,True,-0.0133562619355861,31.600020548492157,52.13400039672852,51.35366117521299,-0.0262988374819954,0.9992861066545748,0.011322606353296115,0.11550183328142723,45,48
ABBV,2014-01-14,49.93999862670898,50.880001068115234,49.630001068115234,50.59999847412109,34.19710159301758,6610800,False,0.0153343307566375,38.01451062434472,52.04550037384033,51.281883775109,-0.0739675449963783,1.0385720389229909,0.013471386467097614,0.1389494050402108,44,48
ABBV,2014-01-15,50.650001525878906,50.66999816894531,50.06999969482422,50.11000061035156,33.86594009399414,4728400,False,-0.0097310994063684,36.81125250884578,51.88250045776367,51.17027585465591,-0.1495600366545417,1.0450003487723214,0.014426783792283671,0.14937473762615794,44,48
ABBV,2014-01-16,50.09999847412109,50.619998931884766,50.02000045776367,50.5,34.12952423095703,4972300,False,0.0077530305853171,34.981890535175964,51.72600040435791,51.1064400589744,-0.1759694729771013,1.036428724016462,0.012244964149974752,0.12556663725368408,44,48
ABBV,2014-01-17,50.63999938964844,50.65999984741211,50.0099983215332,50.060001373291016,33.8321647644043,8606800,False,-0.0087508526798307,34.98190663233281,51.51300048828125,51.00677923176646,-0.2297548822211226,1.0350003923688615,0.012545887270921824,0.12885032199507004,44,48
ABBV,2014-01-21,50.2599983215332,50.91999816894531,49.90999984741211,50.0,33.79160690307617,5823000,True,-0.001199515057828,30.92522173846824,51.38150043487549,50.91089549540774,-0.2740625929486597,1.0728574480329236,0.010789366462031115,0.10968309895176045,45,48
ABBV,2014-01-22,49.97999954223633,50.0,48.619998931884766,49.08000183105469,33.16984176635742,8181700,False,-0.0185713726128726,28.339135131159598,51.20600051879883,50.73652467023126,-0.3790435582157414,1.1214288984026222,0.009895305032401824,0.09992706603180483,46,48
ABBV,2014-01-23,48.7400016784668,49.060001373291016,48.38999938964844,48.869998931884766,33.02791976928711,7270500,False,-0.0042878251837991,30.53816369304805,51.020500373840335,50.55876031419827,-0.4737263855443672,1.0785718645368298,0.009693310567830678,0.09772289461729473,46,48
ABBV,2014-01-24,48.41999816894531,49.09999847412109,47.77000045776367,47.790000915527344,32.29802703857422,9197900,False,-0.0223471114137016,24.2285697843583,50.79200038909912,50.29506894289628,-0.6286631844936608,1.1235719408307747,0.009113714537408906,0.09139832030318414,46,48
ABBV,2014-01-27,47.790000915527344,47.83000183105469,46.41999816894531,46.83000183105469,31.64921760559082,10749800,True,-0.020292717883788,27.17948943670578,50.48400039672852,49.96506255129232,-0.819469285172616,1.0335720607212606,0.009825589607171127,0.09916632861372675,46,48
ABBV,2014-01-28,47.08000183105469,48.470001220703125,47.08000183105469,47.68999862670898,32.23042678833008,12298600,False,0.0181975096162748,33.64482274560477,50.24100036621094,49.748389796570095,-0.8910188300948363,1.0857148851667129,0.01701566747348332,0.17762473654423255,42,40
ABBV,2014-01-29,47.150001525878906,47.84000015258789,46.97999954223633,47.61000061035156,32.17635726928711,7608500,False,-0.00167900113431,33.84251327525655,49.97100048065185,49.5447336835969,-0.943303713260768,1.0850007193429123,0.01642101094190012,0.17113582145861272,43,40
ABBV,2014-01-30,47.970001220703125,48.880001068115234,47.900001525878906,48.310001373291016,32.649452209472656,7669500,False,0.0145961413597892,32.574824146751354,49.74600048065186,49.427140130234434,-0.9176772364951872,1.0485719953264503,0.018918493458705943,0.19838844733363123,42,40
ABBV,2014-01-31,49.93999862670898,50.54999923706055,49.06999969482422,49.22999954223633,33.27122497558594,12863500,False,0.01886483065279,40.67036486892548,49.608500480651855,49.40836483613938,-0.8137514849653229,1.1564287458147315,0.01687032308112649,0.17603873291006156,42,40
ABBV,2014-02-03,49.400001525878906,49.4900016784668,47.060001373291016,47.34999847412109,32.00064468383789,10314600,True,-0.0389368596099529,37.29504768768837,49.36100044250488,49.212329944518586,-0.8730262493432477,1.2400000435965397,0.02446726752358058,0.258936884665011,39,40
ABBV,2014-02-04,47.18000030517578,47.970001220703125,46.95000076293945,47.95000076293945,32.406150817871094,9606100,False,0.0125921958719647,36.18352566609085,49.23900051116944,49.09210811770153,-0.8616541442710073,1.2235715048653737,0.02366684280981499,0.2502026192122658,39,40
ABBV,2014-02-05,47.7599983215332,48.06999969482422,47.15999984741211,47.72999954223633,32.257476806640625,6987100,False,-0.0045983895018076,37.23174828225989,49.10100040435791,48.962383491466746,-0.8604749098201125,1.245714460100446,0.023787858322774504,0.2515231451729348,39,40
ABBV,2014-02-06,47.88999938964844,48.18000030517578,47.45000076293945,47.93000030517578,32.39264678955078,4957800,False,0.0041815907643489,35.92551770011707,48.97950038909912,48.86406128324856,-0.8337905494908213,1.2550002506801057,0.02267533790941083,0.23938327936818918,40,40
ABBV,2014-02-07,48.0,49.02999877929688,47.65999984741211,48.88999938964844,33.04141616821289,6979500,False,0.0198303638670331,43.937812118406654,48.86300029754639,48.86653157909617,-0.7268009892237188,1.3064286368233815,0.022896007435844305,0.24179123378045883,40,40
ABBV,2014-02-10,48.75,50.18999862670898,48.720001220703125,49.54999923706055,33.487491607666016,7907500,True,0.0134101742914875,47.80487351017408,48.79550018310547,48.93162373699754,-0.5820450668365851,1.3392857142857135,0.009457126335833692,0.09514564313750275,46,48
ABBV,2014-02-11,49.40999984741211,49.970001220703125,49.040000915527344,49.65999984741211,33.56181716918945,7217600,False,0.0022170427502849,53.07202383862858,48.78700008392334,49.00099289037036,-0.4532243374529585,1.3071428026471814,0.009631341916867861,0.097046690299825,46,48
ABBV,2014-02-12,49.630001068115234,50.93000030517578,49.59000015258789,50.560001373291016,34.17007064819336,6534500,False,0.0179611066653147,58.34157403564955,48.78500022888184,49.14946988874375,-0.2753364723392337,1.3535712105887272,0.007976841875283002,0.07899272181752218,46,48
ABBV,2014-02-13,50.29999923706055,50.52000045776367,49.880001068115234,50.34999847412109,34.02814483642578,4946000,False,-0.0041621621811582,63.82287779706634,48.79700012207032,49.26380594449397,-0.1495802682968516,1.307142802647182,0.010400423934763066,0.1054389430422821,45,48
ABBV,2014-02-14,50.560001373291016,50.90999984741211,50.16999816894531,50.72999954223633,34.284969329833984,4118700,False,0.0075190746765887,72.46541394060235,48.808500099182126,49.403443429993246,-0.0190352338465089,1.2592855181012834,0.008778089030789875,0.08773596178637649,46,48
ABBV,2014-02-18,50.63999938964844,51.560001373291016,50.560001373291016,51.459999084472656,34.77831268310547,4984900,True,0.0142869475792451,72.04676859708039,48.87849998474121,49.59930587327701,0.1416941467570396,1.213571275983538,0.008935780603413856,0.08945669832945388,46,48
ABBV,2014-02-19,51.16999816894531,51.86000061035156,50.63999938964844,51.18999862670898,34.595848083496094,5242800,False,-0.0052603164734531,70.48051603982458,48.93799991607666,49.750800421222905,0.2444684779865724,1.239285605294364,0.010536717601208674,0.10692618480505017,45,48
ABBV,2014-02-20,51.18999862670898,52.11000061035156,50.72999954223633,51.86000061035156,35.04866027832031,6078900,False,0.0130037123157357,70.37884584305792,49.07699985504151,49.95167662971135,0.3756511637933073,1.2471427917480469,0.009298411960371948,0.09341374573027761,46,48
ABBV,2014-02-21,51.81999969482422,51.970001220703125,51.0099983215332,51.040000915527344,34.49446487426758,5842700,False,-0.0159385168536437,60.51102694076323,49.18549995422363,50.05532656169383,0.4087356153220867,1.155714579990932,0.012984662216169134,0.1336382511780339,44,48
ABBV,2014-02-24,51.0099983215332,51.560001373291016,50.83000183105469,50.84999847412109,34.36605453491211,5693000,True,-0.0037295823297259,75.28896826971827,49.33849983215332,50.13100960097261,0.4148416362615492,1.034285954066685,0.012920085127460878,0.1329335834869404,44,48
ABBV,2014-02-25,50.93000030517578,51.130001068115234,50.5,50.720001220703125,34.2782096862793,5425000,False,-0.0025594242310812,71.47284382649705,49.53299980163574,50.18710404094694,0.4045278645168295,1.006428854806083,0.010359853152056078,0.10499623309130943,45,48
ABBV,2014-02-26,49.95000076293945,50.970001220703125,49.93000030517578,50.7400016784668,34.29172897338867,5710700,False,0.0003943211135611,74.0799876953274,49.68549995422363,50.23976095880597,0.3934327480767052,1.0157146453857422,0.010345975071183053,0.10484479493574647,45,48
ABBV,2014-02-27,50.59999847412109,50.91999816894531,50.470001220703125,50.90999984741211,34.406612396240234,5052900,False,0.0033445794368146,73.95496085032099,49.85049991607666,50.30359323391132,0.393817536444601,0.9957144601004464,0.007373476485188286,0.07240877533079514,47,48
ABBV,2014-02-28,50.84000015258789,51.959999084472656,50.5099983215332,50.90999984741211,34.406612396240234,7095600,False,0.0,69.2015035401945,49.98049983978272,50.36134624472092,0.3896310596793384,1.0014288766043522,0.002761409484562479,0.022081721734709344,49,48
ABBV,2014-03-03,50.34000015258789,50.86000061035156,49.790000915527344,50.09000015258789,33.85242462158203,6817700,True,-0.0162381415279925,54.981552932035086,50.02349987030029,50.33550375975587,0.3164977354507172,0.9764289855957032,0.007684674909421915,0.07580458457929438,46,48
ABBV,2014-03-04,50.72999954223633,51.72999954223633,50.52999877929688,51.59000015258789,34.86618423461914,6198000,False,0.0295068011835468,64.17032918403626,50.235499954223634,50.454979606692255,0.3752508548106306,1.0271432059151786,0.016491049362355414,0.1719000834130814,43,40
ABBV,2014-03-05,51.68000030517578,52.119998931884766,51.29999923706055,51.70000076293945,34.940513610839844,5251100,False,0.0021295780091532,59.46842674899305,50.422999954223634,50.57355305014437,0.4257811154789408,0.9900003160749165,0.016430088495611377,0.17123487607600787,43,40
ABBV,2014-03-06,52.040000915527344,52.77000045776367,51.970001220703125,52.040000915527344,35.170310974121094,6529000,False,0.006555284081754,63.73985383820478,50.63850002288818,50.71321475160941,0.4876406638958386,1.0178574153355189,0.01647303846322507,0.17170354778475605,43,40
ABBV,2014-03-07,52.25,52.5,51.0099983215332,51.459999084472656,34.77831268310547,5860700,False,-0.0112082947246692,55.74802581978414,50.81499996185303,50.78433706902496,0.4842810111594531,1.0714288439069477,0.017919049208475864,0.18748247299700432,42,40
ABBV,2014-03-10,51.900001525878906,51.900001525878906,50.86000061035156,51.65999984741211,34.91349029541016,3086000,True,0.0038793021862312,51.718218576777936,50.953499984741214,50.867733524109454,0.4920844094932519,1.0742860521589006,0.014733737942814483,0.15272423319576026,43,40
ABBV,2014-03-11,51.68000030517578,52.13999938964844,51.5,51.75,34.97431945800781,3629800,False,0.0017407664705187,54.96454836106771,51.063500022888185,50.9517589027657,0.4997698829299466,1.0328573499407088,0.0068792104370673,0.0670153250857889,47,48
ABBV,2014-03-12,51.459999084472656,51.7400016784668,51.06999969482422,51.63999938964844,34.89996719360352,3924800,False,-0.0021281732101978,47.83463443498948,51.1625,51.017305615802144,0.4913209045069422,0.9828572954450336,0.0069089861213003905,0.06734023850444816,47,48
ABBV,2014-03-13,51.88999938964844,52.09999847412109,51.13999938964844,51.31999969482422,34.68370819091797,4839400,False,-0.0062158170800502,53.05675401042794,51.20049991607666,51.04613362332805,0.4535751947079944,0.9828570229666568,0.006083775485813072,0.05833550811466955,47,48
ABBV,2014-03-14,51.25,51.41999816894531,50.79999923706055,51.209999084472656,34.60934829711914,5466700,False,-0.0021462445477703,54.000006781684114,51.24349994659424,51.06173985772278,0.4100584195986343,0.9749998365129738,0.003908561707151027,0.03459949118195481,48,48
ABBV,2014-03-17,51.470001220703125,52.18999862670898,51.2599983215332,51.97999954223633,35.12975311279297,3875500,True,0.0149246108674008,62.256785369977166,51.30599994659424,51.14919316100978,0.4327155876439761,0.9999997275216228,0.008153521774569045,0.08092065971597706,46,48
ABBV,2014-03-18,52.08000183105469,53.220001220703125,51.970001220703125,53.09999847412109,35.88668441772461,4712300,False,0.0213178806705695,68.91022564784114,51.38799991607666,51.33498414321086,0.5348803425005713,1.0149996621268127,0.012168937604039406,0.12473703264223887,45,48
ABBV,2014-03-19,53.09000015258789,53.52999877929688,52.43999862670898,53.11000061035156,35.89344024658203,6408600,False,0.0001882367552011,68.09209473741669,51.48400001525879,51.5040333305576,0.6096263425860897,1.060714176722935,0.011862801280276834,0.12139646122998118,45,48
ABBV,2014-03-20,52.86000061035156,53.79999923706055,52.52000045776367,53.68000030517578,36.27867126464844,6922700,False,0.0106754442558916,70.82705438491928,51.575,51.71126828052123,0.7067107759429305,1.0485711778913225,0.009893481811869713,0.09990717097880049,46,48
ABBV,2014-03-21,54.220001220703125,54.72999954223633,53.09000015258789,53.459999084472656,36.1299934387207,12930500,False,-0.0041066365602626,77.85119923226941,51.69599990844726,51.87781407137375,0.7571704394462699,1.0857140677315849,0.010467438007367127,0.10617020319595699,45,48
ABBV,2014-03-24,53.52999877929688,53.619998931884766,51.34999847412109,51.36000061035156,34.710731506347656,10161400,True,-0.0400744591047921,48.27068152236701,51.72150001525879,51.82849850365735,0.6205543950879857,1.1307141440255306,0.02325124487332518,0.24566759844580527,40,40
ABBV,2014-03-25,51.68000030517578,52.09999847412109,51.5,51.68999862670898,34.93376159667969,6127200,False,0.0064048381378564,49.92720427778976,51.76999988555908,51.81530803918608,0.5327718158262371,1.124999727521624,0.020205147092643816,0.21242846158017265,41,40
ABBV,2014-03-26,52.0,52.34000015258789,51.459999084472656,51.5,34.80535125732422,5684900,False,-0.0036825958696699,45.98213677503735,51.80799980163575,51.785278702120735,0.4427682314725629,1.1114283970424108,0.02001156949544243,0.21031613534813098,41,40
ABBV,2014-03-27,51.52999877929688,51.84000015258789,51.43000030517578,51.65999984741211,34.91349029541016,4778000,False,0.003102149215305,51.58730783460198,51.84549980163574,51.77334738262467,0.3799703314850688,1.034285409109933,0.018660025314230007,0.1955680329384899,42,40
ABBV,2014-03-28,51.83000183105469,52.130001068115234,50.88999938964844,50.97999954223633,34.45392227172852,4208300,False,-0.0132504509160038,44.98524758402463,51.84899978637695,51.69779044544483,0.2721945127744618,1.0485711778913225,0.018671392981122144,0.19569207735954133,42,40
ABBV,2014-03-31,51.34000015258789,51.70000076293945,50.95000076293945,51.400001525878906,34.73777770996094,4813100,True,0.0082049445456934,47.53868886022649,51.91449985504151,51.66942959596236,0.2181572687444841,1.0564283643450056,0.008760437000185715,0.08754334214529697,46,48
ABBV,2014-04-01,51.619998931884766,52.380001068115234,51.540000915527344,52.09999847412109,35.21085357666016,4250800,False,0.0135265857570464,52.98700822587769,51.93999977111817,51.71043615578701,0.229174486315884,1.0778568812779017,0.010447068120973301,0.10594792620732063,45,48
ABBV,2014-04-02,52.09999847412109,53.40999984741211,51.9900016784668,53.34000015258789,36.04888153076172,6007200,False,0.0235214624276812,61.71694146209135,52.021999740600585,51.8656327269109,0.3341120472387899,1.1107139587402348,0.013622396492086537,0.14059723227692106,44,48
ABBV,2014-04-03,53.34999847412109,53.83000183105469,53.209999084472656,53.5,36.15700912475586,6841400,False,0.0029949820945944,63.20646712319849,52.09499969482422,52.02128675291939,0.4252840608923023,1.110714231218611,0.013630185831908656,0.14068222985450454,44,48
ABBV,2014-04-04,53.77999877929688,54.43999862670898,52.04999923706055,52.20000076293945,35.2784423828125,7013200,False,-0.0245987398283643,51.19565920478463,52.13199977874756,52.03830713482606,0.3881649408736507,1.2114285060337615,0.01806764710527208,0.18910397899752726,42,40
ABBV,2014-04-07,51.68000030517578,52.310001373291016,49.650001525878906,50.619998931884766,34.21061706542969,9146600,True,-0.0307360436153912,37.16356324321937,52.07999973297119,51.90323016311737,0.2286194450384542,1.3121427808489123,0.023707764920110484,0.2506491628634805,39,40
ABBV,2014-04-08,50.34999847412109,50.869998931884766,48.93000030517578,49.09999847412109,33.183353424072266,8246900,False,-0.0304876891129245,32.05012178346172,51.947499656677245,51.6362557165463,-0.0202395348823927,1.3728569575718466,0.02417689850848,0.2557683667350619,39,40
ABBV,2014-04-09,49.4900016784668,50.7599983215332,49.2599983215332,50.630001068115234,34.21738052368164,6018200,False,0.0306853701356716,37.42786904991404,51.896999740600585,51.54042194050525,-0.0929323802011055,1.3999998910086495,0.026861232666244034,0.28505992494730464,38,40
ABBV,2014-04-10,50.08000183105469,50.27000045776367,47.290000915527344,47.34999847412109,32.00064468383789,13177200,False,-0.0669776684575368,29.888085489386143,51.69849967956543,51.1413339913258,-0.4104790342571647,1.5214285169328965,0.035087384216923645,0.37482400901728924,35,32
ABBV,2014-04-11,46.58000183105469,47.209999084472656,45.5,46.459999084472656,31.680179595947266,11465800,False,-0.0100648129725771,32.47496298543922,51.46099967956543,50.6954925716255,-0.7255884263897698,1.4914283752441395,0.03566642832197952,0.3811425607004479,34,32
ABBV,2014-04-14,47.09999847412109,47.5,46.209999084472656,46.83000183105469,31.932466506958008,7290800,True,0.0079320150700742,32.66763911460984,51.20349979400635,50.32735059633304,-0.9346843016792548,1.530714307512555,0.03732131470913541,0.39920074500057323,34,32
ABBV,2014-04-15,47.41999816894531,48.09000015258789,46.7599983215332,47.86000061035156,32.634803771972656,9531100,False,0.0217560681957088,37.752364161170114,50.941499900817874,50.09236488338242,-1.0056890386524202,1.5628572191510877,0.0387607163887228,0.414907551832534,33,32
ABBV,2014-04-16,48.58000183105469,48.84000015258789,47.619998931884766,48.119998931884766,32.81209182739258,7151000,False,0.0054177814684084,38.16845144779937,50.69199981689453,49.90452050704931,-1.029118079991676,1.620714460100446,0.034645231600640876,0.36999922255727186,35,32
ABBV,2014-04-17,47.91999816894531,48.77999877929688,47.720001220703125,48.54999923706055,33.10530090332031,6196800,False,0.008896316968899,41.74031544497867,50.43549976348877,49.7755184813361,-1.0014443064971132,1.6078570229666571,0.011354422474982601,0.1158490120325421,45,48
ABBV,2014-04-21,48.5,49.45000076293945,48.400001525878906,49.43000030517578,33.70536422729492,4445000,True,0.0179635828780627,43.50692001410206,50.23399982452393,49.74261198836845,-0.898150588992209,1.6292855398995536,0.00706185690612636,0.06900837042451098,47,48
ABBV,2014-04-22,49.4900016784668,50.41999816894531,49.34999847412109,50.0099983215332,34.10084533691406,6613200,False,0.0116651733457329,43.05648106631009,50.16649971008301,49.76807735343176,-0.7607194803659354,1.6357141222272606,0.006658081575815352,0.06460235839420395,47,48
ABBV,2014-04-23,50.13999938964844,50.2599983215332,49.38999938964844,50.13999938964844,34.189476013183594,6578300,False,0.0025957038795849,38.52224057812616,50.08899974822998,49.80349849973811,-0.6340059114174537,1.5964284624372216,0.005933666300759212,0.05669751087819287,47,48
ABBV,2014-04-24,50.130001068115234,50.130001068115234,49.0,49.31999969482422,33.63034439086914,6628800,False,-0.0164891115160068,35.68493644612502,49.9799997329712,49.75745099450822,-0.5929168411854704,1.6335710797991077,0.013183282237522766,0.13580560053756482,44,48
ABBV,2014-04-25,50.209999084472656,50.97999954223633,48.95000076293945,49.13999938964844,33.50761032104492,7289100,False,-0.0036561794911088,38.649852576744586,49.85399971008301,49.69864607975967,-0.568326661317613,1.6078567504882824,0.013431133975588205,0.13851016829510387,44,48
ABBV,2014-04-28,49.54999923706055,50.91999816894531,49.5,50.869998931884766,34.687252044677734,7932200,True,0.0345996564260576,50.91709431562733,49.84849967956543,49.81020349424778,-0.4045785322818744,1.544999531337194,0.019106907047272786,0.20044442370360757,41,40
ABBV,2014-04-29,50.93999862670898,51.52999877929688,50.7599983215332,51.369998931884766,35.028202056884766,5601300,False,0.0097812668628782,59.00079167797313,49.84699954986572,49.958755440689394,-0.2317892171423992,1.4614282335553863,0.018979076715503116,0.1990495341763512,42,40
ABBV,2014-04-30,51.380001068115234,52.16999816894531,51.0,52.08000183105469,35.5123405456543,7430600,False,0.013726746997094,56.14927981844766,49.8459997177124,50.16077890643847,-0.0371330926162372,1.4264281136649006,0.019224092880559963,0.2017231600514849,41,40
ABBV,2014-05-01,51.88999938964844,52.09999847412109,51.40999984741211,51.61000061035156,35.191856384277344,4279800,False,-0.0090655539610447,73.71937941950361,49.75949974060059,50.29880002109686,0.0783054613309701,1.2371422903878353,0.017064643667539584,0.17815916666913478,42,40
ABBV,2014-05-02,51.40999984741211,51.720001220703125,51.0,51.18000030517578,34.89863967895508,3341300,False,-0.0083668523501273,77.6995237899088,49.643499755859374,50.3827238576758,0.1335543842518731,1.156428200857981,0.01804526292653331,0.18885972197287054,42,40
ABBV,2014-05-05,50.9900016784668,51.369998931884766,50.310001373291016,51.36000061035156,35.02136993408203,2580300,True,0.0035105939445058,77.19086304644496,49.60149974822998,50.47579783412111,0.1896775888420876,1.1399993896484386,0.010370998860568617,0.10511785549393299,45,48
ABBV,2014-05-06,51.20000076293945,51.29999923706055,50.83000183105469,50.90999984741211,34.71453857421875,3353200,False,-0.008799866423168,69.67740474705616,49.61599979400635,50.51715040681549,0.1955896958068663,1.0828563145228804,0.010175856589364665,0.10298845547862301,45,48
ABBV,2014-05-07,52.380001068115234,52.869998931884766,51.27000045776367,52.790000915527344,35.9964714050293,7022600,False,0.0362623388355127,74.91995044561088,49.80049991607666,50.73361236002614,0.3479643412180166,1.1357133047921326,0.01949511303317611,0.20468054244521017,41,40
ABBV,2014-05-08,52.68999862670898,53.09000015258789,51.959999084472656,52.150001525878906,35.5600700378418,4092100,False,-0.0121975369133436,68.78914492297143,49.87649993896484,50.86850656629784,0.4123266979503057,1.1407135554722383,0.02001146640032094,0.21031501037017555,41,40
ABBV,2014-05-09,52.06999969482422,52.34999847412109,51.08000183105469,52.2599983215332,35.63507080078125,5012500,False,0.002106907572635,66.06128022259469,50.12199993133545,51.00102959060597,0.4668288392263733,1.1564276559012276,0.01917500239801624,0.20118748280618462,41,40
ABBV,2014-05-12,52.36000061035156,52.560001373291016,52.220001220703125,52.369998931884766,35.7100715637207,3626400,True,0.0021024778445079,64.14867798390144,50.41749992370605,51.13140762310871,0.5129849377558813,1.1042848314557752,0.01919755460479794,0.20143357335934842,41,40
ABBV,2014-05-13,52.45000076293945,52.5,51.91999816894531,52.20000076293945,35.59416961669922,4145200,False,-0.0032509159954054,62.29117607830052,50.68599987030029,51.23317839833068,0.5297400335226143,1.083570752825055,0.01842506601235946,0.19300414794364196,42,40
ABBV,2014-05-14,52.22999954223633,53.0,52.08000183105469,52.869998931884766,36.0510139465332,4878400,False,0.0127531398192459,71.567432773489,50.93649978637696,51.389066068192975,0.5902774692269688,1.0678563799176892,0.009088343171535833,0.09112146697691485,46,48
ABBV,2014-05-15,52.959999084472656,53.06999969482422,52.41999816894531,52.68999862670898,35.92828750610352,6963800,False,-0.0034100514142094,71.56743277348895,51.16499977111816,51.51296440709926,0.6166212766254517,0.9692851475306916,0.0065664780244163445,0.06360277689631502,47,48
ABBV,2014-05-16,52.650001525878906,52.970001220703125,52.40999984741211,52.93000030517578,36.0919303894043,5826200,False,0.0045443673929899,65.28190549174772,51.383999824523926,51.64792020691608,0.6493794217113589,0.8821424756731301,0.006660605352974978,0.06462989794823902,47,48
ABBV,2014-05-19,52.84000015258789,54.209999084472656,52.709999084472656,54.11000061035156,36.89655685424805,6010500,True,0.022048931078203,68.46361823424803,51.61799983978271,51.88240405486231,0.7617753782831542,0.9342853001185816,0.010931355314639044,0.11123248680633334,45,48
ABBV,2014-05-20,53.86000061035156,53.93000030517578,53.310001373291016,53.540000915527344,36.50788497924805,5021200,False,-0.0105899724231117,60.027467920905785,51.79449996948242,52.04027042254469,0.7956836264000557,0.9078568049839556,0.012891247354184045,0.13261890458893263,44,48
ABBV,2014-05-21,53.5,53.84000015258789,53.09999847412109,53.27000045776367,36.32377624511719,4088000,False,-0.0050557442517634,61.72316604875376,51.95100002288818,52.15738756875603,0.7916437999304407,0.911428451538086,0.012696262051787454,0.13049121742332323,44,48
ABBV,2014-05-22,53.290000915527344,54.34000015258789,52.93999862670898,53.630001068115234,36.56925201416016,4486400,False,0.0067352585803784,67.47504528933749,52.166500091552734,52.297636473456905,0.8081751093634253,0.9599999019077852,0.012523396523530869,0.12860490208915648,44,48
ABBV,2014-05-23,53.93999862670898,54.380001068115234,53.84000015258789,53.95000076293945,36.78746032714844,3023500,False,0.0059492567107365,68.11189497681568,52.40700016021729,52.45500450102667,0.8374440583995977,0.9378572191510888,0.012567343654587814,0.1290844548839873,44,48
ABBV,2014-05-27,54.20000076293945,54.20000076293945,53.77999877929688,53.9900016784668,36.814720153808594,3816300,True,0.0007407342480468,72.84868551376739,52.56300029754639,52.60119470840193,0.8540230053685818,0.9300003051757812,0.007382885983515922,0.07251145214069034,47,48
ABBV,2014-05-28,53.959999084472656,54.61000061035156,53.81999969482422,54.06999969482422,36.86928176879883,4108300,False,0.0014809625845191,62.95546683758172,52.69800033569336,52.741080897585,0.8636613610751525,0.8464290073939732,0.004734276804272331,0.043609726276605955,48,48
ABBV,2014-05-29,54.09999847412109,54.45000076293945,53.75,54.02999877929688,36.84200286865234,2768600,False,-0.0007401553649759,71.65897280839309,52.79550018310547,52.86383498155756,0.8581795284262554,0.8157146998814174,0.0033132951160405933,0.028103919103164742,48,48
ABBV,2014-05-30,53.97999954223633,54.43000030517578,53.88999938964844,54.33000183105469,37.046573638916016,4025600,False,0.0055372914904647,72.84770777246229,52.93150024414062,53.0034699196049,0.8680366889877078,0.763572147914342,0.0029879236057977466,0.02455345259163982,49,48
ABBV,2014-06-02,54.43000030517578,54.95000076293945,53.90999984741211,54.150001525878906,36.92383193969727,3635000,True,-0.0033186734859941,69.34784465565325,53.08000030517578,53.11266340591671,0.8515083808780943,0.8135722024100173,0.0032491045728229606,0.02740346941142407,48,48
ABBV,2014-06-03,54.060001373291016,54.470001220703125,53.869998931884766,54.369998931884766,37.0738525390625,3078000,False,0.0040547432250595,73.3333059878422,53.23050022125244,53.232409646485095,0.8464047031416513,0.8150008065359938,0.0035713268442146852,0.030919571306731192,48,48
ABBV,2014-06-04,53.91999816894531,54.63999938964844,53.66999816894531,54.58000183105469,37.21703720092773,3388200,False,0.0038547078830799,70.40573205205826,53.41400032043457,53.36075175930125,0.8495128256107947,0.8185724530901233,0.003738186435283765,0.03274034962188036,48,48
ABBV,2014-06-05,54.54999923706055,55.31999969482422,54.36000061035156,55.29999923706055,37.70798873901367,4847300,False,0.0131053291910522,77.58983887956062,53.53950023651123,53.54544199527832,0.8997025969633157,0.8407151358468197,0.00584735838008458,0.05575571550770724,47,48
ABBV,2014-06-06,55.31999969482422,55.400001525878906,54.88999938964844,55.09999847412109,37.57160949707031,3449800,False,-0.003623276275094,73.13429679467988,53.68700008392334,53.69349499326335,0.9128175695325068,0.8371437617710663,0.006848032226347117,0.06667510724382525,47,48
ABBV,2014-06-09,54.41999816894531,54.880001068115234,53.720001220703125,53.84000015258789,36.71245574951172,6297500,True,-0.0231326074230642,47.16980679399916,53.76600017547607,53.70744786557997,0.8121776668985206,0.8285721370152065,0.013644623228570931,0.1408397712856051,44,48
ABBV,2014-06-10,53.13999938964844,54.08000183105469,52.290000915527344,53.970001220703125,36.80109786987305,8414700,False,0.0024115869511712,54.96535939190405,53.846000289916994,53.73245294702027,0.7344436099620069,0.8992865426199776,0.013507075707428476,0.13933884741186134,44,48
ABBV,2014-06-11,53.84999847412109,54.70000076293945,53.75,54.22999954223633,36.97837448120117,5386800,False,0.004805590141626,61.11110129964629,53.94750022888184,53.77983833704085,0.6859117378980173,0.9142864772251668,0.01360723235638382,0.14043176064128668,44,48
ABBV,2014-06-12,54.220001220703125,54.25,53.459999084472656,53.65999984741211,36.5897102355957,3941600,False,-0.0105662085161578,50.33111244349531,53.9870002746582,53.7684251475524,0.5946014723018109,0.8707150050571977,0.011264309620431394,0.11486569707634577,45,48
ABBV,2014-06-13,53.66999816894531,54.310001373291016,53.43999862670898,54.15999984741211,36.93065643310547,4413000,False,0.00927494399447,52.22929007741165,54.06050033569336,53.80571797611047,0.5561720451560461,0.8792866298130575,0.013252190888526525,0.13655753440405669,44,48
ABBV,2014-06-16,54.18000030517578,54.310001373291016,53.45000076293945,54.0,36.82154846191406,4410400,True,-0.0029587739361579,50.10350233581196,54.11400032043457,53.82422102600471,0.5069618560584672,0.910715103149414,0.007641537109922937,0.07533386324174493,46,48
ABBV,2014-06-17,54.4900016784668,54.540000915527344,53.84999847412109,54.29999923706055,37.02611541748047,3385000,False,0.0055402559289034,52.27722353449507,54.12350025177002,53.869533236581454,0.4865610845816306,0.903572354997908,0.007949529073939561,0.07869468347226741,46,48
ABBV,2014-06-18,54.27000045776367,54.61000061035156,54.0,54.56999969482422,37.210208892822266,3337300,False,0.0049596704690864,55.11364621564599,54.17500019073486,53.93624432784267,0.4865712165557738,0.8971437726702014,0.007967186435304106,0.07888736128281057,46,48
ABBV,2014-06-19,54.13999938964844,54.810001373291016,53.91999816894531,54.18999862670898,36.95110321044922,3952800,False,-0.0069876524378909,48.69399917870082,54.22100009918213,53.96041140392518,0.4507207080641535,0.9221439361572272,0.00670036044652965,0.06506370706761476,47,48
ABBV,2014-06-20,55.619998931884766,55.619998931884766,53.15999984741211,53.29999923706055,36.344234466552734,13457700,False,-0.0165599240440181,42.99832894779014,54.20450000762939,53.897515007080926,0.3464991822020238,1.023572376796178,0.009163301248448576,0.09193941241303608,46,48
ABBV,2014-06-23,53.7599983215332,54.400001525878906,53.540000915527344,53.75,36.65107727050781,6235600,True,0.0084072416159034,45.0793729605748,54.19449996948242,53.883465958787504,0.2967929287017696,1.0592866625104638,0.01054426587409315,0.10700855185088087,45,48
ABBV,2014-06-24,53.7400016784668,53.95000076293945,53.43000030517578,53.59000015258789,36.54197311401367,5483500,False,-0.0029812731326447,42.07998173827011,54.17449989318848,53.85551683438754,0.2417035066079833,1.0271437508719312,0.00990680426867715,0.1000525461430573,45,48
ABBV,2014-06-25,53.52000045776367,55.790000915527344,53.400001525878906,55.0,37.50342559814453,11085100,False,0.0259707298546666,47.83862178368464,54.22099990844727,53.96451523111254,0.3082664428624468,1.1292866298130586,0.01631552281125227,0.1699847308946324,43,40
ABBV,2014-06-26,55.06999969482422,56.540000915527344,54.970001220703125,56.5099983215332,38.53306579589844,10716400,False,0.0270844464449207,58.54545757199267,54.34499988555908,54.20694219210499,0.4773595901600487,1.2050007411411836,0.018777440481788244,0.1968492717908082,42,40
ABBV,2014-06-27,56.58000183105469,56.900001525878906,56.27999877929688,56.790000915527344,38.72399520874024,7490800,False,0.0049427145963383,70.28886229153625,54.46799983978271,54.45294778481188,0.6267363701544539,1.150715419224331,0.01329970854344377,0.13707604889342903,44,48
ABBV,2014-06-30,56.5099983215332,56.88999938964844,56.09999847412109,56.43999862670898,38.48532485961914,6229700,True,-0.0061824429777674,66.48863052398846,54.58249969482422,54.64219072213541,0.7087067545730577,1.07928684779576,0.015832180371485982,0.16471047948673218,43,40
ABBV,2014-07-01,56.41999816894531,57.20000076293945,56.16999816894531,56.88999938964844,38.792179107666016,6869800,False,0.0079416607697177,67.31769804998538,54.7084997177124,54.85626773808903,0.8007496322343997,1.0850012642996665,0.014314211864440896,0.14814634839304633,44,48
ABBV,2014-07-02,57.459999084472656,58.11000061035156,56.91999816894531,58.11000061035156,39.62407684326172,6198500,False,0.0212182776737863,76.71067074971796,54.884999656677245,55.16614705925689,0.9610596806891464,1.115715571812222,0.013270296753601982,0.13675510630445023,44,48
ABBV,2014-07-03,57.900001525878906,58.27000045776367,57.650001525878906,58.220001220703125,39.69908142089844,3828900,False,0.0018911148176997,75.56673913304581,55.030999755859376,55.45699031272796,1.0844814518918255,1.0978581564767025,0.010022120646519925,0.10131088292077808,45,48
ABBV,2014-07-07,57.90999984741211,58.150001525878906,57.38999938964844,57.400001525878906,39.13993835449219,4736300,True,-0.0141846624463326,69.76743670268445,55.14599990844727,55.64203899969472,1.103407576729694,1.0957153865269258,0.01354122871169239,0.13971152631609757,44,48
ABBV,2014-07-08,56.68000030517578,56.970001220703125,55.47999954223633,55.68999862670898,37.973915100097656,9297300,False,-0.0302439076854378,56.94304712080188,55.23849983215332,55.646606583219885,0.9692508042132744,1.183572496686663,0.019981044815988218,0.209983048864633,41,40
ABBV,2014-07-09,55.560001373291016,55.63999938964844,54.81999969482422,55.0099983215332,37.51023864746094,11516300,False,-0.0122855529717998,52.11131583870361,55.29049968719482,55.585977224964005,0.7988515899574651,1.2021438053676057,0.019331124200483357,0.20289108995656077,41,40
ABBV,2014-07-10,54.5,55.880001068115234,54.27999877929688,55.790000915527344,38.0421142578125,7553100,False,0.0140798896818067,57.39371830710822,55.368499755859375,55.605408052636704,0.7184666393923891,1.2528580256870805,0.016857140019982553,0.1758948788366794,42,40
ABBV,2014-07-11,55.34000015258789,56.59999847412109,54.47999954223633,54.959999084472656,37.76042556762695,13586800,False,-0.0074322044481653,57.71374420218152,55.4334997177124,55.54394053185917,0.5810883509807141,1.2285723005022309,0.01596077010077418,0.16611365558909913,43,40
ABBV,2014-07-14,53.88999938964844,55.04999923706055,53.720001220703125,54.84999847412109,37.684852600097656,30823300,True,-0.0020033856230905,55.27829681674536,55.467999649047854,55.47785081207459,0.4580587219010041,1.2450005667550208,0.01609399102745716,0.1675673674966635,43,40
ABBV,2014-07-15,54.52000045776367,54.68999862670898,53.38999938964844,53.43999862670898,36.716094970703125,16796400,False,-0.0260430119364118,49.35732068001556,55.4399995803833,55.28376965156358,0.2439693241458513,1.312143325805662,0.014660677398915864,0.15192699371332297,43,40
ABBV,2014-07-16,53.25,53.66999816894531,51.81999969482422,53.650001525878906,36.86038589477539,23291200,False,0.0039222074052038,43.55302603025814,55.40749969482422,55.128172687212654,0.09020755633248,1.2735718318394231,0.014916694063759185,0.15472065746784186,43,40
ABBV,2014-07-17,53.209999084472656,55.0,52.880001068115234,53.52000045776367,36.77106475830078,18699000,False,-0.0024261692387314,33.553401871841615,55.3549997329712,54.97501342726513,-0.0416595270898483,1.3128574916294622,0.011486913931670707,0.11729476393529222,45,48
ABBV,2014-07-18,53.0,55.119998931884766,53.0,54.90999984741211,37.72606658935547,42456000,False,0.0256400248507166,40.78432296522686,55.39099979400635,54.96882165775532,-0.0336162989491697,1.4200000762939438,0.01844428885406588,0.19321390833625915,42,40
ABBV,2014-07-21,54.13999938964844,54.45000076293945,53.90999984741211,54.0,37.10084915161133,22334900,True,-0.0167114194655278,38.66173072880131,55.42599983215332,54.87655292844529,-0.0995241131744038,1.435000010899133,0.019921120748607,0.2093291551223303,41,40
ABBV,2014-07-22,53.81999969482422,54.380001068115234,53.75,54.04999923706055,37.13520050048828,14724300,False,0.0009254628038456,36.293451505349246,55.440999794006345,54.7978335292658,-0.1460385685064409,1.406428473336354,0.015272883826799278,0.1586074139465451,43,40
ABBV,2014-07-23,54.47999954223633,54.810001373291016,54.06999969482422,54.47999954223633,37.430641174316406,15011300,False,0.0079243313884149,31.03449925280654,55.48549976348877,54.76756362573918,-0.1465152420032041,1.3735713958740214,0.01548452474370188,0.16091684782221014,43,40
ABBV,2014-07-24,54.220001220703125,54.560001373291016,53.970001220703125,54.08000183105469,37.15581512451172,11712800,False,-0.0073693618707929,29.00610583183933,55.439499855041504,54.70208155005494,-0.1771276641020094,1.3714286259242443,0.016069939370139858,0.16730491488122703,43,40
ABBV,2014-07-25,54.400001525878906,54.4900016784668,53.02999877929688,53.18000030517578,36.53746032714844,11680900,False,-0.0167822452316255,28.77265118121177,55.27299995422364,54.55712143149502,-0.2708882001287165,1.4164287022181894,0.010884678335586269,0.11072314580452793,45,48
ABBV,2014-07-28,53.41999816894531,54.0,53.16999816894531,53.7400016784668,36.92222213745117,10466000,True,0.0104755511034986,38.90787797146841,55.12049999237061,54.47930050263519,-0.2965877903129978,1.3385715484619116,0.011232557245219814,0.11451921392923203,45,48
ABBV,2014-07-29,53.54999923706055,53.65999984741211,53.2400016784668,53.43000030517578,36.709232330322266,16171500,False,-0.0057853101701953,40.61759968830065,54.97000007629394,54.3793671504962,-0.3380723333089293,1.312143053327286,0.011350469458701811,0.11580587656590587,45,48
ABBV,2014-07-30,53.27999877929688,53.88999938964844,53.02999877929688,53.75,36.9290885925293,12680100,False,0.0059712636767759,37.18593470547305,54.81300010681152,54.31942742187751,-0.3411947507891852,1.2592857905796575,0.010936380239038302,0.11128731897584072,45,48
ABBV,2014-07-31,53.130001068115234,53.400001525878906,52.29999923706055,52.34000015258789,35.960350036621094,15479900,False,-0.0265826056238386,34.66043629570768,54.52450008392334,54.13091053908803,-0.452231450308993,1.2114287785121358,0.015437291538858151,0.16040143726304812,43,40
ABBV,2014-08-01,52.02999877929688,52.63999938964844,51.75,52.47999954223633,36.0565299987793,11593200,False,0.0026710409918784,36.17270734340057,54.2375,53.97368092034024,-0.522904338219405,1.1800003051757797,0.014641717267802813,0.1517201000288674,43,40
ABBV,2014-08-04,52.58000183105469,53.400001525878906,52.369998931884766,53.290000915527344,36.61304473876953,10456300,True,0.0153166059316403,49.05898609526978,54.03199996948242,53.90856853892949,-0.5077003164824703,1.1492862701416005,0.01583786072194783,0.1647724636907993,43,40
ABBV,2014-08-05,52.77000045776367,53.18999862670898,52.45000076293945,52.790000915527344,36.26952362060547,12783800,False,-0.0094267715801521,44.79418651370935,53.88700008392334,53.80203828908167,-0.5298886149337818,1.077143532889229,0.01615429557615077,0.16822541306577152,43,40
ABBV,2014-08-06,51.47999954223633,52.65999984741211,51.369998931884766,52.04999923706055,35.76110076904297,18126200,False,-0.0141170869908747,41.71363717294464,53.7390001296997,53.63517742698443,-0.6002654656786461,1.02714375087193,0.01604636447462535,0.16704766470903315,43,40
ABBV,2014-08-07,51.59000015258789,52.709999084472656,51.41999816894531,52.43000030517578,36.02217483520508,17171700,False,0.0072739845068653,34.223930368710185,53.57100009918213,53.52039865347884,-0.6182499163478639,0.9678581782749712,0.012064511455759295,0.12359753047095366,45,48
ABBV,2014-08-08,52.720001220703125,52.88999938964844,52.290000915527344,52.81999969482422,36.29013442993164,13117700,False,0.0074112090720023,41.96185512681523,53.464000129699706,53.45369399074983,-0.5941836524119353,0.939286640712192,0.012472474244079712,0.1280492362051124,44,48
ABBV,2014-08-11,53.0,53.650001525878906,52.77000045776367,53.310001373291016,36.62678909301758,10074600,True,0.0092339895577764,45.244233584802416,53.387000274658206,53.44000897956328,-0.5294685407620889,0.9571437835693348,0.010968493828855286,0.11163774371070749,45,48
ABBV,2014-08-12,53.220001220703125,53.29999923706055,52.56999969482422,52.84000015258789,36.30386734008789,8524600,False,-0.0088556412098349,39.5140802197888,53.35700035095215,53.3828652817561,-0.5102249633060509,0.9557151794433584,0.0108471056580116,0.11031315129278466,45,48
ABBV,2014-08-13,52.970001220703125,53.63999938964844,52.75,53.59999847412109,36.82603454589844,9029400,False,0.0142807816386151,47.06599699674487,53.354500198364256,53.4035446334099,-0.4287069101534442,0.9771436963762544,0.00870701834747178,0.08696043573960073,46,48
ABBV,2014-08-14,53.619998931884766,54.22999954223633,53.52999877929688,54.18999862670898,37.231388092041016,7959800,False,0.0109471158947812,56.416756540600765,53.388000106811525,53.4784450137241,-0.3128884015208442,0.9228578295026496,0.009005062029267053,0.09021269992952907,46,48
ABBV,2014-08-15,54.34000015258789,54.59000015258789,53.58000183105469,53.900001525878906,37.03214645385742,10109300,False,-0.0053658129106814,51.052630258069215,53.33750019073487,53.518593252976935,-0.2417153968006005,0.9357147216796864,0.010420243973133937,0.10565522006801308,45,48
ABBV,2014-08-18,54.38999938964844,54.52000045776367,53.84000015258789,54.310001373291016,37.3138427734375,7370500,True,0.0075780192199505,55.71429208390948,53.353000259399415,53.5939654549116,-0.1504919392142554,0.9485718863350996,0.0102389492268624,0.10367692478065961,45,48
ABBV,2014-08-19,54.47999954223633,55.310001373291016,54.18000030517578,55.290000915527344,37.98714828491211,9159300,False,0.017883521761113,59.21053111898389,53.41500034332275,53.75549264163691,0.0008710402037479,0.9678576333182194,0.008929901134949089,0.08939254134203312,46,48
ABBV,2014-08-20,54.81999969482422,55.18000030517578,54.68999862670898,55.060001373291016,37.82912826538086,7612200,False,-0.0041685045887215,68.9415118739089,53.44400043487549,53.87973156846112,0.1011028008775909,0.9071434565952846,0.009985094235991306,0.10090684929618164,45,48
ABBV,2014-08-21,54.790000915527344,55.119998931884766,54.68000030517578,54.959999084472656,37.76042556762695,8063200,False,-0.0018177833625993,67.36693577901269,53.48800029754639,53.98261418903364,0.1705023988687131,0.8750005449567523,0.00983494002060304,0.09926836068695327,46,48
ABBV,2014-08-22,54.869998931884766,55.27000045776367,54.36000061035156,55.20000076293945,37.925323486328125,9314600,False,0.0043574432882353,64.5357597194893,53.58900032043457,54.09855576750086,0.2420776890372451,0.8664289202008929,0.008707975108928482,0.0869708759576426,46,48
ABBV,2014-08-25,55.380001068115234,55.91999816894531,55.18000030517578,55.869998931884766,38.38564682006836,7553500,True,0.0120645541617372,72.84864428296449,53.695500183105466,54.26726464029933,0.3488436228567977,0.8592858995710101,0.009282323587639692,0.09323818878440926,46,48
ABBV,2014-08-26,55.68000030517578,55.93999862670898,55.63999938964844,55.75,38.30319213867188,9309800,False,-0.0021503706220932,80.22876967888602,53.81150016784668,54.4084775316994,0.4189441562362219,0.7792857033865788,0.006635440297065682,0.06435529588427859,47,48
ABBV,2014-08-27,55.84999847412109,55.84999847412109,55.400001525878906,55.70000076293945,38.268836975097656,11022600,False,-0.0008973293845566,78.23836006148326,53.90900020599365,54.53147974419845,0.4651033910416444,0.719285420009067,0.006053176971272599,0.05800161593985292,47,48
ABBV,2014-08-28,55.52000045776367,55.68000030517578,55.25,55.59999847412109,38.20014190673828,7277900,False,-0.0017966785445064,75.2727161754261,54.07200012207032,54.633243432762505,0.4879903195898194,0.708571297781807,0.006049584177599987,0.057962411236257616,47,48
ABBV,2014-08-29,55.75,55.79999923706055,55.2400016784668,55.27999877929688,37.980281829833984,7524400,False,-0.0057721046050076,68.4802827314389,54.21200008392334,54.694839180051495,0.4748334894397032,0.6857139042445581,0.0068393827278900796,0.06658072358192972,47,48
ABBV,2014-09-02,55.43000030517578,55.52999877929688,54.959999084472656,55.06999969482422,37.83599853515625,7354900,True,-0.0038061342013874,71.99212380997531,54.30100002288818,54.73056875288699,0.4423621600543086,0.673570905412946,0.0019273568994022557,0.012980507647919875,49,48
ABBV,2014-09-03,55.15999984741211,55.52999877929688,54.83000183105469,55.5099983215332,38.13829803466797,7562100,False,0.0079579833846886,70.10527769813766,54.43699989318848,54.804800140377104,0.4469801011558729,0.6599993024553571,0.005278352698660384,0.04954670349170071,48,48
ABBV,2014-09-04,55.36000061035156,55.59999847412109,55.09000015258789,55.540000915527344,38.15891647338867,10019400,False,0.0005404768537242,66.10981779579629,54.61149997711182,54.87481926181998,0.4478977251733766,0.6464276994977679,0.005315042723224468,0.04994706645963414,48,48
ABBV,2014-09-05,55.4900016784668,55.93999862670898,54.869998931884766,55.93999862670898,38.43373107910156,9914300,False,0.0071760356588505,73.72090073002668,54.78699989318848,54.97626491561893,0.4754210631141333,0.650713511875697,0.006234743009619858,0.05998287157683555,47,48
ABBV,2014-09-08,55.77999877929688,55.95000076293945,55.369998931884766,55.56999969482422,38.17951965332031,6568800,True,-0.0066362504214978,64.78871852089985,54.92449989318848,55.03281108506705,0.4620514437080842,0.6435707637241903,0.006483991480866397,0.06270268054089981,47,48
ABBV,2014-09-09,55.52999877929688,57.18000030517578,55.43000030517578,56.95000076293945,39.127662658691406,17558900,False,0.0245304646078093,67.81115774428599,55.1064998626709,55.21540057819776,0.5563966824423616,0.6878564017159593,0.011570749292443012,0.11820957863643651,45,48
ABBV,2014-09-10,56.900001525878906,57.31999969482422,56.5099983215332,57.18999862670898,39.29255294799805,8740300,False,0.0042053067830163,72.80511872126726,55.32399978637695,55.403457535198825,0.6431183180768443,0.7028563363211485,0.011591554588997306,0.11843660683759412,45,48
ABBV,2014-09-11,57.0,57.880001068115234,56.84999847412109,57.84999847412109,39.74600982666016,9943900,False,0.0114744458406111,77.62907983299931,55.53649978637695,55.63646143414381,0.7563831962954026,0.7449994768415173,0.011341450233061484,0.115707458426678,45,48
ABBV,2014-09-12,57.84999847412109,58.77000045776367,57.7400016784668,57.880001068115234,39.7666244506836,15556200,False,0.0005185245004816,76.69324798132476,55.72099990844727,55.85013187547442,0.8388971032947197,0.7535708291190006,0.011863181497047877,0.12140061017010105,45,48
ABBV,2014-09-15,57.75,58.150001525878906,57.470001220703125,57.93000030517578,39.80097198486328,8632700,True,0.0008633548794201,73.40911869176631,55.92249984741211,56.04821458306503,0.8979732134067646,0.749285289219447,0.010076271080655572,0.10190177455366768,45,48
ABBV,2014-09-16,57.630001068115234,58.70000076293945,57.459999084472656,58.59999847412109,40.26129150390625,9112400,False,0.0114991650583157,78.78788112317092,56.136999702453615,56.291241620308455,0.9874717494684688,0.8164283207484654,0.005464630204108783,0.05157937084002299,47,48
ABBV,2014-09-17,58.88999938964844,60.02000045776367,58.75,59.619998931884766,40.96207809448242,14389400,False,0.0172562153921287,83.10810288344815,56.35349960327149,56.60826612617287,1.1277060037034374,0.8857143947056372,0.007354898258697922,0.07220604900436191,47,48
ABBV,2014-09-18,59.59999847412109,59.650001525878906,59.09999847412109,59.45000076293945,40.84529113769531,10980500,False,-0.0028551715382256,82.13694585735583,56.57299957275391,56.87890752015064,1.211163687946545,0.8928574153355205,0.008519265698994099,0.08491167157345547,46,48
ABBV,2014-09-19,59.84000015258789,59.93000030517578,59.0099983215332,59.060001373291016,40.57733917236328,13986900,False,-0.0065817803137483,81.18817241190462,56.77799968719482,57.086630744259246,1.2316372648836236,0.9185720171247224,0.010009546794026122,0.10117367655576234,45,48
ABBV,2014-09-22,59.22999954223633,59.29999923706055,58.40999984741211,58.709999084472656,40.33686447143555,9045900,True,-0.005943960345871,79.35484823650157,56.95349960327148,57.241237252851,1.2057216538045594,0.9414291381835947,0.010966254917865034,0.11161331262733684,45,48
ABBV,2014-09-23,56.79999923706055,58.27000045776367,56.59999847412109,57.560001373291016,39.546756744384766,24204400,False,-0.0197821150585085,64.83360512836936,57.0379997253418,57.27159574051196,1.0799392732488684,1.0421436854771216,0.013339609859586285,0.13751145359934205,44,48
ABBV,2014-09-24,57.65999984741211,59.34999847412109,57.61000061035156,59.04999923706055,40.57046890258789,15763800,False,0.0255567481001727,70.96775369700156,57.202999687194826,57.440967502088014,1.0879450522794656,1.1335721697126129,0.0166795221079838,0.17395670530720267,43,40
ABBV,2014-09-25,58.470001220703125,59.5,57.970001220703125,58.0,39.84906005859375,10079400,False,-0.0179416170449918,61.41908542771803,57.31799964904785,57.49420869236535,0.9980585291643678,1.1664292471749458,0.01818712070579481,0.19040767955001467,42,40
ABBV,2014-09-26,58.540000915527344,59.2400016784668,58.09999847412109,59.18999862670898,40.66665649414063,15866000,False,0.0203096879493411,68.39431749237735,57.49749965667725,57.655712495636166,1.0111893940490972,1.2135720934186678,0.02129100905512674,0.22427742933723555,41,40
ABBV,2014-09-29,58.13999938964844,58.83000183105469,57.93999862670898,58.52000045776367,40.206321716308594,7640400,True,-0.0113842660349922,58.598036577682045,57.65949974060059,57.738025634886405,0.9565064354640144,1.1778578077043822,0.021830966908457344,0.2301694703289448,40,40
ABBV,2014-09-30,58.2599983215332,58.810001373291016,57.72999954223633,57.7599983215332,39.68416976928711,8599000,False,-0.0130718780789313,52.953368162397936,57.79399967193604,57.74011827170991,0.842136352366559,1.1971435546875016,0.02052803929270293,0.2159518737630243,41,40
ABBV,2014-10-01,57.93000030517578,57.93999862670898,56.959999084472656,57.22999954223633,39.32002258300781,8431900,False,-0.0092184921893505,46.74370063579675,57.87999973297119,57.69153553556957,0.7006540615358574,1.193571908133371,0.015197211481751844,0.15778167438889623,43,40
ABBV,2014-10-02,57.540000915527344,57.70000076293945,56.13999938964844,56.66999816894531,38.93528366088867,8371500,False,-0.0098329951167307,43.98008005177363,57.93649959564209,57.59424626255773,0.5371489769867495,1.2314292362758097,0.014026745962826508,0.14500950934980794,44,48
ABBV,2014-10-03,57.41999816894531,58.77999877929688,57.34000015258789,58.68999862670898,40.32312774658203,11675600,False,0.0350243193333612,53.161392574792046,58.07399959564209,57.69860363057214,0.5640649845606305,1.3335721152169373,0.020581870231165034,0.21653927904675985,41,40
ABBV,2014-10-06,58.59000015258789,58.9900016784668,57.65999984741211,57.810001373291016,39.71852493286133,7359900,True,-0.01510749198191,46.7702468388366,58.18599967956543,57.709212939402505,0.5085257225916067,1.340000697544644,0.02108128158056923,0.22198887501848966,41,40
ABBV,2014-10-07,57.59999847412109,57.59999847412109,56.5099983215332,56.650001525878906,38.92154312133789,8923500,False,-0.0202697967765182,37.99515159962979,58.170999717712405,57.60833566192407,0.3666812905135757,1.3314293452671602,0.022204536265787268,0.23424587361312244,40,40
ABBV,2014-10-08,56.540000915527344,58.45000076293945,56.18000030517578,58.34000015258789,40.08265686035156,10917200,False,0.0293958384345618,46.0043150870405,58.228499794006346,57.67801799436825,0.3861856140586965,1.4542863028390067,0.026233581433686357,0.27821097040776877,38,40
ABBV,2014-10-09,58.52000045776367,58.54999923706055,56.709999084472656,56.720001220703125,38.96963882446289,11911600,False,-0.028160892243323,42.26189980611132,58.17199993133545,57.58677830163823,0.2678351195455875,1.520000457763672,0.029676588048147396,0.3157811918278277,37,40
ABBV,2014-10-10,55.9900016784668,56.66999816894531,54.95000076293945,54.970001220703125,38.04904174804688,12108700,False,-0.0239069512964202,38.68038634688458,58.02649993896485,57.33756143678727,0.0324569814564483,1.58285767691476,0.023419278176495965,0.24750118435283047,40,40
ABBV,2014-10-13,54.880001068115234,55.150001525878906,53.58000183105469,53.619998931884766,37.11458969116211,16908200,True,-0.0248657545300822,38.21769153232704,57.81099987030029,56.98350786489179,-0.260018460102664,1.5442861829485206,0.024177939107296632,0.25577972178961983,39,40
ABBV,2014-10-14,53.59000015258789,54.84000015258789,53.02000045776367,54.130001068115234,37.46760940551758,14293600,False,0.0094666651031989,34.37103292030865,57.5875,56.71174531281783,-0.4455187813958048,1.546429225376674,0.025723215867445814,0.27264184159799665,39,40
ABBV,2014-10-15,52.33000183105469,55.720001220703125,52.060001373291016,54.630001068115234,37.81370544433594,122740200,False,0.0091948042586512,38.90717828651014,57.33800010681152,56.51348395617949,-0.5458906139599975,1.6985721588134766,0.019221848878808637,0.2016986734175324,41,40
ABBV,2014-10-16,55.79999923706055,55.900001525878906,52.84000015258789,52.900001525878906,36.6162338256836,61236700,False,-0.0321799255833613,30.006365912659675,57.0105001449585,56.16934277234134,-0.7563141999483989,1.8285721370152064,0.02014646419885533,0.2117881115721468,41,40
ABBV,2014-10-17,53.77999877929688,53.900001525878906,52.900001525878906,53.369998931884766,36.941551208496094,31891900,False,0.0088452773203792,33.41918245111388,56.726000022888186,55.90273859705976,-0.8750643480363038,1.810714994158064,0.020807118647566767,0.2189971984835645,41,40
ABBV,2014-10-20,52.560001373291016,54.59000015258789,52.25,54.40999984741211,37.66140365600586,17954600,True,0.0192988277953391,39.40544278484042,56.51100006103516,55.76057300185522,-0.875166934068389,1.900714874267578,0.02010977093426818,0.21138771324895628,41,40
ABBV,2014-10-21,55.29999923706055,56.45000076293945,55.02000045776367,56.290000915527344,38.96271133422852,17522100,False,0.0339692747856383,47.26107623814826,56.44750003814697,55.81099470791924,-0.7153023002089114,1.97642925807408,0.024589038343681566,0.2602656525664379,39,40
ABBV,2014-10-22,56.959999084472656,57.45000076293945,56.2599983215332,56.900001525878906,39.38494110107422,16048100,False,0.0107784685676935,50.6682259418047,56.34000015258789,55.91470964296301,-0.5332396204310257,1.9500007629394536,0.024621262035160504,0.2606172787349008,39,40
ABBV,2014-10-23,58.09999847412109,59.70000076293945,57.880001068115234,59.52000045776367,41.19845581054688,14729300,False,0.0450172376383075,52.33015706016815,56.41600017547607,56.25807067294403,-0.1755183511620401,1.999286379132952,0.015546799240719318,0.161596389543664,43,40
ABBV,2014-10-24,59.34000015258789,60.40999984741211,59.34000015258789,60.290000915527344,41.731422424316406,10391600,False,0.0128536050682982,57.00564812242549,56.471000289916994,56.642064029380535,0.1681723476157444,1.9807147979736328,0.014675893976219857,0.15209303759373996,43,40
ABBV,2014-10-27,60.34999847412109,60.97999954223633,60.209999084472656,60.4900016784668,41.86985778808594,10010900,True,0.0033118031194779,61.46953335592375,56.56950035095215,57.00853428167447,0.451483669939769,1.9428574698311945,0.01752549879122055,0.18318803561366132,42,40
ABBV,2014-10-28,60.7599983215332,61.130001068115234,60.43999862670898,60.93000030517578,42.174407958984375,9412500,False,0.0072474070950418,58.36023199464317,56.72800045013428,57.382007236293646,0.7034057226668224,1.8300004686628075,0.016708060979022197,0.17426812257241722,43,40
ABBV,2014-10-29,60.9900016784668,60.9900016784668,59.36000061035156,59.97999954223633,41.516849517822266,16547900,False,-0.0157142332958271,60.9986422049048,56.86550045013428,57.629435074954856,0.8169809940257053,1.8150005340576176,0.022059042350368256,0.23265823837751043,40,40
ABBV,2014-10-30,60.0,61.43000030517578,59.90999984741211,61.18000030517578,42.34746170043945,11635300,False,0.0198091257530849,71.75892510577962,57.0910005569458,57.96758414449971,0.99238070060661,1.7971433912004748,0.013385737810350197,0.1380148035832122,44,48
ABBV,2014-10-31,63.060001373291016,63.9900016784668,62.369998931884766,63.459999084472656,43.92563629150391,15009900,False,0.0365896367639766,82.36841992988487,57.32950057983398,58.49067128163999,1.3003731858705194,1.885714939662389,0.01947080438071649,0.2044152854888351,41,40
ABBV,2014-11-03,63.65999984741211,63.900001525878906,62.93999862670898,63.25,43.7802734375,8250800,True,-0.0033147820381611,80.60402796250331,57.60150051116944,58.94394068338856,1.510106708203459,1.8242865971156537,0.02027014250124622,0.21313769399413993,41,40
ABBV,2014-11-04,63.209999084472656,63.61000061035156,62.31999969482422,62.65999984741211,43.37188720703125,9741700,False,-0.0093718667800142,76.78452276069095,57.902000427246094,59.29785107996224,1.6101531114407308,1.655000959123885,0.02190994931068423,0.2310313293586338,40,40
ABBV,2014-11-05,63.4900016784668,63.66999816894531,62.20000076293945,62.540000915527344,43.2888298034668,6465000,False,-0.0019168414908393,86.02392140695643,58.112000465393066,59.60662725477796,1.6606151580268076,1.5414292471749451,0.019263488612114008,0.2021530477988026,41,40
ABBV,2014-11-06,62.75,63.38999938964844,62.41999816894531,62.709999084472656,43.406494140625,5152400,False,0.0027144349672541,85.70336991224153,58.41150035858154,59.90218647665365,1.6947876677405844,1.5392864772251684,0.01821153397847053,0.1906740781262366,42,40
ABBV,2014-11-07,62.310001373291016,62.33000183105469,61.310001373291016,61.5,42.5689582824707,7002600,False,-0.0194837556442003,76.7547252596658,58.73800029754639,60.05435919316282,1.6057230384958243,1.4721434456961506,0.008553189252642063,0.0852818467036908,46,48
ABBV,2014-11-10,61.9900016784668,64.05999755859375,61.869998931884766,63.790000915527344,44.154052734375,9513000,True,0.0365594086555421,77.45242378562178,59.246500396728514,60.41013459529277,1.7003223559843548,1.5092860630580367,0.02121689615196801,0.22346870646982603,41,40
ABBV,2014-11-11,63.68999862670898,64.19999694824219,63.5,63.84999847412109,44.19557189941406,5041200,False,0.0009398832936212,76.5064861527288,59.73250026702881,60.737740678990704,1.759847867454532,1.4742856706891752,0.02035525818989853,0.21406647968265904,41,40
ABBV,2014-11-12,63.560001373291016,64.0199966430664,63.560001373291016,63.7599983215332,44.13328170776367,5366700,False,-0.0014104157233473,70.03780806942322,60.18900012969971,61.02557474018523,1.7792499184859167,1.3071425301688069,0.020321164215137914,0.2136944449106472,41,40
ABBV,2014-11-13,64.25,64.79000091552734,63.400001525878906,63.630001068115234,44.04330062866211,4510200,False,-0.0020409298693873,66.80082081306855,60.72550010681152,61.273615342845225,1.7638044520015512,1.3299996512276795,0.02049891468392567,0.21563406490493545,41,40
ABBV,2014-11-14,63.97999954223633,64.0,63.130001068115234,64.0,44.299415588378906,4684900,False,0.0057982296270931,67.35906074581753,61.25700016021729,61.53327102447901,1.7611185517211183,1.3371423993791862,0.016276550062893556,0.16955945875631143,43,40
ABBV,2014-11-17,64.08000183105469,65.41000366210938,64.02999877929688,65.04000091552734,45.01926803588867,7117100,True,0.0161190918751793,69.18769322828365,61.788500213623045,61.86724529981695,1.8219075228059085,1.3885710580008377,0.007502752215961435,0.07381943710791386,47,48
ABBV,2014-11-18,64.77999877929688,66.23999786376953,64.77999877929688,66.05000305175781,45.71836471557617,6432200,False,0.0154094942077567,78.18016504863658,62.27650032043457,62.26560318095417,1.9293417016422296,1.3764280591692248,0.008768441616654861,0.08763068882998393,46,48
ABBV,2014-11-19,65.87999725341797,66.1500015258789,65.22000122070312,65.5,45.33767318725586,5710900,False,-0.0083617463533524,71.34388230823978,62.70650024414063,62.57364097324425,1.947652091739656,1.3342851911272329,0.010723798776683752,0.10896762183180529,45,48
ABBV,2014-11-20,65.04000091552734,65.68000030517578,64.93000030517578,65.19000244140625,45.12308883666992,4975500,False,-0.0047442614515682,60.61352547564398,62.99000034332276,62.82281825592635,1.9150732235607608,1.1871422358921602,0.011247159787155871,0.11467855743195117,45,48
ABBV,2014-11-21,66.41000366210938,67.36000061035156,65.75,67.36000061035156,46.62510681152344,9165900,False,0.0327451057189569,70.32642662607718,63.34350032806397,63.254930861109706,2.0408295400480227,1.2735704694475447,0.016869499287477815,0.1760297436418867,42,40
ABBV,2014-11-24,67.4000015258789,68.05999755859375,67.4000015258789,67.77999877929688,46.91583633422852,7730400,True,0.0062161113428482,75.75454511612773,63.70800018310547,63.68588971046086,2.149603379376444,1.2314273289271764,0.01658467793555939,0.17292176202727372,43,40
ABBV,2014-11-25,67.63999938964844,68.20999908447266,67.1500015258789,68.05999755859375,47.10965347290039,7550800,False,0.0041226568153777,77.32674082545596,64.06450004577637,64.10247141028304,2.2326642287158265,1.202141625540597,0.016128938402286984,0.1679487146032568,43,40
ABBV,2014-11-26,68.33999633789062,68.86000061035156,67.87999725341797,68.69999694824219,47.55264663696289,4046000,False,0.0093595105424206,78.33492128797562,64.50049991607666,64.54033098532678,2.32335100809938,1.2028560638427734,0.01399058143824177,0.14461488065798578,44,48
ABBV,2014-11-28,69.0,69.4800033569336,68.88999938964844,69.19999694824219,47.89872360229492,2953700,True,0.0072514094023347,89.04666546473962,64.90149974822998,64.98410869608063,2.407811008948599,1.1585709708077567,0.011783123333977939,0.1205270123964611,45,48
ABBV,2014-12-01,69.08000183105469,69.5,68.83000183105469,69.11000061035156,47.83643341064453,4885100,True,-0.0013013025179892,84.7258991444309,65.18399982452392,65.37705078315405,2.4393647375434853,1.0235710144042969,0.004060331482097781,0.03625560883960696,48,48
ABBV,2014-12-02,68.87999725341797,69.48999786376953,68.6500015258789,69.2699966430664,47.94718933105469,6491500,False,0.0023126285392517,84.92272767046474,65.48499965667725,65.74780753171713,2.449050507712812,1.0335709708077567,0.004172923278133376,0.0374842148752075,48,48
ABBV,2014-12-03,69.16999816894531,69.4800033569336,68.41000366210938,68.5,47.41421127319336,5817700,False,-0.0111781832939897,78.0806340003191,65.77699966430664,66.00992110012503,2.3673054329545664,1.0771427154541016,0.008122062667938221,0.08057737672696594,46,48
ABBV,2014-12-04,68.3499984741211,69.86000061035156,68.29000091552734,69.56999969482422,48.15483474731445,7665300,False,0.0154995436687493,81.66315358815929,66.12849960327148,66.3489762043821,2.361638407782891,1.0899998801095143,0.009913883189815282,0.10012979160446818,45,48
ABBV,2014-12-05,69.5199966430664,70.16999816894531,69.33999633789062,69.70999908447266,48.25175094604492,4360100,False,0.0020105728396312,81.20222761978376,66.47849960327149,66.66907362153358,2.341453215067247,1.0871429443359375,0.009558856974037815,0.09625573179852354,46,48
ABBV,2014-12-08,69.80999755859375,70.76000213623047,69.3499984741211,69.41999816894531,48.05101013183594,5452100,True,-0.0041689584536368,76.07145484617209,66.87449951171875,66.9310664355728,2.275821401700213,1.0871429443359375,0.009848252372957693,0.09941362559103026,46,48
ABBV,2014-12-09,68.20999908447266,69.19000244140625,67.61000061035156,69.13999938964844,47.85720443725586,6833800,False,-0.0040414881925721,70.14343691560896,67.14199943542481,67.14144100262762,2.1761290937143087,1.112142835344587,0.010027937446119038,0.10137435606311156,45,48
ABBV,2014-12-10,69.44000244140625,69.44000244140625,67.52999877929688,67.58000183105469,46.77740097045898,8575700,False,-0.0228214684671841,61.98160854072508,67.32849960327148,67.18320870057305,1.948779142969002,1.182143075125558,0.013804380771856032,0.1425830517804889,44,48
ABBV,2014-12-11,66.4800033569336,67.95999908447266,66.23999786376953,67.02999877929688,46.39670181274414,9518000,False,-0.008171825966473,60.313900578192886,67.49199962615967,67.16861727949913,1.7045727655443417,1.2514288766043526,0.009336595396851458,0.09383040486682663,46,48
ABBV,2014-12-12,66.52999877929688,67.16999816894531,65.01000213623047,65.2699966430664,45.17847442626953,9215500,False,-0.0266076311863103,37.72028677961057,67.57399940490723,66.98779626650554,1.3534186211898884,1.2507144383021764,0.010759306407235499,0.10935508247051788,45,48
ABBV,2014-12-15,65.75,66.47000122070312,64.80999755859375,65.62000274658203,45.42073822021485,7226000,True,0.0053480458448997,37.20380710636955,67.65499954223633,66.85753021698902,1.0907949936007384,1.3192863464355469,0.013291804318511053,0.1369897976850727,44,48
ABBV,2014-12-16,65.11000061035156,66.94000244140625,64.80000305175781,65.25,45.16463088989258,8545100,False,-0.0056545116551428,33.52873411064323,67.66549949645996,66.7044321010853,0.8430891404220375,1.3964293343680243,0.013090894735833426,0.1347974645437692,44,48
ABBV,2014-12-17,65.5,66.73999786376953,65.08999633789062,66.56999969482422,46.07830810546875,5934900,False,0.0200280211650441,38.43649584608005,67.69149932861328,66.69162901477472,0.74470887053387,1.4442863464355469,0.017256110684814297,0.18024846217133794,42,40
ABBV,2014-12-18,67.86000061035156,68.01000213623047,67.19999694824219,67.91999816894531,47.01274871826172,7184700,False,0.0200765150009407,43.6381754973517,67.81249923706055,66.80861655326716,0.7668357866991329,1.4914289202008928,0.019608236044057897,0.2059149451177702,41,40
ABBV,2014-12-19,67.69000244140625,68.62000274658203,66.83999633789062,67.70999908447266,46.86738967895508,12631000,False,-0.0030966966591378,43.12376481380306,67.93849906921386,66.89446250862007,0.7586807565948988,1.5707152230398995,0.012297911883150204,0.12614440496715196,44,48
ABBV,2014-12-22,68.04000091552734,68.25,66.83000183105469,66.97000122070312,46.35519027709961,12876600,True,-0.0109888517631801,39.31229105141687,67.91899909973145,66.9016566716756,0.684614384826844,1.6121439252580916,0.014862398901493368,0.15412818655599492,43,40
ABBV,2014-12-23,67.2300033569336,67.31999969482422,64.0199966430664,64.3499984741211,44.54167175292969,12123000,False,-0.0399080709627931,33.54481041178738,67.74749908447265,66.65864160524183,0.4097802347418877,1.7714298793247767,0.024942961337219367,0.26412767396860903,39,40
ABBV,2014-12-24,64.75,66.94999694824219,64.75,66.20999908447266,45.82912063598633,4705500,False,0.0284945159493412,37.46269285558933,67.65499916076661,66.61591374612095,0.3381605905182709,1.845001220703125,0.027074533799987862,0.28738747517339086,38,40
ABBV,2014-12-26,66.51000213623047,67.23999786376953,66.51000213623047,66.9800033569336,46.362098693847656,4158200,True,0.0115625761256414,40.270873143361776,67.56899948120117,66.65058894715072,0.3396194939522843,1.8592867170061385,0.025640708689496635,0.2717415200792185,39,40
ABBV,2014-12-29,66.58000183105469,67.37000274658203,66.41999816894531,67.13999938964844,46.47285079956055,3872800,True,0.0023860013682329,41.79857094399151,67.46599960327148,66.69719946548383,0.3496554181248399,1.8264296395438055,0.02574120798211399,0.2728381722495439,39,40
ABBV,2014-12-30,66.7699966430664,67.16000366210938,66.0199966430664,66.30000305175781,45.89142608642578,5568800,False,-0.0125899841960933,40.17982358484294,67.3254997253418,66.65937123560516,0.2865253896747362,1.7785731724330358,0.025895293913113872,0.27451956389168214,39,40
ABBV,2014-12-31,66.72000122070312,67.0999984741211,65.3499984741211,65.44000244140625,45.296142578125,3917300,False,-0.0130564280528301,42.22384494597328,67.13400001525879,66.54324087425289,0.1651952572749593,1.7671443394252233,0.017491969043719698,0.18282215771134339,42,40
ABBV,2015-01-02,65.44000244140625,66.4000015258789,65.44000244140625,65.88999938964844,45.60762786865234,5086100,True,0.0068531042897787,45.827236149245664,67.00349998474121,66.48102739952866,0.1041506621517101,1.7128584725516185,0.011298616513731109,0.11524005522369611,45,48
ABBV,2015-01-05,65.5,66.0999984741211,63.880001068115234,64.6500015258789,44.74931716918945,8007400,True,-0.0189987945369034,47.64080994678004,66.75750007629395,66.30664398299058,-0.0437804104780497,1.717144284929548,0.011089092060818774,0.11295371628499926,45,48
ABBV,2015-01-06,65.62000274658203,65.75,63.70000076293945,64.33000183105469,44.52783584594727,5483700,False,-0.0049616675741452,45.08008540736392,66.48850021362304,66.11839234947287,-0.1847089426328949,1.7450011117117743,0.009949100736900729,0.10051408684117039,45,48
ABBV,2015-01-07,64.56999969482422,67.05000305175781,64.4800033569336,66.93000030517578,46.327484130859375,8283300,False,0.0396208764721642,55.47588507755976,66.36400032043457,66.1956883452541,-0.0856108038769321,1.7864298139299666,0.02321063458193034,0.2452244573745018,40,40
ABBV,2015-01-08,68.16000366210938,68.29000091552734,67.41999816894531,67.62999725341797,46.81201171875,7949000,False,0.0104044359355362,53.60053861918193,66.28850021362305,66.33228919365065,0.0488460221178854,1.7657154628208704,0.021759395500028773,0.22938848035038564,40,40
ABBV,2015-01-09,66.69000244140625,67.19999694824219,65.11000061035156,65.77999877929688,45.53148651123047,8779900,False,-0.0277357327855706,42.96977213052793,66.19850006103516,66.27969010656933,0.0060548135272995,1.842857905796596,0.026609918179248442,0.28231757153943265,38,40
ABBV,2015-01-12,66.33999633789062,66.93000030517578,65.30999755859375,65.76000213623047,45.51764297485352,6159800,True,-0.0003040893759612,43.512977091486846,66.13500022888184,66.2301960141561,-0.029135236678897,1.8314290727887836,0.024566672141861954,0.2600215917066187,39,40
ABBV,2015-01-13,65.72000122070312,66.06999969482422,62.90999984741211,63.38999938964844,44.206581115722656,13908400,False,-0.0292263364664962,39.25568930665883,66.04100036621094,65.95970109753632,-0.2454338115059329,1.9557149069649835,0.028684151789428427,0.3049516889657766,37,40
ABBV,2015-01-14,62.619998931884766,64.06999969482422,61.86000061035156,63.70000076293945,44.42276382446289,9448300,False,0.0048783647813324,47.735197565609525,65.9450002670288,65.74449154186044,-0.3873720860907212,1.8778574807303288,0.018728803675963353,0.1963185450834209,42,40
ABBV,2015-01-15,64.0,64.11000061035156,62.869998931884766,62.88999938964844,43.857887268066406,6149100,False,-0.0127974648754365,37.51878668422768,65.82700023651122,65.47263514641168,-0.558778284434311,1.780714852469308,0.015502355030748632,0.1611114126044897,43,40
ABBV,2015-01-16,62.95000076293945,64.62000274658203,62.63999938964844,64.54000091552734,45.00855255126953,8106000,False,0.0258979564799042,41.39631518148886,65.72550029754639,65.38381283870841,-0.555078992930433,1.8485723223005024,0.020529619834715705,0.21596912069863408,41,40
ABBV,2015-01-20,65.05999755859375,65.29000091552734,62.75,63.45000076293945,44.2484245300293,9065300,True,-0.0170327614277517,37.78953913829184,65.50200042724609,65.19964026006375,-0.6328065802158278,1.9621434892926897,0.021462857412080014,0.2261526452587764,40,40
ABBV,2015-01-21,63.09999847412109,63.45000076293945,62.27999877929688,62.70000076293945,43.72539138793945,7979500,False,-0.0118907949893829,38.015965353795565,65.25150051116944,64.96157935557571,-0.7463218513913858,1.9642859867640896,0.01778922690557299,0.1860658470036539,42,40
ABBV,2015-01-22,63.20000076293945,63.45000076293945,61.880001068115234,62.97999954223633,43.920654296875,8941700,False,0.0044557225705626,41.48197911055681,65.0520004272461,64.77285746859101,-0.8044171401304254,1.9514288221086769,0.017748206910159107,0.18561823522623921,42,40
ABBV,2015-01-23,63.65999984741211,63.65999984741211,62.34999847412109,62.43000030517578,43.5370979309082,6881100,False,-0.0087712939170789,38.10178582485127,64.95600051879883,64.54972821493241,-0.8846408281087932,1.9764289855957031,0.017235288064109896,0.18002124492838395,42,40
ABBV,2015-01-26,62.2599983215332,63.040000915527344,61.68000030517578,62.83000183105469,43.8160514831543,8181100,True,0.0063868218229316,43.357663867736335,64.78700065612793,64.3859447498012,-0.9055038143110892,1.915000643048968,0.010306275443521333,0.10441159106234113,45,48
ABBV,2015-01-27,62.33000183105469,63.5,62.20000076293945,63.09999847412109,44.004337310791016,6532300,False,0.004287981839298,45.49449118343418,64.5930004119873,64.2634736759269,-0.8899921332356797,1.861429214477539,0.008532858697626159,0.08505999890057245,46,48
ABBV,2015-01-28,63.43999862670898,63.560001373291016,61.68999862670898,61.84999847412109,43.132625579833984,6910100,False,-0.0200085195458434,29.349578367246902,64.32850036621093,64.03361889480254,-0.9674118459744676,1.8007150377546044,0.011391307957121408,0.11625150784109503,45,48
ABBV,2015-01-29,62.119998931884766,63.380001068115234,61.59000015258789,63.119998931884766,44.01829147338867,8485600,False,0.0203255780774345,32.47863754533843,64.16950016021728,63.94660746976275,-0.915733101820308,1.83142934526716,0.015399656425840798,0.15999076145333804,43,40
ABBV,2015-01-30,62.09000015258789,62.68000030517578,60.119998931884766,60.34999847412109,42.08655548095703,17582500,False,-0.0448769203964131,30.311820360136156,63.91499996185303,63.604073279701645,-1.085777049876448,1.8657152993338453,0.025772789964600706,0.27318279606464974,39,40
ABBV,2015-02-02,61.4900016784668,61.4900016784668,58.650001525878906,60.70000076293945,42.33064651489258,11491100,True,0.0057829851836799,32.08215643763637,63.65550003051758,63.32749494477192,-1.178708427167109,1.9528579711914067,0.025696988613798388,0.2723556487912111,39,40
ABBV,2015-02-03,61.59999847412109,61.7599983215332,59.97999954223633,61.650001525878906,42.9931526184082,10721800,False,0.0155295339567826,43.14961717874704,63.50550003051758,63.167733666782105,-1.1623017994860732,1.8542864663260328,0.027358406005581905,0.2904850996665806,38,40
ABBV,2015-02-04,58.95000076293945,58.95000076293945,56.650001525878906,56.90999984741211,39.687591552734375,31250600,False,-0.0800022780901311,30.18097203714132,63.13449993133545,62.57175901731829,-1.5143217914713816,2.0535722460065573,0.04392102219474361,0.4712170084897255,31,32
ABBV,2015-02-05,57.54999923706055,58.2599983215332,56.150001525878906,57.9900016784668,40.44075775146485,18964700,False,0.0187995481581486,35.91955112865678,62.6875,62.13540117552292,-1.6867097098774837,2.1157147543770933,0.04360401796684076,0.46775784608690535,31,32
ABBV,2015-02-06,57.709999084472656,57.83000183105469,56.68999862670898,56.900001525878906,39.68061447143555,13890900,False,-0.0189753636809203,27.31592164559298,62.15100021362305,61.636791685080624,-1.8895012853607585,2.067143304007395,0.0409128039504134,0.4383912145906805,32,32
ABBV,2015-02-09,55.66999816894531,56.34999847412109,55.18000030517578,55.47999954223633,38.690338134765625,22522000,True,-0.0252728597030601,26.79091866854893,61.63600025177002,61.05043052861926,-2.140127307179704,2.008571897234237,0.039926693664627165,0.4276307409900842,32,32
ABBV,2015-02-10,55.93000030517578,57.0099983215332,55.59999847412109,56.88999938964844,39.67363739013672,18917000,False,0.0250970132637545,33.70723630512349,61.19250011444092,60.65419899157442,-2.1996191904958025,2.0342859540666867,0.04210427030994972,0.45139254161524045,31,32
ABBV,2015-02-11,57.36000061035156,57.83000183105469,56.2599983215332,56.68999862670898,39.53417205810547,14681600,False,-0.0035215082232109,32.28169517766595,60.857500076293945,60.27665609968247,-2.237117231841239,2.034286226545063,0.022312920476792508,0.2354285663180398,40,40
ABBV,2015-02-12,57.400001525878906,57.58000183105469,56.15999984741211,57.04999923706055,39.78522491455078,11940900,False,0.0063301967579942,34.68109820646325,60.525,59.96935544609943,-2.212283828287923,2.042143412998745,0.02017237435183168,0.2120708441641379,41,40
ABBV,2015-02-13,57.34999847412109,58.09999847412109,56.900001525878906,58.04999923706055,40.48260498046875,11303200,False,0.017376765129491,36.8392053249455,60.282999992370605,59.78655961666716,-2.087844166492168,2.0307145799909323,0.019640042092614513,0.2062620139505021,41,40
ABBV,2015-02-17,58.95000076293945,59.0,57.900001525878906,58.720001220703125,40.9498405456543,12789700,True,0.0114755412194835,38.20044658235429,59.99200000762939,59.68498262657535,-1.913108157370246,2.016428811209543,0.010859076857554177,0.1104437814854742,45,48
ABBV,2015-02-18,59.150001525878906,59.47999954223633,58.310001373291016,59.2400016784668,41.31247329711914,10781700,False,0.0088165548359867,42.68088936508983,59.781500053405765,59.64260348866025,-1.712923405360577,1.966428484235491,0.007683710964106191,0.07579406597070489,46,48
ABBV,2015-02-19,58.91999816894531,59.08000183105469,58.650001525878906,59.0,41.14510345458984,8665500,False,-0.00405954380363,37.73810899716012,59.59650001525879,59.58140315640689,-1.5557084383320046,1.8807141440255304,0.007888123680143373,0.07802462543879778,46,48
ABBV,2015-02-20,59.61000061035156,61.34000015258789,59.220001220703125,61.29999923706055,42.749053955078125,15534000,False,0.0382421379872906,52.9087568605511,59.5125,59.745078973612,-1.2313297251585524,1.833571297781808,0.015474061666513687,0.1608026743190154,43,40
ABBV,2015-02-23,61.540000915527344,61.900001525878906,60.2400016784668,60.56999969482422,42.23997497558594,11582700,True,-0.0119800184683432,49.61100841949498,59.41949996948242,59.82364285182269,-1.0213881928488178,1.7492855616978236,0.019174997496147417,0.2011874293168023,41,40
ABBV,2015-02-24,60.84999847412109,61.29999923706055,60.52000045776367,60.869998931884766,42.44919204711914,7900700,False,0.0049408325645988,47.57159976104712,59.321499824523926,59.9232958118286,-0.8213327717825294,1.6778569902692522,0.019144069136304,0.20084993785727503,41,40
ABBV,2015-02-25,61.09999847412109,61.09999847412109,60.209999084472656,60.619998931884766,42.274845123291016,9983900,False,-0.0041156483035909,66.03282945511518,59.19749984741211,59.98964848992919,-0.6751772963399105,1.384285518101283,0.019734213296450462,0.2072896137711501,41,40
ABBV,2015-02-26,60.34999847412109,60.810001373291016,60.27000045776367,60.52000045776367,42.20510482788086,7328200,False,-0.001651050013475,61.94522111187396,59.13099994659424,60.04015820115152,-0.5609507787994801,1.272142955235072,0.019497805727462687,0.20470992522947157,41,40
ABBV,2015-02-27,60.52999877929688,60.9900016784668,60.369998931884766,60.5,42.191162109375,8649100,False,-0.0003304107903984,68.90754652566181,59.0,60.08395265818471,-0.4666599451201847,1.2235715048653728,0.006188576532717352,0.05947910119425013,47,48
ABBV,2015-03-02,60.5,60.75,60.060001373291016,60.459999084472656,42.16326141357422,6150900,True,-0.0006615111728107,80.58966573611204,59.00550003051758,60.119766603545465,-0.3906582545004653,1.1499998910086486,0.0033152017820774356,0.028124724716746024,48,48
ABBV,2015-03-03,60.34999847412109,60.45000076293945,59.43999862670898,59.619998931884766,41.57746887207031,7421000,False,-0.0139908523587031,68.03169271191588,58.95149993896485,60.07216968243492,-0.3936693836572615,1.1135714394705631,0.005697524071732788,0.05412071773644115,47,48
ABBV,2015-03-04,59.31999969482422,60.41999816894531,59.02999877929688,60.27000045776367,42.03076934814453,8536000,False,0.0108435466982417,72.31920152055086,58.882499885559085,60.091010708656704,-0.3396902960757302,1.1007140023367736,0.008801899314439053,0.08799578052300534,46,48
ABBV,2015-03-05,57.209999084472656,59.47999954223633,56.650001525878906,56.86000061035156,39.6527214050293,47051800,False,-0.0582423721741093,49.14183122640583,58.87999992370605,59.783295461199074,-0.5655506535068184,1.25785664149693,0.027054363515168534,0.28716737624485994,38,40
ABBV,2015-03-06,56.95000076293945,57.400001525878906,55.43999862670898,55.63999938964844,38.80192184448242,22853000,False,-0.0216898039366941,39.326843057203206,58.76249980926514,59.38869583533711,-0.8333837870088345,1.312142780848912,0.026333793797986456,0.2793044916051923,38,40
ABBV,2015-03-09,55.93000030517578,56.02999877929688,55.2599983215332,55.540000915527344,38.732200622558594,14779900,True,-0.0017984659785405,35.16791071331984,58.69449977874756,59.02215346202189,-1.0417043962407746,1.2885714939662394,0.026164523897024665,0.2774574118952157,38,40
ABBV,2015-03-10,55.220001220703125,56.29999923706055,54.77999877929688,55.84000015258789,38.94139099121094,17907700,False,0.0053864092050579,33.80951654343377,58.71249980926514,58.71909124207579,-1.1691157105317345,1.3135716574532643,0.028081951152423543,0.2983804523098414,38,40
ABBV,2015-03-11,56.18999862670898,56.880001068115234,55.65999984741211,56.619998931884766,39.48534393310547,14629000,False,0.0138718426832491,39.22100682464723,58.69899978637695,58.51917768872426,-1.1933940090148596,1.35857173374721,0.02875211951849237,0.3056933554556479,37,40
ABBV,2015-03-12,56.77999877929688,58.90999984741211,56.650001525878906,58.0,40.447731018066406,18227800,False,0.0240809850480868,33.69565422253483,58.76449985504151,58.46973219456005,-1.0887299809224729,1.3550003596714564,0.017293099496565753,0.18065208551662293,42,40
ABBV,2015-03-13,58.119998931884766,58.869998931884766,57.34999847412109,58.0,40.447731018066406,10114500,False,0.0,36.31522970247797,58.81199989318848,58.42499579507815,-0.994321070241284,1.3450004032679972,0.010717306260911885,0.10889677524844477,45,48
ABBV,2015-03-16,58.459999084472656,59.70000076293945,58.33000183105469,59.119998931884766,41.228782653808594,12098700,True,0.0191260721098864,41.42996984857033,58.865499877929686,58.49118657001211,-0.8196780365915259,1.4107148306710384,0.009833093764711564,0.09924821427121606,46,48
ABBV,2015-03-17,58.720001220703125,60.18000030517578,58.70000076293945,59.72999954223633,41.6541862487793,10983600,False,0.0102652531922316,45.78997438342292,58.915999794006346,58.60916875784299,-0.6248473713781593,1.452857698713031,0.009171381142029996,0.09202758052448537,46,48
ABBV,2015-03-18,59.7599983215332,60.41999816894531,59.25,59.88999938964844,41.76576614379883,11889200,False,0.0026751384617588,47.036683890818566,58.94849967956543,58.73115262753875,-0.452317974948734,1.4978575025286005,0.010340757497767517,0.10478786057271802,45,48
ABBV,2015-03-19,60.09000015258789,61.47999954223633,59.9900016784668,61.18999862670898,42.67235565185547,14110500,False,0.021474289754896,52.89671971263252,59.05799961090088,58.965328436983526,-0.2082871072690153,1.567143031529019,0.00956766803155829,0.09635187839917157,46,48
ABBV,2015-03-20,61.5,61.72999954223633,60.31999969482422,60.400001525878906,42.121429443359375,13313100,False,-0.0129946778618615,49.76304274330454,59.0129997253418,59.10196396925927,-0.0777409015204142,1.6185716901506706,0.013960196508451848,0.1442833191282328,44,48
ABBV,2015-03-23,60.04999923706055,61.18999862670898,59.619998931884766,60.47999954223633,42.17721176147461,7926400,True,0.0013234454425337,53.61344979599374,59.0084997177124,59.23320545239995,0.031806433650388,1.6578573499407088,0.012657381004301577,0.13006694592847542,44,48
ABBV,2015-03-24,60.650001525878906,60.81999969482422,59.45000076293945,59.630001068115234,41.58444595336914,7970000,False,-0.0141538675349233,47.35537242192475,58.946499824523926,59.2709955110395,0.0494655053369399,1.6564287458147329,0.014480029677813573,0.14995575878965595,44,48
ABBV,2015-03-25,60.08000183105469,60.09000015258789,58.209999084472656,58.220001220703125,40.60114669799805,11619200,False,-0.0239298919973251,56.732682391794704,58.82649993896485,59.17090081672176,-0.0497413694068953,1.532143184116909,0.017640651595834573,0.1844445874739797,42,40
ABBV,2015-03-26,57.97999954223633,58.09000015258789,57.220001220703125,57.27000045776367,39.93864059448242,10853900,False,-0.0164520187856968,58.29095962431988,58.66399993896484,58.989862687297176,-0.2026842367551324,1.463571548461914,0.009186676844002928,0.09219448781635191,46,48
ABBV,2015-03-27,57.630001068115234,58.04999923706055,57.310001373291016,57.650001525878906,40.20365524291992,6830100,False,0.0066136267160141,60.43522292412031,58.52150001525879,58.8622568624002,-0.2898880021868066,1.4642857142857135,0.012794962899095142,0.13156824488883034,44,48
ABBV,2015-03-30,57.93000030517578,58.34000015258789,57.790000915527344,58.2400016784668,40.61510467529297,5781900,True,0.0101821158243827,61.53847564607806,58.4105001449585,58.802994463930354,-0.3078409344161557,1.4049998692103796,0.015051528993980243,0.15619198144447508,43,40
ABBV,2015-03-31,58.0099983215332,58.810001373291016,57.709999084472656,58.540000915527344,40.82431411743164,12313600,False,0.0051378044059966,59.67743486073848,58.35650024414063,58.77794745932054,-0.2944669001931146,1.3964285169328965,0.015403350305964578,0.1600310692162005,43,40
ABBV,2015-04-01,58.47999954223633,58.4900016784668,56.33000183105469,57.09999847412109,39.820098876953125,14903300,False,-0.0249060564318551,45.49097238891884,58.1980001449585,58.61814279406345,-0.3955049097294889,1.39071410042899,0.01572681376276247,0.16356071497469313,43,40
ABBV,2015-04-02,57.43999862670898,57.810001373291016,56.900001525878906,57.0099983215332,39.75732421875,8787000,False,-0.0015777005281728,45.08439879096396,58.20550003051758,58.464986177632,-0.4773380643051084,1.3471426282610206,0.014075443854670338,0.1455409026301979,44,48
ABBV,2015-04-06,56.810001373291016,57.88999938964844,56.68000030517578,57.61000061035156,40.17575454711914,10280100,True,0.0104696117535205,42.09424899389847,58.30400009155274,58.38355898074815,-0.4881491787329182,1.3121425083705351,0.014683236047655902,0.15217315456138547,43,40
ABBV,2015-04-07,58.25,58.75,57.790000915527344,58.41999816894531,40.740631103515625,10171500,False,0.0139622087269031,43.282041611125294,58.44799995422363,58.38702937962408,-0.4264412816163769,1.287856783185686,0.01542602789677936,0.16027852796478562,43,40
ABBV,2015-04-08,58.5,58.97999954223633,57.95000076293945,58.810001373291016,41.01258850097656,11075800,False,0.0066531545044122,44.58918804661881,58.59650001525879,58.42731242663997,-0.3421235421428861,1.277856826782226,0.015551423183615916,0.16164684618749653,43,40
ABBV,2015-04-09,59.20000076293945,60.43000030517578,59.04999923706055,60.31999969482422,42.06563949584961,12698000,False,0.0253521872637005,45.73111359600969,58.781500053405765,58.60756835694323,-0.1517080848018253,1.2799995967320028,0.009901148135738747,0.09999082620154323,46,48
ABBV,2015-04-10,60.5,62.33000183105469,60.31999969482422,62.0,43.23722076416016,17894700,False,0.0274704726048096,57.22020852756842,58.98150005340576,58.9306570848534,0.1332238002492261,1.3228569030761714,0.009193510408319144,0.09226905593462682,46,48
ABBV,2015-04-13,61.810001373291016,62.15999984741211,61.060001373291016,61.20000076293945,43.03330612182617,11400900,True,-0.0047273392071869,53.05085184107587,59.141500091552736,59.146785054194936,0.2911252092245817,1.289285387311663,0.013366788333024399,0.13780802615329546,44,48
ABBV,2015-04-14,61.400001525878906,61.810001373291016,60.5099983215332,61.720001220703125,43.398956298828125,13071400,False,0.008461015554371,59.11072029235135,59.27150020599365,59.391853260529054,0.453000991129727,1.2842856815883092,0.013569020836237435,0.14001479505467787,44,48
ABBV,2015-04-15,62.09999847412109,62.70000076293945,61.970001220703125,62.02999877929688,43.61692428588867,11534200,False,0.0050098543274483,68.37028230223726,59.38650016784668,59.64310521469741,0.5993934916995798,1.2199998583112444,0.013768771379100899,0.1421944807086748,44,48
ABBV,2015-04-16,61.79999923706055,62.90999984741211,61.650001525878906,62.59000015258789,44.010704040527344,9815600,False,0.0089876312498329,76.65329611902463,59.52150020599365,59.92376187544889,0.751930249939079,1.2385711669921875,0.011681202724508998,0.11941485076164679,45,48
ABBV,2015-04-17,62.119998931884766,62.790000915527344,61.869998931884766,62.290000915527344,43.799747467041016,9905600,False,-0.0048048262072656,73.43433673984462,59.57650032043457,60.14911797450398,0.8389385373419529,1.2485713958740234,0.006882604883392877,0.0670523654154574,47,48
ABBV,2015-04-20,62.90999984741211,64.0,62.79999923706055,63.540000915527344,44.67869567871094,12779200,True,0.019868729493074,75.09469009381769,59.73350028991699,60.4720592069824,0.997261970066802,1.3214285714285714,0.008856234244502758,0.08858868538260183,46,48
ABBV,2015-04-21,63.88999938964844,64.23999786376953,63.27000045776367,63.61000061035156,44.72791290283203,8457300,False,0.0011009751935226,74.54016842273191,59.890000343322754,60.77091076920803,1.1155237580273294,1.3121425083705358,0.009259959877021991,0.09299415510868173,46,48
ABBV,2015-04-22,63.59999847412109,64.7300033569336,63.560001373291016,64.5199966430664,45.367801666259766,13874300,False,0.0142048825765286,87.8571511983216,60.13450012207032,61.12796656671835,1.2680587596599435,1.2378570011683874,0.00989722501010798,0.0999480169028368,46,48
ABBV,2015-04-23,65.26000213623047,65.30999755859375,62.72999954223633,64.25,45.17793655395508,18405300,False,-0.0041938007092336,86.27258289233028,60.43600006103516,61.42530308417375,1.3515772337467666,1.3571425846644811,0.011195929911309646,0.11411953504414026,45,48
ABBV,2015-04-24,64.30999755859375,66.37000274658203,64.13999938964844,66.06999969482422,46.45769119262695,14859500,False,0.027933193261012,87.7678890739473,60.876000022888185,61.86765514233094,1.546794506948956,1.4300000326974052,0.013242328851813657,0.13644991947778876,44,48
ABBV,2015-04-27,66.0199966430664,66.66000366210938,64.86000061035156,65.0199966430664,45.71937561035156,18141700,True,-0.0160198495711152,78.84616025870595,61.24449977874756,62.16787814240099,1.598354297984805,1.4771431514195033,0.016966465821367238,0.17708784621225646,42,40
ABBV,2015-04-28,64.5999984741211,66.48999786376953,64.19999694824219,66.48999786376953,46.753021240234375,13084900,False,0.0223566970892225,80.67093007064811,61.656999588012695,62.579508592055134,1.737800336510766,1.567143304007394,0.01846566990129136,0.1934472191510221,42,40
ABBV,2015-04-29,65.69999694824219,66.18000030517578,65.51000213623047,65.62999725341797,46.14829635620117,9864300,False,-0.013018834197235,72.3673114696778,62.01149940490723,62.87003132170874,1.7586449010656011,1.5214287894112724,0.02040592904035767,0.21461940196381202,41,40
ABBV,2015-04-30,65.38999938964844,65.91999816894531,64.31999969482422,64.66000366210938,45.46623992919922,10298600,False,-0.0148899739331036,61.91759151522941,62.38949966430664,63.04050487793737,1.6775561691330694,1.492142813546317,0.02190792711667783,0.23100926309937783,40,40
ABBV,2015-05-01,65.08999633789062,65.5,63.880001068115234,64.31999969482422,45.22716522216797,9870800,False,-0.0052721641756203,64.57944361713392,62.75499973297119,63.16236152716469,1.5677848385291853,1.5292857033865792,0.01605718811446724,0.16716577268585864,43,40
ABBV,2015-05-04,64.31999969482422,65.44000244140625,64.01000213623047,64.68000030517578,45.48030090332031,8493500,True,0.0055813782282805,64.0417503318861,63.108499717712405,63.30689855364194,1.4926331628017095,1.5385712214878626,0.01536614115985495,0.1596250415738723,43,40
ABBV,2015-05-05,64.19999694824219,64.9000015258789,63.77999877929688,63.86000061035156,44.90371322631836,7635900,False,-0.0127587937816788,58.28055470209099,63.38049983978272,63.35957493999524,1.3513304991796673,1.548571450369698,0.008473130918491098,0.08440824706320808,46,48
ABBV,2015-05-06,64.11000061035156,64.52999877929688,63.400001525878906,63.93999862670898,44.95996475219727,8476300,False,0.0012519303569883,56.38599568365054,63.636999702453615,63.41485338634893,1.2316051144652107,1.5392856597900386,0.008787777765031977,0.08784168562937668,46,48
ABBV,2015-05-07,63.59000015258789,64.80999755859375,63.59000015258789,64.69999694824219,45.49436569213867,8638200,False,0.0118160657434624,60.92474146153862,63.85599956512451,63.53724801129115,1.184394435686265,1.5607139042445586,0.00952423971107543,0.09587798688540294,46,48
ABBV,2015-05-08,65.0999984741211,65.80000305175781,64.9000015258789,65.23999786376953,45.87406921386719,7541100,False,0.0083115292057096,58.23642565548526,64.01799945831299,63.699414663908136,1.1769856357655044,1.5171429770333422,0.009537647435486463,0.09602429249305003,46,48
ABBV,2015-05-11,65.19000244140625,65.80000305175781,65.08000183105469,65.19999694824219,45.84593963623047,7978700,True,-0.0006133793241262,57.72593476826348,64.21799926757812,63.84232726241614,1.1545771225004415,1.4992861066545753,0.009494837704201432,0.09555715104854728,46,48
ABBV,2015-05-12,64.75,65.2699966430664,64.58999633789062,64.80999755859375,45.57170867919922,5927000,False,-0.0059995369526556,51.48414030281758,64.37249908447265,63.93448633824258,1.0927519585458825,1.4642859867640898,0.007124401490760073,0.06969085935248594,47,48
ABBV,2015-05-13,64.9800033569336,65.31999969482422,64.62999725341797,65.30000305175781,45.91625595092773,8519200,False,0.0075321142413862,55.255267639623945,64.5359992980957,64.06453554905355,1.070949183294907,1.3292863028390065,0.007300870697850843,0.07161649816955232,47,48
ABBV,2015-05-14,65.86000061035156,66.2699966430664,64.94000244140625,65.97000122070312,46.38737869262695,5868900,False,0.0102081967782337,49.43439802464362,64.70499935150147,64.24600847016303,1.095109835156066,1.2649999346051892,0.006906842062981043,0.0673168424570932,47,48
ABBV,2015-05-15,65.93000030517578,66.5199966430664,65.91000366210938,65.98999786376953,46.40143966674805,6786400,False,0.000303074755716,56.20999695214874,64.88999919891357,64.41210269812557,1.1031544104468196,1.1799992152622762,0.006543535588006965,0.06335242814235222,47,48
ABBV,2015-05-18,65.79000091552734,65.91000366210938,65.13999938964844,65.61000061035156,46.13425064086914,7858100,True,-0.00577484789983,43.452395143976574,64.99349918365479,64.52618821357567,1.0665724089296305,1.0771418980189726,0.0074584703209554905,0.07333623135591633,47,48
ABBV,2015-05-19,65.70999908447266,66.12000274658203,65.4000015258789,65.7300033569336,46.2186164855957,7674600,False,0.0018270330054646,50.83617203148723,65.09949932098388,64.64083727484785,1.0353294939762208,1.0585708618164058,0.0062845400566214765,0.06052625888084419,47,48
ABBV,2015-05-20,65.91999816894531,66.19999694824219,65.38999938964844,65.88999938964844,46.33112335205078,9956000,False,0.0024312747301581,61.89551415053967,65.16799945831299,64.75980509530505,1.01181601627799,1.002142224993024,0.005716557354970278,0.05432840965970954,47,48
ABBV,2015-05-21,65.44999694824219,65.80999755859375,64.87000274658203,65.6500015258789,46.16237258911133,10553400,False,-0.0036489257641424,63.11640939365029,65.23799953460693,64.84458570774066,0.9627179803302112,0.9592849186488556,0.0035803616660668755,0.031018159632426497,48,48
ABBV,2015-05-22,65.4800033569336,65.87000274658203,65.30999755859375,65.4800033569336,46.04282379150391,14041500,False,-0.0025931047118648,58.19677000766068,65.2084997177124,64.90510167433047,0.8997186055797073,0.8971424102783198,0.003556605906120656,0.030758935860554382,48,48
ABBV,2015-05-26,65.72000122070312,67.0,65.66000366210938,66.0999984741211,46.47879409790039,21034300,True,0.0094242522584003,73.93167757554022,65.26249980926514,65.01890136954863,0.8895652175527573,0.9257134028843472,0.005172819164240821,0.04839511748000638,48,48
ABBV,2015-05-27,66.75,67.98999786376953,66.56999969482422,67.37999725341797,47.37883377075195,40778800,False,0.0191794163796486,79.25175959823618,65.30699977874755,65.24376764420285,0.9735809532869268,0.979999269757952,0.009482599662675261,0.0954236090658061,46,48
ABBV,2015-05-28,67.41999816894531,67.52999877929688,66.62999725341797,67.47000122070312,47.44211196899414,12891500,False,0.0013346883885649,76.58357788438447,65.39899997711181,65.45578988958383,1.0354901116850073,0.9571424211774554,0.009567962286568458,0.09635508932123008,46,48
ABBV,2015-05-29,67.22000122070312,67.5199966430664,66.38999938964844,66.58999633789062,46.823341369628906,9451000,False,-0.0131284466330363,62.16215844684644,65.49549961090088,65.56380955132732,1.001994161240532,0.95928464617048,0.012217863220233377,0.12527091085955042,44,48
ABBV,2015-06-01,66.80000305175781,67.26000213623047,66.26000213623047,66.93000030517578,47.06240463256836,12426700,True,0.0050926533536083,64.78635733484964,65.62599964141846,65.69392295645575,0.9914549819436188,0.9792845589773996,0.011840552202336856,0.1211536784304692,45,48
ABBV,2015-06-02,66.69999694824219,67.2300033569336,66.33000183105469,66.62000274658203,46.844425201416016,11133200,False,-0.0046424700533116,65.68462947169387,65.72299976348877,65.78212103170587,0.9471700079406418,0.9949989318847656,0.012012442309232103,0.12302934992899257,45,48
ABBV,2015-06-03,66.9000015258789,67.30000305175781,66.62000274658203,67.01000213623047,47.11866760253906,20804000,False,0.0058372531520479,65.07938216602506,65.88049983978271,65.89906208927964,0.9327909054551072,0.9942844935825892,0.00789991707064647,0.07815331537236735,46,48
ABBV,2015-06-04,66.55000305175781,67.87000274658203,66.5199966430664,67.41999816894531,47.40696716308594,10539000,False,0.0060999422053731,63.401109578647805,66.05449981689453,66.04391314448588,0.9436013673088725,0.9957139151436942,0.008529606384434889,0.08502450953316601,46,48
ABBV,2015-06-05,66.9800033569336,67.76000213623047,66.62000274658203,67.4000015258789,47.39289474487305,8908900,False,-0.0002968868948335,63.03148506976469,66.18950004577637,66.17306441890427,0.9397226366384644,1.033571515764509,0.004733460923588201,0.04360082335500645,48,48
ABBV,2015-06-08,67.86000061035156,68.19999694824219,67.52999877929688,67.79000091552734,47.66712188720703,10276700,True,0.0057695740597369,70.1107390249842,66.31700019836425,66.32705837096361,0.9570857176334612,1.0299998692103796,0.004837615887351185,0.044737366350346024,48,48
ABBV,2015-06-09,67.5199966430664,68.08000183105469,67.51000213623047,67.66999816894531,47.58274459838867,8132800,False,-0.0017717045493679,67.8966623452124,66.44050025939941,66.45495739934282,0.9502094427012509,1.0192854745047433,0.0038369050312906695,0.03381757076188021,48,48
ABBV,2015-06-10,67.66000366210938,68.44000244140625,67.54000091552734,68.23999786376953,47.98353958129883,7349300,False,0.0083878396278315,70.15438088645016,66.6120002746582,66.62496125309775,0.9794635112993006,1.025714329310826,0.004413444849721246,0.04010879557246863,48,48
ABBV,2015-06-11,68.66999816894531,68.66999816894531,67.6500015258789,68.04000091552734,47.84291076660156,7552200,False,-0.00293507513098,70.63905147673097,66.74900016784667,66.7597269352339,0.9752672157679284,1.025714329310826,0.004968082277815376,0.04616102065209149,48,48
ABBV,2015-06-12,67.88999938964844,67.93000030517578,66.58999633789062,67.05000305175781,47.14679336547852,8249900,False,-0.0146569540239367,61.87595583949398,66.80300025939941,66.78737227966475,0.8818911749709173,1.0892857142857142,0.00901114017652952,0.09027902490767911,46,48
ABBV,2015-06-15,66.66000366210938,67.05000305175781,66.0999984741211,66.91000366210938,47.0483512878418,7028400,True,-0.0020901738372764,56.60689682639448,66.8490005493164,66.79905145894519,0.787515223890523,1.048571995326451,0.008172517336193869,0.08112794001954823,46,48
ABBV,2015-06-16,66.72000122070312,67.4000015258789,66.62000274658203,66.7699966430664,46.94989013671875,5200700,False,-0.0020949580681888,43.88777616390185,66.90700035095215,66.79628433362339,0.6934307681188159,0.9692862374441964,0.008165471682627762,0.08105105757517074,46,48
ABBV,2015-06-17,66.97000122070312,67.98999786376953,66.87999725341797,67.7699966430664,47.65304946899414,7377100,False,0.0148657596575948,52.542333430317136,67.00900001525879,66.88901883928463,0.691587610256434,0.9921433585030692,0.010531333718825423,0.1068674356721299,45,48
ABBV,2015-06-18,67.79000091552734,69.06999969482422,67.79000091552734,68.9800033569336,48.50388717651367,9079000,False,0.0176973173979762,69.18142641434571,67.16350021362305,67.08816022191786,0.7787869525216848,1.004286629813058,0.013417495211686293,0.13836134157559116,44,48
ABBV,2015-06-19,68.5,69.75,68.5,69.4800033569336,48.8554573059082,9979500,False,0.0072221451243785,69.95307742821325,67.35500030517578,67.31595480620507,0.8781165004215552,1.022143772670201,0.009241612737326807,0.09279395041030047,46,48
ABBV,2015-06-22,69.8499984741211,70.5999984741211,69.7300033569336,70.12000274658203,49.30548477172852,10124900,True,0.0091692400112355,76.04166193614016,67.58700027465821,67.58300699100288,0.9969858525039824,1.037857600620815,0.007675389564057292,0.07570326253133623,46,48
ABBV,2015-06-23,70.01000213623047,70.48999786376953,69.56999969482422,70.0199966430664,49.235164642333984,8720000,False,-0.0014272311325213,73.40583820008212,67.78300018310547,67.81510124358036,1.070777754253882,1.0550003051757812,0.007427813375217251,0.07300170157760838,47,48
ABBV,2015-06-24,70.5199966430664,70.75,69.02999877929688,69.22000122070312,48.672645568847656,9308200,False,-0.0114909170555304,63.19648913987059,67.87500038146973,67.94890124140157,1.052572028151431,1.0814285278320312,0.011111582638053558,0.1131991343341621,45,48
ABBV,2015-06-25,69.66999816894531,70.37999725341797,69.29000091552734,69.81999969482422,49.09453201293945,6191200,False,0.0086304846517484,66.35131874952316,67.99250030517578,68.1271010941085,1.074176285942329,1.0828568594796315,0.008881128251484752,0.08886032975017805,46,48
ABBV,2015-06-26,69.94999694824219,70.5999984741211,69.68000030517578,70.45999908447266,49.5445556640625,9669500,False,0.0091247148396634,67.4509475397476,68.18600044250488,68.34928185509555,1.1299154559106626,1.091428484235491,0.009174197142226295,0.09205830882760553,46,48
ABBV,2015-06-29,69.2699966430664,70.0199966430664,67.08000183105469,67.18000030517578,47.23820877075195,12057200,True,-0.0476693061684315,47.73359098701451,68.19850044250488,68.23792170748415,0.8990568920854116,1.292142595563616,0.023437503007606893,0.247700054415207,40,40
ABBV,2015-06-30,68.0,68.22000122070312,66.66000366210938,67.19000244140625,47.24523162841797,11459600,False,0.0001486579584586,44.87807492283152,68.2270004272461,68.13811987261958,0.7087370265417121,1.339285169328962,0.023567743673278654,0.249121245599282,40,40
ABBV,2015-07-01,67.9000015258789,68.5999984741211,67.68000030517578,68.51000213623047,48.17339324951172,7694900,False,0.0194551304427924,52.06684605009764,68.3020004272461,68.17353723105872,0.6568483664972575,1.367142268589565,0.026397784490152048,0.2800027605145189,38,40
ABBV,2015-07-02,68.68000030517578,68.9000015258789,67.79000091552734,68.20999908447266,47.96245193481445,6245700,False,-0.0043884079412948,55.43068512291666,68.34150047302246,68.1770097885267,0.584777539068682,1.3428562709263392,0.025712618884151193,0.2725262069061865,39,40
ABBV,2015-07-06,67.52999877929688,69.0,67.48999786376953,68.22000122070312,47.96949005126953,17029100,True,0.0001467314498591,56.20850845957368,68.38250045776367,68.18110421063875,0.5224455507932362,1.3828560965401786,0.024806328046081023,0.2626367262080505,39,40
ABBV,2015-07-07,68.41999816894531,68.79000091552734,67.31999969482422,68.55999755859375,48.20855712890625,7821600,False,0.004971354212558,58.32557974485904,68.42100028991699,68.21718929139637,0.4947783669813219,1.4321419852120536,0.009217215521905912,0.0925277270514646,46,48
ABBV,2015-07-08,67.79000091552734,68.44000244140625,67.58000183105469,67.66000366210938,47.575714111328125,5027200,False,-0.0132141158021237,49.4836011023578,68.42050056457519,68.16412399336903,0.3956689136543474,1.4149987357003349,0.012118073935879511,0.12418200632687328,45,48
ABBV,2015-07-09,68.4800033569336,68.91999816894531,67.80000305175781,67.97000122070312,47.793701171875,6516800,False,0.0045714328754948,44.820497812513935,68.40700073242188,68.145636110258,0.3382391595833951,1.4121409824916296,0.007532956620327236,0.07414902873725256,47,48
ABBV,2015-07-10,68.94000244140625,69.5,68.52999877929688,69.2300033569336,48.67967224121094,6891400,False,0.0183676790042567,48.81065589597885,68.46650085449218,68.24890918136995,0.3899027516250015,1.432140895298549,0.011330875569514311,0.11559206728881574,45,48
ABBV,2015-07-13,69.41999816894531,69.69999694824219,69.16999816894531,69.56999969482422,49.28179931640625,5507000,True,0.0122932954894543,47.30654499478421,68.59250068664551,68.37472732550846,0.4530588036645468,1.389998299734933,0.0118641662982083,0.12141135635847503,45,48
ABBV,2015-07-14,69.70999908447266,70.5199966430664,69.4000015258789,69.80000305175781,49.44472503662109,6628300,False,0.0033005490507598,48.93620004087707,68.73700065612793,68.51046787086554,0.5157248238649998,1.4042837960379464,0.01190265187838064,0.12183131249869306,45,48
ABBV,2015-07-15,69.80999755859375,70.04000091552734,69.30999755859375,69.75,49.409297943115234,16761400,False,-0.0007167557567141,52.76328978981368,68.88600082397461,68.62851854983073,0.5549560797352058,1.3335696629115514,0.00766141470063127,0.07555076828080953,46,48
ABBV,2015-07-16,70.13999938964844,70.30000305175781,69.83000183105469,69.98999786376953,49.57931137084961,6843800,False,0.0034350133026981,50.92090058307447,68.99700088500977,68.75818324639633,0.5985136615896636,1.2899987357003349,0.007788166617803537,0.0769338901062448,46,48
ABBV,2015-07-17,69.98999786376953,70.12999725341797,69.69999694824219,69.98999786376953,49.57931137084961,6141200,False,0.0,47.2642524966516,69.04750061035156,68.8754989242414,0.6258193036512552,1.2549988882882257,0.005178445149582399,0.0484565084497772,48,48
ABBV,2015-07-20,70.0,71.11000061035156,69.86000061035156,70.80000305175781,50.153106689453125,9633000,True,0.0115068231766195,79.5751725651085,69.11350059509277,69.05878503162391,0.7046965675145174,1.102856227329799,0.004852425142862914,0.04489896551960263,48,48
ABBV,2015-07-21,70.80999755859375,71.5999984741211,70.22000122070312,70.54000091552734,49.96892166137695,5028500,False,-0.0036792150315016,76.29511012313621,69.13450050354004,69.19985321104329,0.737723352351793,1.089999062674386,0.005831243465924659,0.05557986894075307,47,48
ABBV,2015-07-22,70.26000213623047,70.6500015258789,70.02999877929688,70.55999755859375,49.98308563232422,5701700,False,0.0002834154395809,70.21691859721459,69.1615005493164,69.32939076795286,0.7567871085532403,1.0335709708077567,0.005726278241713639,0.05443448435204776,47,48
ABBV,2015-07-23,70.25,70.93000030517578,70.13999938964844,70.5199966430664,49.95475387573242,5636600,False,-0.0005669875892905,74.0124608220082,69.22650032043457,69.44278180367796,0.7599077891413089,1.010713849748884,0.005808676834783707,0.05533362098842288,47,48
ABBV,2015-07-24,67.52999877929688,69.0199966430664,67.3499984741211,68.08000183105469,48.22632598876953,13495200,False,-0.0352126189603787,49.03315208227954,69.13950042724609,69.31299323485669,0.5590493881978063,1.1292849949428014,0.01755821630672337,0.1835450504089836,42,40
ABBV,2015-07-27,68.45999908447266,70.95999908447266,68.45999908447266,69.33999633789062,49.11886596679688,12841500,True,0.018338142284314,54.77941107722342,69.083500289917,69.31556495895516,0.4958231442637668,1.229998997279576,0.01938631028562969,0.20349328265335828,41,40
ABBV,2015-07-28,69.5,71.44000244140625,69.08000183105469,71.2300033569336,50.45771789550781,10098300,False,0.0268925196024372,69.50819180044509,69.28600044250489,69.4978924254293,0.5914062977517602,1.328570774623326,0.023879245287662963,0.2525203632704388,39,40
ABBV,2015-07-29,71.29000091552734,71.51000213623047,70.73999786376953,70.7699966430664,50.13184356689453,6793300,False,-0.0064793098594203,65.05372154054527,69.46500015258789,69.61904520806141,0.6228580186346875,1.2935714721679688,0.024186567987211537,0.25587388046118564,39,40
ABBV,2015-07-30,70.86000061035156,70.87999725341797,69.2699966430664,70.16000366210938,49.69974136352539,6820400,False,-0.0086566771843867,55.37572335908511,69.54750022888183,69.67056506082788,0.5917411744793384,1.299285888671875,0.02455149920466803,0.25985602402877167,39,40
ABBV,2015-07-31,70.37999725341797,70.37999725341797,69.7300033569336,70.01000213623047,49.59349060058594,6181300,False,-0.0021401419088073,52.60048517860525,69.63750038146972,69.70289240134242,0.5486524577692222,1.3078569684709822,0.016005496042086283,0.1666017067915739,43,40
ABBV,2015-08-03,70.19000244140625,70.79000091552734,69.27999877929688,69.7300033569336,49.3951301574707,9872300,True,-0.0040077477007408,49.588721050220414,69.71300048828125,69.70547439711301,0.4863049570664657,1.335714612688337,0.014615727834879605,0.1514365023310281,43,40
ABBV,2015-08-04,70.04000091552734,70.38999938964844,69.66999816894531,69.94999694824219,49.55097198486328,5410900,False,0.0031500373007749,51.15205712557924,69.78250045776367,69.72876225912532,0.4494646095881478,1.3350001743861608,0.004519880369404759,0.04127022408226967,48,48
ABBV,2015-08-05,70.0999984741211,70.63999938964844,70.05000305175781,70.30000305175781,49.79891586303711,10090200,False,0.0049913371480517,51.76339679009966,69.9145004272461,69.78316614413794,0.4433997004814642,1.3450001307896204,0.00551218794975093,0.05209832280093696,47,48
ABBV,2015-08-06,70.37000274658203,70.77999877929688,68.80000305175781,69.23999786376953,49.04803466796875,6172200,False,-0.0151930966977983,46.19289576007312,69.97800025939941,69.7314358317219,0.3490361846127001,1.4557140895298548,0.007928787220785284,0.07846834756794603,46,48
ABBV,2015-08-07,69.08000183105469,69.30000305175781,67.7699966430664,68.62000274658203,48.60883712768555,6214500,False,-0.0089947689976485,38.716349893970325,69.94750022888184,69.62558506170858,0.2216687348018382,1.4757145472935267,0.0083994014636866,0.08360370839907925,46,48
ABBV,2015-08-10,68.91999816894531,69.43000030517578,68.5,69.20999908447266,49.02677917480469,8189400,True,0.0085613143182253,43.34332767174173,69.92950019836425,69.58600544482897,0.1664185177754689,1.4435719081333704,0.010107704564304822,0.10224477794371228,45,48
ABBV,2015-08-11,68.5,69.29000091552734,67.94000244140625,68.25,48.34674072265625,7473200,False,-0.0139678530502444,39.432757975619424,69.85200004577636,69.45876683103575,0.0446536798307732,1.4957144601004464,0.010999822054160936,0.11197959851763327,45,48
ABBV,2015-08-12,67.83000183105469,68.91999816894531,67.23999786376953,68.75,48.70093536376953,8337600,False,0.0072994270047003,42.23003545427082,69.80200004577637,69.39126522807996,-0.0113689559359357,1.5592858450753349,0.011554236335853174,0.118029388615083,45,48
ABBV,2015-08-13,68.68000030517578,69.08999633789062,68.20999908447266,68.54000091552734,48.55216598510742,7184900,False,-0.0030594293167034,52.5109131206486,69.72950019836426,69.31019243640827,-0.0718838373528427,1.395714351109096,0.009890578711556618,0.0998754922358351,46,48
ABBV,2015-08-14,68.55999755859375,69.44000244140625,68.41000366210938,68.6500015258789,48.63009643554688,5864800,False,0.001603800224497,45.69291742825657,69.66250038146973,69.24731711159595,-0.1097016149892908,1.2635716029575892,0.00913198636759051,0.09159770322123875,46,48
ABBV,2015-08-17,68.70999908447266,69.81999969482422,68.30000305175781,69.37000274658203,49.1401252746582,17669900,True,0.0104333089714897,36.40349703078083,69.59100036621093,69.2590014577851,-0.0806447722838186,1.203571319580078,0.009592995384328708,0.0966282514527614,46,48
ABBV,2015-08-18,69.41999816894531,69.73999786376953,68.66999816894531,68.86000061035156,48.77884292602539,6376500,False,-0.0073792441788647,36.13934457996756,69.50700035095215,69.22100137707714,-0.0976443420311454,1.2249995640345983,0.00729189114878632,0.07151851298265507,47,48
ABBV,2015-08-19,68.75,69.08000183105469,68.20999908447266,68.58999633789062,48.58758544921875,6270300,False,-0.0039286174092578,38.015216849422615,69.40850028991699,69.16090565905938,-0.131389139584698,1.172142573765346,0.006884539727515483,0.06707347850940101,47,48
ABBV,2015-08-20,68.0,68.43000030517578,67.4800033569336,67.4800033569336,47.8012924194336,9600900,False,-0.0163153776481517,33.15578808350688,69.25650062561036,69.0008197255236,-0.2448765077775476,1.2049996512276786,0.009986483972469375,0.10092201415441261,45,48
ABBV,2015-08-21,66.73999786376953,67.16000366210938,65.83000183105469,65.9000015258789,46.68205642700195,16277100,False,-0.0236928170412078,28.2633207013849,69.14750061035156,68.70550370650982,-0.457040529120718,1.2149996076311385,0.012961505865321233,0.13338556818143957,44,48
ABBV,2015-08-24,61.16999816894531,64.8499984741211,53.869998931884766,63.45000076293945,44.94652938842773,24292600,True,-0.0378863127084397,20.561624092843616,68.853000831604,68.20497961664597,-0.8134991191924854,2.0228568485804965,0.013614225745990454,0.1405080727793158,44,48
ABBV,2015-08-25,65.11000061035156,65.12000274658203,60.650001525878906,60.709999084472656,43.00558090209961,15267000,False,-0.0441436517530101,14.296337493048044,68.32700061798096,67.49117194691517,-1.3020807795629707,2.292856761387416,0.016228709770374623,0.16903742363294352,43,40
ABBV,2015-08-26,62.470001220703125,63.220001220703125,60.880001068115234,63.13999938964844,44.7269287109375,15289600,False,0.0392458565495341,29.39189067280455,67.94550075531006,67.07677456050882,-1.4761879731205454,2.330714362008231,0.03309418374195474,0.3530741282983204,35,32
ABBV,2015-08-27,64.02999877929688,64.5999984741211,63.0,64.51000213623047,45.6973991394043,12592100,False,0.0214656324279933,36.78456654744207,67.66300067901611,66.83232004391088,-1.486486119649186,2.3357137952532088,0.037219590275030606,0.3980907240389243,34,32
ABBV,2015-08-28,63.90999984741211,64.77999877929688,63.43999862670898,63.97999954223633,45.321964263916016,7316400,False,-0.0082496073508939,33.1181523577844,67.3615005493164,66.56067047232283,-1.51989386451703,2.3649994986397886,0.03632577263291053,0.3883373513377037,34,32
ABBV,2015-08-31,64.13999938964844,64.30999755859375,62.25,62.40999984741211,44.20981216430664,15581100,True,-0.0248450182052751,31.86336473624938,66.99550037384033,66.16536850804562,-1.6539894366984242,2.415713718959264,0.033839239894255475,0.3612042098656187,35,32
ABBV,2015-09-01,61.0,61.630001068115234,60.15999984741211,60.5,42.85681915283203,12703200,False,-0.0310819866422764,26.442046262600925,66.52300052642822,65.62580960251746,-1.8925658478967904,2.4564279828752795,0.0302077393259911,0.32157713512701275,37,40
ABBV,2015-09-02,61.560001373291016,61.59999847412109,60.27999877929688,60.97999954223633,43.19683837890625,12044500,False,0.007902534426619,28.74016584268824,66.05700035095215,65.18335150153831,-2.019626424835103,2.487856728690011,0.021979073553847258,0.23178561577511095,40,40
ABBV,2015-09-03,61.45000076293945,62.27999877929688,61.34999847412109,61.58000183105469,43.62185287475586,11777400,False,0.0097909306152083,30.651354435882425,65.6740005493164,64.84017534244464,-2.0482961937005726,2.50714247567313,0.018557994392269184,0.19445466756949514,42,40
ABBV,2015-09-04,60.650001525878906,60.79999923706055,58.959999084472656,59.77000045776367,42.33968353271485,9281400,False,-0.0298334462629047,25.20662109656321,65.23150043487549,64.35730154390359,-2.1918034304964493,2.585714340209961,0.020646360413854155,0.21724299841600933,41,40
ABBV,2015-09-08,60.220001220703125,60.93999862670898,59.90999984741211,60.56999969482422,42.90640258789063,9263200,True,0.0132962680203982,28.90585991583985,64.79950046539307,63.99660612970556,-2.215442455451381,2.592857088361467,0.022428319282104703,0.2366878025474968,40,40
ABBV,2015-09-09,61.52000045776367,61.52000045776367,59.11000061035156,59.2599983215332,41.97842788696289,8436900,False,-0.0218651946755369,27.45288739677136,64.35000038146973,63.54550062416533,-2.313217385630729,2.702856881277901,0.020108782888215854,0.2113769316521963,41,40
ABBV,2015-09-10,59.36000061035156,60.130001068115234,58.88999938964844,59.58000183105469,42.205108642578125,9306600,False,0.0053854070004894,30.150766676826407,63.89150047302246,63.167834072440506,-2.337932878480288,2.712143216814313,0.01976035921416025,0.20757491903703648,41,40
ABBV,2015-09-11,59.619998931884766,59.7599983215332,58.970001220703125,59.34999847412109,42.042179107666016,9365400,False,-0.0038678927806428,32.34502267840426,63.43200035095215,62.80423068212437,-2.3490016050154665,2.650714329310825,0.01814370855336148,0.18993396446262822,42,40
ABBV,2015-09-14,59.43000030517578,59.619998931884766,57.540000915527344,58.93999862670898,41.75174331665039,9095600,True,-0.0069321723028697,36.34161906579524,62.94650020599365,62.43620858160862,-2.36361097568399,1.9399997166224885,0.01330213863447961,0.13710256614085573,44,48
ABBV,2015-09-15,58.97999954223633,59.43999862670898,58.369998931884766,59.20000076293945,41.93592834472656,10474700,False,0.0044017313854086,44.6186870986994,62.43800010681152,62.127998313163936,-2.327380415047678,1.6971424647739946,0.011009070190479623,0.11208051453904218,45,48
ABBV,2015-09-16,59.5,59.63999938964844,58.630001068115234,59.5099983215332,42.155521392822266,8044200,False,0.0052227318694782,34.76072013449755,61.970499992370605,61.87866498062768,-2.2477426444613613,1.5899993351527613,0.005812183140027593,0.05537188192693685,47,48
ABBV,2015-09-17,59.560001373291016,60.91999816894531,59.38999938964844,59.86000061035156,42.403465270996094,10281700,False,0.0058644172204596,28.65015945343066,61.53400020599365,61.68641123107757,-2.1318126684613574,1.5849993569510314,0.005908937428778065,0.056427668470136555,47,48
ABBV,2015-09-18,59.41999816894531,61.83000183105469,58.970001220703125,61.220001220703125,43.36685562133789,28957000,False,0.0224653669937393,38.22527585732137,61.22100009918213,61.64199123008953,-1.908200101043448,1.6935708182198643,0.01050377853657636,0.10656675245705295,45,48
ABBV,2015-09-21,61.2400016784668,61.7400016784668,59.290000915527344,59.38999938964844,42.07052230834961,11038100,True,-0.0303481412352116,37.39567309422197,60.8954999923706,61.42751581671418,-1.857242251543255,1.7214281899588433,0.019333748840388666,0.2029197301287801,41,40
ABBV,2015-09-22,58.16999816894531,58.2599983215332,56.90999984741211,57.7400016784668,40.90169525146485,14192000,False,-0.0281758018655572,38.22527585732137,60.61000003814697,61.07632399402396,-1.927776605658224,1.7378567286900095,0.02321923817346821,0.2453183400983188,40,40
ABBV,2015-09-23,57.900001525878906,58.400001525878906,57.150001525878906,57.43000030517578,40.68210220336914,9827000,False,-0.0053832644533554,34.63205722236884,60.44600009918213,60.72905507127651,-1.9857990541229924,1.7328567504882808,0.02252664265137842,0.23776071095808896,40,40
ABBV,2015-09-24,56.93000030517578,57.47999954223633,55.91999816894531,56.56999969482422,40.07289123535156,8625500,False,-0.0150881697692493,28.789175703279568,60.11750011444092,60.33295455923344,-2.0772320860351385,1.7514283316475994,0.021430598398957577,0.22580063365917272,40,40
ABBV,2015-09-25,57.84000015258789,57.880001068115234,55.08000183105469,55.7400016784668,39.48493957519531,8673500,False,-0.014780754032903,31.394297050181397,59.67900009155274,59.895530475350895,-2.191406159794994,1.7642852238246365,0.01038262993792016,0.10524477426011133,45,48
ABBV,2015-09-28,55.38999938964844,55.43000030517578,52.34000015258789,52.5,37.18980407714844,15123000,True,-0.0598846828617388,19.593095490382225,59.10500011444092,59.19119423960319,-2.514347164472632,1.923571177891322,0.021295252296738662,0.2243237317539167,41,40
ABBV,2015-09-29,53.09999847412109,54.18999862670898,51.880001068115234,52.790000915527344,37.39522552490234,12842800,False,0.0055083967457073,23.591871993203952,58.62400016784668,58.5815567801674,-2.7155761160216088,1.9164281572614388,0.024924727107166297,0.2639287013446121,39,40
ABBV,2015-09-30,53.540000915527344,54.5,53.36000061035156,54.40999984741211,38.54279327392578,11895500,False,0.030226101118997,30.922511572884773,58.31950016021729,58.18426564371452,-2.7130567061045454,1.949999400547572,0.03313851836869812,0.3535579094610775,35,32
ABBV,2015-10-01,54.68000030517578,55.22999954223633,53.93000030517578,55.130001068115234,39.05284118652344,9255800,False,0.0131464936681226,34.97152427263342,58.02700023651123,57.89338330318125,-2.6227287894911555,1.9864281245640336,0.03459937978504406,0.36949888577103135,35,32
ABBV,2015-10-02,53.869998931884766,55.84999847412109,53.720001220703125,55.81999969482422,39.5416145324707,6942600,False,0.0124380185023983,39.10615165069533,57.7390001296997,57.69591819762344,-2.4670277815866086,1.9899994986397864,0.03484701567623421,0.37220109819911407,35,32
ABBV,2015-10-05,56.38999938964844,56.95000076293945,55.43999862670898,56.68000030517578,40.15081405639648,9332800,True,0.0152890657656415,41.55495937424656,57.58450012207031,57.59916411262843,-2.2483214984243887,2.0214282444545195,0.009103437537542919,0.09128617728293045,46,48
ABBV,2015-10-06,56.2599983215332,56.66999816894531,53.959999084472656,55.08000183105469,39.01741027832031,9008300,False,-0.0286347516565992,36.33560858059636,57.31000022888183,57.35924389533569,-2.1789837303676407,2.1435713086809427,0.021989783488679707,0.23190248299847308,40,40
ABBV,2015-10-07,54.84999847412109,56.54999923706055,53.90999984741211,55.630001068115234,39.40701675415039,11056100,False,0.0099359267466965,37.111518642386194,57.128500366210936,57.19455410226708,-2.0559529617785515,2.222857066563197,0.01858506013182231,0.19475000996693279,42,40
ABBV,2015-10-08,55.130001068115234,56.15999984741211,54.79999923706055,56.040000915527344,39.69746398925781,6737300,False,0.0073434156344157,33.24708728353566,56.95150032043457,57.084596655910914,-1.9034251300501808,2.11571420942034,0.018079345146951288,0.1892316284810406,42,40
ABBV,2015-10-09,56.18000030517578,56.5,55.470001220703125,55.63999938964844,39.41410446166992,7178500,False,-0.0071635727844459,36.63577930764462,56.76600036621094,56.94701596388592,-1.7941407667427995,2.014285496303013,0.01771710494903968,0.18527884942286985,42,40
ABBV,2015-10-12,55.79999923706055,56.27000045776367,55.52000045776367,55.77000045776367,39.50619888305664,6515000,True,0.0023338598379908,42.12629542645015,56.60750045776367,56.83491924901713,-1.6777026103789083,1.8907141004289891,0.01562825515248108,0.16248523960512148,43,40
ABBV,2015-10-13,55.16999816894531,55.36000061035156,53.709999084472656,53.79999923706055,38.46240615844727,9467900,False,-0.0267762925167247,37.191247142006056,56.33750038146973,56.54587924787841,-1.7245081110572542,1.948571341378348,0.014877258284078486,0.15429033271381623,43,40
ABBV,2015-10-14,54.09000015258789,54.619998931884766,53.56999969482422,53.93999862670898,38.56250381469727,8727400,False,0.0025990997622509,40.22304491103812,56.059000396728514,56.29770014110037,-1.7303585308069955,1.9121426173618856,0.013606553844601632,0.14042435669446127,44,48
ABBV,2015-10-15,54.31999969482422,56.20000076293945,53.84999847412109,56.13999938964844,40.13531112670898,7781600,False,0.0399761229701426,51.3495196236784,55.87300033569336,56.28268102191446,-1.5397243711079869,1.8799999782017296,0.024261669869986777,0.25669339511244366,39,40
ABBV,2015-10-16,56.290000915527344,56.970001220703125,55.790000915527344,56.52999877929688,40.41413879394531,7342800,False,0.0069231703307958,66.83374422855805,55.63850021362305,56.30623509404612,-1.3417093445785966,1.721428462437221,0.023715145620754777,0.25072970135454137,39,40
ABBV,2015-10-19,56.290000915527344,56.70000076293945,55.68999862670898,56.15999984741211,40.14961242675781,6463000,True,-0.0065669066746294,63.98339894296472,55.47700023651123,56.29230792770003,-1.2007948158574493,1.6285716465541304,0.024293373896674412,0.25703935067859307,39,40
ABBV,2015-10-20,56.150001525878906,56.380001068115234,54.630001068115234,54.83000183105469,39.19878387451172,6494600,False,-0.0239670645085887,51.78572297443925,55.33150024414063,56.15304068040048,-1.1828041315163205,1.6314288548060836,0.023443499097357146,0.2477654839786082,40,40
ABBV,2015-10-21,55.27999877929688,55.61000061035156,53.06999969482422,53.83000183105469,38.4838752746582,11638800,False,-0.018406393178176,44.60133077203599,55.15150032043457,55.93179888522469,-1.2350016964169583,1.7200004032679976,0.025502584453345863,0.2702343030689853,39,40
ABBV,2015-10-22,53.880001068115234,54.43999862670898,45.45000076293945,48.27000045776367,34.508941650390625,46517700,False,-0.1090208607989839,27.675933455978168,54.73650035858154,55.20210379689507,-1.7053560041495928,2.210000446864538,0.045627073458916916,0.4898335059079264,30,32
ABBV,2015-10-23,49.40999984741211,51.72999954223633,48.63999938964844,50.34000015258789,35.988807678222656,26214800,False,0.0419895235615929,32.50551731150564,54.4665002822876,54.73904630696105,-1.8893047766703857,2.349285943167551,0.054578202650415304,0.5875085740508874,26,24
ABBV,2015-10-26,50.16999816894531,52.47999954223633,49.34999847412109,51.869998931884766,37.082637786865234,13890400,True,0.029940883602873,41.10802483420861,54.43500022888183,54.46580369981093,-1.889842461901793,2.3785716465541307,0.05957230384099413,0.6420043995123199,24,24
ABBV,2015-10-27,52.0099983215332,53.4900016784668,52.0099983215332,52.58000183105469,37.59021759033203,11710800,False,0.0135949701826619,41.62548393333981,54.4245002746582,54.28620352183415,-1.812088651116241,2.305714743477959,0.06065803689593647,0.6538519606253113,23,24
ABBV,2015-10-28,52.81999969482422,53.84000015258789,52.08000183105469,53.2599983215332,38.076358795166016,7869000,False,0.0128497394007028,42.47834777365552,54.36700019836426,54.18846969323406,-1.6762751060909196,2.3342860085623616,0.06097621940735315,0.6573239805034335,23,24
ABBV,2015-10-29,53.20000076293945,55.18000030517578,53.02000045776367,54.09999847412109,38.67689514160156,9304400,False,0.0156488115042169,45.930229744802354,54.31550006866455,54.18004386284235,-1.4837570731029217,2.4150003705705925,0.012787783970187042,0.13148990813876332,44,48
ABBV,2015-10-30,57.869998931884766,60.72999954223633,57.65999984741211,59.54999923706055,42.57316970825195,27465600,False,0.0959818388202009,57.79702787215727,54.50200004577637,54.69146818419647,-0.8812570482413307,2.8350004468645382,0.03555946637665345,0.37997538781366275,34,32
ABBV,2015-11-02,61.59999847412109,64.19999694824219,61.43999862670898,63.380001068115234,45.311302185058594,17008700,True,0.0623322619279885,68.35249500216165,54.83700008392334,55.51894750647445,-0.0936428422600457,3.0200001852852973,0.03761650435919207,0.4024218658857198,33,32
ABBV,2015-11-03,63.119998931884766,63.720001220703125,61.91999816894531,62.43000030517578,44.63212203979492,8754700,False,-0.0151026728329665,65.77480811335505,55.20450000762939,56.17714301111267,0.4487174331006116,3.073571886335102,0.04426921256907484,0.47501647532926433,30,32
ABBV,2015-11-04,62.43000030517578,64.1500015258789,62.29999923706055,63.79999923706055,45.6115608215332,10342600,False,0.0217073862799734,64.685583646532,55.61299991607666,56.9031293183458,0.9778176498657204,3.037857600620816,0.04336207276389075,0.46511773066912654,31,32
ABBV,2015-11-05,63.70000076293945,64.18000030517578,61.68999862670898,62.77000045776367,44.87520217895508,10237200,False,-0.0162758589969556,61.67665098100687,55.94949989318848,57.46187895067131,1.2990464908646615,3.13142912728446,0.04909960174545597,0.5277258689561782,28,32
ABBV,2015-11-06,62.25,64.30000305175781,62.130001068115234,64.12999725341797,45.84747695922852,7261100,False,0.0214348168574115,64.38108763356433,56.37399978637696,58.09693783664719,1.6444073330001885,3.2142862592424675,0.03244582299102623,0.3459991906928715,36,32
ABBV,2015-11-09,63.619998931884766,64.12999725341797,63.11000061035156,63.22999954223633,45.20405960083008,8239400,True,-0.0141332720535295,65.39589307491084,56.746999740600586,58.5858008562271,1.824454815456548,3.16214316231864,0.020138785235256085,0.21170431842417883,41,40
ABBV,2015-11-10,63.33000183105469,63.619998931884766,62.27999877929688,62.29999923706055,44.5391960144043,6897600,False,-0.0148172861830279,65.56412877332298,57.17199974060058,58.9395340353541,1.870538091435904,3.076428822108678,0.020087297839658843,0.2111424859708789,41,40
ABBV,2015-11-11,62.20000076293945,62.27000045776367,60.56999969482422,60.86000061035156,43.50971603393555,8212500,False,-0.0233853405436412,77.26289352398345,57.51799983978272,59.12243561392528,1.7704548634607633,2.5578575134277357,0.017645096415162074,0.18449308951449425,42,40
ABBV,2015-11-12,60.790000915527344,61.72999954223633,60.150001525878906,60.22999954223633,43.05931091308594,7765500,False,-0.0104057813953299,72.84065168086357,57.72249984741211,59.22791789281205,1.621609458747848,2.423571722848076,0.017267424314534683,0.18037191693668,42,40
ABBV,2015-11-13,60.0099983215332,60.970001220703125,58.88999938964844,59.86000061035156,42.7947998046875,7834400,False,-0.0061618935452286,69.4973255222311,57.88899993896485,59.28811624686343,1.456997224491964,2.3485717773437504,0.006381305221556341,0.061582164105388894,47,48
ABBV,2015-11-16,59.7400016784668,60.810001373291016,59.560001373291016,60.0099983215332,42.90202713012695,6965100,True,0.0025024819525586,68.64024245639844,58.081499862670896,59.35686692064151,1.323389197696372,2.3221430097307483,0.00965081293285424,0.09725915877978937,46,48
ABBV,2015-11-17,60.09999847412109,61.72999954223633,59.72999954223633,60.380001068115234,43.16655731201172,8405400,False,0.0061469818876829,68.14476176995775,58.35899982452393,59.45430826801996,1.233145074461966,2.3392859867640907,0.011631731427407704,0.1188750180531569,45,48
ABBV,2015-11-18,60.2599983215332,61.060001373291016,59.84999847412109,60.9900016784668,43.6026611328125,5470200,False,0.0100521244928652,67.76690246708078,58.71699981689453,59.600564783300605,1.197049071335286,2.2714290618896493,0.008521025617658676,0.08493087587403152,46,48
ABBV,2015-11-19,61.220001220703125,61.72999954223633,60.13999938964844,60.54999923706055,43.2880859375,5571200,False,-0.0072407380602519,53.47705212447905,59.330999755859374,59.69098711223012,1.1200272322909726,1.9114289964948388,0.007580805371299555,0.07467115615959115,47,48
ABBV,2015-11-20,60.93999862670898,61.36000061035156,60.56999969482422,61.11000061035156,43.68844604492188,7490200,False,0.0092062289905344,39.78397339119131,59.86949977874756,59.826131254908354,1.09159111772059,1.6371435437883657,0.007015167779496299,0.06849889686787212,47,48
ABBV,2015-11-23,61.310001373291016,61.52999877929688,60.84000015258789,61.150001525878906,43.71704864501953,6405000,True,0.0006544806186406,43.72549430263574,60.33349990844727,59.95221413785793,1.0600632819856417,1.5578575134277357,0.007169559594005184,0.07018362632269819,47,48
ABBV,2015-11-24,60.560001373291016,61.650001525878906,60.52999877929688,61.130001068115234,43.7027473449707,5213500,False,-0.0003271867662113,34.91526198138428,60.760999870300296,60.06438432169196,1.0216860148277007,1.5057146889822828,0.007216027053703194,0.07069068104119607,47,48
ABBV,2015-11-25,61.09999847412109,61.130001068115234,60.209999084472656,60.290000915527344,43.10220718383789,4879800,False,-0.0138367618710052,35.68129569322433,61.1125,60.08587161634295,0.9129666507245487,1.393571853637695,0.008696574521261003,0.0868464723038166,46,48
ABBV,2015-11-27,60.16999816894531,60.45000076293945,59.61000061035156,60.0,42.89489364624024,2404100,True,-0.0048214169361141,22.79318119450724,61.40750007629394,60.07769336716744,0.7942495072315907,1.2985717228480749,0.008416356387122343,0.08378872117975923,46,48
ABBV,2015-11-30,59.959999084472656,60.209999084472656,57.959999084472656,58.150001525878906,41.572296142578125,12660200,True,-0.0313188023167497,20.257639329060325,61.33750019073487,59.89410366799709,0.5446079979299299,1.3864291054861886,0.013257889403409925,0.13661971681899474,44,48
ABBV,2015-12-01,58.22999954223633,59.09999847412109,57.15999984741211,59.02000045776367,42.19427108764648,11290500,False,0.0148504683018367,30.660392211902742,61.119500160217285,59.81085574321296,0.4122151860869039,1.4292861393519811,0.017064729092250083,0.17816009882688166,42,40
ABBV,2015-12-02,59.16999816894531,59.38999938964844,57.369998931884766,57.720001220703125,41.26488876342773,7663000,False,-0.0222724682322693,31.1750725661191,60.88400020599365,59.61172674106916,0.2000873723009348,1.450000490461077,0.01770056541207989,0.18509836935549073,42,40
ABBV,2015-12-03,57.709999084472656,57.75,55.52999877929688,56.119998931884766,40.12102508544922,9701500,False,-0.0281114741249764,27.926969280026498,60.50000019073487,59.27918123543255,-0.0960253409961069,1.495715005057198,0.019258400795226577,0.20209752934403039,41,40
ABBV,2015-12-04,56.5,57.47999954223633,56.20000076293945,57.18000030517578,40.87882614135742,6748100,False,0.0187117174893239,36.60000869750313,60.22050018310547,59.07925924207477,-0.2423696610546599,1.4442863464355464,0.02436363732833262,0.25780606796401573,39,40
ABBV,2015-12-07,57.900001525878906,57.9900016784668,55.7599983215332,56.27000045776367,40.228271484375,7890900,True,-0.0160422115398499,32.62084354366618,59.827500343322754,58.81171078642609,-0.4268574248706827,1.5142865862165171,0.021784897692991884,0.2296667612669244,40,40
ABBV,2015-12-08,55.560001373291016,56.869998931884766,55.5099983215332,56.66999816894531,40.51422882080078,6896200,False,0.0070832221180279,32.80814980192926,59.4995002746582,58.60773815618983,-0.5346259987647954,1.468572344098772,0.020086012930443174,0.211128464991792,41,40
ABBV,2015-12-09,56.27999877929688,57.43999862670898,55.720001220703125,56.02999877929688,40.05667495727539,6207900,False,-0.0113579160925199,27.079476477040103,59.18600025177002,58.3622391679143,-0.6640215450211429,1.5050005231584809,0.018710252481189515,0.1961161137281245,42,40
ABBV,2015-12-10,56.0,56.650001525878906,55.650001525878906,55.77999877929688,39.8779411315918,6736900,False,-0.0044720080561207,27.563499630911053,58.932000160217285,58.1163115118555,-0.7777756448513742,1.4628576551164885,0.014135660664078334,0.14619799078482582,44,48
ABBV,2015-12-11,55.77999877929688,55.77999877929688,53.84999847412109,54.040000915527344,38.63399505615234,9388600,False,-0.0316907273531096,20.067734308380054,58.62250022888183,57.72809145506234,-0.9968389356190528,1.542857578822544,0.014342575893814663,0.14845585777925013,44,48
ABBV,2015-12-14,53.709999084472656,55.47999954223633,53.2400016784668,55.43999862670898,39.63488006591797,9419500,True,0.0255769505027142,28.32192351195601,58.401500129699706,57.51017785236202,-1.0454290020166397,1.653571810041154,0.021292539657500276,0.2242941313295693,41,40
ABBV,2015-12-15,56.150001525878906,57.0,55.90999984741211,56.38999938964844,40.31404876708984,6990000,False,0.0169904725260154,33.191477043224324,58.22050018310547,57.40349418924644,-0.9958008848911746,1.685000283377511,0.022865109738432494,0.24145407691057189,40,40
ABBV,2015-12-16,56.66999816894531,57.68999862670898,56.20000076293945,57.630001068115234,41.20053863525391,6282500,False,0.021751317094648,40.827584319959,58.08300018310547,57.42506627294823,-0.8466527858993231,1.7257142748151502,0.023883704093785468,0.2525690179354017,39,40
ABBV,2015-12-17,57.65999984741211,57.93000030517578,56.34999847412109,56.380001068115234,40.3068962097168,7848900,False,-0.0219287537990644,38.29236727205881,57.85250015258789,57.325536253440326,-0.8198654971062922,1.778571537562779,0.026824680631230412,0.284661067726686,38,40
ABBV,2015-12-18,55.900001525878906,56.09999847412109,55.36000061035156,55.7400016784668,39.84934997558594,13807000,False,-0.0114164828185073,41.54385792082613,57.6120002746582,57.1745329605857,-0.8405891908488741,1.6907144274030412,0.021420265452766443,0.22568788015045393,40,40
ABBV,2015-12-21,56.0,56.2599983215332,55.70000076293945,56.20000076293945,40.1782112121582,4572100,True,0.0082187457131818,39.81213713509545,57.3665002822876,57.08172037033368,-0.8105512553804459,1.592142922537668,0.01873148942560182,0.19634785208741337,42,40
ABBV,2015-12-22,56.540000915527344,57.9900016784668,56.41999816894531,57.59000015258789,41.17193984985352,8390800,False,0.0244321136785144,49.53337724024521,57.18850021362304,57.130127968643606,-0.6668970668177749,1.5757143838065015,0.020372304331171952,0.21425248783591389,41,40
ABBV,2015-12-23,57.880001068115234,58.61000061035156,57.61000061035156,58.58000183105469,41.87969970703125,6634400,False,0.0170442629420566,59.23424797315506,57.06100025177002,57.26821119363514,-0.4677730294414957,1.4900000435965413,0.019446885545470843,0.20415428223298468,41,40
ABBV,2015-12-24,58.380001068115234,58.72999954223633,58.0,58.459999084472656,41.79391479492188,2152900,False,-0.0020504657932187,55.169624649728746,56.96950016021729,57.38171480228633,-0.3160062901482021,1.444999967302596,0.014379040604326812,0.1488537621115293,44,48
ABBV,2015-12-28,58.27000045776367,58.970001220703125,57.7599983215332,58.75,42.001251220703125,5585800,True,0.0049486589445532,60.54421724574277,56.90700016021729,57.51202767825906,-0.1703655377236543,1.372142791748048,0.010373826773563808,0.10514871378997566,45,48
ABBV,2015-12-29,59.02000045776367,59.70000076293945,59.02000045776367,59.45000076293945,42.50168991088867,5073900,False,0.0118444289402564,61.52571425137207,56.97200012207031,57.69659654346672,0.0015224691992798,1.3428570883614686,0.010299320936809972,0.10433570321596998,45,48
ABBV,2015-12-30,59.400001525878906,60.119998931884766,59.310001373291016,59.79999923706055,42.75191116333008,5220300,False,0.0058700622094726,66.01529443984394,57.01100006103516,57.89692060952327,0.164095316214663,1.2778570992606042,0.007251543399274773,0.07107823677854234,47,48
ABBV,2015-12-31,59.5,59.93000030517578,59.20000076293945,59.2400016784668,42.35155487060547,6104800,False,-0.0094087647621186,64.32120640452405,57.08700008392334,58.0248330922798,0.2449250028920033,1.2585713522774848,0.008167941208229548,0.08107800513410714,46,48
ABBV,2016-01-04,58.060001373291016,58.31999969482422,56.400001525878906,57.61000061035156,41.18623733520508,10308400,True,-0.0279009799084372,64.9122779062445,57.16150016784668,57.98532523685806,0.1754333616312422,1.3235713413783488,0.015994704907225682,0.16648395351036216,43,40
ABBV,2016-01-05,57.9900016784668,58.25,56.81999969482422,57.369998931884766,41.01466369628906,7179600,False,-0.0041745013965316,58.926916646258135,57.17100009918213,57.926722731622505,0.0998436699209861,1.2657143729073663,0.01537988843918531,0.1597750524179397,43,40
ABBV,2016-01-06,56.369998931884766,57.560001373291016,56.18000030517578,57.380001068115234,41.02181625366211,8952700,False,0.0001743750437741,55.01520273730435,57.22650012969971,57.87465400176467,0.0402810485946218,1.2528572082519531,0.012920023445762313,0.1329329104138586,44,48
ABBV,2016-01-07,56.52000045776367,57.84000015258789,56.34000015258789,57.209999084472656,40.90027618408203,9292600,False,-0.0029672132421645,47.61362695497664,57.25350017547608,57.81135353345114,-0.0204052779042953,1.25357164655413,0.011193287262679595,0.11409069836001963,45,48
ABBV,2016-01-08,57.54999923706055,57.810001373291016,55.47999954223633,55.650001525878906,39.78501510620117,7985200,False,-0.0276464791676784,45.99341828951738,57.23450031280517,57.60551048511093,-0.1921632560131598,1.307143075125558,0.014030624564090355,0.14505183279689945,44,48
ABBV,2016-01-11,55.86000061035156,55.97999954223633,52.83000183105469,53.880001068115234,38.51961898803711,10483300,True,-0.0323226409206102,40.91797064174796,57.13950042724609,57.25070006444468,-0.4657381955381439,1.4592857360839844,0.015323545791176797,0.15916023926243156,43,40
ABBV,2016-01-12,54.470001220703125,54.970001220703125,53.56999969482422,54.84000015258789,39.2059211730957,6799600,False,0.0176600901188272,43.668529260915214,57.17950038909912,57.02110959664879,-0.5981888542902212,1.5192860194614954,0.0207542692481028,0.21842050379136183,41,40
ABBV,2016-01-13,54.54999923706055,54.619998931884766,50.97999954223633,51.18000030517578,36.97364044189453,10432200,False,-0.0586225474607197,25.36511562104621,56.966500473022464,56.46481347365136,-0.9871095707210032,1.6671431405203685,0.029186364085092464,0.31043184897148945,37,40
ABBV,2016-01-14,51.31999969482422,56.83000183105469,50.709999084472656,54.560001373291016,39.41542816162109,16704900,False,0.063952079100647,36.948054988098896,56.87500057220459,56.28340279742657,-1.0109407069841154,2.031429018293108,0.04840954074920463,0.5201958966599828,29,32
ABBV,2016-01-15,53.0099983215332,57.40999984741211,53.0099983215332,57.34000015258789,41.42377471923828,27008800,False,0.049697667219338,46.8992279991154,56.86050052642823,56.384031116965744,-0.7963248489331392,2.293572017124721,0.05250500108477936,0.5648857183345477,27,24
ABBV,2016-01-19,57.52999877929688,57.72999954223633,54.22999954223633,54.9900016784668,39.72607803344727,13644500,True,-0.0418471351223892,40.65606729338683,56.79100055694581,56.25126640853728,-0.8065678600888049,2.457143238612584,0.054472855859849394,0.586359025795351,26,24
ABBV,2016-01-20,54.209999084472656,57.93000030517578,53.70000076293945,57.150001525878906,41.286502838134766,11993100,False,0.0385277892999216,44.67099293679923,56.8615005493164,56.33686022923648,-0.6330936746184719,2.691428865705217,0.056340843249545546,0.6067425764821244,25,24
ABBV,2016-01-21,57.290000915527344,58.77000045776367,56.91999816894531,58.36000061035156,42.160640716552734,12097000,False,0.0209514626189814,46.7914467138268,56.96950054168701,56.52954026553316,-0.3934419650228946,2.7657149178641185,0.041192469226294506,0.441442932904036,32,32
ABBV,2016-01-22,59.09999847412109,59.43000030517578,57.81999969482422,58.83000183105469,42.50017929077149,10383800,False,0.008021193148544,49.08277448450815,57.03150062561035,56.74863184320188,-0.1637040100982147,2.8285721370152066,0.03561313229277116,0.38056099236719,34,32
ABBV,2016-01-25,59.02999877929688,59.810001373291016,58.18000030517578,58.650001525878906,42.370147705078125,9681900,True,-0.0030642438185723,52.48804028612053,57.03500061035156,56.9297146701235,0.0037966881916915,2.7421436309814453,0.03019194015038528,0.3214047339113799,37,40
ABBV,2016-01-26,59.0099983215332,59.27000045776367,57.209999084472656,58.2599983215332,42.0883903503418,7421100,False,-0.0066721117005782,52.11401249553291,57.02500057220459,57.05640835121014,0.1038747951867904,2.78714370727539,0.01853552353047996,0.19420946465603722,42,40
ABBV,2016-01-27,58.36000061035156,58.93000030517578,56.45000076293945,57.11000061035156,41.25761032104492,9077700,False,-0.0199363506133007,49.39161677676111,56.943000602722165,57.061512375890274,0.0893621009697511,2.8657150268554688,0.015448058549533347,0.1605189273002151,43,40
ABBV,2016-01-28,57.22999954223633,57.72999954223633,54.77999877929688,55.84999847412109,40.34735870361328,10521100,False,-0.0223096554598641,47.079036336631965,56.76300048828125,56.9461300995313,-0.0235396059476755,2.969286509922572,0.012519066863956636,0.12855765667632627,44,48
ABBV,2016-01-29,53.41999816894531,55.310001373291016,53.41999816894531,54.900001525878906,39.66105651855469,17768700,False,-0.0171561707999612,48.34583136176121,56.51800060272217,56.751260711564406,-0.1875103339513302,2.976429258074078,0.008476324844601174,0.08444309930852498,46,48
ABBV,2016-02-01,54.15999984741211,54.880001068115234,52.5099983215332,54.38999938964844,39.2926139831543,11693300,True,-0.0093332002831246,51.19102831659957,56.27550048828125,56.526378680905744,-0.3545244897338193,2.9221439361572257,0.006780133220724578,0.06593419066680614,47,48
ABBV,2016-02-02,53.63999938964844,54.77999877929688,53.31999969482422,53.95000076293945,38.97475814819336,7918300,False,-0.0081223522340079,47.86979555851625,56.09250049591064,56.28100935538514,-0.5164354767113224,2.9264294760567795,0.006347679083033098,0.06121523438050436,47,48
ABBV,2016-02-03,54.52999877929688,57.18000030517578,54.04999923706055,56.84000015258789,41.06255340576172,16435700,False,0.0521823872224688,64.06560672933868,56.0660005569458,56.33424657416636,-0.4068622476566474,2.881429399762834,0.030264030153956956,0.32219138282021,37,40
ABBV,2016-02-04,56.7400016784668,57.310001373291016,55.36000061035156,56.7599983215332,41.00476837158203,10351200,False,-0.001408235153233,56.53982457835347,56.0350004196167,56.37479435962987,-0.3227595818129671,2.583572115216936,0.027929175031248737,0.2967133533632035,38,40
ABBV,2016-02-05,56.25,56.34000015258789,52.619998931884766,53.119998931884766,38.375144958496094,13263200,False,-0.0662783783673668,38.06560761351421,55.8305004119873,56.06481384270176,-0.5435593296075396,2.5650005340576167,0.04199291586362603,0.4501774375875812,31,32
ABBV,2016-02-08,52.58000183105469,54.09999847412109,51.93999862670898,52.88999938964844,38.208984375,9369400,True,-0.0043393022985162,43.2519212613212,55.69250030517578,55.762450561458586,-0.7287037185183465,2.469286237444196,0.04197079983040182,0.44993610657715644,32,32
ABBV,2016-02-09,52.310001373291016,53.93999862670898,52.060001373291016,53.47999954223633,38.63521194458008,7655800,False,0.0110934061667385,36.8834826900293,55.67250022888184,55.545074273913606,-0.8183900085580547,2.301428931100027,0.042556986435251645,0.45633259749447874,31,32
ABBV,2016-02-10,54.11000061035156,54.68999862670898,52.54999923706055,52.720001220703125,38.08616638183594,9302800,False,-0.0143129580788855,29.17282493245395,55.5665002822876,55.27601969741737,-0.939957309782038,2.322143009730746,0.030038244190620546,0.31972759765045133,37,40
ABBV,2016-02-11,52.29999923706055,53.119998931884766,51.81999969482422,52.18000030517578,37.69606399536133,8551100,False,-0.0102954434121623,25.569429729411567,55.6165002822876,54.98116070768007,-1.0675675782499354,2.3000000544956736,0.02928272585498489,0.3114833523337198,37,40
ABBV,2016-02-12,52.52999877929688,52.970001220703125,51.59999847412109,52.58000183105469,37.98502731323242,9976200,False,0.0076363783105424,28.05495700949841,55.51750030517578,54.75247890990622,-1.123472167398269,2.2814287458147318,0.011070040961152345,0.1127458299481688,45,48
ABBV,2016-02-16,53.43999862670898,53.869998931884766,52.72999954223633,53.5099983215332,38.65688705444336,8313000,True,0.0175328854345306,33.472506562237186,55.32600021362305,54.63414742529927,-1.08028120333217,2.22642844063895,0.01389669506824064,0.14359038895516626,44,48
ABBV,2016-02-17,54.34000015258789,55.150001525878906,53.34999847412109,55.0099983215332,39.740516662597656,10005600,False,0.0276462886684982,42.86683879454508,55.327000045776366,54.66994274875012,-0.9144731123592108,2.177857262747628,0.017900851054431708,0.18728389403581278,42,40
ABBV,2016-02-18,55.52999877929688,55.52999877929688,54.16999816894531,54.54999923706055,39.40820693969727,6555000,False,-0.0083971455363269,45.33046061666034,55.19699993133545,54.65851955716063,-0.8108402260293985,2.064285823277065,0.01638342534077852,0.1707256859246252,43,40
ABBV,2016-02-19,54.5,55.0,53.97999954223633,54.290000915527344,39.22037887573242,8532500,False,-0.0047776115846521,47.69463035773395,54.99349994659424,54.62342254367175,-0.7411466316080748,1.9635715484619152,0.015075582226155026,0.15645445124481736,43,40
ABBV,2016-02-22,54.290000915527344,55.31999969482422,53.7400016784668,55.27999877929688,39.9355697631836,9381800,True,0.0180709185413823,53.245805778087465,54.815999794006345,54.685953613731286,-0.5991230840928452,1.9057140350341808,0.015732984664287145,0.16362805209094194,43,40
ABBV,2016-02-23,55.70000076293945,56.310001373291016,55.0,55.06999969482422,39.78386688232422,8629700,False,-0.0038059241349806,54.15430120109268,54.636999702453615,54.72252943097823,-0.497775524156026,1.89499991280692,0.016074362144611023,0.1673531763674161,43,40
ABBV,2016-02-24,54.65999984741211,55.06999969482422,54.0099983215332,54.88999938964844,39.65382385253906,6633800,False,-0.0032740918007661,40.94706563869304,54.468499755859376,54.73847895085158,-0.4270585083887042,1.7400000435965406,0.010537393108278286,0.10693355596433565,45,48
ABBV,2016-02-25,55.16999816894531,56.22999954223633,54.43000030517578,56.20000076293945,40.6002082824707,7076300,False,0.0235858131089209,47.66667535570485,54.42299976348877,54.87767150438376,-0.2622851413752727,1.7292856488909043,0.013722988592541664,0.14169489716996383,44,48
ABBV,2016-02-26,56.2599983215332,56.790000915527344,55.79999923706055,56.0,40.45571899414063,5298000,False,-0.0035651789135968,66.8224484402734,54.43049983978271,54.984559932537685,-0.1461546709140435,1.50428581237793,0.013494636252172466,0.13920310759470553,44,48
ABBV,2016-02-29,55.869998931884766,56.0,54.470001220703125,54.61000061035156,39.45155334472656,8395100,True,-0.0251345962495852,58.84774873844109,54.415999794006346,54.94888761613901,-0.1643868214828927,1.4592857360839848,0.017293171521741407,0.180652871458127,42,40
ABBV,2016-03-01,54.77999877929688,56.34000015258789,54.2400016784668,56.34000015258789,40.70133590698242,7106000,False,0.0311874936357973,63.16759879756167,54.51349983215332,55.08137452437223,-0.0387922543543552,1.4750001089913514,0.02280441599155693,0.24079178439584056,40,40
ABBV,2016-03-02,56.16999816894531,56.43000030517578,55.400001525878906,55.70000076293945,40.23899459838867,7054800,False,-0.0114243748274149,63.87337613326584,54.60099983215332,55.14029130899768,0.0089960421345622,1.3957143511090977,0.023775016036184735,0.2513830096446756,39,40
ABBV,2016-03-03,55.68999862670898,56.09000015258789,55.150001525878906,55.93000030517578,40.4051513671875,9283900,False,0.004120745577467,67.97700207742045,54.55549983978271,55.21550168958608,0.0646820379993258,1.3700000217982715,0.020976036765717628,0.22084043952589427,41,40
ABBV,2016-03-04,56.0,56.70000076293945,55.29999923706055,56.150001525878906,40.56407928466797,6439700,False,0.003925642377968,67.41464561994272,54.525,55.30450167399492,0.1251235049238346,1.372142791748048,0.021011212548612643,0.22122427903013422,41,40
ABBV,2016-03-07,55.70000076293945,56.5,54.83000183105469,56.400001525878906,40.74468994140625,7741800,True,0.0044425947043936,65.09929178938873,54.68900012969971,55.408834993221966,0.1909950416319361,1.3992857251848505,0.015388829955185264,0.1598726225865645,43,40
ABBV,2016-03-08,56.18000030517578,56.470001220703125,55.22999954223633,55.31999969482422,39.964473724365234,5303700,False,-0.0193346204316253,51.69399699910407,54.810500144958496,55.400374488612655,0.1542732215711595,1.3592856270926343,0.011064730851433278,0.11268788582541509,45,48
ABBV,2016-03-09,55.5099983215332,56.650001525878906,55.040000915527344,56.38999938964844,40.73746871948242,8402500,False,0.0191573737297359,59.42623191096431,54.9560001373291,55.49462447918749,0.2091005664488818,1.3771427699497767,0.013808010418753406,0.14262265862789902,44,48
ABBV,2016-03-10,56.560001373291016,57.369998931884766,55.31999969482422,56.22999954223633,40.62187576293945,5627900,False,-0.0028415429120437,60.0414009179757,55.13150005340576,55.56466019947786,0.2369100304034006,1.450714111328125,0.01394929101890567,0.14416431800426657,44,48
ABBV,2016-03-11,56.400001525878906,57.869998931884766,56.34999847412109,57.72999954223633,41.705509185791016,6537400,False,0.0263265014497995,62.045232473307394,55.40900001525879,55.77088299402629,0.3756563622150324,1.454999923706055,0.018081152516190052,0.18925135056411851,42,40
ABBV,2016-03-14,57.66999816894531,57.72999954223633,56.970001220703125,57.209999084472656,41.32984924316406,4650800,True,-0.0090482539655199,60.20991748171821,55.640499877929685,55.907941669306894,0.438598251052511,1.4157139914376395,0.01925614208659399,0.2020728822280204,41,40
ABBV,2016-03-15,56.650001525878906,56.93000030517578,55.130001068115234,55.619998931884766,40.18120956420898,5779600,False,-0.0281855183074866,53.069803807830425,55.74599990844727,55.880518551457165,0.3560758070457765,1.4885708945138114,0.02201481234743708,0.23217559887384095,40,40
ABBV,2016-03-16,55.58000183105469,56.540000915527344,55.25,56.310001373291016,40.6796760559082,6245400,False,0.0123291453486913,50.48802381832435,55.81100006103516,55.9214216773461,0.3424065564171101,1.4521424429757257,0.020790972320679734,0.21882100913971642,41,40
ABBV,2016-03-17,56.459999084472656,56.459999084472656,54.40999984741211,55.31999969482422,39.964473724365234,8308800,False,-0.0177377053431765,47.18076279994863,55.84950008392334,55.8641433932964,0.2488204676831458,1.5278565543038505,0.022264162736832804,0.2348965199726933,40,40
ABBV,2016-03-18,55.59000015258789,56.59999847412109,54.79999923706055,56.56999969482422,40.86750030517578,11029800,False,0.0223442310326229,58.221468670533845,55.96350002288818,55.93136780296572,0.2723775723196837,1.5471423012869694,0.02097492810266429,0.22082834175175142,41,40
ABBV,2016-03-21,56.52000045776367,56.77999877929688,55.72999954223633,56.0099983215332,40.46294784545898,6632900,True,-0.0099484462586947,48.46510885186565,56.0,55.93885642378167,0.2430575011903997,1.4721423557826452,0.02103223818233162,0.22145371155895982,41,40
ABBV,2016-03-22,55.75,57.540000915527344,55.75,57.5,41.53935623168945,7661600,False,0.0262546334238912,57.758610767368445,56.12150001525879,56.08753676437389,0.3361765821925573,1.52642822265625,0.019577868934926634,0.20558357804773417,41,40
ABBV,2016-03-23,57.15999984741211,57.5,56.220001220703125,56.36000061035156,40.71578979492188,5116400,False,-0.0200253479134659,51.718624978044936,56.19500007629394,56.11348570208605,0.314361932724374,1.5507139478410994,0.022377585248486966,0.23613419080927203,40,40
ABBV,2016-03-24,56.13999938964844,56.25,55.66999816894531,56.119998931884766,40.54240798950195,5278900,False,-0.0042674357361771,49.88027705700456,56.19099998474121,56.11410600968593,0.2745427779331564,1.499999727521624,0.020405509381526254,0.21461482263040296,41,40
ABBV,2016-03-28,56.34999847412109,56.70000076293945,55.79999923706055,56.11000061035156,40.53519058227539,3803100,True,-0.0001780370255844,48.82017610294026,56.19650001525879,56.11371501927314,0.2394191549068054,1.4449999673025948,0.01727861666276157,0.1804940482736715,42,40
ABBV,2016-03-29,56.09999847412109,57.09999847412109,55.220001220703125,57.04999923706055,41.214263916015625,4567900,False,0.0166139078912279,57.119336550654914,56.31849994659424,56.2028849447767,0.284157868855452,1.4907139369419635,0.018144487804100735,0.1899424676768517,42,40
ABBV,2016-03-30,57.43000030517578,57.52999877929688,56.720001220703125,57.0,41.17814254760742,3650300,False,-0.0008768131014193,52.74034295929895,56.35149993896484,56.27880066432178,0.3119827583790027,1.4335708618164062,0.013045999454477684,0.13430756549618483,44,48
ABBV,2016-03-31,57.02000045776367,57.459999084472656,56.81999969482422,57.119998931884766,41.26483154296875,4930300,False,0.0021030058235298,54.012619798306126,56.42249984741211,56.35891478504207,0.3398000907956202,1.3328565870012556,0.008117463643516603,0.08052719199449672,46,48
ABBV,2016-04-01,56.58000183105469,57.56999969482422,56.36000061035156,57.41999816894531,41.48155975341797,4525700,False,0.005238384481808,48.432753928963336,56.496999740600586,56.45997034541381,0.3816534944682104,1.3021422794887,0.0071379204767776745,0.06983837905108968,47,48
ABBV,2016-04-04,57.63999938964844,59.400001525878906,57.4900016784668,59.209999084472656,42.77470016479492,8108100,True,0.0306978249680719,58.96057053632711,56.64999961853027,56.72187784437179,0.5528873909549858,1.3892854963030137,0.01296757682716177,0.13345181475198742,44,48
ABBV,2016-04-05,58.540000915527344,59.560001373291016,58.09000015258789,58.540000915527344,42.29067611694336,6779400,False,-0.0113801711755903,64.257819848716,56.7569995880127,56.89503242257708,0.6272971437742783,1.3457142966134208,0.015584865843291959,0.16201177378409984,43,40
ABBV,2016-04-06,58.52000045776367,59.900001525878906,58.52000045776367,59.88999938964844,43.26594543457031,6322800,False,0.0227992070117398,66.42201269769498,56.98549957275391,57.18026737182198,0.7861388837332584,1.3521428789411272,0.016839745982571142,0.17570507442730338,42,40
ABBV,2016-04-07,59.41999816894531,59.900001525878906,58.7599983215332,59.29999923706055,42.8397216796875,7827600,False,-0.0099000971808837,68.95238565804097,57.13099956512451,57.3821465970828,0.8545631534806191,1.2871431623186385,0.018950881024208263,0.19874186170177915,42,40
ABBV,2016-04-08,59.4900016784668,59.79999923706055,58.16999816894531,58.470001220703125,42.240116119384766,5750000,False,-0.0140953603864308,59.424616164788965,57.24299964904785,57.48575179933235,0.8322226324224857,1.2750004359654024,0.021346443800312885,0.22488233542201053,41,40
ABBV,2016-04-11,58.59000015258789,59.25,58.25,58.5,42.26178359985352,4894000,True,0.0005128282563023,63.036669458787856,57.28149967193603,57.5823468660626,0.8076284215952327,1.2714290618896484,0.01514232627669304,0.15718276490725777,43,40
ABBV,2016-04-12,58.97999954223633,60.04999923706055,58.68999862670898,59.88999938964844,43.26594543457031,7243700,False,0.0234826293110122,62.64551370910903,57.41549968719482,57.8021232968803,0.8900388524963248,1.2542860848563058,0.01777801347932683,0.1859434856625004,42,40
ABBV,2016-04-13,59.869998931884766,60.0,58.70000076293945,59.060001373291016,43.07630157470703,7023000,False,-0.004392847566445,64.7702643538608,57.58749980926514,57.92192120891942,0.8782518685356635,1.2557146889822823,0.014695455663119038,0.15230649547821373,43,40
ABBV,2016-04-14,59.150001525878906,59.4900016784668,59.0,59.27999877929688,43.23676681518555,5185600,False,0.0037182185349951,67.32459158196869,57.73599967956543,58.05126192990775,0.8765581343614173,1.2414289202008928,0.013842655660159568,0.14300070884288088,44,48
ABBV,2016-04-15,59.54999923706055,59.7400016784668,58.77999877929688,59.5099983215332,43.40451431274414,4660800,False,0.0038722351511451,68.20130198197124,57.94549961090088,58.190189205300655,0.8835894099946131,1.245714732578822,0.010629214382110787,0.10793551325784463,45,48
ABBV,2016-04-18,59.5,60.31999969482422,59.29999923706055,59.880001068115234,43.67438888549805,6089400,True,0.0061984114842199,66.1345802522836,58.11099967956543,58.351123668425856,0.9085447378107075,1.184286390032087,0.010268514541750819,0.1039995426408886,45,48
ABBV,2016-04-19,60.09000015258789,61.22999954223633,59.66999816894531,60.16999816894531,43.88590240478516,6149300,False,0.0048312751724645,67.59158038777025,58.318999671936034,58.52434981133247,0.940876518498527,1.2378580910818913,0.004165177566820556,0.037399693373605894,48,48
ABBV,2016-04-20,60.16999816894531,61.11000061035156,59.959999084472656,60.47999954223633,44.11201477050781,4443600,False,0.0051390503460349,68.26089408314888,58.467999649047854,58.71060216665665,0.9802149004566588,1.2742868150983533,0.001011297295641592,0.0029844298005216453,49,48
ABBV,2016-04-21,60.56999969482422,61.43000030517578,60.540000915527344,61.369998931884766,44.76114654541016,5702400,False,0.0146083093956058,70.17367217025335,58.71849956512451,58.96387804905933,1.0708621322139749,1.25571550641741,0.004371891160112477,0.0396553601033456,48,48
ABBV,2016-04-22,61.29999923706055,61.9900016784668,60.959999084472656,61.41999816894531,44.79761505126953,5103000,False,0.0008144040231207,63.72672320325117,58.98349952697754,59.19779425095324,1.1336670292000122,1.1878583090645922,0.0050654065123972875,0.04722302646626055,48,48
ABBV,2016-04-25,61.130001068115234,61.29999923706055,60.75,60.970001220703125,44.46939468383789,4320500,True,-0.0073537098980544,65.51726993876986,59.22649955749512,59.36657586711989,1.13405667023585,1.130715233939034,0.007950009219960301,0.0786999228442272,46,48
ABBV,2016-04-26,60.959999084472656,61.290000915527344,60.52999877929688,60.93000030517578,44.44022750854492,4281700,False,-0.0006561084305627,57.9754805824561,59.42049961090088,59.515473432649024,1.118247265589538,1.0864295959472643,0.008115926571573775,0.08051041940597248,46,48
ABBV,2016-04-27,60.93000030517578,61.47999954223633,60.25,60.70000076293945,44.2724723815918,6679200,False,-0.0037819912395262,61.36367014201104,59.60549964904785,59.62828555934336,1.074769879484954,1.092857905796595,0.008370188917065025,0.08328493995983006,46,48
ABBV,2016-04-28,58.560001373291016,62.09999847412109,57.52999877929688,61.20000076293945,44.63716125488281,16235400,False,0.0082036311174858,73.41341375400201,59.809499740600586,59.7779727215906,1.0683443504345291,1.3028578077043786,0.005814530027932904,0.05539749125858329,47,48
ABBV,2016-04-29,61.02999877929688,61.45000076293945,60.47999954223633,61.0,44.49127197265625,13052700,False,-0.0032736896012949,70.83335982432025,59.98849983215332,59.894356271915306,1.035180762819394,1.3007150377546015,0.005861112218644492,0.05590579792634138,47,48
ABBV,2016-05-02,60.790000915527344,62.0,60.70000076293945,61.43999862670898,44.81220245361328,9512000,True,0.0071874440408069,65.3465526032519,60.099999809265135,60.041560305705175,1.0325005688091693,1.282857894897459,0.00575794252791456,0.05478000626846817,47,48
ABBV,2016-05-03,60.9900016784668,62.09000015258789,60.720001220703125,61.77000045776367,45.05289459228516,9316600,False,0.00535675634113,79.78023968060472,60.26149978637695,60.206173653520274,1.0449592458504355,1.2878578730991888,0.005813330741916732,0.0553844046031629,47,48
ABBV,2016-05-04,61.29999923706055,61.650001525878906,61.0099983215332,61.459999084472656,44.826786041259766,8691400,False,-0.0050313714161096,73.49138568896397,60.339999771118165,60.32558559932527,1.0180824958527095,1.3071436200823083,0.006179016675988593,0.05937478366766305,47,48
ABBV,2016-05-05,61.40999984741211,62.400001525878906,61.09000015258789,62.34000015258789,45.4686279296875,8646200,False,0.0142167286393358,76.74859490806509,60.49199981689453,60.5174346043979,1.0556226487713405,1.3321435110909583,0.007911660582957692,0.0782814610331769,46,48
ABBV,2016-05-06,62.0,62.75,61.650001525878906,62.5099983215332,45.59261322021485,10880700,False,0.0027231205192953,75.83496213779085,60.693999671936034,60.7072025774584,1.0865656692499996,1.3378576551164885,0.006993085044174972,0.06825792920545226,47,48
ABBV,2016-05-09,62.36000061035156,63.869998931884766,62.27999877929688,63.70000076293945,46.4605712890625,9917400,True,0.0188583110168169,79.46578968987602,60.95399971008301,60.992230976075646,1.193355231398158,1.3400004250662647,0.009463008079808459,0.09520982495537668,46,48
ABBV,2016-05-10,63.5099983215332,63.7599983215332,63.31999969482422,63.7400016784668,46.48974609375,12103400,False,0.0006277505331245,78.49651608841559,61.14649982452393,61.25392342392242,1.2666137336771257,1.2892859322684131,0.009921592646289173,0.10021391749186434,45,48
ABBV,2016-05-11,63.77000045776367,63.83000183105469,62.63999938964844,62.70000076293945,45.73119735717773,9375200,False,-0.0164510536486134,61.328800755920575,61.32849979400635,61.39164507525738,1.2266126156065835,1.3064289093017558,0.013751353632846007,0.1420044175874812,44,48
ABBV,2016-05-12,62.86000061035156,63.06999969482422,62.38999938964844,62.4900016784668,45.57802963256836,9589500,False,-0.0033549264039193,58.87233042475972,61.488999938964845,61.49625046603923,1.1645421532218023,1.2814287458147302,0.012690379937575678,0.13042703156540872,44,48
ABBV,2016-05-13,62.150001525878906,62.86000061035156,61.81999969482422,62.0,45.22065353393555,7339600,False,-0.0078718750451166,58.48432896602347,61.61350002288818,61.54422661213073,1.0635518604418197,1.3078575134277324,0.013100267009534379,0.13489973515709747,44,48
ABBV,2016-05-16,61.90999984741211,62.619998931884766,61.5,62.45000076293945,45.54886245727539,6707400,True,0.0072317308325777,61.72838561366225,61.74200000762939,61.630490816969655,1.0082056593194366,1.3335715702601827,0.008916242596268671,0.0892434988393721,46,48
ABBV,2016-05-17,62.43999862670898,62.790000915527344,58.5,60.25,43.94425582885742,31528900,False,-0.0358637321734979,47.33727623662657,61.746000099182126,61.49901550106779,0.7778550914896982,1.5521430969238266,0.016187992030143646,0.16859311007578187,43,40
ABBV,2016-05-18,59.869998931884766,60.79999923706055,59.560001373291016,60.459999084472656,44.0974235534668,10622000,False,0.0034794401972126,45.46568014447218,61.74500007629395,61.40006155663016,0.6052686181167601,1.3142858232770642,0.01702308773184231,0.17770570669060706,42,40
ABBV,2016-05-19,60.060001373291016,60.34999847412109,58.900001525878906,59.27999877929688,43.23676681518555,9917900,False,-0.0197101409536812,40.59081017596846,61.64050006866455,61.19815081593175,0.3690225691283118,1.3564284188406803,0.01764143324813319,0.18445311689411187,42,40
ABBV,2016-05-20,59.630001068115234,60.04999923706055,59.02999877929688,59.68999862670898,43.53580474853516,11259400,False,0.0068924802344365,40.39517882999864,61.55400009155274,61.05451727410101,0.2124306659351518,1.3364285060337602,0.01935368253630903,0.2031372473900896,41,40
ABBV,2016-05-23,59.75,59.84000015258789,59.130001068115234,59.29999923706055,43.25136566162109,6468900,True,-0.0065548883323775,36.53217197992227,61.470499992370605,60.8874203181924,0.0562127771829708,1.289285659790038,0.017617620243003604,0.1841932684605835,42,40
ABBV,2016-05-24,59.72999954223633,60.90999984741211,59.52000045776367,60.70000076293945,44.2724723815918,8888100,False,0.0233342841023886,46.296306624147306,61.45900001525879,60.86957083673973,0.0448602763539938,1.3499998365129733,0.016003777695350184,0.1665829561254902,43,40
ABBV,2016-05-25,61.08000183105469,61.470001220703125,60.790000915527344,61.220001220703125,44.65174102783203,5857600,False,0.0085302063738963,44.34344278939759,61.48500003814697,60.90294515902196,0.0769361566502837,1.3114283425467346,0.01631721496217125,0.1700031957109459,43,40
ABBV,2016-05-26,61.0,62.16999816894531,60.900001525878906,61.900001525878906,45.147705078125,6537100,False,0.0110461503898235,47.07014237495332,61.52000007629395,60.99790290824644,0.1554351053676583,1.3235710688999711,0.010673115654589367,0.10841456564209362,45,48
ABBV,2016-05-27,61.9900016784668,63.20000076293945,61.900001525878906,62.709999084472656,45.73850631713867,5768000,False,0.0130010823810701,45.06479849237725,61.605500030517575,61.16095968693465,0.2797809803432542,1.3028567177908756,0.010770862864167037,0.10948118697578538,45,48
ABBV,2016-05-31,62.709999084472656,63.4900016784668,62.63999938964844,62.93000030517578,45.89895248413086,7147900,True,0.0035017629917902,46.03329508673856,61.68000011444092,61.32943974581476,0.3915645298492478,1.332142693655831,0.007324081708706948,0.07186977761827151,47,48
ABBV,2016-06-01,62.93000030517578,63.16999816894531,62.630001068115234,62.83000183105469,45.82602691650391,5284400,False,-0.0015900921094524,50.70119235003035,61.73300018310547,61.47235042059952,0.4667048737790509,1.285713740757533,0.005930872557427349,0.056667025442838775,47,48
ABBV,2016-06-02,62.869998931884766,65.1500015258789,62.83000183105469,65.08999633789062,47.4743766784668,11628000,False,0.035337924143184,61.48407953040118,61.91450004577637,61.8168881270082,0.7005414016337141,1.40285655430385,0.014169906330406084,0.14657168082108862,44,48
ABBV,2016-06-03,64.76000213623047,65.37000274658203,63.75,65.0,47.40875244140625,10621600,False,-0.0013832648255422,63.73627563656946,62.04750003814697,62.1200416387217,0.8685840856580924,1.444285256522042,0.015466870901222129,0.16072420840987403,43,40
ABBV,2016-06-06,62.130001068115234,62.9900016784668,61.869998931884766,62.81999969482422,45.81872177124024,16403400,True,-0.0341140824244482,51.46244751771575,62.06300010681152,62.18670431073146,0.8164399067952814,1.587856837681361,0.02464056404844913,0.260827903050887,39,40
ABBV,2016-06-07,62.59000015258789,63.59000015258789,62.29999923706055,63.09999847412109,46.02296447753906,10980100,False,0.0044477197956309,63.2805295218078,62.032999992370605,62.27368470724476,0.7886181318831902,1.373571123395647,0.024674417250948464,0.2611973105066659,39,40
ABBV,2016-06-08,62.209999084472656,62.29999923706055,61.369998931884766,61.72999954223633,45.02372360229492,13173000,False,-0.0219509576729672,55.34062971122811,61.93249988555908,62.22190516772015,0.6485456796862366,1.4085712432861317,0.026709950203630782,0.2834091248606945,38,40
ABBV,2016-06-09,61.5,62.16999816894531,60.52000045776367,60.75,44.30893707275391,11503700,False,-0.0160031455203504,56.28743726464042,61.83499984741211,62.08172372317537,0.4532348698414381,1.4149998256138383,0.01558130685522353,0.16197293796856566,43,40
ABBV,2016-06-10,59.9900016784668,61.0099983215332,59.720001220703125,61.0,44.49127197265625,11052300,False,0.0041066379935561,55.6808448058357,61.76049976348877,61.97870241620629,0.3149915302782347,1.434285300118582,0.016819343409233044,0.17548244075746613,42,40
ABBV,2016-06-13,60.459999084472656,61.38999938964844,59.84999847412109,59.93000030517578,43.71085357666016,11673600,True,-0.0176965976266497,52.579859565261536,61.65699977874756,61.78358792944148,0.1177354734233233,1.493571145193917,0.012690038992073934,0.13042331115489922,44,48
ABBV,2016-06-14,59.459999084472656,60.380001068115234,59.15999984741211,59.900001525878906,43.68899154663086,11560200,False,-0.0005002761836574,46.30996147643066,61.52949981689453,61.60419874814981,-0.0405446500784023,1.465714045933315,0.011472868910352272,0.11714150411912841,45,48
ABBV,2016-06-15,60.290000915527344,61.27000045776367,60.0099983215332,60.400001525878906,44.05366134643555,7739300,False,0.008312306215948,46.210716846813234,61.53699989318848,61.489513298409726,-0.1242052066671774,1.5085710797991072,0.01183845823910494,0.12113082902264695,45,48
ABBV,2016-06-16,59.93000030517578,60.93999862670898,59.90999984741211,60.900001525878906,44.4183464050293,7011200,False,0.0082441245171871,45.30074487094544,61.55900001525879,61.43336932007346,-0.1484497429499285,1.4914283752441402,0.010794997911521888,0.10974454954653876,45,48
ABBV,2016-06-17,60.880001068115234,60.970001220703125,59.56999969482422,60.0099983215332,43.76920318603516,12574700,False,-0.0147221449434612,37.40670084951821,61.595499992370605,61.29781017735535,-0.2367504216611422,1.498571395874023,0.012386227854877111,0.12710811226843083,44,48
ABBV,2016-06-20,60.63999938964844,61.18000030517578,60.060001373291016,60.11000061035156,43.84214019775391,7076500,True,0.0016650133590426,36.6981031581402,61.61650009155274,61.18468545668832,-0.2952564640315813,1.5214285169328956,0.009421057443509,0.09475205798860314,46,48
ABBV,2016-06-21,60.20000076293945,60.400001525878906,59.75,59.97999954223633,43.74732971191406,6366500,False,-0.0021648840429525,36.59452470385836,61.65050010681152,61.06995346483575,-0.3481002409631273,1.5292859758649548,0.009498742483734005,0.09559976015392022,46,48
ABBV,2016-06-22,60.0,61.18000030517578,59.91999816894531,60.38999938964844,44.04637145996094,6718600,False,0.0068123999915309,23.234637803568237,61.63500003814697,61.00519593386553,-0.3528285656491192,1.4535718645368298,0.009200128387404753,0.09234127157852229,46,48
ABBV,2016-06-23,60.86000061035156,61.31999969482422,60.619998931884766,61.310001373291016,44.71738052368164,5328200,False,0.0151192763032332,30.80126468469216,61.639500045776366,61.03422502333463,-0.2791217835524264,1.4042859758649548,0.011070207139720845,0.11274764329513931,45,48
ABBV,2016-06-24,59.2599983215332,60.59999847412109,59.18000030517578,59.86000061035156,43.65980529785156,9878500,False,-0.0239343604762303,33.33334765275961,61.5375,60.92239412686005,-0.333863006206279,1.3328574044363837,0.014612164086974152,0.1513976145759681,43,40
ABBV,2016-06-27,59.380001068115234,59.68000030517578,58.33000183105469,58.68000030517578,42.79915618896485,7945500,True,-0.0199095044208841,27.402887154463954,61.33600006103516,60.708832810509165,-0.4670778003655655,1.35000010899135,0.016829950421461782,0.17559818488539353,42,40
ABBV,2016-06-28,59.27999877929688,60.130001068115234,59.150001525878906,59.9900016784668,43.7546272277832,9897600,False,0.0220789852350493,41.04940185444353,61.18900012969971,60.64037270269561,-0.4616240076025804,1.3300001961844308,0.020806965853144253,0.21899553118491294,41,40
ABBV,2016-06-29,60.58000183105469,62.02999877929688,60.22999954223633,61.810001373291016,45.08206558227539,9308000,False,0.0298871360744095,55.018941617480834,61.138000106811525,60.75176590941898,-0.3069052597526891,1.357857295445034,0.024852179063267206,0.26313705428200324,39,40
ABBV,2016-06-30,61.790000915527344,62.02000045776367,61.13999938964844,61.90999984741211,45.15500259399414,7920600,False,0.0016165646574424,54.3707934381391,60.9790002822876,60.86207390351356,-0.1742122854702898,1.328571864536831,0.024153720332264334,0.2555154455792099,39,40
ABBV,2016-07-01,61.97999954223633,63.220001220703125,61.83000183105469,62.709999084472656,45.73850631713867,6533700,False,0.0128394589685913,63.70807127685429,60.86450023651123,61.03806677789062,-0.0044476253357146,1.3178574698311942,0.019441519361887528,0.20409572623005426,41,40
ABBV,2016-07-05,62.5,62.709999084472656,61.77000045776367,61.91999816894531,45.16230392456055,6293600,True,-0.0126777772076142,59.26603186424448,60.81950016021729,61.12206024370535,0.0655895439052614,1.2978572845458984,0.01681682269388042,0.1754549346139876,42,40
ABBV,2016-07-06,61.84000015258789,63.7599983215332,61.79999923706055,63.369998931884766,46.219871520996094,9202200,False,0.0231470702047152,62.53162413577864,60.83300018310547,61.33614964257958,0.235384087289745,1.3400001525878906,0.017002483572054354,0.17748087330162765,42,40
ABBV,2016-07-07,63.59999847412109,63.75,63.209999084472656,63.43000030517578,46.263648986816406,7081900,False,0.0009467085346577,61.08674967386209,60.91800022125244,61.53556399139826,0.3705179947932322,1.3050003051757817,0.013518522494916474,0.13946375519991674,44,48
ABBV,2016-07-08,63.47999954223633,64.4800033569336,62.7400016784668,64.16000366210938,46.79607772827149,7921700,False,0.0114428565368898,68.44444941767433,61.08850040435791,61.78551062670408,0.5304035975807793,1.329286030360631,0.013586076103029459,0.14020090278594483,44,48
ABBV,2016-07-11,64.25,64.98999786376953,64.06999969482422,64.3499984741211,46.93465805053711,9641500,True,0.0029569899796598,68.6948694021692,61.25600032806396,62.02974756455332,0.6647818913488024,1.3114286150251122,0.013264617450293179,0.1366931335269577,44,48
ABBV,2016-07-12,64.66999816894531,65.80999755859375,64.31999969482422,65.5,47.7734260559082,11870500,False,0.0177131644862594,72.33009094469585,61.53450031280518,62.36024779650062,0.8542261817916028,1.371428353445871,0.009464161677985135,0.0952224130633244,46,48
ABBV,2016-07-13,64.80999755859375,65.04000091552734,64.25,64.7699966430664,47.655704498291016,7684200,False,-0.0024672050693277,67.2712717374431,61.77800006866456,62.589747686649744,0.9346825383456192,1.370713915143695,0.008265015444449889,0.0821372829564799,46,48
ABBV,2016-07-14,63.70000076293945,64.13999938964844,62.93999862670898,63.619998931884766,46.809566497802734,12090100,False,-0.0179147452025786,58.94654106634203,61.93899993896484,62.6878668528626,0.8953287833196626,1.434999465942384,0.013719881476655807,0.14166099220117315,44,48
ABBV,2016-07-15,63.81999969482422,64.16999816894531,63.130001068115234,63.31999969482422,46.58883285522461,8827500,False,-0.0047267202666025,64.7108777889292,62.05999984741211,62.74806998066846,0.8303613291797447,1.3571420397077298,0.0129221416750272,0.13295602461357173,44,48
ABBV,2016-07-18,63.22999954223633,63.77000045776367,63.18000030517578,63.560001373291016,46.76542663574219,6384800,True,0.0037833087021187,72.5508294143384,62.2375,62.82539677996584,0.7891435280169858,1.289999280657088,0.012988717295403797,0.1336825003595726,44,48
ABBV,2016-07-19,63.40999984741211,63.970001220703125,63.09000015258789,63.31999969482422,46.58883285522461,5794500,False,-0.0037833087021186,67.07690622304037,62.39799995422364,62.87250181947617,0.7287118572793929,1.2492850167410725,0.00793575552853845,0.07854438601181946,46,48
ABBV,2016-07-20,63.56999969482422,63.900001525878906,63.33000183105469,63.40999984741211,46.655052185058594,7502800,False,0.0014203471023943,59.975047517213696,62.56949996948242,62.92369210785103,0.6802401974232737,1.144999640328544,0.008424028765485649,0.08387244246937778,46,48
ABBV,2016-07-21,63.22999954223633,64.0,63.16999816894531,63.88999938964844,47.00822067260742,6145500,False,0.0075412731270198,61.78570406778168,62.74449996948242,63.015721372784114,0.6728023624731065,1.1414282662527906,0.005154368163954428,0.048193779450834494,48,48
ABBV,2016-07-22,64.0,64.08999633789062,63.58000183105469,63.810001373291016,46.94936752319336,4972900,False,-0.0012527600642209,57.16146939278297,62.86949996948242,63.0913670871181,0.6529261273756788,1.0785707746233264,0.004393152015007207,0.039887359374743976,48,48
ABBV,2016-07-25,63.90999984741211,64.5,63.709999084472656,64.31999969482422,47.32460403442383,7241200,True,0.0079605958383642,66.216223182426,63.09249992370606,63.20837971642345,0.6705964517108214,1.0678566523960664,0.0052413262956312575,0.049142669948939025,48,48
ABBV,2016-07-26,64.41000366210938,64.7300033569336,63.959999084472656,64.44999694824219,47.420257568359375,4885200,False,0.0020191821448982,58.881565532191225,63.38099975585938,63.32662897659666,0.6871687493775553,0.982857022966658,0.00404129288634073,0.03604785894591953,48,48
ABBV,2016-07-27,64.41999816894531,65.11000061035156,64.31999969482422,64.9000015258789,47.751346588134766,6220400,False,0.0069577550654287,61.360130937837546,63.62649974822998,63.476473981290205,0.7282195614421454,1.0007141658238008,0.004074582884994477,0.03641112069953964,48,48
ABBV,2016-07-28,64.79000091552734,65.05999755859375,63.93000030517578,64.72000122070312,47.61891174316406,6556100,False,-0.0027772794666495,54.729710572642944,63.771999740600585,63.59490514694858,0.7377240814622894,0.9571424211774558,0.004791151986172438,0.04423035046254806,48,48
ABBV,2016-07-29,65.2699966430664,66.4000015258789,65.1500015258789,66.2300033569336,48.72993469238281,10525000,False,0.023063528800176,62.98344928458674,63.98799991607666,63.84586688123287,0.8572195415595729,1.0114282880510608,0.009725947064055466,0.09807902532711975,46,48
ABBV,2016-08-01,66.2300033569336,67.08000183105469,66.2300033569336,66.94000244140625,49.252323150634766,7599000,True,0.0106630204156014,60.58824849375624,64.19950008392334,64.14054645839224,0.9977105607212592,0.9657140459333152,0.009836242905536682,0.09928257781777032,46,48
ABBV,2016-08-02,66.93000030517578,67.05999755859375,66.05000305175781,66.77999877929688,49.13460540771485,8763200,False,-0.0023929560728877,66.131629640243,64.44250011444092,64.39192286990696,1.0836481262127364,0.9485707964215964,0.010668017914959926,0.10835893890997654,45,48
ABBV,2016-08-03,66.80999755859375,67.0,66.22000122070312,66.56999969482422,48.98008346557617,6355100,False,-0.0031498254067621,77.88278001042731,64.6025001525879,64.59935875799432,1.1218767975519768,0.8735708509172712,0.01161775963727925,0.11872255733857219,45,48
ABBV,2016-08-04,66.58000183105469,66.9800033569336,66.08000183105469,66.0999984741211,48.63427734375,4901900,False,-0.0070851781556096,75.4578329751528,64.73600006103516,64.74227682619687,1.101550140140006,0.8635711669921875,0.012474410376839773,0.1280703633607178,44,48
ABBV,2016-08-05,66.1500015258789,66.5999984741211,66.12000274658203,66.54000091552734,48.95801162719727,5045600,False,0.0066344477481689,76.32504952023169,64.85499992370606,64.91348864422835,1.1081713282041648,0.857142584664481,0.00740274320241705,0.07272813488180635,47,48
ABBV,2016-08-08,66.37999725341797,66.66999816894531,65.75,66.33999633789062,48.81085968017578,5309300,True,-0.0030102026579554,76.86824793042874,64.95449981689453,65.04934651981523,1.0847753545033072,0.859999520438058,0.005067327456361719,0.04724398788114024,48,48
ABBV,2016-08-09,66.33999633789062,67.25,66.25,66.76000213623047,49.1198844909668,5717300,False,0.0063111097360368,78.15120393444893,65.01749992370605,65.21226610233097,1.0875877994257197,0.8899993896484375,0.006184870952215584,0.05943866575641026,47,48
ABBV,2016-08-10,66.69999694824219,66.95999908447266,66.19000244140625,66.43000030517578,48.8770751953125,4506100,False,-0.0049554556245642,71.89649048959512,65.10050010681152,65.3282407883162,1.051072186566543,0.8857133047921317,0.006457111837238582,0.062409368829401,47,48
ABBV,2016-08-11,66.86000061035156,67.11000061035156,66.69999694824219,66.94999694824219,49.25968170166016,4246600,False,0.0077974544297694,75.16015266083582,65.26700000762939,65.4826937559282,1.051966271248375,0.8978565761021206,0.0060334899919562085,0.057786790859673774,47,48
ABBV,2016-08-12,66.86000061035156,67.38999938964844,66.55000305175781,67.19000244140625,49.43625259399414,5215400,False,0.0035780821565881,74.03677685580757,65.4605001449585,65.64529458311658,1.0598242826760045,0.9014276776994976,0.005660199033572714,0.0537134254755735,47,48
ABBV,2016-08-15,67.47000122070312,68.12000274658203,67.31999969482422,67.38999938964844,49.58340835571289,5215400,True,0.0029722555832293,74.3376726396338,65.65200004577636,65.81145694564343,1.069857247242041,0.912855965750558,0.004937212581066364,0.04582416932652062,48,48
ABBV,2016-08-16,67.12999725341797,67.61000061035156,66.5,66.73999786376953,49.10516357421875,7147600,False,-0.0096920750974231,64.7435113682491,65.82299995422363,65.8998894140364,1.0136737530599331,0.9357130868094308,0.00708717437094669,0.06928463558040678,47,48
ABBV,2016-08-17,66.69000244140625,67.3499984741211,66.3499984741211,66.83000183105469,49.17139434814453,7945400,False,0.0013478450070424,67.15440840793156,65.99400005340576,65.98847154899052,0.96528331195357,0.9264275687081474,0.006537999026555862,0.06329201296953493,47,48
ABBV,2016-08-18,66.56999969482422,67.43000030517578,66.55000305175781,66.7699966430664,49.12723159790039,8205800,False,-0.000898542635575,55.74457585684093,66.13799991607667,66.06290251033107,0.9115834549286888,0.8692844935825893,0.005402488284704022,0.05090127581060935,47,48
ABBV,2016-08-19,66.56999969482422,67.18000030517578,66.51000213623047,67.0999984741211,49.37003707885742,6709400,False,0.0049302072238214,51.8517929834786,66.30249977111816,66.16167355450155,0.8854474343246181,0.8564273289271763,0.005686438804540957,0.05399975487184822,47,48
ABBV,2016-08-22,67.30999755859375,67.79000091552734,66.91999816894531,67.01000213623047,49.303829193115234,7884800,True,-0.0013419540184129,52.70590727373582,66.43699989318847,66.24246675276144,0.8477007310073645,0.8464279174804688,0.0053915083784769014,0.050781462648940776,47,48
ABBV,2016-08-23,67.26000213623047,67.48999786376953,65.98999786376953,66.16999816894531,48.68577194213867,10227800,False,-0.0126149191356429,45.90164703307355,66.52299995422364,66.2355649828742,0.7414578323741523,0.8978565761021206,0.006579395879624204,0.06374373703225933,47,48
ABBV,2016-08-24,66.30999755859375,66.52999877929688,64.83999633789062,65.05999755859375,47.86907577514648,8551100,False,-0.0169171339128237,40.57974820357667,66.53099975585937,66.12360618056178,0.5612223749853342,0.9542852129255024,0.00905729674627687,0.09078268718300407,46,48
ABBV,2016-08-25,65.04000091552734,65.43000030517578,64.2699966430664,64.72000122070312,47.61891174316406,6379000,False,-0.0052397083827771,33.21040014751982,66.53099975585937,65.9899295177181,0.3864943472280657,1.0014283316476005,0.008723613003838612,0.08714151727208257,46,48
ABBV,2016-08-26,64.68000030517578,65.0199966430664,64.20999908447266,64.61000061035156,47.53798294067383,7041600,False,-0.0017009555066165,33.77119905642012,66.44999961853027,65.85850771701652,0.2364196973363164,0.9935711451939174,0.00691889389419548,0.06744835250570647,47,48
ABBV,2016-08-29,64.83999633789062,65.08999633789062,64.19000244140625,64.51000213623047,47.46440124511719,5099200,True,-0.0015490497612429,27.544953949612605,66.32849960327148,65.73007861408452,0.1081685156127463,0.9864278520856584,0.006872808828525822,0.06694547048564446,47,48
ABBV,2016-08-30,64.54000091552734,64.70999908447266,64.11000061035156,64.16000366210938,47.20688247680664,5531800,False,-0.0054402854451389,27.435449792429168,66.1974998474121,65.58054766627737,-0.0214659753041246,0.974285125732422,0.006289363070172433,0.06057888779136104,47,48
ABBV,2016-08-31,64.20999908447266,64.44999694824219,63.5,64.0999984741211,47.16272735595703,6750000,False,-0.0009357911757842,18.818499468281345,66.07399978637696,65.43954298131011,-0.1275735717844526,0.9935706002371651,0.0021806773892820265,0.015744750636895545,49,48
ABBV,2016-09-01,64.0999984741211,64.13999938964844,63.61000061035156,64.02999877929688,47.11123275756836,5126700,False,-0.0010924459617049,14.09094219358508,65.97049980163574,65.30530067635647,-0.2148364954312569,0.9714279174804688,0.0018695778915619442,0.012350020878340542,49,48
ABBV,2016-09-02,64.37000274658203,64.4800033569336,63.869998931884766,64.12000274658203,47.17745208740234,4100800,False,0.0014046084284663,11.88829470337062,65.84949989318848,65.19241515923508,-0.2735768000955403,0.948571068899972,0.002472189571674411,0.01892574285257298,49,48
ABBV,2016-09-06,64.69999694824219,64.9000015258789,64.05000305175781,64.61000061035156,47.53798294067383,6286300,True,0.0076129639154046,24.213186435605703,65.76300010681152,65.13694710696046,-0.2773925733056472,0.9299994877406528,0.004772737223295408,0.04402940785738951,48,48
ABBV,2016-09-07,64.37000274658203,65.13999938964844,64.29000091552734,64.97000122070312,47.8028564453125,5714300,False,0.0055563636276199,28.863673407107115,65.67350006103516,65.12104749874548,-0.2485029728774748,0.9192850930350168,0.003917701897609521,0.03469922929395984,48,48
ABBV,2016-09-08,63.959999084472656,64.1500015258789,63.43999862670898,64.05999755859375,47.133296966552734,8238800,False,-0.0141057027604583,24.19052241658177,65.55499992370605,65.01999512349295,-0.2956296125635305,0.9657140459333152,0.008527744153803684,0.08500418880045067,46,48
ABBV,2016-09-09,63.220001220703125,64.0,63.060001373291016,63.36000061035156,46.618263244628906,8848500,False,-0.0109873137479125,16.72601391481419,65.37550010681153,64.86190040795567,-0.3850234074757566,0.9892853328159882,0.009853489532522219,0.09947077367887447,46,48
ABBV,2016-09-12,62.97999954223633,64.2300033569336,62.65999984741211,64.08000183105469,47.14803695678711,6653000,True,0.0112999947366319,26.56002617184305,65.22000007629394,64.78743387682225,-0.3932375550292448,1.0392853873116634,0.011577288027111287,0.11828092956218329,45,48
ABBV,2016-09-13,63.65999984741211,64.1500015258789,63.0099983215332,63.34000015258789,46.603546142578125,7640400,False,-0.011615738493802,26.991906025789817,65.01750011444092,64.64958304594279,-0.4542232739869689,1.0135713304792138,0.011558079661801918,0.11807132713657095,45,48
ABBV,2016-09-14,63.40999984741211,63.959999084472656,63.060001373291016,63.34000015258789,46.603546142578125,5890000,False,0.0,32.93654968524993,64.84750022888184,64.52486086562328,-0.4968277743215168,0.9571424211774558,0.010644084694319897,0.10809777868014592,45,48
ABBV,2016-09-15,63.16999816894531,63.81999969482422,62.91999816894531,63.34999847412109,46.61091613769531,7806800,False,0.0001581298642346,35.45646715801399,64.67350006103516,64.41296920928974,-0.5237479267197642,0.9385708400181366,0.009467304894073358,0.09525671195892035,46,48
ABBV,2016-09-16,63.52999877929688,63.790000915527344,63.16999816894531,63.27000045776367,46.55205154418945,11165300,False,-0.0012636909880401,35.68377165633515,64.49850025177003,64.30411504247773,-0.5452521850122025,0.9249997820172996,0.008121470929865154,0.08057091965821259,46,48
ABBV,2016-09-19,63.619998931884766,63.709999084472656,62.83000183105469,62.90999984741211,46.28717422485352,7903500,True,-0.0057061664581811,33.80566535880885,64.28900032043457,64.1713421667572,-0.5846045479187936,0.9235714503696992,0.005029744903501812,0.04683388560990227,48,48
ABBV,2016-09-20,63.36000061035156,63.54999923706055,62.7599983215332,63.27999877929688,46.55939865112305,4826500,False,0.0058639796365481,41.12899504397669,64.1025001525879,64.08645232033241,-0.5792584268785319,0.9371430533272884,0.004134878098563463,0.03706906440340648,48,48
ABBV,2016-09-21,63.4900016784668,64.25,63.20000076293945,64.0999984741211,47.16272735595703,7587400,False,0.0128750182011932,50.0,63.99900016784668,64.08774243021705,-0.5030555538054102,0.9442860739571712,0.0071743057386033935,0.07023541643622785,47,48
ABBV,2016-09-22,64.12000274658203,65.19999694824219,64.08000183105469,65.08000183105469,47.8837890625,5416100,False,0.0151731082300199,57.91856921915565,64.00000038146973,64.18224332553491,-0.3594427153311343,0.9864286695207872,0.00893526528178589,0.08945107511990676,46,48
ABBV,2016-09-23,65.05000305175781,65.33000183105469,64.75,64.9800033569336,47.81021499633789,5154200,False,-0.0015376946838603,56.47590880574688,64.01300048828125,64.2582204713824,-0.250806407164859,0.9842856270926345,0.008986953701399746,0.09001510115505554,46,48
ABBV,2016-09-26,64.5199966430664,64.87999725341797,64.0199966430664,64.06999969482422,47.14067459106445,5567700,True,-0.0141031117381497,46.17563372017,63.98600044250488,64.24029468313876,-0.2354271825628018,0.9921433585030696,0.011883494348352942,0.12162226478964161,45,48
ABBV,2016-09-27,63.95000076293945,64.75,63.68999862670898,64.56999969482422,47.50855255126953,4358300,False,0.0077735407634932,47.22221339191009,63.98900032043457,64.27169516044214,-0.1808089617770036,1.007143565586636,0.012002354772884779,0.12291927434198671,45,48
ABBV,2016-09-28,64.94000244140625,64.94000244140625,63.88999938964844,64.22000122070312,47.25103378295898,5645600,False,-0.0054352158389764,51.20484696398327,63.99200019836426,64.26677192808604,-0.1638765136635811,0.9728578839983264,0.011410029988379356,0.11645580337071733,45,48
ABBV,2016-09-29,64.30000305175781,64.30999755859375,62.79999923706055,62.81999969482422,46.220951080322266,6431200,False,-0.0220413508240438,46.32152163722144,63.92800025939941,64.12898409634681,-0.2604238453979519,1.0092866080147884,0.011480588207616431,0.11722573738960881,45,48
ABBV,2016-09-30,62.66999816894531,63.2599983215332,62.45000076293945,63.06999969482422,46.40489959716797,7325400,False,0.0039718665432369,42.64918680903753,63.88000030517578,64.02812843905895,-0.3131555287180703,0.9550004686628074,0.012373837233809465,0.1269729053318283,44,48
ABBV,2016-10-03,63.02000045776367,63.290000915527344,62.25,63.22999954223633,46.52261734008789,4239600,True,0.0025335403283589,49.12559145993113,63.835500144958495,63.95211616317108,-0.3381372810560137,0.9478574480329246,0.011865388470230828,0.12142469274688243,45,48
ABBV,2016-10-04,63.310001373291016,63.52999877929688,62.54999923706055,63.0,46.35338592529297,4719400,False,-0.003644248161751,47.39263704971802,63.75500011444092,63.86143843334526,-0.3722040045640682,0.9535718645368314,0.010364050254626727,0.10504203203698664,45,48
ABBV,2016-10-05,63.08000183105469,63.75,63.0,63.38999938964844,46.64033508300781,4442500,False,0.0061713858813659,50.289861642619385,63.67600002288818,63.8165394768027,-0.3635417539552463,0.9428574698311952,0.011462290750780873,0.11702607483251451,45,48
ABBV,2016-10-06,63.15999984741211,63.209999084472656,62.560001373291016,62.83000183105469,46.22831726074219,4446100,False,-0.0088731884260902,47.01897992528777,63.61450023651123,63.722583510540986,-0.3972843343181438,0.9578571319580088,0.006170281451467175,0.05927946455963544,47,48
ABBV,2016-10-07,63.09999847412109,63.58000183105469,62.5,62.93000030517578,46.30188751220703,3812700,False,0.0015901892176392,50.14045267390495,63.59300022125244,63.6470993957443,-0.4112162858484396,0.9721431732177744,0.005874942707833459,0.056056716759606114,47,48
ABBV,2016-10-10,63.06999969482422,63.65999984741211,62.91999816894531,63.310001373291016,46.58148956298828,3135300,True,0.0060205152770544,50.21039684081046,63.55450019836426,63.61499482217732,-0.3871319314900674,0.9685717991420212,0.006491445472973966,0.06278401879124429,47,48
ABBV,2016-10-11,63.08000183105469,63.2599983215332,62.04999923706055,62.38999938964844,45.90456771850586,5308400,False,-0.0146386158609513,38.174285681121,63.50700016021729,63.4983285905079,-0.4372411348162188,0.9835720062255868,0.009366834981162865,0.09416038038109324,46,48
ABBV,2016-10-12,62.0,62.22999954223633,61.02000045776367,61.209999084472656,45.45161056518555,4563800,False,-0.0099163707063232,23.95691394597813,63.40050010681152,63.280392447075975,-0.5656487556719156,1.001429421561106,0.008614289066919682,0.085948570241628,46,48
ABBV,2016-10-13,60.959999084472656,61.61000061035156,60.68000030517578,61.150001525878906,45.40706253051758,5988600,False,-0.0009806006783908,24.08658898930645,63.290500259399415,63.07749807362863,-0.6645930073905859,1.0264293125697554,0.008486755587709912,0.08455691998099335,46,48
ABBV,2016-10-14,61.45000076293945,61.52000045776367,60.150001525878906,60.16999816894531,44.67936325073242,5606500,False,-0.0161559325219786,23.860576377305307,63.1355001449585,62.80059332080165,-0.8127166290065801,1.0557144709995825,0.009438772531195674,0.09494536571100735,46,48
ABBV,2016-10-17,60.09999847412109,60.709999084472656,59.86000061035156,60.13999938964844,44.657073974609375,6138700,True,-0.0004989963172434,18.311862238633125,62.99700012207031,62.54720342259658,-0.9218992365526972,1.040714263916016,0.007396625640751619,0.07266137981216583,47,48
ABBV,2016-10-18,60.619998931884766,61.619998931884766,60.400001525878906,61.54999923706055,45.70408630371094,6655100,False,0.0231749832832115,33.416135175824394,62.9105001449585,62.45223159540268,-0.8844565710297019,1.0714282989501958,0.014948306830967203,0.15506561720701792,43,40
ABBV,2016-10-19,62.040000915527344,62.15999984741211,61.16999816894531,61.43000030517578,45.61497497558594,5588900,False,-0.0019516485421892,39.7341205399856,62.77700023651123,62.35487623442869,-0.8546144365277968,1.0342856815883097,0.014146899338856404,0.1463206276389366,44,48
ABBV,2016-10-20,61.45000076293945,61.97999954223633,61.33000183105469,61.7599983215332,45.860008239746094,4391300,False,0.0053573959047465,40.437938725333225,62.61100006103516,62.29822119510531,-0.7951700228749701,1.0228571210588733,0.014240341619570902,0.1473402734222743,44,48
ABBV,2016-10-21,61.380001068115234,61.43999862670898,60.650001525878906,60.97999954223633,45.28082656860352,4341700,False,-0.0127097687662019,34.93974611559308,62.41099987030029,62.17267627578445,-0.8017571225168041,1.027856826782227,0.013187264688938575,0.1358490572015335,44,48
ABBV,2016-10-24,61.130001068115234,61.68000030517578,61.02000045776367,61.119998931884766,45.38478088378906,3934800,True,0.0022931376882594,37.26285406805777,62.26349983215332,62.07242129065115,-0.7866130797854112,1.0078569139753069,0.01307795428067279,0.13465625779626558,44,48
ABBV,2016-10-25,61.060001373291016,61.65999984741211,60.95000076293945,61.54999923706055,45.70408630371094,6432800,False,0.007010883715385,37.60106770475866,62.11249980926514,62.02266680935681,-0.7314818187734531,1.0049997057233535,0.007881304078810639,0.07795020968513898,46,48
ABBV,2016-10-26,61.5099983215332,61.709999084472656,60.709999084472656,61.02000045776367,45.3105354309082,4560800,False,-0.0086481340714753,37.75370462043223,61.95249977111816,61.92717477587175,-0.722230940616555,1.0171427045549666,0.008810115253614777,0.0880854331692446,46,48
ABBV,2016-10-27,61.45000076293945,61.720001220703125,60.59999847412109,61.459999084472656,45.63726043701172,6612500,False,0.0071849220430454,40.49157805180885,61.88449974060059,61.88268185288136,-0.6716529440254959,1.0199999128069202,0.009187235269531847,0.09220058137733432,46,48
ABBV,2016-10-28,57.54999923706055,58.38999938964844,55.060001373291016,57.59999847412109,42.77101135253906,24865300,False,-0.0648639294445141,24.53164447550951,61.61099967956543,61.474807245380376,-0.9322924205246396,1.4242853437151233,0.030568882859478872,0.3255179473405501,36,32
ABBV,2016-10-31,57.060001373291016,57.29999923706055,55.720001220703125,55.77999877929688,41.419551849365234,14185800,True,-0.0321075320247448,22.708487029076775,61.23849964141846,60.9324445343248,-1.271057884371494,1.4685707092285156,0.03058646312596733,0.3257097838888219,36,32
ABBV,2016-11-01,56.0,56.61000061035156,55.68000030517578,56.45000076293945,41.91707992553711,9799400,False,0.01194034308044,29.48275640943426,60.91099967956543,60.5055451275262,-1.4685399797515686,1.4371422358921595,0.031666047422273635,0.3374902495096222,36,32
ABBV,2016-11-02,56.459999084472656,57.18999862670898,56.400001525878906,56.790000915527344,42.1695442199707,9746200,False,0.0060048802202292,31.64982483856568,60.580999755859374,60.15168377400249,-1.5794044015123987,1.4271420070103231,0.03330255808220813,0.35534791716317393,35,32
ABBV,2016-11-03,57.119998931884766,57.290000915527344,55.84999847412109,55.88999938964844,41.50123596191406,9842600,False,-0.0159750505339393,31.86440491669407,60.23399963378906,59.74580907073067,-1.7200600741699148,1.4321422576904297,0.03109263017008405,0.3312330982626976,36,32
ABBV,2016-11-04,56.06999969482422,56.869998931884766,55.869998931884766,56.040000915527344,41.61262893676758,11187000,False,0.0026804923988605,32.80201718150151,59.88949966430664,59.39287496071131,-1.7986926296101586,1.4428566523960658,0.018173712908868666,0.1902613731510799,42,40
ABBV,2016-11-07,56.810001373291016,61.15999984741211,56.63999938964844,58.90999984741211,43.743743896484375,17763100,True,0.0499449045200131,40.13452940368114,59.6694995880127,59.346886854682815,-1.6108556271453551,1.7028566087995256,0.02418354761017438,0.25584092199006875,39,40
ABBV,2016-11-08,58.79999923706055,59.61000061035156,58.02999877929688,58.810001373291016,43.66949081420898,9353200,False,-0.0016988983505895,40.19461242409506,59.49049968719483,59.29575490407407,-1.453309641643905,1.7449994768415171,0.02480091451852704,0.26257765358588,39,40
ABBV,2016-11-09,64.0999984741211,64.69000244140625,60.40999984741211,62.63999938964844,46.513465881347656,18694000,False,0.063092151940488,52.60973082848407,59.56199970245361,59.61425437889068,-1.0077873366938093,2.118571145193917,0.03470546484149775,0.37065649001250583,35,32
ABBV,2016-11-10,63.060001373291016,65.05000305175781,62.790000915527344,64.0,47.52333068847656,15948700,False,0.0214789033271615,58.65825887491358,59.70449962615967,60.03194443804394,-0.5387565666143388,2.2114287785121367,0.028612105340808304,0.3041655153302634,37,40
ABBV,2016-11-11,63.540000915527344,63.84999847412109,62.790000915527344,63.09999847412109,46.85504150390625,10201600,False,-0.0141621504739015,55.43955895394296,59.85099964141845,60.32414006052748,-0.2369376340966695,2.247857230050222,0.032878988711059196,0.35072591179322155,35,32
ABBV,2016-11-14,63.400001525878906,63.63999938964844,62.25,62.970001220703125,46.758522033691406,8315700,True,-0.0020620837572894,53.96648649501096,59.99249973297119,60.57612683768707,-0.0081398167660537,2.296428680419921,0.030664632543143243,0.32656277159417246,36,32
ABBV,2016-11-15,63.38999938964844,63.38999938964844,61.97999954223633,62.869998931884766,46.68425369262695,5610300,False,-0.001589600825228,55.294786333296656,60.0584997177124,60.79459084665828,0.1632331033082081,2.3257143838065004,0.03065127713817199,0.326417036898277,36,32
ABBV,2016-11-16,62.66999816894531,62.970001220703125,61.41999816894531,61.540000915527344,45.69665145874024,6571200,False,-0.0213819048094967,50.217869903036885,60.06399974822998,60.86558228178867,0.1895427219668519,2.356428691319056,0.016302587281493138,0.16984357789330062,43,40
ABBV,2016-11-17,61.75,61.9900016784668,61.130001068115234,61.70000076293945,45.81547164916992,4879500,False,0.0025968200314029,63.98363687412362,60.06099987030029,60.945050708564935,0.220759160630088,1.960714612688336,0.010042144531900558,0.10152938433296838,45,48
ABBV,2016-11-18,61.650001525878906,62.13999938964844,60.38999938964844,60.52000045776367,44.939247131347656,7023200,False,-0.0193103291440332,66.9044276879534,60.03799991607666,60.90456973229815,0.1485696319832214,1.9514290945870527,0.01112466980075264,0.11334194196000275,45,48
ABBV,2016-11-21,60.70000076293945,60.79999923706055,60.20000076293945,60.41999816894531,44.865013122558594,6328300,True,-0.0016532406254946,64.75835383201209,60.00299987792969,60.85842005959788,0.0823403926876764,1.927857535226004,0.011183781819044163,0.1139869745912127,45,48
ABBV,2016-11-22,60.4900016784668,60.560001373291016,58.61000061035156,58.93000030517578,43.758602142333984,8518600,False,-0.024970059367289,57.32876579898843,59.87199993133545,60.6747610353672,-0.0893471929606803,2.0107149396623885,0.012503527726410639,0.12838809300606555,44,48
ABBV,2016-11-23,58.810001373291016,60.380001068115234,58.59999847412109,60.18000030517578,44.686798095703125,5546600,False,0.0209898995089982,64.34783207775757,59.829999923706055,60.627640965825165,-0.1231269572953053,2.035000664847238,0.01834780888140243,0.19216111514081696,42,40
ABBV,2016-11-25,60.040000915527344,60.66999816894531,59.66999816894531,60.5099983215332,44.93183517456055,2941600,True,0.0054684540602254,64.7719740398771,59.78249988555908,60.61643690446402,-0.1218648003290212,2.035000664847238,0.018666470478792427,0.1956383628236205,42,40
ABBV,2016-11-28,59.130001068115234,59.93999862670898,59.0099983215332,59.459999084472656,44.15214538574219,6274600,True,-0.0175050484638901,52.06611380757695,59.87549991607666,60.50629996922675,-0.2032477811570814,1.7764293125697546,0.018307771016954768,0.19172422041451379,42,40
ABBV,2016-11-29,59.70000076293945,62.09999847412109,59.52000045776367,61.59000015258789,45.73378372192383,11858800,False,0.0351957557442994,59.061275889714935,60.16599998474121,60.60950951049925,-0.0947785466723587,1.85214342389788,0.025325801372198226,0.2683052392460636,39,40
ABBV,2016-11-30,61.630001068115234,61.84000015258789,60.630001068115234,60.79999923706055,45.14717483520508,9025200,False,-0.0129095696806487,42.52032411902972,60.38349990844726,60.627651389219366,-0.0717354468569055,1.518571853637695,0.02228858251988156,0.23516298959035775,40,40
ABBV,2016-12-01,60.83000183105469,60.83000183105469,58.75,59.15999984741211,43.92938995361328,8266200,False,-0.0273441339335071,30.76311241744804,60.501999855041504,60.48787505190439,-0.1836904003426056,1.4950002942766465,0.024652514621987226,0.26095830817181737,39,40
ABBV,2016-12-02,59.18999862670898,60.0,58.95000076293945,59.43000030517578,44.129878997802734,8020700,False,0.004553510220922,34.64435520426994,60.67899990081787,60.38712507602547,-0.247772559287938,1.48357173374721,0.024573322584517634,0.26009416159424714,39,40
ABBV,2016-12-05,59.59999847412109,61.220001220703125,59.56999969482422,60.86000061035156,45.19171524047852,10227700,True,0.0237766975694849,42.03773354584316,60.91999988555908,60.43216084119938,-0.1810816616466155,1.512143271309989,0.025645886895398744,0.27179802486241694,39,40
ABBV,2016-12-06,60.7599983215332,61.720001220703125,60.33000183105469,61.619998931884766,45.75605773925781,7610400,False,0.0124104136589604,45.50682833747712,61.05549983978271,60.54528827840751,-0.0661407029546552,1.5107146671840124,0.020337129848793482,0.2138686625229608,41,40
ABBV,2016-12-07,60.2599983215332,60.650001525878906,58.79999923706055,59.9900016784668,44.54570770263672,13095600,False,-0.0268083911468474,44.54609516880914,61.1144998550415,60.49240384031792,-0.105361776013332,1.601428713117327,0.023294311722413374,0.2461375455697265,40,40
ABBV,2016-12-08,60.02000045776367,60.97999954223633,59.09000015258789,60.900001525878906,45.2214241027832,9192300,False,0.0150551577072602,47.326204913056245,61.02749996185303,60.53122266751421,-0.062297252536247,1.6750000544956751,0.019476768511333148,0.2044803663129337,41,40
ABBV,2016-12-09,61.18999862670898,61.93000030517578,60.91999816894531,61.540000915527344,45.69665145874024,7102900,False,0.0104540638601566,53.53675747960049,60.9045000076294,60.62729678637261,0.0232067812999403,1.6235713958740234,0.019561129061619394,0.20540091190237875,41,40
ABBV,2016-12-12,61.52999877929688,62.45000076293945,61.5099983215332,62.040000915527344,46.06793212890625,5984500,True,0.0080920695469231,55.46559923726606,60.85150012969971,60.76184003676829,0.1298186963419638,1.647857393537249,0.017323261576249447,0.18098121529739253,42,40
ABBV,2016-12-13,62.33000183105469,62.43999862670898,61.36000061035156,61.9900016784668,46.03080749511719,8599600,False,-0.000806192048911,61.43498831784027,60.80250015258789,60.87880781216815,0.2078785915371028,1.5857143402099605,0.016685311365813332,0.17401987791268062,43,40
ABBV,2016-12-14,61.54999923706055,62.29999923706055,61.5099983215332,61.66999816894531,45.79318618774414,5115700,False,-0.0051755936170472,55.98392863052028,60.74250011444092,60.95415927471835,0.2411402967961109,1.5149999346051888,0.008311078645411458,0.08263992638800108,46,48
ABBV,2016-12-15,61.79999923706055,62.11000061035156,61.54999923706055,62.02000045776367,46.05308532714844,6416900,False,0.0056594531017649,56.05453884689085,60.766500091552736,61.05566795881791,0.2923724103173555,1.4835714612688329,0.006477147937785906,0.06262800353396294,47,48
ABBV,2016-12-16,62.119998931884766,62.4900016784668,61.83000183105469,62.220001220703125,46.20159149169922,10555800,False,0.0032194854059405,61.87608211642769,60.79250011444092,61.16655684090221,0.3451341280933562,1.4235714503696977,0.005271626845893847,0.049473310726024296,48,48
ABBV,2016-12-19,62.369998931884766,63.33000183105469,62.119998931884766,62.220001220703125,46.20159149169922,5976800,True,0.0,53.31928849678042,60.87750015258789,61.26688487707372,0.38253850380854,1.321428843906947,0.004127726725480862,0.03699102834357369,48,48
ABBV,2016-12-20,62.34000015258789,62.709999084472656,61.75,62.15999984741211,46.157039642333984,5751800,False,-0.0009647577551503,57.76255866837487,60.96450023651123,61.35194344567738,0.4026980788919942,1.3035717010498042,0.00414161956863876,0.03714262758576048,48,48
ABBV,2016-12-21,62.22999954223633,62.40999984741211,61.43000030517578,61.45000076293945,45.62983703613281,5498700,False,-0.0114876640979715,64.62324636020477,61.09050025939941,61.361282237797575,0.3572653622741839,1.22500010899135,0.006571486190354687,0.06365742619684836,47,48
ABBV,2016-12-22,61.58000183105469,61.91999816894531,61.34999847412109,61.65999984741211,45.7857666015625,5626000,False,0.0034114464150541,64.35006055892921,61.16450023651123,61.38973153395134,0.3343505926053467,1.1907144274030412,0.00608527500687029,0.05835187094647682,47,48
ABBV,2016-12-23,61.77999877929688,62.400001525878906,61.470001220703125,62.34000015258789,46.29069900512695,4795900,False,0.010967785564997,60.541306593502725,61.25600032806396,61.48023330715482,0.3668322009118157,1.1292858123779297,0.008125345397942137,0.08061319800380908,46,48
ABBV,2016-12-27,62.52000045776367,63.02000045776367,62.40999984741211,62.5,46.40951156616211,5396200,True,0.0025633733809569,56.853588755559386,61.40800037384033,61.57735394456864,0.4008638510775455,1.0785715920584542,0.008175665176298887,0.08116228937259443,46,48
ABBV,2016-12-28,62.5099983215332,62.75,62.25,62.27000045776367,46.23871994018555,5190400,False,-0.0036868878480654,72.70913186074999,61.44200038909912,61.64332027915864,0.4046110340081625,0.9128573281424386,0.008417771911098791,0.08380416743217048,46,48
ABBV,2016-12-29,62.38999938964844,63.060001373291016,62.38999938964844,62.72999954223633,46.58029556274414,4990000,False,0.0073600686810365,70.02184475946976,61.53850040435791,61.7468135423089,0.4396309927976816,0.8342860085623605,0.005505969370768279,0.052030465426421604,47,48
ABBV,2016-12-30,62.72999954223633,62.93000030517578,62.40999984741211,62.619998931884766,46.49861145019531,5999200,False,-0.0017551588461825,63.36629643373435,61.711500358581546,61.82997405560184,0.4532832651796852,0.7978575570242745,0.006123154835551475,0.05876521710298102,47,48
ABBV,2017-01-03,62.91999816894531,63.02999877929688,61.93999862670898,62.40999984741211,46.34268569946289,9328200,True,-0.003358977138949,54.93331407337028,61.86050033569336,61.88521460720282,0.4420618050061762,0.8085716792515356,0.004702286187144239,0.04326064342447938,48,48
ABBV,2017-01-04,62.63999938964844,63.79999923706055,62.63999938964844,63.290000915527344,46.996131896972656,8674800,False,0.0140018245364287,64.19211391438265,61.98200035095215,62.0190037794242,0.4984318367426112,0.8307146344866086,0.007852118589914227,0.0776317365008339,46,48
ABBV,2017-01-05,63.380001068115234,63.95000076293945,63.02999877929688,63.77000045776367,47.35255813598633,5359400,False,0.0075555460171149,72.1519150336844,62.089500427246094,62.18576536783748,0.5752068184040553,0.8400004250662677,0.007217198865098622,0.07070346789249164,47,48
ABBV,2017-01-06,63.880001068115234,64.0,63.52000045776367,63.790000915527344,47.36739730834961,4722300,False,0.0003133272691075,70.06803309531121,62.27950038909912,62.33854970571271,0.6303985719671914,0.8342860085623615,0.007270529159140228,0.07128541012493596,47,48
ABBV,2017-01-09,63.79999923706055,64.37999725341797,63.75,64.20999908447266,47.67927932739258,8794500,True,0.0065627363199912,71.49027045642922,62.44500026702881,62.51678297988032,0.6999600724585449,0.8321429661342086,0.00674244200128825,0.06552290262168094,47,48
ABBV,2017-01-10,64.05000305175781,64.5,63.77000045776367,64.06999969482422,47.5753173828125,6523500,False,-0.0021828234951322,69.39203119576848,62.57150020599365,62.66470838130355,0.7353150281141865,0.7978570120675234,0.006388482888887657,0.061660487089081235,47,48
ABBV,2017-01-11,63.380001068115234,63.650001525878906,60.59000015258789,61.13999938964844,45.85770034790039,13565200,False,-0.0367709532497639,43.3246004676502,62.526500129699706,62.51949800114592,0.5209029031794898,0.9778570447649284,0.018281509392496575,0.191437652552111,42,40
ABBV,2017-01-12,60.77000045776367,61.43000030517578,60.41999816894531,61.27999877929688,45.96272277832031,8194400,False,0.0022875624538033,48.79772218736061,62.49099998474121,62.40145045620791,0.3581480226678053,0.9800000871930814,0.01751982969024716,0.18312617416444757,42,40
ABBV,2017-01-13,61.34999847412109,62.40999984741211,61.04999923706055,61.9900016784668,46.4952507019043,7295100,False,0.0115194783602809,52.17966872099293,62.50700016021729,62.362264858327805,0.2831904641076121,1.0364287240164625,0.01916243424436849,0.20105033862719754,41,40
ABBV,2017-01-17,61.75,62.040000915527344,61.09999847412109,61.86000061035156,46.39775085449219,8446700,True,-0.0020991868403857,46.581200064556405,62.49900016784668,62.31443016804435,0.2108653348548799,1.0371431623186391,0.01837619090589971,0.19247082089050493,42,40
ABBV,2017-01-18,61.7599983215332,62.13999938964844,61.31999969482422,61.65999984741211,46.24773788452149,5519400,False,-0.0032384329364962,44.05099157794976,62.47100009918213,62.25210347084128,0.135842846973901,1.0471431187220992,0.018335300752432775,0.1920246259534402,42,40
ABBV,2017-01-19,61.45000076293945,61.880001068115234,61.119998931884766,61.380001068115234,46.037723541259766,5384200,False,-0.0045514147637295,43.74121439347928,62.42900009155274,62.169046099153086,0.0531803929127079,1.0657146998814184,0.006528219103778616,0.0631852940737103,47,48
ABBV,2017-01-20,61.40999984741211,61.77000045776367,61.08000183105469,61.150001525878906,45.865211486816406,6730000,False,-0.0037542273706323,38.517458059128906,62.37850017547608,62.07199423503173,-0.0305372242414136,1.0585716792515356,0.006736095366672751,0.06545364789914423,47,48
ABBV,2017-01-23,61.02000045776367,61.2599983215332,60.68000030517578,60.959999084472656,45.72271347045898,5244700,True,-0.0031117231099139,38.07471870730048,62.354000091552734,61.96608993497848,-0.1109368372892589,1.0628572191510892,0.0009000762298073244,0.0017707812259247335,49,48
ABBV,2017-01-24,60.90999984741211,60.93000030517578,59.66999816894531,60.58000183105469,45.437686920166016,6642000,False,-0.0062533178414562,37.16691625376453,62.30000019073486,61.8340815441286,-0.2029769208639038,1.0771429879324776,0.0012889555421858295,0.0060142473320819985,49,48
ABBV,2017-01-25,60.59999847412109,61.630001068115234,60.34000015258789,61.380001068115234,46.037723541259766,8052800,False,0.0131192683220024,36.45390032546676,62.25200023651123,61.79083578450828,-0.2089573671940385,1.070000239780971,0.007930456012666292,0.0784865574895332,46,48
ABBV,2017-01-26,61.15999984741211,61.900001525878906,61.06999969482422,61.27000045776367,45.95521926879883,7765300,False,-0.0017937092142385,31.28742600458449,62.19050025939941,61.741232420056406,-0.2200365989941914,1.063571657453265,0.007706655295754758,0.07604443540559104,46,48
ABBV,2017-01-27,60.0,61.25,59.52000045776367,60.0,45.002662658691406,14151200,False,-0.0209457699663875,26.10339993900334,62.07700023651123,61.575400761003415,-0.3275199470467527,1.154285975864956,0.012152743733577505,0.12456032450106191,45,48
ABBV,2017-01-30,59.90999984741211,60.470001220703125,59.27000045776367,60.43000030517578,45.32517623901367,7792700,True,0.0071409867604499,26.19648855783349,61.9620002746582,61.46631500330554,-0.373696107677361,1.1950005122593477,0.013123491263079283,0.13515315911054931,44,48
ABBV,2017-01-31,60.0099983215332,61.31999969482422,59.75,61.11000061035156,45.8352165222168,8149800,False,0.0111900703784697,32.54718211843371,61.88650035858154,61.432380299214685,-0.3513703276140774,1.2550005231584829,0.013920250284558415,0.14384742438720385,44,48
ABBV,2017-02-01,61.06999969482422,61.09999847412109,60.27000045776367,60.88999938964844,45.670204162597656,5888700,False,-0.0036066177774677,47.8336237878263,61.81050033569336,61.38072497449409,-0.3474243542574697,1.0664291381835942,0.012432955786439562,0.12761800926599365,44,48
ABBV,2017-02-02,60.650001525878906,61.119998931884766,60.47999954223633,60.88999938964844,45.670204162597656,5365300,False,0.0,46.53642050259095,61.69050025939941,61.3339892045088,-0.34037352778995,1.040000370570592,0.012451941087300482,0.127825177603712,44,48
ABBV,2017-02-03,60.900001525878906,61.060001373291016,60.43999862670898,60.66999816894531,45.50519943237305,6470300,False,-0.0036195049072434,37.15950693955341,61.5355001449585,61.27075196302656,-0.3485204303254576,0.9871433803013404,0.006664382205198682,0.06467111110586683,47,48
ABBV,2017-02-06,60.5099983215332,60.970001220703125,60.34999847412109,60.650001525878906,45.490196228027344,5358100,True,-0.0003297574426215,37.972173179714,61.37850017547608,61.2116328737744,-0.3525267621824852,0.9642862592424676,0.006099046131488099,0.05850214199124369,47,48
ABBV,2017-02-07,60.650001525878906,60.869998931884766,60.400001525878906,60.560001373291016,45.42269134521485,4210300,False,-0.0014850456743914,38.82114955789813,61.196000289917,61.14957273087121,-0.3588277265255613,0.939286095755442,0.0017374507418800977,0.010908244307741273,49,48
ABBV,2017-02-08,60.13999938964844,61.02000045776367,60.04999923706055,60.52000045776367,45.392677307128906,5357800,False,-0.0006609903064672,40.81195989025411,61.018500328063965,61.08961346676573,-0.3628661308646101,0.9542860303606316,0.0014509731421263597,0.007782189652653199,49,48
ABBV,2017-02-09,60.52000045776367,61.0,60.41999816894531,60.84000015258789,45.63269805908203,4324600,False,0.0052737230091808,46.7505100257752,61.003500366210936,61.065840770177374,-0.3363678551230222,0.9464291163853248,0.003298824857451591,0.02794601908144799,48,48
ABBV,2017-02-10,60.84999847412109,61.0,60.27000045776367,60.41999816894531,45.31769180297852,5749200,False,-0.0069270184806107,44.59999084472657,60.96050033569336,61.00433195101242,-0.345278277608962,0.9571435110909609,0.00433407640677644,0.03924272405152603,48,48
ABBV,2017-02-13,60.58000183105469,60.86000061035156,60.43000030517578,60.5099983215332,45.38518905639648,6396000,True,0.0014883158117534,49.2568634136741,60.88650016784668,60.95725255772868,-0.3411450833090725,0.8964293343680255,0.0044605194077010244,0.04062247497091165,48,48
ABBV,2017-02-14,60.43999862670898,60.97999954223633,60.150001525878906,60.81999969482422,45.6176986694336,13562200,False,0.0051099503494972,43.36492055586039,60.83450012207031,60.944180856499685,-0.3092896781299856,0.8635719844273169,0.005022171505892058,0.046751244402097006,48,48
ABBV,2017-02-15,60.91999816894531,61.84000015258789,60.400001525878906,61.650001525878906,46.24023818969727,8927600,False,0.0135546055786044,53.84615978619189,60.83400020599365,61.01140187263104,-0.2145960986248596,0.9071431841169096,0.007406127259023493,0.07276506183845757,47,48
ABBV,2017-02-16,61.66999816894531,61.90999984741211,60.810001373291016,61.47999954223633,46.11273193359375,5662000,False,-0.0027612828683154,69.27078831950011,60.839000129699706,61.05603022211726,-0.1515218444470392,0.8607145036969877,0.0078383804184539,0.07748182504219675,46,48
ABBV,2017-02-17,61.540000915527344,62.08000183105469,61.16999816894531,61.77000045776367,46.33024978637695,8124400,False,0.0047059982309691,68.10806909741375,60.87000007629395,61.12402738741692,-0.0772439729044265,0.8400004250662677,0.006003424860017791,0.05745871897645247,47,48
ABBV,2017-02-21,61.84000015258789,62.11000061035156,61.5,61.83000183105469,46.375247955322266,8503500,True,0.000970776784017,61.68829560345105,60.913500213623045,61.19126304871576,-0.0133823517705735,0.7714290618896494,0.006070682415863243,0.05819263602868014,47,48
ABBV,2017-02-22,61.720001220703125,61.95000076293945,61.29999923706055,61.36000061035156,46.02272415161133,6422200,False,-0.0076305898532632,57.05705533700979,60.95250015258789,61.20733329268107,-0.0006887875563208,0.7578577314104363,0.008016223612298768,0.0794224568558966,46,48
ABBV,2017-02-23,61.68000030517578,62.2400016784668,61.45000076293945,61.93999862670898,46.4577522277832,8057700,False,0.0094080675609833,63.427074542554216,60.980500030517575,61.27711094354088,0.055531810070903,0.7750007084437789,0.0065773542082479056,0.06372145823518924,47,48
ABBV,2017-02-24,61.91999816894531,62.22999954223633,61.4900016784668,62.09000015258789,46.57025909423828,6536400,False,0.0024187751561656,68.48957169182474,61.02150001525879,61.35452896345012,0.1109123793923032,0.7835717882428855,0.006248631870491853,0.06013442736416445,47,48
ABBV,2017-02-27,62.02000045776367,62.369998931884766,61.68000030517578,62.220001220703125,46.667762756347656,5214100,True,0.0020915007787006,69.8733524421713,61.13250007629394,61.43695489271231,0.1634082111673507,0.7885714939662388,0.006069753707477298,0.058182501926832046,47,48
ABBV,2017-02-28,62.11000061035156,62.400001525878906,61.68999862670898,61.84000015258789,46.382755279541016,6756100,False,-0.0061258846076068,65.09427851162489,61.20300006866455,61.4753401555576,0.172361746740691,0.8057147434779581,0.0069728707756015525,0.06803735032449452,47,48
ABBV,2017-03-01,62.15999984741211,62.93000030517578,61.95000076293945,62.83000183105469,47.12529754638672,7737400,False,0.0158822230361439,72.25428895041715,61.28900012969971,61.604355553224,0.256386881477944,0.8142860957554413,0.00831279047532735,0.08265860594229048,46,48
ABBV,2017-03-02,62.77999877929688,63.59999847412109,62.59999847412109,63.25,47.44031524658203,8190000,False,0.0066624401015075,72.77877331448825,61.40700016021729,61.761083595774096,0.3528008793620003,0.8442859649658209,0.00801216830056097,0.07937820513727471,46,48
ABBV,2017-03-03,63.11000061035156,63.52999877929688,62.83000183105469,63.34000015258789,47.5078010559082,6125800,False,0.0014215304804044,79.43544138491674,61.52950019836426,61.91145660118493,0.431497888402248,0.8421429225376684,0.008079283616471878,0.08011057006183202,46,48
ABBV,2017-03-06,63.0,63.84999847412109,62.880001068115234,63.54999923706055,47.665313720703125,6837000,True,0.0033100273953913,79.92121313154523,61.67350025177002,62.06750828079213,0.5049897980822848,0.8799997057233543,0.008026039857093669,0.07952957209898355,46,48
ABBV,2017-03-07,63.13999938964844,64.13999938964844,62.970001220703125,63.68999862670898,47.77033233642578,9638000,False,0.00220082668166,79.2260138649661,61.825500106811525,62.22203117087945,0.5679821025832439,0.9042854309082036,0.005930314427999092,0.056660935112918226,47,48
ABBV,2017-03-08,63.75,64.68000030517578,63.5,64.13999938964844,48.107852935791016,7049700,False,0.0070406420952831,77.48338124855792,62.0045000076294,62.40469481076221,0.6467598139500126,0.8857141222272605,0.0025794825030706985,0.02009652747216533,49,48
ABBV,2017-03-09,64.13999938964844,64.72000122070312,64.05000305175781,64.5,48.37786483764648,6957000,False,0.0055969445623119,81.99149614368463,62.203499984741214,62.60424768592772,0.7298277582802228,0.8549998147147048,0.002351613447377523,0.017610011517994708,49,48
ABBV,2017-03-10,65.30000305175781,66.44999694824219,65.11000061035156,65.87999725341797,49.41292190551758,12788100,False,0.0211695959768563,85.3700156986902,62.45549983978272,62.916223835212506,0.8966776065804822,0.9292850494384772,0.007675717240791402,0.07570683815253981,46,48
ABBV,2017-03-13,65.87000274658203,65.94000244140625,65.30000305175781,65.8499984741211,49.39042663574219,7577400,True,-0.0004553544084528,84.77506481026828,62.72699985504151,63.19563094368,1.0147888089620736,0.9314278193882538,0.008386014471937611,0.08345762902704275,46,48
ABBV,2017-03-14,65.87999725341797,66.05000305175781,65.5999984741211,65.66999816894531,49.25541687011719,3727200,False,-0.0027372638344354,89.25318065273734,62.98499984741211,63.43128496513384,1.0814025322503014,0.9171423230852404,0.009344756199740678,0.0939194558637738,46,48
ABBV,2017-03-15,65.69999694824219,66.79000091552734,65.68000030517578,66.55000305175781,49.91545867919922,5241200,False,0.0133113991713526,89.81002296063751,63.27150001525879,63.7283057352885,1.1914689154241174,0.9342853001185832,0.009902846852528003,0.10000936266488729,45,48
ABBV,2017-03-16,66.4000015258789,66.44999694824219,65.55000305175781,65.9000015258789,49.42792510986328,5162800,False,-0.0098151978468947,80.2861566620393,63.48400001525879,63.93513390582092,1.2122732943030172,0.9528568812779022,0.01262105114142303,0.1296705130587927,44,48
ABBV,2017-03-17,66.04000091552734,66.08999633789062,65.5,65.69000244140625,49.27042007446289,11288000,False,-0.0031916476169849,77.23704650335537,63.69450016021729,64.10226424254333,1.198005877349324,0.9457138606480194,0.008511020044157989,0.0848216946687801,46,48
ABBV,2017-03-20,65.77999877929688,66.01000213623047,65.55999755859375,65.80000305175781,49.35292434692383,4252100,True,0.0016731189190823,82.45902797797983,63.89600028991699,64.2639536529447,1.1819501905065266,0.9271425519670758,0.008571677426849673,0.08548359037612963,46,48
ABBV,2017-03-21,65.95999908447266,66.0,65.04000091552734,65.3499984741211,49.0153923034668,5187400,False,-0.0068626439822705,72.6618191697964,64.0720001220703,64.36738649305674,1.1200036297725546,0.9178567613874165,0.009066982567250921,0.09088837923631055,46,48
ABBV,2017-03-22,65.37999725341797,65.7300033569336,65.0999984741211,65.5199966430664,49.14289855957031,5662600,False,0.0025979736749496,71.37471210198953,64.27999992370606,64.47715888829576,1.0722675329336369,0.8914285387311663,0.005350406596090843,0.05033295840892059,47,48
ABBV,2017-03-23,65.5199966430664,66.06999969482422,65.36000061035156,65.6500015258789,49.24041366577149,4099500,False,0.0019823511920743,71.58875785844006,64.46550006866455,64.5888581871132,1.033018643920272,0.8921429770333421,0.004119214685485946,0.036898144633736425,48,48
ABBV,2017-03-24,65.51000213623047,66.11000061035156,65.31999969482422,65.62000274658203,49.21791458129883,4056300,False,-0.0004570275621139,70.01933907725817,64.64200019836426,64.68706243087213,0.9881027325964312,0.8792860848563058,0.0038908835331855703,0.034406586263505075,48,48
ABBV,2017-03-27,65.37000274658203,66.27999877929688,65.23999786376953,66.0999984741211,49.577938079833984,4962300,True,0.0072882632722667,71.86930348964809,64.83600006103515,64.82162776832442,0.9799420312478588,0.8700005667550224,0.005171174749821394,0.048377173566223376,48,48
ABBV,2017-03-28,65.95999908447266,66.20999908447266,65.63999938964844,65.9800033569336,49.4879264831543,5067400,False,-0.001817207609236,67.76065500852047,65.04300022125244,64.93194925295387,0.9528086287490112,0.8264290945870536,0.003496382448446878,0.03010177515979297,48,48
ABBV,2017-03-29,65.94999694824219,66.2699966430664,65.68000030517578,65.7699966430664,49.33041763305664,3649900,False,-0.0031878490758994,62.6242050196195,65.18999996185303,65.01176329010744,0.903939374645134,0.8207146780831474,0.004117675822293357,0.036881352499025466,48,48
ABBV,2017-03-30,65.76000213623047,65.81999969482422,65.25,65.45999908447266,49.097900390625,3749600,False,-0.0047246093323482,44.6970018071616,65.30049991607666,65.05445241338032,0.830621044110174,0.7221434456961495,0.004675308402613655,0.04296626079565153,48,48
ABBV,2017-03-31,65.45999908447266,65.5199966430664,65.1500015258789,65.16000366210938,48.87289810180664,4057800,False,-0.0045932601932985,41.84403942752531,65.39150009155273,65.06450491325927,0.739780882002691,0.702857426234654,0.005002651366190588,0.0465382398822525,48,48
ABBV,2017-04-03,65.23999786376953,65.58999633789062,64.87999725341797,65.02999877929688,48.7753791809082,5229600,True,-0.0019973512289696,42.34451944031744,65.46550006866455,65.06121861478667,0.6498085035801324,0.721428462437221,0.001378742050040461,0.006994001180495797,49,48
ABBV,2017-04-04,65.12000274658203,65.30000305175781,64.83000183105469,65.11000061035156,48.83538818359375,3457900,False,0.0012295571864864,28.69821950955253,65.53650016784668,65.06586451912618,0.5782940112411268,0.6749997820172992,0.0024416362086635128,0.01859234337299441,49,48
ABBV,2017-04-05,65.2300033569336,65.76000213623047,64.86000061035156,64.95999908447266,48.722877502441406,4396300,False,-0.0023065340541229,33.68054083838426,65.57750015258789,65.05578209677823,0.5037079594952445,0.6678570338657924,0.0024252825770614077,0.018413891912072853,49,48
ABBV,2017-04-06,65.02999877929688,65.19000244140625,64.6500015258789,65.08000183105469,48.81288528442383,4628400,False,0.0018456370250395,39.06812290123929,65.60650024414062,65.0580887381379,0.4491042011938191,0.6642859322684151,0.0026714562543197562,0.021100148605144604,49,48
ABBV,2017-04-07,65.05999755859375,65.93000030517578,64.83000183105469,65.54000091552734,49.15790939331055,6089300,False,0.0070434364936523,45.85984784980332,65.5895004272461,65.1039851359845,0.4379005659447159,0.7107140677315849,0.003777414557376158,0.03316840840826611,48,48
ABBV,2017-04-10,65.5,65.77999877929688,64.91000366210938,64.97000122070312,48.73038864135742,7136200,True,-0.0087349249872346,44.17182508571362,65.54550056457519,65.09122476310056,0.3786624080747458,0.7042852129255023,0.0058304561569181715,0.055571277794405724,47,48
ABBV,2017-04-11,64.43000030517578,64.43000030517578,63.31999969482422,64.18000030517578,48.61675262451172,5404500,False,-0.0023346565083183,32.732027686015414,65.47100067138672,65.00444148139343,0.2649154887547951,0.7771421160016742,0.005832222974947464,0.05559055738111655,47,48
ABBV,2017-04-12,64.16999816894531,64.41000366210938,63.66999816894531,64.37000274658203,48.76068878173828,6122000,False,0.002956254754176,33.756370734125454,65.36200065612793,64.94401874474472,0.1879354420065624,0.7792854309082031,0.005987173681542916,0.05728138548802015,47,48
ABBV,2017-04-13,64.23999786376953,64.72000122070312,64.08000183105469,64.12999725341797,48.57887649536133,3896700,False,-0.00373563406188,32.048166191745565,65.27350044250488,64.86649288842789,0.1063359877832397,0.768571036202567,0.0061121870967433675,0.05864553671265959,47,48
ABBV,2017-04-17,64.79000091552734,64.97000122070312,64.05999755859375,64.30999755859375,48.715240478515625,4189500,True,0.0028031308918993,26.75331778395613,65.20450019836426,64.81349333320559,0.0555519840293214,0.7592855181012835,0.0048973481242502335,0.04538916683100353,48,48
ABBV,2017-04-18,64.02999877929688,64.08000183105469,63.119998931884766,63.650001525878906,48.21527862548828,4755800,False,-0.0103159725428024,23.462482273447705,65.09700012207031,64.70268458965066,-0.0375183803138838,0.8035711560930524,0.005473475869802929,0.05167589508640144,47,48
ABBV,2017-04-19,63.900001525878906,63.93000030517578,63.310001373291016,63.45000076293945,48.063777923583984,4057100,False,-0.0031471190594843,23.51608135566059,65.00200023651124,64.58338136805912,-0.1259636738621026,0.8057141985212054,0.005493266211497125,0.05189184806084728,47,48
ABBV,2017-04-20,63.720001220703125,64.0,63.290000915527344,63.77999877929688,48.31374740600586,5708600,False,0.0051873098439808,30.90912716440282,64.91500034332276,64.50686874055795,-0.1674983079712433,0.8157141549246651,0.006084526145748233,0.05834369934493229,47,48
ABBV,2017-04-21,63.7599983215332,64.29000091552734,63.54999923706055,63.81999969482422,48.34405517578125,4154900,False,0.0006271148310663,33.81643446852425,64.82350025177001,64.44145264096426,-0.1949399191204293,0.8421431950160435,0.00605778018770875,0.05805184641574694,47,48
ABBV,2017-04-24,64.4000015258789,65.16000366210938,64.26000213623047,64.66000366210938,48.98036956787109,7121000,True,0.0130763364020961,46.18562814908266,64.77550029754639,64.46226702393045,-0.1472093558884069,0.8871435437883649,0.008785268334296187,0.0878143026240737,46,48
ABBV,2017-04-25,64.94000244140625,65.62999725341797,64.81999969482422,65.0999984741211,49.313663482666016,5352900,False,0.0067815956228513,49.90401033261775,64.72550029754639,64.52300335252004,-0.07303671472404,0.9228572845458984,0.006178777418384226,0.05937217287942501,47,48
ABBV,2017-04-26,65.19000244140625,65.91999816894531,65.0199966430664,65.04000091552734,49.268211364746094,5008900,False,-0.0009221192275141,50.7812674622889,64.67850017547607,64.5722412156636,-0.0188780493722759,0.9228572845458984,0.005536639824893305,0.05236514260876892,47,48
ABBV,2017-04-27,65.44999694824219,67.5,65.12000274658203,66.06999969482422,50.0484504699707,11692900,False,0.0157124724689743,58.20893917233072,64.69350032806396,64.71488488034555,0.1059342326491901,1.060000010899135,0.007352469150813493,0.07217954248512146,47,48
ABBV,2017-04-28,66.05999755859375,66.31999969482422,65.44000244140625,65.94000244140625,49.94997024536133,5521100,False,-0.0019696362351018,53.50878719331825,64.71750049591064,64.83156274330372,0.1921442541010662,1.0442856379917689,0.007984568777445945,0.07907703807295241,46,48
ABBV,2017-05-01,66.0,66.66999816894531,65.94000244140625,66.4800033569336,50.3590202331543,4575800,True,0.0081558443219183,63.31571978718423,64.78350048065185,64.98855708745894,0.3005750362025594,1.0342856815883092,0.007245970297123829,0.07101742287219429,47,48
ABBV,2017-05-02,66.51000213623047,66.68000030517578,66.18000030517578,66.62999725341797,50.47264862060547,4342800,False,0.0022538243558389,74.35388925375896,64.86350040435791,65.14488472231218,0.3940678967001645,0.9521427154541016,0.007336193135414957,0.07200193797521696,47,48
ABBV,2017-05-03,66.44999694824219,66.87999725341797,66.20999908447266,66.73999786376953,50.55597305297852,4993400,False,0.001649521687736,73.93939627468961,64.9450002670288,65.29680025959384,0.4716014640502664,0.9471421922956196,0.0069269543323288215,0.06753630831855341,47,48
ABBV,2017-05-04,66.73999786376953,67.4000015258789,66.62000274658203,67.2300033569336,50.92715072631836,4287400,False,0.0073150946616024,79.80781222260859,65.05850048065186,65.48091484029287,0.5660615181063093,0.9571421486990792,0.004216757033578916,0.03796253051097907,48,48
ABBV,2017-05-05,67.19000244140625,67.22000122070312,66.31999969482422,66.98999786376953,50.7453498840332,4587800,False,-0.0035762086100381,75.47531467659165,65.1540002822876,65.62463703300493,0.6144721021074417,0.9571421486990792,0.004761892398603893,0.043911068710665066,48,48
ABBV,2017-05-08,66.94000244140625,66.94999694824219,66.13999938964844,66.20999908447266,50.15449142456055,4497400,True,-0.0117119156135009,73.79181101781563,65.18750019073487,65.68038579981138,0.5831759664139042,0.93285642351423,0.00721035759352192,0.07062881567229204,47,48
ABBV,2017-05-09,66.19999694824219,66.94999694824219,65.86000061035156,66.16999816894531,50.12419891357422,4395200,False,-0.0006041664845367,76.05362794698299,65.24750003814697,65.7270155492527,0.5488193657980958,0.9664276668003629,0.007017055112432943,0.06851949151791585,47,48
ABBV,2017-05-10,66.16000366210938,66.2300033569336,65.36000061035156,65.9800033569336,49.980262756347656,5140200,False,-0.0028757211021107,71.65361307811874,65.33750019073486,65.75110962617468,0.5004911681660076,0.9778564998081752,0.006816703235879013,0.06633324408741716,47,48
ABBV,2017-05-11,65.9000015258789,65.95999908447266,64.66000366210938,65.30000305175781,49.46516418457031,7853800,False,-0.0103595146462346,62.93710677563019,65.38400020599366,65.70814709527784,0.4026785540166884,1.019284929547991,0.004904844762326395,0.045470970435807674,48,48
ABBV,2017-05-12,65.2699966430664,66.19000244140625,65.20999908447266,66.05999755859375,50.04086685180664,6093500,False,0.011571340649659,62.41132833002364,65.48050022125244,65.7416566632127,0.3820821525473832,0.9935706002371651,0.009326457955565724,0.09371978471520154,46,48
ABBV,2017-05-15,66.06999969482422,66.8499984741211,65.94999694824219,66.66999816894531,50.50294876098633,8527900,True,0.0091917172570114,63.51120840101533,65.59850025177002,65.83007013994913,0.4102521755547883,0.9885711669921876,0.009010417882778309,0.0902711432103134,46,48
ABBV,2017-05-16,66.7300033569336,66.91999816894531,66.33000183105469,66.8499984741211,50.639305114746094,6313500,False,0.0026963297958283,65.26138106363928,65.75850009918213,65.92720617177503,0.4420064666366556,0.9664279392787388,0.008948972620607233,0.08960065013159411,46,48
ABBV,2017-05-17,66.8499984741211,66.8499984741211,64.61000061035156,65.37000274658203,49.518184661865234,12771400,False,-0.0223880866607835,44.51412157782832,65.85450019836426,65.8741391788995,0.3437857367502488,0.9507135663713728,0.014291129858891718,0.14789447665522878,44,48
ABBV,2017-05-18,65.37000274658203,66.0999984741211,65.19999694824219,65.62999725341797,49.71514129638672,6001000,False,0.0039695715375482,47.61900297324316,65.9470001220703,65.85088756694887,0.2836546898147674,0.9521424429757256,0.013578987703263745,0.14012355389338296,44,48
ABBV,2017-05-19,65.73999786376953,66.01000213623047,65.30999755859375,65.58000183105469,49.67727279663086,6731800,False,-0.0007619998353749,42.52488115470356,66.03500022888184,65.82508892543514,0.2293226998071134,0.9500002179827008,0.01223403458738109,0.12544737344369208,44,48
ABBV,2017-05-22,65.55000305175781,65.62000274658203,64.80000305175781,65.44000244140625,49.57122421264648,5541700,True,-0.0021370323488923,40.09985515543815,66.07400016784668,65.78841402219429,0.1729734947886214,0.9728573390415736,0.010724408137238151,0.10897427119775692,45,48
ABBV,2017-05-23,65.44000244140625,66.26000213623047,65.43000030517578,65.83999633789062,49.87421798706055,4676500,False,0.0060936872580769,42.85710825660521,66.11100006103516,65.79332662368918,0.1587623943394049,0.9842861720493862,0.011323772725665837,0.11551456078186381,45,48
ABBV,2017-05-24,65.79000091552734,66.12000274658203,65.56999969482422,65.93000030517578,49.9423942565918,3174600,False,0.001366030735775,38.98298509547122,66.15550003051757,65.80634316478314,0.1529988868838216,0.967857905796596,0.003367159614931469,0.028691690599597808,48,48
ABBV,2017-05-25,66.05999755859375,66.56999969482422,65.80000305175781,66.31999969482422,50.2378158569336,4058300,False,0.0058978206642286,44.46279991223004,66.16800003051758,65.85526283431086,0.1778508037280772,0.957857404436384,0.0037767324645285303,0.033160965384716065,48,48
ABBV,2017-05-26,66.13999938964844,66.41000366210938,65.8499984741211,66.05999755859375,50.04086685180664,4083000,False,-0.0039280384034179,48.64374159279826,66.17399978637695,65.87476137948066,0.1745539778101488,0.93714359828404,0.004559159140821096,0.04169883555603841,48,48
ABBV,2017-05-30,65.88999938964844,66.19999694824219,65.80999755859375,66.0199966430664,50.01056289672852,4803900,True,-0.0006057675753552,48.64374159279826,66.1509994506836,65.88859330934596,0.1667908191963647,0.8871438162667411,0.0043013992296877185,0.03888614943053945,48,48
ABBV,2017-05-31,66.23999786376953,66.41000366210938,65.61000061035156,66.0199966430664,50.01056289672852,6935800,False,0.0,50.37447029811893,66.12049942016601,65.90110791255744,0.1588078223428652,0.8821438380650112,0.0035691784423086226,0.03089612786198989,48,48
ABBV,2017-06-01,66.26000213623047,66.72000122070312,66.12000274658203,66.70999908447266,50.533241271972656,4554700,False,0.0103971216928643,63.17757435830887,66.11899948120117,65.97814516702556,0.2057864916741891,0.8378584725516183,0.005723111093535998,0.05439992430856589,47,48
ABBV,2017-06-02,66.80999755859375,67.30999755859375,66.62000274658203,67.25,50.94229888916016,5646000,False,0.0080622351406435,61.59848780038013,66.1199993133545,66.0992741987374,0.2833249923413774,0.8171435764857701,0.006126010563404445,0.05879637891582822,47,48
ABBV,2017-06-05,67.25,67.86000061035156,66.87999725341797,67.51000213623047,51.139259338378906,4918100,True,0.0038588888541757,58.78666864584381,66.14599952697753,66.23362924040342,0.3615866662119344,0.8228579929896763,0.004849520887361473,0.04486727417117731,48,48
ABBV,2017-06-06,67.4800033569336,68.0999984741211,67.37000274658203,67.87000274658203,51.411956787109375,5494500,False,0.0053182809874614,60.28231884771333,66.228999710083,66.38947433622995,0.4475001441019515,0.8328579493931362,0.00398495261817913,0.03543307175939298,48,48
ABBV,2017-06-07,68.01000213623047,69.31999969482422,68.01000213623047,68.75,52.07855987548828,8406300,False,0.012882577631576,88.7614987934688,66.35799980163574,66.61428630420805,0.5799107678599285,0.7764293125697544,0.003670018885493894,0.03199650268051477,48,48
ABBV,2017-06-08,68.75,69.05000305175781,68.33000183105469,68.76000213623047,52.08613586425781,6082500,False,0.0001454617368981,88.07791262766705,66.49699974060059,66.8186401929721,0.6778405065393116,0.7635721479143415,0.0047679424115329334,0.043977086685879976,48,48
ABBV,2017-06-09,68.80000305175781,69.83000183105469,68.72000122070312,69.66999816894531,52.77546691894531,6159800,False,0.0131476339516556,91.14683433932836,66.71549949645996,67.09019809544573,0.8194336832535072,0.7928575788225446,0.0057457087466123045,0.05464651077345522,47,48
ABBV,2017-06-12,69.79000091552734,69.9000015258789,69.25,69.52999877929688,52.66941452026367,6084300,True,-0.0020115236129716,91.14683433932836,66.88899955749511,67.32256006533632,0.9098621902427908,0.780714852469308,0.0070237069993653815,0.06859207716554815,47,48
ABBV,2017-06-13,69.62000274658203,70.02999877929688,69.41999816894531,69.66999816894531,52.77546691894531,5269000,False,0.0020115236129715,90.658135579493,67.03899955749512,67.54612559901337,0.981509978195021,0.765000479561942,0.00724398929830561,0.07099580613642598,47,48
ABBV,2017-06-14,69.4800033569336,70.79000091552734,69.37000274658203,70.5199966430664,53.41934585571289,6639100,False,0.0121265212539042,91.95608147689424,67.22249946594238,67.8293514127327,1.0942651321821302,0.8271429879324776,0.007049734476486404,0.06887609000314632,47,48
ABBV,2017-06-15,70.33999633789062,70.6500015258789,69.87999725341797,70.5999984741211,53.47994995117188,4682700,False,0.0011338540912621,91.47282695480918,67.48399925231934,68.09322256143636,1.176517719325318,0.8271435328892299,0.00688865525402576,0.06711838729395049,47,48
ABBV,2017-06-16,70.80000305175781,71.12000274658203,70.48999786376953,71.05000305175781,53.820831298828125,9342300,False,0.0063537746972369,96.63551215282727,67.75499954223633,68.37482070337174,1.263450821208238,0.8321435110909599,0.005473985610111071,0.05168145739237065,47,48
ABBV,2017-06-19,71.11000061035156,71.58999633789062,70.94000244140625,71.33999633789062,54.04050827026367,6396300,True,0.0040733274044812,97.50001021794188,68.04299926757812,68.65721838284973,1.3402958689138984,0.8507145472935268,0.0043948574498967885,0.03990596914625877,48,48
ABBV,2017-06-20,71.44000244140625,71.80999755859375,71.16000366210938,71.22000122070312,53.9495964050293,6542800,False,-0.0016837077246047,95.45463639625412,68.33199920654297,68.90129293883577,1.3756558158146248,0.8399996076311383,0.0052749949566960955,0.04951006368144305,48,48
ABBV,2017-06-21,71.11000061035156,71.69999694824219,71.05000305175781,71.33999633789062,54.04050827026367,6096800,False,0.0016837077246046,94.95154951193966,68.60699920654297,69.13355040541242,1.3972547486228564,0.8364274161202567,0.003049043945739423,0.025220400106417542,48,48
ABBV,2017-06-22,71.48999786376953,73.66999816894531,71.41000366210938,73.18000030517578,55.43432235717773,9998900,False,0.0254650205594475,95.96907073820724,68.96949920654296,69.51892658634226,1.5450348016477875,0.9535707746233258,0.010647189426315581,0.1081316576358348,45,48
ABBV,2017-06-23,73.19999694824219,73.48999786376953,72.26000213623047,72.63999938964844,55.02526092529297,7064500,False,-0.0074065697104179,88.11297418811422,69.28549919128417,69.81617161522857,1.6001326641563338,0.9714273725237164,0.012526204181472262,0.12863553936126826,44,48
ABBV,2017-06-26,72.79000091552734,72.94000244140625,72.41000366210938,72.73999786376953,55.10101318359375,4019500,True,0.0013757347347203,87.63528349099211,69.61949920654297,70.09463125794676,1.6330424613318826,0.9571418762207032,0.012603069294538324,0.12947429444969608,44,48
ABBV,2017-06-27,72.69999694824219,73.05999755859375,72.25,72.38999938964844,54.83588409423828,4490600,False,-0.0048233051854863,80.63979161689568,69.93799934387206,70.31323774668024,1.6122962137608283,0.9114276341029576,0.013021267384783698,0.13403768819456227,44,48
ABBV,2017-06-28,72.72000122070312,73.54000091552734,72.58000183105469,72.91999816894531,55.23735809326172,4196200,False,0.0072947025332539,82.19819232499884,70.28299942016602,70.56150064403882,1.619947390066315,0.9421419416155132,0.013093158884277697,0.13482217101921476,44,48
ABBV,2017-06-29,73.1500015258789,73.16999816894531,71.91000366210938,72.4800033569336,54.904052734375,4444700,False,-0.006052335335408,73.45587102082615,70.57149963378906,70.74421518812403,1.572381661255534,0.9528557913643974,0.006151837246080833,0.059078200676675865,47,48
ABBV,2017-06-30,72.56999969482422,72.81999969482422,72.20999908447266,72.51000213623047,54.92679977416992,4729100,False,0.0004142194948072,75.34024219509251,70.83449974060059,70.91238537365798,1.5195892502934925,0.9499985831124442,0.005350944315236674,0.050338826021049436,47,48
ABBV,2017-07-03,72.76000213623047,72.98999786376953,72.37000274658203,72.41999816894531,54.85860443115234,2570700,True,-0.0012423391302752,73.58495998157424,71.07999954223632,71.05596754463772,1.453730614681774,0.9507124764578684,0.00526627827438264,0.0494149469067063,48,48
ABBV,2017-07-05,72.4800033569336,72.73999786376953,71.98999786376953,72.4800033569336,54.904052734375,4751900,True,0.0008281196354681,69.44453695265832,71.31049957275391,71.19159000295163,1.3903519765385255,0.902855464390346,0.004794150582876199,0.04426307126582406,48,48
ABBV,2017-07-06,72.23999786376953,72.44999694824219,71.41000366210938,71.7300033569336,54.3359260559082,4372100,False,-0.010401536268628,59.89497875524438,71.45949974060059,71.24286746523563,1.265022821565438,0.924283708844866,0.004823834264424089,0.04458698074762194,48,48
ABBV,2017-07-07,72.11000061035156,72.11000061035156,71.62999725341797,72.02999877929688,54.56317901611328,4333700,False,0.0041736484416058,58.81293927476611,71.62299957275391,71.31783235228909,1.176345507953812,0.91356931413923,0.005483036274265478,0.051780218589880835,47,48
ABBV,2017-07-10,71.80000305175781,72.22000122070312,71.58000183105469,71.83000183105469,54.41167831420898,3158300,True,-0.0027804725460615,54.479037940644,71.73099975585937,71.36661039788582,1.0775091608717844,0.9128554207938058,0.005427119678360825,0.05117005453141805,47,48
ABBV,2017-07-11,71.88999938964844,72.16999816894531,71.33000183105469,71.83999633789062,54.419246673583984,3535100,False,0.0001390847204148,55.78355234689928,71.84649963378907,71.41169477312438,0.9885912523258042,0.9264270237513952,0.005502622427366076,0.05199394345049132,47,48
ABBV,2017-07-12,71.51000213623047,72.12999725341797,71.30000305175781,71.87999725341797,54.93899154663086,4860200,False,0.0095054345221333,55.11365360467821,71.95699958801269,71.45629500934282,0.9108511833096032,0.939284188406808,0.007477198941342907,0.07354059878637437,47,48
ABBV,2017-07-13,71.94000244140625,72.9000015258789,71.66999816894531,72.62999725341797,55.51222229003906,5189800,False,0.0103798929907169,43.43669768204083,72.06249961853027,71.56807617544523,0.8993927111936557,0.8607128688267299,0.005734164306052067,0.054520537391296406,47,48
ABBV,2017-07-14,72.62000274658203,73.2300033569336,72.51000213623047,73.11000061035156,55.87908935546875,4335700,False,0.0065870198762121,55.69010171320055,72.1879997253418,71.71492612162679,0.9184566522691142,0.8242846897670201,0.005823481351372517,0.05549516844636919,47,48
ABBV,2017-07-17,73.0999984741211,73.47000122070312,72.69000244140625,72.69999694824219,55.56571578979492,3461600,True,-0.0056238492445625,49.54953871320832,72.27049942016602,71.80874239082826,0.8902192011227186,0.842141832624163,0.006801389431314692,0.06616613925937281,47,48
ABBV,2017-07-18,72.62999725341797,72.86000061035156,71.75,72.2300033569336,55.206520080566406,5269100,False,-0.0064853248716973,48.24565366153188,72.31499977111817,71.84886248283829,0.8204585275432521,0.8635706220354352,0.008275132393608891,0.08224767949722506,46,48
ABBV,2017-07-19,72.4800033569336,72.7699966430664,72.0199966430664,72.7699966430664,55.619232177734375,3904100,False,0.0074479802139997,48.35883986063369,72.39249954223632,71.93658954571715,0.7995291619227061,0.8349990844726562,0.00790576362197251,0.07821711316669643,46,48
ABBV,2017-07-20,72.98999786376953,74.22000122070312,72.94000244140625,74.01000213623047,56.56698989868164,5329700,False,0.0168965538106671,64.24581164329068,72.52599983215332,72.13405741148033,0.8729378844732878,0.8485712323869977,0.009838514797217182,0.0993073687877093,46,48
ABBV,2017-07-21,73.9800033569336,75.04000091552734,73.8499984741211,74.62999725341797,57.04085540771485,4961500,False,0.0083421748885631,67.78521943501437,72.59849967956544,72.37176596785534,0.9699621307546806,0.8899999346051898,0.00999447288716606,0.10100918950075083,45,48
ABBV,2017-07-24,74.62999725341797,74.75,73.83999633789062,73.91000366210938,56.49055099487305,5497800,True,-0.0096943874849402,61.30508172390079,72.66199989318848,72.51826479587953,0.977489192429104,0.910714830671038,0.011091688579202234,0.11298204959408385,45,48
ABBV,2017-07-25,74.4000015258789,74.55000305175781,72.47000122070312,72.5199966430664,55.42814636230469,6354200,False,-0.0189858633203456,50.252483411810935,72.65099983215332,72.51842973370685,0.861363234188488,1.0057149614606584,0.014678143915607464,0.15211758901940933,43,40
ABBV,2017-07-26,72.37000274658203,72.69000244140625,71.94999694824219,72.58999633789062,55.48164749145508,4877000,False,0.0009647684201945,55.93919231494722,72.66099967956544,72.52524560077197,0.766149274080675,0.9821439470563617,0.014223514716971926,0.14715665760991947,44,48
ABBV,2017-07-27,72.77999877929688,72.80000305175781,70.87999725341797,71.7300033569336,54.8243408203125,7389300,False,-0.011918019347085,48.07694753017287,72.60149993896485,72.44950824421593,0.6142169675485718,1.0850012642996651,0.010853301027034462,0.11038075539932059,45,48
ABBV,2017-07-28,71.63999938964844,72.44000244140625,69.37999725341797,70.44000244140625,53.838375091552734,8012400,False,-0.0181477663296633,42.18221669922109,72.49949989318847,72.25812673918644,0.3852760051517236,1.2578588213239397,0.008047057738365131,0.07975892003280183,46,48
ABBV,2017-07-31,70.5199966430664,70.58000183105469,69.83000183105469,69.91000366210938,53.43330383300781,7770400,True,-0.0075522857093728,39.74497845767667,72.36949996948242,72.034495969941,0.1592365906216741,1.2514305114746094,0.008225996086594975,0.08171150221353261,46,48
ABBV,2017-08-01,70.02999877929688,70.83999633789062,69.8499984741211,70.37999725341797,53.79250717163086,6681700,False,0.006699966714413,42.37803412454856,72.26749992370605,71.87692466360548,0.0178178874831758,1.262859344482422,0.009934755770892718,0.1003575540169462,45,48
ABBV,2017-08-02,70.25,70.73999786376953,69.93000030517578,70.70999908447266,54.04474258422852,4922200,False,0.0046780843015154,39.80890842766155,72.178999710083,71.76578889416426,-0.0668583622133667,1.23285893031529,0.01069443687449516,0.10864722361882881,45,48
ABBV,2017-08-03,70.61000061035156,71.01000213623047,70.36000061035156,70.98999786376953,54.25874710083008,4400400,False,0.0039519464377104,38.50321188334778,72.14199943542481,71.69190403412667,-0.1101021496702969,1.2278589521135603,0.01057429363035765,0.10733621588930198,45,48
ABBV,2017-08-04,71.16999816894531,71.37000274658203,70.3499984741211,70.98999786376953,54.25874710083008,4732500,False,0.0,40.2950964761795,72.08999938964844,71.625055827426,-0.1427278845762032,1.245002201625279,0.005642037902953924,0.05351525051543234,47,48
ABBV,2017-08-07,70.94000244140625,71.2300033569336,70.63999938964844,71.22000122070312,54.43453598022461,3551100,True,0.0032345887009464,44.10732806010941,72.05949935913085,71.58647919821429,-0.148314983056764,1.2078595842633928,0.0024456951771911557,0.018636634994648602,49,48
ABBV,2017-08-08,71.33000183105469,71.91000366210938,71.01000213623047,71.47000122070312,54.62562561035156,4398000,False,0.0035043011653455,42.14977770611136,72.04099960327149,71.57538605749895,-0.1310591202360456,1.218573978969029,0.0018030737633695012,0.011624325257819874,49,48
ABBV,2017-08-09,71.26000213623047,72.13999938964844,71.0999984741211,72.0199966430664,55.04599380493164,4536300,False,0.0076659805969214,36.89057671933207,72.04799957275391,71.61772992279109,-0.0721717396582448,1.1892880031040736,0.002726411768874534,0.02169982530672407,49,48
ABBV,2017-08-10,72.01000213623047,72.19000244140625,70.38999938964844,70.44000244140625,53.838375091552734,5940300,False,-0.0221825822074795,25.49704951443921,71.93849983215333,71.50556540075443,-0.1512518565498481,1.2328594752720423,0.011847767116954054,0.12123240785798654,45,48
ABBV,2017-08-11,70.73999786376953,71.01000213623047,70.43000030517578,70.62999725341797,53.98359298706055,3248300,False,0.0026936622638555,29.551034774708786,71.81449966430664,71.42217795815097,-0.1963292639078702,1.2092879159109933,0.01199649122862136,0.12285529112006732,45,48
ABBV,2017-08-14,71.2300033569336,71.29000091552734,70.69999694824219,70.81999969482422,54.12882614135742,2648800,True,0.0026867078330181,37.53663687985788,71.72049980163574,71.36482764735796,-0.2142520605131324,1.1078594752720423,0.011950364283604622,0.12235195211094928,45,48
ABBV,2017-08-15,71.08000183105469,71.13999938964844,70.27999877929688,70.33999633789062,53.76193618774414,3724100,False,-0.0068011636941865,34.43979199027487,71.6259994506836,71.26722466550393,-0.2641433847824572,1.1164305550711495,0.011840229533970452,0.12115015746076785,45,48
ABBV,2017-08-16,70.48999786376953,70.75,70.11000061035156,70.41999816894531,53.82309722900391,4751600,False,0.001136980598622,39.84490420658306,71.50849952697754,71.18653642773644,-0.293839935681035,1.0250015258789062,0.010643565409768692,0.10809211222702705,45,48
ABBV,2017-08-17,70.5999984741211,70.68000030517578,69.83000183105469,69.8499984741211,53.38743591308594,5086000,False,-0.008127255805611,44.851612628338536,71.30049934387208,71.05924709882069,-0.3592279220327867,0.8671439034598214,0.005336802392167474,0.05018450880923122,47,48
ABBV,2017-08-18,69.5199966430664,70.44000244140625,69.47000122070312,69.95999908447266,53.47150802612305,4016400,False,0.0015735160256026,50.47076758176471,71.0669994354248,70.95455681173992,-0.3975890829124466,0.8828582763671875,0.005126557788417644,0.047890311556726045,48,48
ABBV,2017-08-21,69.91999816894531,70.83000183105469,69.91000366210938,70.69999694824219,54.03709411621094,4666400,True,0.0105217870331587,52.86738375757642,70.90649909973145,70.93031301521633,-0.3640820251480789,0.8778582981654576,0.007520129970641943,0.07400906383950012,47,48
ABBV,2017-08-22,70.91000366210938,71.87999725341797,70.76000213623047,71.75,54.83964157104492,3589000,False,0.0147425799539704,58.25398151747556,70.86799926757813,71.00837844233858,-0.2499200467007511,0.90428706577846,0.00893150496056723,0.08941004234924572,46,48
ABBV,2017-08-23,71.29000091552734,71.9000015258789,71.2699966430664,71.5199966430664,54.66382598876953,3071300,False,-0.0032111445832608,54.23999023437499,70.81449928283692,71.05710398526504,-0.175976655630464,0.9028587341308594,0.009471596524559084,0.09530354239686507,46,48
ABBV,2017-08-24,71.72000122070312,72.30999755859375,71.4000015258789,72.11000061035156,55.11478042602539,4088300,False,0.0082157532974186,58.18714983162918,70.83349914550782,71.1573798543209,-0.0689725238616745,0.8950010027204242,0.007168486846197537,0.07017192045710621,47,48
ABBV,2017-08-25,72.22000122070312,72.77999877929688,72.20999908447266,72.4800033569336,55.39757537841797,3871200,False,0.0051178995796808,59.02579892729453,70.93549919128418,71.28334399742687,0.0451645223951686,0.9007148742675781,0.006738108516611878,0.06547561546918813,47,48
ABBV,2017-08-28,72.66999816894531,73.56999969482422,72.55999755859375,73.31999969482422,56.03960418701172,4574400,True,0.0115228313368549,62.21927707200556,71.10599899291992,71.47731120670281,0.2010816935974304,0.9142859322684151,0.006879427942481266,0.06701769851328349,47,48
ABBV,2017-08-29,72.77999877929688,73.9000015258789,72.77999877929688,73.88999938964844,56.47526931762695,3390800,False,0.0077441727366271,62.318852234084574,71.28149909973145,71.70709103365,0.3664175533162535,0.9200003487723214,0.005567811819756742,0.05270529262306321,47,48
ABBV,2017-08-30,73.62000274658203,74.18000030517578,73.58000183105469,73.91999816894531,56.49820709228516,3189100,False,0.0004060736325431,78.80787089667996,71.44199905395507,71.91784409415432,0.494171561947951,0.8342857360839844,0.004144737470025037,0.03717665024634914,48,48
ABBV,2017-08-31,74.11000061035156,75.4000015258789,73.91999816894531,75.30000305175781,57.55294418334961,6177600,False,0.0184963877932019,82.29594587892404,71.65749931335449,72.23995447106894,0.6987180087988776,0.8985715593610492,0.006827569325840755,0.06645181528159329,47,48
ABBV,2017-09-01,75.58999633789062,76.0,75.26000213623047,75.41999816894531,57.644676208496094,3831700,False,0.0015926031149503,82.12284371380439,71.87899932861328,72.5428157756286,0.8605848581722597,0.9042854309082032,0.007439104031567229,0.07312490565664351,47,48
ABBV,2017-09-05,75.38999938964844,75.58000183105469,74.7300033569336,75.25,57.51472854614258,6309100,True,-0.002256832045728,85.8394108553379,72.08049926757812,72.80064284461635,0.964035272458645,0.9035709926060268,0.008289542626208185,0.08240492451301912,46,48
ABBV,2017-09-06,75.61000061035156,77.45999908447266,75.3499984741211,77.05000305175781,58.8905029296875,7755200,False,0.0236387734429131,88.68144233713883,72.35949935913087,73.20534381672505,1.17768999692629,1.015713827950614,0.0118106500390225,0.12082738486718048,45,48
ABBV,2017-09-07,77.29000091552734,82.44999694824219,77.0,81.77999877929688,62.505706787109375,15377300,False,0.0595780240934042,96.8578050243715,72.84749946594238,74.02197762268428,1.708983927444777,1.344285147530692,0.024575904275659716,0.2601223331079,39,40
ABBV,2017-09-08,81.29000091552734,86.08999633789062,81.11000061035156,85.33999633789062,65.22666931152344,14809100,False,0.0426105626517253,97.52780272970112,73.59249916076661,75.09988416698965,2.389752664833466,1.6307133265904017,0.02645023820590254,0.2805751374907273,38,40
ABBV,2017-09-11,84.45999908447266,87.0999984741211,84.37999725341797,87.0,66.49542999267578,12687000,True,0.0192647995662442,97.66081062511044,74.4109992980957,76.23322853203825,3.028306780678534,1.7592849731445312,0.02355754783049451,0.24900998816824618,40,40
ABBV,2017-09-12,86.97000122070312,87.97000122070312,86.5,87.75,67.06867980957031,11155600,False,0.0085839427625792,97.619038968942,75.25749931335449,77.33006390993938,3.5539169081277606,1.7799993242536272,0.02028262984045815,0.21327395632287585,41,40
ABBV,2017-09-13,87.58000183105469,88.83999633789062,87.41999816894531,88.47000122070312,67.61898040771484,9172200,False,0.0081715527526961,99.01678334329848,76.16399955749512,78.39101032048832,3.98265523176228,1.8364274161202567,0.022674064761778107,0.23936938673195055,40,40
ABBV,2017-09-14,88.2300033569336,89.31999969482422,88.1500015258789,89.22000122070312,68.19222259521484,10272200,False,0.0084418012522612,99.02579828839204,77.103999710083,79.42234278717545,4.333004001199441,1.854998997279576,0.014850802330067374,0.15400164431981153,43,40
ABBV,2017-09-15,89.38999938964844,89.69000244140625,86.5199966430664,87.37000274658203,66.77823638916016,20441500,False,-0.0209532952533029,89.32912084191791,77.97999992370606,80.17926278330941,4.410536588991533,2.0335709708077565,0.015094392127337914,0.15665970561446113,43,40
ABBV,2017-09-18,87.47000122070312,87.80999755859375,85.08000183105469,85.31999969482422,65.21139526367188,9656700,True,-0.0237429972558221,79.79146068437262,78.74799995422363,80.66885677488226,4.257485961748344,2.150713784354074,0.016870467463884726,0.17604030842030696,42,40
ABBV,2017-09-19,85.54000091552734,86.66000366210938,85.37999725341797,86.37000274658203,66.01393127441406,7786400,False,0.0122315720234476,80.26188577739708,79.53150024414063,81.21182305790128,4.17281707032484,2.16642815726144,0.017608002255639344,0.1840883166102522,42,40
ABBV,2017-09-20,86.4000015258789,87.4800033569336,86.25,87.41000366210938,66.8088150024414,6559400,False,0.0119692332833312,81.18354703628248,80.31450042724609,81.80212597258777,4.141890609390373,2.2114285060337613,0.01828831689633899,0.19151193629748728,42,40
ABBV,2017-09-21,87.36000061035156,87.69999694824219,86.66999816894531,87.41000366210938,66.8088150024414,7340300,False,0.0,79.90123607494213,81.10900077819824,82.33620956206603,4.070459443593961,2.179285321916853,0.017404248052453615,0.18186494285987856,42,40
ABBV,2017-09-22,87.22000122070312,87.75,86.7699966430664,87.4800033569336,66.86228942871094,6807000,False,0.0008000895833053,79.85149122525405,81.87750091552735,82.82609468538675,3.9736918740403553,2.196428571428572,0.014636662019524993,0.15166493696402364,43,40
ABBV,2017-09-25,86.91999816894531,87.77999877929688,86.4000015258789,86.56999969482422,66.16677856445312,8287000,True,-0.0104566199260651,77.02959467676924,82.58200073242188,83.18265706723794,3.779999704061837,2.234285627092634,0.009494047560567705,0.0955485289706378,46,48
ABBV,2017-09-26,86.3499984741211,86.91000366210938,85.16000366210938,85.3499984741211,65.23431396484375,5862400,False,-0.0141928843120266,70.38308463490776,83.18350067138672,83.38907053456015,3.487847625030412,2.201428549630301,0.010325379075621557,0.10462005063512214,45,48
ABBV,2017-09-27,85.3499984741211,85.38999938964844,83.19000244140625,84.75,64.7757339477539,6581200,False,-0.0070545611864733,59.14972030273116,83.7265007019043,83.51868286460204,3.171342868594081,1.969285692487444,0.00652255122034942,0.06312344591038596,47,48
ABBV,2017-09-28,86.66999816894531,90.9499969482422,86.37999725341797,88.95999908447266,67.99349975585938,14809300,False,0.0484810516716892,60.72274900259752,84.47850074768067,84.03690345697068,3.223068779907095,2.056428636823383,0.025738140446091993,0.27280469917775935,39,40
ABBV,2017-09-29,88.69000244140625,89.3499984741211,87.66999816894531,88.86000061035156,67.91706085205078,6769400,False,-0.0011248413887241,56.070495173364456,85.15650062561035,84.49624604300695,3.218887563998422,1.982142857142858,0.025803223686758428,0.2735148900186084,39,40
ABBV,2017-10-02,89.73999786376953,90.41000366210938,88.91000366210938,90.38999938964844,69.08647918701172,6600100,True,0.0170717740037325,58.19875276032337,85.90500068664551,85.05755588554423,3.3009803878999406,1.9878572736467643,0.025106852249922526,0.2659160579505426,39,40
ABBV,2017-10-03,90.44000244140624,90.63999938964844,89.0199966430664,89.69999694824219,68.55908203125,4286900,False,-0.0076631564722576,53.82699180754375,86.62750053405762,85.4996931296107,3.272637187506618,2.00214331490653,0.02375600863983991,0.25117560020018176,39,40
ABBV,2017-10-04,89.5199966430664,90.44000244140624,89.30999755859375,89.9000015258789,68.71192932128906,3251200,False,0.0022269429167991,52.1907209526511,87.27000045776367,85.91877011973149,3.2290907468104564,1.999286651611328,0.02242097536933258,0.23660766548712073,40,40
ABBV,2017-10-05,89.69000244140625,90.55999755859376,89.4800033569336,90.18000030517578,68.92595672607422,4382900,False,0.0031100096556323,60.07166702398089,87.69000053405762,86.32460156596429,3.1805104950771863,1.8500001089913516,0.009068644986558039,0.09090651962012482,46,48
ABBV,2017-10-06,90.1999969482422,91.33000183105467,89.94999694824219,90.48999786376952,69.16290283203125,3461800,False,0.0034317951391936,71.17115203169223,87.94750061035157,86.72130597527907,3.130933060415259,1.7535721915108815,0.008810430835192026,0.08808887680762842,46,48
ABBV,2017-10-09,90.56999969482422,91.19000244140624,90.1500015258789,90.77999877929688,69.38453674316406,4331500,True,0.0031993965513708,69.25761689793606,88.13650054931641,87.1078481470903,3.079544168281558,1.7321434020996085,0.004787018229695447,0.04418524275189631,48,48
ABBV,2017-10-10,90.70999908447266,91.22000122070312,89.69999694824219,91.16999816894533,69.68263244628906,3560200,False,0.0042870817234928,67.40737705728688,88.30750045776367,87.49471957774315,3.035298757740989,1.7528577532087044,0.0007377984671756895,0.0,50,48
ABBV,2017-10-11,91.47000122070312,92.61000061035156,90.97000122070312,92.37999725341795,70.6074447631836,6298500,False,0.0131844779326372,70.6910603967157,88.50300025939941,87.95998411828361,3.062567394309696,1.7964292253766732,0.004352820120754921,0.0394472561838339,48,48
ABBV,2017-10-12,91.7699966430664,91.98999786376952,90.91000366210938,91.41999816894533,70.36116790771484,4818200,False,-0.0034940700821124,65.27129591460766,88.61300010681153,88.28950926596568,2.972449534235423,1.8314285278320293,0.005947433506902495,0.056847739164414074,47,48
ABBV,2017-10-13,91.41000366210938,91.8499984741211,90.54000091552734,90.66999816894533,69.78392791748047,6803900,False,-0.0082377945683295,66.09104851493282,88.77799987792969,88.51622249482088,2.8081412446132816,1.8264285496302992,0.008162934213085421,0.08102336860932559,46,48
ABBV,2017-10-16,91.01000213623048,91.98999786376952,90.55999755859376,91.04000091552734,70.0687026977539,4640300,True,0.0040725036434397,73.92768180610696,89.06399993896484,88.75658234441197,2.676923957661017,1.8035714285714248,0.008209883534628483,0.08153568142292456,46,48
ABBV,2017-10-17,91.08999633789062,92.77999877929688,90.9499969482422,92.16999816894533,70.93840789794922,5280500,False,0.0123357783190253,79.87117255579857,89.353999710083,89.08166956579609,2.6337543660746547,1.7771432059151735,0.009471729518925356,0.09530499363653666,46,48
ABBV,2017-10-18,92.3499984741211,96.44000244140624,92.1999969482422,96.04000091552734,73.91693878173828,10979700,False,0.0411300077359748,79.30463889853804,89.7854995727539,89.74436778958002,2.878635909532619,1.6392865862165098,0.019499091767159662,0.20472395854441422,41,40
ABBV,2017-10-19,95.5,96.62000274658205,94.51000213623048,96.4800033569336,74.25557708740234,9303700,False,0.0045708732590747,80.67632523811147,90.23899955749512,90.38585689123276,3.0727896108778765,1.6700008937290656,0.018498402122204907,0.1938043944123553,42,40
ABBV,2017-10-20,96.77999877929688,98.26000213623048,94.88999938964844,96.0999984741211,73.96311950683594,6882600,False,-0.0039463032239623,75.33271097758382,90.6699993133545,90.93006085150782,3.159573008905454,1.8000008719307965,0.017466516467460814,0.18254441821420134,42,40
ABBV,2017-10-23,95.93000030517578,96.0,94.4499969482422,94.51000213623048,72.7393798828125,4483900,True,-0.0166836695232353,69.76172102006916,91.0669994354248,91.27100764052904,3.0647218549482744,1.8021436418805723,0.02167260911474132,0.22844146395552853,40,40
ABBV,2017-10-24,94.0,94.13999938964844,90.7699966430664,91.69000244140624,70.56897735595703,10301100,False,-0.0302922806961669,56.05138879216733,91.38399963378906,91.31091190727923,2.730525426990738,1.9885722569056856,0.02701230404988816,0.28670842173203503,38,40
ABBV,2017-10-25,91.77999877929688,92.08000183105467,90.7300033569336,91.7699966430664,70.63053894042969,6924800,False,0.0008719801595372,55.44892644613407,91.73499946594238,91.3546342630685,2.4439548237149467,2.0078582763671795,0.014313616542458852,0.14813985221653952,44,48
ABBV,2017-10-26,91.86000061035156,91.86000061035156,85.23999786376953,89.55999755859375,68.92962646484375,10307500,False,-0.0243765360341412,47.18010786642039,91.76499938964844,91.18371648168996,2.0152861355071394,2.382143838065004,0.013215958885407355,0.13616216938385542,44,48
ABBV,2017-10-27,92.6999969482422,94.97000122070312,90.75,91.93000030517578,70.7536849975586,9066300,False,0.0261185421058278,53.09639618949329,91.91849937438964,91.25479113154574,1.845528423555919,2.694286891392293,0.02280090145649135,0.2407534336531938,40,40
ABBV,2017-10-30,91.6999969482422,92.05999755859376,88.91000366210938,90.95999908447266,70.00712585449219,6526200,True,-0.0106075851485094,49.45169956203689,91.94699935913086,91.22671569849116,1.61411668948044,2.8107147216796826,0.022439560585377986,0.23681046808384906,40,40
ABBV,2017-10-31,90.87999725341795,91.81999969482422,90.04000091552734,90.25,69.4606704711914,7065600,False,-0.0078363348973088,44.2895520666249,91.97449951171876,91.13369515577772,1.3577786040276862,2.8207146780831422,0.01871473848699922,0.19616506519712676,42,40
ABBV,2017-11-01,90.77999877929688,93.33999633789062,90.2699966430664,92.44000244140624,71.14620971679688,7048800,False,0.0239763514999927,52.565402469651225,92.10149955749512,91.25810537345664,1.3161717107050634,2.93642915998186,0.02244217403155838,0.2368389861097089,40,40
ABBV,2017-11-02,92.08000183105467,92.33999633789062,90.19000244140624,91.0199966430664,70.05330657958984,4981900,False,-0.0154805765885613,50.85157735329569,92.14349937438963,91.23542835151471,1.1552977937248414,3.003572191510877,0.020114202595195484,0.21143607170449863,41,40
ABBV,2017-11-03,91.3000030517578,92.55999755859376,90.91000366210938,92.30999755859376,71.04615020751953,3620800,False,0.0140731939999824,52.957606240252304,92.23449935913088,91.33776827599844,1.118997244694384,3.0192860194614943,0.017198068741893686,0.17961510624398688,42,40
ABBV,2017-11-06,92.22000122070312,93.58000183105467,91.41999816894533,92.95999908447266,71.54641723632812,5633600,True,0.0070167623786694,51.881849503653456,92.34349937438964,91.49226644823406,1.1296565118238815,3.0428575788225425,0.01603593092353965,0.1669338133958115,43,40
ABBV,2017-11-07,92.9800033569336,95.68000030517578,92.95999908447266,93.95999908447266,72.31607818603516,7014000,False,0.010700054808801,44.26048388522905,92.482999420166,91.7272886040663,1.2049062907792063,2.932143075125558,0.014591998552252046,0.15117756748068187,43,40
ABBV,2017-11-08,94.30999755859376,96.37000274658205,93.83999633789062,95.70999908447266,73.66293334960938,6802600,False,0.0184532470621592,48.01851786408454,92.64949951171874,92.106594364105,1.389732684082901,2.9621434892926906,0.013231238490302865,0.1363289010237902,44,48
ABBV,2017-11-09,95.29000091552734,96.37000274658205,95.26000213623048,95.88999938964844,73.80150604248047,5187000,False,0.0018794054245322,49.45398063490993,92.87299957275393,92.466918652252,1.5330612765817762,2.800714765276228,0.00637340165728745,0.06149592010622179,47,48
ABBV,2017-11-10,95.3499984741211,95.94000244140624,93.55999755859376,95.43000030517578,73.44744873046875,6170100,False,-0.0048089712404529,52.5414305489284,93.11099967956542,92.74911690491142,1.5911898904439852,2.8528578622000547,0.00880228203712152,0.08799995680772763,46,48
ABBV,2017-11-13,95.37000274658205,95.41999816894533,94.04000091552734,95.12000274658205,73.2088623046875,4035700,True,-0.0032536838623485,61.00063961617168,93.31499977111817,92.9749155564991,1.5938698836339995,2.685000283377509,0.009832772603884623,0.09924470975184368,46,48
ABBV,2017-11-14,94.63999938964844,94.91000366210938,93.12000274658205,94.75,72.92408752441406,4717300,False,-0.0038974802204724,59.38287471323734,93.44399986267088,93.1439712177849,1.5482899454243864,2.731428963797432,0.009733161078152985,0.0981577449281315,46,48
ABBV,2017-11-15,94.62999725341795,94.6999969482422,92.72000122070312,93.76000213623048,72.16215515136719,4745700,False,-0.0105032615578849,64.32469762172292,93.32999992370604,93.20264082906542,1.415960649199647,2.403571537562778,0.004416263759740599,0.04013955562769056,48,48
ABBV,2017-11-16,94.44000244140624,95.16999816894533,93.27999877929688,94.47000122070312,72.70858764648438,4301600,False,0.007543760402428,59.76922855715914,93.22949981689452,93.3233418187452,1.3527856500732298,2.152142660958426,0.006550013911582034,0.06342311985991206,47,48
ABBV,2017-11-17,93.8000030517578,94.48999786376952,93.56999969482422,93.61000061035156,72.04669189453125,3386400,False,-0.0091450946322543,60.27928658985195,93.10499992370606,93.35064265604105,1.219269170158995,1.9928572518484915,0.0071147651630646125,0.06958570737175082,47,48
ABBV,2017-11-20,93.91999816894533,94.30999755859376,92.88999938964844,93.5999984741211,72.03899383544922,4352200,True,-0.0001068539050268,63.74075351318,93.0594997406006,93.37439082919153,1.099969544884047,1.9671429225376664,0.007317134436234546,0.07179396871219583,47,48
ABBV,2017-11-21,93.6999969482422,95.4000015258789,93.5999984741211,94.68000030517578,72.87022399902344,4346200,False,0.0114725521695296,60.10828497829973,93.20899963378906,93.49873458880909,1.0801199042555112,1.8750005449567515,0.009777285632079944,0.0986392337681861,46,48
ABBV,2017-11-22,94.69000244140624,95.4000015258789,94.22000122070312,94.47000122070312,72.70858764648438,2560700,False,-0.0022206036322484,67.47722197357777,93.3439998626709,93.591236172799,1.0355070690557824,1.7985719953264498,0.008150481031378339,0.08088747900860446,46,48
ABBV,2017-11-24,94.0,94.97000122070312,93.5500030517578,94.72000122070312,72.90100860595703,1932900,True,0.0026429723924094,63.64667702351718,93.60200004577636,93.6987376059327,1.0086963626280152,1.7821437290736597,0.007513037831291521,0.0739316741404452,47,48
ABBV,2017-11-27,94.69000244140624,95.62999725341795,94.44000244140624,95.41999816894533,73.43976593017578,3044600,True,0.0073630846903156,63.85135048057478,93.77649993896485,93.86266718336248,1.0320359205557423,1.7128573826381148,0.0055769379670416105,0.05280487749541416,47,48
ABBV,2017-11-28,95.94000244140624,96.88999938964844,94.83000183105467,95.41999816894533,73.43976593017578,5105400,False,0.0,59.26395681064099,93.99949989318849,94.01098442008464,1.0385608058773954,1.6657142639160176,0.005558252803397282,0.05260098426661845,47,48
ABBV,2017-11-29,95.76000213623048,96.3499984741211,95.02999877929688,95.81999969482422,73.74761962890625,4081400,False,0.00418315939894,50.8422712933754,94.27799987792967,94.18327158910748,1.0637463983690196,1.5792852129255033,0.003707448029455383,0.03240493094791632,48,48
ABBV,2017-11-30,96.36000061035156,97.52999877929688,96.20999908447266,96.91999816894533,74.59423065185547,7889600,False,0.0114144486317312,56.91274631689559,94.50199966430664,94.4439122157587,1.15910540012716,1.6221422467912956,0.004412460931820877,0.04009805902226255,48,48
ABBV,2017-12-01,97.19000244140624,98.5199966430664,94.3000030517578,96.31999969482422,74.13243865966797,4823200,False,-0.0062099619167891,55.86297641018218,94.76699981689453,94.62258721376494,1.1727445642513317,1.7535700116838768,0.006790613131248961,0.06604854785601681,47,48
ABBV,2017-12-04,96.37000274658205,96.6500015258789,94.6500015258789,95.22000122070312,73.28582763671875,4934400,True,-0.0114859623816366,50.5966498024823,94.9125,94.6794837858543,1.0823167426039078,1.7971414838518456,0.008907845316514656,0.08915186739772472,46,48
ABBV,2017-12-05,96.27999877929688,96.72000122070312,95.0,95.41000366210938,73.43206024169922,5553000,False,0.0019933854762681,54.02441407158608,95.03500022888184,94.7490571074024,1.014291530170624,1.777141571044926,0.008975672711926796,0.08989200256135667,46,48
ABBV,2017-12-06,95.6999969482422,95.79000091552734,93.47000122070312,94.4000015258789,72.65471649169922,5114200,False,-0.0106423196422125,53.89293974821136,95.05700035095217,94.71581371868588,0.8688665747453115,1.797855922154022,0.009662164895569196,0.09738303183625165,46,48
ABBV,2017-12-07,94.02999877929688,94.56999969482422,92.9000015258789,94.23999786376952,72.53157043457031,4524500,False,-0.0016963873003129,48.50063114043936,94.983500289917,94.67049792297956,0.7322642055715107,1.7821415492466548,0.005773624271849363,0.05495112606516232,47,48
ABBV,2017-12-08,95.68000030517578,96.54000091552734,94.62000274658205,95.9499969482422,73.8476791381836,5297000,False,0.0179826604354012,63.732365988677664,94.98650016784669,94.79235497300458,0.7533048495035644,1.8807133265904068,0.011962977374276014,0.12248958664447737,45,48
ABBV,2017-12-11,96.38999938964844,97.30999755859376,95.7699966430664,96.47000122070312,74.24788665771484,4181100,True,0.0054047329721148,65.89147679795458,95.03850021362304,94.95213080611872,0.8026868361480268,1.8892849513462664,0.010472325071674603,0.10622353103080773,45,48
ABBV,2017-12-12,95.72000122070312,96.69000244140624,94.76000213623048,96.3000030517578,74.1170425415039,4195200,False,-0.0017638150853973,59.97538299641533,95.09750022888184,95.08049959141768,0.8186678909975029,1.898570469447548,0.010660595532413417,0.10827794558438564,45,48
ABBV,2017-12-13,96.5999984741211,98.87000274658205,96.5999984741211,97.3499984741211,74.9251708984375,6148700,False,0.0108443944568984,66.07141488668715,95.2275001525879,95.29664234215134,0.905619430444176,1.997856140136724,0.008467567314836031,0.08434753680481462,46,48
ABBV,2017-12-14,97.33000183105467,97.44000244140624,95.6500015258789,96.3000030517578,74.1170425415039,3985800,False,-0.0108443944568983,58.09427623113936,95.35450019836426,95.39220050497102,0.8796630879937339,2.024284907749724,0.011151056148111484,0.11362987080352417,45,48
ABBV,2017-12-15,96.86000061035156,97.87999725341795,96.63999938964844,97.4499969482422,75.00214385986328,11564700,False,0.0118711982559625,59.94123642624204,95.5034999847412,95.58818111861588,0.9410396765285328,2.052142007010327,0.009491103242201678,0.0955164004546837,46,48
ABBV,2017-12-18,97.66999816894533,99.0999984741211,97.5500030517578,98.19000244140624,75.57168579101562,4768300,True,0.0075649885330761,62.648424860545546,95.73250007629396,95.8359736255483,1.0374344256725578,2.0228565761021216,0.009669600316723273,0.09746416743963293,46,48
ABBV,2017-12-19,98.41999816894533,98.5500030517578,97.6999969482422,97.91999816894533,75.36387634277344,2817700,False,-0.0027536198442911,59.70424460883135,95.94850006103516,96.03445215349088,1.0795959603819938,1.9892856052943628,0.009814237057525585,0.0990424491526552,46,48
ABBV,2017-12-20,97.86000061035156,98.9000015258789,97.22000122070312,97.41000366210938,74.97135925292969,3411900,False,-0.0052219026394763,52.39494475958067,96.08500022888184,96.1654570590736,1.0596420914707352,1.987142835344586,0.009361223509677944,0.09409914778708794,46,48
ABBV,2017-12-21,97.81999969482422,98.3499984741211,97.72000122070312,97.91000366210938,75.35617065429688,2249500,False,0.0051196509664333,57.847998017712506,96.25700035095215,96.3316043546008,1.0718190649280643,1.7528572082519511,0.0071455325917188115,0.06992144274391335,47,48
ABBV,2017-12-22,97.86000061035156,98.69000244140624,97.70999908447266,98.20999908447266,75.58707427978516,2835600,False,0.0030594784907635,66.02357835998163,96.43150024414062,96.51049909077908,1.0930762252335595,1.680000305175778,0.005375424642607874,0.05060595630070342,47,48
ABBV,2017-12-26,98.1500015258789,98.36000061035156,97.0500030517578,97.75,75.2330322265625,2363800,True,-0.0046949005904125,62.18749254941223,96.54800033569336,96.62854679641916,1.06057890277728,1.650714329310824,0.004701852612525592,0.043255912241461525,48,48
ABBV,2017-12-27,97.7300033569336,98.2300033569336,97.44000244140624,98.08999633789062,75.49472045898438,1927300,False,0.0034723332723093,70.66069983792836,96.68150024414062,96.7677324670355,1.0501538833310065,1.541428702218191,0.004907567702580268,0.0455006832652347,48,48
ABBV,2017-12-28,98.19000244140624,98.38999938964844,97.5199966430664,97.79000091552734,75.26383972167969,1870400,False,-0.0030629228287738,69.57007789236384,96.78000030517578,96.86509136689187,1.0060873086665367,1.4842861720493852,0.0043594677255554696,0.03951979510467729,48,48
ABBV,2017-12-29,98.13999938964844,98.43000030517578,96.70999908447266,96.70999908447266,74.43260955810547,3214400,False,-0.0111056569599739,54.50239323115575,96.76950035095214,96.85032067332814,0.8739428399003515,1.4428574698311922,0.006036611241821195,0.0578208500589917,47,48
ABBV,2018-01-02,97.13999938964844,98.9000015258789,96.75,98.41000366210938,75.74099731445312,4561300,True,0.0174254436670177,60.08319388378232,96.8740005493164,96.99886191035492,0.896064286918957,1.489286150251113,0.010835528565429436,0.11018682161049898,45,48
ABBV,2018-01-03,98.5500030517578,100.0999984741211,98.04000091552734,99.9499969482422,76.92626953125,4702300,False,0.0155278345729646,66.60601550318722,97.11050033569336,97.2799223901537,1.0260328133980463,1.4985716683523986,0.012149679547325752,0.12452688798209993,45,48
ABBV,2018-01-04,100.06999969482422,100.12000274658205,98.3499984741211,99.37999725341795,76.48755645751953,3579000,False,-0.0057193576498001,59.657482338388526,97.3090000152588,97.4799295199884,1.0706972637486842,1.4414291381835918,0.013000454532055842,0.13381057754014636,44,48
ABBV,2018-01-05,99.33999633789062,101.1999969482422,98.55999755859376,101.11000061035156,77.81904602050781,4599300,False,0.017258141769642,71.49241764130758,97.64449996948242,97.82565057621346,1.231495066556576,1.502143314906528,0.013925870225888395,0.1439087494044862,44,48
ABBV,2018-01-08,101.27999877929688,101.27999877929688,98.18000030517578,99.48999786376952,76.57219696044922,5582000,True,-0.0161521617890499,58.74786282003703,97.90699996948244,97.984159841695,1.2142111309487404,1.6107150486537378,0.015617110651241814,0.1623636303763106,43,40
ABBV,2018-01-09,99.48999786376952,100.66000366210938,98.6999969482422,100.23999786376952,77.14945220947266,4055400,False,0.007510431556704,58.78319230600757,98.1215000152588,98.19900155808304,1.2466614819004462,1.6328582763671864,0.014327174926204412,0.14828780182467544,44,48
ABBV,2018-01-10,99.6500015258789,100.1999969482422,99.18000030517578,99.69000244140624,76.72615051269531,4608600,False,-0.0055018827818316,57.40588696476027,98.28250007629394,98.34100164220904,1.2140042988746558,1.647857666015625,0.01300737395985668,0.13388608260408835,44,48
ABBV,2018-01-11,99.37000274658205,99.48999786376952,98.55999755859376,99.2699966430664,76.9509506225586,4240900,False,0.0029256183067721,57.84145902929081,98.43099975585938,98.4294773565764,1.14107864394272,1.60857227870396,0.012714909076394217,0.13069469447746504,44,48
ABBV,2018-01-12,99.33999633789062,100.63999938964844,98.66000366210938,100.33999633789062,77.78036499023438,4372600,False,0.0107208073360781,59.77471483356489,98.58049964904784,98.611431545273,1.156295515090946,1.6828580583844843,0.010851441610799685,0.11036046537740798,45,48
ABBV,2018-01-16,100.26000213623048,103.0,100.0,102.48999786376952,79.44698333740234,8528600,True,0.021200901626214,64.98599140464208,98.88999938964844,98.98081881370123,1.326550501501217,1.827143532889229,0.009848595822481227,0.09941737332552243,46,48
ABBV,2018-01-17,103.0,104.83999633789062,102.5500030517578,104.36000061035156,80.89656829833984,5384900,False,0.0180814811680489,71.06437087896049,99.23549957275392,99.49312184195364,1.5939977840115205,1.9014293125697532,0.010958115738253489,0.11152449758443247,45,48
ABBV,2018-01-18,104.29000091552734,104.8499984741211,103.44000244140624,103.80999755859376,80.47021484375,6371200,False,-0.0052842900924481,67.98741486512293,99.51649932861328,99.90425286258603,1.7414961489832308,1.9457146780831465,0.010883896815149218,0.11071461782327428,45,48
ABBV,2018-01-19,104.33000183105467,104.87000274658205,103.5500030517578,104.63999938964844,81.11360931396484,4991300,False,0.0079636420772083,70.84598899938004,99.85249938964844,100.3552763413539,1.903422408358793,1.9778573172433045,0.010339332293544945,0.10477230868908645,45,48
ABBV,2018-01-22,104.6999969482422,106.54000091552734,104.45999908447266,106.48999786376952,82.54766082763672,4538100,True,0.0175250774407188,78.43020883234854,100.30649909973144,100.93953553396491,2.156174513687077,2.0035716465541307,0.010806869130323618,0.10987408874551494,45,48
ABBV,2018-01-23,106.16999816894533,106.97000122070312,105.02999877929688,105.37999725341795,81.68722534179688,5095300,False,-0.0104782044589959,70.98130684435807,100.67999877929688,101.3624366501033,2.2410808208685182,1.985714503696988,0.01304368316504537,0.1342822900562599,44,48
ABBV,2018-01-24,105.26000213623048,106.2300033569336,104.0999984741211,105.51000213623048,81.7879867553711,4436500,False,0.0012327425674118,68.2894668816948,101.04499893188476,101.75744288687731,2.2924342337180263,1.9907150268554696,0.011020030458878711,0.1122001134119713,45,48
ABBV,2018-01-25,105.9499969482422,108.37000274658205,105.73999786376952,108.3000030517578,83.95071411132812,6327500,False,0.0260995182337723,75.60274114792034,101.57249908447264,102.38054385496118,2.5291079580299964,2.0685719081333707,0.0141815291478575,0.14669850945491714,44,48
ABBV,2018-01-26,114.5,125.86000061035156,113.5,123.20999908447266,95.50846862792967,19614500,False,0.1289850304113514,86.11109241162313,102.82849922180176,104.36430149586702,3.8751157394251408,3.134286063058037,0.055675833302923645,0.5994859622089516,26,24
ABBV,2018-01-29,121.5,124.1500015258789,118.9800033569336,122.30999755859376,94.81082916259766,10182700,True,-0.007331285877377,88.18606114288193,104.05449905395508,106.0734154066029,4.813724383873449,3.2821431841169093,0.058409119401596835,0.6293116858948166,24,24
ABBV,2018-01-30,119.41999816894533,121.4499969482422,115.87000274658205,115.87999725341795,89.82648468017578,11851400,False,-0.0540037729617061,71.99099234014216,105.01299896240236,107.00737558249006,4.981309771744861,3.602142333984377,0.06798101376464644,0.733760567613123,20,16
ABBV,2018-01-31,116.20999908447266,116.5,111.29000091552734,112.22000122070312,86.98939514160156,15744800,False,-0.0320936451476265,66.20118234858217,105.70349884033205,107.50381611946273,4.7638763063934135,3.8985710144043,0.07169064023936607,0.7742401552664119,19,16
ABBV,2018-02-01,112.23999786376952,117.52999877929688,112.2300033569336,116.33999633789062,90.18306732177734,9943500,False,0.0360554694402531,70.14396812400639,106.52299880981444,108.34535709264634,4.867893842245337,4.197141919817248,0.07230429169653813,0.7809363437151539,18,16
ABBV,2018-02-02,115.5,117.93000030517578,114.91999816894533,115.16999816894533,89.27611541748047,7184400,False,-0.0101076981633839,67.45938474782224,107.31249885559082,108.99532290943672,4.800581301675052,4.270713806152348,0.03350964222585116,0.35760762735268514,35,32
ABBV,2018-02-05,113.0,115.54000091552734,109.4000015258789,109.51000213623048,84.88868713378906,9827800,True,-0.0503931524462682,57.63375916133072,107.73249893188476,109.04433997865516,4.241626421961271,4.494999476841522,0.03689207133883105,0.39451682473225524,34,32
ABBV,2018-02-06,104.91000366210938,113.5199966430664,101.0,111.1999969482422,86.19868469238281,14107800,False,0.0153140836328937,57.467246900599314,108.3179988861084,109.24964064242536,3.890175587565807,5.221427917480471,0.034879278550118284,0.37255315192749816,35,32
ABBV,2018-02-07,111.5199966430664,116.8499984741211,111.37999725341795,113.62000274658205,88.07462310791016,10030800,False,0.0215295262363802,60.28949772902633,108.98699913024902,109.665865604726,3.763538780000274,5.524285452706474,0.03394455293081385,0.3623533897961186,35,32
ABBV,2018-02-08,113.33000183105467,114.0,108.31999969482422,108.4800033569336,84.09024810791016,7212400,False,-0.0462938406557522,53.69373301897911,109.4264991760254,109.55292634303149,3.2114041358103123,5.835714067731584,0.03355654167996051,0.3581193960109175,35,32
ABBV,2018-02-09,109.56999969482422,112.75,106.41000366210938,111.3000030517578,86.2762451171875,8909300,False,0.025663696493259,54.54202658948993,110.02799949645996,109.7193146010054,2.9671800553533103,6.139999389648437,0.038097264580896954,0.4076679400302032,33,32
ABBV,2018-02-12,112.56999969482422,113.33000183105467,110.6500015258789,111.93000030517578,86.76457977294922,4823300,True,0.0056441704142782,56.241666480063685,110.6074996948242,109.92985609664068,2.792278576004634,6.192856379917688,0.029309094433903223,0.3117710872873307,37,40
ABBV,2018-02-13,111.54000091552734,112.41000366210938,110.38999938964844,111.86000061035156,86.7103271484375,5316200,False,-0.0006254809671702,56.05800496427604,111.07599983215331,110.11367938366078,2.617842642728334,6.184999193464004,0.028681477787596027,0.30492251015429866,37,40
ABBV,2018-02-14,111.04000091552734,113.66999816894533,110.27999877929688,113.08000183105467,87.65602111816406,6189100,False,0.0108473137388184,54.70102336570475,111.51199989318847,110.39618628341258,2.548665383348819,6.222856249128069,0.02714368109691201,0.28814201315340154,38,40
ABBV,2018-02-15,113.62000274658205,116.33000183105467,112.37999725341795,114.9000015258789,89.06681823730469,7401100,False,0.0159665507350965,38.99337626814735,112.06650009155274,110.82512106840936,2.610607216945155,5.250713893345422,0.010028763622553772,0.10138337133234009,45,48
ABBV,2018-02-16,115.2300033569336,119.1999969482422,115.1999969482422,118.5999984741211,91.9349594116211,8717000,False,0.031694509356675,45.42539963089138,112.76450004577636,111.56558558323908,2.9245430856687875,5.188570840018135,0.01227036280487574,0.12584378835888205,44,48
ABBV,2018-02-20,117.72000122070312,121.5500030517578,117.22000122070312,117.9800033569336,91.45435333251952,8751400,True,-0.0052413869945042,53.02246346606676,113.33900032043456,112.17648251406712,3.0877178100991927,5.037857055664061,0.014584020511523644,0.15109051079150637,43,40
ABBV,2018-02-21,118.48999786376952,121.3000030517578,117.8499984741211,117.91000366210938,91.40010833740234,5122500,False,-0.0005933133510997,59.13323650649417,113.96550064086914,112.722532147214,3.17478956657466,4.912143162318635,0.014577875906346063,0.1510234606220147,43,40
ABBV,2018-02-22,118.56999969482422,119.7300033569336,116.58000183105467,117.55999755859376,91.12876892089844,5185700,False,-0.0029731143965044,52.22790665273427,114.5680004119873,113.18324313877396,3.178907526306901,4.757857731410433,0.01576563746308725,0.16398436069509972,43,40
ABBV,2018-02-23,118.41000366210938,119.30999755859376,116.88999938964844,118.75,92.05123138427734,4685700,False,0.0100717355573818,56.532851511901285,115.09050025939942,113.71341045889072,3.240835951322609,4.715714590890067,0.015210142374348463,0.15792277678933123,43,40
ABBV,2018-02-26,119.2699966430664,121.72000122070312,119.04000091552734,121.54000091552734,94.21395111083984,4473500,True,0.0232229866497547,74.52099343243769,115.00700035095215,114.45880002618946,3.4749869447949635,4.489286150251116,0.011805600431636233,0.12077228335596363,45,48
ABBV,2018-02-27,121.20999908447266,122.0,118.16000366210938,118.26000213623048,91.67137908935548,4754300,False,-0.0273580556561644,63.5145567488735,114.80450057983398,114.8208192747648,3.3571852627590744,3.869286128452846,0.01869009095021076,0.19589611032184068,42,40
ABBV,2018-02-28,119.0,120.0,115.77999877929688,115.83000183105467,89.78775024414062,6660000,False,-0.0207616614565453,54.228854414027055,114.80200080871582,114.91693189917336,3.0327857979276587,3.76714324951172,0.021010364299932204,0.2212150229077064,41,40
ABBV,2018-03-01,115.91000366210938,116.61000061035156,111.80999755859376,113.83999633789062,88.24514770507812,7148900,False,-0.017329843678177,61.66229808086562,114.8830005645752,114.81436660762265,2.585318134597344,3.7042863028390074,0.021873462887910235,0.23063318810131314,40,40
ABBV,2018-03-02,112.94000244140624,115.47000122070312,111.88999938964844,115.04000091552734,89.17536163330078,5439700,False,0.010486075768405,58.75467327023374,114.81800079345705,114.83585558932783,2.301002602459448,3.5071438380650117,0.021952256855490033,0.2314929909248408,40,40
ABBV,2018-03-05,114.0,116.31999969482422,112.88999938964844,115.66000366210938,89.65596771240234,3975700,True,0.0053749780637893,58.73536524050088,114.84250106811524,114.91434588197372,2.101484924842751,3.560715266636441,0.016784497664217763,0.17510220263934217,42,40
ABBV,2018-03-06,116.01000213623048,116.3000030517578,113.83000183105467,114.55999755859376,88.8032455444336,3650500,False,-0.0095565663680588,56.03215933488653,115.0950008392334,114.8805984226042,1.83346933526326,3.592857905796597,0.013779180897483244,0.1423080697761074,44,48
ABBV,2018-03-07,112.58000183105467,114.98999786376952,112.20999908447266,114.72000122070312,88.92731475830078,5286200,False,0.001396149697713,53.846148340751625,115.27100105285643,114.86530345099456,1.6153551986924557,3.5492864336286263,0.011334731218865695,0.11563414028375021,45,48
ABBV,2018-03-08,115.0,117.75,114.3499984741211,117.01000213623048,90.7024383544922,6179400,False,0.0197648925399842,54.84166660247576,115.44050102233886,115.0695604686361,1.6087375841141809,3.510000501360211,0.010861690495603784,0.1104723016050183,45,48
ABBV,2018-03-09,117.8499984741211,119.66000366210938,117.66999816894533,119.29000091552734,92.46981811523438,5835600,False,0.0192980601361617,51.6936710188244,115.98100090026855,115.47150717786384,1.7670998960082898,3.392143794468468,0.012470185249565672,0.12802425860839198,44,48
ABBV,2018-03-12,119.4000015258789,119.58999633789062,117.93000030517578,118.3000030517578,91.70240783691406,4892900,True,-0.0083336639466871,50.77145433202973,116.33100090026856,115.74088773728228,1.7920608532769506,3.201429094587052,0.014352024721565992,0.14855896375333874,44,48
ABBV,2018-03-13,119.26000213623048,121.4499969482422,118.7300033569336,119.75,92.8263931274414,5403200,False,0.012182371375342,54.15911890942554,116.72200088500976,116.1227079527792,1.9068640851474756,3.17999976021903,0.012147418051981058,0.12450221045737961,45,48
ABBV,2018-03-14,120.33999633789062,120.66999816894533,117.9499969482422,118.94000244140624,92.19852447509766,3556100,False,-0.0067868811459405,53.05581009376912,117.0760009765625,116.39102171360084,1.9104638024784748,3.149285452706473,0.013838244595711223,0.142952575136914,44,48
ABBV,2018-03-15,119.0,119.5,114.87999725341795,114.93000030517578,89.09007263183594,5812400,False,-0.0342962169147633,42.48032053047686,117.16850090026855,116.25187681756034,1.571626216272378,3.306428636823381,0.020905890988810173,0.22007500609366495,41,40
ABBV,2018-03-16,114.88999938964844,116.7300033569336,113.58999633789062,113.70999908447266,88.14437866210938,8879300,False,-0.010671773325926,33.57113676936514,117.10900077819824,116.00979322393296,1.1909228679776334,3.3185719081333707,0.016545686857478537,0.17249628987431542,43,40
ABBV,2018-03-19,113.73999786376952,114.9800033569336,110.44000244140624,112.02999877929688,86.84210205078125,8598900,True,-0.014884585932733,35.987408592345275,116.78050079345704,115.63076518158664,0.7450621249637237,3.3685722351074228,0.016681016344083574,0.17397301046934976,43,40
ABBV,2018-03-20,112.9000015258789,114.1500015258789,112.08999633789062,112.6500015258789,87.32268524169922,4933800,False,0.0055187322090161,42.21352344280373,116.5140007019043,115.34688292866213,0.4367092021022216,3.218572344098773,0.01450032492958686,0.15017722136242467,43,40
ABBV,2018-03-21,113.08000183105467,113.79000091552734,111.7300033569336,112.4499969482422,87.16765594482422,4618000,False,-0.0017769389023259,46.26946353497358,116.24100036621094,115.07098902576496,0.1741906301103313,3.022857666015627,0.01512942551162528,0.15704199125958365,43,40
ABBV,2018-03-22,104.19000244140624,104.5,95.5199966430664,98.0999984741211,76.04399108886719,26861200,False,-0.1365213410984022,23.348025552938807,115.2680004119873,113.4547042113227,-1.1782006151705673,3.976428985595706,0.05914616691802567,0.6373543769175495,24,24
ABBV,2018-03-23,98.98999786376952,100.31999969482422,97.37000274658205,97.45999908447266,75.54790496826172,14253600,False,-0.0065450450114572,21.383650213011197,114.20350036621092,111.93139896114651,-2.275393700360681,3.94214303152902,0.05953987076672725,0.641650488550772,24,24
ABBV,2018-03-26,99.48999786376952,99.91000366210938,91.76000213623048,95.27999877929688,73.8580322265625,13760600,True,-0.0226221908011005,20.681271417062348,112.89050025939942,110.34555132477988,-3.2829906581121264,4.347857339041575,0.059120511413665616,0.6370744230611143,24,24
ABBV,2018-03-27,95.5,95.72000122070312,91.12000274658205,92.01000213623048,71.32322692871094,10821300,False,-0.034922729385999,18.449568724017112,111.57800025939942,108.59930854491805,-4.2958599081265305,4.477857317243305,0.05527936298206324,0.5951596627244706,26,24
ABBV,2018-03-28,92.19000244140624,96.8499984741211,91.58000183105467,94.2699966430664,73.07511138916016,11154200,False,0.0242657975620669,18.381519887774004,110.5,107.23461217331312,-4.860178306787645,4.611428397042412,0.060789711249205285,0.6552887962639284,23,24
ABBV,2018-03-29,94.5199966430664,95.54000091552734,93.5,94.6500015258789,73.36967468261719,7399400,False,0.004022863477929,13.828536177578982,109.5405002593994,106.03607782593842,-5.216607679112158,4.567856924874445,0.023037273301139742,0.24333273236949846,40,40
ABBV,2018-04-02,94.0,94.63999938964844,90.3000030517578,91.45999908447266,70.89690399169922,7816500,True,-0.0342839334561584,12.989516842213575,108.36150016784669,104.64787985056071,-5.690886069517205,4.759999956403464,0.02600139315646735,0.27567732294115604,38,40
ABBV,2018-04-03,92.33999633789062,92.45999908447266,88.22000122070312,90.58999633789062,70.22249603271484,10449200,False,-0.0095580493276605,9.136775255792044,107.10799980163574,103.309033801735,-6.067020229026056,4.837857382638116,0.025405646234140503,0.26917650946954386,39,40
ABBV,2018-04-04,88.70999908447266,93.41000366210938,88.62999725341797,92.94000244140624,72.04415893554688,8841700,False,0.0256105335592732,15.072557108718982,106.02700004577636,102.32150700551324,-6.105107528314946,4.985000610351564,0.02503710590978942,0.265154983187853,39,40
ABBV,2018-04-05,93.06999969482422,93.2699966430664,91.6500015258789,92.20999908447266,71.47826385498047,7045000,False,-0.0078858481086295,16.529184779163472,104.90149993896485,101.35850625112842,-6.123608016022416,4.770714351109097,0.021813877800866854,0.22998299332557534,40,40
ABBV,2018-04-06,91.4499969482422,92.7699966430664,88.79000091552734,89.77999877929688,69.5946044921875,6761200,False,-0.0267063587822912,15.960186517444557,103.53999977111816,100.25579125381113,-6.262164171579087,4.830713544573103,0.02313002540036852,0.24434484686575425,40,40
ABBV,2018-04-09,91.38999938964844,93.37999725341795,90.41999816894533,90.4800033569336,70.13724517822266,8302100,True,0.0077669252245364,18.46651720475407,102.09949989318848,99.32476383506088,-6.243515048838162,4.763570513044084,0.019747065797675507,0.20742986076190476,41,40
ABBV,2018-04-10,91.5,94.38999938964844,90.93000030517578,93.62000274658205,72.57125854492188,6253700,False,0.0341149877395109,24.06651730888157,100.8654998779297,98.78145325520576,-5.907268462344533,4.891427176339285,0.02469305566008464,0.2614006935484593,39,40
ABBV,2018-04-11,92.58000183105467,94.4800033569336,92.4000015258789,93.63999938964844,72.58674621582031,7135700,False,0.0002133905185971,24.2399444983115,99.55999984741212,98.29179098229552,-5.57491293202834,4.892856052943637,0.022295515017217243,0.23523863726956976,40,40
ABBV,2018-04-12,93.70999908447266,93.70999908447266,92.06999969482422,92.12000274658205,72.14813995361328,6402500,False,-0.0060608415352235,37.37332406293475,98.2189998626709,97.70400162651327,-5.372241944680155,3.800713130405969,0.022117661207820098,0.23329788961855263,40,40
ABBV,2018-04-13,92.62999725341795,92.63999938964844,91.08999633789062,91.83000183105467,71.92103576660156,4630000,False,-0.0031527129101245,37.93400134928709,97.06399993896484,97.14457307456485,-5.175365979823454,3.700713566371372,0.01623756883189689,0.16913409405511684,43,40
ABBV,2018-04-16,92.88999938964844,93.48999786376952,92.30999755859376,92.5999984741211,72.52408599853516,3922500,True,0.0083499356482739,43.88686223482031,96.00849990844726,96.71175644595117,-4.900715665690285,3.2371417454310825,0.01625034401914702,0.16927349739278522,43,40
ABBV,2018-04-17,93.1999969482422,94.01000213623048,92.62000274658205,93.58999633789062,73.29947662353516,4474700,False,0.0106347413127646,54.022387059557005,95.08649978637696,96.4144459594692,-4.550710995505298,3.009284973144533,0.00723878412331019,0.07093900706543764,47,48
ABBV,2018-04-18,94.0,94.5999984741211,93.0199966430664,94.31999969482422,73.87120819091797,5289700,False,0.0077696783742905,50.13805358349525,94.1699996948242,96.21497488664583,-4.1663969719240015,2.745713915143696,0.007555205321432729,0.07439180742473206,47,48
ABBV,2018-04-19,94.43000030517578,94.52999877929688,91.4000015258789,93.01000213623048,72.84519958496094,4972900,False,-0.0139865110837939,45.69328084654188,93.19799995422365,95.90973938660628,-3.922317163570924,2.823570796421597,0.010371342620508407,0.10512160661569935,45,48
ABBV,2018-04-20,93.41000366210938,93.8000030517578,92.0199966430664,92.5999984741211,72.52408599853516,4754800,False,-0.004417908603261,53.50553107310701,92.92299995422364,95.5945259663696,-3.719094618236696,2.639999934605189,0.010540198928595349,0.10696417318421962,45,48
ABBV,2018-04-23,92.93000030517578,93.8000030517578,92.7300033569336,93.16999816894533,72.97053527832031,4716300,True,0.0061370059879692,58.08270910316413,92.70849990844728,95.3636185570911,-3.472021769533157,2.4228575570242725,0.010231523683575846,0.10359589696495101,45,48
ABBV,2018-04-24,92.9499969482422,93.4800033569336,90.44000244140624,91.36000061035156,71.55293273925781,6378300,False,-0.0196182395136618,44.87677685255285,92.5125,94.98232160978256,-3.3832662457981826,2.298571450369697,0.012059544211885941,0.12354332771357716,45,48
ABBV,2018-04-25,90.95999908447266,92.27999877929688,90.5199966430664,91.87000274658205,71.9523696899414,5487800,False,0.0055668741916905,48.88159076923391,92.50550003051758,94.68591028947776,-3.2344887705139485,2.3085719517299097,0.011512309013289767,0.1175718760486995,45,48
ABBV,2018-04-26,94.0,98.5500030517578,93.58000183105467,97.44000244140624,76.31477355957031,12594400,False,0.0588621761585201,70.88332931202308,92.66400032043455,94.94820478013762,-2.636734490627049,2.501429421561102,0.02960065657677877,0.3149526246737339,37,40
ABBV,2018-04-27,97.44000244140624,99.3499984741211,96.37000274658205,98.7300033569336,77.32508850097656,6117600,False,0.013151918921461,71.79081667198662,92.86800041198732,95.3083760731658,-2.0354541756237268,2.457143511090957,0.02858977868605472,0.30392188600955916,37,40
ABBV,2018-04-30,99.0500030517578,99.41999816894533,96.5199966430664,96.5500030517578,75.61773681640625,7449400,True,-0.0223275934614306,58.15248010603875,93.12250061035157,95.42662626160312,-1.715072709004119,2.385001046316962,0.03278011213113301,0.3496469667265805,36,32
ABBV,2018-05-01,102.0999984741211,103.37000274658205,101.18000030517578,102.06999969482422,79.94099426269531,11910500,False,0.0555979211761708,67.95910227324805,93.69650077819824,96.05932849333848,-1.004174987744079,2.723572322300502,0.03464378408126103,0.3699834271697805,35,32
ABBV,2018-05-02,101.16999816894533,101.76000213623048,99.95999908447266,100.37000274658205,78.60957336425781,7625600,False,-0.0167953002719558,67.4418649664564,94.06800079345705,96.46986889840927,-0.5713725411722805,2.7571438380650117,0.038546712481673844,0.4125723329169452,33,32
ABBV,2018-05-03,100.1999969482422,100.7699966430664,98.7699966430664,100.27999877929688,78.5390396118164,7699500,False,-0.0008976694842167,68.01705340707004,94.47150077819823,96.83273841087475,-0.2329507409217086,2.7892864772251675,0.031146576424727204,0.33182176188106344,36,32
ABBV,2018-05-04,99.9000015258789,100.93000030517578,99.12000274658205,100.16999816894533,78.4529037475586,5224400,False,-0.0010973285769686,66.6081601376036,94.99100074768066,97.15057267354815,0.0260742760092114,2.8000008719308025,0.03095079995107603,0.329685441424106,36,32
ABBV,2018-05-07,100.75,101.2699966430664,99.23999786376952,99.62999725341795,78.02997589111328,6151500,True,-0.0054054333254248,63.518352378926,95.44850044250488,97.38670834782148,0.1856399652319993,2.8442862374441957,0.028316161899970164,0.3009361690509379,37,40
ABBV,2018-05-08,99.12999725341795,99.77999877929688,98.6999969482422,99.4000015258789,77.84983825683594,7620900,False,-0.0023112385070587,61.63004277212557,95.73750038146972,97.57845055525551,0.2901930259278487,2.808571951729909,0.006673243048431281,0.06476780097013225,47,48
ABBV,2018-05-09,99.44000244140624,102.04000091552734,98.9000015258789,101.18000030517578,79.24393463134766,5665600,False,0.0177490545561411,68.31017270953984,96.1145004272461,97.92145529334316,0.5107949786570742,2.809286390032085,0.009201623505871342,0.09235758636909024,46,48
ABBV,2018-05-10,102.58000183105467,103.80999755859376,101.93000030517578,102.8499984741211,80.55184173583984,5369700,False,0.0163700986578764,71.74374936475634,96.65100021362304,98.39084035817918,0.811029468162431,2.87000002179827,0.01107591507383203,0.11280992849305546,45,48
ABBV,2018-05-11,103.45999908447266,104.69000244140624,102.04000091552734,104.18000030517578,81.59352111816406,6358900,False,0.0128488868900293,72.62639695877768,97.2685001373291,98.9421889245598,1.1431104311563305,2.973571232386998,0.010891849161786047,0.11080139413752818,45,48
ABBV,2018-05-14,104.4000015258789,106.3000030517578,104.33000183105467,105.88999938964844,82.93278503417969,8471700,True,0.0162806000947064,79.98349430739377,97.93300018310546,99.60388515933016,1.5266711076917403,2.9078570774623307,0.008304055333262344,0.08256328773403042,46,48
ABBV,2018-05-15,105.37999725341795,105.55999755859376,103.58999633789062,104.18000030517578,81.59352111816406,8387600,False,-0.0162806000947063,74.20369859232676,98.46250038146972,100.03970564941068,1.6733734645328724,2.9464285714285694,0.01446564449534383,0.14979878712184497,44,48
ABBV,2018-05-16,104.45999908447266,105.6500015258789,104.1999969482422,105.04000091552734,82.26705932617188,8296700,False,0.008220915604151,68.33977033011502,98.99850044250488,100.51592424618372,1.837845462718121,2.5742857796805247,0.013696935031096369,0.14141059969920974,44,48
ABBV,2018-05-17,105.0999984741211,105.41000366210938,104.20999908447266,105.31999969482422,82.48635864257812,6702900,False,0.0026621535216159,66.71740029139575,99.61400032043456,100.97345524129231,1.9680972674770345,2.447143554687501,0.012818337847361125,0.13182331322891044,44,48
ABBV,2018-05-18,105.2699966430664,106.77999877929688,105.11000061035156,105.9800033569336,83.00328063964844,5328000,False,0.0062472029124513,75.92084385573521,100.2830005645752,101.45026934754388,2.100367808154701,2.3592861720493863,0.012094675417713786,0.12392668079113504,45,48
ABBV,2018-05-21,107.0,107.25,105.9499969482422,106.2300033569336,83.1990737915039,5797300,True,0.0023560826571716,66.09908766128318,100.9360008239746,101.9054821103429,2.2000057781083626,1.96500069754464,0.009775629792905704,0.09862116518703644,46,48
ABBV,2018-05-22,106.5500030517578,107.23999786376952,106.0999984741211,106.2300033569336,83.1990737915039,9456800,False,0.0,76.11408187522599,101.67950096130372,102.31734127668489,2.252998423763131,1.895714896065844,0.003290348788391796,0.027853527887846823,48,48
ABBV,2018-05-23,105.8499984741211,106.31999969482422,104.73999786376952,105.5999984741211,82.7056655883789,12816600,False,-0.0059481080492314,72.61904221273161,102.36600074768066,102.62997529548832,2.2185848828550405,1.8657150268554656,0.004510845779138636,0.041171638283650495,48,48
ABBV,2018-05-24,104.5500030517578,104.5500030517578,101.61000061035156,103.13999938964844,80.77899169921875,13164500,False,-0.0235711794046304,60.52445461456683,102.65100059509275,102.67854901874168,1.9701004451160744,2.0214293343680225,0.011705376228928656,0.11967863297737963,45,48
ABBV,2018-05-25,102.29000091552734,103.13999938964844,99.5500030517578,101.08000183105467,79.16561889648438,25301700,False,-0.0201748282704549,54.63853113384147,102.76850051879885,102.52630642943816,1.5886373288787323,2.132857731410433,0.011783223605906291,0.12052810656762376,45,48
ABBV,2018-05-29,100.2699966430664,101.58999633789062,98.93000030517578,99.47000122070312,77.90465545654297,25494700,True,-0.0160563866780091,50.205760393983496,102.9145004272461,102.23522974289196,1.143232988791496,2.2457144601004453,0.009889211590858059,0.09986057416186538,46,48
ABBV,2018-05-30,101.86000061035156,103.16000366210938,100.83000183105467,103.01000213623048,80.67720794677734,31273400,False,0.0349703929280257,54.87480398110418,102.9615005493164,102.3090175898766,1.0636344137362386,2.2850003923688607,0.023923090783159833,0.2529988070141048,39,40
ABBV,2018-05-31,100.93000030517578,101.0999984741211,98.5,98.94000244140624,77.48956298828125,18910900,False,-0.0403128498058629,40.76524572085504,102.89000053405762,101.98815900430796,0.6644773275532714,2.419286455426896,0.02837126918227264,0.30153750184805356,37,40
ABBV,2018-06-01,97.93000030517578,99.43000030517578,97.9000015258789,98.0500030517578,76.79252624511719,14837300,False,-0.0090359352698219,35.21467375602796,102.77850074768068,101.61309653263652,0.2731779232208282,2.3392862592424666,0.027759084774278332,0.29485732189671354,38,40
ABBV,2018-06-04,98.4800033569336,99.45999908447266,97.62000274658205,99.0999984741211,77.6148681640625,10922500,True,0.0106516879870206,33.084202743464985,102.72500076293946,101.37375386039696,0.0472514957047849,2.3192858014787947,0.028384389374758148,0.30168066989620196,37,40
ABBV,2018-06-05,99.11000061035156,100.33999633789062,98.76000213623048,99.23999786376952,77.72453308105469,10199000,False,0.0014119397182161,36.64864205025337,102.70550079345703,101.1705390035753,-0.1191268252056971,2.2678565979003897,0.02758660350182185,0.29297519957670803,38,40
ABBV,2018-06-06,99.25,99.98999786376952,98.31999969482422,99.9800033569336,78.30409240722656,4933500,False,0.0074289187614046,36.23504838313336,102.73450088500977,101.05715465627608,-0.1890908626443348,2.282142094203402,0.020610287804872524,0.21684937271080537,41,40
ABBV,2018-06-07,100.25,100.33000183105467,98.87000274658205,99.31999969482422,77.78718566894531,5092500,False,-0.0066231583751908,34.00853710909546,102.6415008544922,100.891711326614,-0.2944009748497791,2.300713130405967,0.008561777643404546,0.0853755635560585,46,48
ABBV,2018-06-08,99.27999877929688,100.5,99.0,100.43000030517578,78.65653991699219,4012900,False,0.0111140692093473,35.55439585621957,102.52050094604492,100.84773884838178,-0.2850068434174631,2.2885704040527304,0.007466397744854135,0.07342273571228665,47,48
ABBV,2018-06-11,100.55999755859376,101.08000183105467,99.41000366210938,99.7699966430664,78.1396255493164,5770100,True,-0.0065934806355903,33.537198528250954,102.30000076293943,100.74509673358985,-0.3270486924815685,2.3149986267089804,0.008046183086007887,0.07974937579243087,46,48
ABBV,2018-06-12,99.8000030517578,100.12000274658205,98.73999786376952,98.91000366210938,77.4660873413086,8060400,False,-0.0086570396675019,32.12890992435804,101.9510009765625,100.57032596487744,-0.4248638411695964,2.3321418762207022,0.009202950855504604,0.09237207045965631,46,48
ABBV,2018-06-13,98.91999816894533,99.2300033569336,97.51000213623048,97.58000183105467,76.42442321777344,7816200,False,-0.0135379371868482,31.067052579063144,101.62100105285644,100.28553319022764,-0.6027549004119379,2.34214183262416,0.009367612723189886,0.09416886713219041,46,48
ABBV,2018-06-14,98.37999725341795,98.91999816894533,97.75,98.75,77.34077453613281,4648700,False,0.0119189801066948,38.96430486585848,101.30650100708009,100.13929193401547,-0.6419260484447875,2.152856009347097,0.011839063967391676,0.12113743875315326,45,48
ABBV,2018-06-15,98.7699966430664,99.87000274658205,98.0,99.56999969482422,77.98299407958984,20806200,False,0.0082694774790153,45.95173723140142,101.01900100708008,100.08507362552108,-0.5998872167074012,2.0299993242536263,0.01115065481105067,0.11362549139798497,45,48
ABBV,2018-06-18,99.1500015258789,99.33000183105467,98.30999755859376,98.4800033569336,77.12930297851562,6425600,True,-0.0110075053628997,47.26972417609472,100.64400100708008,99.93220979041752,-0.6470657633351067,1.929999760219027,0.011789387500329256,0.12059536722210755,45,48
ABBV,2018-06-19,97.88999938964844,98.37999725341795,96.93000030517578,98.01000213623048,76.76119232177734,5528300,False,-0.0047840688030588,33.39973170464822,100.23300094604492,99.74914239478066,-0.7141480181754645,1.7771426609584242,0.011413400059435098,0.11649257771649806,45,48
ABBV,2018-06-20,98.22000122070312,99.5500030517578,97.83999633789062,98.25,76.94917297363281,5842700,False,0.0024459085138452,46.927859733222526,99.83400077819825,99.60636692861108,-0.7394217726565131,1.5771429879324737,0.009369051997870399,0.09418457255320356,46,48
ABBV,2018-06-21,97.70999908447266,97.98999786376952,95.26000213623048,95.5500030517578,74.83454132080078,7225000,False,-0.0278655518905972,40.41410549398602,99.33150100708008,99.22004655938696,-0.9661810602418228,1.6814286368233766,0.013945219156967923,0.14411988568922238,44,48
ABBV,2018-06-22,96.05999755859376,96.11000061035156,93.43000030517578,93.48999786376952,73.22115325927734,9454800,False,-0.021795202582648,30.035589352951437,98.84900093078612,98.67432763599484,-1.2971617585570954,1.7414289202008888,0.012324700802335524,0.12643672669002326,44,48
ABBV,2018-06-25,93.47000122070312,94.37999725341795,92.0999984741211,93.0500030517578,72.87653350830078,5573100,True,-0.0047176707279603,28.432071532360112,98.44750099182129,98.13867767559132,-1.5767939515451417,1.7914292471749402,0.01283833929793667,0.13204156983163942,44,48
ABBV,2018-06-26,93.36000061035156,93.86000061035156,92.08000183105467,92.12000274658205,72.14813995361328,5117100,False,-0.0100451828259438,22.97109958830636,98.08000106811524,97.56547053949518,-1.8520978997230628,1.7992864336286252,0.01237353399352966,0.1269695963621598,44,48
ABBV,2018-06-27,92.36000061035156,93.2699966430664,91.47000122070312,91.51000213623048,71.67041015625,5833000,False,-0.0066435317851241,23.050369833701225,97.50500106811523,96.98875926299378,-2.0953463647939543,1.8235718863351005,0.010108298512247618,0.10225125912664963,45,48
ABBV,2018-06-28,91.33999633789062,92.61000061035156,90.80999755859376,92.43000030517578,72.39093780517578,6698900,False,0.0100031502869108,22.027948149950205,97.17950096130372,96.55459174320158,-2.188656888169604,1.845000675746372,0.011423279396558501,0.11660038142551526,45,48
ABBV,2018-06-29,92.83999633789062,94.45999908447266,92.55999755859376,92.6500015258789,72.56327056884766,6787900,False,0.0023777556622662,24.314564782765657,96.90950088500976,96.18272600821848,-2.2192715098104543,1.8707150050571983,0.008011296893959836,0.07936869631472003,46,48
ABBV,2018-07-02,92.05999755859376,93.3000030517578,91.8499984741211,93.11000061035156,72.92353057861328,3854500,True,0.0049524870059579,28.454655520714965,96.6100009918213,95.8900854941359,-2.1812713974080538,1.8757149832589253,0.008294621084613736,0.08246034084767494,46,48
ABBV,2018-07-03,93.58000183105467,94.37000274658205,93.12000274658205,93.61000061035156,73.31511688232422,2452400,False,0.0053554548873357,34.283434353929295,96.3285011291504,95.67293455282312,-2.0867553959827063,1.842857905796595,0.006155705551566796,0.05912041177584066,47,48
ABBV,2018-07-05,94.45999908447266,95.05999755859376,93.9499969482422,94.4800033569336,73.99651336669922,4744000,True,0.0092511547517085,32.68451479688653,96.0535011291504,95.55932205797647,-1.9195217809394196,1.850715092250277,0.0031810325895556837,0.026660665295651417,48,48
ABBV,2018-07-06,95.1999969482422,97.06999969482422,94.95999908447266,96.91999816894533,75.90750885009766,5867400,False,0.0254976349116603,40.50177937305473,95.93350105285644,95.68891025902111,-1.571979940492156,1.9021432059151755,0.00928128333485933,0.09322683750581257,46,48
ABBV,2018-07-09,97.9800033569336,98.3499984741211,96.91999816894533,97.04000091552734,76.00149536132812,5953100,True,0.0012374055601354,44.45299339216627,95.76400108337404,95.81758555964078,-1.2722021547677542,1.914285932268412,0.009510823060667912,0.09573158387693678,46,48
ABBV,2018-07-10,97.11000061035156,98.9499969482422,96.68000030517578,98.83999633789062,77.41124725341797,5119900,False,0.0183790674906585,52.900051662393416,95.71750106811524,96.10543420518836,-0.8792461105527849,1.965714045933313,0.009879304372747104,0.09975246621443302,46,48
ABBV,2018-07-11,96.26000213623048,97.5,94.87000274658205,94.95999908447266,74.37245178222656,6230000,False,-0.0400464818631014,40.83564659263386,95.5200008392334,95.99634514607258,-0.8708701176592513,2.1271416800362704,0.025679514000825538,0.27216496513819044,39,40
ABBV,2018-07-12,94.91999816894533,95.66999816894533,94.0999984741211,95.61000061035156,75.6462631225586,4672000,False,0.0169824405611642,50.188671640330085,95.42150077819824,95.95955042838489,-0.8025313107049357,2.0257132393973216,0.026383392453934403,0.2798457140583456,38,40
ABBV,2018-07-13,94.95999908447266,96.86000061035156,94.94000244140624,96.62999725341795,76.45327758789062,3712400,False,0.0106117616749126,60.56528426967219,95.31550064086916,96.02340250695944,-0.6584766008442102,1.9714273725237172,0.024154656092222306,0.25552565662808485,39,40
ABBV,2018-07-16,96.76000213623048,96.81999969482422,95.26000213623048,96.25,76.15264129638672,3783500,True,-0.0039400395819866,60.81080941756752,95.14950065612793,96.04498322058237,-0.5684223885383091,1.9199987139020656,0.02427580113434573,0.25684759601600315,39,40
ABBV,2018-07-17,96.2699966430664,97.16999816894533,95.33000183105467,95.41000366210938,75.48805236816406,5107500,False,-0.0087653672280089,61.18288420475014,94.99600067138672,95.98450897691826,-0.5583976008535814,1.9242842538016205,0.022195197791679607,0.2341439718222642,40,40
ABBV,2018-07-18,95.2699966430664,95.43000030517578,94.33000183105467,94.4000015258789,74.68892669677734,5521900,False,-0.0106425527937019,59.56321042809476,94.81550064086916,95.83360350539073,-0.6247498880266278,1.8742844717843223,0.012278295509518205,0.1259303503389333,44,48
ABBV,2018-07-19,93.22000122070312,93.27999877929688,87.76000213623047,89.94999694824219,71.16809844970703,19747200,False,-0.0482871816302135,43.34762753967061,94.40050048828124,95.27326002375752,-1.0246017615146883,2.219998495919368,0.0218237847862731,0.2300910987337249,40,40
ABBV,2018-07-20,88.70999908447266,89.63999938964844,86.76000213623047,88.91000366210938,70.34527587890625,11791900,False,-0.0116290329095818,40.39054220889581,94.06850051879884,94.66723560836246,-1.4091620754032306,2.302855355399,0.017929872291499952,0.1876005748978124,42,40
ABBV,2018-07-23,89.16999816894531,89.98999786376953,88.63999938964844,89.4000015258789,70.73295593261719,6316800,True,0.0054959723350428,40.482292468735686,93.8640007019043,94.16559426717356,-1.6553087928738393,2.295712062290742,0.01998166730512062,0.2099898414901359,41,40
ABBV,2018-07-24,90.51000213623048,91.61000061035156,89.75,91.54000091552734,72.42610931396484,7965000,False,0.0236552583103801,45.10174761305902,93.78850059509276,93.91553775749296,-1.6585826653033706,2.363568987165183,0.026584818905211742,0.2820436872898117,38,40
ABBV,2018-07-25,91.08000183105467,93.51000213623048,91.08000183105467,93.12000274658205,73.67618560791016,7494300,False,0.0171127606336159,46.88644279171808,93.83850059509275,93.8397725183586,-1.516206406008152,2.433569226946154,0.02877600219953622,0.3059539641954492,37,40
ABBV,2018-07-26,93.9499969482422,94.55999755859376,92.54000091552734,93.94000244140624,74.3249740600586,6812400,False,0.0087673989782584,42.63106380698741,93.96000061035156,93.84931822531551,-1.3219662681583202,2.39285496303014,0.013397502572589289,0.13814318112405705,44,48
ABBV,2018-07-27,91.33999633789062,92.2699966430664,88.7699966430664,90.55999755859376,71.65074920654297,12905800,False,-0.0366434091811159,36.20100800339488,93.86650047302246,93.53604959038964,-1.4243487004586513,2.659998212541858,0.023635813323158852,0.24986402425304458,40,40
ABBV,2018-07-30,90.66999816894533,91.54000091552734,89.37999725341797,91.4499969482422,72.35489654541016,6466000,True,0.0097795186733982,33.62870627462988,93.80650024414062,93.33737791018513,-1.4173338604888386,2.6521415710449268,0.023795293116048315,0.25160427392486234,39,40
ABBV,2018-07-31,91.6500015258789,92.62999725341795,91.33000183105467,92.2300033569336,72.97203063964844,8691800,False,0.0084930964387121,42.98922558711456,93.76250038146972,93.2319136670183,-1.3334632169645744,2.4614274161202627,0.021615659001007897,0.22782002211052146,40,40
ABBV,2018-08-01,92.29000091552734,94.4800033569336,92.27999877929688,93.91000366210938,74.30125427246094,5330400,False,0.0180516069636719,45.85366597989709,93.77750053405762,93.2964936665508,-1.1185393184404973,2.5099988664899606,0.0217885546277179,0.22970666588017669,40,40
ABBV,2018-08-02,93.58000183105467,95.86000061035156,93.41000366210938,95.12000274658205,75.25857543945312,6023200,False,0.0128020236925757,46.35090785727988,93.80950050354004,93.47016119798234,-0.8408806183461479,2.547855922154022,0.022187266572060535,0.23405742604684568,40,40
ABBV,2018-08-03,94.88999938964844,96.8499984741211,94.81999969482422,96.52999877929688,76.37419128417969,4876100,False,0.0147149722207919,50.64456437283712,93.7900005340576,93.76157430096468,-0.5012807496414524,2.581427437918532,0.003837778712609002,0.03382710440623699,48,48
ABBV,2018-08-06,96.26000213623048,97.5500030517578,95.73999786376952,97.05999755859376,76.79351043701172,5134200,True,0.0054753083800778,53.853324647964655,93.79100036621094,94.07570984931029,-0.187220770403087,2.5792852129255053,0.004986566051763579,0.046362716308729374,48,48
ABBV,2018-08-07,97.3000030517578,98.3499984741211,93.73999786376952,94.05999755859376,74.41991424560547,8890900,False,-0.0313965664505227,49.27349584377351,93.5520004272461,94.07421344067062,-0.1783450513940607,2.829999651227681,0.020278082300873714,0.2132243333949424,41,40
ABBV,2018-08-08,93.5199966430664,94.08000183105467,92.87000274658205,93.7300033569336,74.15882110595703,4535100,False,-0.0035145461129846,59.80292568420229,93.49050064086914,94.04143152793375,-0.1956830420306232,2.4421424865722665,0.01876007245566918,0.19665975121766086,42,40
ABBV,2018-08-09,94.1999969482422,96.13999938964844,93.47000122070312,95.47000122070312,75.53551483154297,6176100,False,0.0183939162718947,66.41641381722596,93.48350067138672,94.17748578438795,-0.0682336832596206,2.4049998692103807,0.019876139431029498,0.20883831724416455,41,40
ABBV,2018-08-10,95.3499984741211,96.73999786376952,95.30999755859376,95.8000030517578,75.79660034179688,4446800,False,0.0034505004967931,66.14531186786596,93.4420009613037,94.3320112384232,0.0587223271808028,2.4107142857142847,0.018485073018783535,0.19365894671999,42,40
ABBV,2018-08-13,96.0,97.58000183105467,95.80999755859376,96.77999877929688,76.57197570800781,5920000,True,0.0101777161599155,64.04072609282107,93.46850090026857,94.5651529089826,0.2356963839713728,2.3799999782017287,0.01904110812376641,0.19972642330391244,42,40
ABBV,2018-08-14,96.72000122070312,97.3499984741211,95.73999786376952,95.91999816894533,75.89154815673828,5580800,False,-0.0089258342128883,57.803779911041424,93.49400062561035,94.6941857908838,0.3030612357995181,2.3214285714285694,0.010830068784465364,0.11012724426932755,45,48
ABBV,2018-08-15,95.91999816894533,97.79000091552734,95.61000061035156,97.4499969482422,77.10206604003906,6861500,False,0.0158247538804473,59.41017602021206,93.64650039672853,94.95664399634651,0.4744374612406972,2.332857404436381,0.010965305518562896,0.11160295274541052,45,48
ABBV,2018-08-16,97.83999633789062,98.6500015258789,97.05999755859376,98.22000122070312,77.71131134033203,6332900,False,0.0078707467760151,73.87782689638571,94.06000061035157,95.26743992247572,0.6647247312699562,2.0771429879324748,0.00930384213080226,0.0934729999601587,46,48
ABBV,2018-08-17,98.22000122070312,99.1500015258789,96.41999816894533,98.80999755859376,78.17809295654297,6307300,False,0.0059886432097704,73.37994020567388,94.55500030517578,95.60482636401076,0.8533002235602822,2.117857251848489,0.009220686277154902,0.09256560006705851,46,48
ABBV,2018-08-20,99.33000183105467,100.2300033569336,97.47000122070312,97.62999725341795,77.2444839477539,6172500,True,-0.012013959062393,66.72862207515945,94.96650009155272,95.79769978204956,0.8971892575792992,2.2221434456961453,0.011799876408040703,0.12070982258897164,45,48
ABBV,2018-08-21,97.86000061035156,98.0500030517578,96.8000030517578,97.73999786376952,77.33153533935547,3528400,False,0.0011263247844766,63.14343957769651,95.27649993896485,95.98268055173716,0.9301258513535372,2.150714874267574,0.01028563808199402,0.10418639537469698,45,48
ABBV,2018-08-22,97.83999633789062,98.31999969482422,97.12999725341795,97.63999938964844,77.25241088867188,2963300,False,-0.0010237086000759,59.36106861531984,95.50249977111817,96.14052044106204,0.937354063909396,2.060715266636437,0.007805532076195973,0.07712338266025975,46,48
ABBV,2018-08-23,97.69000244140624,97.8499984741211,96.88999938964844,97.1500015258789,76.86471557617188,2137500,False,-0.0050311881514912,52.47210309307202,95.6629997253418,96.23666149675888,0.893246947133548,1.9842867170061356,0.006779213988492949,0.06592415996912067,47,48
ABBV,2018-08-24,97.13999938964844,97.58999633789062,96.5500030517578,97.4000015258789,77.0625228881836,2996100,False,0.0025701418783567,51.3866408287547,96.00499992370604,96.3474557852465,0.8684536568147649,1.9292858668736028,0.005857840230817878,0.05587009386855268,47,48
ABBV,2018-08-27,98.11000061035156,98.3000030517578,97.3000030517578,98.0199966430664,77.55305480957031,2456000,True,0.006345202397966,70.04051771868322,96.33349990844728,96.50674539075315,0.8885901064339237,1.6714286804199188,0.004222493134707469,0.0380251230684788,48,48
ABBV,2018-08-28,97.79000091552734,98.6999969482422,97.0999984741211,97.26000213623048,76.95174407958984,3515400,False,-0.0077837552006236,67.11932511932521,96.5849998474121,96.57848412841768,0.833613801670765,1.6992857796805243,0.005678184339835115,0.0539096818335334,47,48
ABBV,2018-08-29,97.43000030517578,97.83000183105467,96.02999877929688,97.58000183105467,77.20494079589844,3637100,False,0.0032849297997712,61.8672912082442,96.76849975585938,96.67386676676404,0.8065683670226775,1.6371432713099878,0.005989201159391502,0.05730350940476655,47,48
ABBV,2018-08-30,97.5,97.7300033569336,96.55999755859376,96.79000091552734,76.57988739013672,3434400,False,-0.0081289793682178,55.294115727107176,96.85199966430665,96.68492716188436,0.7131672455666234,1.618572235107422,0.006737370862316504,0.06546756615697007,47,48
ABBV,2018-08-31,96.25,96.69000244140624,95.72000122070312,95.9800033569336,75.93901824951172,4703100,False,-0.0084038488172645,45.64271935999412,96.82449989318847,96.61779156141289,0.5672472768392538,1.5678580147879464,0.007162503282625688,0.07010662757984853,47,48
ABBV,2018-09-04,95.97000122070312,95.97000122070312,94.08000183105467,94.55999755859376,74.81551361083984,4456100,True,-0.0149053620540004,43.01847035969415,96.69949989318847,96.421811180192,0.3331813427626144,1.5885723658970423,0.006556649080496544,0.06349552307988572,47,48
ABBV,2018-09-05,94.33999633789062,95.25,94.08999633789062,95.19000244140624,75.31398010253906,5188800,False,0.0066405116154472,37.21722034459992,96.7560001373291,96.30449606221242,0.1962562130663627,1.5157154628208704,0.008961058592352812,0.08973253272300442,46,48
ABBV,2018-09-06,94.79000091552734,95.08000183105467,92.79000091552734,93.73999786376952,74.166748046875,5416300,False,-0.0153498661068375,26.47056230741157,96.75649986267088,96.0602581385512,-0.0289277290776652,1.5735724312918526,0.008891351316060184,0.08897188422645391,46,48
ABBV,2018-09-07,93.6500015258789,94.3499984741211,91.5999984741211,94.16999816894533,74.50695037841797,4051700,False,0.0045765045051507,25.21368009037883,96.691499710083,95.88023337954112,-0.1707222151983813,1.5750007629394542,0.01052188587636823,0.10676434044960907,45,48
ABBV,2018-09-10,94.9800033569336,95.16999816894533,93.6999969482422,93.81999969482422,74.23002624511719,3156800,True,-0.0037236800097486,27.667068559019043,96.59249954223633,95.68402064766332,-0.3077893151921103,1.4828578404017867,0.010405215547204704,0.10549122930267885,45,48
ABBV,2018-09-11,93.72000122070312,93.7300033569336,92.87999725341795,93.18000030517578,73.72366333007812,2638500,False,-0.0068449106410909,24.834443778252226,96.41249961853028,95.44554251980736,-0.4627245805700823,1.4607151576450914,0.008918398127421784,0.0892670200787331,46,48
ABBV,2018-09-12,92.38999938964844,93.94000244140624,92.04000091552734,93.23999786376952,73.77112579345703,3304700,False,0.0006435815841248,25.609738562035943,96.27849960327148,95.23549064780374,-0.5740532643764311,1.511429377964565,0.007615954718108886,0.07505470719224107,46,48
ABBV,2018-09-13,93.41999816894533,96.37000274658205,93.41000366210938,96.33000183105467,76.2159423828125,4850700,False,0.0326032527946022,46.47160283561277,96.22249984741212,95.33972980811336,-0.4082386316278956,1.6664297921316984,0.015783575464546125,0.16418010086121287,43,40
ABBV,2018-09-14,96.29000091552734,96.4000015258789,94.91999816894533,95.68000030517578,75.70166778564453,3446000,False,-0.0067704667166857,42.84525536881947,96.09549980163574,95.3721365221193,-0.3255265637995279,1.6978590829031808,0.01672821441620271,0.1744880376588614,43,40
ABBV,2018-09-17,95.4000015258789,96.16000366210938,94.8000030517578,95.37000274658205,75.45640563964844,3987200,True,-0.0032451109711984,38.68491726248878,95.92350006103516,95.37193330540148,-0.2817431071973431,1.7235734122140076,0.016680127316161135,0.17396330936225507,43,40
ABBV,2018-09-18,95.3499984741211,96.05999755859376,92.41000366210938,92.61000061035156,73.2726821899414,10240500,False,-0.0293672263096572,33.04158766921948,95.67250022888184,95.10889209634912,-0.4644001921547698,1.870001656668528,0.02221857450035512,0.23439905937200123,40,40
ABBV,2018-09-19,91.70999908447266,92.23999786376952,90.4000015258789,91.0199966430664,72.01469421386719,8451400,False,-0.0173176699373263,28.104148745505995,95.33650016784668,94.71947348175075,-0.7290532083332693,1.899287087576732,0.02326769497291311,0.24584710256912143,40,40
ABBV,2018-09-20,91.43000030517578,93.12000274658205,90.62000274658205,92.68000030517578,73.32807159423828,5991200,False,0.0180733196253771,37.03471586440199,95.08850021362304,94.52523794112456,-0.7956721943067748,1.9942866734096008,0.01765601250444973,0.1846122063032497,42,40
ABBV,2018-09-21,92.8499984741211,93.33000183105467,92.0500030517578,92.26000213623048,72.99577331542969,9953500,False,-0.0045419644388675,37.96896528581075,94.84400024414064,94.30950119780132,-0.8723031945801552,2.009286608014791,0.01771417770951149,0.18524690727185514,42,40
ABBV,2018-09-24,92.3000030517578,93.9800033569336,91.9499969482422,93.41999816894533,73.91355895996094,5910300,True,0.0124947485715166,46.25000501933447,94.64500007629394,94.22478662362457,-0.8298656543546201,2.0185726710728247,0.019876943910413093,0.20884709575433139,41,40
ABBV,2018-09-25,93.4800033569336,94.63999938964844,93.4000015258789,93.77999877929688,74.19837188720703,5303900,False,0.0038459194566554,45.27795407648609,94.43300018310546,94.18242587654572,-0.758441713416488,2.0242865426199788,0.014022869681284252,0.1449672112156082,44,48
ABBV,2018-09-26,94.29000091552734,95.11000061035156,93.8499984741211,94.18000030517578,74.51484680175781,4656200,False,0.0042561837486746,51.58502264632168,94.27900009155272,94.1821948697486,-0.661930621290395,1.9478579929896784,0.00870850675450771,0.0869766772947776,46,48
ABBV,2018-09-27,94.3499984741211,94.88999938964844,93.95999908447266,94.13999938964844,74.48321533203125,3028600,False,-0.0004245890147666,49.88881109310115,94.10699996948242,94.1781762525962,-0.5819641050936042,1.8178580147879484,0.006343764854088127,0.061172522162777646,47,48
ABBV,2018-09-28,94.0,95.16000366210938,93.83999633789062,94.58000183105467,74.83135223388672,4527900,False,0.0046631422289268,52.79823861111405,93.9965000152588,94.21644535530652,-0.4775802967350131,1.8071441650390645,0.004679493602415163,0.043011929857851246,48,48
ABBV,2018-10-01,94.73999786376952,95.63999938964844,94.33000183105467,95.0,75.16364288330078,3763800,True,0.0044306970743418,56.81137190248774,93.9474998474121,94.2910696071821,-0.3568514727577536,1.8335723876953145,0.0021334704597083774,0.01522962679449748,49,48
ABBV,2018-10-02,95.33999633789062,95.3499984741211,93.47000122070312,94.2300033569336,74.55442810058594,6792200,False,-0.0081382045745645,53.51814135682779,93.93100013732912,94.2852537738251,-0.3196209129887535,1.832143511090963,0.005507227261917932,0.05204419158332653,47,48
ABBV,2018-10-03,94.63999938964844,96.5999984741211,94.5999984741211,96.01000213623048,75.96276092529297,4796800,False,0.0187137952036931,48.746082910458185,93.97200012207033,94.44951552262562,-0.1448150628213937,1.7778570992606038,0.009796937940977943,0.09885368052341803,46,48
ABBV,2018-10-04,95.80999755859376,95.80999755859376,93.26000213623048,93.83999633789062,74.24585723876953,4425400,False,-0.0228612510157998,43.55741196948885,93.97700004577636,94.39146607646038,-0.1793144739501855,1.8685711451939195,0.015639786845388345,0.16261107388439774,43,40
ABBV,2018-10-05,94.0999984741211,95.2699966430664,92.91000366210938,94.37999725341795,74.673095703125,4190100,False,0.0057378812849413,46.58854298117198,93.9875,94.3903738075992,-0.1612234612147176,1.9399991716657377,0.015737941841082344,0.16368214499597203,43,40
ABBV,2018-10-08,94.06999969482422,95.37000274658205,93.75,94.80999755859376,75.01331329345703,3305500,True,0.0045457457154808,59.03118027533456,94.03699989318848,94.43033797436058,-0.1109102677901177,1.79499980381557,0.01574689462119912,0.16377983807907553,43,40
ABBV,2018-10-09,94.70999908447266,95.26000213623048,93.8000030517578,94.56999969482422,74.82344055175781,3625600,False,-0.0025343961138843,66.38966967474687,94.1064998626709,94.4436390905952,-0.0893722932106868,1.7414283752441435,0.0152500706687525,0.15835847588307805,43,40
ABBV,2018-10-10,93.8499984741211,95.38999938964844,92.98999786376952,93.08000183105467,73.64454650878906,5310800,False,-0.0158811181265739,51.87618046316016,94.09850006103515,94.31376887540088,-0.1903395524795428,1.734285627092638,0.012676178806924562,0.13027206827816531,44,48
ABBV,2018-10-11,93.0,93.37999725341795,89.61000061035156,90.6999969482422,71.7614974975586,9994400,False,-0.0259020084516748,43.81931518037591,93.81699981689454,93.96960012043338,-0.4571337827010922,1.9121426173618887,0.013706503866795674,0.14151501520467089,44,48
ABBV,2018-10-12,90.70999908447266,91.08000183105467,88.9000015258789,90.69000244140624,72.52120208740234,5709600,False,0.0105308760220255,38.09940960332467,93.56749992370604,93.65725748433556,-0.6617483820501775,1.922856467110773,0.014917307185081403,0.15472734787143747,43,40
ABBV,2018-10-15,90.51000213623048,90.5999984741211,89.18000030517578,89.18000030517578,71.3136978149414,4827900,True,-0.0167905375074364,31.77497039227299,93.25799980163576,93.2308520387013,-0.9349736843500268,1.942142486572268,0.01423690895311337,0.14730281603304682,44,48
ABBV,2018-10-16,89.77999877929688,91.9800033569336,89.52999877929688,91.91000366210938,73.49677276611328,3787100,False,0.0301530731257173,42.40804030768652,93.22299995422364,93.10505695521636,-0.9206060758056224,2.047142573765348,0.023244057806100765,0.24558917289011564,40,40
ABBV,2018-10-17,91.81999969482422,92.41000366210938,90.83000183105467,92.2699966430664,73.78463745117188,2857400,False,0.003909048008126,43.8768724371949,93.28549995422364,93.02552740167826,-0.8701407763192321,2.093571254185271,0.02229070251088429,0.23518612301422237,40,40
ABBV,2018-10-18,91.8499984741211,92.4000015258789,89.22000122070312,89.9000015258789,71.88943481445312,4422300,False,-0.0260212341643834,36.395339501614025,93.1465000152588,92.72785827064976,-1.0097457416104303,2.226427895682202,0.022325882118223568,0.23557000425094615,40,40
ABBV,2018-10-19,89.26000213623047,89.98999786376953,87.97000122070312,87.97000122070312,70.34610748291016,7059400,False,-0.0217018598582492,31.21324962607393,92.93199996948242,92.27472902779768,-1.2615759154952286,2.2771421160016763,0.0232864073909319,0.246051293198706,40,40
ABBV,2018-10-22,88.52999877929688,88.52999877929688,83.5,84.2699966430664,67.38737487792969,7621100,True,-0.0429697672750945,26.987044836444028,92.47449989318848,91.51237356258518,-1.73965888509683,2.5021422249930265,0.028624974136989924,0.30430594013221485,37,40
ABBV,2018-10-23,82.58000183105469,84.58999633789062,81.5,82.95999908447266,66.33979797363281,8096200,False,-0.0156676958244654,19.1780723181613,91.93349990844726,90.69786170752684,-2.1989013715375165,2.5535708836146784,0.016999788625512487,0.17745146594066938,42,40
ABBV,2018-10-24,82.83999633789062,83.12999725341797,79.26000213623047,79.41000366210938,63.50101852416992,8689100,False,-0.0437340426759875,18.004433509536966,91.19500007629397,89.62282760796327,-2.816838551341533,2.633570534842357,0.012717523854296885,0.13072322703512987,44,48
ABBV,2018-10-25,80.4000015258789,83.19000244140625,79.66000366210938,81.7300033569336,65.3562240600586,9173500,False,0.0287967319432646,24.00328631725512,90.5745002746582,88.87113006024616,-3.0838054424687726,2.73499952043806,0.02953489117699694,0.31423499008621836,37,40
ABBV,2018-10-26,81.0199966430664,81.52999877929688,79.43000030517578,80.79000091552734,64.60455322265625,6181500,False,-0.0115677858364068,21.779382012619223,89.88500022888184,88.10149871313008,-3.3328104044331326,2.783570970807758,0.029655347019090766,0.31554940889674193,37,40
ABBV,2018-10-29,82.1500015258789,83.16999816894531,79.94000244140625,81.36000061035156,65.06035614013672,4343900,True,0.0070305034287266,23.75843454586293,89.20300025939942,87.45945127477022,-3.4444489556222635,2.9099993024553563,0.027035349566472917,0.2869598953008607,38,40
ABBV,2018-10-30,81.93000030517578,82.87999725341797,80.12999725341797,81.58999633789062,65.24427032470703,5243100,False,0.0028228361752776,25.972373345926695,88.57099990844726,86.90045556649598,-3.4743148399055457,2.9349991934640047,0.026821969116206674,0.28463147956981233,38,40
ABBV,2018-10-31,80.9800033569336,81.58000183105469,77.73999786376953,77.8499984741211,62.253536224365234,14068500,False,-0.0469228906830969,24.5745786696222,87.66299972534179,86.03850727198409,-3.7564681134207376,2.940713609967912,0.02803341564645669,0.29785083099042525,38,40
ABBV,2018-11-01,77.70999908447266,80.6500015258789,77.5,80.20999908447266,64.14073944091797,10671700,False,0.0298643821957222,31.02822573405335,86.9814998626709,85.48341125412587,-3.746457460067873,3.0099994114467075,0.028347681915364072,0.30128011667872895,37,40
ABBV,2018-11-02,84.18000030517578,84.41999816894531,78.76000213623047,79.55999755859375,63.62096405029297,12781500,False,-0.0081366832797179,32.02539711502686,86.2404998779297,84.91927661645614,-3.747771657253921,3.306427546909878,0.02815211584303857,0.2991460921291797,38,40
ABBV,2018-11-05,79.44999694824219,83.83000183105469,79.2699966430664,82.58000183105469,66.03592681884766,10315600,True,0.0372559001996552,32.754147797656515,85.62900009155274,84.69648854165601,-3.4651796286734253,3.4321419852120547,0.033583891721050155,0.35841784071772403,35,32
ABBV,2018-11-06,82.7300033569336,84.2300033569336,82.30999755859375,83.66000366210938,66.89957427978516,7945500,False,0.0129936639189282,34.4976701084572,85.083500289917,84.59777569598491,-3.118132398918817,3.456427982875279,0.03387896727958134,0.3616377166317294,35,32
ABBV,2018-11-07,84.1500015258789,87.22000122070312,84.13999938964844,86.95999908447266,69.53845977783203,10378000,False,0.0386873740287815,44.87804398253374,84.77750015258789,84.82274935203137,-2.5474475282511264,3.4835706438337053,0.019763001229701524,0.2076037488128679,41,40
ABBV,2018-11-08,87.12999725341797,89.70999908447266,87.0,87.7300033569336,70.15418243408203,9333200,False,0.0088154484577283,49.5642740454046,84.62900047302246,85.09963068583158,-2.0098741687766903,3.5357137407575334,0.019945382929217846,0.20959390497609312,41,40
ABBV,2018-11-09,87.83000183105469,89.52999877929688,87.55999755859375,88.79000091552734,71.00182342529297,9169800,False,0.0120101326883365,59.07631602491902,84.53400039672852,85.45109451723118,-1.481235701052455,3.3171424865722656,0.014713459835655404,0.15250295770568525,43,40
ABBV,2018-11-12,88.75,89.88999938964844,88.5,89.69000244140625,71.72151184082031,9344700,True,0.0100851695228787,63.74031021638012,84.55950050354004,85.85480003381929,-0.9783850909300044,3.195714133126395,0.012499335631432887,0.12834234870343583,44,48
ABBV,2018-11-13,90.0,90.87999725341795,88.19999694824219,88.22000122070312,70.54600524902344,7237200,False,-0.0165256745613942,69.65639473207587,84.37500038146973,86.08005728971298,-0.6905291821901045,3.1107145036969857,0.019558501343819812,0.20537223814405803,41,40
ABBV,2018-11-14,89.05000305175781,89.4000015258789,86.44999694824219,88.30999755859375,70.61798858642578,7268200,False,0.0010198541665719,66.3032559518161,84.1770004272461,86.29243255341592,-0.449952575087039,3.051429203578403,0.011729681473590804,0.1199438527477368,45,48
ABBV,2018-11-15,87.62999725341797,90.29000091552734,85.95999908447266,90.13999938964844,72.08135986328125,10365700,False,0.0205105712639117,72.18794164581287,84.18900032043457,86.65886749019997,-0.1103559126277389,3.1964291163853225,0.014088052668021368,0.14567849048944068,44,48
ABBV,2018-11-16,89.7300033569336,92.0,89.19999694824219,91.52999877929688,73.19290924072266,8691100,False,0.0153030688292054,73.22978175539512,84.36700019836425,87.12278475582825,0.2678506079904394,3.165715353829519,0.01454277618733023,0.150640451129768,43,40
ABBV,2018-11-19,91.29000091552734,92.33999633789062,89.11000061035156,89.4800033569336,71.55360412597656,5971700,True,-0.022651671114215,66.63856457972203,84.62750053405762,87.34728176545732,0.3975814311011589,3.200000762939452,0.018980285481046955,0.19906272427274435,42,40
ABBV,2018-11-20,89.0,89.70999908447266,87.86000061035156,88.08999633789062,70.44207000732422,5372900,False,-0.0156562068525809,73.97002320606609,84.88400039672851,87.41801648664145,0.3838077960522668,3.057143620082309,0.018799519990538874,0.19709020424476373,42,40
ABBV,2018-11-21,88.5,88.77999877929688,85.37000274658203,86.1500015258789,68.8907241821289,6532500,False,-0.0222691283107674,64.18338526470424,85.22100028991699,87.297253157045,0.2138851876221252,3.0757146562848763,0.021132626914354444,0.22254915728779903,41,40
ABBV,2018-11-23,85.5999984741211,86.55000305175781,84.9000015258789,85.62999725341797,68.47489166259766,1612800,True,-0.0060544086989798,64.5843300854338,85.4159999847412,87.1384668805091,0.0368356785119061,2.789286477225166,0.015795957153970468,0.16431521033537802,43,40
ABBV,2018-11-26,86.38999938964844,87.25,85.20999908447266,86.23999786376953,68.96268463134766,5227900,True,0.0070984228640895,59.94564056847277,85.68849983215333,87.05289840272438,-0.0536370868143336,2.609286172049385,0.012573157269339755,0.1291478932731452,44,48
ABBV,2018-11-27,86.22000122070312,87.69999694824219,85.5,87.68000030517578,70.11420440673828,4338300,False,0.0165598482710365,60.71427554718328,86.00449981689454,87.11262239343404,-0.009037069031109,2.6292855398995525,0.015966452992001726,0.16617566751809987,43,40
ABBV,2018-11-28,88.04000091552734,88.95999908447266,86.55999755859375,88.94000244140625,71.12176513671875,3953600,False,0.0142680058927016,55.92105953616773,86.37200012207032,87.28665858847901,0.1265219423106742,2.546428680419921,0.016142487349507875,0.16809656123967032,43,40
ABBV,2018-11-29,89.01000213623047,90.33000183105467,88.36000061035156,89.91000366210938,71.8974380493164,3838000,False,0.0108472219243228,56.442079072424654,86.97500038146973,87.5365009764438,0.3086663141894092,2.4907144818987144,0.008909631415348184,0.08917135737731753,46,48
ABBV,2018-11-30,90.26000213623048,94.2699966430664,89.87000274658203,94.2699966430664,75.38394927978516,12031700,False,0.0473537461248615,63.550928280677184,87.67800025939941,88.1777862780269,0.7956601617013632,2.664285387311661,0.016125617975642968,0.16791248197921804,43,40
ABBV,2018-12-03,94.31999969482422,94.72000122070312,92.81999969482422,93.66000366210938,74.89617156982422,6673900,True,-0.0064916027502723,59.959866230978186,88.3830005645752,88.69990221936808,1.1194802869212594,2.700714111328123,0.01947759257062767,0.20448935847984628,41,40
ABBV,2018-12-04,93.91999816894533,94.9800033569336,90.4000015258789,90.5500030517578,72.40923309326172,7008400,False,-0.0337689551562825,55.401026166321536,88.78150062561035,88.8761022986433,1.1123366863455857,2.83642850603376,0.029743160195248607,0.31650762967331314,37,40
ABBV,2018-12-06,89.69999694824219,90.4800033569336,87.16999816894531,90.33000183105467,72.23329162597656,8734300,True,-0.0024327776966158,54.65438837912959,89.11500053405761,89.01456892077772,1.076513691806028,2.867142813546315,0.029581851736549262,0.31474742552940926,37,40
ABBV,2018-12-07,89.93000030517578,90.0,86.37000274658203,86.95999908447266,69.53845977783203,6737700,False,-0.0380210648645367,43.15834639095792,89.11500053405761,88.81889560303438,0.7673471528604523,2.840714045933312,0.034109359565191524,0.36415176616840245,35,32
ABBV,2018-12-10,86.66999816894531,87.87999725341797,84.5999984741211,87.61000061035156,70.0582275390625,5229400,True,0.0074467406519391,41.28889295789931,89.10900039672852,88.7037627465884,0.5682299332112848,2.8749994550432447,0.020098675147445882,0.2112666355937486,41,40
ABBV,2018-12-11,88.62000274658203,89.44000244140625,86.66000366210938,88.16999816894531,70.50604248046875,5098100,False,0.0063716968244491,46.88242490530437,89.07800025939942,88.6529280249081,0.4504230286649857,2.8428568158830885,0.022125648197484422,0.23338504395886323,40,40
ABBV,2018-12-12,89.31999969482422,90.16999816894533,88.36000061035156,88.5999984741211,70.84989166259766,4185100,False,0.0048650219378606,51.27182606650779,89.02350006103515,88.64788711530935,0.3872931645055502,2.8535712105887256,0.019212305753719836,0.20159453846724806,41,40
ABBV,2018-12-13,89.37000274658203,89.98999786376953,87.37000274658203,87.70999908447266,70.13819122314453,4078600,False,-0.0100959807397653,54.10525673314145,88.99799995422363,88.55856444570585,0.2624217450980666,2.797142573765344,0.019326043998613405,0.20283565459715394,41,40
ABBV,2018-12-14,86.80000305175781,87.16000366210938,85.08000183105469,85.61000061035156,68.45890808105469,5461600,False,-0.024233773047769,49.95141727720994,88.86300010681153,88.27774884233878,-0.0059237950524817,2.867142268589563,0.01378372394276299,0.14235764366201414,44,48
ABBV,2018-12-17,85.06999969482422,86.87999725341797,84.19999694824219,84.93000030517578,67.9151382446289,5958200,True,-0.0079747244124939,46.82809214094544,88.6025001525879,87.95891564832327,-0.2703435583177622,2.912856510707308,0.012490262569961105,0.12824334310553168,44,48
ABBV,2018-12-18,85.45999908447266,85.5,82.80000305175781,83.58000183105469,66.8355941772461,5288600,False,-0.0160231732312455,40.02918170621697,88.20500030517579,87.54187623715484,-0.582121387206854,2.948570796421594,0.010741982836842653,0.10916604699997551,45,48
ABBV,2018-12-19,84.33000183105469,86.30000305175781,82.6500015258789,83.5199966430664,66.7876205444336,5510800,False,-0.0007180434174351,36.00204606563882,87.90699996948243,87.15884008533689,-0.8245446426465861,3.037856510707308,0.00884278891807006,0.08844196946023915,46,48
ABBV,2018-12-20,82.98999786376953,86.4800033569336,82.41000366210938,85.37000274658203,68.2669906616211,9453300,False,0.0219086083284286,38.78458153482777,87.771000289917,86.9884746245031,-0.8575020380223748,3.1878564017159587,0.017620105638557614,0.18422038919305272,42,40
ABBV,2018-12-21,84.62999725341797,88.70999908447266,83.22000122070312,84.91999816894531,67.90714263916016,16044700,False,-0.0052851279661061,21.371729769151383,87.70950012207031,86.79147686683092,-0.9094490572533688,3.265713827950613,0.014280021084343399,0.14777325727745214,44,48
ABBV,2018-12-24,84.8499984741211,86.44000244140625,83.5999984741211,84.16000366210938,67.29940795898438,5097900,True,-0.0089897829710496,21.17720368062487,87.63600044250488,86.54086037114315,-1.0004105394497174,3.3328568594796306,0.014399689056679293,0.1490790788226869,44,48
ABBV,2018-12-26,84.73999786376953,89.08999633789062,84.62000274658203,89.04000091552734,71.20173645019531,6225000,True,0.0563657668973138,45.86300957540873,87.77600059509277,86.7788737563226,-0.6709884378841622,3.357856205531528,0.027227942968348073,0.2890614819554146,38,40
ABBV,2018-12-27,87.94999694824219,89.93000030517578,86.86000061035156,89.91000366210938,71.8974380493164,7272800,False,0.0097234254887192,48.888894271175225,87.88750076293945,87.07707660449276,-0.3358456783788739,3.3357129778180803,0.026331386595215698,0.2792782241153999,38,40
ABBV,2018-12-28,90.08999633789062,92.81999969482422,90.0,91.12000274658205,72.86502838134766,6037700,False,0.0133681715367892,62.42533541523675,87.99650077819824,87.46211718945365,0.0270820023695819,3.2607127598353807,0.026025713397681262,0.27594270635446644,38,40
ABBV,2018-12-31,91.5999984741211,92.98999786376952,91.2300033569336,92.19000244140624,73.72067260742188,5722100,True,0.0116744530805299,63.34499083227959,88.11050071716309,87.9123919753539,0.3964745255930069,3.1599982125418515,0.024072801005477623,0.25463245075376584,39,40
ABBV,2019-01-02,91.23999786376952,91.26000213623048,88.41999816894531,89.2300033569336,71.3536605834961,6908400,True,-0.0326346093611986,52.70962399498551,87.85850105285644,88.03787877359959,0.4452411108318728,3.230712890624998,0.031493168361946766,0.33560378651298084,36,32
ABBV,2019-01-03,88.63999938964844,88.80000305175781,86.08000183105469,86.29000091552734,69.00267791748047,7653200,False,-0.0335033329683959,44.76665883101259,87.49000091552735,87.87141421568795,0.2438444673503284,3.3128558567592044,0.024495906760177003,0.2592493971230789,39,40
ABBV,2019-01-04,87.75,89.13999938964844,86.2699966430664,89.06999969482422,71.22573852539062,8910600,False,0.0317089349946455,52.83806391749557,87.41600074768067,87.98556521370094,0.3050425043688136,3.3307135445731,0.0295394974377783,0.31428525378212513,37,40
ABBV,2019-01-07,90.06999969482422,90.76000213623048,89.19999694824219,90.37000274658205,72.2652816772461,7281500,True,0.0144895664939052,60.27633811641677,87.41800079345703,88.21265450254677,0.4532173636617642,3.263571058000835,0.029688069969342895,0.315906482996259,37,40
ABBV,2019-01-08,91.1999969482422,92.3000030517578,90.4000015258789,90.79000091552734,72.60114288330078,7478300,False,0.0046368481700951,62.79475604271128,87.60950088500977,88.45811606568778,0.5976480348337958,3.2099996294294044,0.029058396533046656,0.3090354620912695,37,40
ABBV,2019-01-09,90.87999725341795,91.38999938964844,87.45999908447266,87.80999755859375,70.2181396484375,9971900,False,-0.0333739866983256,58.62208175048629,87.61950073242187,88.39639049358358,0.4662740987620992,3.297857012067518,0.029247785405102422,0.3111020807924201,37,40
ABBV,2019-01-10,87.87999725341797,88.87999725341797,87.12000274658203,88.19999694824219,70.5300064086914,6527700,False,0.0044315648820986,59.412708676607394,87.62100067138672,88.37768634640821,0.3891431987489682,3.1628565107073063,0.023845891439460098,0.2521564047880678,39,40
ABBV,2019-01-11,87.54000091552734,88.30999755859375,87.54000091552734,88.30999755859375,70.61798858642578,5318100,False,0.0012466658011316,56.35811951286719,87.60650062561035,88.37123979518779,0.3330533035673113,2.92714200701032,0.018383260775495427,0.19254796758113468,42,40
ABBV,2019-01-14,86.97000122070312,86.97000122070312,84.48999786376953,84.76000213623047,68.61051177978516,6368500,True,-0.0288391519516275,49.69489688821304,87.45900077819825,88.02731239909662,0.0021222317285776,2.807856423514226,0.019036355055358414,0.19967455763750241,42,40
ABBV,2019-01-15,84.93000030517578,85.68000030517578,84.44999694824219,85.5,69.20951843261719,7295500,False,0.0086926468344929,52.55724521750475,87.45350074768066,87.78661598013502,-0.1981472654139224,2.6928563799176857,0.019902878782310354,0.20913009808014407,41,40
ABBV,2019-01-16,85.66000366210938,86.38999938964844,85.44999694824219,85.55000305175781,69.24998474121094,4927000,False,0.0005845219550601,41.83435326341328,87.48450088500977,87.57360522505148,-0.3488066306655355,2.4078570774623285,0.014918459090497813,0.15473991750791963,43,40
ABBV,2019-01-17,85.54000091552734,87.69000244140625,85.41999816894531,87.19999694824219,70.58560943603516,6438700,False,0.0191033666478834,43.88260166902953,87.66550064086914,87.53802348440298,-0.3312461458221492,2.350714547293523,0.017846351509213834,0.18668919288928343,42,40
ABBV,2019-01-18,88.44999694824219,89.79000091552734,86.91999816894531,89.5,72.44739532470703,6190000,False,0.026034425398844,46.51462371881801,87.96450080871583,87.72487839065032,-0.1302370194277387,2.347857883998322,0.021327833828736632,0.22467926269197158,41,40
ABBV,2019-01-22,88.86000061035156,89.36000061035156,87.9000015258789,88.66000366210938,71.76742553710938,5664600,True,-0.0094300269890338,42.329422811795645,88.12900085449219,87.81393794031308,-0.0382753089569689,2.3285724094935807,0.014167129670493285,0.14654138180066445,44,48
ABBV,2019-01-23,88.83999633789062,89.27999877929688,87.69999694824219,88.44999694824219,71.59744262695312,4969300,False,-0.0023713339535326,48.07500906602439,88.30550079345703,87.87451498868728,0.0174579777296486,2.1721436636788494,0.015062320633714578,0.15630974023488856,43,40
ABBV,2019-01-24,88.33000183105469,88.44000244140625,85.0999984741211,85.87999725341797,69.51709747314453,8372600,False,-0.0294866267041916,48.96932208473883,88.39150047302246,87.68456091866163,-0.1440895138007647,2.186429159981863,0.022381775580107937,0.23617991587008433,40,40
ABBV,2019-01-25,82.51000213623047,82.61000061035156,79.43000030517578,80.54000091552734,65.19454956054688,21308600,False,-0.06419685938271,31.00222730773073,87.96650047302246,87.00412663264883,-0.6949986294036137,2.442143031529017,0.03354312131093369,0.35797295242473365,35,32
ABBV,2019-01-28,80.0,80.0999984741211,76.68000030517578,77.13999938964844,62.44236373901367,14718800,True,-0.0431319186443154,23.05497795555181,87.32800025939942,86.06468594283928,-1.3899275610212245,2.597142900739396,0.02514070574189127,0.2662854685650229,39,40
ABBV,2019-01-29,77.02999877929688,78.16000366210938,75.7699966430664,77.47000122070312,62.70948791503906,13909000,False,0.0042688075028676,22.771872049496864,86.64550018310547,85.24614454073108,-1.8922229874634555,2.630000523158482,0.02843561422877802,0.30223963748564936,37,40
ABBV,2019-01-30,77.69000244140625,79.19000244140625,76.9800033569336,79.05999755859375,63.99652862548828,9277200,False,0.0203160830621612,31.03597093751964,85.98899993896484,84.65698768528944,-2.1373581807991258,2.507143293108259,0.03450684208030128,0.36848911075570384,35,32
ABBV,2019-01-31,78.94999694824219,81.30999755859375,78.70999908447266,80.29000091552734,64.99219512939453,11563900,False,0.0154383460918014,33.45880939944115,85.54199981689453,84.24108418340734,-2.2069383843603134,2.56714357648577,0.0378975608029451,0.40548876467673156,33,32
ABBV,2019-02-01,80.25,80.7300033569336,79.11000061035156,80.5,65.16216278076172,6759500,False,0.0026117872765056,33.73594472008281,85.25249977111817,83.88479045165427,-2.2195504301627267,2.627858298165457,0.0251815554343959,0.26673122199050114,39,40
ABBV,2019-02-04,80.30000305175781,80.36000061035156,77.5199966430664,78.52999877929688,63.56753921508789,10205600,True,-0.0247760246771368,36.11234223769493,84.72549972534179,83.37481029238214,-2.361288735161878,2.567858559744699,0.017508516065251233,0.18300271945065902,42,40
ABBV,2019-02-05,78.55999755859375,80.05999755859375,78.22000122070312,79.69000244140625,64.50650024414062,7965500,False,0.0146630473497488,37.28666081690927,84.19149971008301,83.02387621133681,-2.352892086714732,2.611429486955916,0.018214791010580513,0.19070961898666666,42,40
ABBV,2019-02-06,79.5999984741211,79.88999938964844,78.79000091552734,79.08000183105469,64.01272583007812,4907200,False,-0.0076840930144188,36.18111873434851,83.60599975585937,82.64826912750043,-2.368160948310233,2.6228577750069757,0.01683042480514226,0.17560336137847335,42,40
ABBV,2019-02-07,78.3499984741211,79.22000122070312,77.80999755859375,79.16999816894531,64.08558654785156,5877500,False,0.0011375751058415,31.62472188507796,83.17399978637695,82.31700522668565,-2.345956947411608,2.561429159981864,0.014633433738818823,0.15162970984002466,43,40
ABBV,2019-02-08,79.02999877929688,79.86000061035156,78.88999938964844,79.66999816894531,64.49031829833984,4598900,False,0.0062956288390871,25.486283454224026,82.74749984741212,82.06490931642466,-2.261940058417977,2.425714765276228,0.015061114800205016,0.1562965821329669,43,40
ABBV,2019-02-11,79.88999938964844,80.18000030517578,79.16999816894531,79.7699966430664,64.57125854492188,4803500,True,0.0012542889862855,26.98082695344648,82.32049980163575,81.84634620467625,-2.162360679551,2.3835721697126115,0.008177178448374353,0.08117880225604497,46,48
ABBV,2019-02-12,79.98999786376953,80.12000274658203,78.56999969482422,79.93000030517578,64.70076751708984,6620100,False,0.002003666523087,27.881631105743157,82.07899971008301,81.66383707139049,-2.046936535831094,2.381429399762834,0.005092978886106434,0.047523897275215235,48,48
ABBV,2019-02-13,80.33999633789062,81.31999969482422,80.29000091552734,80.79000091552734,65.39691162109375,4237200,False,0.0107019702863866,35.49858845357633,81.84349975585937,81.58061458035591,-1.864573565015874,2.241429465157645,0.004168810021701652,0.037439330861843055,48,48
ABBV,2019-02-14,80.44999694824219,80.68000030517578,79.72000122070312,80.5199966430664,65.17835998535156,3436300,False,-0.0033475226532936,49.91985474819352,81.59199943542481,81.4796033482331,-1.7219866943453752,1.857143947056361,0.00533349392292665,0.050148406664838836,47,48
ABBV,2019-02-15,81.12999725341797,81.69999694824219,80.16000366210938,80.8499984741211,65.44548797607422,6295400,False,0.0040900397175147,69.71304268158707,81.27449951171874,81.41964097927004,-1.5643246217490798,1.6914291381835938,0.0051191321530736295,0.04780928273648287,48,48
ABBV,2019-02-19,80.5,81.5199966430664,80.2300033569336,80.5199966430664,65.17835998535156,5674700,True,-0.0040900397175149,66.20611988594028,80.82549934387207,81.33396056629826,-1.4492980770725978,1.612856728690011,0.006035203913921198,0.05780549324248387,47,48
ABBV,2019-02-20,80.52999877929688,80.5999984741211,79.13999938964844,79.98999786376953,64.74933624267578,5564100,False,-0.0066040623270282,55.568854943976575,80.39199905395508,81.20596411843837,-1.3849404523603257,1.559285300118583,0.007118566381380437,0.06962718641311882,47,48
ABBV,2019-02-21,79.73999786376953,79.91000366210938,78.0999984741211,78.75,63.74560928344727,6360800,False,-0.0156231417672652,40.78947728660303,79.90699920654296,80.9720627738252,-1.4176522232441755,1.5085710797991072,0.007098338290624847,0.06940645670397431,47,48
ABBV,2019-02-22,79.16000366210938,80.19000244140625,78.23999786376953,80.0199966430664,64.77364349365234,5022700,False,0.0159984767280792,47.45221304949627,79.61399917602539,80.88138980899103,-1.325815249153635,1.5321426391601562,0.011930474596379298,0.12213491507422314,45,48
ABBV,2019-02-25,80.45999908447266,80.62000274658203,79.87999725341797,80.29000091552734,64.99219512939453,5511800,True,0.0033684033441214,61.39896449864954,79.60149917602538,80.82506705723259,-1.2172153958760958,1.3721427917480469,0.011853907691930145,0.12129941404976359,45,48
ABBV,2019-02-26,80.19999694824219,80.86000061035156,80.0199966430664,80.51000213623047,65.17027282714844,4283100,False,0.0027362389735733,56.047189673545496,79.76999931335449,80.79506087428,-1.1007086852934265,1.3007147652762276,0.011858304272824726,0.12134738971063129,45,48
ABBV,2019-02-27,80.13999938964844,80.13999938964844,78.80000305175781,79.41000366210938,64.27984619140625,4175500,False,-0.0137572786516152,52.26961235982177,79.8669994354248,80.66315066359708,-1.0846339762449446,1.3442862374441964,0.013205470968043283,0.13604772482370023,44,48
ABBV,2019-02-28,79.45999908447266,79.70999908447266,78.75,79.23999786376953,64.14224243164062,6310800,False,-0.0021429929056939,50.47618751044499,79.8759994506836,80.52761230170874,-1.0732410459321358,1.312143053327288,0.010734808725905385,0.10908776282379264,45,48
ABBV,2019-03-01,79.7699966430664,80.8499984741211,79.27999877929688,80.0999984741211,64.83838653564453,8567900,False,0.0107946576070017,52.78858304298477,79.86649932861329,80.48688717527182,-0.9834802564461144,1.3578572954450334,0.009069361893455724,0.09091434253593639,46,48
ABBV,2019-03-04,80.4000015258789,80.7300033569336,79.11000061035156,79.45999908447266,64.3203353881836,5872500,True,-0.0080219735512973,48.12123039249232,79.81449928283692,80.38908830948141,-0.9530011817330432,1.4014287676130022,0.00949503562231939,0.0955593107387098,46,48
ABBV,2019-03-05,79.37999725341797,79.9000015258789,78.72000122070312,78.91000366210938,63.87511444091797,5933100,False,-0.0069459990647412,44.09724644425469,79.83349952697753,80.2482231049698,-0.9621354311722,1.375,0.00925187757271771,0.09290596069133128,46,48
ABBV,2019-03-06,79.12999725341797,79.12999725341797,77.55999755859375,78.08999633789062,63.21135330200195,5293200,False,-0.0104459142871141,34.302324034062536,79.75349922180176,80.04267769858131,-1.0237410777511258,1.387857164655413,0.008465204084608472,0.08432174914511538,46,48
ABBV,2019-03-07,77.7699966430664,79.12000274658203,77.44000244140625,78.23999786376953,63.332763671875,6642500,False,0.0019188629235322,36.55662838778867,79.7114990234375,79.87099390478971,-1.0483751112941349,1.4314286368233815,0.008798620552830927,0.08796000254945062,46,48
ABBV,2019-03-08,77.66999816894531,78.04000091552734,77.08999633789062,77.58000183105469,62.79853439331055,6189100,False,-0.0084710532816319,31.441573680769334,79.63199920654297,79.6528041834816,-1.1083772414798003,1.4035720825195312,0.004816400302194564,0.04450586106408182,48,48
ABBV,2019-03-11,77.56999969482422,78.30999755859375,77.2699966430664,78.08000183105469,63.203243255615234,8078100,True,0.0064238816561191,36.414287862555405,79.55249938964843,79.50301348325047,-1.1028703378761977,1.3857154846191406,0.007291766354755154,0.0715171512253575,47,48
ABBV,2019-03-12,78.4800033569336,79.13999938964844,78.05000305175781,78.73999786376953,63.73749923706055,6128800,False,0.0084174572394428,43.13940770443175,79.5009994506836,79.4303453290142,-1.033338233151099,1.3592867170061385,0.008598654227889233,0.08577796227306535,46,48
ABBV,2019-03-13,78.91999816894531,79.30000305175781,78.1500015258789,78.93000030517578,63.89130783081055,5984500,False,0.0024102500327889,51.11662648458362,79.4509994506836,79.38269342198197,-0.9519286887312148,1.306429726736886,0.0065282941837200206,0.06318611334893648,47,48
ABBV,2019-03-14,79.0,80.4000015258789,78.41000366210938,79.94999694824219,64.71694946289062,6161800,False,0.0128398128147853,49.551858845549305,79.40899925231933,79.43672232924484,-0.7959308383715182,1.309286390032087,0.008078687864217714,0.08010406919017918,46,48
ABBV,2019-03-15,80.05999755859375,81.45999908447266,79.11000061035156,81.33999633789062,65.84211730957031,12751100,False,0.0172365770007316,55.87903351892781,79.44999923706055,79.61798652054443,-0.5537567212417258,1.424285888671875,0.0057424300726067485,0.05461073375582314,47,48
ABBV,2019-03-18,81.33999633789062,81.75,80.27999877929688,80.6500015258789,65.2835922241211,5550100,True,-0.0085189771746541,50.744678088040025,79.43999938964843,79.71627366390962,-0.412750868366146,1.4692856924874442,0.010017946959887331,0.10126533949072311,45,48
ABBV,2019-03-19,80.33000183105469,81.29000091552734,79.51000213623047,80.81999969482422,65.42120361328125,6335500,False,0.0021056831025178,58.323477565329554,79.45499954223632,79.82139042875863,-0.2840113762159149,1.474285670689174,0.010109558428527019,0.10226500738184874,45,48
ABBV,2019-03-20,80.72000122070312,80.91000366210938,80.05999755859375,80.43000030517578,65.10551452636719,5360900,False,-0.0048371660141149,56.84697466405154,79.47699966430665,79.8793532741317,-0.2110215672814064,1.4664290291922433,0.011084700066592294,0.11290579067403138,45,48
ABBV,2019-03-21,79.87999725341797,81.30999755859375,79.26000213623047,81.23999786376953,65.76118469238281,5159200,False,0.0100205118074606,56.597230807269135,79.60149955749512,80.00893847314482,-0.0868158254958046,1.4978572300502233,0.010567318243715075,0.10726010020031336,45,48
ABBV,2019-03-22,80.77999877929688,81.98999786376953,79.69000244140625,79.76000213623047,64.56316375732422,4992500,False,-0.0183857383045901,51.58229783672419,79.58849983215332,79.98523025058155,-0.1065766177410409,1.5464281354631697,0.010745883471584165,0.10920861087722798,45,48
ABBV,2019-03-25,79.5,80.04000091552734,78.41000366210938,79.51000213623047,64.36080169677734,4008400,True,-0.0031392491849283,53.26797086863042,79.54949989318848,79.93997043016716,-0.1407871915201752,1.578570774623326,0.010435522127494289,0.10582193587965205,45,48
ABBV,2019-03-26,79.8499984741211,81.19000244140625,79.80000305175781,80.76000213623047,65.37263488769531,4921900,False,0.0155989656133389,63.89184176868988,79.56199989318847,80.01806868788748,-0.0662708354608554,1.586427961077009,0.013368961300666195,0.13783173766029577,44,48
ABBV,2019-03-27,81.0,81.0,79.80000305175781,79.88999938964844,64.66839599609375,4006200,False,-0.010831131859298,57.98647090668855,79.58599967956543,80.0058716118647,-0.076535780321663,1.5521420070103236,0.014140947563722283,0.1462556816383416,44,48
ABBV,2019-03-28,80.33000183105469,80.48999786376953,79.5,79.95999908447266,64.72505950927734,3071000,False,0.000875832809077,62.21766685805463,79.62199974060059,80.00150279973212,-0.0781218921745363,1.540713174002511,0.012834087581958918,0.13199517494235036,44,48
ABBV,2019-03-29,80.08000183105469,80.9000015258789,79.95999908447266,80.58999633789062,65.23502349853516,7105900,False,0.0078480498768968,62.71529700590101,79.64649963378906,80.05754980336626,-0.0282181032717971,1.5335704258510046,0.010141748928696865,0.10261627136546234,45,48
ABBV,2019-04-01,80.9800033569336,81.11000061035156,79.97000122070312,80.77999877929688,65.38883209228516,4759400,True,0.0023549858353052,60.8510845524826,79.71249961853027,80.1263544677406,0.0263587705763939,1.537142072405134,0.009725256798965682,0.09807149312774702,46,48
ABBV,2019-04-02,80.88999938964844,83.48999786376953,80.80000305175781,83.06999969482422,67.24250793457031,6355800,False,0.0279541253318597,68.00002122964773,79.92049942016601,80.40670163222475,0.2514961804359785,1.6485704694475447,0.014208997718902472,0.14699824756518323,44,48
ABBV,2019-04-03,83.62000274658203,84.7300033569336,82.79000091552734,83.08000183105469,67.25059509277344,6083500,False,0.0001202613075442,64.91900761049178,80.16999969482421,80.66130165116094,0.4258177268863932,1.644999367850167,0.011648573262208061,0.11905879680627107,45,48
ABBV,2019-04-04,83.04000091552734,83.37999725341797,82.06999969482422,82.80999755859375,67.03203582763672,4827900,False,-0.003255215609558,57.84419416615641,80.39849967956543,80.86593935663073,0.5360030110385594,1.5707135881696428,0.012388208775427621,0.12712972815013887,44,48
ABBV,2019-04-05,82.81999969482422,84.18000030517578,82.66999816894531,83.44999694824219,67.55010223388672,3996300,False,0.007698926063672,65.02143516119553,80.6919994354248,81.11204007964135,0.6672762988102079,1.573570796421596,0.01238584931224329,0.1271039815965611,44,48
ABBV,2019-04-08,83.69999694824219,84.0,82.77999877929688,83.9800033569336,67.97911071777344,3499200,True,0.0063308847950111,66.32231958624754,80.98699951171875,81.38517943938346,0.8048011660048644,1.5335709708077567,0.012140314046418537,0.12442469127375903,45,48
ABBV,2019-04-09,83.7699966430664,83.77999877929688,82.5,82.69000244140625,66.93490600585938,3712700,False,-0.0154798676781835,60.68052984583301,81.18449974060059,81.50944829671897,0.8004709898787752,1.578570774623326,0.009292285701128463,0.09334689575232877,46,48
ABBV,2019-04-10,83.19999694824219,83.37999725341797,82.5999984741211,82.94999694824219,67.14537811279297,3641900,False,0.0031394963277783,58.52441670920007,81.3854995727539,81.64664340638784,0.8086965277625922,1.487856728690011,0.00947288766761014,0.09531763139980495,46,48
ABBV,2019-04-11,83.19999694824219,83.25,81.2300033569336,81.7699966430664,66.190185546875,9094200,False,-0.0143278939314517,60.32883986287492,81.47649955749512,81.65839133369056,0.7117940441787596,1.4678568158830916,0.011425615342481567,0.116625871357828,45,48
ABBV,2019-04-12,80.66999816894531,81.80999755859375,79.83999633789062,80.77999877929688,66.25582122802734,5011500,False,0.0009911312258276,56.06492631118722,81.44849967956543,81.57473489993878,0.5487874933302948,1.492142813546317,0.010258877330606913,0.10389438101992986,45,48
ABBV,2019-04-15,80.95999908447266,81.51000213623047,80.37000274658203,81.02999877929688,66.46086883544922,3495500,True,0.0030900073001489,51.4255353259972,81.46749954223633,81.52285526940146,0.4347648396076238,1.453571319580078,0.009529770619507062,0.09593834037225299,46,48
ABBV,2019-04-16,81.11000061035156,81.30000305175781,80.0199966430664,80.20999908447266,65.7883071899414,3624700,False,-0.0101712156393905,51.69851113510256,81.43699951171875,81.39782134702729,0.2750631855129199,1.4592862810407363,0.008207008556685377,0.08150430955234882,46,48
ABBV,2019-04-17,80.0999984741211,80.19999694824219,77.55000305175781,77.9800033569336,63.95925521850586,6817100,False,-0.0281958768505202,41.45079700147712,81.31449966430664,81.07231487178026,-0.0310852133166719,1.5785718645368303,0.012665098580807183,0.1301511604219719,44,48
ABBV,2019-04-18,78.05999755859375,78.20999908447266,76.80999755859375,77.56999969482422,63.62295913696289,7784900,False,-0.0052718454858807,36.70777089535849,81.13099975585938,80.73876104540349,-0.3032976673449781,1.611428941999163,0.012488194830910461,0.12822077985699035,44,48
ABBV,2019-04-22,77.5999984741211,79.0999984741211,77.5,78.1500015258789,64.09868621826172,5358600,True,0.0074494699782087,38.80852959261657,81.0504997253418,80.49221251973448,-0.4668451970283769,1.6442860194614954,0.013894075555418394,0.14356180472987579,44,48
ABBV,2019-04-23,78.1500015258789,79.66000366210938,77.75,78.66000366210938,64.5169906616211,9920600,False,0.0065047423212499,27.883690481018743,81.00799980163575,80.3177164380559,-0.5489766217017831,1.5871434892926897,0.014558701364698988,0.15081422728151428,43,40
ABBV,2019-04-24,79.2300033569336,79.58999633789062,78.44000244140625,78.66999816894531,64.52518463134766,7056400,False,0.0001269967701486,27.88363529508996,80.90349960327148,80.1607908886168,-0.6062711775620926,1.5307143075125558,0.01453835316215107,0.15059218690784362,43,40
ABBV,2019-04-25,80.05000305175781,80.47000122070312,76.91000366210938,79.33999633789062,65.07471466064453,10442900,False,0.0084804591011047,33.26903155936952,80.8759994506836,80.08261997902383,-0.5908038539748333,1.6914285932268416,0.005868248279931065,0.05598366690326335,47,48
ABBV,2019-04-26,79.66999816894531,80.6500015258789,79.4000015258789,79.69999694824219,65.37001037597656,5790000,False,0.0045275302573762,31.417238052318467,80.86299934387208,80.04617969037795,-0.543234775649367,1.677143096923828,0.0032967478787218063,0.027923355009170283,48,48
ABBV,2019-04-29,80.45999908447266,80.9800033569336,79.91000366210938,80.30000305175781,65.86212921142578,6444500,True,0.0075000094307253,31.889755205974964,80.84849967956544,80.0703533438427,-0.4519111102917179,1.681429181780134,0.0033046022702377838,0.028009062433354624,48,48
ABBV,2019-04-30,80.68000030517578,80.69000244140625,78.68000030517578,79.38999938964844,65.11573791503906,9367400,False,-0.0113973359375092,33.12881664799623,80.77899971008301,80.00555772915753,-0.4478041305895459,1.7192862374441964,0.008085718611419022,0.08018078897572713,46,48
ABBV,2019-05-01,79.5999984741211,79.68000030517578,78.61000061035156,78.88999938964844,64.70563507080078,5231700,False,-0.0063179767548635,29.74053978324001,80.56999969482422,79.89931407777571,-0.4793692703603369,1.7400005885532923,0.008901167562155607,0.08907899948373219,46,48
ABBV,2019-05-02,78.7300033569336,78.77999877929688,77.5999984741211,78.47000122070312,64.36115264892578,5206300,False,-0.005338061726958,32.18145431386135,80.33949966430664,79.76318904376879,-0.5321410227420955,1.6878580365862166,0.007917478530703473,0.07834494670413125,46,48
ABBV,2019-05-03,78.72000122070312,78.80000305175781,78.25,78.70999908447266,64.55799865722656,4527300,False,0.0030537923851155,37.8378426838966,80.13449974060059,79.66288523812153,-0.5482769988915663,1.5864295959472656,0.007626252783750139,0.07516708008304968,46,48
ABBV,2019-05-06,77.75,79.5199966430664,77.33999633789062,79.26000213623047,65.00910949707031,5413200,True,0.0069633824368406,39.95462201611612,79.925,79.62451541889381,-0.5107960872001769,1.66071537562779,0.007452127928531953,0.07326702292434248,47,48
ABBV,2019-05-07,78.5999984741211,78.98999786376953,77.16999816894531,77.94999694824219,63.93463897705078,4275300,False,-0.0166661106562039,37.84946483550471,79.62349967956543,79.46503746930794,-0.5801115008746365,1.7185723440987724,0.009178383621740603,0.09210399185408084,46,48
ABBV,2019-05-08,77.94999694824219,78.88999938964844,77.31999969482422,77.98999786376953,63.96743392944336,3820700,False,0.0005128134730897,50.07028470132758,79.3884994506836,79.3245575068757,-0.6246165354108655,1.6407154628208704,0.009192389350154396,0.09225682290454856,46,48
ABBV,2019-05-09,77.51000213623047,78.12999725341797,76.7300033569336,77.91000366210938,63.9018440246582,3792200,False,-0.0010258900587709,52.50740151845064,79.13649978637696,79.18983809308844,-0.6587483188932168,1.6407149178641185,0.009036455762467813,0.09055526956114142,46,48
ABBV,2019-05-10,77.44999694824219,77.7300033569336,75.62000274658203,77.44999694824219,63.52454376220703,4731800,False,-0.0059218717821071,44.74471928801603,78.92049980163574,79.02413893643642,-0.7146783336235671,1.6900008065359933,0.008811172051929593,0.08809696499335357,46,48
ABBV,2019-05-13,76.30000305175781,77.30000305175781,76.16999816894531,76.87000274658203,63.04882049560547,3858400,True,-0.0075169923697264,36.70133712724531,78.725,78.81898310883123,-0.7966210070219688,1.645000457763672,0.006766745856323152,0.06578810722837182,47,48
ABBV,2019-05-14,77.16000366210938,79.36000061035156,77.0,78.44000244140625,64.3365478515625,6365200,False,0.0202185108019412,48.612813688352894,78.59550018310547,78.78288971193362,-0.7265006642908816,1.7407150268554688,0.011111068431240684,0.1131935232895204,45,48
ABBV,2019-05-15,78.51000213623047,79.1500015258789,77.4800033569336,78.77999877929688,64.61540985107422,4795700,False,0.0043250593350002,46.4824303626643,78.52400016784668,78.78261438501583,-0.6361616489941468,1.605715070452009,0.01117814834070272,0.11392550185753739,45,48
ABBV,2019-05-16,78.9800033569336,80.75,78.70999908447266,79.5,65.2059555053711,5404700,False,0.0090978819400042,48.79809632102117,78.6,78.85093682453814,-0.5006975179905595,1.6578576224190849,0.011404062883569278,0.11639069009210504,45,48
ABBV,2019-05-17,78.52999877929688,80.08000183105469,78.0199966430664,79.45999908447266,65.17315673828125,4756400,False,-0.0005031291779382,44.5876047935394,78.69449996948242,78.9089427540557,-0.3920496534230864,1.71357182094029,0.010437116109489133,0.1058393294728663,45,48
ABBV,2019-05-20,79.0199966430664,80.38999938964844,78.91000366210938,79.81999969482422,65.46842193603516,4395500,True,0.00452024085291,52.981971981812194,78.77799987792969,78.99571008174793,-0.2737408828829473,1.6757142203194757,0.007863173733619114,0.07775237065677153,46,48
ABBV,2019-05-21,80.33000183105469,81.5,80.31999969482422,80.87999725341797,66.33782196044922,4841900,False,0.0131922829694283,62.80565459153265,78.88899955749511,79.17516600285936,-0.0933710621686998,1.7192856924874442,0.005208925982224228,0.048789116475161584,48,48
ABBV,2019-05-22,80.51000213623047,81.75,79.87999725341797,81.58999633789062,66.92017364501953,4219500,False,0.0087402694177629,69.35481428192799,79.03499946594238,79.4051498442909,0.1056464857239518,1.760714394705636,0.00520143526870263,0.04870737751932612,48,48
ABBV,2019-05-23,80.38999938964844,81.62999725341797,80.31999969482422,81.1500015258789,66.55929565429688,3299100,False,-0.0054072565902244,64.77000038793557,79.1254997253418,79.57132619491834,0.2252686651862205,1.814999716622489,0.007347698256298664,0.07212748229954383,47,48
ABBV,2019-05-24,81.08999633789062,81.0999984741211,79.87000274658203,80.05999755859375,65.66525268554688,3872700,False,-0.0135233072093894,54.54543090062448,79.14349975585938,79.61786632479219,0.2294706982557386,1.750713893345424,0.010858898325450105,0.11044183333624542,45,48
ABBV,2019-05-28,80.0,80.0999984741211,77.91999816894531,78.02999877929688,64.00025939941406,6557800,True,-0.0256827706633359,50.42017816900732,79.02999954223633,79.46664084426882,0.0682106141554044,1.7571422031947546,0.015962988715968095,0.1661378652039547,43,40
ABBV,2019-05-29,77.56999969482422,78.27999877929688,77.0999984741211,78.05999755859375,64.02485656738281,4182200,False,0.0003842553562345,50.36803255212825,78.9634994506836,79.33267481706167,-0.0565170204995979,1.7292851039341517,0.013194428840458575,0.1359272327001697,44,48
ABBV,2019-05-30,78.5199966430664,78.58999633789062,77.12999725341797,77.61000061035156,63.65576934814453,3533100,False,-0.0057814291659444,48.48176433794856,78.89949951171874,79.16861060689881,-0.1894912256247067,1.7335711887904577,0.010063366217365272,0.10176095618603058,45,48
ABBV,2019-05-31,77.30999755859375,77.56999969482422,76.4000015258789,76.70999908447266,62.91759490966797,4003200,False,-0.0116641097742542,46.414733625054616,78.81149940490722,78.9344571285725,-0.3633088445179027,1.6564282008579798,0.009732746092071922,0.09815321658395514,46,48
ABBV,2019-06-03,76.62999725341797,76.83999633789062,73.80999755859375,75.69999694824219,62.08919906616211,8434400,True,-0.0132538071522737,44.55810870369043,78.6609992980957,78.62641330187438,-0.5759204389110977,1.7814282008579798,0.009717767862470748,0.09798977356289527,46,48
ABBV,2019-06-04,76.13999938964844,77.44000244140625,75.9000015258789,76.75,62.95039367675781,6447100,False,0.0137749685404958,41.73996506735199,78.53549919128417,78.44770727312444,-0.6521723513135669,1.7278573172433036,0.010958125593330034,0.11152460512340912,45,48
ABBV,2019-06-05,77.41000366210938,78.16999816894531,76.66000366210938,77.05999755859375,63.20466232299805,3804400,False,0.0040310550938228,41.56861894454027,78.49099922180176,78.31554444316913,-0.6797525646035893,1.716428484235491,0.01137861365364261,0.11611298711026961,45,48
ABBV,2019-06-06,77.16000366210938,77.72000122070312,76.86000061035156,77.06999969482422,63.212867736816406,4032800,False,0.0001298144937019,37.19704503594821,78.44499931335449,78.19692113380295,-0.6928166346374525,1.6321427481515067,0.011269216823382888,0.11491924466485938,45,48
ABBV,2019-06-07,77.48999786376953,78.37999725341797,77.08000183105469,77.43000030517578,63.50812911987305,4829100,False,0.0046600314817981,39.65341852955633,78.4209991455078,78.12388105488607,-0.6664386734719869,1.578570774623326,0.009822684033816073,0.09913462288483181,46,48
ABBV,2019-06-10,77.45999908447266,77.75,76.5999984741211,76.94999694824219,63.11442947387695,3969400,True,-0.0062184956465029,35.548828507658214,78.39599914550782,78.01208256853903,-0.6764683030439187,1.554999760219029,0.007293111839159107,0.07153183320324318,47,48
ABBV,2019-06-11,77.48999786376953,78.9000015258789,77.48999786376953,78.16999816894531,64.11508178710938,4210200,False,0.0157302018473185,36.57087205684313,78.46099891662598,78.0271221495301,-0.5792951997402582,1.5742857796805243,0.008013647589928952,0.07939434720010607,46,48
ABBV,2019-06-12,78.25,79.25,78.18000030517578,78.56999969482422,64.44317626953125,4165700,False,0.0051042258926814,34.56035447797579,78.46749877929688,78.07882477289144,-0.4646518181673968,1.5178571428571428,0.008040179739097474,0.07968386703861717,46,48
ABBV,2019-06-13,78.93000030517578,79.19999694824219,78.30000305175781,78.94999694824219,64.75484466552734,2924900,False,0.0048246714355337,38.68311432857072,78.47599868774414,78.16179355149627,-0.3392231563414327,1.4885711669921875,0.007761882608517887,0.07664707797973852,46,48
ABBV,2019-06-14,78.94999694824219,79.33999633789062,78.20999908447266,78.69000244140625,64.54158782958984,4075900,False,-0.0032987302929212,42.29474009423033,78.43549880981445,78.21209916005913,-0.2578273488311851,1.4778567722865514,0.008576262617227968,0.08553362415098271,46,48
ABBV,2019-06-17,78.4000015258789,79.05000305175781,78.4000015258789,78.6500015258789,64.5087890625,3083200,True,-0.0005083095235511,54.49277253241662,78.39499893188477,78.25380414728006,-0.1943084575893721,1.368571145193917,0.007287100367302194,0.07146623578969885,47,48
ABBV,2019-06-18,78.87999725341797,79.19999694824219,77.01000213623047,78.25,64.18070220947266,5433500,False,-0.0050989021808437,51.30675605051559,78.31649894714356,78.25344184753911,-0.1742375567425256,1.440713609967913,0.0046438155774523706,0.042622609868731114,48,48
ABBV,2019-06-19,78.4000015258789,78.4800033569336,77.29000091552734,77.61000061035156,63.65576934814453,6147300,False,-0.0082126142150053,50.0,78.15299911499024,78.19216172971173,-0.2075809611593371,1.4214281354631697,0.004940530581105673,0.04586037547135492,48,48
ABBV,2019-06-20,78.23999786376953,79.16999816894531,78.08000183105469,78.33999633789062,64.2545166015625,5347000,False,0.0093620559475804,61.179677974704745,77.99049911499023,78.20624121620496,-0.1731058386490502,1.4464280264718192,0.006711953294416858,0.06519020867239882,47,48
ABBV,2019-06-21,78.1500015258789,79.08000183105469,76.43000030517578,78.77999877929688,64.61540985107422,10516900,False,0.0056009063229121,72.91667612771968,77.87199897766114,78.26088479364228,-0.1090227890641415,1.4192853655133928,0.007288022799879982,0.07147630140968546,47,48
ABBV,2019-06-24,78.41000366210938,79.30999755859375,77.8499984741211,78.44999694824219,64.34473419189453,5182700,True,-0.004197824974057,64.16664123535156,77.79149894714355,78.27889547503275,-0.0838977790283195,1.399284907749721,0.007562886421651744,0.07447562388757764,47,48
ABBV,2019-06-25,70.47000122070312,70.66999816894531,65.05999755859375,65.69999694824219,53.88719177246094,90131800,False,-0.1773622797308438,19.19739938633859,77.17499885559081,77.08090513914794,-1.080350859153782,2.247856685093471,0.07992148502955515,0.8640554521475505,15,16
ABBV,2019-06-26,67.23999786376953,68.41000366210938,66.80000305175781,68.0,55.77363967895508,42093800,False,0.0344085303574659,28.1234968015802,76.67199897766113,76.21605703065767,-1.665259999178474,2.37999997820173,0.08556167275397546,0.9256013988695669,12,16
ABBV,2019-06-27,68.16000366210938,70.5999984741211,68.0999984741211,70.0,57.4140510559082,22129200,False,0.0289877147029953,33.3929383260558,76.29149894714355,75.62405159916646,-1.9450006644493527,2.472142900739397,0.08802914436486783,0.9525265445778471,11,8
ABBV,2019-06-28,70.58000183105469,72.73999786376953,70.33000183105469,72.72000122070312,59.6450080871582,21381500,False,0.0381213930384546,41.4059414412208,76.09199905395508,75.34747537264616,-1.9250252972471031,2.5857140677315846,0.09174845487257006,0.9931118047738107,10,8
ABBV,2019-07-01,73.5,73.8499984741211,72.27999877929688,73.4000015258789,60.202735900878906,18010900,True,0.0093073398184514,40.091406930736056,75.97699928283691,75.16200167295405,-1.833192431963539,2.5585708618164062,0.09237970219635631,1.0,10,8
ABBV,2019-07-02,73.19999694824219,74.25,72.31999969482422,74.2300033569336,60.88350296020508,12862200,False,0.0112444525257388,41.14286461654975,75.85099945068359,75.07323992857114,-1.6741415517630711,2.6192850385393416,0.013326198722949005,0.13736511075735014,44,48
ABBV,2019-07-03,74.3499984741211,74.97000122070312,73.77999877929688,74.95999908447266,61.482234954833984,7434100,False,0.0097860198943421,41.97183479120787,75.74599952697754,75.06245508627606,-1.4722172251725285,2.6399999346051897,0.013258754095405842,0.13662915237151743,44,48
ABBV,2019-07-05,74.6500015258789,74.79000091552734,72.61000061035156,72.98999786376953,59.8664436340332,10854900,True,-0.0266321288570059,39.26957179169804,75.5419994354248,74.8650782079421,-1.4543880954477544,2.727142878941127,0.02302954896840201,0.24324844415173555,40,40
ABBV,2019-07-08,72.5199966430664,73.0,70.87999725341797,71.22000122070312,58.41469192504883,13487400,True,-0.0245487094498374,36.86815117581399,75.23149948120117,74.51792801868125,-1.565041494164987,2.8321429661342075,0.019582221199624102,0.20563107012854392,41,40
ABBV,2019-07-09,71.18000030517578,72.44999694824219,70.88999938964844,71.23999786376953,58.43110656738281,11832500,False,0.0002809624762506,37.44177152871384,74.94599952697754,74.20574419440393,-1.6323053479106449,2.7871431623186385,0.01841029609334027,0.19284297801571423,42,40
ABBV,2019-07-10,71.58000183105469,71.73999786376953,70.95999908447266,71.6500015258789,58.76738357543945,9170400,False,0.0057386051730023,39.23410581870871,74.61999969482422,73.96234013073489,-1.6336963332364292,2.757857186453683,0.017251119271030603,0.18019399567096445,42,40
ABBV,2019-07-11,72.30000305175781,72.4000015258789,69.8499984741211,71.23999786376953,58.43110656738281,13001000,False,-0.0057386051730023,37.02486049728802,74.25349960327148,73.70306943864294,-1.6488753593637997,2.8285718645368303,0.01466025298017595,0.15192236243960816,43,40
ABBV,2019-07-12,70.30000305175781,70.30000305175781,68.54000091552734,70.27999877929688,58.52270126342773,12903000,False,0.001566340018687,34.75610023074263,73.81999969482422,73.3770627091814,-1.7185582799131112,2.8321429661342075,0.01191599659844449,0.12197693060046544,45,48
ABBV,2019-07-15,70.30999755859375,71.0199966430664,69.69999694824219,70.2699966430664,58.51435852050781,10253300,True,-0.0001425658325567,35.15965390902586,73.39899940490723,73.08115165526569,-1.754366342152025,2.822143009730748,0.00411808933940916,0.03688586481379606,48,48
ABBV,2019-07-16,70.1500015258789,70.30000305175781,69.12999725341797,69.16000366210938,57.59007263183594,10141600,False,-0.0159219662100543,60.86685650698291,72.92449951171875,72.7077089892508,-1.8509747615648136,1.9492863246372767,0.008363707585986752,0.08321421542427888,46,48
ABBV,2019-07-17,69.33000183105469,69.86000061035156,68.30999755859375,68.31999969482422,56.89059448242188,12205000,False,-0.0122201743159306,51.1064997063791,72.42799949645996,72.28983191359113,-1.9725802526652103,1.8664289202008928,0.0075424797605118535,0.07425294561148904,47,48
ABBV,2019-07-18,68.56999969482422,68.94999694824219,68.0,68.25,56.83230209350586,8573300,False,-0.0010251654816472,43.01675909621197,71.95999946594239,71.90508601705864,-2.0509596842806843,1.7485716683523995,0.00794395473072481,0.07863385602338306,46,48
ABBV,2019-07-19,68.13999938964844,68.81999969482422,68.0999984741211,68.54000091552734,57.07378768920898,9806900,False,0.0042400886196059,29.306926056048116,71.46999969482422,71.5846017216747,-2.065861334771739,1.6042861938476562,0.008605122063979165,0.08584853955078152,46,48
ABBV,2019-07-22,68.5,68.75,67.83999633789062,68.0,56.624114990234375,9961800,True,-0.0079099971586191,22.89155611320612,70.93099975585938,71.24321108151521,-2.09707083386212,1.5571436200823103,0.008197293871845677,0.08139830253542336,46,48
ABBV,2019-07-23,68.0,68.44000244140625,67.5999984741211,67.7300033569336,56.39928817749024,8025300,False,-0.0039784169116418,15.425509465325192,70.39500007629394,70.9086198696503,-2.119162671241796,1.4792867388044084,0.006313651533577109,0.06084392444398725,47,48
ABBV,2019-07-24,67.7699966430664,67.88999938964844,66.76000213623047,67.45999908447266,56.17446899414063,12595300,False,-0.0039941721389442,8.053702730196008,70.48300018310547,70.58017979487147,-2.1338598912513334,1.4750006539481026,0.004507899884571224,0.04113949256812588,48,48
ABBV,2019-07-25,67.45999908447266,67.87000274658203,66.5,66.66000366210938,55.508296966552734,12403500,False,-0.0119298608469558,9.266428980321647,70.41600036621094,70.20682968698937,-2.1848746142250803,1.405000959123884,0.005989949543303255,0.057311675798973775,47,48
ABBV,2019-07-26,67.63999938964844,69.13999938964844,67.37000274658203,67.76000213623047,56.42428207397461,12259300,False,0.0163670946056932,25.633804027676437,70.30400047302246,69.97379849167899,-2.1121953922464485,1.4307147434779577,0.01093564600702761,0.11127930700772554,45,48
ABBV,2019-07-29,67.87000274658203,68.41000366210938,66.87999725341797,67.18000030517578,55.94131088256836,10117300,True,-0.0085964778535735,23.498723122831198,70.0270004272461,69.70772247391679,-2.077450331438527,1.428572518484933,0.011027780083170706,0.11228467761215308,45,48
ABBV,2019-07-30,66.91999816894531,67.52999877929688,66.26000213623047,67.18000030517578,55.94131088256836,8143700,False,0.0,19.172405374461206,69.71600036621093,69.46698702927479,-2.026553770048409,1.4635723658970423,0.011031325497936395,0.11232336531528249,45,48
ABBV,2019-07-31,66.91000366210938,67.37999725341797,65.62999725341797,66.62000274658203,55.47499084472656,11300000,False,-0.0083708174396802,18.783791028649432,69.33550033569335,69.19584566901834,-2.0082550867952733,1.4064292907714844,0.011432113686269087,0.11669678153672086,45,48
ABBV,2019-08-01,66.93000030517578,67.19999694824219,65.11000061035156,65.80000305175781,54.79217147827149,13106700,False,-0.0123849762712982,19.14601158912211,68.87750053405762,68.8724320864221,-2.036445494810309,1.3628578186035156,0.011527320536850624,0.11773568237473588,45,48
ABBV,2019-08-02,65.5,65.79000091552734,65.02999877929688,65.3499984741211,54.41744995117188,9653900,False,-0.0068624539260491,18.051947279872067,68.4955005645752,68.53696221858391,-2.0712224418152374,1.3235724312918526,0.004531822446634602,0.04140053649115562,48,48
ABBV,2019-08-05,64.9800033569336,66.12000274658203,64.54000091552734,65.2300033569336,54.31752014160156,11618800,True,-0.0018380441475025,20.715343953846144,68.19600067138671,68.22201375556959,-2.0844379231267567,1.3528578622000558,0.0050098721761467355,0.04661703363993662,48,48
ABBV,2019-08-06,65.2699966430664,65.83999633789062,64.29000091552734,64.7699966430664,53.93447113037109,10248700,False,-0.0070770173454125,21.958909756221036,67.87250061035157,67.89325022104548,-2.1077333466493826,1.3528573172433036,0.0037774839951637126,0.03316916611609112,48,48
ABBV,2019-08-07,64.37999725341797,64.9000015258789,63.310001373291016,64.45999908447266,53.67633438110352,10532100,False,-0.0047976082544723,21.156764904319036,67.51300048828125,67.56627392232426,-2.126694143580295,1.3985718318394251,0.003862864844037646,0.0341008452432102,48,48
ABBV,2019-08-08,64.79000091552734,65.44999694824219,64.33000183105469,65.44999694824219,54.5007209777832,7427400,False,0.0152417266921597,28.748243506878534,67.22350044250489,67.36472373431644,-2.0383394495521685,1.427142824445452,0.009356736978408702,0.0940501905842509,46,48
ABBV,2019-08-09,65.37000274658203,66.87000274658203,64.29000091552734,65.58000183105469,54.60897445678711,10893500,False,0.0019843060526042,32.3615309502043,66.98850059509277,67.19475021972009,-1.9355159869462,1.5464284079415458,0.008807079324575341,0.08805230499407696,46,48
ABBV,2019-08-12,65.23999786376953,65.4800033569336,64.08000183105469,64.52999877929688,53.734619140625,5258900,True,-0.016140766050239,29.0575809049612,66.7015007019043,66.94096436825122,-1.9166600589826568,1.5935709817068917,0.011689644970125935,0.11950697287253054,45,48
ABBV,2019-08-13,64.86000061035156,65.93000030517578,64.63999938964844,65.01000213623047,54.13433074951172,7082500,False,0.0074110935312231,34.39493602976336,66.49400062561035,66.75706320329685,-1.8417537500936303,1.6128570011683874,0.011958022733925966,0.12243552141723492,45,48
ABBV,2019-08-14,64.5,64.98999786376953,63.5,63.5,52.87693786621094,9373300,False,-0.0235012774186066,31.54206232207761,66.25300064086915,66.44686670774477,-1.8825338351922056,1.622856957571847,0.016270962413140952,0.16949848610597107,43,40
ABBV,2019-08-15,64.12000274658203,64.23999786376953,62.65999984741211,62.97999954223633,52.44392395019531,9195700,False,-0.008222803125222,20.050164610096104,65.98950061798095,66.11668888245826,-1.9345121852740303,1.5585714067731584,0.012681984933511201,0.13033542495617365,44,48
ABBV,2019-08-16,63.5099983215332,64.80999755859375,63.06999969482422,64.43000030517578,53.65135955810547,8348100,False,0.0227623264848174,34.46330094509517,65.78400058746338,65.95605187509803,-1.837520664388279,1.5799993787493023,0.018647381583534937,0.19543006405983768,42,40
ABBV,2019-08-19,65.04000091552734,66.87999725341797,64.97000122070312,66.55999755859375,55.425025939941406,9826300,True,0.0325244135146308,47.17667519935074,65.71200046539306,66.01357051162142,-1.570675439326067,1.664285114833287,0.022687745290823517,0.23951866919432538,40,40
ABBV,2019-08-20,67.37999725341797,68.45999908447266,66.33000183105469,66.41000366210938,55.30011749267578,12037900,False,-0.0022561903535079,49.00662753567119,65.64600048065185,66.05132604976313,-1.355674557423356,1.691427775791713,0.022968362930376674,0.24258077973692646,40,40
ABBV,2019-08-21,67.33999633789062,67.91999816894531,66.5999984741211,67.54000091552734,56.24107360839844,7615700,False,0.0168723039179188,57.996310123528815,65.65000057220459,66.19310460840734,-1.0816350592790656,1.6499990735735213,0.01712056353260313,0.17876936640078592,42,40
ABBV,2019-08-22,67.87000274658203,68.02999877929688,66.80999755859375,67.5199966430664,56.224422454833984,6495700,False,-0.0002961113278113,60.38276181040708,65.69300022125245,66.31947527837487,-0.8562012057238348,1.6821417127336775,0.014973259371771247,0.1553379002979256,43,40
ABBV,2019-08-23,67.27999877929688,67.79000091552734,65.4800033569336,65.97000122070312,54.93373107910156,8904700,False,-0.02322365645898,53.11446784352812,65.60350017547607,66.28619203478708,-0.7934683204690884,1.7342842647007533,0.02106798730429225,0.2218438073612718,41,40
ABBV,2019-08-26,66.43000030517578,66.93000030517578,66.08000183105469,66.45999908447266,55.34174728393555,4841100,True,0.0073999781781406,57.09489086631131,65.56750011444092,66.30274508713809,-0.6961881013452285,1.6921416691371374,0.014861850527111505,0.15412220267351814,43,40
ABBV,2019-08-27,66.66999816894531,66.9800033569336,65.48999786376953,65.66999816894531,54.68390655517578,7591200,False,-0.0119580942232509,54.88296668312826,65.4920000076294,66.24248347588164,-0.6750576539672295,1.6849991934640067,0.01578562028389426,0.16420241400907343,43,40
ABBV,2019-08-28,65.56999969482422,66.37999725341797,65.4000015258789,66.06999969482422,55.01699447631836,6872800,False,0.0060726747296954,52.627129602689685,65.46449985504151,66.22605644911427,-0.6189005418036118,1.6749992370605469,0.013011659469285666,0.13393284624882504,44,48
ABBV,2019-08-29,66.7300033569336,67.02999877929688,65.95999908447266,66.22000122070312,55.14191055297852,6011900,False,0.0022679261412225,52.70727329176109,65.48549976348878,66.22547976069416,-0.5558838730377573,1.5671419416155137,0.013262003527695748,0.1366646103024167,44,48
ABBV,2019-08-30,66.4000015258789,66.43000030517578,65.48999786376953,65.73999786376953,54.74220275878906,6415100,False,-0.0072751109344865,55.37777370876736,65.50499973297119,66.17924338955848,-0.538467846232578,1.527142116001674,0.008518569620627461,0.08490407593938075,46,48
ABBV,2019-09-03,65.77999877929688,65.80000305175781,64.93000030517578,65.4000015258789,54.45907974243164,7915700,True,-0.0051853539492233,51.7551738795736,65.51349964141846,66.10502987873186,-0.5458086402627202,1.4892850603376115,0.007299518328059297,0.07160174105805077,47,48
ABBV,2019-09-04,65.66999816894531,66.41999816894531,64.44000244140625,66.37999725341797,55.2751350402832,9618300,False,0.0148735805623167,63.61059030532039,65.59399967193603,66.13121724774957,-0.4671636357788031,1.5228560311453685,0.00894330639166461,0.08953882002209128,46,48
ABBV,2019-09-05,66.63999938964844,67.30000305175781,66.43000030517578,67.02999877929688,55.8163948059082,5602400,False,0.0097444701553293,68.90758128324285,65.72249965667724,66.21681548884932,-0.3483714035827887,1.4757137298583984,0.009480475223750576,0.09540042710604495,46,48
ABBV,2019-09-06,67.26000213623047,68.12000274658203,67.0,67.62000274658203,56.30769348144531,7502500,False,0.0087635373866962,66.19292084476453,65.83099994659423,66.35045237053815,-0.2042646783627901,1.424999782017299,0.009813945947032322,0.09903927254368684,46,48
ABBV,2019-09-09,67.95999908447266,68.0,66.30999755859375,66.69999694824219,55.541595458984375,10310900,True,-0.0136989695739695,50.81018171029139,65.88699970245361,66.38374233031949,-0.1624235222504353,1.3707144601004464,0.011890050586309047,0.12169380671194258,45,48
ABBV,2019-09-10,66.06999969482422,68.18000030517578,65.6500015258789,68.18000030517578,56.77401351928711,12155700,False,0.0219465048037764,58.87660517497469,66.06949977874756,66.55481451840105,-0.0097280635209813,1.3992859976632257,0.013376207828235724,0.13791081204957237,44,48
ABBV,2019-09-11,68.37999725341797,69.73999786376953,68.05999755859375,69.48999786376953,57.864864349365234,8369100,False,0.0190316544618554,59.60588763227404,66.2934995651245,66.83435578938851,0.2145172215083874,1.4114292689732142,0.013999781356140781,0.14471527051813315,44,48
ABBV,2019-09-12,70.76000213623047,71.16999816894531,70.19000244140625,70.83000183105469,58.98069381713867,9560100,False,0.0190997998813433,64.42895655638532,66.65999965667724,67.21489350764243,0.4946582345597505,1.4442863464355469,0.014705245655728467,0.15241332425643686,43,40
ABBV,2019-09-13,71.1500015258789,71.51000213623047,70.4800033569336,70.51000213623047,58.7142219543457,8135600,False,-0.0045281874135068,72.16794481213013,67.03649978637695,67.52871337703176,0.6829777621831283,1.3528578622000558,0.016328836612927212,0.1701300116137485,43,40
ABBV,2019-09-16,70.37000274658203,70.95999908447266,69.72000122070312,70.58000183105469,58.77251052856445,5992000,True,0.0009922580664107,70.97757878192473,67.3439998626709,67.8193122774149,0.8283223505101205,1.3728577750069757,0.012152614232225151,0.12455891137729337,45,48
ABBV,2019-09-17,70.51000213623047,72.08999633789062,70.36000061035156,71.5999984741211,59.62186813354492,9013500,False,0.014348184195799,79.50245772522823,67.59599990844727,68.17937762948216,1.0141239983555437,1.3899999346051897,0.01090032499755529,0.11089388278545381,45,48
ABBV,2019-09-18,71.68000030517578,71.81999969482422,70.80999755859375,71.2699966430664,59.34708786010742,6252600,False,-0.004619369141479,76.0520602400428,67.83899955749511,68.47372229744256,1.121813188938276,1.3921432495117188,0.011017671997238866,0.11217437778728571,45,48
ABBV,2019-09-19,71.4000015258789,71.91000366210938,71.20999908447266,71.66999816894531,59.6801643371582,5541200,False,0.0055966569050792,76.63729763108672,68.04549942016601,68.77812952329997,1.2253098196479897,1.3657150268554688,0.007940748135656607,0.0785988655339048,46,48
ABBV,2019-09-20,72.0,73.0,72.0,72.38999938964844,60.27969741821289,12968700,False,0.0099956446103103,81.7573825442224,68.28899955749512,69.12211712961887,1.3498692736259557,1.3935721261160714,0.007432198190858798,0.07304954885557967,47,48
ABBV,2019-09-23,72.33000183105469,73.77999877929688,72.05000305175781,72.93000030517578,60.72936248779297,8092300,True,0.0074319582295893,85.28579804653424,68.63699951171876,69.4847726701481,1.475152459905729,1.4550001961844308,0.007055594624751564,0.06894003616780127,47,48
ABBV,2019-09-24,73.83000183105469,73.83000183105469,72.16999816894531,72.94999694824219,60.74601364135742,8223800,False,0.0002741486250025,83.8310504112874,68.96149940490723,69.81479402996659,1.5580931219945455,1.4321436200823103,0.00587583845610594,0.056066491199420546,47,48
ABBV,2019-09-25,72.87999725341797,73.23999786376953,72.0199966430664,72.08999633789062,60.02989196777344,5922700,False,-0.0118588233704848,75.50398543033727,69.28249931335449,70.0314799640546,1.536715037939274,1.4535718645368303,0.00867472637931546,0.08660806453339197,46,48
ABBV,2019-09-26,72.94999694824219,74.45999908447266,72.62000274658203,74.02999877929688,61.64536666870117,10324100,False,0.0265554337467847,78.43828422070928,69.68049926757813,70.41229127979196,1.657211434213977,1.5428575788225447,0.014063374905975786,0.14540920579497918,44,48
ABBV,2019-09-27,74.20999908447266,75.13999938964844,73.91999816894531,74.8499984741211,62.32815933227539,7677300,False,0.0110152480051487,86.48163516213309,70.11199913024902,70.83493006020426,1.798144923370003,1.5092860630580358,0.0141343157096362,0.14618331458990402,44,48
ABBV,2019-09-30,74.94999694824219,76.44000244140625,74.94999694824219,75.72000122070312,63.05261993408203,8315100,True,0.0115562954473194,85.70074437133748,70.6109992980957,71.30017493263271,1.9574731476683669,1.4421435764857702,0.014308185323927474,0.14808058654973902,44,48
ABBV,2019-10-01,75.88999938964844,76.02999877929688,72.94000244140625,73.2300033569336,60.97918319702149,10910800,False,-0.0334370679581304,65.92846568658669,71.00249938964843,71.48396811589947,1.861363258511176,1.5428575788225447,0.02353618743626445,0.24877690271976854,40,40
ABBV,2019-10-02,72.88999938964844,73.0,71.56999969482422,72.12999725341797,60.06321716308594,8380500,False,-0.0151349199264305,55.6521502604939,71.28999938964844,71.54549470042504,1.6771015962584386,1.5414292471749442,0.024016225904317023,0.2540151010604662,39,40
ABBV,2019-10-03,72.05999755859375,73.94000244140625,72.04000091552734,73.8499984741211,61.49546813964844,6228500,False,0.0235658563715823,62.94571305216965,71.63099937438965,71.76497125030085,1.6508328517432176,1.6035723005022322,0.023217187117617923,0.24529595889750536,40,40
ABBV,2019-10-04,74.22000122070312,75.05999755859375,73.94999694824219,74.66000366210938,62.169960021972656,7007500,False,0.0109084419262151,64.95600238054752,71.98299942016601,72.04068862285403,1.6760548150338508,1.6014295305524553,0.02320400414923621,0.2451521058363482,40,40
ABBV,2019-10-07,74.72000122070312,75.2699966430664,74.08000183105469,74.33000183105469,61.895145416259766,5163500,True,-0.0044301748539462,60.54053735599171,72.36449966430663,72.25871845220647,1.6503903403194895,1.5628580365862166,0.02220595136269568,0.23426131520535076,40,40
ABBV,2019-10-08,73.87999725341797,74.75,73.41999816894531,73.52999877929688,61.229000091552734,6121500,False,-0.0108208153951026,58.42026300335022,72.63199958801269,72.37979276907221,1.5476570714962747,1.5857151576450892,0.016099557482480722,0.16762810886930035,43,40
ABBV,2019-10-09,74.06999969482422,74.62000274658203,73.25,73.30000305175781,61.0374870300293,5851000,False,-0.0031327180923665,56.15095473845314,72.8224998474121,72.4674318436137,1.4311836880676054,1.6335721697126115,0.013866260242513475,0.14325828295901516,44,48
ABBV,2019-10-10,73.22000122070312,74.62999725341797,73.19999694824219,74.44999694824219,61.99509048461914,7329400,False,0.0155669792818709,57.52922647576832,73.00349960327148,72.65624756786403,1.415357231960499,1.6407149178641185,0.011121602891379317,0.1133084757262328,45,48
ABBV,2019-10-11,73.97000122070312,74.33999633789062,73.56999969482422,73.62999725341797,62.20630645751953,7164900,False,0.0034011884200046,52.50715118763821,73.15949935913086,72.74898563315487,1.3214150786488972,1.580000741141183,0.01000451180442399,0.10111873455437168,45,48
ABBV,2019-10-14,73.6500015258789,74.16999816894531,73.38999938964844,73.76000213623047,62.316139221191406,5040900,True,0.0017640641661961,52.87848019585888,73.31849937438965,72.84527291916207,1.2431255750690156,1.5171432495117188,0.009678903180721527,0.09756568065159922,46,48
ABBV,2019-10-15,74.19999694824219,74.9800033569336,73.80000305175781,74.5,62.94132232666016,6028300,False,0.0099824519725237,58.63799839864892,73.4634994506836,73.00286597447996,1.2266521403134618,1.5171432495117188,0.007319855738601031,0.0718236636689323,47,48
ABBV,2019-10-16,74.37999725341797,74.9800033569336,74.33999633789062,74.75,63.15253448486328,8288300,False,0.0033500816150906,52.93638110599996,73.63749961853027,73.16925969119616,1.2197096812848829,1.3935721261160714,0.005826697051382641,0.05553025828932604,47,48
ABBV,2019-10-17,74.98999786376953,76.18000030517578,74.6500015258789,75.13999938964844,63.482025146484375,6811300,False,0.005203814916276,51.22570026886662,73.81099967956543,73.35694918628685,1.2314816697525828,1.4157148088727678,0.003173283398092616,0.02657610581851563,48,48
ABBV,2019-10-18,75.23999786376953,77.16999816894531,75.20999908447266,76.45999908447266,64.59722137451172,9480200,False,0.0174145998171458,53.01301904551852,74.01449966430664,73.65247774801884,1.3319698794525436,1.4471430097307478,0.0063215476682088444,0.060930087370666186,47,48
ABBV,2019-10-21,76.87999725341797,77.8499984741211,75.8499984741211,77.30000305175781,65.3069076538086,7839100,True,0.0109264169688305,69.14390829808721,74.23299980163574,73.9998611102797,1.4625296778390435,1.369286128452846,0.005502487691002477,0.05199247320207748,47,48
ABBV,2019-10-22,78.05000305175781,78.66000366210938,77.75,77.87000274658203,65.78846740722656,6062000,False,0.0073467415489198,78.41585160609989,74.47900009155273,74.36844602802277,1.5936231744202587,1.3478573390415736,0.005555794664227476,0.05257416095686847,47,48
ABBV,2019-10-23,77.79000091552734,78.0199966430664,77.19000244140625,77.75,65.68708038330078,6136700,False,-0.001542295061353,72.94116485491149,74.7620002746582,74.69049878725869,1.6685979378329705,1.2714282444545202,0.007007401638301572,0.06841415243460852,47,48
ABBV,2019-10-24,77.83999633789062,77.88999938964844,76.25,76.80000305175781,64.88447570800781,5699300,False,-0.0122938687114847,62.38425660198752,74.90050048828125,74.89140395530623,1.6325402558853312,1.302142551967076,0.01156123837360525,0.11810579512200987,45,48
ABBV,2019-10-25,76.38999938964844,76.79000091552734,76.22000122070312,76.52999877929688,64.65635681152344,5497000,False,-0.0035219648947883,62.820492300359774,74.98450050354003,75.0474606052101,1.5641466855490052,1.2585716247558594,0.00920754937415039,0.09242224967308008,46,48
ABBV,2019-10-28,76.66999816894531,78.37999725341797,76.48999786376953,78.33000183105469,66.17710876464844,7146400,True,0.0232481871553452,75.05220320625642,75.11500053405761,75.36008357910008,1.636326933026325,1.2985714503696986,0.013465997558909348,0.13889060106551174,44,48
ABBV,2019-10-29,78.11000061035156,78.73999786376953,77.58999633789062,78.47000122070312,66.29537963867188,6391500,False,0.001785591965138,77.23917374267812,75.37700042724609,75.65626621163369,1.6853988510727902,1.282857077462333,0.013208004593547191,0.13607537184324922,44,48
ABBV,2019-10-30,78.51000213623047,79.79000091552734,78.01000213623047,79.66000366210938,67.30074310302734,7222500,False,0.01505107218383,77.3347273836419,75.75350074768066,76.03757454025043,1.7995676556820823,1.3078569684709822,0.01428239930096283,0.14779920846923947,44,48
ABBV,2019-10-31,79.70999908447266,79.73999786376953,78.73999786376953,79.55000305175781,67.20783233642578,10009400,False,-0.0013814848767032,83.56006667491309,76.0385009765625,76.37209154134636,1.8597332783458569,1.3164285932268416,0.011586283409497019,0.11837908752289432,45,48
ABBV,2019-11-01,80.02999877929688,82.18000030517578,79.12999725341797,81.75,69.06647491455078,13356300,False,0.027279652016882,86.68499868639987,76.39300079345703,76.88427329931338,2.061176377120603,1.4785717555454798,0.012703714895418274,0.13057254314144495,44,48
ABBV,2019-11-04,82.94999694824219,83.31999969482422,82.13999938964844,82.98999786376953,70.11409759521484,9127900,True,0.0150544353633704,87.26950233470046,76.82600059509278,77.46577087688063,2.29443018578192,1.5035716465541296,0.011559921963818734,0.11809143040747484,45,48
ABBV,2019-11-05,83.16999816894531,83.4000015258789,81.47000122070312,81.83999633789062,69.14251708984375,7475600,False,-0.0139540412158807,78.84455414321152,77.24150047302246,77.8823637779292,2.359293530266584,1.5957140241350447,0.016127148258887253,0.16792918048920108,43,40
ABBV,2019-11-06,81.7699966430664,82.25,80.3499984741211,82.08000183105469,69.34529113769531,9303600,False,0.0029284049672693,78.58317161215071,77.68050041198731,78.28213883060782,2.4023715912945534,1.6221427917480469,0.01578678322837353,0.16421510410423676,43,40
ABBV,2019-11-07,82.20999908447266,82.58999633789062,81.08000183105469,82.01000213623047,69.28614044189453,6561500,False,-0.0008533519233887,75.4820733990203,78.05850067138672,78.63717343114331,2.403160733637677,1.5849996294294084,0.01572682307498207,0.16356081658999377,43,40
ABBV,2019-11-08,82.0999984741211,85.45999908447266,82.08999633789062,85.20999908447266,71.98965454101562,11364100,False,0.0382775291907503,79.84902444571762,78.63750076293945,79.26315682669848,2.631662972271812,1.688570840018136,0.019698695681968956,0.2069020441874096,41,40
ABBV,2019-11-11,84.94999694824219,85.68000030517578,83.9000015258789,85.66000366210938,72.3698501586914,8726300,True,0.0052673566248603,79.66486478320164,79.2325008392334,79.87238033483285,2.816596282554244,1.7185707092285156,0.019341584109497458,0.2030052288885172,41,40
ABBV,2019-11-12,85.5999984741211,88.27999877929688,85.55000305175781,86.44000244140625,73.0288314819336,12165900,False,0.0090645365961441,81.50832870443114,79.82950096130371,80.4978681545065,2.991611214228783,1.854285103934152,0.01570275059066822,0.16329813670956497,43,40
ABBV,2019-11-13,85.73999786376953,87.2699966430664,85.33000183105469,86.66000366210938,73.2146987915039,5798800,False,0.0025418889888657,87.74881674399259,80.42500114440918,81.08473820284965,3.1121886943805634,1.875713348388672,0.015752903215944754,0.16384540409747023,43,40
ABBV,2019-11-14,86.4800033569336,87.75,85.93000030517578,87.62999725341797,74.0342025756836,5425600,False,0.0111309794211179,90.33429051909262,81.04950103759765,81.70809620766569,3.248570098428587,1.9642846243722096,0.014376818125498163,0.148829510336542,44,48
ABBV,2019-11-15,88.0999984741211,89.19000244140625,87.26000213623047,88.62999725341797,74.8790512084961,8036700,False,0.0113469778696038,89.73763946752003,81.65800094604492,82.36732487868971,3.3981729637262816,1.967141832624163,0.003850740138277246,0.033968539984731164,48,48
ABBV,2019-11-18,88.33999633789062,89.41000366210938,88.31999969482422,88.7300033569336,74.9635238647461,5772300,True,0.0011274854981281,89.70587280057114,82.22950096130371,82.97329425757007,3.484635262872714,1.9628562927246092,0.004862502484679876,0.04500892986349866,48,48
ABBV,2019-11-19,89.26000213623047,90.41000366210938,88.91000366210938,89.0199966430664,75.20854949951172,7504800,False,0.0032632678861586,88.93508982948109,82.78700065612793,83.54917067523638,3.5357988048256885,1.9557135445731024,0.0049506887300137,0.04597122158535584,48,48
ABBV,2019-11-20,88.72000122070312,88.72000122070312,86.54000091552734,87.19999694824219,73.67091369628906,10933000,False,-0.0206568514729842,77.85869001088008,83.25950050354004,83.89686841552265,3.3904050366282235,2.061427525111607,0.013072498081083536,0.13459671953519478,44,48
ABBV,2019-11-21,86.79000091552734,86.87000274658203,85.55000305175781,86.5199966430664,73.0964126586914,9614100,False,-0.0078287720586184,69.53315725114331,83.74550018310546,84.1466901514792,3.183610407153182,1.9614268711635048,0.012208270565855231,0.12516623544374397,44,48
ABBV,2019-11-22,86.63999938964844,86.79000091552734,85.30999755859375,86.05000305175781,72.69935607910156,7784700,False,-0.0054467638486052,63.37415461401849,84.22150039672852,84.32795804674383,2.9478189960680368,1.954998561314174,0.009421264964970743,0.09475432247082469,46,48
ABBV,2019-11-25,86.8499984741211,87.87999725341797,86.05999755859375,87.76000213623047,74.14403533935547,9522100,True,0.0196770976147788,74.66670650908566,84.6930004119873,84.6548193885997,2.865898940035408,1.9478552682059151,0.014927613673865506,0.15483981267590682,43,40
ABBV,2019-11-26,88.1500015258789,88.19000244140625,86.93000030517578,87.72000122070312,74.11024475097656,6431400,False,-0.0004558463869434,73.8983272211906,85.1555004119873,84.94674146784766,2.7658657867479945,1.9021410260881697,0.014678001245371466,0.15211603219627282,43,40
ABBV,2019-11-27,87.86000061035156,88.80999755859375,87.61000061035156,88.33000183105469,74.6255874633789,4711800,False,0.0069296653935955,75.60780177405225,85.58900032043456,85.26895674053405,2.7046334129269525,1.8799983433314733,0.011104256521694087,0.1131191914689296,45,48
ABBV,2019-11-29,88.0,88.08999633789062,87.22000122070312,87.7300033569336,74.11868286132812,3042800,True,-0.0068158129830491,62.93637987216443,85.99800033569336,85.5033421325721,2.5779741715369653,1.7128557477678572,0.010873839887044696,0.11060487623459841,45,48
ABBV,2019-12-02,87.83999633789062,88.02999877929688,87.0,87.02999877929688,73.52729034423828,6526400,True,-0.0080109963992497,56.85683912119064,86.2620002746582,85.64873800368875,2.3935202791089694,1.6592843191964286,0.01140614437390262,0.11641340339517536,45,48
ABBV,2019-12-03,85.95999908447266,86.4800033569336,85.58999633789062,85.94999694824219,72.61485290527344,10054500,False,-0.0124871481274815,47.61901937378126,86.41000022888184,85.67742933174146,2.135574544625598,1.5671419416155137,0.0075486095096403616,0.07431983367119831,47,48
ABBV,2019-12-04,86.18000030517578,87.55000305175781,86.12000274658203,87.19999694824219,73.67091369628906,6174600,False,0.014438576795573,52.38513102752919,86.67800025939941,85.82243577140821,2.008858376074514,1.5428570338657923,0.011357626231969242,0.1158839715527645,45,48
ABBV,2019-12-05,87.25,87.25,86.26000213623047,86.72000122070312,73.26538848876953,6072100,False,-0.0055197555826154,45.79872336138764,86.91000022888184,85.90791819515059,1.8483960962256845,1.4835711887904577,0.01046212492737609,0.10611222666148061,45,48
ABBV,2019-12-06,87.20999908447266,87.70999908447266,86.77999877929688,86.9800033569336,73.48504638671875,6044600,False,0.0029936274080527,41.8236149884009,87.15850028991699,86.01002154389182,1.7223543539781758,1.4164281572614397,0.010645000040642024,0.10810776697463653,45,48
ABBV,2019-12-09,87.22000122070312,87.72000122070312,86.37999725341797,86.44000244140625,73.0288314819336,5582700,True,-0.0062276200163276,39.12629230676713,87.22000045776367,86.05097210555986,1.5608987352638053,1.434285300118583,0.01040864803755872,0.10552868477025795,45,48
ABBV,2019-12-10,86.91999816894531,86.94999694824219,86.20999908447266,86.55999755859375,73.13021850585938,7816000,False,0.0013873522056455,38.12740950213749,87.26500015258789,86.09945072013451,1.4261864081804418,1.367142268589565,0.008345760234382486,0.08301837322901738,46,48
ABBV,2019-12-11,86.69999694824219,87.26000213623047,86.2300033569336,86.69999694824219,73.24848937988281,7326400,False,0.0016159576958784,47.11981323788964,87.27799987792969,86.1566455990019,1.3155577680935977,1.263571058000837,0.004362777645355133,0.039555913077623864,48,48
ABBV,2019-12-12,86.76000213623047,88.94000244140625,86.75,88.7300033569336,74.9635238647461,6260500,False,0.023144021876192,61.016983962295726,87.38149986267089,86.4017272902335,1.375828629481347,1.3057147434779577,0.010987750540605173,0.11184787369454975,45,48
ABBV,2019-12-13,88.77999877929688,89.08999633789062,87.33000183105469,87.83999633789062,74.21160125732422,5975200,False,-0.0100811576318414,58.56455117310017,87.39199981689453,86.53870529477227,1.336372720166537,1.325714111328125,0.012857248683299525,0.13224790977650497,44,48
ABBV,2019-12-16,88.37999725341797,90.12000274658205,88.26000213623047,89.43000030517578,75.55493927001953,6723300,True,0.0179395749516972,58.08323042653636,87.43199996948242,86.81406672433451,1.4170685752712302,1.3578578404017867,0.013531091126838521,0.13960090459785143,44,48
ABBV,2019-12-17,90.0,90.16999816894533,89.06999969482422,90.08000183105467,76.10408020019531,8750000,False,0.007241815646917,60.78609137126632,87.49949989318847,87.12510816306975,1.51599486751428,1.3464290073939753,0.013194617668406542,0.1359292931980455,44,48
ABBV,2019-12-18,90.05000305175781,90.18000030517578,89.0199966430664,89.33000183105469,75.47044372558594,6490100,False,-0.0083607739514587,54.51262841876223,87.51500015258789,87.33509803621118,1.5163958672202114,1.3435723440987744,0.01502369616758784,0.1558882685657613,43,40
ABBV,2019-12-19,89.68000030517578,89.68000030517578,88.55999755859375,88.7699966430664,74.997314453125,5447000,False,-0.0062888001722478,54.71010436491648,87.5935001373291,87.47175504638787,1.4547563976663156,1.3442867824009508,0.012096620525014609,0.12394790587727654,45,48
ABBV,2019-12-20,90.4000015258789,91.98999786376952,89.1500015258789,89.29000091552734,75.4366683959961,19134800,False,0.0058411694452532,60.40514385873711,87.73200035095215,87.64492131963925,1.4313667677828903,1.500715528215682,0.0107729768272882,0.10950425462317308,45,48
ABBV,2019-12-23,89.52999877929688,90.47000122070312,89.33000183105469,90.25,76.24771881103516,5907200,True,0.0106940227588651,70.01859750120059,87.94200019836425,87.89302405110217,1.473310810734901,1.4821439470563629,0.008569055031094716,0.08545497469216581,46,48
ABBV,2019-12-24,90.4000015258789,90.4000015258789,89.43000030517578,89.8499984741211,75.90977478027344,1798800,False,-0.004442036714316,63.39734861780217,88.04650001525879,88.07940256758017,1.4574741322285265,1.4371435982840413,0.008312002870158899,0.0826500115642123,46,48
ABBV,2019-12-26,90.1999969482422,90.72000122070312,89.44999694824219,89.83000183105469,75.89286041259766,4066700,True,-0.0002228468263978,66.48988844768502,88.15200004577636,88.2461263069587,1.4268619125019484,1.4571440560477131,0.007098962852659326,0.06941327194906487,47,48
ABBV,2019-12-27,89.9800033569336,90.27999877929688,88.83000183105469,89.19999694824219,75.36060333251953,4087800,False,-0.0070379780261214,61.32646793444035,88.19549980163575,88.33697112993808,1.3363606452838042,1.4900011335100456,0.007299410677465985,0.0716005663706105,47,48
ABBV,2019-12-30,89.22000122070312,89.7300033569336,88.16000366210938,88.5199966430664,74.78610229492188,7014800,True,-0.0076525667192538,60.46272083164797,88.23499946594238,88.3544021311884,1.1959808743121698,1.5064293997628355,0.00753714794524243,0.07419476463692985,47,48
ABBV,2019-12-31,88.20999908447266,88.5999984741211,87.87999725341797,88.54000091552734,74.80301666259766,4702100,False,0.000226144359506,60.06095740812391,88.31049957275391,88.37207820588733,1.0739630940114893,1.5050010681152357,0.0036993750665058178,0.032316838463790035,48,48
ABBV,2020-01-02,89.08000183105469,89.56999969482422,88.51000213623047,89.55000305175781,75.65630340576172,5639200,True,0.011342546157196,63.3053043697544,88.4904998779297,88.48426152454167,1.046696193315526,1.5071438380650122,0.00765851915135585,0.07551917193505948,46,48
ABBV,2020-01-03,88.16999816894531,89.38999938964844,87.9000015258789,88.69999694824219,74.93818664550781,5988500,False,-0.0095371643833299,49.84256929472805,88.56549987792968,88.50480775537028,0.945598320486198,1.465000697544644,0.008598063164444482,0.0857715125658823,46,48
ABBV,2020-01-06,88.22000122070312,89.62000274658203,87.9800033569336,89.4000015258789,75.52959442138672,6786600,True,0.0078609628875105,58.351174669196745,88.69949989318847,88.59006430494253,0.911455357135253,1.4564296177455367,0.009206180853129324,0.09240731631873694,46,48
ABBV,2020-01-07,88.93000030517578,89.54000091552734,88.26000213623047,88.88999938964844,75.09871673583984,7242500,False,-0.0057210873239564,46.73124224709718,88.79499969482421,88.618629551105,0.8336342854415193,1.385000501360212,0.00881344793962395,0.08812179956795038,46,48
ABBV,2020-01-08,89.1500015258789,90.05999755859375,88.87000274658203,89.5199966430664,75.63097381591797,7696800,False,0.0070624346199305,46.60192197119181,88.94899940490723,88.70447403605371,0.813419445664195,1.3914288112095414,0.009216568800333756,0.09252067000064136,46,48
ABBV,2020-01-09,90.01000213623047,90.2300033569336,89.05000305175781,90.20999908447266,76.21391296386719,7518000,False,0.0076781250152394,55.37893604856679,89.13149948120117,88.84785737399838,0.8433548007580782,1.392857142857142,0.008419173703793718,0.08381946384830638,46,48
ABBV,2020-01-10,90.2300033569336,90.29000091552734,88.83000183105469,89.05999755859375,75.2423324584961,8581400,False,-0.012830026655513,51.65336383921776,89.24949951171875,88.8680612011027,0.7654595321631348,1.417142595563615,0.009548371409635579,0.09614131291397894,46,48
ABBV,2020-01-13,89.5,89.5,87.91999816894531,88.5199966430664,74.78610229492188,9292200,True,-0.006081934676583,45.62001031137219,89.23899917602539,88.83491219557544,0.6526302939095103,1.299999782017299,0.00899429919816598,0.09009525550003664,46,48
ABBV,2020-01-14,87.0999984741211,88.44000244140625,86.7699966430664,88.19999694824219,75.52249145507812,8876900,False,0.0097984424372475,37.42333183554257,89.25699920654297,88.77444407678179,0.5312668946204298,1.340714045933315,0.010001348116619629,0.10108421227061697,45,48
ABBV,2020-01-15,88.18000030517578,89.87999725341797,88.18000030517578,89.26000213623047,76.4301528930664,8490100,False,0.011946777726604,46.65156380439715,89.24849929809571,88.82068770149118,0.5146861051067475,1.3928565979003906,0.010922342369086941,0.1111341371956712,45,48
ABBV,2020-01-16,89.30999755859375,89.80000305175781,88.91999816894531,89.26000213623047,76.4301528930664,7073200,False,0.0,46.75769251132905,89.20749931335449,88.86252717146634,0.495830089332685,1.364999498639788,0.010472929562863376,0.1062301272620532,45,48
ABBV,2020-01-17,89.12999725341797,89.2699966430664,87.79000091552734,88.0,75.35124969482422,10122300,False,-0.0142167795504007,43.63060884326744,89.14099922180176,88.78038172656478,0.3748933813279791,1.367142268589565,0.01092500854181329,0.111163230575641,45,48
ABBV,2020-01-21,87.68000030517578,88.52999877929688,87.56999969482422,87.98999786376953,75.34268951416016,13552000,True,-0.0001136101520499,46.97144610963272,89.10199928283691,88.70510707296525,0.27507221881784,1.323570796421596,0.01036663829481398,0.10507027283166612,45,48
ABBV,2020-01-22,88.02999877929688,88.16999816894531,87.1500015258789,87.20999908447266,74.67478942871094,6438900,False,-0.0089043557212587,43.00736944624059,88.99799919128418,88.56271583596595,0.1315079043282025,1.344999040876116,0.009983225104703881,0.10088645326323858,45,48
ABBV,2020-01-23,87.05000305175781,87.06999969482422,84.98999786376953,85.2699966430664,73.01364135742188,12266800,False,-0.0224962526610721,29.50193474837309,88.7489990234375,88.24912353188029,-0.1372279545360157,1.4278564453125,0.00960772899137451,0.09678902514303023,46,48
ABBV,2020-01-24,85.43000030517578,85.4800033569336,82.76000213623047,83.54000091552734,71.53231048583984,13215400,False,-0.0204970490675873,27.20852819603475,88.43349914550781,87.8006356636562,-0.4842174979565641,1.5042849949428014,0.009088410713769701,0.09112220400038468,46,48
ABBV,2020-01-27,85.05000305175781,85.93000030517578,84.0,84.0199966430664,71.94332885742188,13832000,True,0.005729467355306,25.765757096707677,88.1429988861084,87.44057480455241,-0.7122669967535131,1.5578564235142298,0.012348447794240897,0.12669585478469433,44,48
ABBV,2020-01-28,84.98999786376953,84.98999786376953,83.63999938964844,83.7699966430664,71.72925567626953,8614400,False,-0.0029800165462349,26.38375981210864,87.8714988708496,87.09099593202993,-0.9027642736257347,1.56285640171596,0.011875352696548233,0.12153342277006977,45,48
ABBV,2020-01-29,83.80000305175781,84.0,83.12999725341797,83.19999694824219,71.24118041992188,5703200,False,-0.006827665435234,20.686475243054105,87.60549888610839,86.72042460024062,-1.087196426048635,1.5399998256138392,0.011951874162325515,0.12236842796598339,45,48
ABBV,2020-01-30,82.58000183105469,82.79000091552734,81.18000030517578,81.77999877929688,70.0252914428711,10870000,False,-0.0172145447862207,13.37967532325493,87.26749877929687,86.24990785538884,-1.3325810555146518,1.5999995640345983,0.010671413498269488,0.10839599164645829,45,48
ABBV,2020-01-31,81.54000091552734,81.72000122070312,80.41000366210938,81.0199966430664,69.37451934814453,13870100,False,-0.0093368393931117,13.848925675856464,86.8409984588623,85.75182107326289,-1.570274812482026,1.5935707092285156,0.00842921952999333,0.08392908429256624,46,48
ABBV,2020-02-03,81.30999755859375,82.5999984741211,80.91999816894531,82.30000305175781,70.47055053710938,10143700,True,0.0156752559422724,23.77744827164743,86.52099876403808,85.4230764997862,-1.6364984719485278,1.6007134573800224,0.012238916248849497,0.12550064232255378,44,48
ABBV,2020-02-04,83.58999633789062,84.70999908447266,83.58999633789062,84.36000061035156,72.23443603515625,8251500,False,0.0247219859183429,35.882372740634366,86.26899871826171,85.32183117698291,-1.5054032606233676,1.6478560311453685,0.017868781222197587,0.1869339467853836,42,40
ABBV,2020-02-05,85.05999755859375,87.13999938964844,84.87999725341797,86.62999725341797,74.17819213867188,10020600,False,0.0265533148992774,41.12084633232639,86.1559986114502,85.44641842235768,-1.20445539121377,1.724999019077846,0.020118817446320398,0.2114864291385667,41,40
ABBV,2020-02-06,87.88999938964844,87.95999908447266,86.22000122070312,87.18000030517578,74.64911651611328,7769700,False,0.0063284884124808,43.22916097525116,86.03899879455567,85.61152145881655,-0.9110691487587416,1.7864270891462053,0.014760368967262108,0.15301483196514334,43,40
ABBV,2020-02-07,89.73999786376953,92.9800033569336,88.87999725341797,92.29000091552734,79.02462768554688,19090300,False,0.0569608578404,61.16606225919846,86.1429988861084,86.24756712136043,-0.2631902018641199,2.094999040876116,0.019066144031296132,0.19999961609575695,42,40
ABBV,2020-02-10,92.36000061035156,95.5,92.11000061035156,94.75,81.13103485107422,13998300,True,0.0263060150527356,65.60480926686296,86.42749900817871,87.05732263361182,0.4436458253971693,2.2685704912458147,0.01819300655427127,0.19047190615636994,42,40
ABBV,2020-02-11,95.26000213623048,97.08000183105467,95.01000213623048,96.0,82.20136260986328,10682800,False,0.0131063168939949,69.85992319581,86.80149917602539,87.90900619231545,1.0920940424776973,2.3621422903878337,0.019442729656115487,0.2041089330075077,41,40
ABBV,2020-02-12,95.9800033569336,97.86000061035156,95.70999908447266,97.79000091552734,83.73407745361328,10591000,False,0.0184741539861611,78.48045201568087,87.28099937438965,88.85005330881182,1.7304840970702884,2.357142312186104,0.019703736741435832,0.20695705242339926,41,40
ABBV,2020-02-13,96.8499984741211,97.36000061035156,95.2300033569336,95.3499984741211,81.6447982788086,10613000,False,-0.0252679228329084,76.02467229585235,87.58549919128419,89.46909570550794,2.016282559364612,2.345713479178291,0.029509274198911452,0.3139554566299821,37,40
ABBV,2020-02-14,95.2300033569336,95.3000030517578,93.7699966430664,94.0500030517578,80.53166198730469,11175800,False,-0.0137276861320258,71.33136005384381,87.82499923706055,89.90537259562697,2.113517815966631,2.287856510707309,0.02213944771381216,0.23353562481506757,40,40
ABBV,2020-02-18,93.66999816894533,94.5,93.26000213623048,93.61000061035156,80.15489959716797,9406300,True,-0.0046894161759142,70.75949803100495,88.10549926757812,90.25819431131502,2.130513701842176,2.2799993242536254,0.01825290234565694,0.19112549134991494,42,40
ABBV,2020-02-19,93.7699966430664,94.79000091552734,93.0199966430664,94.13999938964844,80.60871887207031,6349100,False,0.0056458107211954,73.11919008475527,88.41299934387207,90.62789003306106,2.1618293133200126,2.34428514753069,0.01692275938751475,0.17661091991463554,42,40
ABBV,2020-02-20,93.93000030517578,94.38999938964844,92.58999633789062,94.2300033569336,80.68577575683594,5446200,False,0.0009554807286546,77.87729355799893,88.76399955749511,90.97094844485844,2.168907908724876,2.328571319580076,0.012315187535413054,0.12633291755320541,44,48
ABBV,2020-02-21,93.95999908447266,95.5199966430664,93.37999725341795,94.95999908447266,81.31084442138672,6676000,False,0.0077170963931171,81.25560657783726,89.24849967956543,91.3508580295836,2.2079701949714234,2.3835716247558585,0.00865190437736575,0.08635902996491385,46,48
ABBV,2020-02-24,92.16999816894533,93.87000274658205,92.1500015258789,93.13999938964844,79.75243377685547,10705100,True,-0.0193521365979211,73.7302935112724,89.72849960327149,91.52125244482788,2.068227335948152,2.464285714285713,0.010838928989803475,0.11022392717286363,45,48
ABBV,2020-02-25,93.31999969482422,93.45999908447266,88.11000061035156,89.18000030517578,76.36163330078125,11366400,False,-0.0434468706674736,59.74130984441769,89.98649978637695,91.29827605057528,1.6192752848358225,2.674285888671874,0.021704857570641764,0.22879336035431727,40,40
ABBV,2020-02-26,88.62000274658203,91.18000030517578,88.19000244140625,88.41000366210938,75.70233154296875,9786900,False,-0.0086714283658372,53.82961827089146,90.2185001373291,91.023202489769,1.1876547116133338,2.689285823277064,0.020056680589602045,0.21080838935338306,41,40
ABBV,2020-02-27,86.19000244140625,89.44999694824219,84.19999694824219,85.41999816894531,73.14209747314453,14184100,False,-0.0344048699232098,46.57320460413752,90.32950019836426,90.4895639830239,0.5974369614958732,2.94000026157924,0.020332063825560107,0.21381338188138502,41,40
ABBV,2020-02-28,82.79000091552734,85.70999908447266,81.58000183105469,85.70999908447266,73.39041137695312,18450000,False,0.0033892020746693,34.22818399202389,90.52600021362304,90.03436732601902,0.1513412250470907,2.820714133126394,0.018919770845911607,0.19840238623225384,42,40
ABBV,2020-03-02,86.0,88.77999877929688,83.55000305175781,88.69000244140625,75.94207763671875,12171100,True,0.0341776214582295,35.827885466327885,90.90950050354004,89.90633257510352,0.0378323976127319,2.9521424429757244,0.03101117162786094,0.3303442194975441,36,32
ABBV,2020-03-03,89.44000244140625,90.9000015258789,85.66000366210938,87.56999969482422,74.98304748535156,12660900,False,-0.0127088588955687,30.164712285762192,91.17300033569336,89.68382468174359,-0.1408751067724409,3.159999302455357,0.025167532665123463,0.2665782049895244,39,40
ABBV,2020-03-04,89.2699966430664,91.86000061035156,88.94999694824219,91.75,78.56224060058594,16590400,False,0.0466291300644836,37.22504415785097,91.54250030517578,89.8806032834823,0.0541646233303652,3.31285640171596,0.03325681945018865,0.3548488154405095,35,32
ABBV,2020-03-05,90.05999755859375,91.70999908447266,89.43000030517578,90.61000061035156,77.58609771728516,9688400,False,-0.012502926511154,39.39123316470575,91.74150047302246,89.95006969556508,0.1154161457656641,3.295713697160993,0.027275832325327355,0.2895840524720726,38,40
ABBV,2020-03-06,88.7300033569336,89.76000213623047,87.26000213623047,88.81999969482422,76.05338287353516,12664600,False,-0.0199527580663099,38.54577050002091,91.82350044250488,89.8424439812088,0.0192978507568,3.4221420288085938,0.03083935391834882,0.3284693380020672,36,32
ABBV,2020-03-09,84.0,87.33999633789062,82.43000030517578,85.2699966430664,73.01364135742188,15806200,True,-0.0407892083446091,33.9244396117775,91.47250022888184,89.40697280614762,-0.3394195508947319,3.789999280657088,0.032575684693372735,0.34741624661447557,36,32
ABBV,2020-03-10,88.19000244140625,88.22000122070312,83.76000213623047,87.52999877929688,74.94879913330078,12965800,False,0.0261589105821213,38.05566063851963,91.11150016784669,89.22821337501898,-0.4363128484336016,3.9821417672293538,0.03562554516702014,0.38069644213136844,34,32
ABBV,2020-03-11,85.80000305175781,86.63999938964844,83.56999969482422,84.8499984741211,72.65400695800781,10382200,False,-0.0310966594133936,34.50098834160313,90.55400009155274,88.81124052731441,-0.7210433725771281,4.136427198137556,0.025724409509187834,0.2726548666628791,39,40
ABBV,2020-03-12,78.8499984741211,81.29000091552734,77.05999755859375,78.61000061035156,67.3109359741211,19935700,False,-0.076385823418962,27.1456625189535,89.59500007629394,87.83969386855604,-1.4336834319352505,4.539998735700335,0.03711951463086753,0.39699869473692706,34,32
ABBV,2020-03-13,83.36000061035156,86.31999969482422,80.69000244140625,85.37000274658203,73.09928131103516,21867700,False,0.0824958157706036,40.45689768425188,89.09600028991699,87.6044851902728,-1.436421958377693,4.889998844691685,0.06253299770035248,0.6743116054833761,23,24
ABBV,2020-03-16,79.0,82.18000030517578,73.58000183105469,74.2699966430664,63.59474182128906,20916000,True,-0.1392877439586644,34.42006582482408,88.10699996948242,86.33453390006267,-2.307668618880811,5.349999019077846,0.08642560643900125,0.9350286766744769,12,16
ABBV,2020-03-17,75.70999908447266,77.70999908447266,69.98999786376953,73.0199966430664,62.524410247802734,23205000,False,-0.0169737467054043,34.07821317240419,87.07749977111817,85.0664827327297,-3.0636861606552657,5.68785640171596,0.08174099434224495,0.8839100081819472,14,16
ABBV,2020-03-18,70.0,71.38999938964844,64.69000244140625,71.02999877929688,60.8204460144043,23712800,False,-0.0276310288836755,34.798231360942935,85.92199974060058,83.72967473716466,-3.779840062452692,5.907855987548828,0.0818102770061436,0.8846660232916222,14,16
ABBV,2020-03-19,69.0999984741211,74.8499984741211,65.33000183105469,71.05999755859375,60.84613037109375,19739900,False,0.0004222089226807,34.43807428113605,84.7634994506836,82.523038815396,-4.295461136310735,6.292855943952288,0.07940281104799324,0.8583956615882591,15,16
ABBV,2020-03-20,73.0,73.0,66.80999755859375,68.81999969482422,58.928104400634766,18844500,False,-0.0320300931304973,28.55601263847727,83.45649948120118,81.21798747057966,-4.829175925345666,6.361427852085659,0.05520570118666402,0.5943558623623906,26,24
ABBV,2020-03-23,67.37999725341797,67.75,62.54999923706055,64.5,55.22904586791992,19219000,True,-0.064829123214115,26.7110875128254,82.02449951171874,79.6257981876673,-5.536910554229721,6.434999465942383,0.02398929587565207,0.2537212395454923,39,40
ABBV,2020-03-24,68.16000366210938,71.81999969482422,67.08999633789062,67.48999786376953,57.78926849365234,18376300,False,0.0453140840891023,24.90690924162025,80.93999938964843,78.47000768062941,-5.78978645320592,6.651427950177874,0.04124719178045477,0.44204006753277514,32,32
ABBV,2020-03-25,67.91999816894531,70.68000030517578,65.55000305175781,67.91000366210938,58.148902893066406,20017300,False,0.0062039197030237,26.165485088077677,79.91499938964844,77.46429301219894,-5.888423387827345,6.852142061505999,0.04158494860562691,0.4457256830801155,32,32
ABBV,2020-03-26,68.81999969482422,74.30999755859375,68.76000213623047,73.83000183105469,63.21799087524414,15979400,False,0.0835819144472731,35.51691241176256,79.3354995727539,77.11817004256615,-5.426347931243626,7.06999887738909,0.05919050406434534,0.6378381855740206,24,24
ABBV,2020-03-27,71.62999725341797,75.05999755859375,70.70999908447266,72.66999816894531,62.22472381591797,12293300,False,-0.0158365166215344,37.23663252554402,78.68349952697754,76.69453462603084,-5.095020182678283,6.924284526279995,0.056874387033036974,0.6125646268955264,25,24
ABBV,2020-03-30,73.5199966430664,76.23999786376953,73.47000122070312,75.23999786376953,64.4253158569336,10671600,True,0.0347542494647507,37.62834761342214,78.0109992980957,76.55600731533929,-4.572355786549338,6.860713141305106,0.03805311092653298,0.40718613364505374,33,32
ABBV,2020-03-31,75.4000015258789,77.91999816894531,74.44000244140625,76.19000244140625,65.23877716064453,20474400,False,0.0125473746375595,40.96788254745334,77.4419994354248,76.52114970829805,-4.034970429696102,6.826427187238421,0.03774969072034243,0.4038752006128546,33,32
ABBV,2020-04-01,72.12000274658203,73.98999786376953,71.43000030517578,73.41999816894531,62.86691665649414,12948000,False,-0.0370339758397836,44.164604769373454,76.52549934387207,76.22580194264542,-3.788928448999471,6.60999870300293,0.04678764378026674,0.5024976941681303,29,32
ABBV,2020-04-02,72.77999877929688,75.5,71.45999908447266,75.12999725341797,64.33112335205078,8077800,False,0.023023489574338,37.01166666021529,75.75149917602539,76.12143959129043,-3.416571660245026,6.347855976649693,0.029397080650911275,0.3127311962923561,37,40
ABBV,2020-04-03,74.6500015258789,75.44000244140625,72.55000305175781,73.37000274658203,62.82410430908203,8062700,False,-0.0237047211967547,48.50399959823935,74.97899932861328,75.8593979870325,-3.2263022660654173,5.712141581944057,0.03086431934714842,0.3287417617272811,36,32
ABBV,2020-04-06,75.73999786376953,77.26000213623047,74.02999877929688,75.7300033569336,64.84488677978516,10266500,True,0.0316592343638369,54.344351557775965,74.50199966430664,75.84707468892785,-2.852201669046892,5.438570022583008,0.03006171284918828,0.31998368856097065,37,40
ABBV,2020-04-07,78.37999725341797,78.58000183105469,75.25,75.38999938964844,64.55374908447266,11591700,False,-0.0044998648499369,57.37982286586216,73.89499969482422,75.80354370804409,-2.553722011575971,5.081427710396903,0.02942694771341012,0.3130571068341876,37,40
ABBV,2020-04-08,76.44000244140625,78.9800033569336,74.77999877929688,78.55999755859375,67.26811981201172,12218500,False,0.0411882258502252,61.474905414674296,73.58049964904785,76.06606312238215,-2.037890836130728,4.701428277151925,0.02690387228472741,0.2855252101143324,38,40
ABBV,2020-04-09,78.55999755859375,80.08000183105469,78.55999755859375,79.75,68.28706359863281,9425900,False,0.0150339212800943,67.27789437477703,73.63749961853027,76.41691425358385,-1.5155968049303397,4.367856979370117,0.026432434933039393,0.2803808674882647,38,40
ABBV,2020-04-13,80.66000366210938,81.33000183105469,78.66000366210938,80.30000305175781,68.7580337524414,9293500,True,0.0068732412471474,78.35605536976527,73.38399963378906,76.78673223436232,-1.0452454338504396,4.110713958740234,0.01846010443329698,0.19338648854888588,42,40
ABBV,2020-04-14,80.62000274658203,82.8499984741211,80.29000091552734,82.12999725341797,71.37380981445312,11072700,False,0.0373374084324771,77.41571665984688,73.77699966430664,77.29561461712952,-0.5188424525716471,3.770713806152344,0.019643291146211758,0.20629746774909238,41,40
ABBV,2020-04-15,80.51000213623047,83.04000091552734,79.62000274658203,81.81999969482422,71.10440063476562,8977300,False,-0.0037817642420273,76.156438430451,74.21699981689453,77.72650843405282,-0.1252348798612814,3.648571014404297,0.019428262743576143,0.2039510694980143,41,40
ABBV,2020-04-16,82.7300033569336,83.72000122070312,81.58000183105469,81.86000061035156,71.13916015625,10326900,False,0.0004887324527446,69.38676044445721,74.75849990844726,78.12017435560507,0.1877652558924438,3.344285692487444,0.016246291544808385,0.1692292766359728,43,40
ABBV,2020-04-17,84.0,84.79000091552734,82.5,83.44999694824219,72.52093505859375,10734800,False,0.0192373186626522,75.49668659067106,75.37799987792968,78.62777650728479,0.5576908221877233,3.242857251848493,0.016599813740500423,0.17308692451654023,43,40
ABBV,2020-04-20,83.54000091552734,85.33000183105469,82.62999725341797,83.98999786376953,72.9902114868164,9126300,True,0.0064500633294061,72.89377216257198,76.13649978637696,79.13846425552144,0.8842400902139644,3.180714743477957,0.0166337294149269,0.17345701366840577,43,40
ABBV,2020-04-21,82.51000213623047,82.97000122070312,80.0199966430664,80.36000061035156,69.83562469482422,9627500,False,-0.0441810809210911,59.56860820053374,76.92949981689453,79.25480105121954,0.8404342932073092,3.215715135846819,0.023891703218648624,0.25265630469547157,39,40
ABBV,2020-04-22,81.2300033569336,82.44999694824219,80.7300033569336,81.47000122070312,70.80025482177734,7033300,False,0.0137183378559996,69.99505017665487,77.62849998474121,79.46577249593227,0.8850829705297656,3.025000435965402,0.025240851182130524,0.26737825948450444,39,40
ABBV,2020-04-23,82.18000030517578,83.83000183105469,81.95999908447266,82.04000091552734,71.29558563232422,7869600,False,0.0069718130426203,68.19380520165075,78.3349998474121,79.71093710732228,0.9554477734831436,2.9050004141671315,0.025492546695158956,0.27012477066319235,39,40
ABBV,2020-04-24,82.87000274658203,83.66999816894531,82.3499984741211,83.58999633789062,72.64259338378906,6770700,False,0.0187170226116204,77.20979341718629,78.8229995727539,80.08037131975736,1.1233349573703606,2.815000261579241,0.025397515797087326,0.2690877898257747,39,40
ABBV,2020-04-27,84.02999877929688,84.91999816894531,83.77999877929688,84.69000244140625,73.5985336303711,9209700,True,0.013073666510878,75.57077854241086,79.42399978637695,80.51938380753346,1.329818736965635,2.632143293108259,0.02596265285581613,0.2752545872812149,38,40
ABBV,2020-04-28,85.69999694824219,85.97000122070312,82.37000274658203,82.76000213623047,71.92131042480469,8341000,False,-0.0230524914489811,69.28311212339582,79.8,80.73277602931412,1.3224790101733817,2.651428767613002,0.016705227356899936,0.174237201978159,43,40
ABBV,2020-04-29,83.72000122070312,84.75,82.13999938964844,83.76000213623047,72.79033660888672,8231700,False,0.0120105969161545,65.34830628740667,80.17849998474121,81.02108327759187,1.381429605875482,2.5378570556640625,0.016521495478389693,0.1722323126095007,43,40
ABBV,2020-04-30,82.97000122070312,83.26000213623047,81.2300033569336,82.19999694824219,71.43463134765625,15535800,False,-0.0188004228676827,57.07682638298773,80.61749992370605,81.13336077003476,1.2874283241971511,2.609999520438058,0.01968258215592868,0.20672621276767073,41,40
ABBV,2020-05-01,81.94999694824219,84.2300033569336,80.5,82.83999633789062,71.9908218383789,12705300,False,0.0077558517880824,57.29883384225213,81.00299987792968,81.29589749078293,1.2501631308974908,2.6857141767229358,0.01763487725899129,0.18438157768688115,42,40
ABBV,2020-05-04,82.22000122070312,82.83999633789062,81.12000274658203,81.86000061035156,71.13916015625,6833000,True,-0.0119006754796588,49.18429994638678,81.42749977111816,81.34962159740851,1.1285435837405515,2.625713893345424,0.01581045431193834,0.16447340388415801,43,40
ABBV,2020-05-05,82.94999694824219,86.4800033569336,82.5999984741211,85.37000274658203,74.18949127197266,10927000,False,0.0419845521370358,58.98734949812104,81.90949974060058,81.73251504018695,1.3003968886161346,2.7114285060337613,0.023818968183402872,0.25186261717605146,39,40
ABBV,2020-05-06,86.27999877929688,88.1500015258789,85.25,85.41999816894531,74.2329330444336,17042600,False,0.0005853801930743,59.00809349254165,82.41099967956544,82.08370390959251,1.4242086923554351,2.765714372907366,0.02367094655707464,0.2502473994611766,39,40
ABBV,2020-05-07,86.5199966430664,86.83999633789062,83.55999755859375,84.22000122070312,73.19009399414062,11941800,False,-0.0141478094132723,51.98762123532414,82.69399986267089,82.28716079636496,1.4092556915238248,2.790714263916016,0.02262248694114154,0.2388065675571221,40,40
ABBV,2020-05-08,84.41999816894531,84.66000366210938,82.44999694824219,83.95999908447266,72.96411895751953,20188100,False,-0.0030922846783004,49.921428011912894,82.90449981689453,82.4464787285657,1.3607395724091873,2.7557144165039062,0.022794328341909493,0.24068170757249951,40,40
ABBV,2020-05-11,85.08000183105469,88.45999908447266,83.9800033569336,87.9000015258789,76.38813781738281,19219800,True,0.0458596207649499,69.43299052185448,83.28449974060058,82.96586185211933,1.6215235533585002,2.7935714721679688,0.027668958355470476,0.2938738589268237,38,40
ABBV,2020-05-12,90.0,92.2300033569336,88.47000122070312,90.45999908447266,78.61286163330078,23492300,False,0.0287079001126728,71.55874945249485,83.70099983215331,83.67958920758156,2.011578915718204,2.9535718645368303,0.02483211181535079,0.2629180796961444,39,40
ABBV,2020-05-13,90.73999786376952,92.23999786376952,87.7300033569336,88.87000274658203,77.23110961914062,23562600,False,-0.01773296986046,65.61500538627699,84.05349998474121,84.17391430653399,2.1674165553908864,3.1071428571428563,0.028008414349689884,0.2975780158725651,38,40
ABBV,2020-05-14,87.62000274658203,90.4800033569336,87.43000030517578,89.94000244140625,78.16098022460938,13379500,False,0.0119681987128269,64.84339944999874,84.45750007629394,84.72306555747421,2.350167769474908,3.2085718427385594,0.025154192131510208,0.26643263257046296,39,40
ABBV,2020-05-15,90.01000213623047,91.1500015258789,89.41999816894531,90.70999908447266,78.83012390136719,14071200,False,0.0085246579121701,64.29249649051306,84.82050018310547,85.29324970290264,2.5279906150620093,3.237143380301338,0.0237787118242037,0.25142333822656415,39,40
ABBV,2020-05-18,92.0,93.66000366210938,91.30999755859376,91.47000122070312,79.49058532714844,16300200,True,0.008343384265208,71.89543160565259,85.19450035095215,85.88151175221697,2.699128449508322,3.190715244838169,0.016636822964069535,0.17349077059636941,43,40
ABBV,2020-05-19,91.26000213623048,91.6500015258789,89.55999755859375,91.1999969482422,79.25595092773438,9892500,False,-0.0029560905807667,69.41543933335967,85.73650016784669,86.38803415183841,2.7809126975020604,3.1535726274762825,0.012200830050514967,0.12508504425240585,44,48
ABBV,2020-05-20,92.12999725341795,92.54000091552734,89.9000015258789,91.19000244140624,79.24726104736328,10661500,False,-0.0001096492654188,75.52530656241112,86.22250022888184,86.84536446513059,2.812500079886263,3.1614298139299657,0.006353077671831617,0.06127414399039715,47,48
ABBV,2020-05-21,91.27999877929688,93.12999725341795,90.3499984741211,93.0199966430664,80.83760833740234,10393200,False,0.019869455715659,77.07449746383233,86.7715000152588,87.43342467255306,2.9511791895232875,3.0935723440987704,0.00893126755341793,0.08940745175324499,46,48
ABBV,2020-05-22,92.87000274658205,93.01000213623048,91.7300033569336,92.0999984741211,80.03807067871094,5507000,False,-0.009939901998121,77.32125765433759,87.1970001220703,87.87786027270239,2.9528090745991165,3.0628580365862144,0.011464158305517785,0.11704645366207736,45,48
ABBV,2020-05-26,93.4499969482422,93.56999969482422,90.30999755859376,90.70999908447266,78.83012390136719,11869800,True,-0.0152071981365603,66.06499040127355,87.49799995422363,88.14758777858528,2.809552662027343,2.9657151358468163,0.013413462263870482,0.13831733389295148,44,48
ABBV,2020-05-27,90.54000091552734,91.0,88.55999755859375,89.9800033569336,78.19572448730469,12529500,False,-0.0080802348433776,63.17922085711272,87.85900001525879,88.32210354795178,2.6070637603850457,2.9328580583844834,0.013728466324478918,0.1417546703928493,44,48
ABBV,2020-05-28,90.87000274658205,91.19000244140624,90.0,90.02999877929688,78.23918151855469,8765900,False,0.0005555925269803,67.98763233355848,88.17249984741211,88.48476023665131,2.422696720023225,2.7850009373256097,0.013762948143315606,0.14213093733442866,44,48
ABBV,2020-05-29,91.0,92.88999938964844,89.5999984741211,92.66999816894533,80.53343200683594,13758800,False,0.0289018381340692,73.50245660235814,88.69599990844726,88.88335432544122,2.461238771107446,2.8621433803013354,0.017522365828371175,0.18315384860180445,42,40
ABBV,2020-06-01,92.0500030517578,93.05999755859376,90.69000244140624,90.6999969482422,78.8214340209961,8486500,True,-0.0214874374225686,58.45410538992672,89.08899993896485,89.05636790856512,2.306236135164553,2.710000174386159,0.019665700952514246,0.2065420044227162,41,40
ABBV,2020-06-02,90.97000122070312,91.6999969482422,90.05000305175781,91.04000091552734,79.11691284179688,9413300,False,0.0037417026504781,52.022324255015775,89.54799995422363,89.24528533779961,2.185636253851257,2.518571036202566,0.01853367158414914,0.19418925614600568,42,40
ABBV,2020-06-03,91.47000122070312,91.5,89.5999984741211,90.88999938964844,78.98655700683594,8588400,False,-0.0016489943531812,57.82945268794499,89.82399978637696,89.40192477130903,2.0542756980074586,2.3321429661342075,0.017984735376386316,0.18819924300327315,42,40
ABBV,2020-06-04,90.27999877929688,93.4800033569336,90.25,93.04000091552734,80.85498809814453,9525700,False,0.0233796063129286,61.08727150680668,90.20499992370604,89.74840821361553,2.099457427567387,2.3450001307896207,0.020273409419947347,0.21317334273743516,41,40
ABBV,2020-06-05,93.5,95.54000091552734,92.80999755859376,93.8499984741211,81.55889129638672,9630100,False,0.0086680720662846,61.19829475824266,90.68649978637696,90.1390358574732,2.175545967622469,2.416428702218191,0.016341293766249754,0.17026594455289124,43,40
ABBV,2020-06-08,92.91000366210938,95.01000213623048,92.80999755859376,94.58999633789062,82.20198059082031,6621400,True,0.0078540446545079,61.14285184898576,91.21799964904784,90.5629368556082,2.269398118135882,2.3628572736467626,0.009319878629402081,0.09364799085348642,46,48
ABBV,2020-06-09,94.9499969482422,96.66000366210938,94.76000213623048,96.16999816894533,83.57506561279297,9555900,False,0.0165658208319513,66.23124417579017,91.63149948120116,91.09694269497363,2.4431069505808267,2.361428941999162,0.009481012738775422,0.0954062924907977,46,48
ABBV,2020-06-10,96.98999786376952,99.3499984741211,96.8000030517578,96.9000015258789,84.20944213867188,11138300,False,0.0075618369926351,67.81036256064138,91.95349960327148,91.64961496458366,2.609595825549988,2.4000004359654,0.006983605051273655,0.06815448315604093,47,48
ABBV,2020-06-11,95.69000244140624,96.88999938964844,92.02999877929688,92.26000213623048,80.17711639404297,12584800,False,-0.0490689119627609,47.98302904839891,92.12299957275393,91.70774707616908,2.3401544420860603,2.5492864336286263,0.026748883320427755,0.28383396453788,38,40
ABBV,2020-06-12,93.73999786376952,94.73999786376952,91.02999877929688,92.45999908447266,80.35093688964844,8010100,False,0.0021656098106564,50.99337943532361,92.24899940490722,91.77939012457894,2.118339388894782,2.7221439906529,0.026273613073173704,0.2786477972070641,38,40
ABBV,2020-06-15,91.2699966430664,94.02999877929688,90.77999877929688,93.08000183105467,80.88973236083984,7120200,True,0.0066831461207777,56.82997969745377,92.36749954223632,91.90325790614806,1.9698709550518032,2.7214295523507244,0.02615782162167544,0.27738427640722946,38,40
ABBV,2020-06-16,94.86000061035156,96.1999969482422,93.4800033569336,96.05999755859376,83.47945404052734,9366100,False,0.0315136438403926,65.51019049743272,92.59699935913086,92.29913787304766,2.06882131757051,2.7700004577636728,0.029610561881165127,0.3150607117385294,37,40
ABBV,2020-06-17,96.8499984741211,97.0999984741211,95.2699966430664,95.73999786376952,83.20136260986328,6212200,False,-0.0033368169689,64.36839027476947,92.82399940490724,92.62683882454498,2.097243177876166,2.814286368233819,0.02929312278191542,0.3115968040027429,37,40
ABBV,2020-06-18,95.55999755859376,96.4499969482422,95.26000213623048,96.2300033569336,83.62720489501953,4571600,False,0.0051051593429883,60.04515634869066,93.0759994506836,92.96999735143912,2.134699567281146,2.664285932268417,0.013459765680268347,0.13882259856460977,44,48
ABBV,2020-06-19,97.72000122070312,98.1999969482422,95.75,96.70999908447266,84.0443344116211,9210900,False,0.004975565666936,68.51509825370098,93.2604995727539,93.32618799268045,2.1780089381880856,2.6700003487723225,0.013188955378394492,0.1358675060703055,44,48
ABBV,2020-06-22,96.63999938964844,97.3000030517578,95.81999969482422,97.2699966430664,84.53099060058594,6004300,True,0.0057737695700908,68.93616073954584,93.51899948120118,93.70178881652672,2.231792336727338,2.657858167375836,0.013234877809236241,0.13636861341283146,44,48
ABBV,2020-06-23,98.41999816894533,99.0999984741211,97.0500030517578,97.30999755859376,84.56574249267578,6715600,False,0.0004110297336133,69.64504163950775,93.84899940490725,94.04542774434265,2.251687752357398,2.668572017124721,0.003937902959588001,0.034919664064042504,48,48
ABBV,2020-06-24,96.45999908447266,97.16000366210938,94.3499984741211,95.13999938964844,82.67994689941406,9025100,False,-0.0225521569579253,56.41809099968893,94.10699920654297,94.14967266294316,2.068509802381257,2.6492859976632266,0.012093590239955062,0.12391483928943588,45,48
ABBV,2020-06-25,95.18000030517578,97.06999969482422,94.31999969482422,96.98999786376952,84.28765869140625,6411700,False,0.0192583642272844,59.02298991691843,94.4549991607666,94.42017982492663,2.048999779083317,2.650714329310828,0.015209942460448652,0.15792059532111988,43,40
ABBV,2020-06-26,96.88999938964844,97.02999877929688,95.04000091552734,96.12999725341795,83.54029083251953,14568400,False,-0.0089064163789958,54.39498062385984,94.62799911499025,94.58301958002104,1.9417596861684672,2.635713849748886,0.015692967838696496,0.1631913869414607,43,40
ABBV,2020-06-29,96.5,97.33000183105467,95.68000030517578,96.44000244140624,83.8096923828125,6676400,True,0.0032196212731429,50.8307823768028,94.91499938964844,94.75987509062917,1.86034111342606,2.605713435581753,0.015448754563478176,0.16052652223131655,43,40
ABBV,2020-06-30,95.97000122070312,98.87999725341795,95.83000183105467,98.18000030517578,85.3218002319336,8112500,False,0.0178813314527804,53.70799300889093,95.27199935913086,95.08560130153836,1.9141544132200323,2.5964273725237184,0.017840066964306685,0.1866206156920471,42,40
ABBV,2020-07-01,98.5,99.66000366210938,97.5,99.13999938964844,86.15608215332031,6522900,False,0.0097305669107775,75.3313703645648,95.68449935913084,95.47173445278696,2.0110832284784266,2.4028560093471003,0.01157351669417236,0.11823977663120455,45,48
ABBV,2020-07-02,99.4499969482422,99.98999786376952,97.86000061035156,98.87999725341795,85.93014526367188,6158800,False,-0.0026258582439952,73.53371868116602,95.97649917602538,95.7963309099899,2.043365369412001,2.289998735700337,0.01044652000291903,0.10594194512190047,45,48
ABBV,2020-07-06,99.63999938964844,99.8000030517578,97.9499969482422,99.01000213623048,86.0431137084961,7039000,True,0.0013137910131896,72.54752706114003,96.23449935913088,96.10239483629852,2.055742189918675,2.1899991716657365,0.008048811594684357,0.07977805818083081,46,48
ABBV,2020-07-07,98.68000030517578,100.69000244140624,98.55999755859376,99.3499984741211,86.33857727050781,6345600,False,0.0034280189464908,65.65176140253047,96.47249946594238,96.41169042085303,2.069134082626931,2.1192855834960898,0.008031958433407113,0.07959415583276251,46,48
ABBV,2020-07-08,99.75,100.56999969482422,98.5500030517578,99.27999877929688,86.27774047851562,6154400,False,-0.0007048788353782,67.25146285801813,96.62799949645996,96.68486264546677,2.0504624094337203,2.132856641496928,0.004762511190858863,0.043917820995698326,48,48
ABBV,2020-07-09,99.08000183105467,99.77999877929688,96.80999755859376,97.94000244140624,85.11324310302734,5817300,False,-0.0135889913324335,57.69577031868354,96.67999954223632,96.80439976888955,1.9055722179043784,2.259999956403456,0.0066307935475624705,0.06430459037387208,47,48
ABBV,2020-07-10,98.05999755859376,98.33000183105467,96.36000061035156,96.83000183105467,84.14862060546875,6202500,False,-0.0113981131934256,50.51108504436935,96.90849952697754,96.80683806052434,1.6817912816307654,2.2257145472935207,0.007758381461175349,0.07660887332444366,46,48
ABBV,2020-07-13,97.36000061035156,99.55999755859376,96.91999816894533,97.86000061035156,85.04371643066406,8507400,True,0.0105809068161709,52.41606884326247,97.17849960327148,96.907139255746,1.569463769432886,2.3149997166224856,0.010142517684915876,0.10262466006307476,45,48
ABBV,2020-07-14,96.97000122070312,99.0999984741211,95.94000244140624,98.87000274658205,86.97013854980469,6765600,False,0.0223993894494723,55.91807720738692,97.46799964904784,97.0940786358256,1.5441422277870345,2.3942854745047404,0.015150403127794802,0.15727089981905132,43,40
ABBV,2020-07-15,100.0,100.4800033569336,98.81999969482422,100.4800033569336,88.3863525390625,5661600,False,0.0161527500067977,71.15690493304926,97.68899993896484,97.41654765688352,1.635139447804363,2.301428658621648,0.01637507205160453,0.1706345345098895,43,40
ABBV,2020-07-16,99.69000244140624,100.2300033569336,98.80999755859376,99.91999816894533,87.89376068115234,4269200,False,-0.0055887545231594,62.93026415998961,97.89799995422364,97.6549715151751,1.6431267197413604,2.2242862156459213,0.014396834477455557,0.14904792954372634,44,48
ABBV,2020-07-17,100.29000091552734,101.27999877929688,99.91999816894533,100.83000183105467,88.6942367553711,6890900,False,0.0090660924716816,70.65026102825081,98.12799987792968,97.95735535478268,1.703252347783419,2.179286411830351,0.010421819344450774,0.10567241058078868,45,48
ABBV,2020-07-20,100.76000213623048,101.25,99.26000213623048,99.54000091552734,87.55948638916016,4823300,True,-0.0128765058099895,62.54043854174965,98.26949996948242,98.10808350342504,1.628042982215533,2.203571864536824,0.014763954768537393,0.1530539603674284,43,40
ABBV,2020-07-21,99.80999755859376,99.80999755859376,97.16999816894533,97.4000015258789,85.67705535888672,8239000,False,-0.0217333491661376,46.943580790203775,98.27600021362304,98.04064712461113,1.3798528672007393,2.174286433628621,0.015553164681663144,0.1616658494815832,43,40
ABBV,2020-07-22,97.8000030517578,98.27999877929688,96.93000030517578,97.6999969482422,85.94095611572266,4441800,False,0.0030754460161173,44.049579689931534,98.29550018310547,98.0082042506712,1.193608362153185,2.1164289202008866,0.012284030274369284,0.1259929283149215,44,48
ABBV,2020-07-23,98.23999786376952,98.91999816894533,97.4499969482422,98.02999877929688,86.23125457763672,5127200,False,0.0033721903882523,46.50781401337938,98.44000015258788,98.01027992006414,1.0604128605373404,2.069286346435542,0.012925116347287777,0.13298848435239782,44,48
ABBV,2020-07-24,98.0500030517578,98.19000244140624,96.45999908447266,97.11000061035156,85.42195129394531,5169400,False,-0.0094295853819172,42.669746681713455,98.446000289917,97.92453903342484,0.8705827661869705,2.0607147216796835,0.010784957575730007,0.10963498901382053,45,48
ABBV,2020-07-27,96.3499984741211,97.88999938964844,96.26000213623048,97.16000366210938,85.46595764160156,5030700,True,0.0005150317410181,41.35756191880086,98.49750061035157,97.8517261409186,0.7159231605975691,2.024999891008646,0.010784482620495044,0.10962980628391603,45,48
ABBV,2020-07-28,97.0,97.62000274658205,96.45999908447266,96.70999908447266,85.07011413574219,5941800,False,-0.0046423517634682,40.1532659335828,98.51100044250488,97.74299023078088,0.5506946353744837,1.963571820940287,0.005510341712060782,0.05207817658381336,47,48
ABBV,2020-07-29,96.87000274658205,97.4000015258789,96.63999938964844,97.01000213623048,85.3340072631836,5512000,False,0.0030972647402726,46.12823081521339,98.45250053405762,97.6731818408237,0.4388982321590333,1.8057147434779557,0.005514800419515421,0.05212683017210868,47,48
ABBV,2020-07-30,96.30999755859376,96.73999786376952,95.41000366210938,96.04000091552734,84.48075103759766,6411500,False,-0.0100493433541867,46.67228425782564,98.29750061035156,97.51764080031928,0.2689277535477004,1.7792859758649553,0.0058564586930616135,0.05585501847509132,47,48
ABBV,2020-07-31,95.54000091552734,97.25,93.5500030517578,94.91000366210938,83.48674774169922,14613000,False,-0.0118358004606658,37.67755686344993,98.09900093078612,97.26929440620404,0.0425530648639238,1.848571777343749,0.006470392973481158,0.06255429310205496,47,48
ABBV,2020-08-03,95.19000244140624,97.16999816894533,95.05999755859376,95.94000244140624,84.39278411865234,6919000,True,0.0107939921415558,37.78149667049497,97.94550094604492,97.1426951714614,-0.0531258121365993,1.7842859540666842,0.009444513140379036,0.09500800746057562,46,48
ABBV,2020-08-04,95.91999816894533,96.02999877929688,94.05999755859376,94.29000091552734,82.94137573242188,7865100,False,-0.0173478599616509,24.27267157873095,97.69250106811523,96.8710100042296,-0.25910652624259,1.80642863682338,0.01161557368075975,0.11869870409643571,45,48
ABBV,2020-08-05,94.47000122070312,94.8000030517578,93.12999725341795,93.25,82.02655029296875,6918900,False,-0.0110910628426509,23.341355067231177,97.3910011291504,96.52615190858867,-0.5004976826783434,1.8064286368233808,0.010828438291540319,0.11010945226742999,45,48
ABBV,2020-08-06,93.31999969482422,93.6500015258789,91.77999877929688,92.56999969482422,81.42839050292969,7269300,False,-0.0073189890411324,16.368087029725444,97.12250099182128,96.14937550727778,-0.7381631693850039,1.842857360839844,0.010761970995963181,0.10938415856583295,45,48
ABBV,2020-08-07,92.69000244140624,93.0,92.1999969482422,92.91999816894533,81.73627471923828,5226600,False,0.0037739124620785,20.81128557944031,96.92700080871582,95.84181576076992,-0.8880361006995372,1.757857731410435,0.01138504414851774,0.11618315691920478,45,48
ABBV,2020-08-10,92.62999725341795,93.66999816894533,92.1500015258789,92.37999725341795,81.26126861572266,7623600,True,-0.0058284000908116,24.22997206734547,96.65300064086914,95.51211876006974,-1.0384148395698105,1.6778575352260054,0.007742491086596429,0.07643547694208697,46,48
ABBV,2020-08-11,92.30999755859376,93.29000091552734,92.12999725341795,92.66999816894533,81.516357421875,7208400,False,0.0031342024229989,24.15214234411133,96.3430004119873,95.24144060853408,-1.121265176311354,1.6642864772251695,0.006605812715989677,0.06403199857300099,47,48
ABBV,2020-08-12,93.4499969482422,95.58000183105467,93.33000183105467,95.51000213623048,84.0145492553711,7705600,False,0.0301862845948367,39.70590710224823,96.09450035095216,95.26701789688612,-0.9468454350426754,1.767143794468471,0.015067542973407058,0.15636672660771547,43,40
ABBV,2020-08-13,95.13999938964844,95.5,94.01000213623048,94.68000030517578,83.28443145751953,6004200,False,-0.0087283548294179,40.00001255865684,95.83250045776369,95.21111145958037,-0.865612502508398,1.7507149832589295,0.015361012002203024,0.159569072007078,43,40
ABBV,2020-08-14,95.37999725341795,95.66999816894533,94.54000091552734,95.06999969482422,83.62748718261719,5488100,False,0.0041106256635292,41.633299553903896,95.54450035095216,95.19767224388931,-0.760992874681861,1.715000697544646,0.015357729510448385,0.1595332533300202,43,40
ABBV,2020-08-17,95.29000091552734,97.26000213623048,95.26000213623048,96.3499984741211,84.7534408569336,7251400,True,0.0133740854180287,48.648647100602574,95.38500022888184,95.30741759914947,-0.5682454816011386,1.7885720389229942,0.01448180269077549,0.14997510597571134,44,48
ABBV,2020-08-18,96.62000274658205,96.6999969482422,95.1500015258789,95.6500015258789,84.13770294189453,4557400,False,-0.0072915681576114,45.04372999508424,95.29750022888184,95.3400446397904,-0.4665970472056244,1.8450001307896249,0.01609323029648406,0.16755906637084506,43,40
ABBV,2020-08-19,97.11000061035156,97.41999816894533,95.8499984741211,96.0999984741211,84.53353118896484,7672000,False,0.0046934970950867,50.227263532063695,95.21750030517578,95.41242119544091,-0.3457434227088356,1.8571428571428608,0.009213557510890818,0.09248781069370425,46,48
ABBV,2020-08-20,95.48999786376952,96.02999877929688,94.68000030517578,95.1999969482422,83.7418441772461,6798000,False,-0.0094094914507942,51.117938546027,95.07600021362305,95.39219031475534,-0.318912432102465,1.6942858014787976,0.009400771023803463,0.09453069179169953,46,48
ABBV,2020-08-21,95.1999969482422,95.31999969482422,94.31999969482422,94.86000061035156,83.44277954101562,5269000,False,-0.0035776610141868,45.60259797063063,94.96350021362304,95.3415055810026,-0.3213788859935533,1.6042861938476582,0.009413054808277895,0.09466473292326236,46,48
ABBV,2020-08-24,94.9000015258789,95.23999786376952,94.18000030517578,94.51000213623048,83.1348876953125,4103600,True,-0.0036966803705985,51.00182744220632,94.8310001373291,95.26231477673858,-0.3475689616387569,1.5392859322684171,0.005381476355260353,0.05067199282336627,47,48
ABBV,2020-08-25,94.20999908447266,94.79000091552734,93.91000366210938,94.05999755859376,82.73905181884766,6710000,False,-0.0047727404198766,53.89796730594978,94.69850006103516,95.1478083750105,-0.4000251528914731,1.4828567504882832,0.005089485609637105,0.04748577850719344,48,48
ABBV,2020-08-26,93.5,94.41000366210938,92.94000244140624,94.3499984741211,82.9941635131836,5682800,False,0.0030785850055928,58.899993896484325,94.56549987792968,95.0718264796877,-0.4134306410628738,1.4542852129255053,0.004464030683898029,0.04066079015265843,48,48
ABBV,2020-08-27,94.33000183105467,95.05999755859376,93.66999816894533,94.3000030517578,82.9501724243164,5271500,False,-0.0005301909179263,57.113429468978055,94.4784999847412,94.99831948655152,-0.4232102949348331,1.4964278084891225,0.003199919123487268,0.026866755884814617,48,48
ABBV,2020-08-28,94.5199966430664,94.6500015258789,93.52999877929688,94.16999816894533,82.83582305908203,4938300,False,-0.0013794818197348,59.63401904802591,94.441499710083,94.9194317420176,-0.4364202674527888,1.4678568158830945,0.00305968830428195,0.025336551758766267,48,48
ABBV,2020-08-31,94.12000274658205,96.01000213623048,94.01000213623048,95.7699966430664,84.24324035644531,9932300,True,0.0168477193875381,64.62263641683273,94.432999420166,95.00043792306988,-0.3141613047668556,1.5278565543038525,0.00841436757578667,0.08376701919349813,46,48
ABBV,2020-09-01,95.5199966430664,95.91999816894533,91.29000091552734,92.23999786376952,81.13811492919922,15783600,False,-0.0375555076716606,35.518130128219696,94.33049926757812,94.73753886980316,-0.4963895265976532,1.6507132393973265,0.020183966582285443,0.21219733903146432,41,40
ABBV,2020-09-02,92.06999969482422,94.23999786376952,91.9000015258789,93.9499969482422,82.64228820800781,9139200,False,0.0183686881114853,47.000805569399695,94.36549911499024,94.66253487727356,-0.4970938813892331,1.7107129778180843,0.022529115418865105,0.23778769389259885,40,40
ABBV,2020-09-03,93.87999725341795,94.30999755859376,91.08999633789062,91.87000274658205,80.8126449584961,8921900,False,-0.0223880630017644,38.45598726451241,94.33049926757812,94.39657943625532,-0.6579063021545153,1.8599989754813095,0.024487177565342157,0.25915414381122454,39,40
ABBV,2020-09-04,92.08000183105467,93.12999725341795,90.58000183105467,91.87000274658205,80.8126449584961,9444800,False,0.0,32.193956639763655,94.27799949645996,94.15595308485788,-0.776401431789381,1.8857127598353824,0.024548978355599053,0.2598285164261751,39,40
ABBV,2020-09-08,91.5199966430664,91.86000061035156,89.44999694824219,90.22000122070312,79.36124420166016,8563900,True,-0.018123309495734,29.933466899514656,94.1699996948242,93.78110052636694,-0.9920156701000308,1.9478563581194224,0.021591258326411487,0.2275537610050285,40,40
ABBV,2020-09-09,90.86000061035156,92.43000030517578,90.51000213623048,91.62999725341795,80.60152435302734,5373500,False,0.0155074211042936,34.57555475055173,94.11799964904785,93.57623354799084,-1.0371608665074774,1.979285103934154,0.018700021260205167,0.1960044702487989,42,40
ABBV,2020-09-10,91.06999969482422,91.41000366210938,89.4800033569336,89.6500015258789,78.85982513427734,10403600,False,-0.0218456508750619,32.17726085352277,93.82499961853028,93.2023066887421,-1.218659914704375,2.0314276559012288,0.016646435331409255,0.17359566112077543,43,40
ABBV,2020-09-11,89.80999755859375,90.33999633789062,89.04000091552734,89.69999694824219,78.90381622314453,8385800,False,0.0005576835020899,33.11515305241018,93.5759994506836,92.86875338012308,-1.3429839225937172,2.0528559003557487,0.015265967585994045,0.1585319436592225,43,40
ABBV,2020-09-14,90.05000305175781,91.26000213623048,89.45999908447266,90.48999786376952,79.59874725341797,5212300,True,0.0087687601747583,37.21371545050827,93.34699935913086,92.64220523570845,-1.3620640959396582,2.1057134355817557,0.016413065380425466,0.17104911918431107,43,40
ABBV,2020-09-15,91.4000015258789,91.9800033569336,90.63999938964844,90.91000366210938,79.96818542480469,3851300,False,0.0046305186833012,39.96177033218279,93.07499961853028,92.47723365727045,-1.327986115691388,2.149285452706477,0.014184035245431907,0.1467258560886341,44,48
ABBV,2020-09-16,91.0199966430664,91.2699966430664,89.69000244140625,89.77999877929688,78.97418212890625,6304400,False,-0.0125078828287771,36.17664203997103,92.78149948120117,92.22035414508248,-1.3762959381634945,2.157142094203407,0.012738911253176223,0.1309566071593855,44,48
ABBV,2020-09-17,89.30000305175781,90.80999755859376,89.18000030517578,89.62999725341797,78.84224700927734,5604700,False,-0.0016720078015448,35.95909028974732,92.45799942016602,91.97365348873348,-1.4104271636671657,2.1742847987583747,0.008029269467259298,0.07956481373009558,46,48
ABBV,2020-09-18,89.48999786376953,90.5,88.86000061035156,90.11000061035156,79.26447296142578,10076300,False,0.0053410374454877,38.04476272037855,92.20349960327148,91.7961627384114,-1.3828040421990837,2.211427416120261,0.008395576003997197,0.08356196483490463,46,48
ABBV,2020-09-21,89.13999938964844,89.43000030517578,87.16999816894531,89.08999633789062,78.36722564697266,7328300,True,-0.0113842204665674,29.63414730591687,91.91499938964844,91.53843260502848,-1.426771407032092,2.2785704476492787,0.008517424034913873,0.08489157526374033,46,48
ABBV,2020-09-22,88.9000015258789,88.94999694824219,87.93000030517578,88.5999984741211,77.93621826171875,5306100,False,-0.0055150221507099,36.37724841558733,91.61949920654295,91.25858173541825,-1.4840474181047227,2.0307132175990543,0.007336474865210226,0.07200501222164578,47,48
ABBV,2020-09-23,89.0,89.2699966430664,87.12000274658203,87.13999938964844,76.65193939208984,6253000,False,-0.0166158706685802,24.02747047465182,91.2734992980957,90.86633579772588,-1.6284767278989989,2.0171416146414662,0.008503935153205746,0.08474438406452661,46,48
ABBV,2020-09-24,87.0,87.0,85.31999969482422,85.91000366210938,75.56998443603516,9980800,False,-0.0142157338383867,25.693319551471248,90.85149955749512,90.3943041657624,-1.8211947724942088,1.9171415056501149,0.008765524508934591,0.08759885723764936,46,48
ABBV,2020-09-25,86.0,86.86000061035156,85.45999908447266,86.2300033569336,75.8514633178711,9935600,False,0.0037178247894614,27.583471507429792,90.4479995727539,89.9977040887311,-1.925903295909123,1.8349990844726596,0.008133006605029065,0.08069679739202747,46,48
ABBV,2020-09-28,87.29000091552734,88.19999694824219,86.87000274658203,87.27999877929688,76.77508544921875,6306900,True,0.0121031814408113,37.72953468318893,90.10349960327147,89.73887501164212,-1.902231953827311,1.8028553553989977,0.012089651766387004,0.12387186251344379,45,48
ABBV,2020-09-29,87.11000061035156,87.27999877929688,86.30999755859375,86.88999938964844,76.4320297241211,5508900,False,-0.0044783337647829,28.375920348000705,89.65949974060058,89.4675535238332,-1.8931192359422797,1.7142840794154597,0.012068297805391846,0.12363884726467436,45,48
ABBV,2020-09-30,87.0,88.44000244140625,86.80999755859375,87.58999633789062,77.04779052734375,8209300,False,0.008024039981734,39.35947767022889,89.42699966430663,89.28873855374343,-1.8085654213755191,1.677142007010327,0.01050631340587302,0.1065944130489166,45,48
ABBV,2020-10-01,88.16999816894531,88.16999816894531,86.7300033569336,87.13999938964844,76.65193939208984,8777300,False,-0.0051509786088372,37.30160171842998,89.08649978637695,89.08409672859152,-1.757606315561901,1.6871419634137863,0.007597122415880966,0.074849208381527,47,48
ABBV,2020-10-02,86.5,87.3499984741211,86.05000305175781,86.12000274658203,75.75472259521484,5554300,False,-0.0117741199792887,28.80700217263906,88.79899978637695,88.80180206363823,-1.7790186421854628,1.6514271327427477,0.009946914483573401,0.10049023036025541,45,48
ABBV,2020-10-05,86.48999786376953,88.18000030517578,86.20999908447266,87.93000030517578,77.34685516357422,5984200,True,0.0207991320291899,37.26493129300097,88.60199966430665,88.71877332473704,-1.6311336952114175,1.69214085170201,0.012953730724213923,0.13330072554078157,44,48
ABBV,2020-10-06,87.97000122070312,88.05999755859375,85.70999908447266,85.88999938964844,75.5523910522461,8743800,False,-0.0234735821418433,34.575718047259954,88.3854995727539,88.44936628330004,-1.659416118106165,1.7471411568777913,0.01722180428163996,0.1798741093722547,42,40
ABBV,2020-10-07,86.16000366210938,87.30000305175781,86.02999877929688,87.06999969482422,76.59037017822266,5899700,False,0.0136450163298937,40.61583380877269,88.15749969482422,88.31799803677853,-1.5685329080740047,1.7314273289271764,0.01821997950839136,0.19076623607557155,42,40
ABBV,2020-10-08,87.2699966430664,88.58000183105469,86.91999816894531,87.33999633789062,76.8278579711914,5535100,False,0.003095955226775,39.68723406430972,88.0419994354248,88.22485501783683,-1.4579149012449475,1.732856205531529,0.018144994086099826,0.1899479922456187,42,40
ABBV,2020-10-09,87.41000366210938,88.69999694824219,87.3499984741211,87.69999694824219,77.14453887939453,6005800,False,0.0041134821723895,44.55754797805693,87.9419994354248,88.1748685350183,-1.3259159594420566,1.6199989318847656,0.016809242921908097,0.17537222384889126,42,40
ABBV,2020-10-12,88.16999816894531,88.5999984741211,87.31999969482422,88.31999969482422,77.68992614746094,7314900,True,0.0070448078025748,48.91473161638158,87.83349952697753,88.18869055023791,-1.157928923151843,1.628570556640625,0.014225093962120879,0.14717389039410103,44,48
ABBV,2020-10-13,88.01000213623047,88.80000305175781,87.47000122070312,87.83000183105469,77.25889587402344,7851700,False,-0.0055635322633162,52.89188494365237,87.6794994354248,88.1545297198395,-1.0522075257533745,1.5699996948242188,0.006955167014933951,0.06784416620296077,47,48
ABBV,2020-10-14,86.83000183105469,87.11000061035156,85.9000015258789,86.06999969482422,76.74176025390625,5863900,False,-0.0067160436443866,50.64203948798491,87.49399948120117,87.95600305079043,-1.0977854329523922,1.5778568812779017,0.006152504795570798,0.059085485002544284,47,48
ABBV,2020-10-15,85.41000366210938,85.73999786376953,84.95999908447266,85.2300033569336,75.9927978515625,6190900,False,-0.0098074517638889,46.14791408042734,87.27399978637695,87.69638403232787,-1.1879924990744968,1.5571425301688058,0.007329850520452709,0.07193272711529211,47,48
ABBV,2020-10-16,85.88999938964844,87.1500015258789,85.76000213623047,86.2699966430664,76.92007446289062,5358500,False,0.0121283180915962,46.10638464330315,87.08199958801269,87.56053761430297,-1.1621667474379365,1.5535714285714286,0.009582164363698619,0.09651006293648944,46,48
ABBV,2020-10-19,86.58999633789062,86.79000091552734,84.12999725341797,84.30999755859375,75.17251586914062,10288000,True,-0.0229812050884344,41.12790326710687,86.84299964904785,87.2509623709021,-1.2850420342625029,1.674285888671875,0.012554566250514279,0.12894502735625615,44,48
ABBV,2020-10-20,84.19000244140625,84.83000183105469,83.41999816894531,84.25,75.11900329589844,6932100,False,-0.0007121170349582,37.98560621944807,86.6254997253418,86.96515643081618,-1.3714536222406508,1.658571515764509,0.012837811241547672,0.13203580765988707,44,48
ABBV,2020-10-21,83.58000183105469,84.13999938964844,82.55999755859375,82.88999938964844,73.90640258789062,9776900,False,-0.0162741039146777,35.65156961714921,86.41299972534179,86.57704623641925,-1.5320159849041062,1.676429203578404,0.013723327534171983,0.14169859571415078,44,48
ABBV,2020-10-22,83.0199966430664,84.88999938964844,82.91999816894531,84.30999755859375,75.17251586914062,8080100,False,0.016986220949636,44.0499437450686,86.33299942016602,86.36113683853111,-1.5270776289564196,1.7264295305524553,0.017360588461090943,0.18138852770931932,42,40
ABBV,2020-10-23,84.63999938964844,85.1500015258789,83.94000244140625,84.33999633789062,75.19925689697266,4238700,False,0.0003556655298001,36.634370943506624,86.23849906921387,86.16864726704154,-1.50341288758392,1.6657153538295202,0.015650595422131444,0.16272901749210628,43,40
ABBV,2020-10-26,84.08999633789062,84.31999969482422,82.80999755859375,83.91999816894531,74.82477569580078,7986300,True,-0.004992293200837,41.65959283133005,86.07049903869628,85.95449021008,-1.501243352833754,1.6071439470563615,0.011985773829704397,0.12273834244832613,45,48
ABBV,2020-10-27,84.0,84.26000213623047,82.68000030517578,82.70999908447266,73.74591827392578,6705600,False,-0.0145234077669199,31.5878058367539,85.8614990234375,85.64549105526024,-1.5789595320292025,1.6192866734095983,0.01342843889131649,0.13848075943123217,44,48
ABBV,2020-10-28,81.3499984741211,82.20999908447266,80.23999786376953,80.48999786376953,71.76651000976562,11480200,False,-0.0272077154145839,25.163141410615097,85.50649909973144,85.15449170368969,-1.7989485500642957,1.6771436418805803,0.016523585286494457,0.17225511667641466,43,40
ABBV,2020-10-29,80.5,81.37000274658203,79.11000061035156,80.66999816894531,71.927001953125,8876700,False,0.0022338101129781,24.17337859775951,85.1829990386963,84.72739708133308,-1.9364447814445784,1.7414294651576452,0.012162109224941474,0.12466252110526653,45,48
ABBV,2020-10-30,83.19999694824219,86.13999938964844,83.0,85.0999984741211,75.87688446044922,18089100,False,0.053460342504369,40.75773714213637,85.13199882507324,84.76288292826528,-1.668711664518284,2.04071535382952,0.03091526908031861,0.3292977271873697,36,32
ABBV,2020-11-02,86.02999877929688,88.54000091552734,86.0,88.25,78.68549346923828,10781400,True,0.0363467260328581,51.04581287301608,85.14799880981445,85.09498931604955,-1.1886504208219577,2.191429683140346,0.034018588572257244,0.36316126958070033,35,32
ABBV,2020-11-03,89.13999938964844,89.38999938964844,87.43000030517578,87.95999908447266,78.4269027709961,8518800,False,-0.0032917954017117,55.07791745652758,85.25149879455566,85.3678473892327,-0.8221221642264709,2.193572453090123,0.032317604821857304,0.3446000690689053,36,32
ABBV,2020-11-04,93.13999938964844,97.48999786376952,92.66999816894533,94.5,84.25811767578125,25849000,False,0.0717179007417557,69.06622888381378,85.62299880981445,86.23757620930577,-0.0038777629289654,2.7950008937290725,0.03235909931996954,0.34505285863812746,36,32
ABBV,2020-11-05,95.36000061035156,95.5199966430664,93.0,93.69000244140624,83.5359115600586,8013000,False,-0.0086082988625762,65.40699249385256,85.94049911499023,86.94733108855343,0.5726259116234615,2.837857927594865,0.035106865718965735,0.37503659192149935,34,32
ABBV,2020-11-06,92.9800033569336,93.6500015258789,91.70999908447266,92.8499984741211,82.78693389892578,7006900,False,-0.0090063721771925,68.59756371092968,86.19799919128418,87.50948988717892,0.9507680648184618,2.7892864772251653,0.035746630133653874,0.38201772597321837,34,32
ABBV,2020-11-09,95.73999786376952,96.9499969482422,94.66999816894533,95.12000274658205,84.8109130859375,11028900,True,0.0241539807829792,71.59316694972513,86.53799934387207,88.2343006356935,1.417281282762218,2.981428963797432,0.03452883884818673,0.3687291403381365,35,32
ABBV,2020-11-10,96.01000213623048,99.12999725341795,95.62999725341795,98.87000274658205,88.15448760986328,12267200,False,0.0386665897694564,78.99129235994903,87.08999938964844,89.24722464625432,2.0657770371880844,3.147142682756693,0.03406963374760068,0.3637182765094769,35,32
ABBV,2020-11-11,99.1500015258789,99.87000274658205,97.7699966430664,98.1500015258789,87.51253509521484,9476500,False,-0.0073087750042367,75.76321616090459,87.69399948120117,90.09510815859952,2.492880142996285,3.154285975864953,0.022360217373868285,0.2359446718893028,40,40
ABBV,2020-11-12,97.5,97.75,96.27999877929688,97.5999984741211,87.02212524414062,7646600,False,-0.0056196418605975,74.21474813117534,88.31249923706055,90.80985961722062,2.755221305606113,3.201429094587052,0.021853511346112246,0.23041547610509633,40,40
ABBV,2020-11-13,97.41000366210938,99.5500030517578,97.4000015258789,99.04000091552734,88.30606842041016,6888600,False,0.0146464308078975,76.61970741289262,88.9509994506836,91.59368259801175,3.0442327097504176,3.245715005057196,0.019653184706567902,0.2064054266625757,41,40
ABBV,2020-11-16,99.95999908447266,100.54000091552734,98.33000183105467,98.36000061035156,87.69976806640625,8611300,True,-0.0068895755315609,78.076769672095,89.65349960327148,92.2380938372822,3.1817289968038693,3.290714808872766,0.020110348921328642,0.2113940202661279,41,40
ABBV,2020-11-17,99.37000274658205,100.26000213623048,98.73999786376952,99.20999908447266,88.4576416015625,11593500,False,0.0086045567150129,85.32073668239565,90.40149955749511,92.90208481320512,3.3210011342052184,3.2500005449567517,0.010230640965668863,0.10358626471298917,45,48
ABBV,2020-11-18,100.0,100.29000091552734,98.68000030517578,98.72000122070312,88.02075958251953,8880600,False,-0.0049511204609028,83.66280198130809,91.19299964904783,93.45617209010967,3.353183165723749,3.2035718645368294,0.009815933812142552,0.0990609642046993,46,48
ABBV,2020-11-19,98.76000213623048,100.1500015258789,98.58999633789062,99.66999816894533,88.86779022216797,7550300,False,0.0095770711527898,81.22587609645929,91.96099967956545,94.0479650499988,3.415967326850477,2.9242864336286263,0.009541522282659046,0.09606657497535238,46,48
ABBV,2020-11-20,99.9499969482422,101.83000183105467,98.62000274658205,100.83999633789062,89.9109878540039,9682500,False,0.0116703949223108,79.48476051212337,92.78599967956544,94.69482517265516,3.519561981360212,2.907857622419082,0.008789981114758991,0.08786572866686666,46,48
ABBV,2020-11-23,101.94000244140624,102.76000213623048,101.06999969482422,102.18000030517578,91.10576629638672,7541500,True,0.0132009415216631,81.74106118022594,93.69899978637696,95.4076989948,3.6675118193907537,2.905000959123882,0.007252329895965149,0.07108681906086486,47,48
ABBV,2020-11-24,102.87999725341795,104.81999969482422,102.58000183105467,103.95999908447266,92.69284057617188,9322200,False,0.0172701388005166,76.81404569244292,94.76149978637696,96.222203765245,3.883626132784329,2.412858145577566,0.008478150282214247,0.08446301855440257,46,48
ABBV,2020-11-25,103.81999969482422,104.45999908447266,103.38999938964844,104.1999969482422,92.9068374633789,6368100,False,0.0023060059618391,80.7849736301064,95.9469997406006,96.98199359219711,4.027833744857404,2.309286934988838,0.005523318131593765,0.052219775775939815,47,48
ABBV,2020-11-27,104.9800033569336,105.8000030517578,104.3000030517578,104.88999938964844,93.52204132080078,4418800,True,0.0065999012015256,85.57918673026892,97.15799980163575,97.7351370014782,4.1499586072506816,2.282144274030411,0.005840162200601879,0.055677190518702575,47,48
ABBV,2020-11-30,105.12000274658205,105.41999816894533,103.6500015258789,104.58000183105467,93.24565887451172,20726500,True,-0.0029596407488774,81.61764593385361,98.13199996948242,98.38702889000928,4.1736183539416345,2.115715571812219,0.008138085697940703,0.08075222065043824,46,48
ABBV,2020-12-01,105.0500030517578,106.37999725341795,104.04000091552734,104.04000091552734,92.7641830444336,7623500,False,-0.0051768970976712,71.99999220827783,98.9215000152588,98.92540717815385,4.101515594082599,1.9964299883161265,0.008910794294762376,0.08918404676248819,46,48
ABBV,2020-12-02,104.0,105.37999725341795,103.31999969482422,104.98999786376952,93.6112060546875,5492200,False,0.0090894924057727,78.54757419556982,99.77299995422364,99.50298724345058,4.074067141698592,1.9935722351074188,0.006074856738841797,0.05823818640256685,47,48
ABBV,2020-12-03,105.0,105.6999969482422,104.3000030517578,104.73999786376952,93.3883056640625,4693600,False,-0.0023839687509756,80.56508504689988,100.28499984741212,100.00175015967145,3.986190808443908,1.96000017438616,0.006365475893608818,0.061409433866236485,47,48
ABBV,2020-12-04,105.0199966430664,107.30999755859376,105.0199966430664,107.27999877929688,95.65302276611328,7235800,False,0.0239611673780251,82.23788564138597,100.96449966430664,100.69491669487384,4.074536309173098,1.990000043596542,0.012211448498446725,0.12520091316716714,44,48
ABBV,2020-12-07,107.04000091552734,107.20999908447266,104.95999908447266,105.83999633789062,94.3690948486328,6532500,True,-0.0135136632796644,77.62185907137714,101.61399955749512,101.18492427992308,3.982447417732829,1.997857230050224,0.014518725314387406,0.1503780070734562,43,40
ABBV,2020-12-08,105.6999969482422,108.3499984741211,105.5999984741211,107.69000244140624,96.01858520507812,6688200,False,0.0173281341455828,79.16094505839318,102.24249954223632,101.80445553339766,4.012492819674236,2.0585714067731584,0.015062643728310086,0.15631326585561836,43,40
ABBV,2020-12-09,107.9000015258789,109.1500015258789,107.62999725341795,108.66999816894533,96.89238739013672,7350700,False,0.0090591856885054,83.10045827132019,102.7324993133545,102.45831673678316,4.068482547954233,2.052143096923829,0.015061546551721382,0.1563012934222221,43,40
ABBV,2020-12-10,109.05999755859376,109.06999969482422,106.66999816894533,107.48999786376952,95.84026336669922,6285700,False,-0.0109180719588546,75.6225380082282,103.19949913024902,102.9375244631628,3.971853592228484,2.1121428353445872,0.016762744438087906,0.1748648305939715,43,40
ABBV,2020-12-11,107.01000213623048,107.41999816894533,105.58000183105467,106.33999633789062,94.8148956298828,5205200,False,-0.0107563585311162,68.04461291850265,103.6364990234375,103.26156940361308,3.759145843174053,2.0192854745047453,0.014003258489705253,0.14475321313415243,44,48
ABBV,2020-12-14,107.43000030517578,108.06999969482422,104.08999633789062,104.1999969482422,92.9068374633789,8272700,True,-0.020329280452252,56.296747281077096,103.89449882507324,103.35094345548252,3.378943001940968,2.166428157261441,0.01566638065981299,0.16290126661657006,43,40
ABBV,2020-12-15,105.44000244140624,105.4499969482422,102.31999969482422,102.81999969482422,91.67640686035156,12101000,False,-0.0133321833510804,46.35550053025271,104.11749877929688,103.30037738303886,2.9324715590846324,2.2014280046735517,0.010950940533145239,0.11144620146861352,45,48
ABBV,2020-12-16,102.5,105.41000366210938,101.9000015258789,104.63999938964844,93.29914093017578,9182100,False,0.0175458401909278,51.277591202714994,104.38899879455566,103.4279604312874,2.694438677128076,2.3757138933454263,0.01456167204474877,0.15084664345718168,43,40
ABBV,2020-12-17,104.86000061035156,105.5,104.11000061035156,104.88999938964844,93.52204132080078,6360600,False,0.0023862443616783,50.0,104.69749870300294,103.56720223684556,2.4971828445168,2.360713413783486,0.015003053061610896,0.15566301019446044,43,40
ABBV,2020-12-18,105.02999877929688,105.05999755859376,103.1999969482422,104.4499969482422,93.12974548339844,13906800,False,-0.0042035109522215,49.61559770946775,104.93649864196776,103.65127792364524,2.2790798425066896,2.367142268589568,0.014645214413688282,0.1517582610201079,43,40
ABBV,2020-12-21,102.76000213623048,103.91999816894533,101.5500030517578,103.70999908447266,92.46993255615234,6664600,True,-0.007110095382333,49.03564634926128,105.07999877929689,103.65687041515262,2.0231978336509826,2.4071420942034103,0.011780035446902716,0.1204933172531962,45,48
ABBV,2020-12-22,103.41000366210938,103.5,102.01000213623048,102.8000030517578,91.6585693359375,4002900,False,-0.008813067650362,43.58525233988218,105.11099891662596,103.5752639995912,1.7270718146027093,2.3814277648925843,0.010717231676498424,0.10889596138043868,45,48
ABBV,2020-12-23,103.05999755859376,103.93000030517578,102.91000366210938,103.27999877929688,92.08654022216795,3659100,False,0.0046583189198463,45.78034835030843,105.0769989013672,103.54714350242033,1.5136727772078586,2.36214229038784,0.00589616178760934,0.05628826017929093,47,48
ABBV,2020-12-24,103.11000061035156,103.38999938964844,102.5999984741211,103.26000213623048,92.06871795654295,1378600,False,-0.0001935569568515,36.40054448512663,105.0299991607666,103.51979670564032,1.327634793167192,2.2349995204380613,0.005444525321348947,0.051359985581296265,47,48
ABBV,2020-12-28,103.6500015258789,103.87999725341795,102.72000122070312,103.4499969482422,92.23812866210938,3948900,True,0.001838355507519,41.16776681203706,104.95799903869629,103.51314910969764,1.181905077932086,2.1521421160016763,0.005805848621403541,0.05530275941456771,47,48
ABBV,2020-12-29,103.9499969482422,105.37000274658205,103.9499969482422,104.6999969482422,93.3526382446289,5096400,False,0.0120105433981436,38.43770024982934,104.96399879455566,103.62618223717809,1.153975471090547,2.0928568158830934,0.00756617489645885,0.07451150785193551,47,48
ABBV,2020-12-30,105.11000061035156,106.2300033569336,105.0999984741211,105.2699966430664,93.86087036132812,5328400,False,0.0054294518488047,36.42169895656292,105.02549858093262,103.78273599011985,1.1644126439944955,2.093571254185268,0.004639557366304744,0.04257614410389705,48,48
ABBV,2020-12-31,105.26000213623048,107.27999877929688,104.8499984741211,107.1500015258789,95.53712463378906,6148100,False,0.0177013282706871,48.71408207667498,105.13349876403808,104.1034279459064,1.3092921559356796,2.0957140241350456,0.007413541369456386,0.07284596489842458,47,48
ABBV,2021-01-04,107.18000030517578,107.3499984741211,103.86000061035156,105.41000366210938,93.9856948852539,9523400,True,-0.0163723229504717,46.632896930670206,105.16699905395508,104.22786372840191,1.2690777883418036,2.208571297781809,0.012976604019663862,0.13355031982591922,44,48
ABBV,2021-01-05,105.41000366210938,107.0199966430664,104.62999725341795,106.5,94.9575653076172,6823800,False,0.0102875222190563,59.0125658006452,105.12799911499025,104.44425765903031,1.3100596550633128,2.0949995858328703,0.013153886227658208,0.13548483014030824,44,48
ABBV,2021-01-06,104.75,107.19000244140624,104.18000030517578,105.58000183105467,94.13727569580078,11017500,False,-0.0086760141413052,61.2195389729329,105.11499938964845,104.55242377065169,1.2538483331194072,2.0864285060337613,0.013946003010369442,0.14412843912787457,44,48
ABBV,2021-01-07,106.11000061035156,107.05999755859376,105.56999969482422,106.70999908447266,95.14480590820312,8196000,False,0.0106459070988416,58.91474447393546,105.06599922180176,104.75790713387272,1.2856614847679992,1.9421424865722667,0.014482001671927345,0.14997727726574087,44,48
ABBV,2021-01-08,106.83999633789062,107.52999877929688,105.76000213623048,107.2699966430664,95.64410400390624,5345900,False,0.0052340488322897,59.983230658452655,104.9959991455078,104.99715375379594,1.34060707566519,1.969285147530692,0.012141245852222964,0.12443485917475748,45,48
ABBV,2021-01-11,107.06999969482422,109.55999755859376,107.06999969482422,109.0199966430664,97.20445251464844,6334200,True,0.0161824655548694,67.27138728973698,105.07249908447264,105.38028164801216,1.5079791816311854,2.014284951346262,0.009446195330731036,0.09502636358679677,46,48
ABBV,2021-01-12,109.22000122070312,110.77999877929688,109.12000274658205,109.77999877929688,97.88207244873048,6106900,False,0.0069468935317875,72.90569879328677,105.24449920654295,105.79930232718212,1.682553176584392,1.932856968470981,0.009248155482040294,0.0928653450938158,46,48
ABBV,2021-01-13,109.8000030517578,113.41000366210938,109.6999969482422,112.4499969482422,100.26268768310548,9821300,False,0.0240302068956526,82.14526061966428,105.65699920654296,106.43270181490212,2.0131445858045254,2.0764290945870525,0.007640626694606324,0.07532392875457732,46,48
ABBV,2021-01-14,110.6999969482422,112.69000244140624,109.5,111.62999725341795,100.69567108154295,8268800,False,0.0043091919252282,77.19872183892952,106.09749908447266,106.92768233285602,2.183800049443392,2.223572322300499,0.00852210520377451,0.08494265635950708,46,48
ABBV,2021-01-15,111.1999969482422,111.55999755859376,109.4800033569336,110.5199966430664,99.69441223144533,9196200,False,-0.00999318095964,72.08029247891463,106.39149894714356,107.269807505257,2.204070805036181,2.320714678083143,0.012864393385744686,0.13232587304608387,44,48
ABBV,2021-01-19,111.25,112.30999755859376,110.26000213623048,112.18000030517578,101.19180297851562,7723800,True,0.0149081257626681,74.37187406682591,106.75599899291991,107.73744491477308,2.327256779699809,2.3842860630580325,0.012680371582846536,0.13031782001128475,44,48
ABBV,2021-01-20,112.91000366210938,113.0999984741211,111.47000122070312,112.62000274658205,101.58870697021484,6554600,False,0.0039146217617713,73.15791375749491,107.16449928283691,108.2024504225644,2.4323484727854776,2.3635711669921844,0.012817504865547356,0.13181422369912252,44,48
ABBV,2021-01-21,112.62999725341795,112.75,110.76000213623048,111.26000213623048,100.36193084716795,5417000,False,-0.0121494165749187,66.74121212276286,107.5419994354248,108.49364582386592,2.378476121268605,2.3964276994977647,0.011218532008018466,0.11436616999811954,45,48
ABBV,2021-01-22,110.6500015258789,111.5999984741211,109.4800033569336,110.86000061035156,100.00111389160156,5185500,False,-0.0036016356816022,61.30408281963143,107.94499931335449,108.71901294638836,2.277254343841747,2.3742844717843163,0.01105032638480799,0.1125307037281525,45,48
ABBV,2021-01-25,109.7300033569336,111.2300033569336,109.20999908447266,110.5,99.67636108398438,6928200,True,-0.0032527764485761,66.93279025711509,108.30599937438964,108.88863076101804,2.143279918606438,2.269284929547988,0.010108543126148025,0.10225392836299735,45,48
ABBV,2021-01-26,111.3000030517578,111.3000030517578,108.55999755859376,108.8000030517578,98.14288330078124,5554600,False,-0.0155041386974266,57.35295121967867,108.58299942016602,108.8801900268028,1.878277066284724,2.2942853655133866,0.0077406827558391105,0.0764157443668814,46,48
ABBV,2021-01-27,106.27999877929688,106.6999969482422,102.58999633789062,102.79000091552734,92.72157287597656,11887900,False,-0.0568232470899827,43.27062116805171,108.54999961853028,108.30017201620512,1.1698185122446745,2.5228571210588666,0.022204404043912895,0.23424443080291235,40,40
ABBV,2021-01-28,104.0,105.13999938964844,103.11000061035156,104.20999908447266,94.00249481201172,8534300,False,0.0137201598650416,44.05328379672279,108.5254997253418,107.9106317369925,0.7147033336705277,2.5842857360839773,0.026570705844140938,0.28188968502123696,38,40
ABBV,2021-01-29,104.0,104.48999786376952,101.80999755859376,102.4800033569336,92.44194793701172,9380400,False,-0.0167404648398473,39.20686624802993,108.38600006103516,107.39342903412974,0.2119814880475417,2.6492859976632173,0.02604188713327153,0.2761191947831449,38,40
ABBV,2021-02-01,103.0,103.88999938964844,101.86000061035156,102.3000030517578,92.27957916259766,7518200,True,-0.0017579847761151,33.70515835061542,108.1435001373291,106.90834084533242,-0.1986636459793374,2.616428920200884,0.026228701582442737,0.27815772128215,38,40
ABBV,2021-02-02,102.87999725341795,104.30999755859376,102.5,103.47000122070312,93.33496856689452,10481300,False,0.0113719618520809,34.99762737788258,108.0465000152588,106.58087992870104,-0.4247970036517046,2.6342855181012763,0.02883217536777435,0.30656692798114415,37,40
ABBV,2021-02-03,106.1999969482422,107.56999969482422,104.01000213623048,106.9499969482422,96.47408294677734,12101900,False,0.0330795670664638,37.40842279708188,108.06899986267088,106.61603393056212,-0.3195195249457327,2.662142072405128,0.018576615358489555,0.1946578602735162,42,40
ABBV,2021-02-04,106.87000274658205,108.87999725341795,105.25,108.52999877929688,97.89933013916016,9077800,False,0.01466530544272,43.14159583313505,108.216499710083,106.79831629710829,-0.1073558895797504,2.693570273263108,0.018654848532364654,0.19551154369443566,42,40
ABBV,2021-02-05,109.62999725341795,110.2699966430664,108.44000244140624,108.7300033569336,98.07974243164062,7251000,False,0.0018411388632186,45.87369044570575,108.31749992370604,106.98228649328212,0.0760473909267744,2.670713152204237,0.013640042464445055,0.1407897858101897,44,48
ABBV,2021-02-08,108.88999938964844,108.9800033569336,105.80999755859376,106.83999633789062,96.37487030029295,9199100,True,-0.0175353599787144,37.819337238292206,108.29599990844729,106.9687350499115,0.0681029921871356,2.750713893345419,0.01852312359644401,0.19407415609596418,42,40
ABBV,2021-02-09,106.0,106.5,105.11000061035156,105.4000015258789,95.075927734375,5506900,False,-0.0135696744128394,34.24955977857445,108.1150001525879,106.8193318571465,-0.0537687353299105,2.7578566414969257,0.020832872728975965,0.2192782280165749,41,40
ABBV,2021-02-10,105.9800033569336,106.12999725341795,103.72000122070312,104.0500030517578,93.85816192626952,7446000,False,-0.0128910846558118,34.26451258617203,107.82850036621092,106.55558625663328,-0.2563317193790766,2.787856510707305,0.013464114428926548,0.138870052278263,44,48
ABBV,2021-02-11,104.56999969482422,104.68000030517578,103.31999969482422,103.75,93.5875473022461,5090100,False,-0.0028873940422291,34.41472737538099,107.39350051879885,106.28838756552534,-0.4360456201916776,2.733571188790453,0.008120479024291716,0.08056009594620886,46,48
ABBV,2021-02-12,103.76000213623048,104.56999969482422,103.1500015258789,104.44000244140624,94.20995330810548,3738400,False,0.0066285044553445,36.905795768290574,107.03400077819823,106.1123508870378,-0.516834998776659,2.690713609967908,0.009823262549909088,0.09914093567482714,46,48
ABBV,2021-02-16,105.33000183105467,106.19000244140624,104.0199966430664,104.1999969482422,93.99346160888672,5637300,True,-0.0023006149468864,39.39113371775901,106.71800079345704,105.93022194048584,-0.5933874002705295,2.649999346051893,0.008406550331888482,0.0836817171255567,46,48
ABBV,2021-02-17,104.6999969482422,106.75,104.1500015258789,106.29000091552734,95.87874603271484,6940400,False,0.0198591084747944,59.85359818544232,106.4235008239746,105.96448660477552,-0.4798781402299426,2.392141614641459,0.01228810968483827,0.12603744299983075,44,48
ABBV,2021-02-18,105.31999969482422,106.61000061035156,105.20999908447266,106.05999755859376,95.67127227783205,5386600,False,-0.0021662627636053,55.58236814903326,106.0955005645752,105.97358288609152,-0.4038255331702771,2.324284689767017,0.009790644509630094,0.09878500635699689,46,48
ABBV,2021-02-19,106.2300033569336,106.6999969482422,104.91000366210938,105.01000213623048,94.72412109375,6702400,False,-0.0099493898516432,57.96097056948175,105.7830005645752,105.88181329086666,-0.4233984754839071,2.26071275983538,0.011381494484955066,0.11614442285303823,45,48
ABBV,2021-02-22,104.66000366210938,107.68000030517578,104.2300033569336,107.05999755859376,96.57331848144533,10272500,True,0.0193338185122414,63.40087806722124,105.5930004119873,105.99402131636448,-0.2703759495811653,2.3621412004743303,0.013732989834166095,0.1418040311056139,44,48
ABBV,2021-02-23,106.97000122070312,107.5999984741211,105.95999908447266,106.2699966430664,95.86071014404295,7058600,False,-0.0074062950289379,58.055216934961024,105.38150024414062,106.02030468081227,-0.2104253148609132,2.3357129778180785,0.014571611963448097,0.15095510823469988,43,40
ABBV,2021-02-24,106.0,109.44000244140624,105.5999984741211,108.69000244140624,98.04366302490234,7626200,False,0.0225167186756928,55.33089180579846,105.37600021362304,106.27456161039268,0.0319914605266262,2.3171419416155103,0.015326629071803313,0.1591938841399499,43,40
ABBV,2021-02-25,108.4800033569336,109.3000030517578,107.06999969482422,107.33000183105467,96.8168716430664,6237600,False,-0.0125916475885958,46.27330634774254,105.6030002593994,106.3750797266462,0.1130644813232777,2.2171423775809123,0.017064986486518944,0.1781629075231045,42,40
ABBV,2021-02-26,107.68000030517578,108.58000183105467,105.36000061035156,107.73999786376952,97.1867218017578,9250000,False,0.0038128222285535,46.965037660458,105.77950019836426,106.50507193018176,0.2080009819210317,2.3164285932268363,0.015628474355238512,0.16248763155409363,43,40
ABBV,2021-03-01,108.52999877929688,109.20999908447266,108.06999969482422,108.41000366210938,97.79109954833984,4709500,True,0.0061994710792123,55.20214088027676,106.07600021362305,106.68649399988917,0.3334588055398484,2.194999694824216,0.01361957167176316,0.14056640772823287,44,48
ABBV,2021-03-02,108.8499984741211,109.37999725341795,107.80999755859376,107.8499984741211,97.28594207763672,5487000,False,-0.0051790676712591,58.620665587134994,106.3534999847412,106.797303949816,0.3832790933157639,2.183571406773153,0.013245608153566629,0.13648570334542495,44,48
ABBV,2021-03-03,106.86000061035156,107.13999938964844,105.45999908447266,106.70999908447266,96.25760650634766,7218700,False,-0.0106264998822893,59.49997029990566,106.51549987792968,106.78898920073568,0.3270041071475447,2.182143075125554,0.008421175920328308,0.08384131211261685,46,48
ABBV,2021-03-04,106.5,107.75,104.9499969482422,105.6500015258789,95.30142211914062,7503700,False,-0.009983265582539,56.43631194675973,106.45050010681152,106.68051418408264,0.1946292659353758,2.2850003923688567,0.007787843838330733,0.07693036792414612,46,48
ABBV,2021-03-05,106.01000213623048,106.98999786376952,104.06999969482422,106.6999969482422,96.2485809326172,7277800,False,0.0098894964018478,57.473521679676765,106.3590000152588,106.68236968543118,0.1724591047646555,2.3921432495117125,0.009444958117725045,0.09501286307059573,46,48
ABBV,2021-03-08,106.8499984741211,108.16000366210938,105.8000030517578,106.11000061035156,95.71636199951172,6049400,True,-0.0055449738753515,56.17324987522706,106.22799987792968,106.6278583449474,0.1060587395169534,2.405714307512552,0.008306443526558956,0.08258934779170522,46,48
ABBV,2021-03-09,106.4800033569336,108.69000244140624,106.44000244140624,106.79000091552734,96.32977294921876,6857500,False,0.0063881841300413,51.77809419210883,106.22550010681152,106.64330049452644,0.1070720533167701,2.4042859758649504,0.009518857653877397,0.09581925766897442,46,48
ABBV,2021-03-10,107.38999938964844,108.36000061035156,107.0500030517578,108.0,97.42124938964844,5762600,False,0.011266913315185,56.44947908053574,106.35550003051758,106.7725099712382,0.2031699092909065,2.416428702218187,0.009579772226179449,0.09648395983930544,46,48
ABBV,2021-03-11,108.12999725341795,108.62999725341795,107.33999633789062,107.87000274658205,97.30397033691406,4671400,False,-0.0012045596053731,60.12748441701029,106.5465000152588,106.87703309269952,0.2657747744191567,2.3807149614606518,0.007267481737276196,0.07125215653962155,47,48
ABBV,2021-03-12,107.8000030517578,108.58000183105467,107.37000274658205,108.22000122070312,97.61970520019533,5341200,False,0.0032395771169814,54.66990270984825,106.77000007629394,107.00493481917606,0.3397155040145492,2.22071511404854,0.006527399710188826,0.06317635281914828,47,48
ABBV,2021-03-15,108.66999816894533,110.36000061035156,108.36000061035156,110.26000213623048,99.45988464355467,6642200,True,0.0186750228749324,64.59402350992383,107.06100006103516,107.31494123032412,0.5565099890784921,2.2564293997628257,0.007649800243799302,0.075424030878384,46,48
ABBV,2021-03-16,109.9499969482422,111.08000183105467,109.9000015258789,110.83999633789062,99.9830551147461,5570200,False,0.0052463293190754,59.0870512969341,107.39300003051758,107.65066076437806,0.7662885676618316,2.0664291381835844,0.007714516354344095,0.07613021558113789,46,48
ABBV,2021-03-17,103.76000213623048,105.08999633789062,102.8000030517578,105.04000091552734,94.75118255615234,19445600,False,-0.0537463980891037,42.96249681717432,107.33050003051758,107.40202649305895,0.4592346731136842,2.481428418840674,0.027939418598481102,0.29682513156526524,38,40
ABBV,2021-03-18,104.0,104.98999786376952,103.41999816894533,103.7699966430664,93.60557556152344,8675100,False,-0.0121643750139302,38.41213185810837,107.21599998474122,107.05611888829776,0.1121210568114037,2.3671428135463097,0.02794240755040032,0.2968577471242791,38,40
ABBV,2021-03-19,103.93000030517578,104.43000030517578,102.91999816894533,103.41999816894533,93.28984832763672,10899100,False,-0.0033786545187698,35.1576122920069,107.13649978637696,106.70982167693086,-0.1890318947149865,2.370000021798261,0.02744399128446948,0.29141900954191985,38,40
ABBV,2021-03-22,103.5,106.4000015258789,102.87999725341795,105.9000015258789,95.5269546508789,7627200,True,0.0236971601598214,44.79445012904402,107.0784999847412,106.63269594825924,-0.2249887041074743,2.50928606305803,0.028773177872053458,0.3059231450246569,37,40
ABBV,2021-03-23,105.37000274658205,105.94000244140624,104.51000213623048,104.83999633789062,94.57077026367188,6111600,False,-0.0100600094161763,44.9865841191479,107.00699996948242,106.46196265203363,-0.3351548380965568,2.440714699881409,0.027800119775543596,0.2953050974185592,38,40
ABBV,2021-03-24,104.81999969482422,105.33000183105467,103.0500030517578,103.05999755859376,92.96512603759766,9420100,False,-0.0171240119149926,43.31438915766627,106.7254997253418,106.13796597646794,-0.559642112498068,2.403571537562772,0.016147375568135888,0.16814990167051144,43,40
ABBV,2021-03-25,102.9000015258789,104.1500015258789,102.0500030517578,103.87999725341795,93.70479583740234,6281500,False,0.0079249368467576,42.63322646595838,106.55299949645996,105.92292133617744,-0.6637316867298182,2.3450001307896158,0.016046700820600678,0.16705133492933238,43,40
ABBV,2021-03-26,103.87000274658205,106.12000274658205,103.83999633789062,105.9800033569336,95.59912109375,6596900,False,0.0200142556039935,49.68523669779139,106.46499977111816,105.9283577191066,-0.5701975991753301,2.3392862592424613,0.01802624977335924,0.1886522497096332,42,40
ABBV,2021-03-29,105.76000213623048,107.0,105.48999786376952,106.7300033569336,96.27565002441406,5472700,True,0.0070518049898116,49.85521825516641,106.38099975585938,106.00470492270918,-0.4305888684796457,2.2628577096121623,0.01496118982020858,0.15520619688418666,43,40
ABBV,2021-03-30,106.86000061035156,107.02999877929688,105.87000274658205,106.79000091552734,96.32977294921876,5354100,False,0.000562008331787,46.90853576049703,106.32799987792968,106.07949501726328,-0.311515683135326,2.2335717337472056,0.013589748705663414,0.14024097836801488,44,48
ABBV,2021-03-31,106.87999725341795,109.18000030517578,106.8000030517578,108.22000122070312,97.61970520019533,9048000,False,0.0133019308267935,50.83852043138423,106.40349998474122,106.28335275092422,-0.1006005912630882,2.312143053327285,0.007297247016614452,0.07157695641966572,47,48
ABBV,2021-04-01,108.91999816894533,108.9800033569336,107.31999969482422,108.5199966430664,97.89031219482422,5091700,False,0.0027682179260197,50.72045011229721,106.54699974060058,106.49636645493776,0.0897239798368758,2.3442862374441957,0.007957885757445191,0.07878587192608136,46,48
ABBV,2021-04-05,109.08000183105467,109.08000183105467,105.4000015258789,106.13999938964844,95.74344635009766,10584400,True,-0.0221754082210149,40.26464196823987,106.5189998626709,106.462426734434,0.0479588460404158,2.4542863028390047,0.013471653424960537,0.13895231809474218,44,48
ABBV,2021-04-06,105.8499984741211,106.27999877929688,104.87999725341795,105.37999725341795,95.05787658691406,8522500,False,-0.0071862469608259,37.20712729753232,106.4824996948242,106.35933821243248,-0.045936615477089,2.470000675746373,0.01318998766452077,0.13587877041646454,44,48
ABBV,2021-04-07,105.52999877929688,106.12999725341795,104.16999816894533,105.20999908447266,94.90452575683594,8037300,False,-0.0016145391035087,50.54105059291685,106.40349960327148,106.24987734310298,-0.132539049055083,2.0357153756277877,0.013097365834305407,0.13486807742072454,44,48
ABBV,2021-04-08,105.4000015258789,106.91999816894533,105.3499984741211,106.0999984741211,95.70734405517578,5881800,False,0.0084236416788414,57.59948321185033,106.30849952697754,106.2356031651047,-0.1278824397319198,2.0421436854771198,0.011686898664069637,0.11947700507456321,45,48
ABBV,2021-04-09,106.38999938964844,107.72000122070312,106.0500030517578,107.54000091552734,97.00630950927734,5977500,False,0.0134809869723698,62.54567993818426,106.2919994354248,106.3598315222878,-0.0079047597257471,2.053571973528182,0.01398422057122972,0.14454547063098713,44,48
ABBV,2021-04-12,107.81999969482422,108.56999969482422,107.36000061035156,108.25,97.6467514038086,5647500,True,0.0065803661398204,58.020471772545136,106.29349937438964,106.5398475677842,0.1428230334532685,1.8885716029575887,0.008257590972497961,0.0820562668312162,46,48
ABBV,2021-04-13,108.02999877929688,108.36000061035156,107.02999877929688,108.22000122070312,97.61970520019533,6165100,False,-0.0002770184317019,62.40824557472555,106.19149932861328,106.69986220139552,0.2568939313738099,1.881428854806085,0.0062697141507651625,0.060364478022383115,47,48
ABBV,2021-04-14,106.22000122070312,106.66999816894533,105.58000183105467,105.9000015258789,96.68842315673828,7766700,False,-0.0095856944561925,60.02826540602018,105.94449958801268,106.62368499420349,0.1582669505976497,1.9071431841169115,0.008924690025146753,0.08933567751020205,46,48
ABBV,2021-04-15,105.98999786376952,106.9499969482422,105.62000274658205,106.88999938964844,97.59230041503906,5730500,False,0.0093049249896842,60.50245413177406,106.03699951171876,106.64904826996012,0.1581656761524073,1.8521428789411287,0.009048540262864772,0.09068713609713866,46,48
ABBV,2021-04-16,107.48999786376952,108.5500030517578,107.13999938964844,107.91000366210938,98.52359008789062,8207700,False,0.009497411665226,57.28302421312107,106.2439998626709,106.76913925968864,0.237651734419785,1.8078569684709824,0.008122067717241723,0.08057743182516115,46,48
ABBV,2021-04-19,107.97000122070312,108.7300033569336,107.12000274658205,108.61000061035156,99.1626968383789,4542900,True,0.0064658908522006,57.12120747981822,106.5034999847412,106.9444593883232,0.3530590667178899,1.8149997166224867,0.008109970764395496,0.0804454294075556,46,48
ABBV,2021-04-20,108.12000274658205,109.55999755859376,108.0500030517578,109.02999877929688,99.54615783691406,5411800,False,0.0038595308212496,58.25958527795829,106.65999984741212,107.14308218746356,0.4729585790984458,1.8399996076311396,0.007889760234092541,0.07804248357882512,46,48
ABBV,2021-04-21,109.79000091552734,111.44000244140624,109.3499984741211,110.8000030517578,101.16220092773438,6181100,False,0.0161037440067873,59.28058620121846,106.95800018310548,107.49136036501538,0.7027040241616049,1.841428484235491,0.0045727177480250885,0.04184678760256137,48,48
ABBV,2021-04-22,110.6500015258789,111.08999633789062,109.61000061035156,110.0500030517578,100.47743225097656,5046000,False,-0.0067920308961272,55.33103334976174,107.30750045776368,107.73504062089562,0.814866933836015,1.828570774623326,0.008405391816862236,0.0836690753647562,46,48
ABBV,2021-04-23,109.70999908447266,111.7699966430664,109.5500030517578,111.37999725341795,101.6917495727539,4611000,False,0.0120130270524018,69.69924686950917,107.68250045776368,108.08217934780252,0.9995540280571048,1.7242845807756717,0.008748317659828812,0.08741109543430851,46,48
ABBV,2021-04-26,111.55999755859376,112.04000091552734,110.8499984741211,111.38999938964844,101.70086669921876,5202300,True,8.965051571751688e-05,73.94424035215604,107.95300025939942,108.3972098279783,1.1336588560144492,1.709284646170481,0.00917775663587027,0.09209715015999964,46,48
ABBV,2021-04-27,111.25,111.8499984741211,110.58000183105467,111.44000244140624,101.74652862548828,3522900,False,0.0004488819034853,75.06035078027894,108.18850021362304,108.68699960068572,1.2297963993575394,1.659998757498609,0.00941254572723007,0.09465917781116724,46,48
ABBV,2021-04-28,111.68000030517578,112.56999969482422,111.31999969482422,111.93000030517578,102.19390106201172,5116000,False,0.0043872924540426,74.23109901344245,108.44550018310548,108.99585681063716,1.3301912113446264,1.6271416800362757,0.006879512601017036,0.06701862231050205,47,48
ABBV,2021-04-29,112.37999725341795,112.61000061035156,110.33000183105467,110.88999938964844,101.24436950683594,6766700,False,-0.0093349048606031,64.4024044078624,108.57900009155271,109.17625134197158,1.3107262051232738,1.6707131522042442,0.007735423918250972,0.07635835972760459,46,48
ABBV,2021-04-30,111.47000122070312,112.30999755859376,110.11000061035156,111.5,101.80130767822266,10575400,False,0.0054858549646893,64.09367018249671,108.7280002593994,109.39756073797427,1.3291998107029883,1.7414272853306405,0.005840826821506151,0.05568444288773056,47,48
ABBV,2021-05-03,112.4000015258789,115.0999984741211,111.58999633789062,114.68000030517578,104.70470428466795,9138200,True,0.0281210983567465,72.00272121995471,109.15500030517578,109.90065022056493,1.582201095137549,1.9035699026925263,0.013766111734544376,0.14216545856434679,44,48
ABBV,2021-05-04,114.62000274658205,115.94000244140624,113.0500030517578,113.9000015258789,103.9925537109375,8151400,False,-0.0068247503080205,80.44140171841379,109.58100051879885,110.28154082107102,1.700168568125136,1.9214270455496685,0.014819808607825086,0.1536634396232583,43,40
ABBV,2021-05-05,114.30999755859376,116.27999877929688,113.9499969482422,115.77999877929688,105.70902252197266,7021400,False,0.0163709513044244,81.6821103461777,110.10950050354003,110.8052034837592,1.9231893769421904,1.9964272635323688,0.01576294460394548,0.1639549761119321,43,40
ABBV,2021-05-06,115.0,116.18000030517578,114.16000366210938,116.08000183105467,105.98292541503906,5803800,False,0.0025877511977556,80.69120836791686,110.60850067138672,111.30756523112068,2.09993595918192,2.022141047886444,0.013451081830528016,0.13872784006018155,44,48
ABBV,2021-05-07,116.37999725341795,116.93000030517578,114.95999908447266,115.75,105.68161010742188,6808200,False,-0.002847104361739,77.5888641519936,111.01900062561036,111.73065425672824,2.1881567996652933,2.0478553771972705,0.014494076445726638,0.15010903766472794,43,40
ABBV,2021-05-10,116.37999725341795,117.1999969482422,115.97000122070312,116.22000122070312,106.11074829101562,7093300,True,0.0040524481064974,77.67513241310782,111.41750068664552,112.15821111044012,2.269832406827547,2.043569837297716,0.008806569924116743,0.08804674639655913,46,48
ABBV,2021-05-11,115.4800033569336,116.56999969482422,114.37999725341795,114.88999938964844,104.89643096923828,5784600,False,-0.0115098522404221,66.29480216468068,111.75100059509278,112.41838142274568,2.20185921900071,2.027855464390352,0.010206989340541065,0.10332817726428564,45,48
ABBV,2021-05-12,114.8499984741211,116.0,114.44000244140624,114.95999908447266,104.9603500366211,6208300,False,0.0006091684915119,70.68237108929355,112.20400047302246,112.66044024767206,2.129095480900133,2.0335698808942597,0.0062042126068344505,0.059649722640126086,47,48
ABBV,2021-05-13,115.5500030517578,117.1999969482422,115.01000213623048,116.5999984741211,106.45768737792967,6558200,False,0.0141649444458166,71.4285624801906,112.68950042724607,113.03563626923864,2.178649819956817,2.034998757498612,0.009407793340230895,0.09460731958031666,46,48
ABBV,2021-05-14,117.36000061035156,117.58999633789062,116.37999725341795,116.43000030517578,106.30247497558594,6268500,False,-0.0014590365805451,70.42139098532306,113.1155002593994,113.358909034566,2.179085418903512,2.0364270891462133,0.009289538398456709,0.093316917079255,46,48
ABBV,2021-05-17,116.7699966430664,117.70999908447266,116.55999755859376,116.88999938964844,106.7224578857422,6183200,True,0.0039430450572987,71.37253705193022,113.52950019836426,113.69520335409766,2.191288901524487,2.0371415274483886,0.009281181341418235,0.09322572454943621,46,48
ABBV,2021-05-18,116.11000061035156,117.9000015258789,115.31999969482422,117.20999908447266,107.0146255493164,8174900,False,0.0027338994324747,70.9856836676399,113.93850021362304,114.02994580460955,2.2014051225209244,2.1321416582380093,0.006046303748415926,0.057926615066049764,47,48
ABBV,2021-05-19,116.45999908447266,116.5,114.37999725341795,115.8499984741211,105.7729263305664,6433600,False,-0.0116709206164463,69.22480037898573,114.1909999847412,114.20328415408684,2.075753621649397,2.1714275905064246,0.009355638128081448,0.09403819988695482,46,48
ABBV,2021-05-20,115.33999633789062,117.33999633789062,115.12000274658205,117.11000061035156,106.92333221435548,5526100,False,0.0108174643952442,70.7011046009462,114.5439998626709,114.48011429277872,2.0541663925558997,2.172855922154023,0.00828505936074825,0.08235600294681963,46,48
ABBV,2021-05-21,117.5199966430664,118.27999877929688,116.05999755859376,116.12000274658205,106.01943969726562,5577800,False,-0.0084895856086355,56.33803857410931,114.7810001373291,114.6362941455219,1.934869829147132,2.074284689767024,0.009312641719855252,0.09356902141644574,46,48
ABBV,2021-05-24,116.58999633789062,116.80999755859376,115.58999633789062,115.91000366210938,105.82772064208984,4821300,True,-0.0018099757127559,59.31418890492392,115.00700035095215,114.75759981376832,1.802601998323084,1.9549991062709315,0.008970436110097242,0.08983486055953806,46,48
ABBV,2021-05-25,115.97000122070312,116.0,114.19000244140624,114.55999755859376,104.59513092041016,6574200,False,-0.0117154939259404,44.05458060678172,115.16300010681152,114.73878055137077,1.5707380884417717,1.9142848423549168,0.009503105208777016,0.09564736637842537,46,48
ABBV,2021-05-26,114.52999877929688,114.73999786376952,113.76000213623048,114.6999969482422,104.7229461669922,5802600,False,0.0012212539332149,43.16829678780034,115.30149993896484,114.73508687488231,1.3823462233108046,1.8399990626743905,0.008820507514648211,0.08819883392381801,46,48
ABBV,2021-05-27,115.12000274658205,115.1999969482422,112.0199966430664,112.31999969482422,102.54998016357422,26406000,False,-0.020967963875885,35.88477417936923,115.37299995422364,114.50507857201966,1.0291351951057806,1.9264275687081525,0.008731263335404351,0.08722499798619288,46,48
ABBV,2021-05-28,113.33000183105467,114.4800033569336,112.86000061035156,113.1999969482422,103.35343170166016,7104300,False,0.0078041991503675,37.97768766127433,115.45799980163574,114.38078508404084,0.8108740827379819,1.977142333984379,0.0113231808606413,0.1155081023278111,45,48
ABBV,2021-06-01,113.6999969482422,113.98999786376952,112.04000091552734,112.20999908447266,102.44955444335938,6846200,True,-0.0087839645770644,39.03436288591055,115.3344997406006,114.17404356027244,0.5516568678728788,1.9599990844726585,0.011246855693000872,0.11467523914476349,45,48
ABBV,2021-06-02,112.41000366210938,112.66000366210938,110.8499984741211,111.4000015258789,101.7100067138672,8100700,False,-0.0072448330125205,36.26543246215326,115.2094997406006,113.9098490808064,0.2776645795537433,1.9778567722865523,0.010899762786408574,0.1108877479156635,45,48
ABBV,2021-06-03,111.12000274658205,112.41000366210938,110.6500015258789,112.20999908447266,102.44955444335938,6286100,False,0.0072448330125205,31.904356369134742,115.03099975585936,113.74795860496508,0.124449177943049,1.9435713631766185,0.012107370829590444,0.1240652136168408,45,48
ABBV,2021-06-04,112.4000015258789,113.11000061035156,112.16000366210938,112.36000061035156,102.58650970458984,4255400,False,0.0013359140711942,33.19569754819723,114.84499969482422,113.6157721292876,0.014956330563848,1.9249997820172984,0.007823011997666794,0.07731412423981575,46,48
ABBV,2021-06-07,112.70999908447266,114.11000061035156,112.33000183105467,113.01000213623048,103.17996978759766,5570100,True,0.0057683032727577,34.22764757146369,114.70799980163574,113.55807974899646,-0.0191471327607501,1.9607140677315849,0.007359125684285301,0.07225217883597117,47,48
ABBV,2021-06-08,112.68000030517578,113.08999633789062,111.81999969482422,112.33999633789062,102.56824493408205,4114200,False,-0.0059463617397741,30.750979608108597,114.51399955749513,113.44207180508162,-0.0990959254579735,1.867142268589565,0.0066167267555597735,0.0641510929951591,47,48
ABBV,2021-06-09,112.87999725341795,114.41999816894533,112.73999786376952,114.0,104.08385467529295,4884000,False,0.0146684879508537,42.8571512734604,114.4694995880127,113.49520782364527,-0.0281826256028523,1.813570840018136,0.007609426941199142,0.07498347583797943,47,48
ABBV,2021-06-10,114.36000061035156,116.98999786376952,114.1500015258789,116.23999786376952,106.1290054321289,6263800,False,0.0194585172921076,46.87723356955424,114.53349952697754,113.75661639889522,0.2063866853604565,1.868571145193917,0.010188367876696093,0.10312497913016566,45,48
ABBV,2021-06-11,116.23999786376952,116.36000061035156,114.87000274658205,115.41999816894533,105.3803253173828,4471400,False,-0.0070794346422219,47.45637910987824,114.47449951171876,113.91503371032856,0.3224009939598602,1.8164280482700887,0.011918003534054943,0.12199883035951434,45,48
ABBV,2021-06-14,115.06999969482422,115.4800033569336,114.19000244140624,115.4000015258789,105.36206817626952,4427600,True,-0.0001732650071614,48.12084691341228,114.42299957275392,114.05645921657148,0.4080261360770691,1.8214280264718192,0.01216254805477092,0.12466730963334799,45,48
ABBV,2021-06-15,115.36000061035156,115.94000244140624,114.5199966430664,115.83000183105467,105.75466918945312,3590500,False,0.0037192831857421,55.01978215504855,114.36999969482422,114.22536803699845,0.5047635095324523,1.7935714721679668,0.010846501534180365,0.11030655907015886,45,48
ABBV,2021-06-16,116.22000122070312,116.52999877929688,115.16999816894533,115.52999877929688,105.4807586669922,6670200,False,-0.0025934160643686,53.23966428275334,114.28599967956544,114.349618583884,0.5508707409081808,1.8207146780831465,0.010170968751700413,0.10293511920487321,45,48
ABBV,2021-06-17,114.9800033569336,115.88999938964844,114.02999877929688,114.9000015258789,104.90557861328124,4172300,False,-0.0054678596926248,61.66366365537756,114.23849983215332,114.40203600693114,0.5304607197372064,1.7264289855957011,0.004292941939825511,0.03879386315626911,48,48
ABBV,2021-06-18,113.63999938964844,114.1999969482422,113.0500030517578,113.12000274658205,103.28040313720705,7415400,False,-0.0156130444132225,49.66557605441621,114.03899993896484,114.2799376011836,0.3664306213859873,1.7042857578822534,0.0073010929372864025,0.07161892325487372,47,48
ABBV,2021-06-21,113.69000244140624,115.25,112.7699966430664,114.7300033569336,104.75035095214844,4666100,True,0.0141322593019325,60.01591377451205,113.96949996948244,114.32280100649312,0.3621742611515799,1.7421433585030692,0.011035888328031844,0.11237315509386384,45,48
ABBV,2021-06-22,114.48999786376952,115.27999877929688,113.87999725341795,114.6999969482422,104.7229461669922,4359900,False,-0.0002616542126321,63.98301879350947,113.90899963378908,114.35872442951684,0.3523184903469314,1.7128573826381148,0.010734955779798399,0.10908936748156414,45,48
ABBV,2021-06-23,114.5500030517578,115.02999877929688,113.9499969482422,114.0,104.08385467529295,3837300,False,-0.0061213857475505,57.656113658954,113.88099975585938,114.3245601981343,0.2847414946675997,1.6642859322684151,0.010901587741150347,0.11090766189243079,45,48
ABBV,2021-06-24,114.41999816894533,116.19000244140624,114.26000213623048,114.73999786376952,104.75948333740234,7712300,False,0.0064702185433806,59.69053750547508,113.88299980163576,114.36412569009954,0.2875828063344272,1.7528577532087044,0.011429162648589996,0.11666457969936257,45,48
ABBV,2021-06-25,112.9000015258789,113.58999633789062,112.13999938964844,112.9800033569336,103.15258026123048,11709400,False,-0.0154578339031336,49.88798065472624,113.9159999847412,114.2323045155123,0.1461331860826646,1.8114291599818608,0.011377194419219245,0.11609750036931801,45,48
ABBV,2021-06-28,113.26000213623048,114.11000061035156,112.83999633789062,113.0,103.17082977294922,5141800,True,0.0001769019983073,52.59028323400344,113.9060001373291,114.1149421807016,0.0352406723855125,1.811429704938613,0.008249385578492863,0.0819667292542869,46,48
ABBV,2021-06-29,112.6500015258789,112.75,111.61000061035156,112.3000030517578,102.5317153930664,5795100,False,-0.0062139866661303,42.78438316453208,113.91050033569336,113.94209083508792,-0.1078827421644632,1.762143816266737,0.00817761053621927,0.08118351721533033,46,48
ABBV,2021-06-30,112.20999908447266,112.91999816894533,111.62999725341795,112.63999938964844,102.84215545654295,5042600,False,0.003023172311385,31.781351038502976,113.97250022888184,113.81808212599844,-0.1916648235651621,1.6407154628208696,0.008657157716301144,0.0864163546026791,46,48
ABBV,2021-07-01,112.9499969482422,114.5500030517578,112.88999938964844,114.26000213623048,104.32122802734376,5306900,False,0.0142795283447972,44.56929935914423,114.07500038146972,113.86016974602052,-0.1258908525869344,1.6707158769880013,0.011035387577537994,0.11236769088509609,45,48
ABBV,2021-07-02,114.5199966430664,115.48999786376952,113.88999938964844,115.16999816894533,105.1520767211914,5719500,False,0.0079327821927722,49.00603428550333,114.21550025939942,113.9849153101086,-0.0003316094377083,1.6928585597446957,0.0077605212446032685,0.07663222272401793,46,48
ABBV,2021-07-06,115.16999816894533,115.9000015258789,114.7699966430664,115.7300033569336,105.66336822509766,7172100,True,0.0048506171502668,49.57265570336893,114.35150032043455,114.151114171711,0.1427175745151885,1.6721442086356006,0.007485654479066589,0.07363286594124131,47,48
ABBV,2021-07-07,115.91000366210938,116.97000122070312,115.30999755859376,116.75,106.59463500976562,6695100,False,0.0087749130400369,54.91144484468449,114.57200050354004,114.39862710773852,0.3345339884606062,1.693572998046873,0.004314668370899244,0.039030942812950394,48,48
ABBV,2021-07-08,115.76000213623048,116.80999755859376,115.68000030517578,116.3499984741211,106.22943878173828,3948800,False,-0.0034319104973569,55.94749168526557,114.68950042724607,114.58447199977496,0.4490961968838007,1.6414299011230458,0.006502128411284985,0.06290059142751982,47,48
ABBV,2021-07-09,116.3000030517578,117.33000183105467,116.11000061035156,116.58000183105467,106.4394302368164,4823400,False,0.0019748214611101,66.25940678543378,114.70650062561036,114.77452245989684,0.5520828536444355,1.5964300973074743,0.0049578904882506955,0.046049807449943275,48,48
ABBV,2021-07-12,116.8000030517578,118.3499984741211,116.62000274658205,117.62999725341795,107.39807891845705,8148400,True,0.0089662015591899,64.38490952192086,114.817000579834,115.04647244023217,0.7102391813389346,1.545715332031248,0.0051784085620126775,0.04845610920480047,48,48
ABBV,2021-07-13,117.58999633789062,118.08999633789062,116.69000244140624,117.91000366210938,107.65373992919922,6540300,False,0.002377670019779,65.53732278067778,114.9425006866455,115.31918969945856,0.8483936338574267,1.5457147870744958,0.005221861187440836,0.048930265935072784,48,48
ABBV,2021-07-14,116.87000274658205,117.5500030517578,116.38999938964844,117.36000061035156,108.34613800048828,6543400,False,0.0064111188351438,66.5029618260197,115.01900062561036,115.51355264335314,0.9030911109455672,1.577143532889229,0.004735560722921698,0.043623736446595014,48,48
ABBV,2021-07-15,116.80999755859376,117.48999786376952,115.75,117.18000030517578,108.17996978759766,4544600,False,-0.0015348564402646,62.681931808088166,115.1015007019043,115.6722619444791,0.9212946243658848,1.5450003487723205,0.0040985653978182915,0.03667281880758732,48,48
ABBV,2021-07-16,117.91000366210938,118.33000183105467,116.91999816894533,117.5,108.47537994384766,6826100,False,0.0027270071077031,77.62834030829086,115.23150062561037,115.8463322354811,0.9505845934490936,1.460000719342911,0.004035531280579975,0.0359849880808862,48,48
ABBV,2021-07-19,116.66999816894533,117.0,113.73999786376952,115.41999816894533,106.55513763427734,6762000,True,-0.017860658829918,61.81639097049726,115.34650039672852,115.80572899104912,0.7967736300717405,1.6378577096121645,0.009528027734853237,0.09591932194746147,46,48
ABBV,2021-07-20,115.5500030517578,117.7300033569336,115.45999908447266,116.0500030517578,107.13675689697266,5581400,False,0.0054435447838672,68.43655382879577,115.41250038146973,115.82899318730708,0.7174432234326815,1.7035724094935805,0.009935988760196217,0.10037100844394219,45,48
ABBV,2021-07-21,116.63999938964844,117.06999969482422,115.79000091552734,116.98999786376952,108.00456237792967,4133800,False,0.0080673502461533,70.19495667117914,115.5270004272461,115.93956506125588,0.7220991209166101,1.7028579711914025,0.010265423780410106,0.10396581613352744,45,48
ABBV,2021-07-22,116.63999938964844,117.91000366210938,116.38999938964844,117.54000091552734,108.5123291015625,6257000,False,0.0046903283252754,66.90718892559383,115.70400047302246,116.09198752356748,0.7613927413543138,1.6750008719308005,0.010503228099807402,0.10656074606972839,45,48
ABBV,2021-07-23,117.9800033569336,118.66999816894533,117.56999969482422,118.19000244140624,109.11239624023438,4411100,False,0.0055147103207166,65.99575534905217,115.87650070190428,116.29179846812356,0.8353534746294144,1.6414293561662936,0.010715313978862747,0.108875035389624,45,48
ABBV,2021-07-26,118.12999725341795,118.47000122070312,117.2699966430664,117.79000091552734,108.74311065673828,3730100,True,-0.0033901914388253,61.09910798701039,116.11700057983398,116.43448441549532,0.8518712667306261,1.6464293343680236,0.0043586628689814035,0.039511012478593434,48,48
ABBV,2021-07-27,117.79000091552734,118.3000030517578,116.76000213623048,117.95999908447266,108.9000473022461,3773100,False,0.0014421466236669,57.176731023160606,116.3650005340576,116.5797715268265,0.8686657296690186,1.6378577096121631,0.004409356321553022,0.040064181394872465,48,48
ABBV,2021-07-28,117.62999725341795,118.93000030517578,117.3000030517578,118.5500030517578,109.44474029541016,5650400,False,0.0049893027361291,62.76102077899321,116.6775005340576,116.767412624439,0.9189903036672148,1.673571995326449,0.0037344565147120067,0.03269964858425481,48,48
ABBV,2021-07-29,119.02999877929688,119.12999725341795,118.1500015258789,118.87000274658205,109.74016571044922,4632200,False,0.0026956746184658,63.14579302213768,116.9890007019043,116.96765930273834,0.973472605917678,1.6564287458147302,0.003564587101908103,0.030846026977856277,48,48
ABBV,2021-07-30,119.0,119.1500015258789,116.12000274658205,116.3000030517578,107.3675537109375,9017200,False,-0.0218574122007269,43.49955141031675,117.09100074768068,116.90407299312116,0.800050244778447,1.7464288984026186,0.010857088508526307,0.11042208454393371,45,48
ABBV,2021-08-02,116.88999938964844,117.23999786376952,115.41000366210938,115.4499969482422,106.58283996582033,9245500,True,-0.0073355066134105,38.6110993373741,117.10500068664552,116.76558956027552,0.5872538881093874,1.7771432059151724,0.011014405240800858,0.11213873081461194,45,48
ABBV,2021-08-03,115.66999816894533,116.30999755859376,114.88999938964844,116.25,107.3213882446289,5902700,False,0.0069054381934944,44.97738112663529,117.13100051879884,116.71648579263024,0.4776586511087828,1.7699999128069146,0.011924285986448459,0.12206738472316093,45,48
ABBV,2021-08-04,115.77999877929688,116.5199966430664,114.91000366210938,115.08000183105467,106.2412567138672,4602000,False,-0.0101154463701311,41.27908781966256,117.04750061035156,116.56063017724207,0.2930168462367959,1.76071384974888,0.011317309201454235,0.11544403055553085,45,48
ABBV,2021-08-05,115.12999725341795,115.55999755859376,114.4499969482422,115.12000274658205,106.2781753540039,5132400,False,0.0003474377862661,39.88097902633245,116.9860008239746,116.42342756479827,0.1482061964077843,1.7392850603376095,0.010910697648252208,0.11100706955127626,45,48
ABBV,2021-08-06,115.26000213623048,115.5500030517578,114.43000030517578,114.4499969482422,105.65963745117188,5340400,False,-0.005836992000633,45.31401343655232,116.879500579834,116.23548179179292,-0.0203861564187661,1.550713675362719,0.006829778367964723,0.06647592043473911,47,48
ABBV,2021-08-09,114.58000183105467,115.19000244140624,113.73999786376952,114.05999755859376,105.29959869384766,5277900,True,-0.0034133523942371,40.15824743046034,116.70100059509278,116.02829281720253,-0.1833529236888011,1.4892850603376089,0.00645183993505524,0.06235184162875574,47,48
ABBV,2021-08-10,114.1999969482422,115.02999877929688,112.91999816894533,114.81999969482422,106.001220703125,5120800,False,0.0066410020548782,39.07354934278268,116.54650039672852,115.91321728173791,-0.2483169963100238,1.5485709054129424,0.006356641479182619,0.06131303239412929,47,48
ABBV,2021-08-11,115.16000366210938,115.33999633789062,113.5500030517578,113.72000122070312,104.98571014404295,6840400,False,-0.0096263630833194,31.77484298981463,116.3645004272461,115.70433956163936,-0.3841341167116923,1.5678558349609344,0.006211798375285798,0.05973249883903358,47,48
ABBV,2021-08-12,113.95999908447266,115.7300033569336,113.91000366210938,115.63999938964844,106.75824737548828,4863600,False,0.0167426608815478,39.1489372754202,116.28750038146973,115.69821192621168,-0.3330036976608426,1.6307133265903977,0.010709171169860636,0.10880800482006857,45,48
ABBV,2021-08-13,115.81999969482422,116.76000213623048,115.6999969482422,116.4800033569336,107.53372955322266,4416400,False,0.0072376537289008,44.62676104821096,116.2365005493164,115.7726682529471,-0.2221404751149265,1.6249989100864926,0.010238390179867874,0.10367082443822044,45,48
ABBV,2021-08-16,117.0,118.62000274658205,116.70999908447266,118.41000366210938,109.31549072265624,8180500,True,0.0164335501483894,51.61291733959289,116.3860008239746,116.0238430538197,0.0212098287184403,1.667855943952288,0.010716262076619127,0.10888538106903264,45,48
ABBV,2021-08-17,118.08000183105467,119.73999786376952,118.0,119.66000366210938,110.46949005126952,6551700,False,0.0105012629111382,53.79876592980341,116.5665008544922,116.37014406413302,0.3113422909386827,1.675713130405969,0.010779063828736288,0.10957067621853928,45,48
ABBV,2021-08-18,119.16999816894533,119.91999816894533,117.18000030517578,117.29000091552734,108.28152465820312,5586900,False,-0.0200048293525972,45.25810313134538,116.58150100708008,116.45774947855152,0.3460459406324503,1.8014275687081474,0.01518339806429315,0.1576309418430129,43,40
ABBV,2021-08-19,116.20999908447266,118.95999908447266,116.20999908447266,117.93000030517578,108.8723602294922,6145200,False,0.0054416436487318,55.53290968579682,116.6010009765625,116.59796384299192,0.4203459486478493,1.7814276559012288,0.014014471331480793,0.14487556809753988,44,48
ABBV,2021-08-20,118.0999984741211,119.47000122070312,117.6500015258789,118.81999969482422,109.69400787353516,4112500,False,0.0075185539451788,61.40826009137698,116.6325008392334,116.8095863050712,0.5447650407270572,1.7807137625558056,0.014031638956526917,0.14506290188642382,44,48
ABBV,2021-08-23,119.8000030517578,120.4499969482422,119.22000122070312,119.36000061035156,110.1925277709961,4748300,True,0.0045343454081181,60.7167419615365,116.71100082397462,117.05248290557408,0.6791132338713481,1.7957136971609953,0.012292263890182488,0.12608277384931305,44,48
ABBV,2021-08-24,119.72000122070312,119.72000122070312,118.41999816894533,119.68000030517578,110.48795318603516,3831500,False,0.0026774057246716,66.83746219515264,116.79700088500977,117.30272265791707,0.8021596487837854,1.7735715593610502,0.011336407503817834,0.11565243197001955,45,48
ABBV,2021-08-25,119.86000061035156,121.4000015258789,118.87000274658205,120.4000015258789,111.15265655517578,5241100,False,0.0059980466822166,68.4100226966323,116.88950080871582,117.59770159772296,0.9468581094261594,1.875,0.0017938618106252669,0.011523804072975683,49,48
ABBV,2021-08-26,120.86000061035156,121.25,120.1500015258789,120.4000015258789,111.15265655517578,5035400,False,0.0,71.76299215015443,116.96600074768068,117.8645873051664,1.0494354434402595,1.873571123395648,0.002928356782585086,0.023903457111529632,49,48
ABBV,2021-08-27,120.33999633789062,120.63999938964844,119.41999816894533,119.58000183105467,110.39563751220705,4279900,False,-0.0068339229816853,69.57447476240658,117.1300006866455,118.02796011715576,1.0524298412323958,1.8571423121861048,0.0050566169777393945,0.04712711472392194,48,48
ABBV,2021-08-30,119.83999633789062,120.9000015258789,119.54000091552734,120.56999969482422,111.30960083007812,3260900,True,0.0082448976142788,70.06280273997979,117.3860008239746,118.27005912455274,1.121756565487246,1.803570883614677,0.005862565635486428,0.05592165766716727,47,48
ABBV,2021-08-31,120.83000183105467,121.16999816894533,120.02999877929688,120.77999877929688,111.50344848632812,6021800,False,0.0017400031618675,76.26486709869613,117.61250076293943,118.50910099643312,1.1800408882034077,1.7571427481515076,0.005851155552964271,0.055797150405119594,47,48
ABBV,2021-09-01,121.0,121.52999877929688,106.0999984741211,112.2699966430664,103.64707946777344,50943200,False,-0.0730638569322324,41.58761440755277,117.47200050354004,117.9149005818268,0.5333969149261151,2.715714045933316,0.03346069898754379,0.3570735568421901,35,32
ABBV,2021-09-02,113.5500030517578,113.73999786376952,110.81999969482422,112.0199966430664,103.4162826538086,14719200,False,-0.0022292394673686,38.52879075681702,117.31700019836424,117.35348115908768,0.0007454040686951,2.844285147530691,0.03324194674670031,0.3546865239244767,35,32
ABBV,2021-09-03,111.18000030517578,112.06999969482422,111.0199966430664,111.62000274658205,103.04701232910156,5364800,False,-0.0035771076742092,31.044102681193948,117.17550048828124,116.80743559599192,-0.4484909953718414,2.766428266252788,0.033459159221805417,0.3570567548588647,35,32
ABBV,2021-09-07,110.4499969482422,111.56999969482422,108.31999969482422,109.02999877929688,100.65592956542967,12694200,True,-0.0234772514044812,22.389597706980567,116.9240005493164,116.06672732773524,-1.0019558299833733,2.877857208251953,0.031168611815100562,0.33206221291357885,36,32
ABBV,2021-09-08,108.05999755859376,110.9000015258789,107.72000122070312,110.36000061035156,101.8837890625,10823200,False,0.0121247777737393,30.971991615626,116.70100059509278,115.5232295451273,-1.3180668126862545,2.9092859540666844,0.03326506295223776,0.3549387688538898,35,32
ABBV,2021-09-09,109.44000244140624,109.73999786376952,107.1999969482422,107.2699966430664,99.03109741210938,10337100,False,-0.0283989247613119,24.201350986060334,116.37850036621094,114.73720736397864,-1.797207451080908,2.9385719299316384,0.01663846499428933,0.17350868849367376,43,40
ABBV,2021-09-10,107.4800033569336,108.31999969482422,106.36000061035156,106.68000030517578,98.48641967773438,7620100,False,-0.0055152487036618,20.1866428641556,115.93050041198732,113.96985431075932,-2.1991867764801896,2.9485718863350985,0.016361247574235058,0.1704836812778317,43,40
ABBV,2021-09-13,107.38999938964844,108.7699966430664,106.80999755859376,107.4800033569336,99.22499084472656,7398900,True,0.0074712390204287,21.193026985927105,115.48050041198732,113.35177326753784,-2.425247978559,2.98142896379743,0.018063978684238965,0.18906394904524743,42,40
ABBV,2021-09-14,107.98999786376952,108.06999969482422,106.25,106.4800033569336,98.30178833007812,6102700,False,-0.0093476868391283,19.014096110298865,114.88400039672852,112.69731899033742,-2.654495382141448,3.018571581159317,0.01593040617702443,0.16578232327806944,43,40
ABBV,2021-09-15,106.58999633789062,108.8000030517578,106.02999877929688,107.7699966430664,99.49269104003906,7444300,False,0.012041965020242,21.12481092214182,114.28950004577636,112.22805019535924,-2.7009490643205964,3.035714830671036,0.01590852557820567,0.1655435613369882,43,40
ABBV,2021-09-16,108.23999786376952,108.75,106.52999877929688,108.08000183105467,99.77889251708984,5821800,False,0.0028724785414197,22.22723281038614,113.82900009155271,111.83299797018738,-2.6818345944582376,3.1157150268554665,0.008881980915345153,0.08886963405122052,46,48
ABBV,2021-09-17,107.5,108.25,107.0999984741211,107.7300033569336,99.45578002929688,14157200,False,-0.0032435395600574,22.70843165857984,113.31900024414062,111.44223657844891,-2.6642167588041588,3.110715048653738,0.008482231291887894,0.08450755068989495,46,48
ABBV,2021-09-20,106.0999984741211,107.48999786376952,105.55999755859376,106.4000015258789,98.22793579101562,7103400,True,-0.0124224701361326,17.868489324731172,112.69800033569337,110.96202371629938,-2.726149178831051,3.1685725620814718,0.009811710284115146,0.0990148769034153,46,48
ABBV,2021-09-21,106.25,107.41000366210938,106.1999969482422,107.1500015258789,98.92032623291016,6400400,False,0.0070240871670474,19.83179535258837,112.08750038146972,110.59897398387838,-2.683775443195927,3.1735730852399517,0.009481129471086437,0.095407566278293,46,48
ABBV,2021-09-22,107.01000213623048,107.58000183105467,105.93000030517578,106.41000366210938,98.2371597290039,6319100,False,-0.0069301881671193,30.229442976967107,111.4240005493164,110.2000244294242,-2.679023480555202,2.1892874581473163,0.007716842348395836,0.07615559691824558,46,48
ABBV,2021-09-23,106.98999786376952,108.2699966430664,106.6500015258789,107.36000061035156,99.11420440673828,5847800,False,0.0088882127110582,34.98712293601972,110.77200050354004,109.92954597046489,-2.5689870184492065,2.11357280186244,0.009114124319763528,0.0914027918640962,46,48
ABBV,2021-09-24,106.87000274658205,108.0500030517578,106.44000244140624,107.06999969482422,98.84646606445312,5836100,False,-0.0027049666471409,35.23685278886232,110.10550041198732,109.65720822992768,-2.4766338859187726,2.1535726274762794,0.009089103896361469,0.09112976803565195,46,48
ABBV,2021-09-27,107.12999725341795,108.63999938964844,107.0199966430664,107.72000122070312,99.44654846191406,4969600,True,0.0060524999408826,45.13735174507515,109.51250038146972,109.47271232428724,-2.3242017214909936,2.033572605678008,0.006890413715209424,0.06713757569043842,47,48
ABBV,2021-09-28,107.62000274658205,108.62000274658205,107.04000091552734,107.33999633789062,99.0957260131836,6445600,False,-0.0035339860468308,37.939284177786746,108.85100021362304,109.269596516059,-2.208601962559783,1.9192870003836453,0.006760894862782495,0.06572426096042493,47,48
ABBV,2021-09-29,107.8499984741211,109.58000183105467,107.4800033569336,108.83999633789062,100.4805145263672,6270100,False,0.0138775110056095,57.182066106991634,108.25400009155274,109.22868221337627,-1.9732049780688496,1.8535728454589804,0.0075176392393858284,0.07398188488364305,47,48
ABBV,2021-09-30,109.1999969482422,110.41999816894533,107.77999877929688,107.87000274658205,99.58502197265624,7886400,False,-0.0089520519097291,55.26084305165062,108.03400039672852,109.0992841689197,-1.84366888094452,1.90214429582868,0.009009322482262733,0.09025919015749585,46,48
ABBV,2021-10-01,108.25,109.69000244140624,106.87000274658205,109.08999633789062,100.71131896972656,8611500,False,0.0112464248034767,56.862722142112446,107.88750038146972,109.0983996135836,-1.6238485880966351,1.9542873927525064,0.00972705293169469,0.09809109259759562,46,48
ABBV,2021-10-04,108.83999633789062,110.1999969482422,107.69000244140624,108.7300033569336,100.37897491455078,9779200,True,-0.003305424158975,60.144291428233394,107.74300041198732,109.0633142558074,-1.4618367037126916,2.003572736467631,0.010064821026318848,0.10177683111763255,45,48
ABBV,2021-10-05,109.38999938964844,110.58000183105467,109.0999984741211,109.51000213623048,101.09906768798828,7146900,False,0.0071481321763493,58.223098778430085,107.767000579834,109.10585595870484,-1.256023083083761,1.9378580365862133,0.009761038117538947,0.09846194026074205,46,48
ABBV,2021-10-06,109.3000030517578,109.66999816894533,108.1500015258789,109.31999969482422,100.92365264892578,5710300,False,-0.0017365876754233,55.92734121024566,107.71500053405762,109.12625060024,-1.09561633195581,1.8878577096121631,0.008182080960045924,0.0812322986531305,46,48
ABBV,2021-10-07,109.77999877929688,111.79000091552734,109.55999755859376,110.87000274658205,102.35460662841795,7842600,False,0.0140790030500707,63.46484782418092,107.8950008392334,109.29232223322497,-0.8338089036446235,1.9821434020996076,0.007733689121297416,0.0763394295561114,46,48
ABBV,2021-10-08,111.0500030517578,111.75,110.63999938964844,111.18000030517578,102.64080810546876,5019800,False,0.0027922738016046,72.46243378048536,108.1200008392334,109.47210109722027,-0.5944578778874217,1.906428745814731,0.007053796110142157,0.06892041070678158,47,48
ABBV,2021-10-11,111.13999938964844,111.4000015258789,110.27999877929688,110.33999633789062,101.86530303955078,4613800,True,-0.0075842113357255,64.86485717800258,108.26300048828124,109.55475778680794,-0.4671665601928509,1.8999998910086493,0.008283071358670778,0.08233430979121532,46,48
ABBV,2021-10-12,110.12000274658205,110.26000213623048,108.16000366210938,108.56999969482422,100.23125457763672,6305800,False,-0.0161713201970783,59.18366684940038,108.36750030517578,109.4609713018571,-0.503309373295636,1.9378564017159607,0.011326947189507166,0.11554920065415093,45,48
ABBV,2021-10-13,108.58999633789062,109.04000091552734,108.0,108.52999877929688,100.19432830810548,5471100,False,-0.0003684786085427,55.39170118062343,108.4055004119873,109.37230725208946,-0.5290816289789859,1.8792855398995545,0.011343085193402424,0.11572529917719067,45,48
ABBV,2021-10-14,107.95999908447266,108.98999786376952,107.8000030517578,108.91000366210938,101.76410675048828,7289500,False,0.0155458726581383,58.40952851853686,108.44700050354004,109.328278338758,-0.5129303670936594,1.849285125732423,0.011852672071774515,0.12128593091480731,45,48
ABBV,2021-10-15,109.1500015258789,109.95999908447266,109.08000183105467,109.33000183105467,102.1565399169922,4634500,False,0.00384888590119,57.516348715610654,108.5270004272461,109.3284424808815,-0.4609267567879413,1.808570316859655,0.011949712865426534,0.12234484381058033,45,48
ABBV,2021-10-18,108.98999786376952,108.98999786376952,107.08999633789062,107.43000030517578,100.3812026977539,7949400,True,-0.0175313762934729,50.36796424723754,108.57850036621092,109.14763846414763,-0.5664975341765057,1.8557134355817515,0.013985753170981005,0.1445621944187842,44,48
ABBV,2021-10-19,107.75,108.06999969482422,106.86000061035156,107.4499969482422,100.39989471435548,4614900,False,0.0001861929922339,43.53487738303595,108.5935001373291,108.98595831977568,-0.6411586955419892,1.7821415492466517,0.011868471481756439,0.12145833468796129,45,48
ABBV,2021-10-20,107.5,109.11000061035156,107.5,108.41000366210938,101.29691314697266,5626800,False,0.0088947798058504,52.51397124271774,108.6935001373291,108.93110549523604,-0.6157655234766395,1.712141854422431,0.012440189188659686,0.1276969404309496,44,48
ABBV,2021-10-21,108.41000366210938,108.9499969482422,107.1500015258789,108.76000213623048,101.62394714355467,4811800,False,0.0032232692021519,48.32829731595354,108.76350021362305,108.91480993723552,-0.5609332109772964,1.63928440638951,0.010140567090554534,0.10260337510191654,45,48
ABBV,2021-10-22,108.66999816894533,109.22000122070312,108.30999755859376,109.13999938964844,101.97901153564452,4614400,False,0.0034878152492023,52.07277928077,108.86700019836424,108.93625655175104,-0.4812678495045617,1.5249993460518954,0.01010507550420811,0.10221608953819333,45,48
ABBV,2021-10-25,109.08000183105467,109.13999938964844,107.75,108.5,101.38101196289062,5697400,True,-0.0058812079791245,44.82050591844919,108.9060001373291,108.89470830872712,-0.4644215164764631,1.4921422685895638,0.005400224898765167,0.05087657765565238,47,48
ABBV,2021-10-26,108.80999755859376,109.58000183105467,108.1999969482422,109.48999786376952,102.30603790283205,5047400,False,0.0090828778755776,50.80567829275166,109.01350021362305,108.95140255206448,-0.3669560810514554,1.482142857142853,0.006083050981309664,0.058327602293490315,47,48
ABBV,2021-10-27,109.58000183105467,109.72000122070312,108.16999816894533,108.4000015258789,101.28756713867188,4875300,False,-0.0100050221098218,37.76014808138411,108.99150047302246,108.89888816861824,-0.3733637118060073,1.416428702218187,0.0077417756701632584,0.07642767029028187,46,48
ABBV,2021-10-28,108.38999938964844,109.9000015258789,108.1999969482422,109.66999816894533,102.47423553466795,5193300,False,0.0116477357055803,43.16740831776964,109.08150024414064,108.97232721626844,-0.2728188046960866,1.458571842738554,0.009369328155219216,0.09418758599288103,46,48
ABBV,2021-10-29,112.08999633789062,114.91999816894533,111.41999816894533,114.66999816894533,107.14617156982422,16545000,False,0.0445825853035717,64.23407055764343,109.36050033569336,109.5149625450948,0.2079251402441286,1.7535716465541231,0.02151661773934179,0.22673928003036134,40,40
ABBV,2021-11-01,115.25,115.72000122070312,113.56999969482422,114.80999755859376,107.27698516845705,7096800,True,0.0012201444736827,72.97496512556215,109.66450004577636,110.01925159399946,0.59337490436873,1.7514294215610988,0.020422257032695172,0.214797573648086,41,40
ABBV,2021-11-02,115.25,117.69000244140624,115.16000366210938,116.52999877929688,108.8841323852539,10357800,False,0.0148701750761127,76.21232922599124,110.01549987792968,110.63932275450398,1.0258114277205124,1.8828582763671795,0.020428783160205757,0.2148687870040402,41,40
ABBV,2021-11-03,116.52999877929688,117.61000061035156,116.23999786376952,117.56999969482422,109.85589599609376,6186900,False,0.0088851593473572,77.19849616493313,110.4279998779297,111.29938722501068,1.4358878489331204,1.895715985979345,0.016627967311818186,0.17339413737629228,43,40
ABBV,2021-11-04,117.56999969482422,117.72000122070312,116.33000183105467,117.05999755859376,109.37935638427734,4912200,False,-0.0043472968617215,74.14115671382201,110.73749961853028,111.84801678059002,1.70012546894246,1.920001983642572,0.019089093633045444,0.2002500430381864,41,40
ABBV,2021-11-05,116.7300033569336,117.31999969482422,115.5,117.18000030517578,109.49148559570312,4635800,False,0.0010246154327474,84.25861885935439,111.03749961853028,112.35582473531248,1.8973474647575443,1.8900015694754413,0.007545479028998076,0.07428567374528126,47,48
ABBV,2021-11-08,117.1999969482422,117.4499969482422,115.77999877929688,116.05999755859376,108.4449691772461,7015000,True,-0.0096039413266758,78.08219041732252,111.32349967956544,112.7086030994345,1.9408989806715624,1.9228586469377749,0.009859012120141739,0.09953103636870074,46,48
ABBV,2021-11-09,116.23999786376952,116.58999633789062,115.41000366210938,115.61000061035156,108.02449798583984,3146800,False,-0.0038848131860924,74.29150068520451,111.6754997253418,112.9849266719028,1.9170048393692696,1.8885721479143385,0.006958038045739203,0.0678754950022155,47,48
ABBV,2021-11-10,115.4000015258789,117.0999984741211,115.38999938964844,116.75,109.08969116210938,4981100,False,0.0098123639643892,75.59257353131652,112.08649978637696,113.34350508410252,1.96737827154746,1.882143838065007,0.007310290249826561,0.07171928468524447,47,48
ABBV,2021-11-11,116.94000244140624,117.48999786376952,116.29000091552734,116.62999725341795,108.9775619506836,3120900,False,-0.0010283911931517,74.39738960364424,112.47249946594238,113.65650433832305,1.9748515019135908,1.9028576442173508,0.007124055191494321,0.0696870805214964,47,48
ABBV,2021-11-12,117.4000015258789,117.4000015258789,116.43000030517578,116.97000122070312,109.29525756835938,2740300,False,0.0029109977386959,78.13953323323034,112.8544994354248,113.9720754699783,1.985323990309638,1.8728577750069717,0.007288654079077166,0.07148318995271541,47,48
ABBV,2021-11-15,116.9499969482422,117.8000030517578,116.22000122070312,116.83999633789062,109.17378997802734,3941000,True,-0.0011119891280953,75.89849632751647,113.32499923706057,114.24521079073186,1.9605333966598693,1.8871432713099856,0.005319050308246514,0.04999079738248674,48,48
ABBV,2021-11-16,116.61000061035156,117.47000122070312,116.33999633789062,116.41999816894533,108.7813491821289,3476400,False,-0.003601119216644,79.65972478902098,113.7734992980957,114.45233339818076,1.885264178509459,1.8571434020996076,0.005250459085290083,0.049242327303131654,48,48
ABBV,2021-11-17,116.5999984741211,117.62000274658205,116.25,117.3499984741211,109.65031433105467,4361500,False,0.0079564447672,79.13501986360886,114.22049903869627,114.72830150065128,1.8789961353172089,1.8335718427385603,0.004521781473755315,0.041290969006514966,48,48
ABBV,2021-11-18,117.41000366210938,118.37000274658205,116.63999938964844,117.06999969482422,109.3886947631836,3160300,False,-0.0023887954329276,64.18438213281796,114.63599891662598,114.9513203762868,1.830336128937006,1.5821435110909607,0.0047131196632193674,0.04337885873466262,48,48
ABBV,2021-11-19,117.62999725341795,117.8000030517578,115.86000061035156,116.23999786376952,108.6131591796875,5885800,False,-0.0071149748602549,57.81419498361963,114.99099884033204,115.07405156557088,1.7051426886525718,1.5671435764857702,0.005612490472140882,0.05319282780692598,47,48
ABBV,2021-11-22,115.9499969482422,117.33999633789062,115.01000213623048,115.6500015258789,108.06187438964844,3975800,True,-0.0050885971542689,44.513740975780976,115.34849891662596,115.12890394274308,1.5405595994965466,1.5278570992606038,0.0058638020828447514,0.055935149828591345,47,48
ABBV,2021-11-23,116.55999755859376,119.33000183105467,116.1500015258789,118.87999725341795,111.07994079589844,8948300,False,0.0275461553636844,56.41526296361054,115.8179988861084,115.4861509247121,1.6517199768617843,1.692856924874441,0.014290478948932673,0.1478873739005657,44,48
ABBV,2021-11-24,118.68000030517578,119.23999786376952,118.08000183105467,118.66000366210938,110.87438201904295,5792800,False,-0.0018522625107638,58.06454838129133,116.33099899291992,115.78842261398805,1.7024390746149152,1.6764281136648975,0.014316038299266264,0.1481662785205431,44,48
ABBV,2021-11-26,117.61000061035156,118.11000061035156,115.83000183105467,116.51000213623048,108.86544799804688,5016700,True,-0.0182851692751322,47.19665966507274,116.67299919128418,115.85714447324922,1.5512651511364195,1.7485711233956462,0.01709157351667408,0.17845302622506543,42,40
ABBV,2021-11-29,116.83000183105467,117.91999816894533,116.58000183105467,116.88999938964844,109.2205047607422,4372500,True,0.0032561205516075,53.70206272850764,116.78399925231932,115.9555116081444,1.445458978870235,1.729999542236326,0.016784264975928876,0.1750996635357289,42,40
ABBV,2021-11-30,116.68000030517578,116.79000091552734,115.0999984741211,115.27999877929688,107.71615600585938,8172100,False,-0.0138692359664955,48.66611980066117,116.8074993133545,115.89117705301608,1.217656841039684,1.773571559361047,0.018010228823373248,0.18847742848338134,42,40
ABBV,2021-12-01,115.77999877929688,118.9800033569336,115.61000061035156,115.91000366210938,108.30481719970705,6287500,False,0.0054500509112427,46.45870027545585,116.77649955749511,115.8929700634059,1.07555975115703,1.9157148088727656,0.01051684781203084,0.10670936489658828,45,48
ABBV,2021-12-02,116.25,117.5999984741211,115.5999984741211,116.87000274658205,109.20182800292967,4919800,False,0.0082481699614963,50.94490374345056,116.741499710083,115.98602079513697,1.028554154698,1.9728578839983248,0.01213293469652082,0.12434416752209708,45,48
ABBV,2021-12-03,117.73999786376952,119.0,117.0,118.8499984741211,111.0519027709961,6428100,False,0.0167998814322476,56.55508624042405,116.83099975585938,116.25878057408784,1.137953370441778,2.055714743477956,0.011223266741500678,0.11441783559310982,45,48
ABBV,2021-12-06,119.62999725341795,122.4499969482422,119.20999908447266,121.3499984741211,113.38787078857422,8939900,True,0.0208167414801806,63.49493268000214,117.03949966430665,116.7436584693291,1.4101270765607978,2.200000217982701,0.013465039008033895,0.13888014132126322,44,48
ABBV,2021-12-07,121.9800033569336,122.13999938964844,121.0,121.51000213623048,113.53736877441406,6123300,False,0.0013175970002798,65.4711467242513,117.31199989318849,117.19759596141496,1.6200625848671848,2.200714111328125,0.008077892699948862,0.08009539232690492,46,48
ABBV,2021-12-08,121.95999908447266,122.44000244140624,120.75,121.87000274658205,113.8737564086914,5278100,False,0.0029584118134132,64.23176078661615,117.625,117.64258708381185,1.79479771744451,2.223571232386996,0.008533365591041345,0.08506553014113553,46,48
ABBV,2021-12-09,122.20999908447266,124.45999908447266,122.0999984741211,124.1500015258789,116.00415802001952,8082300,False,0.0185356006137331,69.79867432792597,117.99500007629396,118.26234084019916,2.09312517160204,2.284999302455353,0.009210255719455914,0.0924517814177885,46,48
ABBV,2021-12-10,123.72000122070312,126.01000213623048,123.72000122070312,125.47000122070312,117.23755645751952,7059500,False,0.01057623793619,75.12250855659828,118.4370002746582,118.94878468596146,2.4083033501262463,2.3099991934640047,0.008826420520449964,0.08826335687195784,46,48
ABBV,2021-12-13,125.1999969482422,127.73999786376952,125.1999969482422,126.51000213623048,118.20931243896484,7834200,True,0.0082546139079168,78.8522985891696,118.91400032043455,119.66890063360611,2.710755804053335,2.3249996730259457,0.006841660908108658,0.06660558317263957,47,48
ABBV,2021-12-14,125.6999969482422,127.8499984741211,125.37999725341795,127.29000091552734,118.9381332397461,6381400,False,0.0061465818726675,75.68725159019571,119.4365005493164,120.3947197080748,2.9790502981674365,2.2385711669921866,0.005877447524163619,0.056084049412336266,47,48
ABBV,2021-12-15,128.25,130.77999877929688,127.5999984741211,130.22999572753906,121.68522644042967,9585600,False,0.0228341301852435,80.30380902290982,120.12700042724607,121.3314126623095,3.3898327466718285,2.4049998692103784,0.007112535974276928,0.06956138237743084,47,48
ABBV,2021-12-16,130.10000610351562,133.27999877929688,129.91000366210938,131.77999877929688,123.13352966308594,9569000,False,0.0118317741780756,91.29258628252036,120.84850044250489,122.32651610202258,3.7966872418320463,2.443570818219864,0.006474927691091354,0.06260377611610929,47,48
ABBV,2021-12-17,130.83999633789062,131.02000427246094,129.3699951171875,129.52999877929688,121.0311508178711,12631100,False,-0.0172214163048943,81.04125493793435,121.47150039672852,123.0125620712868,3.8926936156261576,2.514999934605188,0.014671870745711498,0.15204913594673522,43,40
ABBV,2021-12-20,128.50999450683594,131.38999938964844,128.22999572753906,130.86000061035156,122.27389526367188,7119200,True,0.010215614294928,88.79482173890906,122.20250053405762,123.75993717024537,4.029648115912195,2.612857273646761,0.014760813201960439,0.15301967947136325,43,40
ABBV,2021-12-21,131.22999572753906,131.35000610351562,129.14999389648438,129.9499969482422,121.4236068725586,6085900,False,-0.006978256519921,84.47935379479927,122.91750030517578,124.34946667291172,4.018433849746813,2.5057149614606566,0.01601150095344824,0.16666723261674335,43,40
ABBV,2021-12-22,129.91000366210938,132.5800018310547,129.77999877929688,132.0500030517578,123.38581085205078,7070900,False,0.0160308048541993,85.30231376388416,123.57600059509278,125.08285108994468,4.131375480242468,2.5628580365862144,0.014213434993294163,0.1470466672750662,44,48
ABBV,2021-12-23,132.3300018310547,133.77000427246094,132.1699981689453,133.08999633789062,124.35758209228516,5702300,False,0.007845022324117,84.63033626102616,124.29750022888184,125.84543635165382,4.255743738011859,2.533572605678013,0.01368022003813849,0.14122820504918945,44,48
ABBV,2021-12-27,133.19000244140625,134.47999572753906,133.16000366210938,134.41000366210938,125.59098052978516,4436800,True,0.0098692981943316,83.69452207464283,125.19250030517578,126.66110942884006,4.409984481637679,2.3757155282156788,0.008594302675540275,0.08573047796543008,46,48
ABBV,2021-12-28,134.5500030517578,135.25999450683594,133.74000549316406,134.38999938964844,125.57229614257812,4237200,False,-0.0001487827957099,83.47190350487958,126.06750030517578,127.39719418701227,4.478976353266276,2.402857644217353,0.008985374584544594,0.0899978697708209,46,48
ABBV,2021-12-29,134.61000061035156,135.8699951171875,134.0800018310547,135.36000061035156,126.47864532470705,5594300,False,0.0071918246636269,83.97981997716178,127.07150039672852,128.1555567035208,4.559366363136618,2.4099998474121085,0.005808263237228202,0.05532910779589113,47,48
ABBV,2021-12-30,135.75,136.8300018310547,135.6300048828125,135.92999267578125,127.01124572753906,6354300,False,0.0042021493192097,82.4696433070174,128.0724998474121,128.89597917706942,4.615860850583417,2.330000196184431,0.0038929197167116318,0.034428805176940996,48,48
ABBV,2021-12-31,136.0399932861328,136.2100067138672,135.3000030517578,135.39999389648438,126.51602172851562,3963400,False,-0.0039066774461001,78.61668352315202,128.99899940490724,129.51540915034704,4.565241405641018,2.231428963797432,0.005541794709513354,0.05242139290923499,47,48
ABBV,2022-01-03,135.41000366210938,135.6999969482422,133.50999450683594,135.4199981689453,126.53472137451172,6839800,True,0.0001477936464507,77.28104981902973,129.82749938964844,130.07775096164212,4.47515253569,2.2064290727887843,0.004285952320763337,0.03871759216256704,48,48
ABBV,2022-01-04,135.3300018310547,136.22000122070312,134.3800048828125,135.16000366210938,126.29177856445312,6298300,False,-0.0019218150383004,74.88931108182463,130.51799964904785,130.56177502835328,4.33283089588744,2.1614287240164622,0.004522981400257135,0.04130406265093953,48,48
ABBV,2022-01-05,135.0,138.14999389648438,135.0,135.8699951171875,126.95518493652344,7724900,False,0.0052392169320176,70.76582705884071,131.2359992980957,131.06731979871844,4.228585842363032,2.1371427263532365,0.00391331936322141,0.03465140690911433,48,48
ABBV,2022-01-06,136.39999389648438,136.66000366210938,135.16000366210938,135.22999572753906,126.35717010498048,4667000,False,-0.0047215694822109,63.614828124830645,131.90399894714355,131.4637651252728,4.047669272565827,2.0035716465541293,0.003980845927061269,0.03538825938698748,48,48
ABBV,2022-01-07,135.25,135.83999633789062,134.1300048828125,134.8800048828125,126.0301513671875,8630300,False,-0.0025914052963524,74.83756527849798,132.44049911499025,131.78912129265754,3.83187873855772,1.953570774623326,0.00378193498212004,0.033217735458010086,48,48
ABBV,2022-01-10,135.0800018310547,136.89999389648438,134.57000732421875,136.38999938964844,127.44105529785156,9794400,True,0.0111327714206207,75.25117820344528,132.9864990234375,132.22730015903764,3.739599349341063,1.8942838396344863,0.006593596245666398,0.06389869197606056,47,48
ABBV,2022-01-11,135.85000610351562,137.08999633789062,134.8000030517578,136.97000122070312,127.98300170898438,7159400,False,0.0042435096422472,83.05093025628204,133.50949897766114,132.67898597443434,3.670952118109114,1.9007110595703125,0.006383818266710096,0.06160958655136057,47,48
ABBV,2022-01-12,136.52000427246094,137.38999938964844,136.02999877929688,137.2899932861328,128.281982421875,6589300,False,0.002333372618642,79.63806840935139,134.0094985961914,133.11812952792943,3.6008608952339216,1.797853742327009,0.00622055091427153,0.05982800688316585,47,48
ABBV,2022-01-13,135.0,135.1199951171875,132.89999389648438,133.52000427246094,126.05396270751952,8386400,False,-0.0175207378468868,51.85829457078084,134.1739990234375,133.1564033131229,3.2041708033409577,1.988567897251674,0.010722964216479674,0.10895851507856123,45,48
ABBV,2022-01-14,133.35000610351562,136.0500030517578,132.2899932861328,135.8699951171875,128.27255249023438,10484500,False,0.0174472257442993,55.79364214350591,134.37849884033204,133.4148406277957,3.0443226129376058,2.157854352678572,0.013196266936889545,0.13594729007955808,44,48
ABBV,2022-01-18,135.50999450683594,137.97999572753906,135.27999877929688,136.77999877929688,129.1316680908203,12341900,True,0.0066752502251343,58.8584478501307,134.74099884033205,133.73533188031962,2.9569851762606163,2.242140633719308,0.012695055152097205,0.13047804768719665,44,48
ABBV,2022-01-19,136.41000366210938,137.5,134.83999633789062,135.2100067138672,127.64948272705078,6196700,False,-0.0115444752897326,49.46772680902493,134.9584991455078,133.87577710256224,2.7296190405818663,2.304284232003348,0.014082779264613075,0.14562094690737065,44,48
ABBV,2022-01-20,134.5,134.8000030517578,132.75,133.02999877929688,125.59136962890624,6612800,False,-0.0162545528763351,40.76432192451833,135.11249923706055,133.79522678606077,2.34647264274156,2.374998910086496,0.01552064177415852,0.16131095825626846,43,40
ABBV,2022-01-21,133.05999755859375,134.25,131.6699981689453,131.97999572753906,124.6000747680664,7583000,False,-0.0079243321096798,39.4574366104699,135.1089988708496,133.62234763763013,1.9357853623248216,2.4942844935825894,0.01398507228004492,0.14455476451053942,44,48
ABBV,2022-01-24,132.82000732421875,133.25,128.25999450683594,132.16000366210938,124.77001190185548,13733800,True,0.0013629313953765,40.04883197311168,135.06249923706054,133.4830767828186,1.60632119880367,2.6942847115652904,0.009399510125952136,0.09451693282554956,46,48
ABBV,2022-01-25,131.49000549316406,134.32000732421875,130.7899932861328,133.08999633789062,125.6479949951172,10296500,False,0.0070121689866602,43.92958207817173,134.99649887084962,133.44564054996837,1.4040758003943663,2.815000261579241,0.009509509324256893,0.09571724833437865,46,48
ABBV,2022-01-26,133.2899932861328,135.47999572753906,132.8300018310547,134.22999572753906,126.72428131103516,8040300,False,0.0085294062938942,45.3089168944287,134.98849868774414,133.52034104307032,1.320560686850257,2.7792859758649557,0.010490484739118792,0.10642169002473101,45,48
ABBV,2022-01-27,135.5,138.3000030517578,135.36000061035156,135.97000122070312,128.36697387695312,8869100,False,0.012879432280819,51.99140644697152,135.0189987182617,133.7536420123687,1.378883350202301,2.962857927594866,0.008013819323071178,0.07939622115880005,46,48
ABBV,2022-01-28,135.99000549316406,137.97999572753906,134.60000610351562,137.9199981689453,130.20794677734375,8014400,False,0.0142396176934885,57.532201903192025,135.1184989929199,134.15043783680454,1.5644192863042576,3.08214351109096,0.0051188535708171475,0.0478062428361191,48,48
ABBV,2022-01-31,136.82000732421875,137.1699981689453,135.6199951171875,136.88999938964844,129.2355499267578,10300000,True,-0.0074960553357595,51.2690367125257,135.19299926757813,134.4113484608849,1.6097889144025714,3.0800018310546875,0.008652300613628677,0.0863633537103491,46,48
ABBV,2022-02-01,137.3699951171875,137.83999633789062,136.0399932861328,137.0,129.33938598632812,7413900,False,0.000803140991103,50.07800002539167,135.27199935913086,134.65788670270538,1.6357647239731534,3.0450025285993303,0.009090495848554673,0.09114495707185223,46,48
ABBV,2022-02-02,135.41000366210938,139.41000366210938,133.0500030517578,138.6199951171875,130.86878967285156,11363100,False,0.0117553669848743,53.239169261207934,135.44499893188475,135.0352303612275,1.7667053280109428,3.4021453857421875,0.009441149292122844,0.0949713010182244,46,48
ABBV,2022-02-03,139.5,141.7100067138672,139.0399932861328,140.72999572753906,132.86080932617188,10272700,False,0.0151068180815417,69.10438081807185,135.68799896240233,135.57758896754288,2.017479863304942,3.309289114815848,0.009864239430999504,0.09958807698707563,46,48
ABBV,2022-02-04,140.14999389648438,142.8000030517578,139.22999572753906,140.64999389648438,132.7852783203125,6921500,False,-0.0005686589143016,64.39758139090245,135.9589988708496,136.0606751512516,2.1845825028579213,3.295717511858259,0.009310304276199988,0.09354351514082132,46,48
ABBV,2022-02-07,141.1699981689453,143.00999450683594,140.3300018310547,142.52999877929688,134.56016540527344,9597800,True,0.013278050578904,66.36311213164413,136.34149856567382,136.67680121106542,2.440579746688087,3.2942886352539062,0.007376585844040774,0.0724427047749245,47,48
ABBV,2022-02-08,142.02999877929688,143.60000610351562,141.25,143.50999450683594,135.4853515625,7559500,False,0.0068521024714943,74.44046649808321,136.6974983215332,137.32758152494833,2.6915108106130106,3.2721459524972096,0.006303854292710814,0.06073701657250471,47,48
ABBV,2022-02-09,143.97999572753906,143.97999572753906,142.83999633789062,143.1999969482422,135.1927032470703,5989100,False,-0.0021623358396265,83.65320237637201,137.00899810791014,137.88685918430966,2.832707584676456,3.177859715053013,0.007828557612855048,0.07737463820736319,46,48
ABBV,2022-02-10,143.14999389648438,144.4199981689453,142.30999755859375,142.7100067138672,134.7301025390625,7333400,False,-0.0034276552481599,86.87292092270133,137.27999877929688,138.34620656807704,2.8719627298794137,3.1442881992885043,0.007088110568310677,0.0692948514022731,47,48
ABBV,2022-02-11,142.86000061035156,143.61000061035156,141.5399932861328,142.00999450683594,134.06922912597656,6475200,False,-0.0049172350288789,82.68080965789716,137.70449829101562,138.69513875272074,2.8141478359034124,2.9357169015066966,0.007831690558465089,0.07740882503110377,46,48
ABBV,2022-02-14,141.77999877929688,143.19000244140625,139.44000244140625,143.0,135.0038604736328,9931900,True,0.006947072321212,82.74950582919844,138.06099853515624,139.1051255381759,2.8157560029164586,2.951430184500558,0.0057803428534057765,0.055024439487112484,47,48
ABBV,2022-02-15,143.35000610351562,145.4600067138672,143.1999969482422,144.75999450683594,136.66546630859375,9530100,False,0.0122327137532689,83.4285675533234,138.4599983215332,139.6436844875721,2.925325997527068,2.937859671456473,0.007474325345373808,0.07350924199595248,47,48
ABBV,2022-02-16,144.74000549316406,147.22000122070312,144.16000366210938,145.8699951171875,137.71340942382812,8028900,False,0.0076386945461837,82.73808562686193,138.9929977416992,140.23666645229738,3.066381443731217,2.865716116768973,0.007482046290422715,0.07359349324712382,47,48
ABBV,2022-02-17,144.8000030517578,145.47000122070312,143.5800018310547,144.97000122070312,136.8637237548828,5486600,False,-0.0061890687789193,75.05332987741991,139.58999786376953,140.6874602397646,3.070156067177521,2.787859235491072,0.0082060957009886,0.08149434843565842,46,48
ABBV,2022-02-18,144.69000244140625,145.72999572753906,143.3699951171875,144.02999877929688,135.9762725830078,7585900,False,-0.0065053094374625,75.5364863080159,140.19249801635743,141.00579724352957,2.9631399099685325,2.792144775390625,0.008616500499876112,0.08597270148363018,46,48
ABBV,2022-02-22,141.25,146.35000610351562,141.25,145.55999755859375,137.4207305908203,11576800,True,0.0105668418561835,77.79221088051175,140.86249771118165,141.43953060686903,2.967578550845957,3.0278592790876115,0.009182887779736082,0.09215314140043672,46,48
ABBV,2022-02-23,146.22000122070312,148.35000610351562,145.36000061035156,146.75999450683594,138.55360412597656,9271000,False,0.008210038080032,77.16956512438769,141.5459976196289,141.94624145448492,3.0329638117823663,2.787145342145647,0.008372304107775286,0.08330802100271752,46,48
ABBV,2022-02-24,143.61000061035156,145.6999969482422,143.47000122070312,145.27000427246094,137.1469268798828,12070200,False,-0.0102044740177572,65.80784532077493,142.097998046875,142.26279029429216,2.930768270323341,2.801429748535156,0.009492360799224456,0.09553012296558323,46,48
ABBV,2022-02-25,146.1300048828125,150.36000061035156,146.0500030517578,149.5399932861328,141.17816162109375,8320700,False,0.0289698402254156,73.96229798526106,142.7764976501465,142.95585724589603,3.157927374027878,2.910000392368861,0.015589311784103395,0.16206028806229048,43,40
ABBV,2022-02-28,146.64999389648438,148.0800018310547,145.75999450683594,147.77000427246094,139.50717163085938,11090600,True,-0.0119066408772917,64.20829123502975,143.26899795532228,143.4143474389022,3.1587175496399027,2.988572256905692,0.016828376706164716,0.17558101244316973,42,40
ABBV,2022-03-01,147.6699981689453,149.5,146.2100067138672,147.69000244140625,139.43162536621094,7489900,False,-0.0005416691210321,61.9156693481247,143.80899810791016,143.82155267723593,3.1169579394553466,3.0557141985212053,0.016663146961632205,0.17377801907650206,43,40
ABBV,2022-03-02,147.6999969482422,151.25,147.22000122070312,149.57000732421875,141.20651245117188,8247200,False,0.0126491058118114,66.66671989817877,144.4374984741211,144.36902454837713,3.198691307433052,3.2621427263532365,0.01712820227401721,0.1788527206427128,42,40
ABBV,2022-03-03,149.80999755859375,150.7899932861328,148.85000610351562,150.41000366210938,141.99954223632812,5408400,False,0.0056003877372494,69.78418902102908,145.0269989013672,144.94435589254212,3.2932833542281514,3.249998910086496,0.01525510198967188,0.15841337785166054,43,40
ABBV,2022-03-04,148.60000610351562,150.67999267578125,148.10000610351562,150.55999755859375,142.14117431640625,5389500,False,0.000996915144907,72.60714461507177,145.51849899291992,145.47917890835657,3.341828962642097,3.286425999232701,0.009016328710933441,0.09033564239588904,46,48
ABBV,2022-03-07,149.0,150.75,148.19000244140625,149.4499969482422,141.09323120117188,7137700,True,-0.0073998629880552,66.94695974091266,145.9584991455078,145.85735205501234,3.253232693050734,3.2014258248465404,0.007447304734111427,0.0732143920401699,47,48
ABBV,2022-03-08,149.0,149.88999938964844,146.36000061035156,147.14999389648438,138.92181396484375,8817500,False,-0.0155096006524955,56.10629556886078,146.1894989013672,145.9804608018192,2.963269757554883,3.2778538295200894,0.01101113244386813,0.112103017927826,45,48
ABBV,2022-03-09,148.25999450683594,150.11000061035156,147.75999450683594,148.83999633789062,140.51730346679688,5368900,False,0.0114193521253978,57.36974347013513,146.45599899291992,146.25279751954028,2.8371363731326085,3.270711626325334,0.01064515799501773,0.10810949057889702,45,48
ABBV,2022-03-10,148.07000732421875,149.75,147.6999969482422,149.1699981689453,140.828857421875,4635700,False,0.0022147384662612,60.72523774677699,146.75449905395507,146.53062615281695,2.7323068149015057,3.2535694667271207,0.01022129665003637,0.10348429917918589,45,48
ABBV,2022-03-11,149.33999633789062,150.39999389648438,148.97999572753906,149.05999755859375,140.7250213623047,5171400,False,-0.0007375928523968,63.41335190975246,147.0719985961914,146.77151866765286,2.610263017571014,3.186426435198103,0.010137856036503438,0.1025737919751942,45,48
ABBV,2022-03-14,150.72999572753906,152.97000122070312,149.02000427246094,152.10000610351562,143.59503173828125,8647200,True,0.0201892749409163,66.1402153103201,147.57649917602538,147.27899366154455,2.727405874897613,3.104282924107143,0.013437083789499595,0.1385750928947605,44,48
ABBV,2022-03-15,152.25999450683594,156.42999267578125,152.16000366210938,155.8800048828125,147.16368103027344,8384300,False,0.0245483856273319,69.965012984011,148.22049942016602,148.09813758737957,3.0896412825487403,3.199995858328683,0.010974305575282953,0.1117011617126386,45,48
ABBV,2022-03-16,156.5,156.82000732421875,153.52000427246094,156.0500030517578,147.32415771484375,7178900,False,0.0010898697965856,75.04647835193649,148.7849998474121,148.85545810779655,3.351795472589572,3.2007108415876115,0.0119302191044584,0.12213212713649485,45,48
ABBV,2022-03-17,157.1699981689453,158.61000061035156,156.2100067138672,158.58999633789062,149.72213745117188,7227900,False,0.016145845741252,72.86509884290689,149.42099990844727,149.78255698685314,3.721610379662451,3.0199966430664062,0.01143116380229147,0.11668641636599696,45,48
ABBV,2022-03-18,158.0,159.44000244140625,157.13999938964844,159.1999969482422,150.29803466796875,9912800,False,0.0038390613540785,80.67630080528382,150.13249969482422,150.67945603079494,4.017600906774248,2.914282662527902,0.010254135965705444,0.10384264306263598,45,48
ABBV,2022-03-21,159.9499969482422,160.9499969482422,158.99000549316406,160.0500030517578,151.10049438476562,5825000,True,0.005324920565795,81.85565664280057,150.93349990844726,151.57188908041044,4.271524445882733,2.819282531738281,0.009854581737526071,0.09948269186214442,46,48
ABBV,2022-03-22,160.0500030517578,160.3000030517578,158.02000427246094,160.00999450683594,151.06272888183594,5756600,False,-0.0002499675686409,79.72659328665908,151.65599975585937,152.37551816864143,4.418597483528032,2.694282531738281,0.0064859488727041364,0.06272403967638354,47,48
ABBV,2022-03-23,160.00999450683594,161.17999267578125,158.36000061035156,158.4199981689453,149.56161499023438,6300600,False,-0.0099867252820527,71.87326297016996,152.23899993896484,152.95118293057513,4.356633944945116,2.7571400233677457,0.00946227764407947,0.09520185441243437,46,48
ABBV,2022-03-24,159.22000122070312,160.72999572753906,158.85000610351562,160.27999877929688,151.317626953125,4638100,False,0.011672669006553,74.2757036413746,152.98949966430663,153.64916539235816,4.406814879987195,2.7378550938197543,0.008010457481505875,0.07935953661353747,46,48
ABBV,2022-03-25,160.5500030517578,161.97999572753906,160.22999572753906,161.3300018310547,152.3089141845703,5129400,False,0.0065296712851394,79.75949850928828,153.57900009155273,154.380673624615,4.479671241998119,2.679998125348772,0.008241843148174832,0.08188442596276733,46,48
ABBV,2022-03-28,160.61000061035156,162.02999877929688,159.52999877929688,161.97000122070312,152.91311645507812,4516500,True,0.0039591051698078,90.49178277509569,154.28899993896485,155.10346672900434,4.53675613514676,2.606426783970424,0.008153519841959243,0.08092063862726412,46,48
ABBV,2022-03-29,162.99000549316406,163.27999877929688,161.2899932861328,162.17999267578125,153.1113739013672,6154100,False,0.0012956967842334,89.6551442599037,155.01349945068358,155.77742158107833,4.5465312970198966,2.5371409824916293,0.00805737872938365,0.07987154308621437,46,48
ABBV,2022-03-30,161.72000122070312,164.35000610351562,161.72000122070312,163.75,154.59359741210938,5151800,False,0.0096341308296776,90.36542492655762,155.72249908447264,156.53671476383278,4.627620326664271,2.5785696847098216,0.004184828515717464,0.03761412528845329,48,48
ABBV,2022-03-31,162.92999267578125,164.66000366210938,162.10000610351562,162.11000061035156,153.04530334472656,8670100,False,-0.0100657435468042,83.30779817907218,156.30749893188477,157.06750389207266,4.507589041579877,2.659998212541853,0.007555596147574647,0.0743960721347175,47,48
ABBV,2022-04-01,162.14999389648438,163.07000732421875,160.10000610351562,162.67999267578125,153.58343505859375,5703300,False,0.0035099923715776,80.8995023066447,156.91349868774415,157.60202663337827,4.407648352883314,2.589998517717634,0.007244319795539091,0.07099941253502784,47,48
ABBV,2022-04-04,162.5,163.83999633789062,161.4600067138672,161.88999938964844,152.83761596679688,6892400,True,-0.0048679459984909,71.26680438822794,157.53549880981444,158.0104049911183,4.216098225205798,2.4507130214146207,0.007612205058561948,0.07501379076215446,46,48
ABBV,2022-04-05,161.88999938964844,165.9600067138672,161.83999633789062,163.42999267578125,154.29147338867188,6683300,False,0.0094674736566544,73.80644157797691,158.3494987487793,158.52655619918144,4.140825102697477,2.5092849731445312,0.008774901993546108,0.08770118471263537,46,48
ABBV,2022-04-06,164.49000549316406,169.27000427246094,163.8000030517578,168.91000366210938,159.46507263183594,8810800,False,0.0329814199950664,77.98266257559058,159.35299911499024,159.51545595755553,4.471813417559616,2.7435716901506697,0.016749855946197403,0.17472419087168256,43,40
ABBV,2022-04-07,167.6699981689453,174.58999633789062,167.5399932861328,173.27999877929688,163.59071350097656,7469000,False,0.0255427412355445,81.7117201950101,160.55849914550782,160.8263647977214,5.028777509292098,3.082857404436384,0.015635266236843543,0.162561744829011,43,40
ABBV,2022-04-08,173.0,175.91000366210938,172.5,174.9600067138672,165.1767578125,7204200,False,0.0096485008652362,82.37083033524283,161.85349960327147,162.17242593259243,5.54185510860043,3.186429704938616,0.014895224897835055,0.1544863850984291,43,40
ABBV,2022-04-11,174.89999389648438,175.0399932861328,169.32000732421875,169.8300018310547,160.33363342285156,8163200,True,-0.0297593068852174,67.46089798965963,162.73999938964843,162.90171887530312,5.471452779986919,3.432143075125558,0.02423857417829987,0.25644137403096157,39,40
ABBV,2022-04-12,169.30999755859375,170.55999755859375,166.2100067138672,167.30999755859375,157.95455932617188,8279700,False,-0.0149494606351552,65.30120216133764,163.3114990234375,163.32155494037843,5.152915540335698,3.541428702218192,0.026609636945589012,0.2823145027068573,38,40
ABBV,2022-04-13,165.0,165.0,156.4499969482422,158.9499969482422,151.33740234375,18312600,False,-0.0427955957151409,48.129392803260366,163.4564987182617,162.9052160839845,4.1777320071297765,4.152143205915179,0.028012311589662643,0.29762054270596955,38,40
ABBV,2022-04-14,157.85000610351562,163.8699951171875,156.82000732421875,162.30999755859375,154.53646850585938,11074800,False,0.0209183138475662,51.2942362806924,163.6424987792969,162.84852860537586,3.634124079579067,4.530713762555804,0.026565288766550777,0.2818305736609343,38,40
ABBV,2022-04-18,161.9600067138672,162.7899932861328,158.75,159.36000061035156,151.72776794433594,6500200,True,-0.0183421958720197,46.751306037686966,163.65049896240234,162.51628784394498,2.931478521329666,4.640713282993862,0.023832836419684623,0.25201394790705345,39,40
ABBV,2022-04-19,160.39999389648438,160.5,153.7100067138672,156.35000610351562,148.86192321777344,9359900,False,-0.0190687282319447,43.21621316424735,163.46549911499022,161.92902291628505,2.1074520575253644,4.9835695539202005,0.02286007194471992,0.24139910431061956,40,40
ABBV,2022-04-20,156.36000061035156,158.10000610351562,155.52000427246094,156.6999969482422,149.1951446533203,6250000,False,0.002235958212671,41.55687948695364,163.29999923706055,161.4310204431381,1.4657502281123982,4.979997907366071,0.024099269319272545,0.2549212740182098,39,40
ABBV,2022-04-21,157.0,160.3800048828125,155.35000610351562,158.52000427246094,150.92800903320312,7903300,False,0.0115478170564981,45.71905918795425,163.30499954223632,161.15378080783552,1.091474447705309,5.156426565987723,0.01785015707576641,0.18673071937877914,42,40
ABBV,2022-04-22,157.27999877929688,158.32000732421875,154.33999633789062,154.99000549316406,147.56707763671875,7938300,False,-0.0225201257135697,41.4346321149756,163.04049987792968,160.56675458739062,0.5042046379529381,5.242855616978237,0.015162832899865787,0.1574065339729174,43,40
ABBV,2022-04-25,154.83999633789062,156.63999938964844,152.83999633789062,156.3000030517578,148.81430053710938,6932600,True,0.0084163874962711,43.84497259735416,162.78899993896485,160.16039729828273,0.1428482715908785,5.344285147530692,0.01584909584006324,0.16489506173446947,43,40
ABBV,2022-04-26,156.44000244140625,159.69000244140625,155.82000732421875,156.17999267578125,148.70004272460938,6787800,False,-0.0007680827543611,41.759494680758806,162.49949951171874,159.78131114375878,-0.1514670684754264,5.326426914760044,0.013385593103864855,0.13801322454044407,44,48
ABBV,2022-04-27,156.55999755859375,159.5,154.55999755859375,157.6199951171875,150.0710906982422,6039100,False,0.0091779790244897,35.86983091968264,162.27149963378906,159.57547152218055,-0.2654579000565036,5.262140546526227,0.014047376664239792,0.14523463236203007,44,48
ABBV,2022-04-28,158.36000061035156,158.44000244140625,154.33999633789062,156.30999755859375,148.8238067626953,7465000,False,-0.0083460185249337,26.99919425022253,161.89949951171874,159.26447400183895,-0.4562430246297424,5.051426478794643,0.013162915516111933,0.13558335808534536,44,48
ABBV,2022-04-29,149.55999755859375,149.86000061035156,139.92999267578125,146.8800048828125,139.84547424316406,25155900,False,-0.0622250436697295,18.54838461583161,161.1379997253418,158.08500075240784,-1.3527693268547694,5.977855137416294,0.029662993240048115,0.3156328447557344,37,40
ABBV,2022-05-02,146.64999389648438,148.89999389648438,143.44000244140625,147.8699951171875,140.7880401611328,9690800,True,0.0067174404620163,22.888870385768712,160.39749984741212,157.11214307286303,-1.960786219282028,5.959284101213727,0.02939710871300915,0.3127315025070541,37,40
ABBV,2022-05-03,148.0500030517578,150.74000549316406,147.9499969482422,149.60000610351562,142.43519592285156,6163400,False,0.0116316327391082,27.700836985683395,159.78300018310546,156.39670145673472,-2.276801013934943,5.853571210588727,0.030966550145226715,0.3298573081522049,36,32
ABBV,2022-05-04,148.17999267578125,152.3699951171875,147.58999633789062,151.58999633789062,144.32989501953125,5791500,False,0.0132144861971886,38.96220037904428,159.19100036621094,155.9389200168448,-2.3396988427421093,5.419285365513393,0.03159246968041096,0.3366873663429858,36,32
ABBV,2022-05-05,152.77000427246094,153.32000732421875,150.0399932861328,152.17999267578125,144.8916015625,6869300,False,0.0038842704006329,33.4314482034347,158.35449981689453,155.58092693674354,-2.315249298839177,5.150001525878906,0.03201047216030465,0.3412486255801243,36,32
ABBV,2022-05-06,149.67999267578125,153.52000427246094,149.00999450683594,152.8300018310547,145.51048278808594,6145600,False,0.0042622432541397,38.450652074645575,157.3319999694824,155.3189340695351,-2.217856483692941,5.183574131556919,0.004269596752631572,0.038539119570158896,48,48
ABBV,2022-05-09,151.6199951171875,153.5399932861328,148.92999267578125,150.9600067138672,143.7300567626953,6969000,True,-0.0123111961808907,40.0663445428014,156.13199996948242,154.90379813090004,-2.26545025344015,5.027860369001116,0.010114259596512732,0.10231630670884227,45,48
ABBV,2022-05-10,151.27000427246094,154.52999877929688,150.50999450683594,152.08999633789062,144.80593872070312,6525200,False,0.0074575578861868,41.74130683299902,155.24499969482423,154.6358170077563,-2.1867801001468763,5.130717686244419,0.009494196167556559,0.0955501505758512,46,48
ABBV,2022-05-11,151.02000427246094,154.75999450683594,150.94000244140625,151.9600067138672,144.6821746826172,5630000,False,-0.0008550544212088,37.4904559717683,154.47750015258788,154.3809779321478,-2.1105929118745337,5.044288635253906,0.007745603898504904,0.0764694440660969,46,48
ABBV,2022-05-12,153.3800048828125,154.35000610351562,150.14999389648438,154.2899932861328,146.90057373046875,6914800,False,0.0152165508035138,48.6010923896206,154.24449996948243,154.3723127277654,-1.8409818792653423,5.045717511858259,0.010243276292457014,0.10372414188788386,45,48
ABBV,2022-05-13,153.4199981689453,154.38999938964844,151.89999389648438,153.5,146.14840698242188,6398500,False,-0.005133397140368,44.285697380901816,153.80400009155272,154.28923532512107,-1.6717877212230403,4.952146257672991,0.010746858168021891,0.10921924680247683,45,48
ABBV,2022-05-16,153.92999267578125,156.88999938964844,153.27000427246094,155.47000122070312,148.02407836914062,6565600,True,0.0127523605975848,48.652764828852206,153.6095001220703,154.40168921993842,-1.363025389239482,4.934289114815848,0.008711268500234598,0.08700681357102792,46,48
ABBV,2022-05-17,155.3800048828125,155.7899932861328,152.85000610351562,154.77999877929688,147.3671112060547,6032200,False,-0.0044481235019157,44.45312025024468,153.53099975585937,154.4377187017821,-1.1606274562108467,4.7914308820452005,0.00974112727855488,0.09824467241520593,46,48
ABBV,2022-05-18,154.7899932861328,155.6999969482422,151.75,152.42999267578125,145.129638671875,6498100,False,-0.0152994259195242,42.71769587301733,153.31749954223633,154.24650669930583,-1.1762919276943649,4.7807159423828125,0.012966003780589583,0.13343464960691542,44,48
ABBV,2022-05-19,151.1999969482422,152.39999389648438,149.27999877929688,151.72000122070312,144.45367431640625,5994800,False,-0.0046685396076719,63.504489944669714,152.97749938964844,154.00588712991512,-1.2317971205416145,3.8357151576450894,0.010101971091570142,0.10218221406734822,45,48
ABBV,2022-05-20,152.3300018310547,153.52000427246094,147.80999755859375,151.00999450683594,143.77767944335938,6746400,False,-0.0046906493944947,58.90024073290758,152.77849884033202,153.7205640229552,-1.3178852331886333,3.853573390415737,0.01008445903310334,0.1019911218076484,45,48
ABBV,2022-05-23,151.64999389648438,152.0,147.19000244140625,148.02999877929688,140.94039916992188,6886400,True,-0.0199311136986243,45.84433250509704,152.364998626709,153.17860542832105,-1.6080350064543725,3.9921439034598216,0.007313733572548848,0.07175685835604535,47,48
ABBV,2022-05-24,147.02999877929688,151.35000610351562,146.61000061035156,149.11000061035156,141.96865844726562,6367200,False,0.0072692179875739,43.10344681266363,152.0114990234375,152.79111925518112,-1.730881149909436,3.9892872401646207,0.01059948828857001,0.10761114097473905,45,48
ABBV,2022-05-25,150.36000061035156,152.99000549316406,149.7899932861328,151.9600067138672,144.6821746826172,5042600,False,0.0189331198739268,49.45655574629065,151.72849960327147,152.7119656798179,-1.5800520728497531,4.032143729073661,0.014581188223354571,0.15105960475339697,43,40
ABBV,2022-05-26,151.6300048828125,153.07000732421875,150.38999938964844,150.57000732421875,143.35874938964844,6659300,False,-0.0091892123308511,44.613922177137525,151.44150009155274,152.5079696459513,-1.554757994295187,3.9014293125697534,0.015028467931487354,0.15594033823809825,43,40
ABBV,2022-05-27,149.52000427246094,150.0500030517578,147.75,150.0,142.81602478027344,8405000,False,-0.0037929636643296,47.56095575333767,151.5974998474121,152.26911539395593,-1.5626933261996214,3.7735726492745534,0.014986449490290626,0.1554818313816617,43,40
ABBV,2022-05-31,148.63999938964844,148.8800048828125,146.6699981689453,147.3699951171875,140.31198120117188,11227800,True,-0.0176888814816645,38.85740591851026,151.5724998474121,151.80253251045417,-1.7609029549393824,3.7242867606026784,0.014309397192090253,0.1480938105020301,44,48
ABBV,2022-06-01,147.7899932861328,147.88999938964844,144.32000732421875,146.02000427246094,139.02664184570312,5597900,False,-0.0092027977576303,36.74106236623012,151.39349975585938,151.25181553540722,-2.0038197063240943,3.706429617745536,0.013848974329647889,0.14306965840886757,44,48
ABBV,2022-06-02,146.64999389648438,147.07000732421875,142.89999389648438,146.75,139.72171020507812,5998900,False,0.0049870773753055,31.875018798385213,151.15149993896483,150.82307119870177,-2.113070268815278,3.704286847795759,0.008334712024552476,0.08289781473579075,46,48
ABBV,2022-06-03,146.75,148.2100067138672,146.75,147.1699981689453,140.12158203125,4891800,False,0.0028578287164119,34.50807789373523,150.90100021362304,150.47515948158212,-2.14108073855698,3.6307155064174106,0.009228786461276207,0.09265398958966427,46,48
ABBV,2022-06-06,147.0,147.82000732421875,145.66000366210938,146.52999877929688,139.5122528076172,3912400,True,-0.0043580576605296,26.59685972623663,150.58600006103515,150.09942989088827,-2.1896805651521447,3.526430402483259,0.009220379410592729,0.09256225152725646,46,48
ABBV,2022-06-07,146.9199981689453,149.35000610351562,145.8699951171875,149.13999938964844,141.99722290039062,4991200,False,0.0176550692198943,36.58420969724158,150.49499969482423,150.00805555743685,-1.9945985508023227,3.5650035313197543,0.01024591664095013,0.10375295347282124,45,48
ABBV,2022-06-08,148.89999389648438,149.85000610351562,148.25,149.25,142.10195922851562,4835200,False,0.0007373223117722,41.53356527560885,150.35299987792968,149.93585979006193,-1.81025107148821,3.3971470424107144,0.0081935291140692,0.08135722135287174,46,48
ABBV,2022-06-09,149.72000122070312,150.52000427246094,145.3000030517578,145.42999267578125,138.46490478515625,5642900,False,-0.02592792421787,35.63269909604456,150.0264991760254,149.50672958870186,-1.9499195728580216,3.5450047084263394,0.015774451032406475,0.1640805347045929,43,40
ABBV,2022-06-10,144.33999633789062,144.6300048828125,142.14999389648438,143.1999969482422,136.34170532226562,5464700,False,-0.0154526247433578,33.31910222800447,149.47199935913085,148.90608838484854,-2.215016552790644,3.3714327130998885,0.0165281241349339,0.17230464476623758,43,40
ABBV,2022-06-13,140.86000061035156,142.07000732421875,138.77999877929688,139.4199981689453,132.7427520751953,5997000,True,-0.0267512133931678,32.2180953683506,148.76799926757812,148.0026512214292,-2.6990096271228765,3.3435756138392856,0.0190007394270325,0.19928591852289862,42,40
ABBV,2022-06-14,139.44000244140625,140.66000366210938,136.32000732421875,137.6199951171875,131.02894592285156,5861800,False,-0.0129948002919399,26.95547164822412,147.87549896240233,147.01382683054905,-3.1910385227983795,3.3150035313197543,0.011220414099072346,0.11438670744853568,45,48
ABBV,2022-06-15,136.57000732421875,139.08999633789062,136.22999572753906,138.08999633789062,131.4764404296875,5981800,False,0.0034094153002414,19.246100889340298,147.04099884033204,146.16393821220063,-3.502673161088637,3.2421460832868303,0.012238936153802999,0.12550085952617673,44,48
ABBV,2022-06-16,136.5399932861328,139.2899932861328,135.75999450683594,139.14999389648438,132.4856719970703,6963400,False,0.0076468283718099,24.30240143935285,146.3769989013672,145.49594351546574,-3.6223566404186727,3.302859715053013,0.014174481983166542,0.14662161052108677,44,48
ABBV,2022-06-17,137.60000610351562,139.52999877929688,137.19000244140625,138.27999877929688,131.65733337402344,10429900,False,-0.0062719157544177,23.978670208080658,145.7049987792969,144.80871068344965,-3.744246650490851,3.268573216029576,0.013688164434662446,0.141314894611504,44,48
ABBV,2022-06-21,139.9499969482422,143.97000122070312,139.6999969482422,143.47000122070312,136.59877014160156,7160500,True,0.0368453557868004,42.22488838810398,145.32799911499023,144.68121454414046,-3.383057755358408,3.4371446881975447,0.019182601440770698,0.20127040385480133,41,40
ABBV,2022-06-22,143.72000122070312,150.10000610351562,143.61000061035156,147.55999755859375,140.49288940429688,7995700,False,0.0281089345306368,52.76778167749097,145.30449905395508,144.9553843550408,-2.735254123894606,3.655717032296317,0.017919490038112783,0.1874872833470623,42,40
ABBV,2022-06-23,148.72000122070312,150.8000030517578,147.5399932861328,149.4499969482422,142.29237365722656,7795000,False,0.0127270319748764,54.6583805146604,145.3214988708496,145.38344269725044,-2.0457754969479254,3.590716770717076,0.017011048190453845,0.1775743307490504,42,40
ABBV,2022-06-24,150.88999938964844,152.74000549316406,149.6199951171875,152.33999633789062,145.04397583007812,8527600,False,0.0191530677808553,58.21939375296868,145.3404983520508,146.04597161540667,-1.251730746781874,3.721431187220982,0.01639767032305745,0.17088112772252834,43,40
ABBV,2022-06-27,153.0,155.4499969482422,152.75,153.13999938964844,145.80564880371094,5377300,True,0.0052375843069684,60.45555280404983,145.4689979553223,146.7215933081916,-0.5515332689128911,3.789288112095424,0.012451952561865726,0.12782530281461202,44,48
ABBV,2022-06-28,153.1699981689453,155.1199951171875,151.38999938964844,152.49000549316406,145.18679809570312,5735700,False,-0.0042533862826045,55.64925260222876,145.59349822998047,147.27096589723658,-0.0485115868956427,3.8071441650390634,0.012458993953296676,0.12790213875040574,44,48
ABBV,2022-06-29,153.89999389648438,156.6199951171875,153.35000610351562,154.13999938964844,146.7577667236328,6140900,False,0.0107622061195299,57.83905322085822,145.9319984436035,147.92515956318056,0.4777700028590175,3.987857273646764,0.008796471517143304,0.08793655218886041,46,48
ABBV,2022-06-30,153.1699981689453,154.0399932861328,150.8699951171875,153.16000366210938,145.82467651367188,7289500,False,-0.0063783278521344,63.633188083171504,146.28899841308595,148.42371614403092,0.8064779139701272,3.84857177734375,0.010590260089845092,0.10751044251312492,45,48
ABBV,2022-07-01,153.0800018310547,153.86000061035156,151.4600067138672,153.8000030517578,146.4340362548828,4620000,False,0.0041700082673307,69.80570688276839,146.64149856567383,148.93574346857633,1.1058760530295046,3.7857142857142856,0.007092702033226596,0.06934495364512357,47,48
ABBV,2022-07-05,151.89999389648438,154.0500030517578,149.66000366210938,153.92999267578125,146.5578155517578,5478800,True,0.0008449334237503,81.3933649602023,146.97949829101563,149.4113862502149,1.338214211154451,3.783571515764509,0.006844837936635654,0.06664025103087595,47,48
ABBV,2022-07-06,154.61000061035156,154.99000549316406,151.69000244140625,152.52999877929688,145.224853515625,5113600,False,-0.0091367408033974,82.82701300795529,147.2794982910156,149.70839696727032,1.3933148024313482,3.709286281040737,0.008032392601219445,0.07959889348873282,46,48
ABBV,2022-07-07,150.1999969482422,152.5800018310547,150.00999450683594,152.0,144.7202606201172,6516100,False,-0.0034806132631441,80.54463991336584,147.4224983215332,149.92664487514935,1.378327445084068,3.688572474888393,0.005368622480749472,0.05053173084726344,47,48
ABBV,2022-07-08,152.0,155.25,151.7899932861328,152.85000610351562,145.529541015625,4078400,False,0.0055764550957044,80.36354659145479,147.60249862670898,150.20506023023185,1.4186845329689677,3.683573041643416,0.0059994485890527355,0.0574153297538016,47,48
ABBV,2022-07-11,152.27999877929688,154.5,152.27999877929688,153.22999572753906,145.89134216308594,4491000,True,0.0024830158319538,83.86955821338421,147.99249877929688,150.4931493252135,1.4644485515134704,3.675001961844308,0.005718689395861004,0.05435167457241832,47,48
ABBV,2022-07-12,153.0,154.57000732421875,152.05999755859375,152.4600067138672,145.15821838378906,5319500,False,-0.0050378040663803,75.46751251613416,148.45549926757812,150.68046907651384,1.4221910543934655,3.447859627859933,0.0059122953976262285,0.056464310756159854,47,48
ABBV,2022-07-13,152.0,153.8300018310547,151.3000030517578,152.14999389648438,144.86305236816406,5221200,False,-0.0020354790996541,66.54653227456649,149.09199905395508,150.82042382127295,1.3481456560678566,3.1550020490373885,0.0044061065864194615,0.04002872015933153,48,48
ABBV,2022-07-14,148.88999938964844,151.00999450683594,148.49000549316406,150.44000244140625,144.57476806640625,7576900,False,-0.001992029905804,53.61580944844151,149.732999420166,150.78419321366658,1.1383598215777797,3.1835719517299106,0.004199723309169423,0.037776657851023965,48,48
ABBV,2022-07-15,151.83999633789062,153.8699951171875,151.42999267578125,153.6199951171875,147.6307830810547,4873000,False,0.0209176480821341,54.57798054988594,150.50949935913087,151.05426958543046,1.2146995684461217,3.193570818219866,0.010441548499595856,0.10588769588524269,45,48
ABBV,2022-07-18,153.8000030517578,154.47000122070312,148.88999938964844,149.57000732421875,143.73867797851562,6838400,True,-0.0267175331940161,39.64014626530202,151.03050003051757,150.91291127483885,0.9375912320127782,3.369999476841518,0.016886907546788194,0.17621970324117464,42,40
ABBV,2022-07-19,150.0,150.22999572753906,148.8000030517578,149.74000549316406,143.90203857421875,5647100,False,0.0011358657093111,41.791014863481166,151.60350036621094,150.80120596229838,0.723359868147412,3.205713544573103,0.016923855923430847,0.17662288535698753,42,40
ABBV,2022-07-20,149.52999877929688,150.4499969482422,147.33999633789062,147.69000244140625,141.93197631835938,5315700,False,-0.0137848775829194,31.19528728872297,151.8145004272461,150.50490086507054,0.3837383582192331,3.132857186453683,0.01776998527614467,0.18585588159868827,42,40
ABBV,2022-07-21,147.24000549316406,147.83999633789062,146.02000427246094,147.75,141.98963928222656,4066800,False,0.0004061893247404,33.333270655838504,151.8240005493164,150.24252935411144,0.1180661729699181,3.029284885951451,0.017872777847667526,0.18697755811717948,42,40
ABBV,2022-07-22,148.47000122070312,149.2899932861328,147.5800018310547,148.47000122070312,142.6815643310547,3639700,False,0.0048612322050972,33.66027716629135,151.77500076293944,150.07371715092972,-0.0339910391547277,2.979998997279576,0.01319456463822673,0.13592871453067115,44,48
ABBV,2022-07-25,148.5399932861328,150.94000244140625,148.50999450683594,150.22000122070312,144.3633270263672,4347000,True,0.0117179018987338,39.65421281332495,151.66900100708008,150.08764896709863,-0.0131356806865312,2.8428562709263394,0.009336194547741048,0.09382603078582112,46,48
ABBV,2022-07-26,151.14999389648438,153.55999755859375,150.3300018310547,150.8699951171875,144.98797607421875,4900600,False,0.0043175891141872,45.16877963169216,151.55550079345704,150.16215812424994,0.0552050469575533,2.8457129342215404,0.009466599825588198,0.0952490182243244,46,48
ABBV,2022-07-27,149.5,151.5,148.92999267578125,151.14999389648438,145.25706481933594,4145800,False,0.0018542182246112,47.48963968267416,151.48850021362304,150.2562377216056,0.1304553197057032,2.8457129342215404,0.004357033197480041,0.03949322944010289,48,48
ABBV,2022-07-28,151.44000244140625,152.41000366210938,146.6199951171875,149.75,143.91165161132812,6572300,False,-0.0093054527684815,41.132680264602826,151.2690002441406,150.2080246052622,0.0762449910030227,3.012141636439732,0.007639628959130878,0.07531304142645726,46,48
ABBV,2022-07-29,145.44000244140625,146.3000030517578,139.0500030517578,143.50999450683594,137.91493225097656,17754700,False,-0.0425625186919207,29.177344783761583,150.78649978637696,149.5701169768407,-0.4648745935150487,3.617855616978237,0.02136962747558491,0.2251353165837784,40,40
ABBV,2022-08-01,141.50999450683594,142.83999633789062,139.14999389648438,140.22000122070312,134.75320434570312,8523900,True,-0.0231920726829768,26.33406873779694,150.1074996948242,148.67962976197043,-1.1459805746550271,3.749997820172991,0.019422883095292855,0.2038923665677567,41,40
ABBV,2022-08-02,141.17999267578125,142.83999633789062,140.10000610351562,140.38999938964844,134.9165802001953,5197100,False,0.0012116735640641,27.13838476064365,149.43050003051758,147.89014115508263,-1.6529899016761362,3.764997209821429,0.01873703796865244,0.19640839800390825,42,40
ABBV,2022-08-03,141.72000122070312,143.02000427246094,140.64999389648438,141.1999969482422,135.69500732421875,5474200,False,0.0057531111523629,31.38593914549419,148.86399993896484,147.25298456395498,-1.9667667497771788,3.6914269583565846,0.01964182561163507,0.20628147577907593,41,40
ABBV,2022-08-04,142.08999633789062,142.5800018310547,138.69000244140625,138.9199981689453,133.50389099121094,7071700,False,-0.0162791507366543,19.272540075107543,148.20999984741212,146.4593668120493,-2.372070259888289,3.7242845807756697,0.01950607437004158,0.2048001529772858,41,40
ABBV,2022-08-05,139.0500030517578,139.91000366210938,137.9499969482422,138.0399932861328,132.65818786621094,5371100,False,-0.0063548193993854,22.2168132124297,147.46949920654296,145.65752171434298,-2.732783425015782,3.4657135009765625,0.01199785062138293,0.12287012486648957,45,48
ABBV,2022-08-08,138.0399932861328,140.8000030517578,137.77000427246094,140.33999633789062,134.8685302734375,4854600,True,0.0165246500944498,29.45801263519006,146.82499923706055,145.15109072610943,-2.800774596698915,3.5799996512276784,0.012378192677495705,0.12702043210188657,44,48
ABBV,2022-08-09,140.67999267578125,142.24000549316406,139.8800048828125,140.25,134.7820281982422,3819700,False,-0.0006415864936667,32.21795286985088,146.2144989013672,144.68432018076567,-2.8293055690265305,3.52642822265625,0.012366985698671595,0.12689814111525202,44,48
ABBV,2022-08-10,140.91000366210938,141.05999755859375,139.0,140.94000244140625,135.44512939453125,4075300,False,0.0049077415693237,34.19953267719323,145.65399932861328,144.32771849130287,-2.764373166618043,3.5435714721679688,0.012270662657038054,0.12584706035728138,44,48
ABBV,2022-08-11,140.22999572753906,142.8699951171875,139.66000366210938,142.0800018310547,136.5406951904297,5972800,False,0.008056094267476,35.4574340631674,145.2359992980957,144.1136502379459,-2.5910572514073067,3.650714329310826,0.008684285705232947,0.0867123762677459,46,48
ABBV,2022-08-12,141.88999938964844,143.08999633789062,140.27000427246094,142.60000610351562,137.04043579101562,5208700,False,0.0036533305833059,31.629704182411032,144.68499984741212,143.9694936537145,-2.384258888679426,3.675713675362723,0.006413971277597193,0.06193861737307074,47,48
ABBV,2022-08-15,143.11000061035156,143.27999877929688,140.4199981689453,142.2899932861328,136.74249267578125,4513200,True,-0.0021764924096536,28.97059318515859,144.3209991455078,143.8095412377543,-2.219796705151907,3.6414282662527904,0.0041653089827647215,0.03740112738947438,48,48
ABBV,2022-08-16,142.11000061035156,143.97999572753906,142.0800018310547,142.5500030517578,136.99237060546875,3852300,False,0.0018256936372596,28.90092653252222,143.9614990234375,143.68958522004036,-2.0449062187468314,3.5935701642717635,0.003790934570951893,0.03331593931962397,48,48
ABBV,2022-08-17,141.4199981689453,142.75999450683594,140.5500030517578,141.44000244140625,135.9256591796875,3605200,False,-0.0078171226621624,29.318102413756435,143.6489990234375,143.47533924112284,-1.9731270405515888,3.337854657854353,0.0060190678906632674,0.05762941633223531,47,48
ABBV,2022-08-18,141.49000549316406,141.5800018310547,139.82000732421875,141.2899932861328,135.78147888183594,3525200,False,-0.0010612920397544,42.07144149466052,143.32599868774415,143.2672110549333,-1.906370556738892,2.6992830548967635,0.0043997941521004055,0.039959838631753154,48,48
ABBV,2022-08-19,141.77999877929688,143.36000061035156,141.4600067138672,141.85000610351562,136.31967163085938,4530700,False,0.0039558337025797,57.23157783572572,142.99499893188477,143.1322391547983,-1.787670060550397,2.535712105887277,0.004483049671106561,0.040868326077105575,48,48
ABBV,2022-08-22,141.97000122070312,142.66000366210938,139.9600067138672,140.33999633789062,134.8685302734375,4023500,True,-0.0107022001547079,49.801733515808685,142.50099868774413,142.86631126747378,-1.7947554073979006,2.532855442592076,0.006278328797155829,0.06045848137718164,47,48
ABBV,2022-08-23,139.64999389648438,140.85000610351562,138.4499969482422,139.02000427246094,133.60000610351562,3768100,False,-0.0094501473246708,41.69213664001042,141.90849914550782,142.49999631556778,-1.885152064336637,2.5164271763392856,0.006244484221260292,0.060089168055237195,47,48
ABBV,2022-08-24,139.0500030517578,139.4600067138672,137.6999969482422,137.91000366210938,132.5332794189453,5018900,False,-0.0080165274720173,45.7741020661194,141.24649963378906,142.06285415809555,-2.023039498782936,2.3642850603376115,0.006267448878107863,0.06033975927948146,47,48
ABBV,2022-08-25,138.77000427246094,139.55999755859375,137.6699981689453,139.3300018310547,133.8979034423828,3301200,False,0.0102438156218496,55.164144314078094,140.7254997253418,141.80258250790118,-1.994740176125191,2.3592845371791293,0.00934964720153274,0.0939728266646087,46,48
ABBV,2022-08-26,138.88999938964844,139.85000610351562,136.25,136.35000610351562,131.03408813476562,3838800,False,-0.02162009081701,34.85202383931633,140.36750030517578,141.28328951700732,-2.187556717252562,2.399999346051897,0.01148594130585836,0.11728415060478764,45,48
ABBV,2022-08-29,136.1999969482422,136.72000122070312,134.75999450683594,135.7100067138672,130.41903686523438,3835800,True,-0.0047048770527309,33.45489163738924,140.142000579834,140.75250067861302,-2.3647484689653027,2.3714283534458707,0.011434362802497046,0.1167213239800403,45,48
ABBV,2022-08-30,135.13999938964844,136.49000549316406,134.88999938964844,135.5500030517578,130.26527404785156,4337100,False,-0.0011796861474045,29.56793144097276,139.90000076293944,140.25702471415062,-2.4893890398604697,2.3385718209402904,0.011536542816085647,0.11783631624264719,45,48
ABBV,2022-08-31,135.69000244140625,136.0399932861328,134.1699981689453,134.4600067138672,129.2177734375,5789600,False,-0.0080737937272382,21.004684455365293,139.5630012512207,139.70492776174268,-2.6456240777455946,2.2428577968052457,0.011540245243397852,0.1178767172727605,45,48
ABBV,2022-09-01,134.63999938964844,138.58999633789062,134.10000610351562,138.4499969482422,133.05221557617188,4521000,False,0.0292425022992911,37.50752143897185,139.53950119018555,139.5854105414093,-2.419591065053055,2.3621433803013394,0.01872990322559657,0.1963305434115707,42,40
ABBV,2022-09-02,138.66000366210938,139.39999389648438,135.80999755859375,136.27999877929688,130.96681213378906,3601600,False,-0.0157977008779191,33.730402965506244,139.45150146484374,139.2706094212081,-2.3880312530297374,2.414285932268416,0.0172724652159035,0.18042692344749753,42,40
ABBV,2022-09-06,137.3000030517578,139.35000610351562,136.24000549316406,137.58999633789062,132.22573852539062,4810600,True,0.0095666536908914,37.295067550613126,139.31400146484376,139.11055103232073,-2.231589643459472,2.5007149832589284,0.017499525598014577,0.18290461512424494,42,40
ABBV,2022-09-07,137.5500030517578,139.0399932861328,135.33999633789062,138.7100067138672,133.3020782470703,4141700,False,0.0081072155085901,43.01076865020365,139.23700180053712,139.07240395437276,-1.994244652767151,2.607143947056361,0.0174707754180949,0.18259089204834025,42,40
ABBV,2022-09-08,139.63999938964844,140.57000732421875,138.64999389648438,140.52000427246094,135.04153442382812,3988300,False,0.012964575704942,48.18313137102976,139.21600189208985,139.21027065133353,-1.6411768958096502,2.6185738699776784,0.016134999239087695,0.16801485068897828,43,40
ABBV,2022-09-09,140.39999389648438,142.1699981689453,140.10000610351562,141.4199981689453,135.90640258789062,4427000,False,0.0063840390222302,49.00137421340634,139.18300170898436,139.42072089110607,-1.2740596027950917,2.618572780064174,0.011462471957716372,0.11702805216960731,45,48
ABBV,2022-09-12,141.00999450683594,142.8699951171875,140.32000732421875,142.24000549316406,136.6944580078125,4938400,True,0.0057817690928366,54.55856737120259,139.1650016784668,139.68922418654017,-0.9064992065890748,2.6078578404017856,0.002875413975511739,0.02332574315187856,49,48
ABBV,2022-09-13,140.5500030517578,141.92999267578125,137.49000549316406,138.52999877929688,133.12908935546875,6195900,False,-0.0264289474788103,48.945317298136295,138.977001953125,139.57882176680272,-0.904149013441696,2.775714329310826,0.015789313565094613,0.16424271523646028,43,40
ABBV,2022-09-14,139.1699981689453,140.44000244140625,138.27000427246094,139.5500030517578,134.1093292236328,4673600,False,0.0073361028673764,53.54364613851737,138.827001953125,139.57607712727463,-0.8106361393727752,2.804999215262277,0.015710524541440663,0.16338296636124283,43,40
ABBV,2022-09-15,139.99000549316406,143.89999389648438,139.38999938964844,142.50999450683594,136.95391845703125,6416900,False,0.0209891505959365,56.44245060676581,138.8805015563965,139.85549783009,-0.4920083739350502,2.9921417236328125,0.01751776462871134,0.18310364013305164,42,40
ABBV,2022-09-16,143.39999389648438,144.85000610351562,141.36000061035156,144.05999755859375,138.44349670410156,13887500,False,0.0108177687328869,66.58062678511425,139.01900177001954,140.25592637566177,-0.1131173356434942,2.9842845371791293,0.017852771769447974,0.18675925101742002,42,40
ABBV,2022-09-19,143.63999938964844,143.86000061035156,141.42999267578125,142.66000366210938,137.09808349609375,5042500,True,-0.0097656687567272,64.47313314932963,139.05950164794922,140.4848861172282,0.0733432790892436,3.032141549246652,0.018731697066335935,0.19635011787113962,42,40
ABBV,2022-09-20,141.82000732421875,142.49000549316406,140.3699951171875,141.77000427246094,136.24276733398438,4532900,False,-0.006258259247426,62.57074307988356,139.13100204467773,140.60727832248847,0.1475977321518655,3.081427437918527,0.012639447774723213,0.12987125783330708,44,48
ABBV,2022-09-21,142.14999389648438,143.6300048828125,140.2899932861328,140.30999755859375,134.83970642089844,5076100,False,-0.0103516352240436,61.64872700623295,139.19550170898438,140.57896586878422,0.0876245004576503,3.1864286150251115,0.014083315342671765,0.1456267966118931,44,48
ABBV,2022-09-22,140.2100067138672,144.4600067138672,140.0,143.00999450683594,137.43441772460938,6161000,False,0.0190601281981824,59.571780345250815,139.45050125122071,140.81049240574154,0.2550227279022294,3.1842869349888394,0.01341221258687292,0.13830369736919204,44,48
ABBV,2022-09-23,142.07000732421875,143.4199981689453,140.9499969482422,143.05999755859375,137.48248291015625,5751600,False,0.0003496706526636,65.62210821498988,139.63700103759766,141.02473099172747,0.3872577908221046,3.1042872837611606,0.012200377337505793,0.12508010423052993,44,48
ABBV,2022-09-26,142.0800018310547,142.8000030517578,140.11000061035156,141.2100067138672,135.70462036132812,5697800,True,-0.0130158973609818,58.138510525748856,139.88000106811523,141.0423762985979,0.3388699489056535,3.092858450753348,0.012828417660683123,0.13193330454196509,44,48
ABBV,2022-09-27,142.58999633789062,145.5399932861328,141.2899932861328,141.72000122070312,136.19471740722656,5598000,False,0.0036049927939838,56.95791944230263,140.18050079345704,141.10691200546506,0.3377808032325902,3.1378577096121654,0.012776460584119657,0.13136634691178523,44,48
ABBV,2022-09-28,144.22000122070312,145.32000732421875,142.6199951171875,144.60000610351562,138.9624481201172,5226700,False,0.0201181318154828,58.98678938230128,140.63300094604492,141.43958763385083,0.5628221093458023,3.257857186453683,0.013866799280875504,0.1432641649664822,44,48
ABBV,2022-09-29,144.85000610351562,145.25,141.8300018310547,142.72000122070312,137.15574645996094,5509400,False,-0.0130866236282019,52.74493795641839,141.0460006713867,141.56153178497962,0.5827506963116207,3.354286193847656,0.013763237402111864,0.14213409373760763,44,48
ABBV,2022-09-30,142.1999969482422,142.32000732421875,134.08999633789062,134.2100067138672,128.97752380371094,15359000,False,-0.0614789604927828,37.20114754672488,140.83400115966796,140.86138654011177,-0.0871367326372762,3.788573128836496,0.03050611880291263,0.32483306352635394,37,40
ABBV,2022-10-03,135.8800048828125,138.8000030517578,135.30999755859375,138.32000732421875,132.9272918701172,7437500,True,0.0301641459693523,49.66951286166993,140.93600158691407,140.61935042431244,-0.283121003123199,3.777144295828683,0.03603128735529701,0.3851239165919156,34,32
ABBV,2022-10-04,139.2100067138672,142.72000122070312,137.75999450683594,141.99000549316406,136.45420837402344,6612300,False,0.0261867874843196,53.54445620698765,141.1560020446777,140.74988900229832,-0.1406800961165686,3.97643062046596,0.038569937845806555,0.41282576898917417,33,32
ABBV,2022-10-05,141.47000122070312,144.47000122070312,141.11000061035156,143.3300018310547,137.74197387695312,4777900,False,0.0093930919143998,51.250011630178925,141.38700180053712,140.99561403360843,0.0794163918385209,3.894288199288504,0.037480701827790036,0.40093998340755405,33,32
ABBV,2022-10-06,142.7899932861328,142.99000549316406,139.89999389648438,140.2899932861328,134.82046508789062,5124800,False,-0.0214381753550411,44.50276318078843,141.3755012512207,140.92841205765836,0.0084438259196986,3.890002659388951,0.03828879900714554,0.40975797110173795,33,32
ABBV,2022-10-07,139.00999450683594,140.0500030517578,137.5500030517578,138.75999450683594,133.35012817382812,4648800,False,-0.0109657933032978,44.33467553349243,141.24250106811525,140.72189610043716,-0.1693088713785187,3.897858755929129,0.02259084895241973,0.23846133259981142,40,40
ABBV,2022-10-10,139.02999877929688,139.58999633789062,136.8699951171875,138.30999755859375,132.91766357421875,3830800,True,-0.0032483461634004,44.9087593453359,141.0460006713867,140.49219147740448,-0.342541551783853,3.928572518484933,0.018468708016565465,0.19348037118246703,42,40
ABBV,2022-10-11,138.02000427246094,143.67999267578125,138.02000427246094,141.50999450683594,135.99290466308594,5675100,False,0.0228728471323867,51.67972763136255,141.19500045776368,140.58912509925509,-0.2190911425347224,4.094285147530692,0.017316895951623914,0.18091175335513143,42,40
ABBV,2022-10-12,141.63999938964844,143.05999755859375,139.92999267578125,139.97999572753906,134.52256774902344,4528000,False,-0.0108707378578124,45.61505086853676,141.21650009155277,140.5311127781393,-0.2419251559439885,3.999285016741072,0.01673222468137153,0.17453179782757933,43,40
ABBV,2022-10-13,136.6999969482422,143.17999267578125,136.27000427246094,142.9199981689453,138.74549865722656,5066200,False,0.0309093350679103,49.81303493913396,141.2370002746582,140.75862567250178,-0.0225279613696329,4.316426958356585,0.01976626157114893,0.20763932578491598,41,40
ABBV,2022-10-14,142.60000610351562,144.47999572753906,142.2100067138672,142.94000244140625,138.76492309570312,5290500,False,0.000139990695741,52.42908691082157,141.18100051879884,140.96637584096888,0.151216938864934,4.267854963030134,0.017961356054401065,0.1879441269369991,42,40
ABBV,2022-10-17,142.64999389648438,144.92999267578125,142.10000610351562,144.41000366210938,140.19198608398438,4016200,True,0.0102315116815554,53.67788064349769,141.26850051879882,141.2943403953632,0.4028836453855149,4.160712105887277,0.016834607348489364,0.1756490014533398,42,40
ABBV,2022-10-18,145.22999572753906,145.8699951171875,143.52999877929688,144.60000610351562,140.37644958496094,3540400,False,0.0013149271557606,50.0,141.41000061035157,141.60916570090154,0.6106240387501884,4.070711408342634,0.015642066149109745,0.16263594573481385,43,40
ABBV,2022-10-19,144.8000030517578,145.4499969482422,142.30999755859375,143.1300048828125,138.9493865966797,3333300,False,-0.0102179979059962,50.61249424433209,141.5510009765625,141.75400752775022,0.6491598730538897,4.050711495535714,0.015464176202001108,0.1606948037476904,43,40
ABBV,2022-10-20,143.16000366210938,144.0399932861328,142.42999267578125,142.92999267578125,138.7552032470703,3880100,False,-0.0013984888140798,67.32905287020881,141.54700088500977,141.86600611327697,0.6559985429809956,3.549282618931361,0.007293742795716836,0.0715387182256189,47,48
ABBV,2022-10-21,143.33999633789062,147.75999450683594,142.42999267578125,147.05999755859375,142.76458740234375,5419400,False,0.0284857789697948,67.35500830809394,141.74700088500975,142.3606719652119,0.9833397873593128,3.602140154157366,0.014686090066442779,0.15220429772483732,43,40
ABBV,2022-10-24,148.7100067138672,151.52999877929688,148.6999969482422,150.88999938964844,146.4827117919922,5139700,True,0.0257103814748295,67.56113745902292,142.23100051879882,143.1729888627773,1.534124785433761,3.5671397617885043,0.0172858931458859,0.18057344953912133,42,40
ABBV,2022-10-25,148.02999877929688,150.60000610351562,147.2899932861328,149.82000732421875,145.4439697265625,5229400,False,-0.0071164885915589,62.94375677499971,142.6360008239746,143.80603824005743,1.8628130973901875,3.584283011300223,0.01856033055461135,0.19448015986338146,42,40
ABBV,2022-10-26,151.00999450683594,152.88999938964844,150.6999969482422,152.50999450683594,148.05538940429688,4727900,False,0.0177955318245105,74.71682972747755,143.03150024414063,144.6349864559411,2.31368966295068,3.558567592075893,0.01609258980772673,0.16755207733273839,43,40
ABBV,2022-10-27,153.75999450683594,153.99000549316406,152.05999755859375,153.5,149.0164794921875,6850400,False,0.0064704439676042,80.47973667554133,143.57050018310548,145.47927346013716,2.7195484968137293,3.500711713518416,0.014693663935894946,0.15228694408140528,43,40
ABBV,2022-10-28,145.92999267578125,148.97999572753906,142.33999633789062,147.61000061035156,143.2985382080078,10812200,False,-0.0391267665873632,65.69885177910103,144.2404998779297,145.68219985539568,2.5366795578249253,4.103569030761719,0.025486920061338306,0.27006337261719277,39,40
ABBV,2022-10-31,145.1699981689453,146.77999877929688,144.0800018310547,146.39999389648438,142.12384033203125,8604800,True,-0.008231341316779,58.84906953485302,144.64449920654295,145.75056119264224,2.267973391324915,3.9514269147600447,0.021361991353930132,0.2250519909287664,40,40
ABBV,2022-11-01,146.66000366210938,147.6999969482422,144.5500030517578,146.91000366210938,142.61898803710938,6351200,False,0.0034778625119611,63.02142019536503,144.89049911499023,145.86098428497243,2.072287306096115,3.952854701450893,0.021750620995581203,0.22929273261828376,40,40
ABBV,2022-11-02,147.02999877929688,148.0800018310547,144.47999572753906,144.52000427246094,140.2987823486328,5345000,False,-0.0164023468975322,53.06984723661637,144.94999923706055,145.7332719028285,1.7047009654338297,3.7164273943219865,0.018320129220233225,0.19185907360694612,42,40
ABBV,2022-11-03,144.0,145.4199981689453,143.02999877929688,144.4199981689453,140.20169067382812,3850700,False,-0.00069227461641,52.83089907087273,145.15649948120117,145.60819821388725,1.3893014826922467,3.724999564034598,0.01685737019937449,0.17589739056311207,42,40
ABBV,2022-11-04,145.35000610351562,145.5800018310547,143.0800018310547,145.27999877929688,141.0365753173828,4623700,False,0.0059372226117734,51.70386627267598,145.4824996948242,145.57694112487863,1.1949651676071935,3.701429094587053,0.00913764386859848,0.09165943809118088,46,48
ABBV,2022-11-07,145.27999877929688,148.8000030517578,144.6999969482422,148.10000610351562,143.7742156982422,4304000,True,0.0192248663673976,56.21448109342962,145.9720001220703,145.81723302760597,1.2540473834456805,3.827144077845982,0.012843275729669021,0.13209543636574086,44,48
ABBV,2022-11-08,148.8300018310547,151.6300048828125,147.9600067138672,148.52999877929688,144.191650390625,4637500,False,0.0028991976753539,59.95573154909195,146.32300033569337,146.07559167062416,1.3203471405501546,3.8650011335100447,0.012832713327441708,0.13198017902387543,44,48
ABBV,2022-11-09,148.58999633789062,150.57000732421875,147.0399932861328,147.6199951171875,143.3082275390625,4573700,False,-0.006145572223215,58.42615803336645,146.7050003051758,146.222677713154,1.2846518189047629,4.002144949776786,0.00950541778312198,0.09567260127917339,46,48
ABBV,2022-11-10,150.66000366210938,150.66000366210938,147.75,149.72000122070312,145.34689331054688,5607700,False,0.0141255049504578,55.155042198210346,147.04500045776368,146.55575614244438,1.4095673464555605,3.838574000767299,0.00988376820218436,0.09980117569400088,46,48
ABBV,2022-11-11,149.5399932861328,150.52000427246094,145.75,150.16000366210938,145.77403259277344,6786400,False,0.0029344478581098,48.371273736725165,147.40600051879883,146.8990178109839,1.5264721015838347,3.860002790178572,0.01006978154684023,0.10183096050953214,45,48
ABBV,2022-11-14,150.97999572753906,154.5399932861328,150.97999572753906,151.74000549316406,147.30789184570312,7077100,True,0.0104671979362989,54.18847243868032,147.77250061035156,147.36006425690582,1.7267084848415948,3.915715898786272,0.007841640350410555,0.07751739754586591,46,48
ABBV,2022-11-15,153.38999938964844,153.4199981689453,149.9600067138672,153.0399932861328,148.56991577148438,5909500,False,0.0085307620025251,51.23083617766791,148.19449996948242,147.90100987873694,1.9676139824474037,3.943572998046875,0.007894546252677378,0.07809470879883998,46,48
ABBV,2022-11-16,153.44000244140625,156.69000244140625,151.22999572753906,151.8699951171875,147.43409729003906,7358700,False,-0.0076743828186898,46.24596215318094,148.63149948120116,148.2790084728751,2.040601467294522,4.195715767996652,0.008488936987689575,0.08458072350199079,46,48
ABBV,2022-11-17,150.97000122070312,153.07000732421875,149.97000122070312,152.16000366210938,147.7156219482422,5069500,False,0.0019076741411593,64.12164574862165,149.09300003051757,148.64862706232597,2.0976652613731237,3.620001656668527,0.007092540516031323,0.06934319116323809,47,48
ABBV,2022-11-18,153.6699981689453,155.63999938964844,153.6699981689453,154.97999572753906,150.45326232910156,5691100,False,0.0183635346067953,74.20991493146899,149.48899993896484,149.25161455425103,2.343424976923444,3.616430010114397,0.009778098098594193,0.09864809943423174,46,48
ABBV,2022-11-21,155.39999389648438,158.6300048828125,154.42999267578125,157.11000061035156,152.52102661132812,6492100,True,0.0136499793113047,76.37019346460303,149.8,150.00003227387967,2.6791809842949306,3.691431318010603,0.010209735236586638,0.10335814058820007,45,48
ABBV,2022-11-22,157.69000244140625,159.8800048828125,157.55999755859375,159.7899932861328,155.12274169921875,5351100,False,0.0169142195151017,88.89451150122194,150.2984992980957,150.93240951314186,3.1254942977190296,3.632145472935268,0.011175785441567151,0.11389971781072675,45,48
ABBV,2022-11-23,159.9499969482422,160.94000244140625,158.82000732421875,159.38999938964844,154.73443603515625,3221100,False,-0.0025063538638901,87.55646443085385,150.64249954223632,151.73789426328534,3.4076434569759613,3.612859453473772,0.009386342526099144,0.09437324746637256,46,48
ABBV,2022-11-25,159.58999633789062,160.75,159.24000549316406,159.6199951171875,154.9577178955078,1661900,True,0.0014419603222481,87.15027307715418,150.9484992980957,152.48857053508556,3.60821418443706,3.542144775390625,0.009484373442748356,0.09544296462260835,46,48
ABBV,2022-11-28,160.0,160.72999572753906,157.8300018310547,158.42999267578125,153.80247497558594,3902800,True,-0.0074831428239522,79.23032417402118,151.4894989013672,153.05442026277086,3.6293082726270143,3.456429617745536,0.010485997301247347,0.10637272292901565,45,48
ABBV,2022-11-29,158.30999755859375,159.42999267578125,157.2100067138672,158.1999969482422,153.57920837402344,3689000,False,-0.0014526997080208,77.67603302609018,152.0794990539551,153.5444751851967,3.586128103939359,3.3528573172433034,0.009260116233430076,0.09299586127585768,46,48
ABBV,2022-11-30,158.7899932861328,161.17999267578125,156.4600067138672,161.17999267578125,156.47216796875,12342500,False,0.0186617043064429,84.69808804190627,152.79299850463866,154.2716673271571,3.749150387603862,3.4378553118024557,0.009996547197142325,0.10103182445148684,45,48
ABBV,2022-12-01,161.0,163.1999969482422,159.97999572753906,161.6300048828125,156.9090118408203,5827800,False,0.0027879412240861,83.2867921374094,153.64849853515625,154.97246138007668,3.870047448157123,3.450711931501116,0.009711670433724253,0.09792323818444533,46,48
ABBV,2022-12-02,160.72000122070312,163.75999450683594,160.50999450683594,163.66000366210938,158.8797149658203,4304900,False,0.0124813113399441,84.65095876676276,154.61049880981446,155.79984635931788,4.082601487130972,3.3421401977539062,0.010547174638986218,0.10704029240596215,45,48
ABBV,2022-12-05,162.88999938964844,165.19000244140625,162.88999938964844,163.94000244140625,159.15155029296875,4859400,True,0.0017094884877251,83.55338862203227,155.54349899291992,156.5750993195168,4.224943141232416,3.193569728306361,0.008412598490623863,0.08374771486773865,46,48
ABBV,2022-12-06,164.02999877929688,164.38999938964844,161.5500030517578,163.72000122070312,158.93797302246094,5480400,False,-0.0013428754293904,81.22811009534517,156.3244987487793,157.25556616724882,4.270766925087912,3.1492843627929688,0.008385641915782548,0.08345356367986091,46,48
ABBV,2022-12-07,163.69000244140625,165.52999877929688,163.25999450683594,165.39999389648438,160.5688934326172,4637800,False,0.0102090737108433,88.41570140231941,157.16799850463866,158.03122595098554,4.3920155512468,2.9214270455496654,0.005893098135702663,0.05625482949112309,47,48
ABBV,2022-12-08,165.39999389648438,166.22999572753906,164.27999877929688,165.99000549316406,161.14166259765625,4274400,False,0.0035607769747518,88.60974535441564,158.0864990234375,158.78920495500253,4.484025906505337,2.8392835344587053,0.005824773100459698,0.055509264062398714,47,48
ABBV,2022-12-09,166.75999450683594,167.75,162.80999755859375,163.05999755859375,158.29725646972656,4644800,False,-0.0178092344889256,72.41953361632369,158.75349884033204,159.1959471077255,4.271280954659488,2.943569728306361,0.01044151531266362,0.10588733374815382,45,48
ABBV,2022-12-12,163.2100067138672,165.49000549316406,162.75,165.32000732421875,160.4912567138672,4109400,True,0.0137648302547468,72.6170869767352,159.5114990234375,159.7791909378677,4.236210549705788,2.8392835344587053,0.012362175362288402,0.12684565053848043,44,48
ABBV,2022-12-13,166.9499969482422,167.5,164.6699981689453,164.7899932861328,159.97669982910156,5050400,False,-0.0032112872220228,65.62497019773446,160.16399841308595,160.25641020913102,4.118177510881026,2.843569074358259,0.01250369160738171,0.128389881281564,44,48
ABBV,2022-12-14,164.60000610351562,165.97999572753906,162.8300018310547,164.86000061035156,160.044677734375,4485400,False,0.0004248335333933,67.45368819574819,160.75499877929687,160.69484739019964,3.984355315319192,2.917140415736607,0.011485563557783145,0.11728002860317217,45,48
ABBV,2022-12-15,163.88999938964844,164.61000061035156,161.9499969482422,163.10000610351562,158.33607482910156,5268300,False,-0.0107331821678508,60.11628587802579,161.31649932861328,160.92391012480115,3.693704685028024,3.0171410696847096,0.011943976858274268,0.1222822522785535,45,48
ABBV,2022-12-16,162.0500030517578,163.32000732421875,160.47999572753906,160.47999572753906,155.7926025390625,18905500,False,-0.0161941781111574,55.501871919891165,161.73249893188478,160.88163256315715,3.214889777342762,3.0128566196986606,0.011473251380327652,0.1171456776463012,45,48
ABBV,2022-12-19,160.77999877929688,162.22999572753906,160.05999755859375,161.49000549316406,156.7731170654297,4033400,True,0.0062739941151494,58.47500664277887,162.05799942016603,160.93957284220545,2.883683551458688,3.009286063058036,0.00890819039579713,0.08915563291620951,46,48
ABBV,2022-12-20,161.61000061035156,161.85000610351562,160.07000732421875,160.5800018310547,155.88967895507812,4221000,False,-0.0056510750407042,48.26992983978338,162.23149948120118,160.90532798400062,2.5187361188005184,2.79928697858538,0.008873836829482494,0.08878076547111412,46,48
ABBV,2022-12-21,161.4499969482422,162.72999572753906,160.36000061035156,162.2100067138672,157.4720916748047,3707200,False,0.0100996759591098,51.565874151686,162.35250015258788,161.02958310113078,2.3341339770983893,2.738572256905692,0.01116058719964734,0.11373387400673153,45,48
ABBV,2022-12-22,161.8699951171875,163.38999938964844,161.52999877929688,163.27000427246094,158.50111389160156,3606000,False,0.0065133741507601,48.88889468517886,162.5465003967285,161.24295654601937,2.2474610618965016,2.639286586216518,0.01092885501261769,0.11120520341391557,45,48
ABBV,2022-12-23,163.38999938964844,163.82000732421875,162.3300018310547,163.10000610351562,158.33607482910156,2685100,False,-0.0010417910731577,47.59176238372215,162.72050094604492,161.41981840863806,2.140381732384924,2.581429617745536,0.0064101520317450585,0.061896941614528876,47,48
ABBV,2022-12-27,163.49000549316406,163.80999755859375,161.77999877929688,162.99000549316406,158.22930908203125,2669200,True,-0.0006745257475678,47.89384570276903,162.94850158691406,161.56936003573577,2.0233208787237515,2.5235726492745534,0.0063404656918347015,0.06113652157659193,47,48
ABBV,2022-12-28,163.6999969482422,164.69000244140625,162.11000061035156,162.22999572753906,157.49148559570312,2944500,False,-0.0046739070845934,40.34130797219027,163.1500015258789,161.6322777206694,1.8479211872445087,2.54571533203125,0.006060362679839655,0.058080026669820844,47,48
ABBV,2022-12-29,162.9600067138672,163.8800048828125,162.19000244140625,162.55999755859375,157.81185913085938,3112500,False,0.0020321614138753,39.38082654091842,163.21900177001953,161.7206319909479,1.7157657780244335,2.527144295828683,0.00415362402697121,0.03727362069965219,48,48
ABBV,2022-12-30,162.22999572753906,162.85000610351562,159.82000732421875,161.61000061035156,156.8896026611328,3680400,False,-0.0058611682620456,44.88358895556879,163.21800155639647,161.71009566898636,1.516889096547544,2.3907154628208707,0.0032008654700368187,0.02687708245498657,48,48
ABBV,2023-01-03,162.0399932861328,163.02000427246094,160.80999755859375,162.3800048828125,157.63711547851562,4937500,True,0.0047532637558777,38.40697954271961,163.15400161743165,161.7738965464936,1.4052123895292254,2.352858407156808,0.0044570790782314535,0.04058493396260023,48,48
ABBV,2023-01-04,162.39999389648438,164.27999877929688,161.50999450683594,163.69000244140625,158.90884399414062,4440400,False,0.0080350756009917,45.91386403390933,163.14150161743163,161.95638282219954,1.4062038073425356,2.3485728672572543,0.0059960687720568935,0.057378449059945325,47,48
ABBV,2023-01-05,163.08999633789062,164.49000549316406,162.33999633789062,163.49000549316406,158.71469116210938,3516000,False,-0.0012225344454863,44.959556990734704,163.1300018310547,162.10244212419616,1.3750012720676352,2.2771453857421875,0.005365675895701753,0.05049957759719099,47,48
ABBV,2023-01-06,164.83999633789062,168.11000061035156,164.1199951171875,166.5500030517578,161.68531799316406,5099100,False,0.018543769486959,61.58492283003342,163.18750228881837,162.52601935539252,1.5789876804771552,2.399287632533482,0.009344492854996432,0.09391658223573325,46,48
ABBV,2023-01-09,165.89999389648438,166.27999877929688,160.8800048828125,161.66000366210938,156.93814086914062,7833000,True,-0.0298002441406102,53.43824776653723,162.97100219726562,162.44354167031793,1.330726508626924,2.6014295305524557,0.01816973683973413,0.19021798613081145,42,40
ABBV,2023-01-10,162.22999572753906,162.4199981689453,158.3000030517578,159.63999938964844,154.97714233398438,5936200,False,-0.0125740832725012,44.90917794069483,162.80000228881835,162.1765376435875,0.9599149760849456,2.7407150268554688,0.01869604208911665,0.1959610493798886,42,40
ABBV,2023-01-11,159.22000122070312,159.33999633789062,155.05999755859375,157.1699981689453,152.5792999267578,7492000,False,-0.0155931768173577,41.358333088429774,162.3925018310547,161.69972436028823,0.4614167836830347,2.9407152448381697,0.018057210621384382,0.18899009568145672,42,40
ABBV,2023-01-12,155.0,155.25999450683594,151.72000122070312,152.22000122070312,149.1786346435547,7665100,False,-0.0225399823386306,28.329708957669283,161.7640022277832,160.79689358508963,-0.329274340522204,3.1607153756277904,0.018529240593756692,0.19414090500736564,42,40
ABBV,2023-01-13,152.08999633789062,153.80999755859375,151.33999633789062,153.60000610351562,150.5310516357422,6019300,False,0.0090249079926521,29.31109568764744,161.2010025024414,160.11147572970162,-0.8349234148116693,3.204286847795759,0.014636062007548014,0.1516583896101106,43,40
ABBV,2023-01-17,153.8000030517578,155.10000610351562,152.5800018310547,152.8300018310547,149.77642822265625,8507000,True,-0.0050256823557315,28.577394218215176,160.68750228881837,159.41800202506855,-1.28299726495203,3.277858189174107,0.012038316100302447,0.12331168573845815,45,48
ABBV,2023-01-18,152.1199951171875,152.4199981689453,149.07000732421875,149.1999969482422,146.21896362304688,6190800,False,-0.0240384546645761,24.918155447477943,160.1235023498535,158.44485868441845,-1.9090042633780515,3.4014293125697543,0.013774490623639035,0.14225688932640757,44,48
ABBV,2023-01-19,148.9499969482422,150.5399932861328,147.3300018310547,148.7100067138672,145.73875427246094,7169900,False,-0.0032895844445609,25.16534091227598,159.48450241088867,157.51772992531835,-2.4167980926548296,3.446428571428572,0.013987821791594888,0.14458476728697772,44,48
ABBV,2023-01-20,149.42999267578125,149.7100067138672,147.14999389648438,149.58999633789062,146.60116577148438,7059000,False,0.0059000768740004,26.64744985257707,158.93500213623048,156.76270767889667,-2.716901799799672,3.5085721697126115,0.012936709890196569,0.1331149935412843,44,48
ABBV,2023-01-23,149.86000061035156,150.42999267578125,148.0500030517578,148.5500030517578,145.5819549560547,7616400,True,-0.0069765491369094,26.56137037799753,158.252001953125,155.98054533345487,-3.00402637039042,3.462142944335937,0.010884550129230952,0.11072174681181718,45,48
ABBV,2023-01-24,148.0800018310547,148.8699951171875,146.44000244140625,147.69000244140625,144.7391357421875,5171400,False,-0.0058061340258966,23.72090864920048,157.47300186157227,155.1909698199264,-3.26335163683126,3.477856227329799,0.010860356279555497,0.11045774258786573,45,48
ABBV,2023-01-25,147.3800048828125,147.97999572753906,146.5,147.7899932861328,144.83712768554688,5744300,False,0.000676795438548,20.26921459389841,156.70750122070314,154.48611491194606,-3.4213610330465087,3.38571275983538,0.005254551570497313,0.049286984660090585,48,48
ABBV,2023-01-26,147.9199981689453,148.6999969482422,147.11000061035156,147.39999389648438,144.45492553710938,4577800,False,-0.0026423288614716,20.126206666390917,155.92800064086913,153.81124624380683,-3.5372787616424546,3.345711844308036,0.005219587529480856,0.04890545569142378,48,48
ABBV,2023-01-27,147.30999755859375,147.67999267578125,146.00999450683594,146.27999877929688,143.3572998046875,4591500,False,-0.0076274109102248,9.443728350540953,155.13050079345703,153.0939845805202,-3.677130965626958,3.134997776576451,0.003459300510582448,0.029697135618759276,48,48
ABBV,2023-01-30,145.8699951171875,147.1199951171875,145.25999450683594,145.64999389648438,142.73988342285156,4573400,True,-0.0043161371486424,11.3844070191968,154.28500061035157,152.38503308680248,-3.7950539540941577,2.8628550938197543,0.0031709477597744403,0.026550619242799372,48,48
ABBV,2023-01-31,145.6300048828125,147.85000610351562,144.41000366210938,147.75,144.7979278564453,5628700,False,0.0143151926327096,21.431981011920342,153.59200057983398,151.94360136424987,-3.6766734273524833,2.814284188406808,0.008502031313387916,0.08472360929075658,46,48
ABBV,2023-02-01,146.6300048828125,147.44000244140625,145.25,146.60000610351562,143.67091369628906,5439900,False,-0.0078138067757493,22.883515554355117,152.80300064086913,151.43468752989423,-3.633763143985476,2.665712629045759,0.009174650622517344,0.09206325722209098,46,48
ABBV,2023-02-02,145.92999267578125,145.92999267578125,143.44000244140625,144.83999633789062,141.94606018066406,6160800,False,-0.0120782351354746,27.36193125863573,151.86050033569336,150.80662170208436,-3.699133209329148,2.502141680036272,0.010335347755826885,0.10472882925930686,45,48
ABBV,2023-02-03,145.9199981689453,146.8000030517578,144.6999969482422,145.1999969482422,142.2988739013672,6553000,False,0.0024824639568743,22.5130294021604,150.94599990844728,150.27265743981368,-3.679475710874328,2.475713457380022,0.010315917057570548,0.10451680072797301,45,48
ABBV,2023-02-06,145.74000549316406,146.3300018310547,144.80999755859375,145.02000427246094,142.1224822998047,4297000,True,-0.0012403542865628,23.41724817756321,149.86949996948243,149.77240475720868,-3.636501579829599,2.404284885951451,0.010195675467904656,0.10320471984823452,45,48
ABBV,2023-02-07,144.5800018310547,145.4600067138672,143.66000366210938,145.13999938964844,142.24008178710938,5401900,False,0.0008271095345237,31.84252548826925,149.0434997558594,149.3312232936315,-3.551818515334247,2.264285496303013,0.006160234466060517,0.05916983146606343,47,48
ABBV,2023-02-08,145.41000366210938,146.35000610351562,144.47000122070312,144.61000061035156,141.72067260742188,5753800,False,-0.0036583207428041,31.728980351197865,148.29199981689453,148.881583038081,-3.4872739256554723,2.169286455426897,0.005707299548198493,0.05422738811394219,47,48
ABBV,2023-02-09,148.5,153.6999969482422,147.89999389648438,148.6999969482422,145.72894287109375,12216900,False,0.0278903144790085,46.916144204770525,147.86849975585938,148.86428912476302,-3.0706962751562514,2.635713849748884,0.01285775454926631,0.13225342980551136,44,48
ABBV,2023-02-10,149.69000244140625,153.17999267578125,148.77000427246094,152.0500030517578,149.01202392578125,8956700,False,0.0222786596826847,60.45400848804819,147.8599998474121,149.16769045114347,-2.4420871301809086,2.7857142857142856,0.01470391105650705,0.15239876105808428,43,40
ABBV,2023-02-13,152.02000427246094,153.77999877929688,151.25999450683594,153.72999572753906,150.65846252441406,5602600,True,0.0109884372318979,67.19817589508617,147.8664993286133,149.60219571556212,-1.7877405253068162,2.7921436854771207,0.013496595561679384,0.13922448765586953,44,48
ABBV,2023-02-14,153.9199981689453,154.0,151.75999450683594,152.58999633789062,149.54122924804688,4662800,False,-0.0074433016763918,62.90324036132174,147.85449905395507,149.8867481557839,-1.345642817239991,2.846430097307478,0.015513088992262326,0.16122854200792738,43,40
ABBV,2023-02-15,152.6199951171875,153.49000549316406,150.8300018310547,151.05999755859375,148.04180908203125,5648100,False,-0.0100774080657991,59.27053057943232,147.94749908447267,149.99848619414672,-1.1059861928325176,2.9228591918945312,0.017110512987356476,0.17865969446210211,42,40
ABBV,2023-02-16,149.11000061035156,150.5,148.72999572753906,149.52999877929688,146.54237365722656,3757500,False,-0.0101801010513921,58.064518571807206,147.98849868774414,149.9538683451134,-1.027668384675593,2.9700023106166293,0.014760412192813568,0.1530153036440337,43,40
ABBV,2023-02-17,149.14999389648438,151.38999938964844,148.61000061035156,151.30999755859375,148.28680419921875,4562400,False,0.0118336381182079,63.28640118746401,148.0744987487793,150.08302350830198,-0.8126027533303954,3.0357164655412947,0.011364546653887458,0.1159594874645538,45,48
ABBV,2023-02-21,149.82000732421875,153.02000427246094,149.82000732421875,152.0,148.9630126953125,8466100,True,0.0045497734507782,60.68376920775445,148.24699859619142,150.2655926979875,-0.5798006792773549,3.018573216029576,0.00994623138569694,0.10048277636979183,45,48
ABBV,2023-02-22,151.0,152.14999389648438,150.24000549316406,150.6699981689453,147.6595916748047,6041700,False,-0.0087884698649157,60.139495950375085,148.39599838256837,150.3041075047454,-0.4968954889293115,2.9764295305524557,0.010137715721199985,0.10257226084917279,45,48
ABBV,2023-02-23,150.89999389648438,153.57000732421875,149.1699981689453,152.07000732421875,149.03163146972656,5993300,False,0.0092490068374451,68.34097950475106,148.60999908447266,150.47228843993332,-0.3145970112965699,3.0650013514927457,0.010225823247469807,0.10353369358555718,45,48
ABBV,2023-02-24,151.3000030517578,152.97999572753906,150.91000366210938,152.7100067138672,149.65884399414062,5621100,False,0.0041997552505462,68.78442579904493,148.8754997253418,150.68540446602228,-0.1171313352158165,3.0628574916294644,0.007946496239202377,0.0786615890622457,46,48
ABBV,2023-02-27,153.25999450683594,154.75,153.10000610351562,154.27999877929688,151.1974639892578,6828800,True,0.0102283606385197,71.65575070352472,149.2754997253418,151.02774678157223,0.1641546023770672,3.099999564034598,0.007585654067297653,0.07472406531796512,47,48
ABBV,2023-02-28,153.9600067138672,154.3699951171875,152.6199951171875,153.89999389648438,150.82505798339844,7561700,False,-0.0024660822786405,70.24028362733299,149.6879997253418,151.30129412584958,0.3523508351684938,3.0964279174804688,0.008066228136326674,0.07996810815724538,46,48
ABBV,2023-03-01,152.75999450683594,155.5800018310547,152.3699951171875,155.27000427246094,152.16769409179688,5485800,False,0.0088625545481847,73.70996097064314,150.06399993896486,151.67926652076497,0.6050712089699459,3.1914280482700894,0.005280711238139182,0.049572439965767955,48,48
ABBV,2023-03-02,155.22999572753906,155.77000427246094,154.2100067138672,154.3800048828125,151.29547119140625,4567800,False,-0.0057484756112463,64.73030030826214,150.4529998779297,151.93647969810283,0.7251790011333412,2.653570992606027,0.006972640790719474,0.06803484072056094,47,48
ABBV,2023-03-03,154.3300018310547,156.1699981689453,154.00999450683594,156.05999755859375,152.94190979003906,4851200,False,0.0108234870176364,61.38556038572416,151.01399993896484,152.32919568481626,0.9450329092880168,2.4878572736467635,0.007830421296072157,0.07739497479075212,46,48
ABBV,2023-03-06,155.7899932861328,156.4600067138672,154.5399932861328,155.27999877929688,152.177490234375,4051900,True,-0.0050106361963585,54.63794862054576,151.51800003051758,152.61022455095727,1.044291391581652,2.445000784737723,0.007930593342556412,0.07848805603860881,46,48
ABBV,2023-03-07,155.57000732421875,155.6699981689453,152.0500030517578,152.92999267578125,149.87442016601562,4606900,False,-0.0152497939702162,50.94864978550859,151.9134994506836,152.64067865808337,0.9226923778095396,2.5435714721679688,0.010936232041375223,0.11128570183720601,45,48
ABBV,2023-03-08,152.7899932861328,153.74000549316406,148.5399932861328,149.60000610351562,146.61097717285156,5860100,False,-0.022015079511022,46.29819633696233,152.13649978637696,152.3510907957436,0.55126752788928,2.725000653948103,0.012407093191514966,0.12733579562930378,44,48
ABBV,2023-03-09,150.07000732421875,150.91000366210938,146.57000732421875,147.35000610351562,144.4059295654297,5350200,False,-0.0151543759571407,44.66733753572079,152.27350006103515,151.8747970155314,0.0744957220783533,2.8685716901506697,0.012793534700806937,0.13155266033383872,44,48
ABBV,2023-03-10,147.83999633789062,150.63999938964844,147.47000122070312,149.7100067138672,146.71878051757812,6825500,False,0.0158894077549983,46.19412340742773,152.3240005493164,151.668626510611,-0.11163023916518,2.90499986921038,0.014826770940282863,0.1537394128644772,43,40
ABBV,2023-03-13,149.0,153.32000732421875,149.0,151.9499969482422,148.9140167236328,7653800,True,0.0148513735650227,49.8892266961972,152.31900024414062,151.69542369514733,-0.0774946033327239,2.9850006103515625,0.0182065951803306,0.19062018576980408,42,40
ABBV,2023-03-14,151.9499969482422,153.99000549316406,151.4600067138672,153.85000610351562,150.77606201171875,6644100,False,0.012426632589822,56.87123599491726,152.32500076293945,151.90062201975385,0.101700651980451,3.02928706577846,0.018265962255847902,0.19126800159533233,42,40
ABBV,2023-03-15,152.17999267578125,154.3800048828125,151.72999572753906,154.05999755859375,150.9818572998047,6304600,False,0.0013639762658832,54.53301114900515,152.39850082397462,152.10627683297668,0.2576882683490566,2.90428706577846,0.013099346568811577,0.13488969127230954,44,48
ABBV,2023-03-16,153.1999969482422,155.9199981689453,152.50999450683594,155.3000030517578,152.1970977783203,6331200,False,0.0080166975083188,55.74278878035181,152.61050109863282,152.41044123476536,0.475881986971757,3.000002179827009,0.005944016727740639,0.05681045513797184,47,48
ABBV,2023-03-17,155.77999877929688,156.07000732421875,151.8800048828125,154.22000122070312,151.138671875,42756400,False,-0.006978604600789,49.86401277145569,152.84500122070312,152.58278028104516,0.5552543328515753,3.1535742623465404,0.008854827953721084,0.08857333988316927,46,48
ABBV,2023-03-20,154.52000427246094,156.33999633789062,154.4600067138672,156.1199951171875,153.00070190429688,4408200,True,0.0122447368202904,54.70738440392975,153.08550109863282,152.9196578844873,0.7626794236980459,3.1800024850027904,0.008255140131175056,0.08202952315585402,46,48
ABBV,2023-03-21,156.63999938964844,157.0500030517578,155.10000610351562,156.77000427246094,153.63771057128906,4675700,False,0.0041547931206815,53.28084199734072,153.32400131225586,153.2863575404848,0.9683530380446256,3.090001787458147,0.007268504870160029,0.07126332100524481,47,48
ABBV,2023-03-22,155.67999267578125,156.8800048828125,153.61000061035156,153.6699981689453,150.59963989257812,4376900,False,-0.0199723779009827,48.5839510598684,153.4740013122559,153.32289474319532,0.8711640377445917,3.2121451241629466,0.013017057359214504,0.13399174823262483,44,48
ABBV,2023-03-23,154.10000610351562,156.5,154.02000427246094,155.3000030517578,152.1970977783203,4584000,False,0.0105514525607996,48.48122626487229,153.6355010986328,153.5111907725822,0.9151198938279492,3.2600021362304688,0.013473361106368903,0.1389709523803569,44,48
ABBV,2023-03-24,155.27999877929688,158.47999572753906,154.58999633789062,158.02000427246094,154.8627471923828,4678700,False,0.0173628458739442,55.081611296028925,153.9010009765625,153.94060158209447,1.1561096802305144,3.4007154192243303,0.01466622046094246,0.1519874798206716,43,40
ABBV,2023-03-27,158.8300018310547,159.13999938964844,157.3800048828125,157.5399932861328,154.39231872558594,3887800,True,-0.0030423354796141,59.18692403267289,154.0640007019043,154.28340079200288,1.293452828158138,3.267858232770647,0.014333694614652096,0.14835894491732604,44,48
ABBV,2023-03-28,157.8000030517578,158.60000610351562,157.4499969482422,158.25,155.088134765625,3532500,False,0.0044966795456489,69.2478453017664,154.28150100708007,154.66117214514549,1.4429563676331725,2.978572300502232,0.014348479200125249,0.14852027488616698,44,48
ABBV,2023-03-29,158.97999572753906,159.6999969482422,156.36000061035156,158.0,154.8431396484375,3959900,False,-0.0015809644811099,76.01362331199442,154.41800079345705,154.97915575036973,1.523701803203295,2.9071437290736606,0.008519770226325005,0.08491717699521534,46,48
ABBV,2023-03-30,158.00999450683594,158.52999877929688,157.4199981689453,157.9199981689453,154.7647247314453,3635800,False,-0.0005065434550632,72.5672803166172,154.59500045776366,155.25923598071026,1.563217861036435,2.751429966517857,0.008332525606348614,0.08287395645573664,46,48
ABBV,2023-03-31,158.42999267578125,159.57000732421875,157.72999572753906,159.3699951171875,156.18576049804688,4957300,False,0.0091400124897441,71.32178520409461,154.76050033569337,155.65073685085096,1.6920325590727714,2.574287414550781,0.005032357814545633,0.046862397796331126,48,48
ABBV,2023-04-03,158.25,160.47000122070312,157.7899932861328,160.4199981689453,157.21478271484375,4389400,True,0.006566841934334,69.84887836603133,155.0175003051758,156.104952214479,1.857434260420092,2.5850023542131697,0.0045826117922037665,0.04195475179553489,48,48
ABBV,2023-04-04,160.50999450683594,161.72999572753906,159.52999877929688,159.77999877929688,156.5875701904297,4224400,False,-0.0039975057793395,66.84330753663718,155.36000061035156,156.45495664922356,1.9148010636072288,2.552858625139509,0.005632125819733931,0.05340708947974189,47,48
ABBV,2023-04-05,160.0,161.6699981689453,159.00999450683594,160.8000030517578,157.5872039794922,5743000,False,0.0063635736831814,66.40807512113227,155.92000045776368,156.86877059232205,2.019293332128399,2.4992871965680803,0.005515419673770391,0.05213358749850382,47,48
ABBV,2023-04-06,160.8000030517578,162.19000244140625,160.6199951171875,161.5500030517578,158.3222198486328,5498300,False,0.0046533413694605,72.30670930078132,156.63000030517577,157.31460225512546,2.1379776640794432,2.3121446881975447,0.005037244716918519,0.046915723864145345,48,48
ABBV,2023-04-10,161.7100067138672,162.05999755859375,160.2100067138672,161.27999877929688,158.05760192871094,3309500,True,-0.0016727867165494,67.43238729153263,157.2084999084473,157.6922590669513,2.185060743855246,2.292858668736049,0.004890404112427133,0.04531339350525921,48,48
ABBV,2023-04-11,161.49000549316406,162.58999633789062,161.19000244140625,161.3800048828125,158.15560913085938,2875800,False,0.0006198805227544,66.17538877663453,157.68000030517578,158.0434729541762,2.205025914400437,2.253572736467634,0.004306719860864633,0.03894420836384837,48,48
ABBV,2023-04-12,162.1199951171875,163.47999572753906,161.60000610351562,162.36000061035156,159.11602783203125,4005000,False,0.0060542546063216,85.82018582207273,158.1055000305176,158.4545708261929,2.2737159389401143,2.1700003487723216,0.003559078853222453,0.030785920755031313,48,48
ABBV,2023-04-13,161.0,162.86000061035156,160.5500030517578,162.69000244140625,160.9061737060547,3868500,False,0.0111877522088609,84.11808548559577,158.5370002746582,158.85794526573704,2.327946549373678,2.132857186453683,0.004994356161182132,0.04644772228417893,48,48
ABBV,2023-04-14,162.63999938964844,163.0,160.92999267578125,161.58999633789062,159.8182373046875,3473100,False,-0.0067842704628874,69.38098606833458,158.85149993896485,159.11814060594216,2.2561558393261123,2.0028577532087053,0.0069523094227413335,0.0678129840463672,47,48
ABBV,2023-04-17,161.9199981689453,162.1999969482422,160.64999389648438,161.17999267578125,159.4127197265625,4354100,True,-0.0025405919276598,69.9124041529146,159.19949951171876,159.31450746973636,2.141491534028546,1.987858363560268,0.007072991309438206,0.06912986946434706,47,48
ABBV,2023-04-18,161.0,161.22999572753906,158.41000366210938,159.58999633789062,157.8401641845703,4996200,False,-0.0099136587941885,56.68659543881877,159.3729995727539,159.34074450479866,1.9004130509690071,2.107142857142857,0.00882870528650094,0.08828828832752568,46,48
ABBV,2023-04-19,158.6699981689453,161.44000244140625,158.52000427246094,161.2100067138672,159.44241333007812,4826900,False,0.0100999101699579,64.09130063754509,159.59499969482422,159.5187694770909,1.8191083657328304,2.077142987932478,0.009709476720523101,0.09789930030109847,46,48
ABBV,2023-04-20,161.17999267578125,161.77000427246094,160.5800018310547,161.74000549316406,159.9665985107422,3808100,False,0.0032822220527181,66.13175109672298,159.99850006103514,159.73031576433596,1.7769566390018667,2.082857404436384,0.008010669017842203,0.07936184490622586,46,48
ABBV,2023-04-21,162.58999633789062,163.19000244140625,162.02000427246094,162.41000366210938,160.62924194335938,4812100,False,0.0041338301539599,63.74322254873556,160.3540000915527,159.98552413555248,1.7771287111484355,2.054999215262277,0.007574311385228264,0.07460029353226641,47,48
ABBV,2023-04-24,162.57000732421875,164.36000061035156,162.3300018310547,164.0800018310547,162.2809295654297,4728900,True,0.010230102192861,65.66779278396575,160.65699996948243,160.375474392267,1.890230573616208,2.008569989885603,0.00820375525602872,0.08146880940968186,46,48
ABBV,2023-04-25,164.80999755859375,166.1999969482422,164.49000549316406,164.89999389648438,163.09193420410156,5506200,False,0.0049850888534832,71.58511073543148,161.025,160.80638101171627,2.0227145272235987,2.0028555733816966,0.0033582041205131104,0.02859396789793042,48,48
ABBV,2023-04-26,162.67999267578125,163.25999450683594,160.5,161.8000030517578,160.02593994140625,5192000,False,-0.0189781286061745,53.58679994570762,161.2025001525879,160.9010116821964,1.8561689018127647,2.127140590122768,0.011345350932943133,0.11575002301474216,45,48
ABBV,2023-04-27,153.8699951171875,153.8699951171875,147.16000366210938,148.8699951171875,147.23770141601562,17063000,False,-0.083287629476044,25.72740639829045,160.74599990844726,159.755200580767,0.6730778910914239,3.060711451939174,0.03895046916148012,0.41697814143222284,33,32
ABBV,2023-04-28,147.97000122070312,151.38999938964844,147.44000244140625,151.1199951171875,149.46302795410156,7123800,False,0.0150007603402695,31.92170559557593,160.40599975585937,158.93280006042608,-0.0820284892867562,3.210711887904576,0.040661076512729565,0.4356443550489174,32,32
ABBV,2023-05-01,150.83999633789062,154.7100067138672,150.82000732421875,153.7100067138672,152.02464294433594,5601000,True,0.016993574748224,37.46323102117125,160.12300033569335,158.4353911702776,-0.4660906429614897,3.3885694231305803,0.041782750652703066,0.44788410667267525,32,32
ABBV,2023-05-02,153.5500030517578,155.02000427246094,151.1999969482422,151.6199951171875,149.95755004882812,5135600,False,-0.0136903779694751,33.05994292158867,159.68300018310546,157.78630583188806,-0.9284070372513042,3.511427743094308,0.04058421068405561,0.4348055921517486,32,32
ABBV,2023-05-03,151.07000732421875,151.50999450683594,148.4499969482422,149.25,147.61354064941406,6815300,False,-0.0157546075940194,30.08299618394834,159.15650024414063,156.9733243240892,-1.4691000388522752,3.57285635811942,0.04056640776783924,0.4346113260410294,32,32
ABBV,2023-05-04,149.0,149.0,146.35000610351562,147.36000061035156,145.7442626953125,5694300,False,-0.0127441863315519,29.394743784575866,158.4845001220703,156.05776968468558,-2.026747213197069,3.63214111328125,0.016515642953342492,0.1721684496296951,43,40
ABBV,2023-05-05,148.5399932861328,149.3800048828125,147.13999938964844,148.02999877929688,146.4069061279297,4447700,False,0.0045363129753435,31.100904474477616,157.80849990844726,155.29322007464856,-2.3871062883012257,3.681427001953125,0.014335680209534003,0.1483806118055192,44,48
ABBV,2023-05-08,148.14999389648438,148.1999969482422,146.74000549316406,147.4499969482422,145.83326721191406,3689500,True,-0.0039258096941453,32.03079581914774,157.11699981689452,154.54624644356224,-2.6885033588709177,3.584284101213728,0.0084894254085128,0.08458605316891553,46,48
ABBV,2023-05-09,147.41000366210938,148.4600067138672,146.27000427246094,146.8300018310547,145.22007751464844,4201600,False,-0.004213595999562,28.065885573042493,156.38949966430664,153.81136600427578,-2.9434607499035224,3.532141549246652,0.008035238467016334,0.07962994768644241,46,48
ABBV,2023-05-10,146.52000427246094,146.97999572753906,145.14999389648438,146.4199981689453,144.81455993652344,4127300,False,-0.0027963407814651,26.546225342294875,155.59249954223634,153.1074262104348,-3.142376824186755,3.577855791364397,0.006137643672089308,0.05892331984799437,47,48
ABBV,2023-05-11,147.2899932861328,147.57000732421875,145.19000244140625,146.58999633789062,144.98269653320312,4300400,False,0.0011603741014927,25.404220269325197,154.78749923706056,152.48671860352582,-3.248851081738536,3.644284929547991,0.0037888306097686917,0.03329298081377037,48,48
ABBV,2023-05-12,146.7899932861328,147.60000610351562,146.07000732421875,147.14999389648438,145.53656005859375,3526200,False,0.0038129258825206,22.737510031239974,154.06549911499025,151.9784591076171,-3.2505749702261824,3.608570643833705,0.003527060141863133,0.030436531337566335,48,48
ABBV,2023-05-15,147.6699981689453,148.89999389648438,145.66000366210938,146.58999633789062,144.98269653320312,4391800,True,-0.0038129258825206,20.26633245021692,153.33599929809571,151.46527217716695,-3.2595541756216733,3.688570295061384,0.0035054854133149444,0.030201107064714627,48,48
ABBV,2023-05-16,145.86000061035156,146.94000244140625,143.22999572753906,143.2899932861328,141.71888732910156,4685400,False,-0.0227689722712294,20.13553183171325,152.5209991455078,150.68667418754467,-3.4926913557655155,3.6392854963030135,0.010458832232117582,0.1060762966433937,45,48
ABBV,2023-05-17,143.02000427246094,143.52000427246094,140.52000427246094,143.35000610351562,141.77822875976562,5482000,False,0.0004186386962197,34.76826378467959,151.62799911499025,149.9879438938276,-3.630758592887389,2.807856968470982,0.01071472999863661,0.10886866297479658,45,48
ABBV,2023-05-18,142.61000061035156,143.55999755859375,141.97999572753906,143.44000244140625,141.86724853515625,4791200,False,0.000627683396628,25.93990569392976,150.71299896240234,149.36433042216842,-3.690375568317677,2.6385716029575894,0.010650087376509052,0.10816328018049552,45,48
ABBV,2023-05-19,143.86000061035156,145.8000030517578,143.8000030517578,145.11000061035156,143.51893615722656,5609900,False,0.0115752349101015,21.40957042069188,149.84799880981444,148.95915615437636,-3.5618092356669138,2.5292859758649557,0.012535365821274102,0.12873551152933796,44,48
ABBV,2023-05-22,145.47000122070312,146.66000366210938,143.77999877929688,144.89999389648438,143.3112335205078,3867300,True,-0.001448262386458,24.468087573366237,148.88899841308594,148.57256927267235,-3.437242881155953,2.462142944335937,0.01253182869937515,0.1286969143182913,44,48
ABBV,2023-05-23,144.4499969482422,144.82000732421875,142.33999633789062,142.52000427246094,140.95733642578125,5121900,False,-0.0165614573396791,24.449519122150264,147.76999893188477,147.99613451074745,-3.49033402206058,2.4185714721679688,0.010063898122449086,0.10176676035488967,45,48
ABBV,2023-05-24,142.58999633789062,142.94000244140625,140.94000244140625,141.14999389648438,139.6023406982422,4143500,False,-0.0096593086843971,25.454536681981736,146.73749847412108,147.34412111891288,-3.6014423359861496,2.354286193847656,0.01067967128164933,0.10848610089827224,45,48
ABBV,2023-05-25,140.02999877929688,140.1999969482422,138.25999450683594,138.6199951171875,137.10008239746094,6986600,False,-0.018086769796369,17.574096040920026,146.2249984741211,146.51325197589142,-3.849274195832038,2.400714329310826,0.012218190341127177,0.125274480415403,44,48
ABBV,2023-05-26,138.72000122070312,139.85000610351562,137.10000610351562,137.55999755859375,136.0517120361328,7590300,False,-0.0076761385460896,17.01135501865359,145.5469985961914,145.66056107900593,-4.084136293595321,2.4928577968052457,0.0067959831706853255,0.06610714593416492,47,48
ABBV,2023-05-30,135.49000549316406,136.83999633789062,135.25,136.44000244140625,134.94400024414062,7671500,True,-0.0081751696512822,16.462247562682663,144.68349838256836,144.78241263732977,-4.310946535737116,2.501428876604353,0.004915652404191291,0.04558890384208909,48,48
ABBV,2023-05-31,136.6199951171875,138.7100067138672,135.77000427246094,137.9600067138672,136.44732666015625,12579100,False,0.0110787755052035,24.518107396097804,144.00049896240233,144.1326596922381,-4.318265369973972,2.580714634486607,0.010693891245761776,0.1086412696969745,45,48
ABBV,2023-06-01,135.25999450683594,135.25999450683594,131.10000610351562,133.44000244140625,131.9768829345703,11895600,False,-0.0333118769126634,18.615784643621907,143.20999908447266,143.11431138263504,-4.635358639387505,2.900714329310826,0.016234745721350342,0.1691032881635796,43,40
ABBV,2023-06-02,133.7100067138672,136.97000122070312,133.5,136.8699951171875,135.36927795410156,6661200,False,0.0253796583481973,28.421503739747408,142.68549880981445,142.51961459544958,-4.557351287847041,3.0435714721679688,0.022192463973823254,0.23411414029601796,40,40
ABBV,2023-06-05,137.0,138.30999755859375,136.2899932861328,136.86000061035156,135.35939025878906,4276200,True,-7.3045055643065e-05,29.09326613434682,142.1269989013672,141.98060373972595,-4.445096072366653,2.956429617745536,0.022012387535346394,0.23214913923046807,40,40
ABBV,2023-06-06,137.47000122070312,137.5399932861328,134.6300048828125,135.42999267578125,133.94505310058594,4359900,False,-0.0105037268897973,31.63552044926419,141.5259986877441,141.35673601935028,-4.420565171003119,2.899285452706473,0.022225207890831624,0.23447144318559057,40,40
ABBV,2023-06-07,134.89999389648438,137.05999755859375,134.25999450683594,136.5,135.0033416748047,4645200,False,0.0078698669101308,34.71663323487638,141.0094985961914,140.89418973179312,-4.265612283148101,2.88499995640346,0.021814206554790008,0.22998658070110745,40,40
ABBV,2023-06-08,137.0,137.88999938964844,136.0,137.63999938964844,136.13082885742188,4714200,False,0.0083168689468357,37.63853070781639,140.57049865722655,140.58426684206506,-4.004659359493161,2.907142639160156,0.013167141382327148,0.1356294709010252,44,48
ABBV,2023-06-09,137.55999755859375,139.19000244140625,137.0800018310547,138.17999267578125,136.66490173339844,4359500,False,0.0039155565753779,34.48274212648599,140.1499984741211,140.35528835003802,-3.711495531986628,2.889285496303013,0.0077237167802055645,0.07623061098419126,46,48
ABBV,2023-06-12,139.5800018310547,139.6699981689453,136.91000366210938,137.72999572753906,136.2198486328125,4888500,True,-0.0032618421849374,34.116081768749154,139.67899856567382,140.10526048122858,-3.475409719617801,2.880713326590402,0.008052542734902277,0.07981877252728248,46,48
ABBV,2023-06-13,137.50999450683594,138.47000122070312,137.1999969482422,138.30999755859375,136.79348754882812,4229100,False,0.0042022838019915,39.865176100494935,139.26499862670897,139.93428306002528,-3.204568441699194,2.7885709490094865,0.004641556040116595,0.042597953709879885,48,48
ABBV,2023-06-14,138.80999755859375,139.27000427246094,136.0800018310547,136.22999572753906,134.73629760742188,6128300,False,-0.0151528813139582,38.54748801779908,138.9119987487793,139.5814937902647,-3.1217776327963804,2.873571123395647,0.0092415693588028,0.09279347706216777,46,48
ABBV,2023-06-15,136.75,136.83999633789062,135.4600067138672,135.88999938964844,134.4000244140625,6614900,False,-0.0024989073628029,42.92380332371188,138.53899841308595,139.2299228949679,-3.04845944043592,2.765713282993861,0.007853952606584587,0.07765174936171662,46,48
ABBV,2023-06-16,136.6999969482422,138.9199981689453,136.49000549316406,138.63999938964844,137.119873046875,14615000,False,0.0200349192535788,52.573884773572765,138.29899826049805,139.1737397039851,-2.7369029143365537,2.785713195800781,0.012877712498601398,0.13247121172102097,44,48
ABBV,2023-06-20,137.10000610351562,138.9499969482422,136.66000366210938,137.82000732421875,136.30886840820312,4868800,True,-0.0059321270517107,53.33657004731112,137.93449859619142,139.04481281067402,-2.5270286166082485,2.7842843191964284,0.013134080699310147,0.13526871144850772,44,48
ABBV,2023-06-21,136.75,137.42999267578125,134.67999267578125,136.86000061035156,135.35939025878906,5828400,False,-0.0069900106847081,47.26638575926904,137.53249893188476,138.83673545826235,-2.410380872011558,2.7985709054129466,0.013220141697123971,0.13620781238718038,44,48
ABBV,2023-06-22,137.14999389648438,137.89999389648438,135.88999938964844,137.41000366210938,135.9033660888672,4826900,False,0.004010698457748,62.29103009620128,137.2769989013672,138.7008562395811,-2.2476465737171054,2.452141898018973,0.011100697723633772,0.1130803577267713,45,48
ABBV,2023-06-23,137.3000030517578,138.69000244140625,135.6699981689453,135.9199981689453,134.4296875,7394900,False,-0.0109027968826508,46.657295920504005,137.01549911499023,138.43601261380627,-2.2133948229557063,2.4157137189592635,0.012453867993572062,0.12784620407951805,44,48
ABBV,2023-06-26,136.14999389648438,136.14999389648438,133.69000244140625,134.9499969482422,133.47032165527344,6468100,True,-0.0071621494060264,43.70467379212257,136.83199920654295,138.10401112184778,-2.2387145478231787,2.447141374860491,0.005584764345339328,0.05289027923827675,47,48
ABBV,2023-06-27,134.8800048828125,134.8800048828125,132.52000427246094,132.60000610351562,131.14610290527344,7839900,False,-0.0175671523462622,41.20575756253829,136.58399963378906,137.57982016772092,-2.420503179730872,2.412855965750558,0.007835016708300682,0.07744512010683051,46,48
ABBV,2023-06-28,132.60000610351562,133.1699981689453,130.9600067138672,132.50999450683594,131.0570831298828,6911900,False,-0.0006790137080864,36.7968056519118,136.38749923706055,137.09697962858905,-2.54252650099221,2.370712280273437,0.008465453618059579,0.0843244720637907,46,48
ABBV,2023-06-29,132.3699951171875,133.91000366210938,132.1300048828125,133.22999572753906,131.76918029785156,4947600,False,0.0054187804607806,34.98977900208159,136.1509986877441,136.7286954475367,-2.551718162425857,2.3628550938197543,0.008912480196453737,0.08920244338698809,46,48
ABBV,2023-06-30,133.47000122070312,135.92999267578125,132.8000030517578,134.72999572753906,133.2527313232422,8710500,False,0.011195802737333,38.97765198086265,136.2154983520508,136.53834309325117,-2.410182077652508,2.435711451939174,0.011175928602158105,0.11390127998463549,45,48
ABBV,2023-07-03,134.0,135.42999267578125,133.14999389648438,135.00999450683594,133.5296630859375,2674600,True,0.0020760879875638,41.21447257658468,136.1224983215332,136.39278608502116,-2.2494894353630457,2.401426042829241,0.010817182005468393,0.1099866232381991,45,48
ABBV,2023-07-05,135.17999267578125,137.8800048828125,134.63999938964844,137.6199951171875,136.11105346679688,6903300,True,0.0191474735744276,48.02969144323141,136.160498046875,136.50966313570368,-1.889750257411805,2.542140415736607,0.007904839051784539,0.07820702422102477,46,48
ABBV,2023-07-06,137.47999572753906,138.27999877929688,136.44000244140625,137.25,135.7451171875,6091000,False,-0.002692133118986,53.22786099825296,136.25149841308593,136.5801714084938,-1.6158829876539755,2.445711408342634,0.008453464084411309,0.08419364180863034,46,48
ABBV,2023-07-07,137.14999389648438,137.64999389648438,135.35000610351562,135.5,134.01429748535156,6872700,False,-0.0128324971032857,48.8669400421146,136.20149841308594,136.4772979410182,-1.522501132571307,2.511425563267299,0.012360380650268172,0.12682606657146098,44,48
ABBV,2023-07-10,135.41000366210938,136.08999633789062,134.05999755859375,134.49000549316406,133.015380859375,5153300,True,-0.007481724816467,36.58696325462942,136.04399871826172,136.28803199360354,-1.5125576326094574,2.439996991838728,0.012229032913162829,0.1253927949810595,44,48
ABBV,2023-07-11,134.0,135.75999450683594,133.67999267578125,135.57000732421875,134.0835418701172,5144800,False,0.0079982853860846,42.84806602501547,135.9134994506836,136.21964869175736,-1.401376024947126,2.4249976021902904,0.012797149578135112,0.13159210601513815,44,48
ABBV,2023-07-12,135.82000732421875,136.60000610351562,134.7899932861328,134.97999572753906,133.5,4944100,False,-0.0043615746403124,43.88019876141676,135.7759994506836,136.10158650468895,-1.3453642827821568,2.3299974714006697,0.0076788027601732345,0.07574050745944282,46,48
ABBV,2023-07-13,132.92999267578125,134.10000610351562,132.6999969482422,133.58999633789062,133.58999633789062,4631800,False,0.0006739027483658,38.20986282170589,135.53999938964844,135.86238744118435,-1.3970317947014337,2.3492834908621654,0.007951039853088695,0.07871116915280935,46,48
ABBV,2023-07-14,134.72999572753906,136.6199951171875,134.1199951171875,136.00999450683594,136.00999450683594,5543400,False,0.0179529914680484,50.262686258720585,135.52899932861328,135.8764452569607,-1.228543161848222,2.3499973842075894,0.010222956521075497,0.10350241175620123,45,48
ABBV,2023-07-17,135.82000732421875,136.22999572753906,134.55999755859375,134.8300018310547,134.8300018310547,4033000,True,-0.0087136328302662,49.65399324530048,135.4759994506836,135.77678397830297,-1.1766663762067535,2.29356929234096,0.01054712043844047,0.10703970096750941,45,48
ABBV,2023-07-18,134.8000030517578,137.89999389648438,134.7100067138672,136.5800018310547,136.5800018310547,5392800,False,0.0128957977129532,61.88767748363144,135.3729995727539,135.85328091666028,-0.9830117278984288,2.3478546142578125,0.011357315264750527,0.11588057826643958,45,48
ABBV,2023-07-19,137.24000549316406,138.05999755859375,136.9499969482422,137.67999267578125,137.67999267578125,4784200,False,0.0080215617664715,64.56338764320708,135.36599884033205,136.027253465148,-0.7323370303236914,2.2957120622907365,0.010478943886458167,0.10629575579387161,45,48
ABBV,2023-07-20,138.83999633789062,142.72000122070312,138.5500030517578,142.19000244140625,142.19000244140625,7009800,False,0.0322321098724333,70.79853645923727,135.63249893188475,136.61418193907735,-0.167820895304203,2.528569902692522,0.01491073511621466,0.15465563320162698,43,40
ABBV,2023-07-21,142.1999969482422,144.17999267578125,141.94000244140625,143.74000549316406,143.74000549316406,5654300,False,0.0108419416779588,70.86616788769982,135.9489990234375,137.29283180137134,0.4000232817921016,2.464998517717634,0.014593701574382608,0.15119615092407687,43,40
ABBV,2023-07-24,143.10000610351562,144.42999267578125,142.83999633789062,143.17999267578125,143.17999267578125,4468700,True,-0.0039036214421552,68.67854205025839,136.3119987487793,137.8535137894104,0.7956833863151758,2.415712629045759,0.013040642496259858,0.13424911016079966,44,48
ABBV,2023-07-25,142.39999389648438,142.92999267578125,141.32000732421875,141.6300048828125,141.6300048828125,4778200,False,-0.0108844711119748,59.63481556000716,136.6459991455078,138.21317960782963,0.972960129891959,2.3171397617885043,0.016514121368649857,0.1721518460386443,43,40
ABBV,2023-07-26,141.42999267578125,142.27999877929688,140.52000427246094,141.89999389648438,141.89999389648438,5006800,False,0.0019044834510614,61.22645054337815,137.11099853515626,138.5643047781777,1.1223018858659373,2.311425345284598,0.01666959111758801,0.17384833795567822,43,40
ABBV,2023-07-27,144.47999572753906,151.3699951171875,144.47999572753906,148.85000610351562,148.85000610351562,13664400,False,0.0478165873130552,75.76226209307448,137.92799911499023,139.54389538059084,1.7809346982484158,2.8235691615513394,0.02303389943340121,0.24329591659416822,40,40
ABBV,2023-07-28,149.9199981689453,151.75999450683594,148.55999755859375,150.85000610351562,150.85000610351562,8000300,False,0.013346877599639,80.40891271805455,138.80899963378906,140.6206678303932,2.436206164380025,2.907140459333147,0.02310688911068279,0.24409238277733786,40,40
ABBV,2023-07-31,150.42999267578125,150.5,147.6199951171875,149.5800018310547,149.5800018310547,9109200,True,-0.008454627061067,75.85822906874112,139.55149993896484,141.4739377352181,2.820521574350863,2.989283970424107,0.02385216019289923,0.252224809668194,39,40
ABBV,2023-08-01,150.0,150.8699951171875,147.83999633789062,148.5399932861328,148.5399932861328,4409600,False,-0.0069771419627309,74.6187243124405,140.22799987792968,142.1468954067338,3.0065170506664174,3.0764258248465404,0.023100391411349765,0.24402147963075735,40,40
ABBV,2023-08-02,148.11000061035156,150.57000732421875,148.11000061035156,149.3800048828125,149.3800048828125,5756400,False,0.0056391905740132,79.25156799625512,140.81600036621094,142.83576297588414,3.1849871717238045,3.0892835344587053,0.022851330747735543,0.24130372003084502,40,40
ABBV,2023-08-03,148.9600067138672,149.30999755859375,148.17999267578125,148.93380737304688,148.93380737304688,1601362,False,-0.0029914661955366,75.83086657033431,141.4001907348633,143.41652910894726,3.252923936198016,2.9585702078683034,0.009205791037599055,0.09240306263658495,46,48
